classifier_id,evaluation_id,aggregation_level,sample_id,participant_id,file_id,repeat,fold,split_seed,training_seed,true_label,predicted_label,prediction_correct,class_order,probabilities,predicted_confidence,true_class_probability,decision_threshold,threshold_source,probability_class_0,probability_class_1,probability_class_2
b16_lr3e-4,participant_outer_oof,participant,None,AMI33_01,participant::AMI33_01,0,0,42,42,0,1,False,"[0, 1, 2]","[0.29584545377211624, 0.5435372890235912, 0.16061725720429249]",0.5435372890235912,0.29584545377211624,,none_multiclass_argmax,0.29584545377211624,0.5435372890235912,0.16061725720429249
b16_lr3e-4,participant_outer_oof,participant,None,EE_02,participant::EE_02,0,0,42,42,2,0,False,"[0, 1, 2]","[0.862637583556085, 0.12493084707313395, 0.012431569370781029]",0.862637583556085,0.012431569370781029,,none_multiclass_argmax,0.862637583556085,0.12493084707313395,0.012431569370781029
b16_lr3e-4,participant_outer_oof,participant,None,FNA75_03,participant::FNA75_03,0,0,42,42,1,0,False,"[0, 1, 2]","[0.7468910975339199, 0.23347694332424518, 0.01963195914183491]",0.7468910975339199,0.23347694332424518,,none_multiclass_argmax,0.7468910975339199,0.23347694332424518,0.01963195914183491
b16_lr3e-4,participant_outer_oof,participant,None,IGB00_03,participant::IGB00_03,0,0,42,42,2,1,False,"[0, 1, 2]","[0.2894878613791343, 0.41721642488363697, 0.2932957137372288]",0.41721642488363697,0.2932957137372288,,none_multiclass_argmax,0.2894878613791343,0.41721642488363697,0.2932957137372288
b16_lr3e-4,participant_outer_oof,participant,None,MHT21_03,participant::MHT21_03,0,0,42,42,1,1,True,"[0, 1, 2]","[0.11044388220149039, 0.8192567799547257, 0.07029933784378398]",0.8192567799547257,0.8192567799547257,,none_multiclass_argmax,0.11044388220149039,0.8192567799547257,0.07029933784378398
b16_lr3e-4,participant_outer_oof,participant,None,TSR08_01,participant::TSR08_01,0,0,42,42,0,0,True,"[0, 1, 2]","[0.7705511976700523, 0.21840116648809815, 0.011047635841849625]",0.7705511976700523,0.7705511976700523,,none_multiclass_argmax,0.7705511976700523,0.21840116648809815,0.011047635841849625
b16_lr3e-4,participant_outer_oof,participant,None,AKO19_01,participant::AKO19_01,0,1,42,42,2,2,True,"[0, 1, 2]","[0.00022112609190730502, 0.04260350091158657, 0.9571753729965062]",0.9571753729965062,0.9571753729965062,,none_multiclass_argmax,0.00022112609190730502,0.04260350091158657,0.9571753729965062
b16_lr3e-4,participant_outer_oof,participant,None,GDO22_03,participant::GDO22_03,0,1,42,42,0,1,False,"[0, 1, 2]","[0.3463063059018575, 0.48634142065356867, 0.16735227344457387]",0.48634142065356867,0.3463063059018575,,none_multiclass_argmax,0.3463063059018575,0.48634142065356867,0.16735227344457387
b16_lr3e-4,participant_outer_oof,participant,None,INE13_04,participant::INE13_04,0,1,42,42,0,1,False,"[0, 1, 2]","[0.4264678531383512, 0.4840075061087338, 0.08952464075291504]",0.4840075061087338,0.4264678531383512,,none_multiclass_argmax,0.4264678531383512,0.4840075061087338,0.08952464075291504
b16_lr3e-4,participant_outer_oof,participant,None,KMO19_01,participant::KMO19_01,0,1,42,42,1,0,False,"[0, 1, 2]","[0.7533674448363933, 0.061805903981687796, 0.1848266511819189]",0.7533674448363933,0.061805903981687796,,none_multiclass_argmax,0.7533674448363933,0.061805903981687796,0.1848266511819189
b16_lr3e-4,participant_outer_oof,participant,None,MKU07_04,participant::MKU07_04,0,1,42,42,1,1,True,"[0, 1, 2]","[0.00020602575231343763, 0.9832188525807879, 0.01657512166689875]",0.9832188525807879,0.9832188525807879,,none_multiclass_argmax,0.00020602575231343763,0.9832188525807879,0.01657512166689875
b16_lr3e-4,participant_outer_oof,participant,None,UTI13_04,participant::UTI13_04,0,1,42,42,1,1,True,"[0, 1, 2]","[0.33260447847644, 0.5429814237948036, 0.12441409772875639]",0.5429814237948036,0.5429814237948036,,none_multiclass_argmax,0.33260447847644,0.5429814237948036,0.12441409772875639
b16_lr3e-4,participant_outer_oof,participant,None,AB_01,participant::AB_01,0,2,42,42,2,2,True,"[0, 1, 2]","[0.008629528676280343, 0.3396607603291927, 0.651709710994527]",0.651709710994527,0.651709710994527,,none_multiclass_argmax,0.008629528676280343,0.3396607603291927,0.651709710994527
b16_lr3e-4,participant_outer_oof,participant,None,GME22_02,participant::GME22_02,0,2,42,42,0,1,False,"[0, 1, 2]","[0.2687930932449385, 0.6270189818421631, 0.10418792491289847]",0.6270189818421631,0.2687930932449385,,none_multiclass_argmax,0.2687930932449385,0.6270189818421631,0.10418792491289847
b16_lr3e-4,participant_outer_oof,participant,None,GRU27_01,participant::GRU27_01,0,2,42,42,1,2,False,"[0, 1, 2]","[0.12642151813860958, 0.20419584366508536, 0.6693826381963051]",0.6693826381963051,0.20419584366508536,,none_multiclass_argmax,0.12642151813860958,0.20419584366508536,0.6693826381963051
b16_lr3e-4,participant_outer_oof,participant,None,HZA20_02,participant::HZA20_02,0,2,42,42,0,1,False,"[0, 1, 2]","[0.47116958824137056, 0.516892307651593, 0.011938104107036527]",0.516892307651593,0.47116958824137056,,none_multiclass_argmax,0.47116958824137056,0.516892307651593,0.011938104107036527
b16_lr3e-4,participant_outer_oof,participant,None,MSE28_01,participant::MSE28_01,0,2,42,42,1,1,True,"[0, 1, 2]","[0.10182896712827105, 0.8841109542662366, 0.014060078605492287]",0.8841109542662366,0.8841109542662366,,none_multiclass_argmax,0.10182896712827105,0.8841109542662366,0.014060078605492287
b16_lr3e-4,participant_outer_oof,participant,None,SJI29_02,participant::SJI29_02,0,2,42,42,2,2,True,"[0, 1, 2]","[0.0006222907044533262, 0.1325820834077199, 0.8667956258878268]",0.8667956258878268,0.8667956258878268,,none_multiclass_argmax,0.0006222907044533262,0.1325820834077199,0.8667956258878268
b16_lr3e-4,participant_outer_oof,participant,None,AKE28_03,participant::AKE28_03,0,3,42,42,1,1,True,"[0, 1, 2]","[0.11904601228844953, 0.747026236766902, 0.13392775094464834]",0.747026236766902,0.747026236766902,,none_multiclass_argmax,0.11904601228844953,0.747026236766902,0.13392775094464834
b16_lr3e-4,participant_outer_oof,participant,None,BRA36_02,participant::BRA36_02,0,3,42,42,0,0,True,"[0, 1, 2]","[0.9209355317249206, 0.0785331396755462, 0.0005313285995331697]",0.9209355317249206,0.9209355317249206,,none_multiclass_argmax,0.9209355317249206,0.0785331396755462,0.0005313285995331697
b16_lr3e-4,participant_outer_oof,participant,None,ERL70_04,participant::ERL70_04,0,3,42,42,2,2,True,"[0, 1, 2]","[0.027835188508228265, 0.004330186792206943, 0.9678346246995648]",0.9678346246995648,0.9678346246995648,,none_multiclass_argmax,0.027835188508228265,0.004330186792206943,0.9678346246995648
b16_lr3e-4,participant_outer_oof,participant,None,MIA82_04,participant::MIA82_04,0,3,42,42,0,0,True,"[0, 1, 2]","[0.743551335968017, 0.25604325850321236, 0.0004054055287705797]",0.743551335968017,0.743551335968017,,none_multiclass_argmax,0.743551335968017,0.25604325850321236,0.0004054055287705797
b16_lr3e-4,participant_outer_oof,participant,None,MOA19_03,participant::MOA19_03,0,3,42,42,2,2,True,"[0, 1, 2]","[0.19132837004900038, 0.004045196669373848, 0.8046264332816258]",0.8046264332816258,0.8046264332816258,,none_multiclass_argmax,0.19132837004900038,0.004045196669373848,0.8046264332816258
b16_lr3e-4,participant_outer_oof,participant,None,STE072_01,participant::STE072_01,0,3,42,42,1,2,False,"[0, 1, 2]","[0.1872803153547389, 0.23343687933067309, 0.5792828053145881]",0.5792828053145881,0.23343687933067309,,none_multiclass_argmax,0.1872803153547389,0.23343687933067309,0.5792828053145881
b16_lr3e-4,participant_outer_oof,participant,None,ATA20_01,participant::ATA20_01,0,4,42,42,0,0,True,"[0, 1, 2]","[0.9133436152966957, 0.08638891743815497, 0.0002674672651493634]",0.9133436152966957,0.9133436152966957,,none_multiclass_argmax,0.9133436152966957,0.08638891743815497,0.0002674672651493634
b16_lr3e-4,participant_outer_oof,participant,None,ERO01_02,participant::ERO01_02,0,4,42,42,1,0,False,"[0, 1, 2]","[0.937149923817017, 0.06257453701250403, 0.00027553917047899365]",0.937149923817017,0.06257453701250403,,none_multiclass_argmax,0.937149923817017,0.06257453701250403,0.00027553917047899365
b16_lr3e-4,participant_outer_oof,participant,None,HEA19_04,participant::HEA19_04,0,4,42,42,1,0,False,"[0, 1, 2]","[0.37366025209447595, 0.30347816112735765, 0.32286158677816645]",0.37366025209447595,0.30347816112735765,,none_multiclass_argmax,0.37366025209447595,0.30347816112735765,0.32286158677816645
b16_lr3e-4,participant_outer_oof,participant,None,MIE14_02,participant::MIE14_02,0,4,42,42,1,0,False,"[0, 1, 2]","[0.920530947007401, 0.006923287001218294, 0.07254576599138073]",0.920530947007401,0.006923287001218294,,none_multiclass_argmax,0.920530947007401,0.006923287001218294,0.07254576599138073
b16_lr3e-4,participant_outer_oof,participant,None,SDI19_04,participant::SDI19_04,0,4,42,42,2,1,False,"[0, 1, 2]","[0.006923072643625981, 0.9034318567000796, 0.08964507065629433]",0.9034318567000796,0.08964507065629433,,none_multiclass_argmax,0.006923072643625981,0.9034318567000796,0.08964507065629433
b16_lr3e-4,participant_outer_oof,participant,None,AKE28_03,participant::AKE28_03,1,0,10042,10042,1,0,False,"[0, 1, 2]","[0.5149385753290531, 0.3841053612189852, 0.10095606345196174]",0.5149385753290531,0.3841053612189852,,none_multiclass_argmax,0.5149385753290531,0.3841053612189852,0.10095606345196174
b16_lr3e-4,participant_outer_oof,participant,None,AMI33_01,participant::AMI33_01,1,0,10042,10042,0,0,True,"[0, 1, 2]","[0.4403770318534251, 0.43735294914678763, 0.12227001899978732]",0.4403770318534251,0.4403770318534251,,none_multiclass_argmax,0.4403770318534251,0.43735294914678763,0.12227001899978732
b16_lr3e-4,participant_outer_oof,participant,None,EE_02,participant::EE_02,1,0,10042,10042,2,0,False,"[0, 1, 2]","[0.778613024630163, 0.21172326717963907, 0.009663708190198003]",0.778613024630163,0.009663708190198003,,none_multiclass_argmax,0.778613024630163,0.21172326717963907,0.009663708190198003
b16_lr3e-4,participant_outer_oof,participant,None,GDO22_03,participant::GDO22_03,1,0,10042,10042,0,0,True,"[0, 1, 2]","[0.8395224812305861, 0.1553475928359824, 0.005129925933431487]",0.8395224812305861,0.8395224812305861,,none_multiclass_argmax,0.8395224812305861,0.1553475928359824,0.005129925933431487
b16_lr3e-4,participant_outer_oof,participant,None,MHT21_03,participant::MHT21_03,1,0,10042,10042,1,1,True,"[0, 1, 2]","[0.21966318203445814, 0.7106659771394482, 0.06967084082609362]",0.7106659771394482,0.7106659771394482,,none_multiclass_argmax,0.21966318203445814,0.7106659771394482,0.06967084082609362
b16_lr3e-4,participant_outer_oof,participant,None,MKU07_04,participant::MKU07_04,1,0,10042,10042,1,1,True,"[0, 1, 2]","[0.43303657075785673, 0.5627795996006588, 0.004183829641484541]",0.5627795996006588,0.5627795996006588,,none_multiclass_argmax,0.43303657075785673,0.5627795996006588,0.004183829641484541
b16_lr3e-4,participant_outer_oof,participant,None,MOA19_03,participant::MOA19_03,1,0,10042,10042,2,2,True,"[0, 1, 2]","[0.4367609192242039, 0.0033677075924021284, 0.5598713731833941]",0.5598713731833941,0.5598713731833941,,none_multiclass_argmax,0.4367609192242039,0.0033677075924021284,0.5598713731833941
b16_lr3e-4,participant_outer_oof,participant,None,AKO19_01,participant::AKO19_01,1,1,10042,10042,2,2,True,"[0, 1, 2]","[0.0005689840336489212, 0.009760634685917032, 0.989670381280434]",0.989670381280434,0.989670381280434,,none_multiclass_argmax,0.0005689840336489212,0.009760634685917032,0.989670381280434
b16_lr3e-4,participant_outer_oof,participant,None,HZA20_02,participant::HZA20_02,1,1,10042,10042,0,0,True,"[0, 1, 2]","[0.6431625931660593, 0.3102719079496425, 0.046565498884298215]",0.6431625931660593,0.6431625931660593,,none_multiclass_argmax,0.6431625931660593,0.3102719079496425,0.046565498884298215
b16_lr3e-4,participant_outer_oof,participant,None,KMO19_01,participant::KMO19_01,1,1,10042,10042,1,0,False,"[0, 1, 2]","[0.7285444137610979, 0.08332864116246817, 0.1881269450764339]",0.7285444137610979,0.08332864116246817,,none_multiclass_argmax,0.7285444137610979,0.08332864116246817,0.1881269450764339
b16_lr3e-4,participant_outer_oof,participant,None,MSE28_01,participant::MSE28_01,1,1,10042,10042,1,1,True,"[0, 1, 2]","[0.030986608268673735, 0.9627295095222428, 0.006283882209083498]",0.9627295095222428,0.9627295095222428,,none_multiclass_argmax,0.030986608268673735,0.9627295095222428,0.006283882209083498
b16_lr3e-4,participant_outer_oof,participant,None,SDI19_04,participant::SDI19_04,1,1,10042,10042,2,1,False,"[0, 1, 2]","[0.004854419829721817, 0.6261724939787894, 0.36897308619148883]",0.6261724939787894,0.36897308619148883,,none_multiclass_argmax,0.004854419829721817,0.6261724939787894,0.36897308619148883
b16_lr3e-4,participant_outer_oof,participant,None,STE072_01,participant::STE072_01,1,1,10042,10042,1,2,False,"[0, 1, 2]","[0.12756566158545557, 0.33666937574904504, 0.5357649626654994]",0.5357649626654994,0.33666937574904504,,none_multiclass_argmax,0.12756566158545557,0.33666937574904504,0.5357649626654994
b16_lr3e-4,participant_outer_oof,participant,None,ERL70_04,participant::ERL70_04,1,2,10042,10042,2,2,True,"[0, 1, 2]","[0.06323238275316719, 0.11487493313110725, 0.8218926841157256]",0.8218926841157256,0.8218926841157256,,none_multiclass_argmax,0.06323238275316719,0.11487493313110725,0.8218926841157256
b16_lr3e-4,participant_outer_oof,participant,None,GRU27_01,participant::GRU27_01,1,2,10042,10042,1,2,False,"[0, 1, 2]","[0.0014677378509887313, 0.3237983117178372, 0.674733950431174]",0.674733950431174,0.3237983117178372,,none_multiclass_argmax,0.0014677378509887313,0.3237983117178372,0.674733950431174
b16_lr3e-4,participant_outer_oof,participant,None,IGB00_03,participant::IGB00_03,1,2,10042,10042,2,1,False,"[0, 1, 2]","[0.09008583979926946, 0.8914173732690875, 0.018496786931643097]",0.8914173732690875,0.018496786931643097,,none_multiclass_argmax,0.09008583979926946,0.8914173732690875,0.018496786931643097
b16_lr3e-4,participant_outer_oof,participant,None,INE13_04,participant::INE13_04,1,2,10042,10042,0,0,True,"[0, 1, 2]","[0.5095100186194554, 0.49040167873397433, 8.830264657024733e-05]",0.5095100186194554,0.5095100186194554,,none_multiclass_argmax,0.5095100186194554,0.49040167873397433,8.830264657024733e-05
b16_lr3e-4,participant_outer_oof,participant,None,MIA82_04,participant::MIA82_04,1,2,10042,10042,0,0,True,"[0, 1, 2]","[0.7747998603117292, 0.21985425516415003, 0.005345884524120759]",0.7747998603117292,0.7747998603117292,,none_multiclass_argmax,0.7747998603117292,0.21985425516415003,0.005345884524120759
b16_lr3e-4,participant_outer_oof,participant,None,MIE14_02,participant::MIE14_02,1,2,10042,10042,1,1,True,"[0, 1, 2]","[0.27897087813236293, 0.7005108783988904, 0.020518243468746714]",0.7005108783988904,0.7005108783988904,,none_multiclass_argmax,0.27897087813236293,0.7005108783988904,0.020518243468746714
b16_lr3e-4,participant_outer_oof,participant,None,GME22_02,participant::GME22_02,1,3,10042,10042,0,1,False,"[0, 1, 2]","[0.130230134378929, 0.6193701284228232, 0.25039973719824776]",0.6193701284228232,0.130230134378929,,none_multiclass_argmax,0.130230134378929,0.6193701284228232,0.25039973719824776
b16_lr3e-4,participant_outer_oof,participant,None,HEA19_04,participant::HEA19_04,1,3,10042,10042,1,1,True,"[0, 1, 2]","[0.03300863980610089, 0.7567790375399508, 0.21021232265394835]",0.7567790375399508,0.7567790375399508,,none_multiclass_argmax,0.03300863980610089,0.7567790375399508,0.21021232265394835
b16_lr3e-4,participant_outer_oof,participant,None,SJI29_02,participant::SJI29_02,1,3,10042,10042,2,1,False,"[0, 1, 2]","[3.280025537551472e-05, 0.5346051624873943, 0.46536203725723013]",0.5346051624873943,0.46536203725723013,,none_multiclass_argmax,3.280025537551472e-05,0.5346051624873943,0.46536203725723013
b16_lr3e-4,participant_outer_oof,participant,None,TSR08_01,participant::TSR08_01,1,3,10042,10042,0,1,False,"[0, 1, 2]","[0.33340246278564806, 0.6603028353361929, 0.006294701878159086]",0.6603028353361929,0.33340246278564806,,none_multiclass_argmax,0.33340246278564806,0.6603028353361929,0.006294701878159086
b16_lr3e-4,participant_outer_oof,participant,None,UTI13_04,participant::UTI13_04,1,3,10042,10042,1,1,True,"[0, 1, 2]","[0.18571893192557692, 0.8010981254285188, 0.01318294264590417]",0.8010981254285188,0.8010981254285188,,none_multiclass_argmax,0.18571893192557692,0.8010981254285188,0.01318294264590417
b16_lr3e-4,participant_outer_oof,participant,None,AB_01,participant::AB_01,1,4,10042,10042,2,2,True,"[0, 1, 2]","[0.04811245912983984, 0.35006603216776133, 0.6018215087023988]",0.6018215087023988,0.6018215087023988,,none_multiclass_argmax,0.04811245912983984,0.35006603216776133,0.6018215087023988
b16_lr3e-4,participant_outer_oof,participant,None,ATA20_01,participant::ATA20_01,1,4,10042,10042,0,0,True,"[0, 1, 2]","[0.7498556694319969, 0.24368978044267953, 0.0064545501253235535]",0.7498556694319969,0.7498556694319969,,none_multiclass_argmax,0.7498556694319969,0.24368978044267953,0.0064545501253235535
b16_lr3e-4,participant_outer_oof,participant,None,BRA36_02,participant::BRA36_02,1,4,10042,10042,0,0,True,"[0, 1, 2]","[0.9954374975458037, 0.0032997330122138385, 0.0012627694419824983]",0.9954374975458037,0.9954374975458037,,none_multiclass_argmax,0.9954374975458037,0.0032997330122138385,0.0012627694419824983
b16_lr3e-4,participant_outer_oof,participant,None,ERO01_02,participant::ERO01_02,1,4,10042,10042,1,0,False,"[0, 1, 2]","[0.9115759984658062, 0.04944827664379248, 0.03897572489040138]",0.9115759984658062,0.04944827664379248,,none_multiclass_argmax,0.9115759984658062,0.04944827664379248,0.03897572489040138
b16_lr3e-4,participant_outer_oof,participant,None,FNA75_03,participant::FNA75_03,1,4,10042,10042,1,0,False,"[0, 1, 2]","[0.4718640098512186, 0.3047359392131996, 0.22340005093558182]",0.4718640098512186,0.3047359392131996,,none_multiclass_argmax,0.4718640098512186,0.3047359392131996,0.22340005093558182
b16_lr3e-4,participant_outer_oof,participant,None,AKO19_01,participant::AKO19_01,2,0,20042,20042,2,2,True,"[0, 1, 2]","[0.0003542332948296198, 0.033244527509961985, 0.9664012391952084]",0.9664012391952084,0.9664012391952084,,none_multiclass_argmax,0.0003542332948296198,0.033244527509961985,0.9664012391952084
b16_lr3e-4,participant_outer_oof,participant,None,AMI33_01,participant::AMI33_01,2,0,20042,20042,0,2,False,"[0, 1, 2]","[0.10794710801619992, 0.18063709738277614, 0.711415794601024]",0.711415794601024,0.10794710801619992,,none_multiclass_argmax,0.10794710801619992,0.18063709738277614,0.711415794601024
b16_lr3e-4,participant_outer_oof,participant,None,GRU27_01,participant::GRU27_01,2,0,20042,20042,1,2,False,"[0, 1, 2]","[0.004278578127202589, 0.04287999155802545, 0.952841430314772]",0.952841430314772,0.04287999155802545,,none_multiclass_argmax,0.004278578127202589,0.04287999155802545,0.952841430314772
b16_lr3e-4,participant_outer_oof,participant,None,HEA19_04,participant::HEA19_04,2,0,20042,20042,1,2,False,"[0, 1, 2]","[0.05308374021307091, 0.2245299164115054, 0.7223863433754236]",0.7223863433754236,0.2245299164115054,,none_multiclass_argmax,0.05308374021307091,0.2245299164115054,0.7223863433754236
b16_lr3e-4,participant_outer_oof,participant,None,HZA20_02,participant::HZA20_02,2,0,20042,20042,0,0,True,"[0, 1, 2]","[0.6527445182702611, 0.2400175089693942, 0.10723797276034473]",0.6527445182702611,0.6527445182702611,,none_multiclass_argmax,0.6527445182702611,0.2400175089693942,0.10723797276034473
b16_lr3e-4,participant_outer_oof,participant,None,MSE28_01,participant::MSE28_01,2,0,20042,20042,1,1,True,"[0, 1, 2]","[0.0967082567424837, 0.7971021904967439, 0.10618955276077237]",0.7971021904967439,0.7971021904967439,,none_multiclass_argmax,0.0967082567424837,0.7971021904967439,0.10618955276077237
b16_lr3e-4,participant_outer_oof,participant,None,AB_01,participant::AB_01,2,1,20042,20042,2,2,True,"[0, 1, 2]","[0.10238389695562981, 0.32772943258052795, 0.5698866704638422]",0.5698866704638422,0.5698866704638422,,none_multiclass_argmax,0.10238389695562981,0.32772943258052795,0.5698866704638422
b16_lr3e-4,participant_outer_oof,participant,None,AKE28_03,participant::AKE28_03,2,1,20042,20042,1,0,False,"[0, 1, 2]","[0.4751277796282278, 0.2128177053783442, 0.312054514993428]",0.4751277796282278,0.2128177053783442,,none_multiclass_argmax,0.4751277796282278,0.2128177053783442,0.312054514993428
b16_lr3e-4,participant_outer_oof,participant,None,ERL70_04,participant::ERL70_04,2,1,20042,20042,2,2,True,"[0, 1, 2]","[0.05429379055902067, 0.011717195963694176, 0.9339890134772851]",0.9339890134772851,0.9339890134772851,,none_multiclass_argmax,0.05429379055902067,0.011717195963694176,0.9339890134772851
b16_lr3e-4,participant_outer_oof,participant,None,FNA75_03,participant::FNA75_03,2,1,20042,20042,1,2,False,"[0, 1, 2]","[0.3677451800871488, 0.08127770808692329, 0.550977111825928]",0.550977111825928,0.08127770808692329,,none_multiclass_argmax,0.3677451800871488,0.08127770808692329,0.550977111825928
b16_lr3e-4,participant_outer_oof,participant,None,GME22_02,participant::GME22_02,2,1,20042,20042,0,0,True,"[0, 1, 2]","[0.49503045427624526, 0.05327370543080248, 0.4516958402929523]",0.49503045427624526,0.49503045427624526,,none_multiclass_argmax,0.49503045427624526,0.05327370543080248,0.4516958402929523
b16_lr3e-4,participant_outer_oof,participant,None,MIA82_04,participant::MIA82_04,2,1,20042,20042,0,0,True,"[0, 1, 2]","[0.978566334924143, 0.014338894083795031, 0.007094770992061941]",0.978566334924143,0.978566334924143,,none_multiclass_argmax,0.978566334924143,0.014338894083795031,0.007094770992061941
b16_lr3e-4,participant_outer_oof,participant,None,ATA20_01,participant::ATA20_01,2,2,20042,20042,0,0,True,"[0, 1, 2]","[0.749260858268253, 0.23409151626001315, 0.01664762547173402]",0.749260858268253,0.749260858268253,,none_multiclass_argmax,0.749260858268253,0.23409151626001315,0.01664762547173402
b16_lr3e-4,participant_outer_oof,participant,None,IGB00_03,participant::IGB00_03,2,2,20042,20042,2,1,False,"[0, 1, 2]","[0.32214254137308246, 0.48666811552689315, 0.1911893431000244]",0.48666811552689315,0.1911893431000244,,none_multiclass_argmax,0.32214254137308246,0.48666811552689315,0.1911893431000244
b16_lr3e-4,participant_outer_oof,participant,None,KMO19_01,participant::KMO19_01,2,2,20042,20042,1,0,False,"[0, 1, 2]","[0.9170137845441679, 0.03933233149390775, 0.04365388396192433]",0.9170137845441679,0.03933233149390775,,none_multiclass_argmax,0.9170137845441679,0.03933233149390775,0.04365388396192433
b16_lr3e-4,participant_outer_oof,participant,None,MIE14_02,participant::MIE14_02,2,2,20042,20042,1,0,False,"[0, 1, 2]","[0.8203544492117774, 0.01621133531297686, 0.16343421547524567]",0.8203544492117774,0.01621133531297686,,none_multiclass_argmax,0.8203544492117774,0.01621133531297686,0.16343421547524567
b16_lr3e-4,participant_outer_oof,participant,None,SJI29_02,participant::SJI29_02,2,2,20042,20042,2,2,True,"[0, 1, 2]","[0.0012975147072221145, 0.3598563584205354, 0.6388461268722425]",0.6388461268722425,0.6388461268722425,,none_multiclass_argmax,0.0012975147072221145,0.3598563584205354,0.6388461268722425
b16_lr3e-4,participant_outer_oof,participant,None,STE072_01,participant::STE072_01,2,2,20042,20042,1,2,False,"[0, 1, 2]","[0.20064728729268283, 0.0593547293278196, 0.7399979833794976]",0.7399979833794976,0.0593547293278196,,none_multiclass_argmax,0.20064728729268283,0.0593547293278196,0.7399979833794976
b16_lr3e-4,participant_outer_oof,participant,None,BRA36_02,participant::BRA36_02,2,3,20042,20042,0,0,True,"[0, 1, 2]","[0.9880360911470166, 0.011834661753693911, 0.00012924709928942537]",0.9880360911470166,0.9880360911470166,,none_multiclass_argmax,0.9880360911470166,0.011834661753693911,0.00012924709928942537
b16_lr3e-4,participant_outer_oof,participant,None,EE_02,participant::EE_02,2,3,20042,20042,2,0,False,"[0, 1, 2]","[0.530933610052831, 0.4544121793825957, 0.014654210564573292]",0.530933610052831,0.014654210564573292,,none_multiclass_argmax,0.530933610052831,0.4544121793825957,0.014654210564573292
b16_lr3e-4,participant_outer_oof,participant,None,INE13_04,participant::INE13_04,2,3,20042,20042,0,0,True,"[0, 1, 2]","[0.5560216514163876, 0.4437333184911817, 0.0002450300924307335]",0.5560216514163876,0.5560216514163876,,none_multiclass_argmax,0.5560216514163876,0.4437333184911817,0.0002450300924307335
b16_lr3e-4,participant_outer_oof,participant,None,MHT21_03,participant::MHT21_03,2,3,20042,20042,1,1,True,"[0, 1, 2]","[0.06918852367769772, 0.49433218980477683, 0.4364792865175255]",0.49433218980477683,0.49433218980477683,,none_multiclass_argmax,0.06918852367769772,0.49433218980477683,0.4364792865175255
b16_lr3e-4,participant_outer_oof,participant,None,MKU07_04,participant::MKU07_04,2,3,20042,20042,1,1,True,"[0, 1, 2]","[0.03179649691702592, 0.9631035512930118, 0.0050999517899623014]",0.9631035512930118,0.9631035512930118,,none_multiclass_argmax,0.03179649691702592,0.9631035512930118,0.0050999517899623014
b16_lr3e-4,participant_outer_oof,participant,None,MOA19_03,participant::MOA19_03,2,3,20042,20042,2,2,True,"[0, 1, 2]","[0.48812275531286825, 8.81911055583901e-05, 0.5117890535815734]",0.5117890535815734,0.5117890535815734,,none_multiclass_argmax,0.48812275531286825,8.81911055583901e-05,0.5117890535815734
b16_lr3e-4,participant_outer_oof,participant,None,ERO01_02,participant::ERO01_02,2,4,20042,20042,1,1,True,"[0, 1, 2]","[0.1798845486804741, 0.7786767920509221, 0.04143865926860379]",0.7786767920509221,0.7786767920509221,,none_multiclass_argmax,0.1798845486804741,0.7786767920509221,0.04143865926860379
b16_lr3e-4,participant_outer_oof,participant,None,GDO22_03,participant::GDO22_03,2,4,20042,20042,0,1,False,"[0, 1, 2]","[0.383628687218348, 0.4141895490259415, 0.2021817637557105]",0.4141895490259415,0.383628687218348,,none_multiclass_argmax,0.383628687218348,0.4141895490259415,0.2021817637557105
b16_lr3e-4,participant_outer_oof,participant,None,SDI19_04,participant::SDI19_04,2,4,20042,20042,2,1,False,"[0, 1, 2]","[0.005568928814139864, 0.7596390360683236, 0.23479203511753663]",0.7596390360683236,0.23479203511753663,,none_multiclass_argmax,0.005568928814139864,0.7596390360683236,0.23479203511753663
b16_lr3e-4,participant_outer_oof,participant,None,TSR08_01,participant::TSR08_01,2,4,20042,20042,0,0,True,"[0, 1, 2]","[0.622743619778066, 0.35002727624043667, 0.027229103981497325]",0.622743619778066,0.622743619778066,,none_multiclass_argmax,0.622743619778066,0.35002727624043667,0.027229103981497325
b16_lr3e-4,participant_outer_oof,participant,None,UTI13_04,participant::UTI13_04,2,4,20042,20042,1,1,True,"[0, 1, 2]","[0.22826992602778587, 0.6696595073530509, 0.10207056661916328]",0.6696595073530509,0.6696595073530509,,none_multiclass_argmax,0.22826992602778587,0.6696595073530509,0.10207056661916328
b16_lr3e-4,participant_outer_oof,participant,None,ERL70_04,participant::ERL70_04,3,0,30042,30042,2,2,True,"[0, 1, 2]","[0.06999236989636645, 0.02686780408322422, 0.9031398260204093]",0.9031398260204093,0.9031398260204093,,none_multiclass_argmax,0.06999236989636645,0.02686780408322422,0.9031398260204093
b16_lr3e-4,participant_outer_oof,participant,None,HEA19_04,participant::HEA19_04,3,0,30042,30042,1,1,True,"[0, 1, 2]","[0.05222222023944693, 0.826171323421472, 0.12160645633908103]",0.826171323421472,0.826171323421472,,none_multiclass_argmax,0.05222222023944693,0.826171323421472,0.12160645633908103
b16_lr3e-4,participant_outer_oof,participant,None,HZA20_02,participant::HZA20_02,3,0,30042,30042,0,1,False,"[0, 1, 2]","[0.395148097930608, 0.6027811788274446, 0.002070723241947426]",0.6027811788274446,0.395148097930608,,none_multiclass_argmax,0.395148097930608,0.6027811788274446,0.002070723241947426
b16_lr3e-4,participant_outer_oof,participant,None,INE13_04,participant::INE13_04,3,0,30042,30042,0,1,False,"[0, 1, 2]","[0.4518553672530859, 0.547573896741493, 0.0005707360054210914]",0.547573896741493,0.4518553672530859,,none_multiclass_argmax,0.4518553672530859,0.547573896741493,0.0005707360054210914
b16_lr3e-4,participant_outer_oof,participant,None,MIE14_02,participant::MIE14_02,3,0,30042,30042,1,0,False,"[0, 1, 2]","[0.640449002993102, 0.30532723426018604, 0.05422376274671196]",0.640449002993102,0.30532723426018604,,none_multiclass_argmax,0.640449002993102,0.30532723426018604,0.05422376274671196
b16_lr3e-4,participant_outer_oof,participant,None,UTI13_04,participant::UTI13_04,3,0,30042,30042,1,1,True,"[0, 1, 2]","[0.31988892616872333, 0.6756910236550868, 0.00442005017618984]",0.6756910236550868,0.6756910236550868,,none_multiclass_argmax,0.31988892616872333,0.6756910236550868,0.00442005017618984
b16_lr3e-4,participant_outer_oof,participant,None,AKE28_03,participant::AKE28_03,3,1,30042,30042,1,1,True,"[0, 1, 2]","[0.15677917741395778, 0.765088042669844, 0.07813277991619805]",0.765088042669844,0.765088042669844,,none_multiclass_argmax,0.15677917741395778,0.765088042669844,0.07813277991619805
b16_lr3e-4,participant_outer_oof,participant,None,AKO19_01,participant::AKO19_01,3,1,30042,30042,2,2,True,"[0, 1, 2]","[1.6664301533297385e-06, 0.025403602442201082, 0.9745947311276456]",0.9745947311276456,0.9745947311276456,,none_multiclass_argmax,1.6664301533297385e-06,0.025403602442201082,0.9745947311276456
b16_lr3e-4,participant_outer_oof,participant,None,AMI33_01,participant::AMI33_01,3,1,30042,30042,0,1,False,"[0, 1, 2]","[0.04302310699954475, 0.808863485649013, 0.14811340735144232]",0.808863485649013,0.04302310699954475,,none_multiclass_argmax,0.04302310699954475,0.808863485649013,0.14811340735144232
b16_lr3e-4,participant_outer_oof,participant,None,EE_02,participant::EE_02,3,1,30042,30042,2,1,False,"[0, 1, 2]","[0.43537808930684396, 0.5410692137585085, 0.02355269693464765]",0.5410692137585085,0.02355269693464765,,none_multiclass_argmax,0.43537808930684396,0.5410692137585085,0.02355269693464765
b16_lr3e-4,participant_outer_oof,participant,None,MHT21_03,participant::MHT21_03,3,1,30042,30042,1,1,True,"[0, 1, 2]","[0.027694631180282574, 0.7139281724869886, 0.2583771963327289]",0.7139281724869886,0.7139281724869886,,none_multiclass_argmax,0.027694631180282574,0.7139281724869886,0.2583771963327289
b16_lr3e-4,participant_outer_oof,participant,None,MIA82_04,participant::MIA82_04,3,1,30042,30042,0,1,False,"[0, 1, 2]","[0.25036132222578505, 0.7425609862130907, 0.007077691561124253]",0.7425609862130907,0.25036132222578505,,none_multiclass_argmax,0.25036132222578505,0.7425609862130907,0.007077691561124253
b16_lr3e-4,participant_outer_oof,participant,None,ATA20_01,participant::ATA20_01,3,2,30042,30042,0,0,True,"[0, 1, 2]","[0.7003603105680589, 0.2979545671310056, 0.001685122300935472]",0.7003603105680589,0.7003603105680589,,none_multiclass_argmax,0.7003603105680589,0.2979545671310056,0.001685122300935472
b16_lr3e-4,participant_outer_oof,participant,None,ERO01_02,participant::ERO01_02,3,2,30042,30042,1,1,True,"[0, 1, 2]","[0.13139422899330594, 0.8484269887667654, 0.02017878223992855]",0.8484269887667654,0.8484269887667654,,none_multiclass_argmax,0.13139422899330594,0.8484269887667654,0.02017878223992855
b16_lr3e-4,participant_outer_oof,participant,None,GME22_02,participant::GME22_02,3,2,30042,30042,0,1,False,"[0, 1, 2]","[0.08256167338218012, 0.8614994542663249, 0.05593887235149499]",0.8614994542663249,0.08256167338218012,,none_multiclass_argmax,0.08256167338218012,0.8614994542663249,0.05593887235149499
b16_lr3e-4,participant_outer_oof,participant,None,MKU07_04,participant::MKU07_04,3,2,30042,30042,1,1,True,"[0, 1, 2]","[0.011271052366115763, 0.9731367122968863, 0.01559223533699801]",0.9731367122968863,0.9731367122968863,,none_multiclass_argmax,0.011271052366115763,0.9731367122968863,0.01559223533699801
b16_lr3e-4,participant_outer_oof,participant,None,MOA19_03,participant::MOA19_03,3,2,30042,30042,2,2,True,"[0, 1, 2]","[0.3311679558443048, 0.00021897111992848724, 0.6686130730357667]",0.6686130730357667,0.6686130730357667,,none_multiclass_argmax,0.3311679558443048,0.00021897111992848724,0.6686130730357667
b16_lr3e-4,participant_outer_oof,participant,None,SJI29_02,participant::SJI29_02,3,2,30042,30042,2,2,True,"[0, 1, 2]","[0.00016924814214897978, 0.20941638954793954, 0.7904143623099116]",0.7904143623099116,0.7904143623099116,,none_multiclass_argmax,0.00016924814214897978,0.20941638954793954,0.7904143623099116
b16_lr3e-4,participant_outer_oof,participant,None,AB_01,participant::AB_01,3,3,30042,30042,2,2,True,"[0, 1, 2]","[0.04546899070683118, 0.4486890278161709, 0.5058419814769979]",0.5058419814769979,0.5058419814769979,,none_multiclass_argmax,0.04546899070683118,0.4486890278161709,0.5058419814769979
b16_lr3e-4,participant_outer_oof,participant,None,BRA36_02,participant::BRA36_02,3,3,30042,30042,0,0,True,"[0, 1, 2]","[0.9853428976532583, 0.0014169019020843128, 0.013240200444657324]",0.9853428976532583,0.9853428976532583,,none_multiclass_argmax,0.9853428976532583,0.0014169019020843128,0.013240200444657324
b16_lr3e-4,participant_outer_oof,participant,None,FNA75_03,participant::FNA75_03,3,3,30042,30042,1,2,False,"[0, 1, 2]","[0.17458746342923473, 0.38971608564156135, 0.435696450929204]",0.435696450929204,0.38971608564156135,,none_multiclass_argmax,0.17458746342923473,0.38971608564156135,0.435696450929204
b16_lr3e-4,participant_outer_oof,participant,None,GDO22_03,participant::GDO22_03,3,3,30042,30042,0,0,True,"[0, 1, 2]","[0.559673490292546, 0.43058748729598667, 0.009739022411467372]",0.559673490292546,0.559673490292546,,none_multiclass_argmax,0.559673490292546,0.43058748729598667,0.009739022411467372
b16_lr3e-4,participant_outer_oof,participant,None,IGB00_03,participant::IGB00_03,3,3,30042,30042,2,1,False,"[0, 1, 2]","[0.43007805205666155, 0.49557590170992444, 0.07434604623341404]",0.49557590170992444,0.07434604623341404,,none_multiclass_argmax,0.43007805205666155,0.49557590170992444,0.07434604623341404
b16_lr3e-4,participant_outer_oof,participant,None,KMO19_01,participant::KMO19_01,3,3,30042,30042,1,0,False,"[0, 1, 2]","[0.8515462709216268, 0.13309229284454308, 0.01536143623383015]",0.8515462709216268,0.13309229284454308,,none_multiclass_argmax,0.8515462709216268,0.13309229284454308,0.01536143623383015
b16_lr3e-4,participant_outer_oof,participant,None,GRU27_01,participant::GRU27_01,3,4,30042,30042,1,1,True,"[0, 1, 2]","[0.0385866723873978, 0.5757337776307819, 0.3856795499818203]",0.5757337776307819,0.5757337776307819,,none_multiclass_argmax,0.0385866723873978,0.5757337776307819,0.3856795499818203
b16_lr3e-4,participant_outer_oof,participant,None,MSE28_01,participant::MSE28_01,3,4,30042,30042,1,1,True,"[0, 1, 2]","[0.05265405178282465, 0.9465322072419763, 0.0008137409751991034]",0.9465322072419763,0.9465322072419763,,none_multiclass_argmax,0.05265405178282465,0.9465322072419763,0.0008137409751991034
b16_lr3e-4,participant_outer_oof,participant,None,SDI19_04,participant::SDI19_04,3,4,30042,30042,2,2,True,"[0, 1, 2]","[0.0003292374329473082, 0.4149610755421526, 0.5847096870249001]",0.5847096870249001,0.5847096870249001,,none_multiclass_argmax,0.0003292374329473082,0.4149610755421526,0.5847096870249001
b16_lr3e-4,participant_outer_oof,participant,None,STE072_01,participant::STE072_01,3,4,30042,30042,1,2,False,"[0, 1, 2]","[0.11207455050197657, 0.4324898777111841, 0.45543557178683935]",0.45543557178683935,0.4324898777111841,,none_multiclass_argmax,0.11207455050197657,0.4324898777111841,0.45543557178683935
b16_lr3e-4,participant_outer_oof,participant,None,TSR08_01,participant::TSR08_01,3,4,30042,30042,0,0,True,"[0, 1, 2]","[0.5012757981131077, 0.48583352832755744, 0.01289067355933491]",0.5012757981131077,0.5012757981131077,,none_multiclass_argmax,0.5012757981131077,0.48583352832755744,0.01289067355933491
b16_lr3e-4,participant_outer_oof,participant,None,AB_01,participant::AB_01,4,0,40042,40042,2,2,True,"[0, 1, 2]","[0.0764122311448796, 0.41693125575095075, 0.5066565131041696]",0.5066565131041696,0.5066565131041696,,none_multiclass_argmax,0.0764122311448796,0.41693125575095075,0.5066565131041696
b16_lr3e-4,participant_outer_oof,participant,None,AKO19_01,participant::AKO19_01,4,0,40042,40042,2,2,True,"[0, 1, 2]","[0.003562085374761358, 0.0673021852252981, 0.9291357293999405]",0.9291357293999405,0.9291357293999405,,none_multiclass_argmax,0.003562085374761358,0.0673021852252981,0.9291357293999405
b16_lr3e-4,participant_outer_oof,participant,None,BRA36_02,participant::BRA36_02,4,0,40042,40042,0,0,True,"[0, 1, 2]","[0.9992376579393064, 0.000659247429065531, 0.00010309463162810609]",0.9992376579393064,0.9992376579393064,,none_multiclass_argmax,0.9992376579393064,0.000659247429065531,0.00010309463162810609
b16_lr3e-4,participant_outer_oof,participant,None,INE13_04,participant::INE13_04,4,0,40042,40042,0,0,True,"[0, 1, 2]","[0.7967580381857425, 0.20123775724036214, 0.002004204573895326]",0.7967580381857425,0.7967580381857425,,none_multiclass_argmax,0.7967580381857425,0.20123775724036214,0.002004204573895326
b16_lr3e-4,participant_outer_oof,participant,None,KMO19_01,participant::KMO19_01,4,0,40042,40042,1,0,False,"[0, 1, 2]","[0.8037237103679085, 0.12414674266226282, 0.07212954696982884]",0.8037237103679085,0.12414674266226282,,none_multiclass_argmax,0.8037237103679085,0.12414674266226282,0.07212954696982884
b16_lr3e-4,participant_outer_oof,participant,None,UTI13_04,participant::UTI13_04,4,0,40042,40042,1,1,True,"[0, 1, 2]","[0.45406231543171816, 0.5355945335425177, 0.010343151025764063]",0.5355945335425177,0.5355945335425177,,none_multiclass_argmax,0.45406231543171816,0.5355945335425177,0.010343151025764063
b16_lr3e-4,participant_outer_oof,participant,None,EE_02,participant::EE_02,4,1,40042,40042,2,1,False,"[0, 1, 2]","[0.22522133775049258, 0.7483431586733527, 0.026435503576154824]",0.7483431586733527,0.026435503576154824,,none_multiclass_argmax,0.22522133775049258,0.7483431586733527,0.026435503576154824
b16_lr3e-4,participant_outer_oof,participant,None,ERO01_02,participant::ERO01_02,4,1,40042,40042,1,0,False,"[0, 1, 2]","[0.5825860140626408, 0.3781010226860587, 0.039312963251300535]",0.5825860140626408,0.3781010226860587,,none_multiclass_argmax,0.5825860140626408,0.3781010226860587,0.039312963251300535
b16_lr3e-4,participant_outer_oof,participant,None,FNA75_03,participant::FNA75_03,4,1,40042,40042,1,0,False,"[0, 1, 2]","[0.5495852054991692, 0.4461218295913622, 0.004292964909468603]",0.5495852054991692,0.4461218295913622,,none_multiclass_argmax,0.5495852054991692,0.4461218295913622,0.004292964909468603
b16_lr3e-4,participant_outer_oof,participant,None,GDO22_03,participant::GDO22_03,4,1,40042,40042,0,0,True,"[0, 1, 2]","[0.541682577185225, 0.4359880535926487, 0.0223293692221264]",0.541682577185225,0.541682577185225,,none_multiclass_argmax,0.541682577185225,0.4359880535926487,0.0223293692221264
b16_lr3e-4,participant_outer_oof,participant,None,GRU27_01,participant::GRU27_01,4,1,40042,40042,1,1,True,"[0, 1, 2]","[0.004749747026187052, 0.7787514986653722, 0.21649875430844076]",0.7787514986653722,0.7787514986653722,,none_multiclass_argmax,0.004749747026187052,0.7787514986653722,0.21649875430844076
b16_lr3e-4,participant_outer_oof,participant,None,TSR08_01,participant::TSR08_01,4,1,40042,40042,0,0,True,"[0, 1, 2]","[0.6593531513234183, 0.320227332812232, 0.020419515864349785]",0.6593531513234183,0.6593531513234183,,none_multiclass_argmax,0.6593531513234183,0.320227332812232,0.020419515864349785
b16_lr3e-4,participant_outer_oof,participant,None,AKE28_03,participant::AKE28_03,4,2,40042,40042,1,0,False,"[0, 1, 2]","[0.6194956713844391, 0.3610285516588022, 0.0194757769567588]",0.6194956713844391,0.3610285516588022,,none_multiclass_argmax,0.6194956713844391,0.3610285516588022,0.0194757769567588
b16_lr3e-4,participant_outer_oof,participant,None,ATA20_01,participant::ATA20_01,4,2,40042,40042,0,0,True,"[0, 1, 2]","[0.9694284349475045, 0.03045204503092511, 0.00011952002157036132]",0.9694284349475045,0.9694284349475045,,none_multiclass_argmax,0.9694284349475045,0.03045204503092511,0.00011952002157036132
b16_lr3e-4,participant_outer_oof,participant,None,ERL70_04,participant::ERL70_04,4,2,40042,40042,2,2,True,"[0, 1, 2]","[0.07489171419200169, 0.015822671827853848, 0.9092856139801445]",0.9092856139801445,0.9092856139801445,,none_multiclass_argmax,0.07489171419200169,0.015822671827853848,0.9092856139801445
b16_lr3e-4,participant_outer_oof,participant,None,GME22_02,participant::GME22_02,4,2,40042,40042,0,0,True,"[0, 1, 2]","[0.6042924271989154, 0.3104677452634713, 0.08523982753761337]",0.6042924271989154,0.6042924271989154,,none_multiclass_argmax,0.6042924271989154,0.3104677452634713,0.08523982753761337
b16_lr3e-4,participant_outer_oof,participant,None,MIE14_02,participant::MIE14_02,4,2,40042,40042,1,0,False,"[0, 1, 2]","[0.9573768186564795, 0.013951091898530088, 0.02867208944499053]",0.9573768186564795,0.013951091898530088,,none_multiclass_argmax,0.9573768186564795,0.013951091898530088,0.02867208944499053
b16_lr3e-4,participant_outer_oof,participant,None,MKU07_04,participant::MKU07_04,4,2,40042,40042,1,1,True,"[0, 1, 2]","[0.4698403082036287, 0.5128609867313215, 0.017298705065049835]",0.5128609867313215,0.5128609867313215,,none_multiclass_argmax,0.4698403082036287,0.5128609867313215,0.017298705065049835
b16_lr3e-4,participant_outer_oof,participant,None,HZA20_02,participant::HZA20_02,4,3,40042,40042,0,0,True,"[0, 1, 2]","[0.4852215860285417, 0.47297131993503794, 0.04180709403642036]",0.4852215860285417,0.4852215860285417,,none_multiclass_argmax,0.4852215860285417,0.47297131993503794,0.04180709403642036
b16_lr3e-4,participant_outer_oof,participant,None,IGB00_03,participant::IGB00_03,4,3,40042,40042,2,1,False,"[0, 1, 2]","[0.07885606244388449, 0.8631794326617264, 0.05796450489438922]",0.8631794326617264,0.05796450489438922,,none_multiclass_argmax,0.07885606244388449,0.8631794326617264,0.05796450489438922
b16_lr3e-4,participant_outer_oof,participant,None,MSE28_01,participant::MSE28_01,4,3,40042,40042,1,1,True,"[0, 1, 2]","[0.02377038077550552, 0.9749885993201219, 0.0012410199043725275]",0.9749885993201219,0.9749885993201219,,none_multiclass_argmax,0.02377038077550552,0.9749885993201219,0.0012410199043725275
b16_lr3e-4,participant_outer_oof,participant,None,SJI29_02,participant::SJI29_02,4,3,40042,40042,2,2,True,"[0, 1, 2]","[0.00016980713603749755, 0.2771115607024046, 0.722718632161558]",0.722718632161558,0.722718632161558,,none_multiclass_argmax,0.00016980713603749755,0.2771115607024046,0.722718632161558
b16_lr3e-4,participant_outer_oof,participant,None,STE072_01,participant::STE072_01,4,3,40042,40042,1,1,True,"[0, 1, 2]","[0.029712483849007088, 0.50237423860365, 0.4679132775473429]",0.50237423860365,0.50237423860365,,none_multiclass_argmax,0.029712483849007088,0.50237423860365,0.4679132775473429
b16_lr3e-4,participant_outer_oof,participant,None,AMI33_01,participant::AMI33_01,4,4,40042,40042,0,1,False,"[0, 1, 2]","[0.06352970286243197, 0.9024891615954647, 0.033981135542103316]",0.9024891615954647,0.06352970286243197,,none_multiclass_argmax,0.06352970286243197,0.9024891615954647,0.033981135542103316
b16_lr3e-4,participant_outer_oof,participant,None,HEA19_04,participant::HEA19_04,4,4,40042,40042,1,1,True,"[0, 1, 2]","[0.018267629704453323, 0.6796603016101344, 0.3020720686854124]",0.6796603016101344,0.6796603016101344,,none_multiclass_argmax,0.018267629704453323,0.6796603016101344,0.3020720686854124
b16_lr3e-4,participant_outer_oof,participant,None,MHT21_03,participant::MHT21_03,4,4,40042,40042,1,1,True,"[0, 1, 2]","[0.043255753474212635, 0.8769483240446079, 0.0797959224811796]",0.8769483240446079,0.8769483240446079,,none_multiclass_argmax,0.043255753474212635,0.8769483240446079,0.0797959224811796
b16_lr3e-4,participant_outer_oof,participant,None,MIA82_04,participant::MIA82_04,4,4,40042,40042,0,1,False,"[0, 1, 2]","[0.15970239135204087, 0.839649040355625, 0.0006485682923341717]",0.839649040355625,0.15970239135204087,,none_multiclass_argmax,0.15970239135204087,0.839649040355625,0.0006485682923341717
b16_lr3e-4,participant_outer_oof,participant,None,MOA19_03,participant::MOA19_03,4,4,40042,40042,2,2,True,"[0, 1, 2]","[0.06486712208050827, 0.0777884740699367, 0.857344403849555]",0.857344403849555,0.857344403849555,,none_multiclass_argmax,0.06486712208050827,0.0777884740699367,0.857344403849555
b16_lr3e-4,participant_outer_oof,participant,None,SDI19_04,participant::SDI19_04,4,4,40042,40042,2,1,False,"[0, 1, 2]","[0.0012118181195463929, 0.8303373003522898, 0.1684508815281638]",0.8303373003522898,0.1684508815281638,,none_multiclass_argmax,0.0012118181195463929,0.8303373003522898,0.1684508815281638
b16_lr1e-3,participant_outer_oof,participant,None,AMI33_01,participant::AMI33_01,0,0,42,42,0,0,True,"[0, 1, 2]","[0.5360605836278342, 0.342865963267596, 0.12107345310456982]",0.5360605836278342,0.5360605836278342,,none_multiclass_argmax,0.5360605836278342,0.342865963267596,0.12107345310456982
b16_lr1e-3,participant_outer_oof,participant,None,EE_02,participant::EE_02,0,0,42,42,2,0,False,"[0, 1, 2]","[0.7795563057860181, 0.2135602288029277, 0.006883465411054026]",0.7795563057860181,0.006883465411054026,,none_multiclass_argmax,0.7795563057860181,0.2135602288029277,0.006883465411054026
b16_lr1e-3,participant_outer_oof,participant,None,FNA75_03,participant::FNA75_03,0,0,42,42,1,0,False,"[0, 1, 2]","[0.6876114678656917, 0.3105975822765158, 0.0017909498577924911]",0.6876114678656917,0.3105975822765158,,none_multiclass_argmax,0.6876114678656917,0.3105975822765158,0.0017909498577924911
b16_lr1e-3,participant_outer_oof,participant,None,IGB00_03,participant::IGB00_03,0,0,42,42,2,1,False,"[0, 1, 2]","[0.2126417015509471, 0.5673162512909556, 0.2200420471580973]",0.5673162512909556,0.2200420471580973,,none_multiclass_argmax,0.2126417015509471,0.5673162512909556,0.2200420471580973
b16_lr1e-3,participant_outer_oof,participant,None,MHT21_03,participant::MHT21_03,0,0,42,42,1,1,True,"[0, 1, 2]","[0.05513388759617076, 0.8322463553020228, 0.11261975710180641]",0.8322463553020228,0.8322463553020228,,none_multiclass_argmax,0.05513388759617076,0.8322463553020228,0.11261975710180641
b16_lr1e-3,participant_outer_oof,participant,None,TSR08_01,participant::TSR08_01,0,0,42,42,0,0,True,"[0, 1, 2]","[0.7040993591968028, 0.29348162265043676, 0.0024190181527605045]",0.7040993591968028,0.7040993591968028,,none_multiclass_argmax,0.7040993591968028,0.29348162265043676,0.0024190181527605045
b16_lr1e-3,participant_outer_oof,participant,None,AKO19_01,participant::AKO19_01,0,1,42,42,2,2,True,"[0, 1, 2]","[3.060774376158942e-06, 0.03546879869576238, 0.9645281405298615]",0.9645281405298615,0.9645281405298615,,none_multiclass_argmax,3.060774376158942e-06,0.03546879869576238,0.9645281405298615
b16_lr1e-3,participant_outer_oof,participant,None,GDO22_03,participant::GDO22_03,0,1,42,42,0,1,False,"[0, 1, 2]","[0.11535916910333219, 0.5335956606222834, 0.35104517027438453]",0.5335956606222834,0.11535916910333219,,none_multiclass_argmax,0.11535916910333219,0.5335956606222834,0.35104517027438453
b16_lr1e-3,participant_outer_oof,participant,None,INE13_04,participant::INE13_04,0,1,42,42,0,1,False,"[0, 1, 2]","[0.45476926159990005, 0.4772628254644549, 0.06796791293564489]",0.4772628254644549,0.45476926159990005,,none_multiclass_argmax,0.45476926159990005,0.4772628254644549,0.06796791293564489
b16_lr1e-3,participant_outer_oof,participant,None,KMO19_01,participant::KMO19_01,0,1,42,42,1,0,False,"[0, 1, 2]","[0.7580166332783853, 0.0596349047796816, 0.18234846194193316]",0.7580166332783853,0.0596349047796816,,none_multiclass_argmax,0.7580166332783853,0.0596349047796816,0.18234846194193316
b16_lr1e-3,participant_outer_oof,participant,None,MKU07_04,participant::MKU07_04,0,1,42,42,1,1,True,"[0, 1, 2]","[7.685886163358278e-05, 0.9888522608854293, 0.011070880252937168]",0.9888522608854293,0.9888522608854293,,none_multiclass_argmax,7.685886163358278e-05,0.9888522608854293,0.011070880252937168
b16_lr1e-3,participant_outer_oof,participant,None,UTI13_04,participant::UTI13_04,0,1,42,42,1,1,True,"[0, 1, 2]","[0.20824592779901377, 0.6807535920931359, 0.11100048010785037]",0.6807535920931359,0.6807535920931359,,none_multiclass_argmax,0.20824592779901377,0.6807535920931359,0.11100048010785037
b16_lr1e-3,participant_outer_oof,participant,None,AB_01,participant::AB_01,0,2,42,42,2,2,True,"[0, 1, 2]","[0.04574987769405107, 0.3977508558210617, 0.5564992664848873]",0.5564992664848873,0.5564992664848873,,none_multiclass_argmax,0.04574987769405107,0.3977508558210617,0.5564992664848873
b16_lr1e-3,participant_outer_oof,participant,None,GME22_02,participant::GME22_02,0,2,42,42,0,1,False,"[0, 1, 2]","[0.24606862583703942, 0.7200055547164879, 0.03392581944647266]",0.7200055547164879,0.24606862583703942,,none_multiclass_argmax,0.24606862583703942,0.7200055547164879,0.03392581944647266
b16_lr1e-3,participant_outer_oof,participant,None,GRU27_01,participant::GRU27_01,0,2,42,42,1,2,False,"[0, 1, 2]","[0.18785518960977962, 0.3270966893660635, 0.4850481210241569]",0.4850481210241569,0.3270966893660635,,none_multiclass_argmax,0.18785518960977962,0.3270966893660635,0.4850481210241569
b16_lr1e-3,participant_outer_oof,participant,None,HZA20_02,participant::HZA20_02,0,2,42,42,0,0,True,"[0, 1, 2]","[0.5159438982711982, 0.47549948043574586, 0.008556621293055983]",0.5159438982711982,0.5159438982711982,,none_multiclass_argmax,0.5159438982711982,0.47549948043574586,0.008556621293055983
b16_lr1e-3,participant_outer_oof,participant,None,MSE28_01,participant::MSE28_01,0,2,42,42,1,1,True,"[0, 1, 2]","[0.3257352450468442, 0.669748052869248, 0.004516702083907829]",0.669748052869248,0.669748052869248,,none_multiclass_argmax,0.3257352450468442,0.669748052869248,0.004516702083907829
b16_lr1e-3,participant_outer_oof,participant,None,SJI29_02,participant::SJI29_02,0,2,42,42,2,2,True,"[0, 1, 2]","[0.0001374102544962939, 0.05345836869162263, 0.9464042210538811]",0.9464042210538811,0.9464042210538811,,none_multiclass_argmax,0.0001374102544962939,0.05345836869162263,0.9464042210538811
b16_lr1e-3,participant_outer_oof,participant,None,AKE28_03,participant::AKE28_03,0,3,42,42,1,1,True,"[0, 1, 2]","[0.1691696321539404, 0.4900015698744246, 0.34082879797163507]",0.4900015698744246,0.4900015698744246,,none_multiclass_argmax,0.1691696321539404,0.4900015698744246,0.34082879797163507
b16_lr1e-3,participant_outer_oof,participant,None,BRA36_02,participant::BRA36_02,0,3,42,42,0,0,True,"[0, 1, 2]","[0.943019471790188, 0.056812274139831635, 0.0001682540699802635]",0.943019471790188,0.943019471790188,,none_multiclass_argmax,0.943019471790188,0.056812274139831635,0.0001682540699802635
b16_lr1e-3,participant_outer_oof,participant,None,ERL70_04,participant::ERL70_04,0,3,42,42,2,2,True,"[0, 1, 2]","[0.0200619449562846, 0.012473694396831849, 0.9674643606468836]",0.9674643606468836,0.9674643606468836,,none_multiclass_argmax,0.0200619449562846,0.012473694396831849,0.9674643606468836
b16_lr1e-3,participant_outer_oof,participant,None,MIA82_04,participant::MIA82_04,0,3,42,42,0,0,True,"[0, 1, 2]","[0.8026892962189257, 0.19629627393973076, 0.0010144298413435526]",0.8026892962189257,0.8026892962189257,,none_multiclass_argmax,0.8026892962189257,0.19629627393973076,0.0010144298413435526
b16_lr1e-3,participant_outer_oof,participant,None,MOA19_03,participant::MOA19_03,0,3,42,42,2,2,True,"[0, 1, 2]","[0.3543220778005838, 0.0016143360867530796, 0.6440635861126632]",0.6440635861126632,0.6440635861126632,,none_multiclass_argmax,0.3543220778005838,0.0016143360867530796,0.6440635861126632
b16_lr1e-3,participant_outer_oof,participant,None,STE072_01,participant::STE072_01,0,3,42,42,1,2,False,"[0, 1, 2]","[0.14127800763157644, 0.41883853017633255, 0.43988346219209107]",0.43988346219209107,0.41883853017633255,,none_multiclass_argmax,0.14127800763157644,0.41883853017633255,0.43988346219209107
b16_lr1e-3,participant_outer_oof,participant,None,ATA20_01,participant::ATA20_01,0,4,42,42,0,0,True,"[0, 1, 2]","[0.807913790864975, 0.1871647390170645, 0.004921470117960535]",0.807913790864975,0.807913790864975,,none_multiclass_argmax,0.807913790864975,0.1871647390170645,0.004921470117960535
b16_lr1e-3,participant_outer_oof,participant,None,ERO01_02,participant::ERO01_02,0,4,42,42,1,0,False,"[0, 1, 2]","[0.7732142249574743, 0.21853445133439237, 0.008251323708133465]",0.7732142249574743,0.21853445133439237,,none_multiclass_argmax,0.7732142249574743,0.21853445133439237,0.008251323708133465
b16_lr1e-3,participant_outer_oof,participant,None,HEA19_04,participant::HEA19_04,0,4,42,42,1,2,False,"[0, 1, 2]","[0.21327008014136944, 0.24368080525993505, 0.5430491145986955]",0.5430491145986955,0.24368080525993505,,none_multiclass_argmax,0.21327008014136944,0.24368080525993505,0.5430491145986955
b16_lr1e-3,participant_outer_oof,participant,None,MIE14_02,participant::MIE14_02,0,4,42,42,1,0,False,"[0, 1, 2]","[0.7370717238075366, 0.1288310257721444, 0.13409725042031914]",0.7370717238075366,0.1288310257721444,,none_multiclass_argmax,0.7370717238075366,0.1288310257721444,0.13409725042031914
b16_lr1e-3,participant_outer_oof,participant,None,SDI19_04,participant::SDI19_04,0,4,42,42,2,1,False,"[0, 1, 2]","[0.0023132759285272855, 0.9127634202263895, 0.08492330384508325]",0.9127634202263895,0.08492330384508325,,none_multiclass_argmax,0.0023132759285272855,0.9127634202263895,0.08492330384508325
b16_lr1e-3,participant_outer_oof,participant,None,AKE28_03,participant::AKE28_03,1,0,10042,10042,1,1,True,"[0, 1, 2]","[0.3662683643189951, 0.5737876950516884, 0.059943940629316586]",0.5737876950516884,0.5737876950516884,,none_multiclass_argmax,0.3662683643189951,0.5737876950516884,0.059943940629316586
b16_lr1e-3,participant_outer_oof,participant,None,AMI33_01,participant::AMI33_01,1,0,10042,10042,0,0,True,"[0, 1, 2]","[0.439661954741694, 0.43631301274874756, 0.1240250325095585]",0.439661954741694,0.439661954741694,,none_multiclass_argmax,0.439661954741694,0.43631301274874756,0.1240250325095585
b16_lr1e-3,participant_outer_oof,participant,None,EE_02,participant::EE_02,1,0,10042,10042,2,0,False,"[0, 1, 2]","[0.7125980527883277, 0.28660664405664366, 0.0007953031550287695]",0.7125980527883277,0.0007953031550287695,,none_multiclass_argmax,0.7125980527883277,0.28660664405664366,0.0007953031550287695
b16_lr1e-3,participant_outer_oof,participant,None,GDO22_03,participant::GDO22_03,1,0,10042,10042,0,0,True,"[0, 1, 2]","[0.673782843669261, 0.3258913507991187, 0.00032580553162031193]",0.673782843669261,0.673782843669261,,none_multiclass_argmax,0.673782843669261,0.3258913507991187,0.00032580553162031193
b16_lr1e-3,participant_outer_oof,participant,None,MHT21_03,participant::MHT21_03,1,0,10042,10042,1,1,True,"[0, 1, 2]","[0.04185280866016542, 0.943853225271722, 0.014293966068112656]",0.943853225271722,0.943853225271722,,none_multiclass_argmax,0.04185280866016542,0.943853225271722,0.014293966068112656
b16_lr1e-3,participant_outer_oof,participant,None,MKU07_04,participant::MKU07_04,1,0,10042,10042,1,0,False,"[0, 1, 2]","[0.5903795828225858, 0.40563292256027844, 0.003987494617135732]",0.5903795828225858,0.40563292256027844,,none_multiclass_argmax,0.5903795828225858,0.40563292256027844,0.003987494617135732
b16_lr1e-3,participant_outer_oof,participant,None,MOA19_03,participant::MOA19_03,1,0,10042,10042,2,0,False,"[0, 1, 2]","[0.5258870340004533, 0.0035302026545790547, 0.4705827633449676]",0.5258870340004533,0.4705827633449676,,none_multiclass_argmax,0.5258870340004533,0.0035302026545790547,0.4705827633449676
b16_lr1e-3,participant_outer_oof,participant,None,AKO19_01,participant::AKO19_01,1,1,10042,10042,2,2,True,"[0, 1, 2]","[0.002619387015620768, 0.02155942020850509, 0.9758211927758742]",0.9758211927758742,0.9758211927758742,,none_multiclass_argmax,0.002619387015620768,0.02155942020850509,0.9758211927758742
b16_lr1e-3,participant_outer_oof,participant,None,HZA20_02,participant::HZA20_02,1,1,10042,10042,0,0,True,"[0, 1, 2]","[0.9381671830300428, 0.06066373922690027, 0.0011690777430569952]",0.9381671830300428,0.9381671830300428,,none_multiclass_argmax,0.9381671830300428,0.06066373922690027,0.0011690777430569952
b16_lr1e-3,participant_outer_oof,participant,None,KMO19_01,participant::KMO19_01,1,1,10042,10042,1,0,False,"[0, 1, 2]","[0.8531939081284903, 0.028183336254981022, 0.1186227556165287]",0.8531939081284903,0.028183336254981022,,none_multiclass_argmax,0.8531939081284903,0.028183336254981022,0.1186227556165287
b16_lr1e-3,participant_outer_oof,participant,None,MSE28_01,participant::MSE28_01,1,1,10042,10042,1,1,True,"[0, 1, 2]","[0.06809239845652301, 0.9289507947132247, 0.0029568068302523094]",0.9289507947132247,0.9289507947132247,,none_multiclass_argmax,0.06809239845652301,0.9289507947132247,0.0029568068302523094
b16_lr1e-3,participant_outer_oof,participant,None,SDI19_04,participant::SDI19_04,1,1,10042,10042,2,1,False,"[0, 1, 2]","[0.02395208732188134, 0.8905504063681635, 0.08549750630995509]",0.8905504063681635,0.08549750630995509,,none_multiclass_argmax,0.02395208732188134,0.8905504063681635,0.08549750630995509
b16_lr1e-3,participant_outer_oof,participant,None,STE072_01,participant::STE072_01,1,1,10042,10042,1,2,False,"[0, 1, 2]","[0.21939878687165307, 0.2413600996891675, 0.5392411134391795]",0.5392411134391795,0.2413600996891675,,none_multiclass_argmax,0.21939878687165307,0.2413600996891675,0.5392411134391795
b16_lr1e-3,participant_outer_oof,participant,None,ERL70_04,participant::ERL70_04,1,2,10042,10042,2,2,True,"[0, 1, 2]","[0.07918001036368612, 0.0978948521374535, 0.8229251374988604]",0.8229251374988604,0.8229251374988604,,none_multiclass_argmax,0.07918001036368612,0.0978948521374535,0.8229251374988604
b16_lr1e-3,participant_outer_oof,participant,None,GRU27_01,participant::GRU27_01,1,2,10042,10042,1,2,False,"[0, 1, 2]","[0.0009220888218407925, 0.3601571116942571, 0.6389207994839021]",0.6389207994839021,0.3601571116942571,,none_multiclass_argmax,0.0009220888218407925,0.3601571116942571,0.6389207994839021
b16_lr1e-3,participant_outer_oof,participant,None,IGB00_03,participant::IGB00_03,1,2,10042,10042,2,1,False,"[0, 1, 2]","[0.13853253412007888, 0.8565051792171943, 0.004962286662726861]",0.8565051792171943,0.004962286662726861,,none_multiclass_argmax,0.13853253412007888,0.8565051792171943,0.004962286662726861
b16_lr1e-3,participant_outer_oof,participant,None,INE13_04,participant::INE13_04,1,2,10042,10042,0,1,False,"[0, 1, 2]","[0.3145056975110909, 0.685050231371791, 0.00044407111711811597]",0.685050231371791,0.3145056975110909,,none_multiclass_argmax,0.3145056975110909,0.685050231371791,0.00044407111711811597
b16_lr1e-3,participant_outer_oof,participant,None,MIA82_04,participant::MIA82_04,1,2,10042,10042,0,0,True,"[0, 1, 2]","[0.781078879069054, 0.2179816193176773, 0.0009395016132686678]",0.781078879069054,0.781078879069054,,none_multiclass_argmax,0.781078879069054,0.2179816193176773,0.0009395016132686678
b16_lr1e-3,participant_outer_oof,participant,None,MIE14_02,participant::MIE14_02,1,2,10042,10042,1,0,False,"[0, 1, 2]","[0.5611881505118619, 0.3878620846674003, 0.05094976482073766]",0.5611881505118619,0.3878620846674003,,none_multiclass_argmax,0.5611881505118619,0.3878620846674003,0.05094976482073766
b16_lr1e-3,participant_outer_oof,participant,None,GME22_02,participant::GME22_02,1,3,10042,10042,0,1,False,"[0, 1, 2]","[0.35228828859944505, 0.391076477845942, 0.256635233554613]",0.391076477845942,0.35228828859944505,,none_multiclass_argmax,0.35228828859944505,0.391076477845942,0.256635233554613
b16_lr1e-3,participant_outer_oof,participant,None,HEA19_04,participant::HEA19_04,1,3,10042,10042,1,1,True,"[0, 1, 2]","[0.039513251677407914, 0.8007725008504105, 0.15971424747218152]",0.8007725008504105,0.8007725008504105,,none_multiclass_argmax,0.039513251677407914,0.8007725008504105,0.15971424747218152
b16_lr1e-3,participant_outer_oof,participant,None,SJI29_02,participant::SJI29_02,1,3,10042,10042,2,1,False,"[0, 1, 2]","[6.477592692681794e-05, 0.616296180139785, 0.3836390439332881]",0.616296180139785,0.3836390439332881,,none_multiclass_argmax,6.477592692681794e-05,0.616296180139785,0.3836390439332881
b16_lr1e-3,participant_outer_oof,participant,None,TSR08_01,participant::TSR08_01,1,3,10042,10042,0,0,True,"[0, 1, 2]","[0.5291282363538403, 0.46956782810402625, 0.001303935542133304]",0.5291282363538403,0.5291282363538403,,none_multiclass_argmax,0.5291282363538403,0.46956782810402625,0.001303935542133304
b16_lr1e-3,participant_outer_oof,participant,None,UTI13_04,participant::UTI13_04,1,3,10042,10042,1,1,True,"[0, 1, 2]","[0.25567532206541127, 0.7408022981101862, 0.003522379824402608]",0.7408022981101862,0.7408022981101862,,none_multiclass_argmax,0.25567532206541127,0.7408022981101862,0.003522379824402608
b16_lr1e-3,participant_outer_oof,participant,None,AB_01,participant::AB_01,1,4,10042,10042,2,1,False,"[0, 1, 2]","[0.04721162722572495, 0.5015337806287653, 0.45125459214550984]",0.5015337806287653,0.45125459214550984,,none_multiclass_argmax,0.04721162722572495,0.5015337806287653,0.45125459214550984
b16_lr1e-3,participant_outer_oof,participant,None,ATA20_01,participant::ATA20_01,1,4,10042,10042,0,0,True,"[0, 1, 2]","[0.7270724901343482, 0.2724054560381022, 0.0005220538275496558]",0.7270724901343482,0.7270724901343482,,none_multiclass_argmax,0.7270724901343482,0.2724054560381022,0.0005220538275496558
b16_lr1e-3,participant_outer_oof,participant,None,BRA36_02,participant::BRA36_02,1,4,10042,10042,0,0,True,"[0, 1, 2]","[0.9966767609783009, 0.003003561743541229, 0.00031967727815793005]",0.9966767609783009,0.9966767609783009,,none_multiclass_argmax,0.9966767609783009,0.003003561743541229,0.00031967727815793005
b16_lr1e-3,participant_outer_oof,participant,None,ERO01_02,participant::ERO01_02,1,4,10042,10042,1,0,False,"[0, 1, 2]","[0.9040856881868531, 0.09273027942207093, 0.003184032391076046]",0.9040856881868531,0.09273027942207093,,none_multiclass_argmax,0.9040856881868531,0.09273027942207093,0.003184032391076046
b16_lr1e-3,participant_outer_oof,participant,None,FNA75_03,participant::FNA75_03,1,4,10042,10042,1,0,False,"[0, 1, 2]","[0.5813015662247343, 0.3083757144711211, 0.11032271930414467]",0.5813015662247343,0.3083757144711211,,none_multiclass_argmax,0.5813015662247343,0.3083757144711211,0.11032271930414467
b16_lr1e-3,participant_outer_oof,participant,None,AKO19_01,participant::AKO19_01,2,0,20042,20042,2,1,False,"[0, 1, 2]","[0.0016159621275272738, 0.8593833239742763, 0.1390007138981964]",0.8593833239742763,0.1390007138981964,,none_multiclass_argmax,0.0016159621275272738,0.8593833239742763,0.1390007138981964
b16_lr1e-3,participant_outer_oof,participant,None,AMI33_01,participant::AMI33_01,2,0,20042,20042,0,1,False,"[0, 1, 2]","[0.3219642169379102, 0.655900358371297, 0.02213542469079283]",0.655900358371297,0.3219642169379102,,none_multiclass_argmax,0.3219642169379102,0.655900358371297,0.02213542469079283
b16_lr1e-3,participant_outer_oof,participant,None,GRU27_01,participant::GRU27_01,2,0,20042,20042,1,2,False,"[0, 1, 2]","[0.030652114730315833, 0.34504898892598107, 0.6242988963437032]",0.6242988963437032,0.34504898892598107,,none_multiclass_argmax,0.030652114730315833,0.34504898892598107,0.6242988963437032
b16_lr1e-3,participant_outer_oof,participant,None,HEA19_04,participant::HEA19_04,2,0,20042,20042,1,1,True,"[0, 1, 2]","[0.05986184575356542, 0.7234771464566843, 0.21666100778975034]",0.7234771464566843,0.7234771464566843,,none_multiclass_argmax,0.05986184575356542,0.7234771464566843,0.21666100778975034
b16_lr1e-3,participant_outer_oof,participant,None,HZA20_02,participant::HZA20_02,2,0,20042,20042,0,0,True,"[0, 1, 2]","[0.6601560275043715, 0.3394277117473781, 0.0004162607482503897]",0.6601560275043715,0.6601560275043715,,none_multiclass_argmax,0.6601560275043715,0.3394277117473781,0.0004162607482503897
b16_lr1e-3,participant_outer_oof,participant,None,MSE28_01,participant::MSE28_01,2,0,20042,20042,1,1,True,"[0, 1, 2]","[0.045860871143238266, 0.9533847712316318, 0.0007543576251299869]",0.9533847712316318,0.9533847712316318,,none_multiclass_argmax,0.045860871143238266,0.9533847712316318,0.0007543576251299869
b16_lr1e-3,participant_outer_oof,participant,None,AB_01,participant::AB_01,2,1,20042,20042,2,2,True,"[0, 1, 2]","[0.0360857825031849, 0.30801942055695475, 0.6558947969398603]",0.6558947969398603,0.6558947969398603,,none_multiclass_argmax,0.0360857825031849,0.30801942055695475,0.6558947969398603
b16_lr1e-3,participant_outer_oof,participant,None,AKE28_03,participant::AKE28_03,2,1,20042,20042,1,2,False,"[0, 1, 2]","[0.3834822409568508, 0.19499310970059072, 0.4215246493425585]",0.4215246493425585,0.19499310970059072,,none_multiclass_argmax,0.3834822409568508,0.19499310970059072,0.4215246493425585
b16_lr1e-3,participant_outer_oof,participant,None,ERL70_04,participant::ERL70_04,2,1,20042,20042,2,2,True,"[0, 1, 2]","[0.0826734763598271, 0.051375233952920374, 0.8659512896872525]",0.8659512896872525,0.8659512896872525,,none_multiclass_argmax,0.0826734763598271,0.051375233952920374,0.8659512896872525
b16_lr1e-3,participant_outer_oof,participant,None,FNA75_03,participant::FNA75_03,2,1,20042,20042,1,2,False,"[0, 1, 2]","[0.31987213222369365, 0.03330087363326406, 0.6468269941430423]",0.6468269941430423,0.03330087363326406,,none_multiclass_argmax,0.31987213222369365,0.03330087363326406,0.6468269941430423
b16_lr1e-3,participant_outer_oof,participant,None,GME22_02,participant::GME22_02,2,1,20042,20042,0,0,True,"[0, 1, 2]","[0.6504954333638616, 0.00654405431522463, 0.34296051232091374]",0.6504954333638616,0.6504954333638616,,none_multiclass_argmax,0.6504954333638616,0.00654405431522463,0.34296051232091374
b16_lr1e-3,participant_outer_oof,participant,None,MIA82_04,participant::MIA82_04,2,1,20042,20042,0,0,True,"[0, 1, 2]","[0.9656747308323542, 0.02387378993614191, 0.010451479231503934]",0.9656747308323542,0.9656747308323542,,none_multiclass_argmax,0.9656747308323542,0.02387378993614191,0.010451479231503934
b16_lr1e-3,participant_outer_oof,participant,None,ATA20_01,participant::ATA20_01,2,2,20042,20042,0,0,True,"[0, 1, 2]","[0.6864289339666799, 0.30892764654576327, 0.004643419487556885]",0.6864289339666799,0.6864289339666799,,none_multiclass_argmax,0.6864289339666799,0.30892764654576327,0.004643419487556885
b16_lr1e-3,participant_outer_oof,participant,None,IGB00_03,participant::IGB00_03,2,2,20042,20042,2,1,False,"[0, 1, 2]","[0.131206332125558, 0.7462997361680919, 0.12249393170635013]",0.7462997361680919,0.12249393170635013,,none_multiclass_argmax,0.131206332125558,0.7462997361680919,0.12249393170635013
b16_lr1e-3,participant_outer_oof,participant,None,KMO19_01,participant::KMO19_01,2,2,20042,20042,1,0,False,"[0, 1, 2]","[0.8536356714928853, 0.08326770750154476, 0.06309662100556991]",0.8536356714928853,0.08326770750154476,,none_multiclass_argmax,0.8536356714928853,0.08326770750154476,0.06309662100556991
b16_lr1e-3,participant_outer_oof,participant,None,MIE14_02,participant::MIE14_02,2,2,20042,20042,1,0,False,"[0, 1, 2]","[0.8508579445343636, 0.011206346357754486, 0.1379357091078819]",0.8508579445343636,0.011206346357754486,,none_multiclass_argmax,0.8508579445343636,0.011206346357754486,0.1379357091078819
b16_lr1e-3,participant_outer_oof,participant,None,SJI29_02,participant::SJI29_02,2,2,20042,20042,2,2,True,"[0, 1, 2]","[0.0003628848773135271, 0.45219299000755747, 0.547444125115129]",0.547444125115129,0.547444125115129,,none_multiclass_argmax,0.0003628848773135271,0.45219299000755747,0.547444125115129
b16_lr1e-3,participant_outer_oof,participant,None,STE072_01,participant::STE072_01,2,2,20042,20042,1,2,False,"[0, 1, 2]","[0.3986335173379435, 0.15937970230910245, 0.44198678035295413]",0.44198678035295413,0.15937970230910245,,none_multiclass_argmax,0.3986335173379435,0.15937970230910245,0.44198678035295413
b16_lr1e-3,participant_outer_oof,participant,None,BRA36_02,participant::BRA36_02,2,3,20042,20042,0,0,True,"[0, 1, 2]","[0.8148723435312575, 0.18511565888555717, 1.1997583185376086e-05]",0.8148723435312575,0.8148723435312575,,none_multiclass_argmax,0.8148723435312575,0.18511565888555717,1.1997583185376086e-05
b16_lr1e-3,participant_outer_oof,participant,None,EE_02,participant::EE_02,2,3,20042,20042,2,1,False,"[0, 1, 2]","[0.10586725079151474, 0.8910311718790991, 0.0031015773293862525]",0.8910311718790991,0.0031015773293862525,,none_multiclass_argmax,0.10586725079151474,0.8910311718790991,0.0031015773293862525
b16_lr1e-3,participant_outer_oof,participant,None,INE13_04,participant::INE13_04,2,3,20042,20042,0,1,False,"[0, 1, 2]","[0.4021455015031429, 0.5978506912494037, 3.8072474533951737e-06]",0.5978506912494037,0.4021455015031429,,none_multiclass_argmax,0.4021455015031429,0.5978506912494037,3.8072474533951737e-06
b16_lr1e-3,participant_outer_oof,participant,None,MHT21_03,participant::MHT21_03,2,3,20042,20042,1,1,True,"[0, 1, 2]","[0.013040878888075053, 0.9653031380588514, 0.02165598305307361]",0.9653031380588514,0.9653031380588514,,none_multiclass_argmax,0.013040878888075053,0.9653031380588514,0.02165598305307361
b16_lr1e-3,participant_outer_oof,participant,None,MKU07_04,participant::MKU07_04,2,3,20042,20042,1,1,True,"[0, 1, 2]","[0.0062103425273890445, 0.9935940019652836, 0.00019565550732733158]",0.9935940019652836,0.9935940019652836,,none_multiclass_argmax,0.0062103425273890445,0.9935940019652836,0.00019565550732733158
b16_lr1e-3,participant_outer_oof,participant,None,MOA19_03,participant::MOA19_03,2,3,20042,20042,2,2,True,"[0, 1, 2]","[0.4386149801406033, 0.004549215399071521, 0.5568358044603253]",0.5568358044603253,0.5568358044603253,,none_multiclass_argmax,0.4386149801406033,0.004549215399071521,0.5568358044603253
b16_lr1e-3,participant_outer_oof,participant,None,ERO01_02,participant::ERO01_02,2,4,20042,20042,1,1,True,"[0, 1, 2]","[0.22845353067843663, 0.7217124311326434, 0.04983403818892008]",0.7217124311326434,0.7217124311326434,,none_multiclass_argmax,0.22845353067843663,0.7217124311326434,0.04983403818892008
b16_lr1e-3,participant_outer_oof,participant,None,GDO22_03,participant::GDO22_03,2,4,20042,20042,0,1,False,"[0, 1, 2]","[0.31264541349201963, 0.43300334810620456, 0.25435123840177587]",0.43300334810620456,0.31264541349201963,,none_multiclass_argmax,0.31264541349201963,0.43300334810620456,0.25435123840177587
b16_lr1e-3,participant_outer_oof,participant,None,SDI19_04,participant::SDI19_04,2,4,20042,20042,2,1,False,"[0, 1, 2]","[0.012448327577563579, 0.8871458521678022, 0.10040582025463426]",0.8871458521678022,0.10040582025463426,,none_multiclass_argmax,0.012448327577563579,0.8871458521678022,0.10040582025463426
b16_lr1e-3,participant_outer_oof,participant,None,TSR08_01,participant::TSR08_01,2,4,20042,20042,0,1,False,"[0, 1, 2]","[0.180645571518389, 0.7839687030746341, 0.035385725406977]",0.7839687030746341,0.180645571518389,,none_multiclass_argmax,0.180645571518389,0.7839687030746341,0.035385725406977
b16_lr1e-3,participant_outer_oof,participant,None,UTI13_04,participant::UTI13_04,2,4,20042,20042,1,1,True,"[0, 1, 2]","[0.1318372395386384, 0.743053748673895, 0.12510901178746664]",0.743053748673895,0.743053748673895,,none_multiclass_argmax,0.1318372395386384,0.743053748673895,0.12510901178746664
b16_lr1e-3,participant_outer_oof,participant,None,ERL70_04,participant::ERL70_04,3,0,30042,30042,2,2,True,"[0, 1, 2]","[0.05516436638344045, 0.10120922510893099, 0.8436264085076286]",0.8436264085076286,0.8436264085076286,,none_multiclass_argmax,0.05516436638344045,0.10120922510893099,0.8436264085076286
b16_lr1e-3,participant_outer_oof,participant,None,HEA19_04,participant::HEA19_04,3,0,30042,30042,1,1,True,"[0, 1, 2]","[0.014852793772099249, 0.9389996231203391, 0.046147583107561646]",0.9389996231203391,0.9389996231203391,,none_multiclass_argmax,0.014852793772099249,0.9389996231203391,0.046147583107561646
b16_lr1e-3,participant_outer_oof,participant,None,HZA20_02,participant::HZA20_02,3,0,30042,30042,0,1,False,"[0, 1, 2]","[0.46873967729858723, 0.5251132844256486, 0.006147038275764132]",0.5251132844256486,0.46873967729858723,,none_multiclass_argmax,0.46873967729858723,0.5251132844256486,0.006147038275764132
b16_lr1e-3,participant_outer_oof,participant,None,INE13_04,participant::INE13_04,3,0,30042,30042,0,0,True,"[0, 1, 2]","[0.6993189809089708, 0.29969727014496417, 0.0009837489460650891]",0.6993189809089708,0.6993189809089708,,none_multiclass_argmax,0.6993189809089708,0.29969727014496417,0.0009837489460650891
b16_lr1e-3,participant_outer_oof,participant,None,MIE14_02,participant::MIE14_02,3,0,30042,30042,1,0,False,"[0, 1, 2]","[0.7902827131299045, 0.16036007606622799, 0.04935721080386754]",0.7902827131299045,0.16036007606622799,,none_multiclass_argmax,0.7902827131299045,0.16036007606622799,0.04935721080386754
b16_lr1e-3,participant_outer_oof,participant,None,UTI13_04,participant::UTI13_04,3,0,30042,30042,1,1,True,"[0, 1, 2]","[0.1261533330621844, 0.8707573435835765, 0.0030893233542390645]",0.8707573435835765,0.8707573435835765,,none_multiclass_argmax,0.1261533330621844,0.8707573435835765,0.0030893233542390645
b16_lr1e-3,participant_outer_oof,participant,None,AKE28_03,participant::AKE28_03,3,1,30042,30042,1,1,True,"[0, 1, 2]","[0.15200543477456202, 0.7471910709101336, 0.10080349431530436]",0.7471910709101336,0.7471910709101336,,none_multiclass_argmax,0.15200543477456202,0.7471910709101336,0.10080349431530436
b16_lr1e-3,participant_outer_oof,participant,None,AKO19_01,participant::AKO19_01,3,1,30042,30042,2,2,True,"[0, 1, 2]","[1.1510945546467189e-05, 0.014536705847030821, 0.9854517832074228]",0.9854517832074228,0.9854517832074228,,none_multiclass_argmax,1.1510945546467189e-05,0.014536705847030821,0.9854517832074228
b16_lr1e-3,participant_outer_oof,participant,None,AMI33_01,participant::AMI33_01,3,1,30042,30042,0,1,False,"[0, 1, 2]","[0.014407926742194476, 0.7734965086495388, 0.21209556460826678]",0.7734965086495388,0.014407926742194476,,none_multiclass_argmax,0.014407926742194476,0.7734965086495388,0.21209556460826678
b16_lr1e-3,participant_outer_oof,participant,None,EE_02,participant::EE_02,3,1,30042,30042,2,1,False,"[0, 1, 2]","[0.4192719336058648, 0.5719214316362309, 0.00880663475790437]",0.5719214316362309,0.00880663475790437,,none_multiclass_argmax,0.4192719336058648,0.5719214316362309,0.00880663475790437
b16_lr1e-3,participant_outer_oof,participant,None,MHT21_03,participant::MHT21_03,3,1,30042,30042,1,1,True,"[0, 1, 2]","[0.013796382962420188, 0.9143433780794621, 0.07186023895811776]",0.9143433780794621,0.9143433780794621,,none_multiclass_argmax,0.013796382962420188,0.9143433780794621,0.07186023895811776
b16_lr1e-3,participant_outer_oof,participant,None,MIA82_04,participant::MIA82_04,3,1,30042,30042,0,1,False,"[0, 1, 2]","[0.2580076195365348, 0.7320299347612379, 0.00996244570222735]",0.7320299347612379,0.2580076195365348,,none_multiclass_argmax,0.2580076195365348,0.7320299347612379,0.00996244570222735
b16_lr1e-3,participant_outer_oof,participant,None,ATA20_01,participant::ATA20_01,3,2,30042,30042,0,0,True,"[0, 1, 2]","[0.8056561751500037, 0.19211126330719125, 0.002232561542805183]",0.8056561751500037,0.8056561751500037,,none_multiclass_argmax,0.8056561751500037,0.19211126330719125,0.002232561542805183
b16_lr1e-3,participant_outer_oof,participant,None,ERO01_02,participant::ERO01_02,3,2,30042,30042,1,1,True,"[0, 1, 2]","[0.38275687762667004, 0.6127390910482635, 0.004504031325066523]",0.6127390910482635,0.6127390910482635,,none_multiclass_argmax,0.38275687762667004,0.6127390910482635,0.004504031325066523
b16_lr1e-3,participant_outer_oof,participant,None,GME22_02,participant::GME22_02,3,2,30042,30042,0,1,False,"[0, 1, 2]","[0.317987696973833, 0.5408885640163651, 0.1411237390098019]",0.5408885640163651,0.317987696973833,,none_multiclass_argmax,0.317987696973833,0.5408885640163651,0.1411237390098019
b16_lr1e-3,participant_outer_oof,participant,None,MKU07_04,participant::MKU07_04,3,2,30042,30042,1,1,True,"[0, 1, 2]","[0.03242565875044813, 0.9641597645728477, 0.003414576676704158]",0.9641597645728477,0.9641597645728477,,none_multiclass_argmax,0.03242565875044813,0.9641597645728477,0.003414576676704158
b16_lr1e-3,participant_outer_oof,participant,None,MOA19_03,participant::MOA19_03,3,2,30042,30042,2,2,True,"[0, 1, 2]","[0.4777252478077053, 6.783450744055143e-05, 0.5222069176848542]",0.5222069176848542,0.5222069176848542,,none_multiclass_argmax,0.4777252478077053,6.783450744055143e-05,0.5222069176848542
b16_lr1e-3,participant_outer_oof,participant,None,SJI29_02,participant::SJI29_02,3,2,30042,30042,2,2,True,"[0, 1, 2]","[0.0001615177990147435, 0.16161775711427168, 0.8382207250867135]",0.8382207250867135,0.8382207250867135,,none_multiclass_argmax,0.0001615177990147435,0.16161775711427168,0.8382207250867135
b16_lr1e-3,participant_outer_oof,participant,None,AB_01,participant::AB_01,3,3,30042,30042,2,2,True,"[0, 1, 2]","[0.014414545688077585, 0.440000503613062, 0.5455849506988604]",0.5455849506988604,0.5455849506988604,,none_multiclass_argmax,0.014414545688077585,0.440000503613062,0.5455849506988604
b16_lr1e-3,participant_outer_oof,participant,None,BRA36_02,participant::BRA36_02,3,3,30042,30042,0,0,True,"[0, 1, 2]","[0.7819390253029599, 0.06243578527064056, 0.15562518942639952]",0.7819390253029599,0.7819390253029599,,none_multiclass_argmax,0.7819390253029599,0.06243578527064056,0.15562518942639952
b16_lr1e-3,participant_outer_oof,participant,None,FNA75_03,participant::FNA75_03,3,3,30042,30042,1,2,False,"[0, 1, 2]","[0.15621102054055114, 0.3427606417981575, 0.5010283376612914]",0.5010283376612914,0.3427606417981575,,none_multiclass_argmax,0.15621102054055114,0.3427606417981575,0.5010283376612914
b16_lr1e-3,participant_outer_oof,participant,None,GDO22_03,participant::GDO22_03,3,3,30042,30042,0,1,False,"[0, 1, 2]","[0.32741679720908407, 0.6621584096596034, 0.010424793131312558]",0.6621584096596034,0.32741679720908407,,none_multiclass_argmax,0.32741679720908407,0.6621584096596034,0.010424793131312558
b16_lr1e-3,participant_outer_oof,participant,None,IGB00_03,participant::IGB00_03,3,3,30042,30042,2,1,False,"[0, 1, 2]","[0.1554906118024811, 0.8082861870995598, 0.03622320109795917]",0.8082861870995598,0.03622320109795917,,none_multiclass_argmax,0.1554906118024811,0.8082861870995598,0.03622320109795917
b16_lr1e-3,participant_outer_oof,participant,None,KMO19_01,participant::KMO19_01,3,3,30042,30042,1,0,False,"[0, 1, 2]","[0.7438606064603912, 0.21029085953003285, 0.04584853400957605]",0.7438606064603912,0.21029085953003285,,none_multiclass_argmax,0.7438606064603912,0.21029085953003285,0.04584853400957605
b16_lr1e-3,participant_outer_oof,participant,None,GRU27_01,participant::GRU27_01,3,4,30042,30042,1,1,True,"[0, 1, 2]","[0.007903743556265426, 0.6203262764577917, 0.3717699799859429]",0.6203262764577917,0.6203262764577917,,none_multiclass_argmax,0.007903743556265426,0.6203262764577917,0.3717699799859429
b16_lr1e-3,participant_outer_oof,participant,None,MSE28_01,participant::MSE28_01,3,4,30042,30042,1,1,True,"[0, 1, 2]","[0.042368409671235445, 0.9541015130607708, 0.0035300772679938]",0.9541015130607708,0.9541015130607708,,none_multiclass_argmax,0.042368409671235445,0.9541015130607708,0.0035300772679938
b16_lr1e-3,participant_outer_oof,participant,None,SDI19_04,participant::SDI19_04,3,4,30042,30042,2,2,True,"[0, 1, 2]","[0.0005447257737005893, 0.3692245485752592, 0.6302307256510402]",0.6302307256510402,0.6302307256510402,,none_multiclass_argmax,0.0005447257737005893,0.3692245485752592,0.6302307256510402
b16_lr1e-3,participant_outer_oof,participant,None,STE072_01,participant::STE072_01,3,4,30042,30042,1,1,True,"[0, 1, 2]","[0.20704134280129774, 0.6841452954932137, 0.10881336170548861]",0.6841452954932137,0.6841452954932137,,none_multiclass_argmax,0.20704134280129774,0.6841452954932137,0.10881336170548861
b16_lr1e-3,participant_outer_oof,participant,None,TSR08_01,participant::TSR08_01,3,4,30042,30042,0,1,False,"[0, 1, 2]","[0.4327485618444652, 0.5660687483175605, 0.0011826898379743527]",0.5660687483175605,0.4327485618444652,,none_multiclass_argmax,0.4327485618444652,0.5660687483175605,0.0011826898379743527
b16_lr1e-3,participant_outer_oof,participant,None,AB_01,participant::AB_01,4,0,40042,40042,2,2,True,"[0, 1, 2]","[0.0691411432279949, 0.334636872309039, 0.5962219844629661]",0.5962219844629661,0.5962219844629661,,none_multiclass_argmax,0.0691411432279949,0.334636872309039,0.5962219844629661
b16_lr1e-3,participant_outer_oof,participant,None,AKO19_01,participant::AKO19_01,4,0,40042,40042,2,2,True,"[0, 1, 2]","[0.002191066856052504, 0.03028550054318384, 0.9675234326007637]",0.9675234326007637,0.9675234326007637,,none_multiclass_argmax,0.002191066856052504,0.03028550054318384,0.9675234326007637
b16_lr1e-3,participant_outer_oof,participant,None,BRA36_02,participant::BRA36_02,4,0,40042,40042,0,0,True,"[0, 1, 2]","[0.9885261201477384, 0.007154580795958201, 0.004319299056303355]",0.9885261201477384,0.9885261201477384,,none_multiclass_argmax,0.9885261201477384,0.007154580795958201,0.004319299056303355
b16_lr1e-3,participant_outer_oof,participant,None,INE13_04,participant::INE13_04,4,0,40042,40042,0,1,False,"[0, 1, 2]","[0.43829048374143803, 0.5371337044128031, 0.02457581184575896]",0.5371337044128031,0.43829048374143803,,none_multiclass_argmax,0.43829048374143803,0.5371337044128031,0.02457581184575896
b16_lr1e-3,participant_outer_oof,participant,None,KMO19_01,participant::KMO19_01,4,0,40042,40042,1,0,False,"[0, 1, 2]","[0.8657440624250682, 0.04190153477848549, 0.09235440279644641]",0.8657440624250682,0.04190153477848549,,none_multiclass_argmax,0.8657440624250682,0.04190153477848549,0.09235440279644641
b16_lr1e-3,participant_outer_oof,participant,None,UTI13_04,participant::UTI13_04,4,0,40042,40042,1,1,True,"[0, 1, 2]","[0.33793724120024465, 0.6594651322328549, 0.002597626566900481]",0.6594651322328549,0.6594651322328549,,none_multiclass_argmax,0.33793724120024465,0.6594651322328549,0.002597626566900481
b16_lr1e-3,participant_outer_oof,participant,None,EE_02,participant::EE_02,4,1,40042,40042,2,1,False,"[0, 1, 2]","[0.4329860499587752, 0.5472930906786833, 0.019720859362541632]",0.5472930906786833,0.019720859362541632,,none_multiclass_argmax,0.4329860499587752,0.5472930906786833,0.019720859362541632
b16_lr1e-3,participant_outer_oof,participant,None,ERO01_02,participant::ERO01_02,4,1,40042,40042,1,0,False,"[0, 1, 2]","[0.5890661716701002, 0.4068595863900184, 0.004074241939881368]",0.5890661716701002,0.4068595863900184,,none_multiclass_argmax,0.5890661716701002,0.4068595863900184,0.004074241939881368
b16_lr1e-3,participant_outer_oof,participant,None,FNA75_03,participant::FNA75_03,4,1,40042,40042,1,0,False,"[0, 1, 2]","[0.6673514883817377, 0.3264941910935177, 0.006154320524744627]",0.6673514883817377,0.3264941910935177,,none_multiclass_argmax,0.6673514883817377,0.3264941910935177,0.006154320524744627
b16_lr1e-3,participant_outer_oof,participant,None,GDO22_03,participant::GDO22_03,4,1,40042,40042,0,0,True,"[0, 1, 2]","[0.7096800369539513, 0.2865662907803511, 0.0037536722656975317]",0.7096800369539513,0.7096800369539513,,none_multiclass_argmax,0.7096800369539513,0.2865662907803511,0.0037536722656975317
b16_lr1e-3,participant_outer_oof,participant,None,GRU27_01,participant::GRU27_01,4,1,40042,40042,1,1,True,"[0, 1, 2]","[0.01635783201489673, 0.7517732008055509, 0.2318689671795525]",0.7517732008055509,0.7517732008055509,,none_multiclass_argmax,0.01635783201489673,0.7517732008055509,0.2318689671795525
b16_lr1e-3,participant_outer_oof,participant,None,TSR08_01,participant::TSR08_01,4,1,40042,40042,0,0,True,"[0, 1, 2]","[0.7072590707898334, 0.28149952803351114, 0.011241401176655482]",0.7072590707898334,0.7072590707898334,,none_multiclass_argmax,0.7072590707898334,0.28149952803351114,0.011241401176655482
b16_lr1e-3,participant_outer_oof,participant,None,AKE28_03,participant::AKE28_03,4,2,40042,40042,1,1,True,"[0, 1, 2]","[0.4838974863504113, 0.5024660745043443, 0.013636439145244449]",0.5024660745043443,0.5024660745043443,,none_multiclass_argmax,0.4838974863504113,0.5024660745043443,0.013636439145244449
b16_lr1e-3,participant_outer_oof,participant,None,ATA20_01,participant::ATA20_01,4,2,40042,40042,0,0,True,"[0, 1, 2]","[0.8678508174537107, 0.13214449057929298, 4.691966996222161e-06]",0.8678508174537107,0.8678508174537107,,none_multiclass_argmax,0.8678508174537107,0.13214449057929298,4.691966996222161e-06
b16_lr1e-3,participant_outer_oof,participant,None,ERL70_04,participant::ERL70_04,4,2,40042,40042,2,2,True,"[0, 1, 2]","[0.1535291199429495, 0.08529318333601031, 0.7611776967210402]",0.7611776967210402,0.7611776967210402,,none_multiclass_argmax,0.1535291199429495,0.08529318333601031,0.7611776967210402
b16_lr1e-3,participant_outer_oof,participant,None,GME22_02,participant::GME22_02,4,2,40042,40042,0,1,False,"[0, 1, 2]","[0.38012169613404523, 0.584109139227885, 0.035769164638069846]",0.584109139227885,0.38012169613404523,,none_multiclass_argmax,0.38012169613404523,0.584109139227885,0.035769164638069846
b16_lr1e-3,participant_outer_oof,participant,None,MIE14_02,participant::MIE14_02,4,2,40042,40042,1,0,False,"[0, 1, 2]","[0.9474930603276632, 0.04481155168360398, 0.007695387988732829]",0.9474930603276632,0.04481155168360398,,none_multiclass_argmax,0.9474930603276632,0.04481155168360398,0.007695387988732829
b16_lr1e-3,participant_outer_oof,participant,None,MKU07_04,participant::MKU07_04,4,2,40042,40042,1,1,True,"[0, 1, 2]","[0.32663731882300034, 0.6599820366054493, 0.013380644571550405]",0.6599820366054493,0.6599820366054493,,none_multiclass_argmax,0.32663731882300034,0.6599820366054493,0.013380644571550405
b16_lr1e-3,participant_outer_oof,participant,None,HZA20_02,participant::HZA20_02,4,3,40042,40042,0,1,False,"[0, 1, 2]","[0.37797092102996194, 0.5960319648469852, 0.025997114123052945]",0.5960319648469852,0.37797092102996194,,none_multiclass_argmax,0.37797092102996194,0.5960319648469852,0.025997114123052945
b16_lr1e-3,participant_outer_oof,participant,None,IGB00_03,participant::IGB00_03,4,3,40042,40042,2,1,False,"[0, 1, 2]","[0.053402127853935596, 0.8897528509127972, 0.05684502123326723]",0.8897528509127972,0.05684502123326723,,none_multiclass_argmax,0.053402127853935596,0.8897528509127972,0.05684502123326723
b16_lr1e-3,participant_outer_oof,participant,None,MSE28_01,participant::MSE28_01,4,3,40042,40042,1,1,True,"[0, 1, 2]","[0.00956241098923916, 0.9875707031380354, 0.0028668858727255372]",0.9875707031380354,0.9875707031380354,,none_multiclass_argmax,0.00956241098923916,0.9875707031380354,0.0028668858727255372
b16_lr1e-3,participant_outer_oof,participant,None,SJI29_02,participant::SJI29_02,4,3,40042,40042,2,2,True,"[0, 1, 2]","[8.200661068947811e-05, 0.442942624575841, 0.5569753688134695]",0.5569753688134695,0.5569753688134695,,none_multiclass_argmax,8.200661068947811e-05,0.442942624575841,0.5569753688134695
b16_lr1e-3,participant_outer_oof,participant,None,STE072_01,participant::STE072_01,4,3,40042,40042,1,1,True,"[0, 1, 2]","[0.03486695591742807, 0.672069029742931, 0.29306401433964097]",0.672069029742931,0.672069029742931,,none_multiclass_argmax,0.03486695591742807,0.672069029742931,0.29306401433964097
b16_lr1e-3,participant_outer_oof,participant,None,AMI33_01,participant::AMI33_01,4,4,40042,40042,0,1,False,"[0, 1, 2]","[0.03921278907372366, 0.7974089826599352, 0.16337822826634119]",0.7974089826599352,0.03921278907372366,,none_multiclass_argmax,0.03921278907372366,0.7974089826599352,0.16337822826634119
b16_lr1e-3,participant_outer_oof,participant,None,HEA19_04,participant::HEA19_04,4,4,40042,40042,1,1,True,"[0, 1, 2]","[0.024070851591476032, 0.5722024700543045, 0.4037266783542195]",0.5722024700543045,0.5722024700543045,,none_multiclass_argmax,0.024070851591476032,0.5722024700543045,0.4037266783542195
b16_lr1e-3,participant_outer_oof,participant,None,MHT21_03,participant::MHT21_03,4,4,40042,40042,1,1,True,"[0, 1, 2]","[0.03132280553177306, 0.7903248826831475, 0.1783523117850795]",0.7903248826831475,0.7903248826831475,,none_multiclass_argmax,0.03132280553177306,0.7903248826831475,0.1783523117850795
b16_lr1e-3,participant_outer_oof,participant,None,MIA82_04,participant::MIA82_04,4,4,40042,40042,0,1,False,"[0, 1, 2]","[0.1453711775212307, 0.8467807342718308, 0.007848088206938487]",0.8467807342718308,0.1453711775212307,,none_multiclass_argmax,0.1453711775212307,0.8467807342718308,0.007848088206938487
b16_lr1e-3,participant_outer_oof,participant,None,MOA19_03,participant::MOA19_03,4,4,40042,40042,2,2,True,"[0, 1, 2]","[0.024732981742190942, 0.0368597707279014, 0.9384072475299077]",0.9384072475299077,0.9384072475299077,,none_multiclass_argmax,0.024732981742190942,0.0368597707279014,0.9384072475299077
b16_lr1e-3,participant_outer_oof,participant,None,SDI19_04,participant::SDI19_04,4,4,40042,40042,2,1,False,"[0, 1, 2]","[0.0007095643122666089, 0.7114982497383007, 0.28779218594943273]",0.7114982497383007,0.28779218594943273,,none_multiclass_argmax,0.0007095643122666089,0.7114982497383007,0.28779218594943273
b32_lr3e-4,participant_outer_oof,participant,None,AMI33_01,participant::AMI33_01,0,0,42,42,0,2,False,"[0, 1, 2]","[0.09241058478227214, 0.1303326769891917, 0.7772567382285362]",0.7772567382285362,0.09241058478227214,,none_multiclass_argmax,0.09241058478227214,0.1303326769891917,0.7772567382285362
b32_lr3e-4,participant_outer_oof,participant,None,EE_02,participant::EE_02,0,0,42,42,2,0,False,"[0, 1, 2]","[0.5023960447718779, 0.42404057182479205, 0.07356338340333007]",0.5023960447718779,0.07356338340333007,,none_multiclass_argmax,0.5023960447718779,0.42404057182479205,0.07356338340333007
b32_lr3e-4,participant_outer_oof,participant,None,FNA75_03,participant::FNA75_03,0,0,42,42,1,2,False,"[0, 1, 2]","[0.37181882948352774, 0.2494926661440915, 0.3786885043723808]",0.3786885043723808,0.2494926661440915,,none_multiclass_argmax,0.37181882948352774,0.2494926661440915,0.3786885043723808
b32_lr3e-4,participant_outer_oof,participant,None,IGB00_03,participant::IGB00_03,0,0,42,42,2,2,True,"[0, 1, 2]","[0.039455771786592334, 0.40059189242274995, 0.5599523357906577]",0.5599523357906577,0.5599523357906577,,none_multiclass_argmax,0.039455771786592334,0.40059189242274995,0.5599523357906577
b32_lr3e-4,participant_outer_oof,participant,None,MHT21_03,participant::MHT21_03,0,0,42,42,1,2,False,"[0, 1, 2]","[0.019172964709581287, 0.4114653320057211, 0.5693617032846977]",0.5693617032846977,0.4114653320057211,,none_multiclass_argmax,0.019172964709581287,0.4114653320057211,0.5693617032846977
b32_lr3e-4,participant_outer_oof,participant,None,TSR08_01,participant::TSR08_01,0,0,42,42,0,0,True,"[0, 1, 2]","[0.5461526248304222, 0.24560002707042955, 0.20824734809914822]",0.5461526248304222,0.5461526248304222,,none_multiclass_argmax,0.5461526248304222,0.24560002707042955,0.20824734809914822
b32_lr3e-4,participant_outer_oof,participant,None,AKO19_01,participant::AKO19_01,0,1,42,42,2,2,True,"[0, 1, 2]","[0.0022066419140051646, 0.032762560052618045, 0.9650307980333768]",0.9650307980333768,0.9650307980333768,,none_multiclass_argmax,0.0022066419140051646,0.032762560052618045,0.9650307980333768
b32_lr3e-4,participant_outer_oof,participant,None,GDO22_03,participant::GDO22_03,0,1,42,42,0,0,True,"[0, 1, 2]","[0.6680230315139808, 0.27698845791518817, 0.054988510570831095]",0.6680230315139808,0.6680230315139808,,none_multiclass_argmax,0.6680230315139808,0.27698845791518817,0.054988510570831095
b32_lr3e-4,participant_outer_oof,participant,None,INE13_04,participant::INE13_04,0,1,42,42,0,0,True,"[0, 1, 2]","[0.850255815729944, 0.13450866977122883, 0.015235514498827162]",0.850255815729944,0.850255815729944,,none_multiclass_argmax,0.850255815729944,0.13450866977122883,0.015235514498827162
b32_lr3e-4,participant_outer_oof,participant,None,KMO19_01,participant::KMO19_01,0,1,42,42,1,0,False,"[0, 1, 2]","[0.852850643444222, 0.011842561213266807, 0.13530679534251128]",0.852850643444222,0.011842561213266807,,none_multiclass_argmax,0.852850643444222,0.011842561213266807,0.13530679534251128
b32_lr3e-4,participant_outer_oof,participant,None,MKU07_04,participant::MKU07_04,0,1,42,42,1,1,True,"[0, 1, 2]","[0.005097334203390492, 0.9277293439568932, 0.0671733218397163]",0.9277293439568932,0.9277293439568932,,none_multiclass_argmax,0.005097334203390492,0.9277293439568932,0.0671733218397163
b32_lr3e-4,participant_outer_oof,participant,None,UTI13_04,participant::UTI13_04,0,1,42,42,1,0,False,"[0, 1, 2]","[0.5713392626416882, 0.38120730975087436, 0.04745342760743751]",0.5713392626416882,0.38120730975087436,,none_multiclass_argmax,0.5713392626416882,0.38120730975087436,0.04745342760743751
b32_lr3e-4,participant_outer_oof,participant,None,AB_01,participant::AB_01,0,2,42,42,2,2,True,"[0, 1, 2]","[0.0018537538621356173, 0.08986335738737104, 0.9082828887504933]",0.9082828887504933,0.9082828887504933,,none_multiclass_argmax,0.0018537538621356173,0.08986335738737104,0.9082828887504933
b32_lr3e-4,participant_outer_oof,participant,None,GME22_02,participant::GME22_02,0,2,42,42,0,1,False,"[0, 1, 2]","[0.1564581607915595, 0.6793485220007773, 0.16419331720766311]",0.6793485220007773,0.1564581607915595,,none_multiclass_argmax,0.1564581607915595,0.6793485220007773,0.16419331720766311
b32_lr3e-4,participant_outer_oof,participant,None,GRU27_01,participant::GRU27_01,0,2,42,42,1,2,False,"[0, 1, 2]","[0.01745169766640979, 0.02134274783678607, 0.9612055544968041]",0.9612055544968041,0.02134274783678607,,none_multiclass_argmax,0.01745169766640979,0.02134274783678607,0.9612055544968041
b32_lr3e-4,participant_outer_oof,participant,None,HZA20_02,participant::HZA20_02,0,2,42,42,0,1,False,"[0, 1, 2]","[0.4214701826644037, 0.5289999308931961, 0.049529886442400306]",0.5289999308931961,0.4214701826644037,,none_multiclass_argmax,0.4214701826644037,0.5289999308931961,0.049529886442400306
b32_lr3e-4,participant_outer_oof,participant,None,MSE28_01,participant::MSE28_01,0,2,42,42,1,1,True,"[0, 1, 2]","[0.0873410800181986, 0.7415899880763717, 0.17106893190542974]",0.7415899880763717,0.7415899880763717,,none_multiclass_argmax,0.0873410800181986,0.7415899880763717,0.17106893190542974
b32_lr3e-4,participant_outer_oof,participant,None,SJI29_02,participant::SJI29_02,0,2,42,42,2,2,True,"[0, 1, 2]","[4.498097730216176e-05, 0.017408278198798196, 0.9825467408238997]",0.9825467408238997,0.9825467408238997,,none_multiclass_argmax,4.498097730216176e-05,0.017408278198798196,0.9825467408238997
b32_lr3e-4,participant_outer_oof,participant,None,AKE28_03,participant::AKE28_03,0,3,42,42,1,1,True,"[0, 1, 2]","[0.1296669562598775, 0.644857899746216, 0.22547514399390647]",0.644857899746216,0.644857899746216,,none_multiclass_argmax,0.1296669562598775,0.644857899746216,0.22547514399390647
b32_lr3e-4,participant_outer_oof,participant,None,BRA36_02,participant::BRA36_02,0,3,42,42,0,0,True,"[0, 1, 2]","[0.7165723762241986, 0.2813250790700676, 0.002102544705733945]",0.7165723762241986,0.7165723762241986,,none_multiclass_argmax,0.7165723762241986,0.2813250790700676,0.002102544705733945
b32_lr3e-4,participant_outer_oof,participant,None,ERL70_04,participant::ERL70_04,0,3,42,42,2,2,True,"[0, 1, 2]","[0.029317075023252256, 0.021117311860796212, 0.9495656131159516]",0.9495656131159516,0.9495656131159516,,none_multiclass_argmax,0.029317075023252256,0.021117311860796212,0.9495656131159516
b32_lr3e-4,participant_outer_oof,participant,None,MIA82_04,participant::MIA82_04,0,3,42,42,0,1,False,"[0, 1, 2]","[0.4418972608118775, 0.5572660882519815, 0.0008366509361409381]",0.5572660882519815,0.4418972608118775,,none_multiclass_argmax,0.4418972608118775,0.5572660882519815,0.0008366509361409381
b32_lr3e-4,participant_outer_oof,participant,None,MOA19_03,participant::MOA19_03,0,3,42,42,2,2,True,"[0, 1, 2]","[0.1697136411488333, 0.008215392926675065, 0.8220709659244917]",0.8220709659244917,0.8220709659244917,,none_multiclass_argmax,0.1697136411488333,0.008215392926675065,0.8220709659244917
b32_lr3e-4,participant_outer_oof,participant,None,STE072_01,participant::STE072_01,0,3,42,42,1,2,False,"[0, 1, 2]","[0.1482093720448097, 0.35372753059763296, 0.4980630973575573]",0.4980630973575573,0.35372753059763296,,none_multiclass_argmax,0.1482093720448097,0.35372753059763296,0.4980630973575573
b32_lr3e-4,participant_outer_oof,participant,None,ATA20_01,participant::ATA20_01,0,4,42,42,0,0,True,"[0, 1, 2]","[0.908948162714981, 0.07282937444583648, 0.018222462839182538]",0.908948162714981,0.908948162714981,,none_multiclass_argmax,0.908948162714981,0.07282937444583648,0.018222462839182538
b32_lr3e-4,participant_outer_oof,participant,None,ERO01_02,participant::ERO01_02,0,4,42,42,1,0,False,"[0, 1, 2]","[0.9629685221828986, 0.027191469350815217, 0.00984000846628621]",0.9629685221828986,0.027191469350815217,,none_multiclass_argmax,0.9629685221828986,0.027191469350815217,0.00984000846628621
b32_lr3e-4,participant_outer_oof,participant,None,HEA19_04,participant::HEA19_04,0,4,42,42,1,2,False,"[0, 1, 2]","[0.12044648079219593, 0.038383831425701016, 0.8411696877821031]",0.8411696877821031,0.038383831425701016,,none_multiclass_argmax,0.12044648079219593,0.038383831425701016,0.8411696877821031
b32_lr3e-4,participant_outer_oof,participant,None,MIE14_02,participant::MIE14_02,0,4,42,42,1,0,False,"[0, 1, 2]","[0.8608634115954086, 0.005838126013214173, 0.13329846239137727]",0.8608634115954086,0.005838126013214173,,none_multiclass_argmax,0.8608634115954086,0.005838126013214173,0.13329846239137727
b32_lr3e-4,participant_outer_oof,participant,None,SDI19_04,participant::SDI19_04,0,4,42,42,2,1,False,"[0, 1, 2]","[0.007629627284942763, 0.6372502520408931, 0.3551201206741641]",0.6372502520408931,0.3551201206741641,,none_multiclass_argmax,0.007629627284942763,0.6372502520408931,0.3551201206741641
b32_lr3e-4,participant_outer_oof,participant,None,AKE28_03,participant::AKE28_03,1,0,10042,10042,1,1,True,"[0, 1, 2]","[0.468153212137787, 0.5058197886120481, 0.026026999250164974]",0.5058197886120481,0.5058197886120481,,none_multiclass_argmax,0.468153212137787,0.5058197886120481,0.026026999250164974
b32_lr3e-4,participant_outer_oof,participant,None,AMI33_01,participant::AMI33_01,1,0,10042,10042,0,1,False,"[0, 1, 2]","[0.35401634140901417, 0.6176687246388147, 0.028314933952171134]",0.6176687246388147,0.35401634140901417,,none_multiclass_argmax,0.35401634140901417,0.6176687246388147,0.028314933952171134
b32_lr3e-4,participant_outer_oof,participant,None,EE_02,participant::EE_02,1,0,10042,10042,2,0,False,"[0, 1, 2]","[0.7423030399276744, 0.25596670965179374, 0.0017302504205317722]",0.7423030399276744,0.0017302504205317722,,none_multiclass_argmax,0.7423030399276744,0.25596670965179374,0.0017302504205317722
b32_lr3e-4,participant_outer_oof,participant,None,GDO22_03,participant::GDO22_03,1,0,10042,10042,0,0,True,"[0, 1, 2]","[0.7896197945902079, 0.20881659421476687, 0.0015636111950252426]",0.7896197945902079,0.7896197945902079,,none_multiclass_argmax,0.7896197945902079,0.20881659421476687,0.0015636111950252426
b32_lr3e-4,participant_outer_oof,participant,None,MHT21_03,participant::MHT21_03,1,0,10042,10042,1,1,True,"[0, 1, 2]","[0.3702961244158222, 0.622708841706985, 0.006995033877192702]",0.622708841706985,0.622708841706985,,none_multiclass_argmax,0.3702961244158222,0.622708841706985,0.006995033877192702
b32_lr3e-4,participant_outer_oof,participant,None,MKU07_04,participant::MKU07_04,1,0,10042,10042,1,1,True,"[0, 1, 2]","[0.43908019223773803, 0.5541656515453655, 0.006754156216896582]",0.5541656515453655,0.5541656515453655,,none_multiclass_argmax,0.43908019223773803,0.5541656515453655,0.006754156216896582
b32_lr3e-4,participant_outer_oof,participant,None,MOA19_03,participant::MOA19_03,1,0,10042,10042,2,0,False,"[0, 1, 2]","[0.5781007599479736, 0.08587183023715837, 0.33602740981486806]",0.5781007599479736,0.33602740981486806,,none_multiclass_argmax,0.5781007599479736,0.08587183023715837,0.33602740981486806
b32_lr3e-4,participant_outer_oof,participant,None,AKO19_01,participant::AKO19_01,1,1,10042,10042,2,2,True,"[0, 1, 2]","[0.0011320488612476106, 0.007908581750162142, 0.9909593693885903]",0.9909593693885903,0.9909593693885903,,none_multiclass_argmax,0.0011320488612476106,0.007908581750162142,0.9909593693885903
b32_lr3e-4,participant_outer_oof,participant,None,HZA20_02,participant::HZA20_02,1,1,10042,10042,0,0,True,"[0, 1, 2]","[0.7249202292132616, 0.21210719485090962, 0.06297257593582888]",0.7249202292132616,0.7249202292132616,,none_multiclass_argmax,0.7249202292132616,0.21210719485090962,0.06297257593582888
b32_lr3e-4,participant_outer_oof,participant,None,KMO19_01,participant::KMO19_01,1,1,10042,10042,1,0,False,"[0, 1, 2]","[0.7963334929390453, 0.03962045379459131, 0.16404605326636343]",0.7963334929390453,0.03962045379459131,,none_multiclass_argmax,0.7963334929390453,0.03962045379459131,0.16404605326636343
b32_lr3e-4,participant_outer_oof,participant,None,MSE28_01,participant::MSE28_01,1,1,10042,10042,1,1,True,"[0, 1, 2]","[0.05907195423177715, 0.9298840764537226, 0.011043969314500284]",0.9298840764537226,0.9298840764537226,,none_multiclass_argmax,0.05907195423177715,0.9298840764537226,0.011043969314500284
b32_lr3e-4,participant_outer_oof,participant,None,SDI19_04,participant::SDI19_04,1,1,10042,10042,2,1,False,"[0, 1, 2]","[0.005841397000485513, 0.6935760501773771, 0.30058255282213747]",0.6935760501773771,0.30058255282213747,,none_multiclass_argmax,0.005841397000485513,0.6935760501773771,0.30058255282213747
b32_lr3e-4,participant_outer_oof,participant,None,STE072_01,participant::STE072_01,1,1,10042,10042,1,2,False,"[0, 1, 2]","[0.34790116841276153, 0.29098029497993705, 0.3611185366073015]",0.3611185366073015,0.29098029497993705,,none_multiclass_argmax,0.34790116841276153,0.29098029497993705,0.3611185366073015
b32_lr3e-4,participant_outer_oof,participant,None,ERL70_04,participant::ERL70_04,1,2,10042,10042,2,2,True,"[0, 1, 2]","[0.09771230347556778, 0.05544571202721976, 0.8468419844972125]",0.8468419844972125,0.8468419844972125,,none_multiclass_argmax,0.09771230347556778,0.05544571202721976,0.8468419844972125
b32_lr3e-4,participant_outer_oof,participant,None,GRU27_01,participant::GRU27_01,1,2,10042,10042,1,1,True,"[0, 1, 2]","[0.011911933600998686, 0.560434338917874, 0.4276537274811273]",0.560434338917874,0.560434338917874,,none_multiclass_argmax,0.011911933600998686,0.560434338917874,0.4276537274811273
b32_lr3e-4,participant_outer_oof,participant,None,IGB00_03,participant::IGB00_03,1,2,10042,10042,2,1,False,"[0, 1, 2]","[0.028825969895426417, 0.9688497709050461, 0.0023242591995274614]",0.9688497709050461,0.0023242591995274614,,none_multiclass_argmax,0.028825969895426417,0.9688497709050461,0.0023242591995274614
b32_lr3e-4,participant_outer_oof,participant,None,INE13_04,participant::INE13_04,1,2,10042,10042,0,1,False,"[0, 1, 2]","[0.4954367375665029, 0.5041057551526078, 0.0004575072808892896]",0.5041057551526078,0.4954367375665029,,none_multiclass_argmax,0.4954367375665029,0.5041057551526078,0.0004575072808892896
b32_lr3e-4,participant_outer_oof,participant,None,MIA82_04,participant::MIA82_04,1,2,10042,10042,0,0,True,"[0, 1, 2]","[0.6670336823430336, 0.33097279167131066, 0.001993525985655699]",0.6670336823430336,0.6670336823430336,,none_multiclass_argmax,0.6670336823430336,0.33097279167131066,0.001993525985655699
b32_lr3e-4,participant_outer_oof,participant,None,MIE14_02,participant::MIE14_02,1,2,10042,10042,1,0,False,"[0, 1, 2]","[0.6047349081351202, 0.360728284855696, 0.03453680700918384]",0.6047349081351202,0.360728284855696,,none_multiclass_argmax,0.6047349081351202,0.360728284855696,0.03453680700918384
b32_lr3e-4,participant_outer_oof,participant,None,GME22_02,participant::GME22_02,1,3,10042,10042,0,1,False,"[0, 1, 2]","[0.04608808516420294, 0.9464752471017948, 0.007436667734002345]",0.9464752471017948,0.04608808516420294,,none_multiclass_argmax,0.04608808516420294,0.9464752471017948,0.007436667734002345
b32_lr3e-4,participant_outer_oof,participant,None,HEA19_04,participant::HEA19_04,1,3,10042,10042,1,1,True,"[0, 1, 2]","[0.006295615433349502, 0.9573154669344512, 0.03638891763219931]",0.9573154669344512,0.9573154669344512,,none_multiclass_argmax,0.006295615433349502,0.9573154669344512,0.03638891763219931
b32_lr3e-4,participant_outer_oof,participant,None,SJI29_02,participant::SJI29_02,1,3,10042,10042,2,1,False,"[0, 1, 2]","[7.851096873618062e-05, 0.8728156623182696, 0.12710582671299422]",0.8728156623182696,0.12710582671299422,,none_multiclass_argmax,7.851096873618062e-05,0.8728156623182696,0.12710582671299422
b32_lr3e-4,participant_outer_oof,participant,None,TSR08_01,participant::TSR08_01,1,3,10042,10042,0,1,False,"[0, 1, 2]","[0.4401001664985607, 0.5596135109267688, 0.0002863225746704962]",0.5596135109267688,0.4401001664985607,,none_multiclass_argmax,0.4401001664985607,0.5596135109267688,0.0002863225746704962
b32_lr3e-4,participant_outer_oof,participant,None,UTI13_04,participant::UTI13_04,1,3,10042,10042,1,1,True,"[0, 1, 2]","[0.20975862552311114, 0.7894236620076083, 0.0008177124692805751]",0.7894236620076083,0.7894236620076083,,none_multiclass_argmax,0.20975862552311114,0.7894236620076083,0.0008177124692805751
b32_lr3e-4,participant_outer_oof,participant,None,AB_01,participant::AB_01,1,4,10042,10042,2,2,True,"[0, 1, 2]","[0.027777487780221703, 0.2798770847412717, 0.6923454274785066]",0.6923454274785066,0.6923454274785066,,none_multiclass_argmax,0.027777487780221703,0.2798770847412717,0.6923454274785066
b32_lr3e-4,participant_outer_oof,participant,None,ATA20_01,participant::ATA20_01,1,4,10042,10042,0,0,True,"[0, 1, 2]","[0.612337693597049, 0.35509231897436133, 0.03256998742858963]",0.612337693597049,0.612337693597049,,none_multiclass_argmax,0.612337693597049,0.35509231897436133,0.03256998742858963
b32_lr3e-4,participant_outer_oof,participant,None,BRA36_02,participant::BRA36_02,1,4,10042,10042,0,0,True,"[0, 1, 2]","[0.9539725253868921, 0.03213407001720432, 0.013893404595903453]",0.9539725253868921,0.9539725253868921,,none_multiclass_argmax,0.9539725253868921,0.03213407001720432,0.013893404595903453
b32_lr3e-4,participant_outer_oof,participant,None,ERO01_02,participant::ERO01_02,1,4,10042,10042,1,0,False,"[0, 1, 2]","[0.6461921502844032, 0.05147152542198946, 0.30233632429360724]",0.6461921502844032,0.05147152542198946,,none_multiclass_argmax,0.6461921502844032,0.05147152542198946,0.30233632429360724
b32_lr3e-4,participant_outer_oof,participant,None,FNA75_03,participant::FNA75_03,1,4,10042,10042,1,0,False,"[0, 1, 2]","[0.5439844192390945, 0.2512432012180506, 0.204772379542855]",0.5439844192390945,0.2512432012180506,,none_multiclass_argmax,0.5439844192390945,0.2512432012180506,0.204772379542855
b32_lr3e-4,participant_outer_oof,participant,None,AKO19_01,participant::AKO19_01,2,0,20042,20042,2,2,True,"[0, 1, 2]","[0.0007453419434325821, 0.035244372282295065, 0.9640102857742724]",0.9640102857742724,0.9640102857742724,,none_multiclass_argmax,0.0007453419434325821,0.035244372282295065,0.9640102857742724
b32_lr3e-4,participant_outer_oof,participant,None,AMI33_01,participant::AMI33_01,2,0,20042,20042,0,0,True,"[0, 1, 2]","[0.5117843436203992, 0.15992415256550008, 0.3282915038141008]",0.5117843436203992,0.5117843436203992,,none_multiclass_argmax,0.5117843436203992,0.15992415256550008,0.3282915038141008
b32_lr3e-4,participant_outer_oof,participant,None,GRU27_01,participant::GRU27_01,2,0,20042,20042,1,2,False,"[0, 1, 2]","[0.01636274061443102, 0.06349485515197743, 0.9201424042335915]",0.9201424042335915,0.06349485515197743,,none_multiclass_argmax,0.01636274061443102,0.06349485515197743,0.9201424042335915
b32_lr3e-4,participant_outer_oof,participant,None,HEA19_04,participant::HEA19_04,2,0,20042,20042,1,2,False,"[0, 1, 2]","[0.07970650525418815, 0.15545077384407258, 0.7648427209017393]",0.7648427209017393,0.15545077384407258,,none_multiclass_argmax,0.07970650525418815,0.15545077384407258,0.7648427209017393
b32_lr3e-4,participant_outer_oof,participant,None,HZA20_02,participant::HZA20_02,2,0,20042,20042,0,0,True,"[0, 1, 2]","[0.8906573416395769, 0.07665080548992584, 0.03269185287049724]",0.8906573416395769,0.8906573416395769,,none_multiclass_argmax,0.8906573416395769,0.07665080548992584,0.03269185287049724
b32_lr3e-4,participant_outer_oof,participant,None,MSE28_01,participant::MSE28_01,2,0,20042,20042,1,1,True,"[0, 1, 2]","[0.3711690154853799, 0.5920359303747438, 0.03679505413987633]",0.5920359303747438,0.5920359303747438,,none_multiclass_argmax,0.3711690154853799,0.5920359303747438,0.03679505413987633
b32_lr3e-4,participant_outer_oof,participant,None,AB_01,participant::AB_01,2,1,20042,20042,2,2,True,"[0, 1, 2]","[0.046871283049884, 0.44669897324736835, 0.5064297437027477]",0.5064297437027477,0.5064297437027477,,none_multiclass_argmax,0.046871283049884,0.44669897324736835,0.5064297437027477
b32_lr3e-4,participant_outer_oof,participant,None,AKE28_03,participant::AKE28_03,2,1,20042,20042,1,0,False,"[0, 1, 2]","[0.6429746842311379, 0.2616102429737621, 0.09541507279510006]",0.6429746842311379,0.2616102429737621,,none_multiclass_argmax,0.6429746842311379,0.2616102429737621,0.09541507279510006
b32_lr3e-4,participant_outer_oof,participant,None,ERL70_04,participant::ERL70_04,2,1,20042,20042,2,2,True,"[0, 1, 2]","[0.03708139884545248, 0.02091786420124379, 0.9420007369533038]",0.9420007369533038,0.9420007369533038,,none_multiclass_argmax,0.03708139884545248,0.02091786420124379,0.9420007369533038
b32_lr3e-4,participant_outer_oof,participant,None,FNA75_03,participant::FNA75_03,2,1,20042,20042,1,2,False,"[0, 1, 2]","[0.3559111458303712, 0.1720756261502825, 0.47201322801934625]",0.47201322801934625,0.1720756261502825,,none_multiclass_argmax,0.3559111458303712,0.1720756261502825,0.47201322801934625
b32_lr3e-4,participant_outer_oof,participant,None,GME22_02,participant::GME22_02,2,1,20042,20042,0,0,True,"[0, 1, 2]","[0.48527503253987975, 0.11129335105219959, 0.40343161640792075]",0.48527503253987975,0.48527503253987975,,none_multiclass_argmax,0.48527503253987975,0.11129335105219959,0.40343161640792075
b32_lr3e-4,participant_outer_oof,participant,None,MIA82_04,participant::MIA82_04,2,1,20042,20042,0,0,True,"[0, 1, 2]","[0.9104258063244981, 0.06967450535571738, 0.019899688319784548]",0.9104258063244981,0.9104258063244981,,none_multiclass_argmax,0.9104258063244981,0.06967450535571738,0.019899688319784548
b32_lr3e-4,participant_outer_oof,participant,None,ATA20_01,participant::ATA20_01,2,2,20042,20042,0,0,True,"[0, 1, 2]","[0.8470385517534909, 0.14157202628384294, 0.011389421962666246]",0.8470385517534909,0.8470385517534909,,none_multiclass_argmax,0.8470385517534909,0.14157202628384294,0.011389421962666246
b32_lr3e-4,participant_outer_oof,participant,None,IGB00_03,participant::IGB00_03,2,2,20042,20042,2,1,False,"[0, 1, 2]","[0.08928429178762162, 0.7769549171125862, 0.13376079109979214]",0.7769549171125862,0.13376079109979214,,none_multiclass_argmax,0.08928429178762162,0.7769549171125862,0.13376079109979214
b32_lr3e-4,participant_outer_oof,participant,None,KMO19_01,participant::KMO19_01,2,2,20042,20042,1,0,False,"[0, 1, 2]","[0.8664629745455596, 0.014865589490615004, 0.1186714359638254]",0.8664629745455596,0.014865589490615004,,none_multiclass_argmax,0.8664629745455596,0.014865589490615004,0.1186714359638254
b32_lr3e-4,participant_outer_oof,participant,None,MIE14_02,participant::MIE14_02,2,2,20042,20042,1,0,False,"[0, 1, 2]","[0.8615010610905338, 0.008608225694752177, 0.12989071321471402]",0.8615010610905338,0.008608225694752177,,none_multiclass_argmax,0.8615010610905338,0.008608225694752177,0.12989071321471402
b32_lr3e-4,participant_outer_oof,participant,None,SJI29_02,participant::SJI29_02,2,2,20042,20042,2,2,True,"[0, 1, 2]","[0.0014794312574471361, 0.16276239729926717, 0.8357581714432857]",0.8357581714432857,0.8357581714432857,,none_multiclass_argmax,0.0014794312574471361,0.16276239729926717,0.8357581714432857
b32_lr3e-4,participant_outer_oof,participant,None,STE072_01,participant::STE072_01,2,2,20042,20042,1,2,False,"[0, 1, 2]","[0.36178318653794805, 0.07550835386979945, 0.5627084595922526]",0.5627084595922526,0.07550835386979945,,none_multiclass_argmax,0.36178318653794805,0.07550835386979945,0.5627084595922526
b32_lr3e-4,participant_outer_oof,participant,None,BRA36_02,participant::BRA36_02,2,3,20042,20042,0,0,True,"[0, 1, 2]","[0.9917480947508502, 0.008209216483231712, 4.26887659180319e-05]",0.9917480947508502,0.9917480947508502,,none_multiclass_argmax,0.9917480947508502,0.008209216483231712,4.26887659180319e-05
b32_lr3e-4,participant_outer_oof,participant,None,EE_02,participant::EE_02,2,3,20042,20042,2,0,False,"[0, 1, 2]","[0.5629166556133228, 0.4363567737855966, 0.0007265706010806637]",0.5629166556133228,0.0007265706010806637,,none_multiclass_argmax,0.5629166556133228,0.4363567737855966,0.0007265706010806637
b32_lr3e-4,participant_outer_oof,participant,None,INE13_04,participant::INE13_04,2,3,20042,20042,0,0,True,"[0, 1, 2]","[0.7518263263173962, 0.2478178305202289, 0.0003558431623749365]",0.7518263263173962,0.7518263263173962,,none_multiclass_argmax,0.7518263263173962,0.2478178305202289,0.0003558431623749365
b32_lr3e-4,participant_outer_oof,participant,None,MHT21_03,participant::MHT21_03,2,3,20042,20042,1,1,True,"[0, 1, 2]","[0.13840187874971463, 0.8447032719171512, 0.016894849333134163]",0.8447032719171512,0.8447032719171512,,none_multiclass_argmax,0.13840187874971463,0.8447032719171512,0.016894849333134163
b32_lr3e-4,participant_outer_oof,participant,None,MKU07_04,participant::MKU07_04,2,3,20042,20042,1,1,True,"[0, 1, 2]","[0.013931328955189523, 0.9858339044448402, 0.00023476659997026053]",0.9858339044448402,0.9858339044448402,,none_multiclass_argmax,0.013931328955189523,0.9858339044448402,0.00023476659997026053
b32_lr3e-4,participant_outer_oof,participant,None,MOA19_03,participant::MOA19_03,2,3,20042,20042,2,0,False,"[0, 1, 2]","[0.8304036824329688, 0.000640249683451406, 0.16895606788357975]",0.8304036824329688,0.16895606788357975,,none_multiclass_argmax,0.8304036824329688,0.000640249683451406,0.16895606788357975
b32_lr3e-4,participant_outer_oof,participant,None,ERO01_02,participant::ERO01_02,2,4,20042,20042,1,1,True,"[0, 1, 2]","[0.0809783347352172, 0.9113585074576056, 0.0076631578071772255]",0.9113585074576056,0.9113585074576056,,none_multiclass_argmax,0.0809783347352172,0.9113585074576056,0.0076631578071772255
b32_lr3e-4,participant_outer_oof,participant,None,GDO22_03,participant::GDO22_03,2,4,20042,20042,0,1,False,"[0, 1, 2]","[0.11554571319752341, 0.8445748902024758, 0.03987939660000082]",0.8445748902024758,0.11554571319752341,,none_multiclass_argmax,0.11554571319752341,0.8445748902024758,0.03987939660000082
b32_lr3e-4,participant_outer_oof,participant,None,SDI19_04,participant::SDI19_04,2,4,20042,20042,2,1,False,"[0, 1, 2]","[0.00010865266341987291, 0.7512733666387689, 0.24861798069781127]",0.7512733666387689,0.24861798069781127,,none_multiclass_argmax,0.00010865266341987291,0.7512733666387689,0.24861798069781127
b32_lr3e-4,participant_outer_oof,participant,None,TSR08_01,participant::TSR08_01,2,4,20042,20042,0,1,False,"[0, 1, 2]","[0.2310962328158898, 0.752817777599347, 0.016085989584763254]",0.752817777599347,0.2310962328158898,,none_multiclass_argmax,0.2310962328158898,0.752817777599347,0.016085989584763254
b32_lr3e-4,participant_outer_oof,participant,None,UTI13_04,participant::UTI13_04,2,4,20042,20042,1,1,True,"[0, 1, 2]","[0.029284878849718667, 0.9206061588295548, 0.05010896232072656]",0.9206061588295548,0.9206061588295548,,none_multiclass_argmax,0.029284878849718667,0.9206061588295548,0.05010896232072656
b32_lr3e-4,participant_outer_oof,participant,None,ERL70_04,participant::ERL70_04,3,0,30042,30042,2,2,True,"[0, 1, 2]","[0.07397194438126424, 0.02665523567205247, 0.8993728199466833]",0.8993728199466833,0.8993728199466833,,none_multiclass_argmax,0.07397194438126424,0.02665523567205247,0.8993728199466833
b32_lr3e-4,participant_outer_oof,participant,None,HEA19_04,participant::HEA19_04,3,0,30042,30042,1,1,True,"[0, 1, 2]","[0.11125055532106376, 0.6356066741056587, 0.2531427705732775]",0.6356066741056587,0.6356066741056587,,none_multiclass_argmax,0.11125055532106376,0.6356066741056587,0.2531427705732775
b32_lr3e-4,participant_outer_oof,participant,None,HZA20_02,participant::HZA20_02,3,0,30042,30042,0,1,False,"[0, 1, 2]","[0.37012632997833605, 0.6189157973627568, 0.010957872658907181]",0.6189157973627568,0.37012632997833605,,none_multiclass_argmax,0.37012632997833605,0.6189157973627568,0.010957872658907181
b32_lr3e-4,participant_outer_oof,participant,None,INE13_04,participant::INE13_04,3,0,30042,30042,0,0,True,"[0, 1, 2]","[0.5625530689486393, 0.43245181915408193, 0.004995111897278807]",0.5625530689486393,0.5625530689486393,,none_multiclass_argmax,0.5625530689486393,0.43245181915408193,0.004995111897278807
b32_lr3e-4,participant_outer_oof,participant,None,MIE14_02,participant::MIE14_02,3,0,30042,30042,1,0,False,"[0, 1, 2]","[0.8569769902789843, 0.05976245690448123, 0.08326055281653452]",0.8569769902789843,0.05976245690448123,,none_multiclass_argmax,0.8569769902789843,0.05976245690448123,0.08326055281653452
b32_lr3e-4,participant_outer_oof,participant,None,UTI13_04,participant::UTI13_04,3,0,30042,30042,1,1,True,"[0, 1, 2]","[0.2748750632740226, 0.7047356802561561, 0.020389256469821336]",0.7047356802561561,0.7047356802561561,,none_multiclass_argmax,0.2748750632740226,0.7047356802561561,0.020389256469821336
b32_lr3e-4,participant_outer_oof,participant,None,AKE28_03,participant::AKE28_03,3,1,30042,30042,1,1,True,"[0, 1, 2]","[0.09984707452411258, 0.6387655500930755, 0.2613873753828119]",0.6387655500930755,0.6387655500930755,,none_multiclass_argmax,0.09984707452411258,0.6387655500930755,0.2613873753828119
b32_lr3e-4,participant_outer_oof,participant,None,AKO19_01,participant::AKO19_01,3,1,30042,30042,2,2,True,"[0, 1, 2]","[6.089146441559415e-06, 0.014191293382146329, 0.9858026174714121]",0.9858026174714121,0.9858026174714121,,none_multiclass_argmax,6.089146441559415e-06,0.014191293382146329,0.9858026174714121
b32_lr3e-4,participant_outer_oof,participant,None,AMI33_01,participant::AMI33_01,3,1,30042,30042,0,1,False,"[0, 1, 2]","[0.03360051336676678, 0.8247668584747136, 0.1416326281585197]",0.8247668584747136,0.03360051336676678,,none_multiclass_argmax,0.03360051336676678,0.8247668584747136,0.1416326281585197
b32_lr3e-4,participant_outer_oof,participant,None,EE_02,participant::EE_02,3,1,30042,30042,2,1,False,"[0, 1, 2]","[0.38417705608263325, 0.5940741579326092, 0.02174878598475761]",0.5940741579326092,0.02174878598475761,,none_multiclass_argmax,0.38417705608263325,0.5940741579326092,0.02174878598475761
b32_lr3e-4,participant_outer_oof,participant,None,MHT21_03,participant::MHT21_03,3,1,30042,30042,1,1,True,"[0, 1, 2]","[0.0595784231865958, 0.5864546141324642, 0.35396696268093997]",0.5864546141324642,0.5864546141324642,,none_multiclass_argmax,0.0595784231865958,0.5864546141324642,0.35396696268093997
b32_lr3e-4,participant_outer_oof,participant,None,MIA82_04,participant::MIA82_04,3,1,30042,30042,0,1,False,"[0, 1, 2]","[0.12357127305054702, 0.8712122533975598, 0.005216473551893179]",0.8712122533975598,0.12357127305054702,,none_multiclass_argmax,0.12357127305054702,0.8712122533975598,0.005216473551893179
b32_lr3e-4,participant_outer_oof,participant,None,ATA20_01,participant::ATA20_01,3,2,30042,30042,0,1,False,"[0, 1, 2]","[0.4131398148045851, 0.5489798939543178, 0.037880291241097166]",0.5489798939543178,0.4131398148045851,,none_multiclass_argmax,0.4131398148045851,0.5489798939543178,0.037880291241097166
b32_lr3e-4,participant_outer_oof,participant,None,ERO01_02,participant::ERO01_02,3,2,30042,30042,1,2,False,"[0, 1, 2]","[0.06503418551146264, 0.38887659915887085, 0.5460892153296666]",0.5460892153296666,0.38887659915887085,,none_multiclass_argmax,0.06503418551146264,0.38887659915887085,0.5460892153296666
b32_lr3e-4,participant_outer_oof,participant,None,GME22_02,participant::GME22_02,3,2,30042,30042,0,2,False,"[0, 1, 2]","[0.028980377130669678, 0.42355002936757025, 0.5474695935017602]",0.5474695935017602,0.028980377130669678,,none_multiclass_argmax,0.028980377130669678,0.42355002936757025,0.5474695935017602
b32_lr3e-4,participant_outer_oof,participant,None,MKU07_04,participant::MKU07_04,3,2,30042,30042,1,1,True,"[0, 1, 2]","[0.0022808871866956413, 0.9278572727356232, 0.06986184007768113]",0.9278572727356232,0.9278572727356232,,none_multiclass_argmax,0.0022808871866956413,0.9278572727356232,0.06986184007768113
b32_lr3e-4,participant_outer_oof,participant,None,MOA19_03,participant::MOA19_03,3,2,30042,30042,2,2,True,"[0, 1, 2]","[0.08684357353614061, 0.0026610724223377316, 0.9104953540415216]",0.9104953540415216,0.9104953540415216,,none_multiclass_argmax,0.08684357353614061,0.0026610724223377316,0.9104953540415216
b32_lr3e-4,participant_outer_oof,participant,None,SJI29_02,participant::SJI29_02,3,2,30042,30042,2,2,True,"[0, 1, 2]","[6.352367192650414e-05, 0.030466985621838673, 0.9694694907062349]",0.9694694907062349,0.9694694907062349,,none_multiclass_argmax,6.352367192650414e-05,0.030466985621838673,0.9694694907062349
b32_lr3e-4,participant_outer_oof,participant,None,AB_01,participant::AB_01,3,3,30042,30042,2,2,True,"[0, 1, 2]","[0.0004175096431157114, 0.4397191835587565, 0.5598633067981278]",0.5598633067981278,0.5598633067981278,,none_multiclass_argmax,0.0004175096431157114,0.4397191835587565,0.5598633067981278
b32_lr3e-4,participant_outer_oof,participant,None,BRA36_02,participant::BRA36_02,3,3,30042,30042,0,0,True,"[0, 1, 2]","[0.9889544851271317, 0.00825532491745487, 0.0027901899554134664]",0.9889544851271317,0.9889544851271317,,none_multiclass_argmax,0.9889544851271317,0.00825532491745487,0.0027901899554134664
b32_lr3e-4,participant_outer_oof,participant,None,FNA75_03,participant::FNA75_03,3,3,30042,30042,1,1,True,"[0, 1, 2]","[0.31400053444379916, 0.42643401007222403, 0.2595654554839767]",0.42643401007222403,0.42643401007222403,,none_multiclass_argmax,0.31400053444379916,0.42643401007222403,0.2595654554839767
b32_lr3e-4,participant_outer_oof,participant,None,GDO22_03,participant::GDO22_03,3,3,30042,30042,0,1,False,"[0, 1, 2]","[0.028748011593411345, 0.967669984954699, 0.003582003451889729]",0.967669984954699,0.028748011593411345,,none_multiclass_argmax,0.028748011593411345,0.967669984954699,0.003582003451889729
b32_lr3e-4,participant_outer_oof,participant,None,IGB00_03,participant::IGB00_03,3,3,30042,30042,2,1,False,"[0, 1, 2]","[0.03380875103088312, 0.8657202993624614, 0.10047094960665552]",0.8657202993624614,0.10047094960665552,,none_multiclass_argmax,0.03380875103088312,0.8657202993624614,0.10047094960665552
b32_lr3e-4,participant_outer_oof,participant,None,KMO19_01,participant::KMO19_01,3,3,30042,30042,1,0,False,"[0, 1, 2]","[0.774934261875445, 0.17280114603619703, 0.05226459208835797]",0.774934261875445,0.17280114603619703,,none_multiclass_argmax,0.774934261875445,0.17280114603619703,0.05226459208835797
b32_lr3e-4,participant_outer_oof,participant,None,GRU27_01,participant::GRU27_01,3,4,30042,30042,1,1,True,"[0, 1, 2]","[0.008891039260488676, 0.6201703452643266, 0.3709386154751848]",0.6201703452643266,0.6201703452643266,,none_multiclass_argmax,0.008891039260488676,0.6201703452643266,0.3709386154751848
b32_lr3e-4,participant_outer_oof,participant,None,MSE28_01,participant::MSE28_01,3,4,30042,30042,1,1,True,"[0, 1, 2]","[0.07950840708264544, 0.9186156365377678, 0.0018759563795867872]",0.9186156365377678,0.9186156365377678,,none_multiclass_argmax,0.07950840708264544,0.9186156365377678,0.0018759563795867872
b32_lr3e-4,participant_outer_oof,participant,None,SDI19_04,participant::SDI19_04,3,4,30042,30042,2,2,True,"[0, 1, 2]","[0.00042110870732812056, 0.473760457531582, 0.5258184337610899]",0.5258184337610899,0.5258184337610899,,none_multiclass_argmax,0.00042110870732812056,0.473760457531582,0.5258184337610899
b32_lr3e-4,participant_outer_oof,participant,None,STE072_01,participant::STE072_01,3,4,30042,30042,1,1,True,"[0, 1, 2]","[0.24350454912301894, 0.41534886492646356, 0.3411465859505175]",0.41534886492646356,0.41534886492646356,,none_multiclass_argmax,0.24350454912301894,0.41534886492646356,0.3411465859505175
b32_lr3e-4,participant_outer_oof,participant,None,TSR08_01,participant::TSR08_01,3,4,30042,30042,0,1,False,"[0, 1, 2]","[0.4714552791575567, 0.5251722662395584, 0.003372454602884915]",0.5251722662395584,0.4714552791575567,,none_multiclass_argmax,0.4714552791575567,0.5251722662395584,0.003372454602884915
b32_lr3e-4,participant_outer_oof,participant,None,AB_01,participant::AB_01,4,0,40042,40042,2,2,True,"[0, 1, 2]","[0.05149490237167076, 0.4343822730427763, 0.5141228245855529]",0.5141228245855529,0.5141228245855529,,none_multiclass_argmax,0.05149490237167076,0.4343822730427763,0.5141228245855529
b32_lr3e-4,participant_outer_oof,participant,None,AKO19_01,participant::AKO19_01,4,0,40042,40042,2,2,True,"[0, 1, 2]","[0.005989580599451497, 0.07996122033165558, 0.914049199068893]",0.914049199068893,0.914049199068893,,none_multiclass_argmax,0.005989580599451497,0.07996122033165558,0.914049199068893
b32_lr3e-4,participant_outer_oof,participant,None,BRA36_02,participant::BRA36_02,4,0,40042,40042,0,0,True,"[0, 1, 2]","[0.9994170838610545, 0.0005596158098324436, 2.330032911309009e-05]",0.9994170838610545,0.9994170838610545,,none_multiclass_argmax,0.9994170838610545,0.0005596158098324436,2.330032911309009e-05
b32_lr3e-4,participant_outer_oof,participant,None,INE13_04,participant::INE13_04,4,0,40042,40042,0,1,False,"[0, 1, 2]","[0.4123850747802438, 0.5824627053007132, 0.0051522199190431]",0.5824627053007132,0.4123850747802438,,none_multiclass_argmax,0.4123850747802438,0.5824627053007132,0.0051522199190431
b32_lr3e-4,participant_outer_oof,participant,None,KMO19_01,participant::KMO19_01,4,0,40042,40042,1,0,False,"[0, 1, 2]","[0.8105621097919363, 0.07920023863702734, 0.11023765157103636]",0.8105621097919363,0.07920023863702734,,none_multiclass_argmax,0.8105621097919363,0.07920023863702734,0.11023765157103636
b32_lr3e-4,participant_outer_oof,participant,None,UTI13_04,participant::UTI13_04,4,0,40042,40042,1,1,True,"[0, 1, 2]","[0.21146088108166616, 0.7723288905207448, 0.01621022839758912]",0.7723288905207448,0.7723288905207448,,none_multiclass_argmax,0.21146088108166616,0.7723288905207448,0.01621022839758912
b32_lr3e-4,participant_outer_oof,participant,None,EE_02,participant::EE_02,4,1,40042,40042,2,1,False,"[0, 1, 2]","[0.04060542322560761, 0.948380274389489, 0.011014302384903373]",0.948380274389489,0.011014302384903373,,none_multiclass_argmax,0.04060542322560761,0.948380274389489,0.011014302384903373
b32_lr3e-4,participant_outer_oof,participant,None,ERO01_02,participant::ERO01_02,4,1,40042,40042,1,1,True,"[0, 1, 2]","[0.4688795873052848, 0.5195468793537841, 0.011573533340931174]",0.5195468793537841,0.5195468793537841,,none_multiclass_argmax,0.4688795873052848,0.5195468793537841,0.011573533340931174
b32_lr3e-4,participant_outer_oof,participant,None,FNA75_03,participant::FNA75_03,4,1,40042,40042,1,0,False,"[0, 1, 2]","[0.5271105240497737, 0.4648157265016636, 0.00807374944856284]",0.5271105240497737,0.4648157265016636,,none_multiclass_argmax,0.5271105240497737,0.4648157265016636,0.00807374944856284
b32_lr3e-4,participant_outer_oof,participant,None,GDO22_03,participant::GDO22_03,4,1,40042,40042,0,1,False,"[0, 1, 2]","[0.25402285836150457, 0.7398058151947652, 0.0061713264437301615]",0.7398058151947652,0.25402285836150457,,none_multiclass_argmax,0.25402285836150457,0.7398058151947652,0.0061713264437301615
b32_lr3e-4,participant_outer_oof,participant,None,GRU27_01,participant::GRU27_01,4,1,40042,40042,1,1,True,"[0, 1, 2]","[0.00023187305114472448, 0.9293625840461198, 0.07040554290273553]",0.9293625840461198,0.9293625840461198,,none_multiclass_argmax,0.00023187305114472448,0.9293625840461198,0.07040554290273553
b32_lr3e-4,participant_outer_oof,participant,None,TSR08_01,participant::TSR08_01,4,1,40042,40042,0,0,True,"[0, 1, 2]","[0.6242338061530885, 0.3655968466536019, 0.010169347193309562]",0.6242338061530885,0.6242338061530885,,none_multiclass_argmax,0.6242338061530885,0.3655968466536019,0.010169347193309562
b32_lr3e-4,participant_outer_oof,participant,None,AKE28_03,participant::AKE28_03,4,2,40042,40042,1,0,False,"[0, 1, 2]","[0.40481307957560486, 0.3887342309613765, 0.20645268946301865]",0.40481307957560486,0.3887342309613765,,none_multiclass_argmax,0.40481307957560486,0.3887342309613765,0.20645268946301865
b32_lr3e-4,participant_outer_oof,participant,None,ATA20_01,participant::ATA20_01,4,2,40042,40042,0,0,True,"[0, 1, 2]","[0.6733517814920114, 0.3260388807154949, 0.0006093377924937522]",0.6733517814920114,0.6733517814920114,,none_multiclass_argmax,0.6733517814920114,0.3260388807154949,0.0006093377924937522
b32_lr3e-4,participant_outer_oof,participant,None,ERL70_04,participant::ERL70_04,4,2,40042,40042,2,2,True,"[0, 1, 2]","[0.045614627482138306, 0.0642269929075303, 0.8901583796103314]",0.8901583796103314,0.8901583796103314,,none_multiclass_argmax,0.045614627482138306,0.0642269929075303,0.8901583796103314
b32_lr3e-4,participant_outer_oof,participant,None,GME22_02,participant::GME22_02,4,2,40042,40042,0,1,False,"[0, 1, 2]","[0.2951254138575283, 0.6612287649432003, 0.0436458211992715]",0.6612287649432003,0.2951254138575283,,none_multiclass_argmax,0.2951254138575283,0.6612287649432003,0.0436458211992715
b32_lr3e-4,participant_outer_oof,participant,None,MIE14_02,participant::MIE14_02,4,2,40042,40042,1,0,False,"[0, 1, 2]","[0.8512106942263284, 0.0789632159065831, 0.06982608986708849]",0.8512106942263284,0.0789632159065831,,none_multiclass_argmax,0.8512106942263284,0.0789632159065831,0.06982608986708849
b32_lr3e-4,participant_outer_oof,participant,None,MKU07_04,participant::MKU07_04,4,2,40042,40042,1,1,True,"[0, 1, 2]","[0.061985015882071, 0.9193604682576518, 0.018654515860277266]",0.9193604682576518,0.9193604682576518,,none_multiclass_argmax,0.061985015882071,0.9193604682576518,0.018654515860277266
b32_lr3e-4,participant_outer_oof,participant,None,HZA20_02,participant::HZA20_02,4,3,40042,40042,0,0,True,"[0, 1, 2]","[0.5763074222568141, 0.37366520804485326, 0.05002736969833266]",0.5763074222568141,0.5763074222568141,,none_multiclass_argmax,0.5763074222568141,0.37366520804485326,0.05002736969833266
b32_lr3e-4,participant_outer_oof,participant,None,IGB00_03,participant::IGB00_03,4,3,40042,40042,2,1,False,"[0, 1, 2]","[0.03130334500883336, 0.9329302205612593, 0.03576643442990743]",0.9329302205612593,0.03576643442990743,,none_multiclass_argmax,0.03130334500883336,0.9329302205612593,0.03576643442990743
b32_lr3e-4,participant_outer_oof,participant,None,MSE28_01,participant::MSE28_01,4,3,40042,40042,1,1,True,"[0, 1, 2]","[0.004569533874977376, 0.9942865536484736, 0.0011439124765490446]",0.9942865536484736,0.9942865536484736,,none_multiclass_argmax,0.004569533874977376,0.9942865536484736,0.0011439124765490446
b32_lr3e-4,participant_outer_oof,participant,None,SJI29_02,participant::SJI29_02,4,3,40042,40042,2,2,True,"[0, 1, 2]","[0.003544212375685026, 0.45207318899052634, 0.5443825986337887]",0.5443825986337887,0.5443825986337887,,none_multiclass_argmax,0.003544212375685026,0.45207318899052634,0.5443825986337887
b32_lr3e-4,participant_outer_oof,participant,None,STE072_01,participant::STE072_01,4,3,40042,40042,1,1,True,"[0, 1, 2]","[0.03587352731954753, 0.7408952641371676, 0.22323120854328488]",0.7408952641371676,0.7408952641371676,,none_multiclass_argmax,0.03587352731954753,0.7408952641371676,0.22323120854328488
b32_lr3e-4,participant_outer_oof,participant,None,AMI33_01,participant::AMI33_01,4,4,40042,40042,0,1,False,"[0, 1, 2]","[0.15420355752858364, 0.6171112456931108, 0.22868519677830562]",0.6171112456931108,0.15420355752858364,,none_multiclass_argmax,0.15420355752858364,0.6171112456931108,0.22868519677830562
b32_lr3e-4,participant_outer_oof,participant,None,HEA19_04,participant::HEA19_04,4,4,40042,40042,1,2,False,"[0, 1, 2]","[0.008995587004751587, 0.4765793111534455, 0.514425101841803]",0.514425101841803,0.4765793111534455,,none_multiclass_argmax,0.008995587004751587,0.4765793111534455,0.514425101841803
b32_lr3e-4,participant_outer_oof,participant,None,MHT21_03,participant::MHT21_03,4,4,40042,40042,1,1,True,"[0, 1, 2]","[0.03202698838281442, 0.6747208814089698, 0.2932521302082158]",0.6747208814089698,0.6747208814089698,,none_multiclass_argmax,0.03202698838281442,0.6747208814089698,0.2932521302082158
b32_lr3e-4,participant_outer_oof,participant,None,MIA82_04,participant::MIA82_04,4,4,40042,40042,0,1,False,"[0, 1, 2]","[0.26248102804322987, 0.7163337352920389, 0.02118523666473126]",0.7163337352920389,0.26248102804322987,,none_multiclass_argmax,0.26248102804322987,0.7163337352920389,0.02118523666473126
b32_lr3e-4,participant_outer_oof,participant,None,MOA19_03,participant::MOA19_03,4,4,40042,40042,2,2,True,"[0, 1, 2]","[0.08181644179056334, 0.011802791965925593, 0.906380766243511]",0.906380766243511,0.906380766243511,,none_multiclass_argmax,0.08181644179056334,0.011802791965925593,0.906380766243511
b32_lr3e-4,participant_outer_oof,participant,None,SDI19_04,participant::SDI19_04,4,4,40042,40042,2,1,False,"[0, 1, 2]","[0.00252377695219684, 0.7266929152265569, 0.2707833078212463]",0.7266929152265569,0.2707833078212463,,none_multiclass_argmax,0.00252377695219684,0.7266929152265569,0.2707833078212463
