classifier_id,evaluation_id,aggregation_level,curve,class_label,point_index,false_positive_rate,true_positive_rate,score_threshold,roc_auc,observation_count
compact_cnn__b0_star_fixed10,participant_outer_oof,participant,one_vs_rest,0,0,0.0,0.0,,0.7375555555555555,145
compact_cnn__b0_star_fixed10,participant_outer_oof,participant,one_vs_rest,0,1,0.0,0.022222222222222223,0.9999952016830814,0.7375555555555555,145
compact_cnn__b0_star_fixed10,participant_outer_oof,participant,one_vs_rest,0,2,0.0,0.08888888888888889,0.9973824437954103,0.7375555555555555,145
compact_cnn__b0_star_fixed10,participant_outer_oof,participant,one_vs_rest,0,3,0.01,0.08888888888888889,0.9835384648672797,0.7375555555555555,145
compact_cnn__b0_star_fixed10,participant_outer_oof,participant,one_vs_rest,0,4,0.01,0.13333333333333333,0.9759187925987517,0.7375555555555555,145
compact_cnn__b0_star_fixed10,participant_outer_oof,participant,one_vs_rest,0,5,0.02,0.13333333333333333,0.969373180577909,0.7375555555555555,145
compact_cnn__b0_star_fixed10,participant_outer_oof,participant,one_vs_rest,0,6,0.02,0.2,0.953959172208417,0.7375555555555555,145
compact_cnn__b0_star_fixed10,participant_outer_oof,participant,one_vs_rest,0,7,0.03,0.2,0.9522730065706214,0.7375555555555555,145
compact_cnn__b0_star_fixed10,participant_outer_oof,participant,one_vs_rest,0,8,0.03,0.2222222222222222,0.9462533124458468,0.7375555555555555,145
compact_cnn__b0_star_fixed10,participant_outer_oof,participant,one_vs_rest,0,9,0.04,0.2222222222222222,0.9364203781329922,0.7375555555555555,145
compact_cnn__b0_star_fixed10,participant_outer_oof,participant,one_vs_rest,0,10,0.04,0.28888888888888886,0.9168875439974418,0.7375555555555555,145
compact_cnn__b0_star_fixed10,participant_outer_oof,participant,one_vs_rest,0,11,0.06,0.28888888888888886,0.874516166168187,0.7375555555555555,145
compact_cnn__b0_star_fixed10,participant_outer_oof,participant,one_vs_rest,0,12,0.06,0.37777777777777777,0.8352327039491771,0.7375555555555555,145
compact_cnn__b0_star_fixed10,participant_outer_oof,participant,one_vs_rest,0,13,0.07,0.37777777777777777,0.8036300469856744,0.7375555555555555,145
compact_cnn__b0_star_fixed10,participant_outer_oof,participant,one_vs_rest,0,14,0.07,0.4,0.7905249085359263,0.7375555555555555,145
compact_cnn__b0_star_fixed10,participant_outer_oof,participant,one_vs_rest,0,15,0.09,0.4,0.7868116648137115,0.7375555555555555,145
compact_cnn__b0_star_fixed10,participant_outer_oof,participant,one_vs_rest,0,16,0.09,0.4222222222222222,0.7096036700733296,0.7375555555555555,145
compact_cnn__b0_star_fixed10,participant_outer_oof,participant,one_vs_rest,0,17,0.1,0.4222222222222222,0.6852649889414494,0.7375555555555555,145
compact_cnn__b0_star_fixed10,participant_outer_oof,participant,one_vs_rest,0,18,0.1,0.4666666666666667,0.6810290102852596,0.7375555555555555,145
compact_cnn__b0_star_fixed10,participant_outer_oof,participant,one_vs_rest,0,19,0.11,0.4666666666666667,0.6805601709444056,0.7375555555555555,145
compact_cnn__b0_star_fixed10,participant_outer_oof,participant,one_vs_rest,0,20,0.11,0.5111111111111111,0.6674716770440821,0.7375555555555555,145
compact_cnn__b0_star_fixed10,participant_outer_oof,participant,one_vs_rest,0,21,0.12,0.5111111111111111,0.6356173630241259,0.7375555555555555,145
compact_cnn__b0_star_fixed10,participant_outer_oof,participant,one_vs_rest,0,22,0.12,0.5555555555555556,0.611733090477712,0.7375555555555555,145
compact_cnn__b0_star_fixed10,participant_outer_oof,participant,one_vs_rest,0,23,0.2,0.5555555555555556,0.5545599846383424,0.7375555555555555,145
compact_cnn__b0_star_fixed10,participant_outer_oof,participant,one_vs_rest,0,24,0.2,0.5777777777777777,0.5532595827512363,0.7375555555555555,145
compact_cnn__b0_star_fixed10,participant_outer_oof,participant,one_vs_rest,0,25,0.21,0.5777777777777777,0.55204891838903,0.7375555555555555,145
compact_cnn__b0_star_fixed10,participant_outer_oof,participant,one_vs_rest,0,26,0.21,0.6,0.5355885607592737,0.7375555555555555,145
compact_cnn__b0_star_fixed10,participant_outer_oof,participant,one_vs_rest,0,27,0.23,0.6,0.4994703685524772,0.7375555555555555,145
compact_cnn__b0_star_fixed10,participant_outer_oof,participant,one_vs_rest,0,28,0.23,0.6222222222222222,0.49428811967996095,0.7375555555555555,145
compact_cnn__b0_star_fixed10,participant_outer_oof,participant,one_vs_rest,0,29,0.24,0.6222222222222222,0.47873739505724205,0.7375555555555555,145
compact_cnn__b0_star_fixed10,participant_outer_oof,participant,one_vs_rest,0,30,0.24,0.6666666666666666,0.4652603652357112,0.7375555555555555,145
compact_cnn__b0_star_fixed10,participant_outer_oof,participant,one_vs_rest,0,31,0.26,0.6666666666666666,0.43272669757517834,0.7375555555555555,145
compact_cnn__b0_star_fixed10,participant_outer_oof,participant,one_vs_rest,0,32,0.26,0.6888888888888889,0.43095009364715997,0.7375555555555555,145
compact_cnn__b0_star_fixed10,participant_outer_oof,participant,one_vs_rest,0,33,0.37,0.6888888888888889,0.29475357207528863,0.7375555555555555,145
compact_cnn__b0_star_fixed10,participant_outer_oof,participant,one_vs_rest,0,34,0.37,0.7111111111111111,0.2841468819109151,0.7375555555555555,145
compact_cnn__b0_star_fixed10,participant_outer_oof,participant,one_vs_rest,0,35,0.45,0.7111111111111111,0.25165243709524876,0.7375555555555555,145
compact_cnn__b0_star_fixed10,participant_outer_oof,participant,one_vs_rest,0,36,0.45,0.7333333333333333,0.21235633663338155,0.7375555555555555,145
compact_cnn__b0_star_fixed10,participant_outer_oof,participant,one_vs_rest,0,37,0.5,0.7333333333333333,0.15432876037701573,0.7375555555555555,145
compact_cnn__b0_star_fixed10,participant_outer_oof,participant,one_vs_rest,0,38,0.5,0.7555555555555555,0.13543836505332058,0.7375555555555555,145
compact_cnn__b0_star_fixed10,participant_outer_oof,participant,one_vs_rest,0,39,0.55,0.7555555555555555,0.11109340810438537,0.7375555555555555,145
compact_cnn__b0_star_fixed10,participant_outer_oof,participant,one_vs_rest,0,40,0.55,0.7777777777777778,0.08897940470967095,0.7375555555555555,145
compact_cnn__b0_star_fixed10,participant_outer_oof,participant,one_vs_rest,0,41,0.59,0.7777777777777778,0.072316729178541,0.7375555555555555,145
compact_cnn__b0_star_fixed10,participant_outer_oof,participant,one_vs_rest,0,42,0.59,0.8,0.07018535016744638,0.7375555555555555,145
compact_cnn__b0_star_fixed10,participant_outer_oof,participant,one_vs_rest,0,43,0.6,0.8,0.06617381157107312,0.7375555555555555,145
compact_cnn__b0_star_fixed10,participant_outer_oof,participant,one_vs_rest,0,44,0.6,0.8444444444444444,0.0621906981780586,0.7375555555555555,145
compact_cnn__b0_star_fixed10,participant_outer_oof,participant,one_vs_rest,0,45,0.62,0.8444444444444444,0.06163968536198092,0.7375555555555555,145
compact_cnn__b0_star_fixed10,participant_outer_oof,participant,one_vs_rest,0,46,0.62,0.8666666666666667,0.05531055792591608,0.7375555555555555,145
compact_cnn__b0_star_fixed10,participant_outer_oof,participant,one_vs_rest,0,47,0.7,0.8666666666666667,0.023522697919954462,0.7375555555555555,145
compact_cnn__b0_star_fixed10,participant_outer_oof,participant,one_vs_rest,0,48,0.7,0.8888888888888888,0.022533271251095978,0.7375555555555555,145
compact_cnn__b0_star_fixed10,participant_outer_oof,participant,one_vs_rest,0,49,0.72,0.8888888888888888,0.017536171848030285,0.7375555555555555,145
compact_cnn__b0_star_fixed10,participant_outer_oof,participant,one_vs_rest,0,50,0.72,0.9111111111111111,0.009971271394000003,0.7375555555555555,145
compact_cnn__b0_star_fixed10,participant_outer_oof,participant,one_vs_rest,0,51,0.78,0.9111111111111111,0.004171998300999328,0.7375555555555555,145
compact_cnn__b0_star_fixed10,participant_outer_oof,participant,one_vs_rest,0,52,0.78,0.9333333333333333,0.004029297174200097,0.7375555555555555,145
compact_cnn__b0_star_fixed10,participant_outer_oof,participant,one_vs_rest,0,53,0.83,0.9333333333333333,0.0012330848910826306,0.7375555555555555,145
compact_cnn__b0_star_fixed10,participant_outer_oof,participant,one_vs_rest,0,54,0.83,0.9555555555555556,0.001088418023072853,0.7375555555555555,145
compact_cnn__b0_star_fixed10,participant_outer_oof,participant,one_vs_rest,0,55,0.91,0.9555555555555556,5.2150138771477417e-05,0.7375555555555555,145
compact_cnn__b0_star_fixed10,participant_outer_oof,participant,one_vs_rest,0,56,0.91,0.9777777777777777,3.4993790300246627e-05,0.7375555555555555,145
compact_cnn__b0_star_fixed10,participant_outer_oof,participant,one_vs_rest,0,57,0.92,0.9777777777777777,1.0685828212367638e-05,0.7375555555555555,145
compact_cnn__b0_star_fixed10,participant_outer_oof,participant,one_vs_rest,0,58,0.92,1.0,3.764562913130442e-06,0.7375555555555555,145
compact_cnn__b0_star_fixed10,participant_outer_oof,participant,one_vs_rest,0,59,1.0,1.0,4.3886159636729305e-08,0.7375555555555555,145
compact_cnn__b0_star_fixed10,participant_outer_oof,participant,one_vs_rest,1,0,0.0,0.0,,0.5864705882352941,145
compact_cnn__b0_star_fixed10,participant_outer_oof,participant,one_vs_rest,1,1,0.011764705882352941,0.0,0.9993261271989632,0.5864705882352941,145
compact_cnn__b0_star_fixed10,participant_outer_oof,participant,one_vs_rest,1,2,0.011764705882352941,0.03333333333333333,0.9986872949389098,0.5864705882352941,145
compact_cnn__b0_star_fixed10,participant_outer_oof,participant,one_vs_rest,1,3,0.023529411764705882,0.03333333333333333,0.9985195131107392,0.5864705882352941,145
compact_cnn__b0_star_fixed10,participant_outer_oof,participant,one_vs_rest,1,4,0.023529411764705882,0.05,0.9975746073371161,0.5864705882352941,145
compact_cnn__b0_star_fixed10,participant_outer_oof,participant,one_vs_rest,1,5,0.08235294117647059,0.05,0.9824459500784403,0.5864705882352941,145
compact_cnn__b0_star_fixed10,participant_outer_oof,participant,one_vs_rest,1,6,0.08235294117647059,0.08333333333333333,0.9467200101605431,0.5864705882352941,145
compact_cnn__b0_star_fixed10,participant_outer_oof,participant,one_vs_rest,1,7,0.09411764705882353,0.08333333333333333,0.9380297527000244,0.5864705882352941,145
compact_cnn__b0_star_fixed10,participant_outer_oof,participant,one_vs_rest,1,8,0.09411764705882353,0.1,0.9374427840244423,0.5864705882352941,145
compact_cnn__b0_star_fixed10,participant_outer_oof,participant,one_vs_rest,1,9,0.11764705882352941,0.1,0.9352631256621169,0.5864705882352941,145
compact_cnn__b0_star_fixed10,participant_outer_oof,participant,one_vs_rest,1,10,0.11764705882352941,0.11666666666666667,0.9276018112311426,0.5864705882352941,145
compact_cnn__b0_star_fixed10,participant_outer_oof,participant,one_vs_rest,1,11,0.12941176470588237,0.11666666666666667,0.9228872831647097,0.5864705882352941,145
compact_cnn__b0_star_fixed10,participant_outer_oof,participant,one_vs_rest,1,12,0.12941176470588237,0.16666666666666666,0.8871166298385024,0.5864705882352941,145
compact_cnn__b0_star_fixed10,participant_outer_oof,participant,one_vs_rest,1,13,0.1411764705882353,0.16666666666666666,0.8707836905068066,0.5864705882352941,145
compact_cnn__b0_star_fixed10,participant_outer_oof,participant,one_vs_rest,1,14,0.1411764705882353,0.21666666666666667,0.8626438598613071,0.5864705882352941,145
compact_cnn__b0_star_fixed10,participant_outer_oof,participant,one_vs_rest,1,15,0.15294117647058825,0.21666666666666667,0.8286379579124264,0.5864705882352941,145
compact_cnn__b0_star_fixed10,participant_outer_oof,participant,one_vs_rest,1,16,0.15294117647058825,0.25,0.8264798936337467,0.5864705882352941,145
compact_cnn__b0_star_fixed10,participant_outer_oof,participant,one_vs_rest,1,17,0.16470588235294117,0.25,0.8194769101326996,0.5864705882352941,145
compact_cnn__b0_star_fixed10,participant_outer_oof,participant,one_vs_rest,1,18,0.16470588235294117,0.2833333333333333,0.794124094858503,0.5864705882352941,145
compact_cnn__b0_star_fixed10,participant_outer_oof,participant,one_vs_rest,1,19,0.17647058823529413,0.2833333333333333,0.7718835601752133,0.5864705882352941,145
compact_cnn__b0_star_fixed10,participant_outer_oof,participant,one_vs_rest,1,20,0.17647058823529413,0.31666666666666665,0.7030068614551886,0.5864705882352941,145
compact_cnn__b0_star_fixed10,participant_outer_oof,participant,one_vs_rest,1,21,0.18823529411764706,0.31666666666666665,0.6985714235497503,0.5864705882352941,145
compact_cnn__b0_star_fixed10,participant_outer_oof,participant,one_vs_rest,1,22,0.18823529411764706,0.36666666666666664,0.601926693220867,0.5864705882352941,145
compact_cnn__b0_star_fixed10,participant_outer_oof,participant,one_vs_rest,1,23,0.21176470588235294,0.36666666666666664,0.5909735227570404,0.5864705882352941,145
compact_cnn__b0_star_fixed10,participant_outer_oof,participant,one_vs_rest,1,24,0.21176470588235294,0.4,0.5722833117151312,0.5864705882352941,145
compact_cnn__b0_star_fixed10,participant_outer_oof,participant,one_vs_rest,1,25,0.27058823529411763,0.4,0.5599334884690015,0.5864705882352941,145
compact_cnn__b0_star_fixed10,participant_outer_oof,participant,one_vs_rest,1,26,0.27058823529411763,0.43333333333333335,0.5414915212894514,0.5864705882352941,145
compact_cnn__b0_star_fixed10,participant_outer_oof,participant,one_vs_rest,1,27,0.32941176470588235,0.43333333333333335,0.5040487417308814,0.5864705882352941,145
compact_cnn__b0_star_fixed10,participant_outer_oof,participant,one_vs_rest,1,28,0.32941176470588235,0.45,0.49877481776548205,0.5864705882352941,145
compact_cnn__b0_star_fixed10,participant_outer_oof,participant,one_vs_rest,1,29,0.3411764705882353,0.45,0.4541844994400982,0.5864705882352941,145
compact_cnn__b0_star_fixed10,participant_outer_oof,participant,one_vs_rest,1,30,0.3411764705882353,0.48333333333333334,0.43896461280591553,0.5864705882352941,145
compact_cnn__b0_star_fixed10,participant_outer_oof,participant,one_vs_rest,1,31,0.35294117647058826,0.48333333333333334,0.43471915949094525,0.5864705882352941,145
compact_cnn__b0_star_fixed10,participant_outer_oof,participant,one_vs_rest,1,32,0.35294117647058826,0.5,0.43262487367949853,0.5864705882352941,145
compact_cnn__b0_star_fixed10,participant_outer_oof,participant,one_vs_rest,1,33,0.36470588235294116,0.5,0.42604041837444423,0.5864705882352941,145
compact_cnn__b0_star_fixed10,participant_outer_oof,participant,one_vs_rest,1,34,0.36470588235294116,0.5166666666666667,0.42281160491952063,0.5864705882352941,145
compact_cnn__b0_star_fixed10,participant_outer_oof,participant,one_vs_rest,1,35,0.4117647058823529,0.5166666666666667,0.37564140435195126,0.5864705882352941,145
compact_cnn__b0_star_fixed10,participant_outer_oof,participant,one_vs_rest,1,36,0.4117647058823529,0.5333333333333333,0.3740062844543233,0.5864705882352941,145
compact_cnn__b0_star_fixed10,participant_outer_oof,participant,one_vs_rest,1,37,0.43529411764705883,0.5333333333333333,0.367746167863996,0.5864705882352941,145
compact_cnn__b0_star_fixed10,participant_outer_oof,participant,one_vs_rest,1,38,0.43529411764705883,0.55,0.3518710262378465,0.5864705882352941,145
compact_cnn__b0_star_fixed10,participant_outer_oof,participant,one_vs_rest,1,39,0.4470588235294118,0.55,0.3391890722082427,0.5864705882352941,145
compact_cnn__b0_star_fixed10,participant_outer_oof,participant,one_vs_rest,1,40,0.4470588235294118,0.5833333333333334,0.3192480184725259,0.5864705882352941,145
compact_cnn__b0_star_fixed10,participant_outer_oof,participant,one_vs_rest,1,41,0.4588235294117647,0.5833333333333334,0.31802727080888904,0.5864705882352941,145
compact_cnn__b0_star_fixed10,participant_outer_oof,participant,one_vs_rest,1,42,0.4588235294117647,0.6,0.31294593973948465,0.5864705882352941,145
compact_cnn__b0_star_fixed10,participant_outer_oof,participant,one_vs_rest,1,43,0.4823529411764706,0.6,0.3122222445286324,0.5864705882352941,145
compact_cnn__b0_star_fixed10,participant_outer_oof,participant,one_vs_rest,1,44,0.4823529411764706,0.6166666666666667,0.29291927485353175,0.5864705882352941,145
compact_cnn__b0_star_fixed10,participant_outer_oof,participant,one_vs_rest,1,45,0.49411764705882355,0.6166666666666667,0.28891457500238815,0.5864705882352941,145
compact_cnn__b0_star_fixed10,participant_outer_oof,participant,one_vs_rest,1,46,0.49411764705882355,0.6333333333333333,0.2797158543773285,0.5864705882352941,145
compact_cnn__b0_star_fixed10,participant_outer_oof,participant,one_vs_rest,1,47,0.5176470588235295,0.6333333333333333,0.26014065039417344,0.5864705882352941,145
compact_cnn__b0_star_fixed10,participant_outer_oof,participant,one_vs_rest,1,48,0.5176470588235295,0.6666666666666666,0.2511108928895848,0.5864705882352941,145
compact_cnn__b0_star_fixed10,participant_outer_oof,participant,one_vs_rest,1,49,0.5411764705882353,0.6666666666666666,0.2168665152813271,0.5864705882352941,145
compact_cnn__b0_star_fixed10,participant_outer_oof,participant,one_vs_rest,1,50,0.5411764705882353,0.7333333333333333,0.20181185235128535,0.5864705882352941,145
compact_cnn__b0_star_fixed10,participant_outer_oof,participant,one_vs_rest,1,51,0.5529411764705883,0.7333333333333333,0.19100430780010713,0.5864705882352941,145
compact_cnn__b0_star_fixed10,participant_outer_oof,participant,one_vs_rest,1,52,0.5529411764705883,0.75,0.18025946789217784,0.5864705882352941,145
compact_cnn__b0_star_fixed10,participant_outer_oof,participant,one_vs_rest,1,53,0.6235294117647059,0.75,0.12749018072593765,0.5864705882352941,145
compact_cnn__b0_star_fixed10,participant_outer_oof,participant,one_vs_rest,1,54,0.6235294117647059,0.7666666666666667,0.12279058210885885,0.5864705882352941,145
compact_cnn__b0_star_fixed10,participant_outer_oof,participant,one_vs_rest,1,55,0.6470588235294118,0.7666666666666667,0.11334431607224078,0.5864705882352941,145
compact_cnn__b0_star_fixed10,participant_outer_oof,participant,one_vs_rest,1,56,0.6470588235294118,0.7833333333333333,0.09431742903631261,0.5864705882352941,145
compact_cnn__b0_star_fixed10,participant_outer_oof,participant,one_vs_rest,1,57,0.6941176470588235,0.7833333333333333,0.08260185204878925,0.5864705882352941,145
compact_cnn__b0_star_fixed10,participant_outer_oof,participant,one_vs_rest,1,58,0.6941176470588235,0.8,0.07500477753307486,0.5864705882352941,145
compact_cnn__b0_star_fixed10,participant_outer_oof,participant,one_vs_rest,1,59,0.7647058823529411,0.8,0.06295244836418082,0.5864705882352941,145
compact_cnn__b0_star_fixed10,participant_outer_oof,participant,one_vs_rest,1,60,0.7647058823529411,0.8166666666666667,0.05611763204405211,0.5864705882352941,145
compact_cnn__b0_star_fixed10,participant_outer_oof,participant,one_vs_rest,1,61,0.8117647058823529,0.8166666666666667,0.03834094013502708,0.5864705882352941,145
compact_cnn__b0_star_fixed10,participant_outer_oof,participant,one_vs_rest,1,62,0.8117647058823529,0.8333333333333334,0.03690689770551776,0.5864705882352941,145
compact_cnn__b0_star_fixed10,participant_outer_oof,participant,one_vs_rest,1,63,0.8352941176470589,0.8333333333333334,0.0240669347332678,0.5864705882352941,145
compact_cnn__b0_star_fixed10,participant_outer_oof,participant,one_vs_rest,1,64,0.8352941176470589,0.85,0.023781494204578268,0.5864705882352941,145
compact_cnn__b0_star_fixed10,participant_outer_oof,participant,one_vs_rest,1,65,0.8588235294117647,0.85,0.021044306843005567,0.5864705882352941,145
compact_cnn__b0_star_fixed10,participant_outer_oof,participant,one_vs_rest,1,66,0.8588235294117647,0.8833333333333333,0.018546522598703652,0.5864705882352941,145
compact_cnn__b0_star_fixed10,participant_outer_oof,participant,one_vs_rest,1,67,0.8941176470588236,0.8833333333333333,0.012483313079604605,0.5864705882352941,145
compact_cnn__b0_star_fixed10,participant_outer_oof,participant,one_vs_rest,1,68,0.8941176470588236,0.9666666666666667,0.007951717773927414,0.5864705882352941,145
compact_cnn__b0_star_fixed10,participant_outer_oof,participant,one_vs_rest,1,69,0.9176470588235294,0.9666666666666667,0.0025217610541237567,0.5864705882352941,145
compact_cnn__b0_star_fixed10,participant_outer_oof,participant,one_vs_rest,1,70,0.9176470588235294,1.0,0.0005832795532163752,0.5864705882352941,145
compact_cnn__b0_star_fixed10,participant_outer_oof,participant,one_vs_rest,1,71,1.0,1.0,7.022592923307001e-08,0.5864705882352941,145
compact_cnn__b0_star_fixed10,participant_outer_oof,participant,one_vs_rest,2,0,0.0,0.0,,0.7530952380952382,145
compact_cnn__b0_star_fixed10,participant_outer_oof,participant,one_vs_rest,2,1,0.0,0.025,0.9996374664969454,0.7530952380952382,145
compact_cnn__b0_star_fixed10,participant_outer_oof,participant,one_vs_rest,2,2,0.0,0.075,0.9969661647182241,0.7530952380952382,145
compact_cnn__b0_star_fixed10,participant_outer_oof,participant,one_vs_rest,2,3,0.009523809523809525,0.075,0.9916315644253676,0.7530952380952382,145
compact_cnn__b0_star_fixed10,participant_outer_oof,participant,one_vs_rest,2,4,0.009523809523809525,0.1,0.9875154513634007,0.7530952380952382,145
compact_cnn__b0_star_fixed10,participant_outer_oof,participant,one_vs_rest,2,5,0.01904761904761905,0.1,0.9874068501013937,0.7530952380952382,145
compact_cnn__b0_star_fixed10,participant_outer_oof,participant,one_vs_rest,2,6,0.01904761904761905,0.15,0.9454356343625282,0.7530952380952382,145
compact_cnn__b0_star_fixed10,participant_outer_oof,participant,one_vs_rest,2,7,0.02857142857142857,0.15,0.9225767556617248,0.7530952380952382,145
compact_cnn__b0_star_fixed10,participant_outer_oof,participant,one_vs_rest,2,8,0.02857142857142857,0.275,0.8393273469985827,0.7530952380952382,145
compact_cnn__b0_star_fixed10,participant_outer_oof,participant,one_vs_rest,2,9,0.0380952380952381,0.275,0.8064331340155184,0.7530952380952382,145
compact_cnn__b0_star_fixed10,participant_outer_oof,participant,one_vs_rest,2,10,0.0380952380952381,0.325,0.7536159103381977,0.7530952380952382,145
compact_cnn__b0_star_fixed10,participant_outer_oof,participant,one_vs_rest,2,11,0.06666666666666667,0.325,0.742734819760276,0.7530952380952382,145
compact_cnn__b0_star_fixed10,participant_outer_oof,participant,one_vs_rest,2,12,0.06666666666666667,0.375,0.6900986493456245,0.7530952380952382,145
compact_cnn__b0_star_fixed10,participant_outer_oof,participant,one_vs_rest,2,13,0.09523809523809523,0.375,0.6203292984738487,0.7530952380952382,145
compact_cnn__b0_star_fixed10,participant_outer_oof,participant,one_vs_rest,2,14,0.09523809523809523,0.4,0.611002938458333,0.7530952380952382,145
compact_cnn__b0_star_fixed10,participant_outer_oof,participant,one_vs_rest,2,15,0.10476190476190476,0.4,0.5966393555665113,0.7530952380952382,145
compact_cnn__b0_star_fixed10,participant_outer_oof,participant,one_vs_rest,2,16,0.10476190476190476,0.425,0.5931805987136277,0.7530952380952382,145
compact_cnn__b0_star_fixed10,participant_outer_oof,participant,one_vs_rest,2,17,0.13333333333333333,0.425,0.5457634071765213,0.7530952380952382,145
compact_cnn__b0_star_fixed10,participant_outer_oof,participant,one_vs_rest,2,18,0.13333333333333333,0.45,0.5456534683410335,0.7530952380952382,145
compact_cnn__b0_star_fixed10,participant_outer_oof,participant,one_vs_rest,2,19,0.14285714285714285,0.45,0.5012013147494283,0.7530952380952382,145
compact_cnn__b0_star_fixed10,participant_outer_oof,participant,one_vs_rest,2,20,0.14285714285714285,0.65,0.4046289693272727,0.7530952380952382,145
compact_cnn__b0_star_fixed10,participant_outer_oof,participant,one_vs_rest,2,21,0.17142857142857143,0.65,0.375712831584816,0.7530952380952382,145
compact_cnn__b0_star_fixed10,participant_outer_oof,participant,one_vs_rest,2,22,0.17142857142857143,0.675,0.37000054536240057,0.7530952380952382,145
compact_cnn__b0_star_fixed10,participant_outer_oof,participant,one_vs_rest,2,23,0.2,0.675,0.270151712053173,0.7530952380952382,145
compact_cnn__b0_star_fixed10,participant_outer_oof,participant,one_vs_rest,2,24,0.2,0.7,0.257921487280835,0.7530952380952382,145
compact_cnn__b0_star_fixed10,participant_outer_oof,participant,one_vs_rest,2,25,0.2761904761904762,0.7,0.16093394339659708,0.7530952380952382,145
compact_cnn__b0_star_fixed10,participant_outer_oof,participant,one_vs_rest,2,26,0.2761904761904762,0.725,0.15737404014771084,0.7530952380952382,145
compact_cnn__b0_star_fixed10,participant_outer_oof,participant,one_vs_rest,2,27,0.47619047619047616,0.725,0.04997959284173079,0.7530952380952382,145
compact_cnn__b0_star_fixed10,participant_outer_oof,participant,one_vs_rest,2,28,0.47619047619047616,0.75,0.04510126916667783,0.7530952380952382,145
compact_cnn__b0_star_fixed10,participant_outer_oof,participant,one_vs_rest,2,29,0.5047619047619047,0.75,0.03837102086628203,0.7530952380952382,145
compact_cnn__b0_star_fixed10,participant_outer_oof,participant,one_vs_rest,2,30,0.5047619047619047,0.775,0.036921845914000335,0.7530952380952382,145
compact_cnn__b0_star_fixed10,participant_outer_oof,participant,one_vs_rest,2,31,0.5714285714285714,0.775,0.019150259311716985,0.7530952380952382,145
compact_cnn__b0_star_fixed10,participant_outer_oof,participant,one_vs_rest,2,32,0.5714285714285714,0.8,0.01755313840819222,0.7530952380952382,145
compact_cnn__b0_star_fixed10,participant_outer_oof,participant,one_vs_rest,2,33,0.580952380952381,0.8,0.017355574176416706,0.7530952380952382,145
compact_cnn__b0_star_fixed10,participant_outer_oof,participant,one_vs_rest,2,34,0.580952380952381,0.825,0.015687493047914506,0.7530952380952382,145
compact_cnn__b0_star_fixed10,participant_outer_oof,participant,one_vs_rest,2,35,0.6285714285714286,0.825,0.007451243328474339,0.7530952380952382,145
compact_cnn__b0_star_fixed10,participant_outer_oof,participant,one_vs_rest,2,36,0.6285714285714286,0.85,0.007360573021362886,0.7530952380952382,145
compact_cnn__b0_star_fixed10,participant_outer_oof,participant,one_vs_rest,2,37,0.6857142857142857,0.85,0.0041434515117865205,0.7530952380952382,145
compact_cnn__b0_star_fixed10,participant_outer_oof,participant,one_vs_rest,2,38,0.6857142857142857,0.875,0.0034087021252239896,0.7530952380952382,145
compact_cnn__b0_star_fixed10,participant_outer_oof,participant,one_vs_rest,2,39,0.7142857142857143,0.875,0.0025461761598245584,0.7530952380952382,145
compact_cnn__b0_star_fixed10,participant_outer_oof,participant,one_vs_rest,2,40,0.7142857142857143,0.9,0.0024760770776884396,0.7530952380952382,145
compact_cnn__b0_star_fixed10,participant_outer_oof,participant,one_vs_rest,2,41,0.7523809523809524,0.9,0.0017548136820408663,0.7530952380952382,145
compact_cnn__b0_star_fixed10,participant_outer_oof,participant,one_vs_rest,2,42,0.7523809523809524,0.925,0.0015384817553927889,0.7530952380952382,145
compact_cnn__b0_star_fixed10,participant_outer_oof,participant,one_vs_rest,2,43,0.7904761904761904,0.925,0.000692565876199165,0.7530952380952382,145
compact_cnn__b0_star_fixed10,participant_outer_oof,participant,one_vs_rest,2,44,0.7904761904761904,0.95,0.000673828914877209,0.7530952380952382,145
compact_cnn__b0_star_fixed10,participant_outer_oof,participant,one_vs_rest,2,45,0.819047619047619,0.95,0.00035796175050543786,0.7530952380952382,145
compact_cnn__b0_star_fixed10,participant_outer_oof,participant,one_vs_rest,2,46,0.819047619047619,0.975,0.0003305619379946622,0.7530952380952382,145
compact_cnn__b0_star_fixed10,participant_outer_oof,participant,one_vs_rest,2,47,0.8285714285714286,0.975,0.00023333227465628686,0.7530952380952382,145
compact_cnn__b0_star_fixed10,participant_outer_oof,participant,one_vs_rest,2,48,0.8285714285714286,1.0,0.00023224036674578843,0.7530952380952382,145
compact_cnn__b0_star_fixed10,participant_outer_oof,participant,one_vs_rest,2,49,1.0,1.0,1.3714168885473406e-06,0.7530952380952382,145
compact_cnn__b0_star_fixed10,participant_outer_oof,participant,macro_average_ovr,macro,0,0.0,0.05462962962962963,,0.6933125,145
compact_cnn__b0_star_fixed10,participant_outer_oof,participant,macro_average_ovr,macro,1,0.005,0.05462962962962963,,0.6933125,145
compact_cnn__b0_star_fixed10,participant_outer_oof,participant,macro_average_ovr,macro,2,0.01,0.07777777777777778,,0.6933125,145
compact_cnn__b0_star_fixed10,participant_outer_oof,participant,macro_average_ovr,macro,3,0.015,0.08888888888888889,,0.6933125,145
compact_cnn__b0_star_fixed10,participant_outer_oof,participant,macro_average_ovr,macro,4,0.02,0.12777777777777777,,0.6933125,145
compact_cnn__b0_star_fixed10,participant_outer_oof,participant,macro_average_ovr,macro,5,0.025,0.13333333333333333,,0.6933125,145
compact_cnn__b0_star_fixed10,participant_outer_oof,participant,macro_average_ovr,macro,6,0.03,0.18240740740740743,,0.6933125,145
compact_cnn__b0_star_fixed10,participant_outer_oof,participant,macro_average_ovr,macro,7,0.035,0.18240740740740743,,0.6933125,145
compact_cnn__b0_star_fixed10,participant_outer_oof,participant,macro_average_ovr,macro,8,0.04,0.2212962962962963,,0.6933125,145
compact_cnn__b0_star_fixed10,participant_outer_oof,participant,macro_average_ovr,macro,9,0.045,0.2212962962962963,,0.6933125,145
compact_cnn__b0_star_fixed10,participant_outer_oof,participant,macro_average_ovr,macro,10,0.05,0.2212962962962963,,0.6933125,145
compact_cnn__b0_star_fixed10,participant_outer_oof,participant,macro_average_ovr,macro,11,0.055,0.2212962962962963,,0.6933125,145
compact_cnn__b0_star_fixed10,participant_outer_oof,participant,macro_average_ovr,macro,12,0.06,0.25092592592592594,,0.6933125,145
compact_cnn__b0_star_fixed10,participant_outer_oof,participant,macro_average_ovr,macro,13,0.065,0.25092592592592594,,0.6933125,145
compact_cnn__b0_star_fixed10,participant_outer_oof,participant,macro_average_ovr,macro,14,0.07,0.27499999999999997,,0.6933125,145
compact_cnn__b0_star_fixed10,participant_outer_oof,participant,macro_average_ovr,macro,15,0.075,0.27499999999999997,,0.6933125,145
compact_cnn__b0_star_fixed10,participant_outer_oof,participant,macro_average_ovr,macro,16,0.08,0.27499999999999997,,0.6933125,145
compact_cnn__b0_star_fixed10,participant_outer_oof,participant,macro_average_ovr,macro,17,0.085,0.28611111111111115,,0.6933125,145
compact_cnn__b0_star_fixed10,participant_outer_oof,participant,macro_average_ovr,macro,18,0.09,0.2935185185185185,,0.6933125,145
compact_cnn__b0_star_fixed10,participant_outer_oof,participant,macro_average_ovr,macro,19,0.095,0.2990740740740741,,0.6933125,145
compact_cnn__b0_star_fixed10,participant_outer_oof,participant,macro_average_ovr,macro,20,0.1,0.32222222222222224,,0.6933125,145
compact_cnn__b0_star_fixed10,participant_outer_oof,participant,macro_average_ovr,macro,21,0.105,0.33055555555555555,,0.6933125,145
compact_cnn__b0_star_fixed10,participant_outer_oof,participant,macro_average_ovr,macro,22,0.11,0.3453703703703703,,0.6933125,145
compact_cnn__b0_star_fixed10,participant_outer_oof,participant,macro_average_ovr,macro,23,0.115,0.3453703703703703,,0.6933125,145
compact_cnn__b0_star_fixed10,participant_outer_oof,participant,macro_average_ovr,macro,24,0.12,0.36574074074074076,,0.6933125,145
compact_cnn__b0_star_fixed10,participant_outer_oof,participant,macro_average_ovr,macro,25,0.125,0.36574074074074076,,0.6933125,145
compact_cnn__b0_star_fixed10,participant_outer_oof,participant,macro_average_ovr,macro,26,0.13,0.38240740740740736,,0.6933125,145
compact_cnn__b0_star_fixed10,participant_outer_oof,participant,macro_average_ovr,macro,27,0.135,0.3907407407407408,,0.6933125,145
compact_cnn__b0_star_fixed10,participant_outer_oof,participant,macro_average_ovr,macro,28,0.14,0.3907407407407408,,0.6933125,145
compact_cnn__b0_star_fixed10,participant_outer_oof,participant,macro_average_ovr,macro,29,0.145,0.4740740740740741,,0.6933125,145
compact_cnn__b0_star_fixed10,participant_outer_oof,participant,macro_average_ovr,macro,30,0.15,0.4740740740740741,,0.6933125,145
compact_cnn__b0_star_fixed10,participant_outer_oof,participant,macro_average_ovr,macro,31,0.155,0.4851851851851852,,0.6933125,145
compact_cnn__b0_star_fixed10,participant_outer_oof,participant,macro_average_ovr,macro,32,0.16,0.4851851851851852,,0.6933125,145
compact_cnn__b0_star_fixed10,participant_outer_oof,participant,macro_average_ovr,macro,33,0.165,0.4962962962962963,,0.6933125,145
compact_cnn__b0_star_fixed10,participant_outer_oof,participant,macro_average_ovr,macro,34,0.17,0.4962962962962963,,0.6933125,145
compact_cnn__b0_star_fixed10,participant_outer_oof,participant,macro_average_ovr,macro,35,0.17500000000000002,0.5046296296296297,,0.6933125,145
compact_cnn__b0_star_fixed10,participant_outer_oof,participant,macro_average_ovr,macro,36,0.18,0.5157407407407407,,0.6933125,145
compact_cnn__b0_star_fixed10,participant_outer_oof,participant,macro_average_ovr,macro,37,0.185,0.5157407407407407,,0.6933125,145
compact_cnn__b0_star_fixed10,participant_outer_oof,participant,macro_average_ovr,macro,38,0.19,0.5324074074074074,,0.6933125,145
compact_cnn__b0_star_fixed10,participant_outer_oof,participant,macro_average_ovr,macro,39,0.195,0.5324074074074074,,0.6933125,145
compact_cnn__b0_star_fixed10,participant_outer_oof,participant,macro_average_ovr,macro,40,0.2,0.5481481481481482,,0.6933125,145
compact_cnn__b0_star_fixed10,participant_outer_oof,participant,macro_average_ovr,macro,41,0.20500000000000002,0.5481481481481482,,0.6933125,145
compact_cnn__b0_star_fixed10,participant_outer_oof,participant,macro_average_ovr,macro,42,0.21,0.5555555555555555,,0.6933125,145
compact_cnn__b0_star_fixed10,participant_outer_oof,participant,macro_average_ovr,macro,43,0.215,0.5666666666666667,,0.6933125,145
compact_cnn__b0_star_fixed10,participant_outer_oof,participant,macro_average_ovr,macro,44,0.22,0.5666666666666667,,0.6933125,145
compact_cnn__b0_star_fixed10,participant_outer_oof,participant,macro_average_ovr,macro,45,0.225,0.5666666666666667,,0.6933125,145
compact_cnn__b0_star_fixed10,participant_outer_oof,participant,macro_average_ovr,macro,46,0.23,0.5740740740740741,,0.6933125,145
compact_cnn__b0_star_fixed10,participant_outer_oof,participant,macro_average_ovr,macro,47,0.23500000000000001,0.5740740740740741,,0.6933125,145
compact_cnn__b0_star_fixed10,participant_outer_oof,participant,macro_average_ovr,macro,48,0.24,0.5888888888888889,,0.6933125,145
compact_cnn__b0_star_fixed10,participant_outer_oof,participant,macro_average_ovr,macro,49,0.245,0.5888888888888889,,0.6933125,145
compact_cnn__b0_star_fixed10,participant_outer_oof,participant,macro_average_ovr,macro,50,0.25,0.5888888888888889,,0.6933125,145
compact_cnn__b0_star_fixed10,participant_outer_oof,participant,macro_average_ovr,macro,51,0.255,0.5888888888888889,,0.6933125,145
compact_cnn__b0_star_fixed10,participant_outer_oof,participant,macro_average_ovr,macro,52,0.26,0.5962962962962963,,0.6933125,145
compact_cnn__b0_star_fixed10,participant_outer_oof,participant,macro_average_ovr,macro,53,0.265,0.5962962962962963,,0.6933125,145
compact_cnn__b0_star_fixed10,participant_outer_oof,participant,macro_average_ovr,macro,54,0.27,0.5962962962962963,,0.6933125,145
compact_cnn__b0_star_fixed10,participant_outer_oof,participant,macro_average_ovr,macro,55,0.275,0.6074074074074074,,0.6933125,145
compact_cnn__b0_star_fixed10,participant_outer_oof,participant,macro_average_ovr,macro,56,0.28,0.6157407407407408,,0.6933125,145
compact_cnn__b0_star_fixed10,participant_outer_oof,participant,macro_average_ovr,macro,57,0.28500000000000003,0.6157407407407408,,0.6933125,145
compact_cnn__b0_star_fixed10,participant_outer_oof,participant,macro_average_ovr,macro,58,0.29,0.6157407407407408,,0.6933125,145
compact_cnn__b0_star_fixed10,participant_outer_oof,participant,macro_average_ovr,macro,59,0.295,0.6157407407407408,,0.6933125,145
compact_cnn__b0_star_fixed10,participant_outer_oof,participant,macro_average_ovr,macro,60,0.3,0.6157407407407408,,0.6933125,145
compact_cnn__b0_star_fixed10,participant_outer_oof,participant,macro_average_ovr,macro,61,0.305,0.6157407407407408,,0.6933125,145
compact_cnn__b0_star_fixed10,participant_outer_oof,participant,macro_average_ovr,macro,62,0.31,0.6157407407407408,,0.6933125,145
compact_cnn__b0_star_fixed10,participant_outer_oof,participant,macro_average_ovr,macro,63,0.315,0.6157407407407408,,0.6933125,145
compact_cnn__b0_star_fixed10,participant_outer_oof,participant,macro_average_ovr,macro,64,0.32,0.6157407407407408,,0.6933125,145
compact_cnn__b0_star_fixed10,participant_outer_oof,participant,macro_average_ovr,macro,65,0.325,0.6157407407407408,,0.6933125,145
compact_cnn__b0_star_fixed10,participant_outer_oof,participant,macro_average_ovr,macro,66,0.33,0.6212962962962963,,0.6933125,145
compact_cnn__b0_star_fixed10,participant_outer_oof,participant,macro_average_ovr,macro,67,0.335,0.6212962962962963,,0.6933125,145
compact_cnn__b0_star_fixed10,participant_outer_oof,participant,macro_average_ovr,macro,68,0.34,0.6212962962962963,,0.6933125,145
compact_cnn__b0_star_fixed10,participant_outer_oof,participant,macro_average_ovr,macro,69,0.34500000000000003,0.6324074074074074,,0.6933125,145
compact_cnn__b0_star_fixed10,participant_outer_oof,participant,macro_average_ovr,macro,70,0.35000000000000003,0.6324074074074074,,0.6933125,145
compact_cnn__b0_star_fixed10,participant_outer_oof,participant,macro_average_ovr,macro,71,0.355,0.637962962962963,,0.6933125,145
compact_cnn__b0_star_fixed10,participant_outer_oof,participant,macro_average_ovr,macro,72,0.36,0.637962962962963,,0.6933125,145
compact_cnn__b0_star_fixed10,participant_outer_oof,participant,macro_average_ovr,macro,73,0.365,0.6435185185185186,,0.6933125,145
compact_cnn__b0_star_fixed10,participant_outer_oof,participant,macro_average_ovr,macro,74,0.37,0.650925925925926,,0.6933125,145
compact_cnn__b0_star_fixed10,participant_outer_oof,participant,macro_average_ovr,macro,75,0.375,0.650925925925926,,0.6933125,145
compact_cnn__b0_star_fixed10,participant_outer_oof,participant,macro_average_ovr,macro,76,0.38,0.650925925925926,,0.6933125,145
compact_cnn__b0_star_fixed10,participant_outer_oof,participant,macro_average_ovr,macro,77,0.385,0.650925925925926,,0.6933125,145
compact_cnn__b0_star_fixed10,participant_outer_oof,participant,macro_average_ovr,macro,78,0.39,0.650925925925926,,0.6933125,145
compact_cnn__b0_star_fixed10,participant_outer_oof,participant,macro_average_ovr,macro,79,0.395,0.650925925925926,,0.6933125,145
compact_cnn__b0_star_fixed10,participant_outer_oof,participant,macro_average_ovr,macro,80,0.4,0.650925925925926,,0.6933125,145
compact_cnn__b0_star_fixed10,participant_outer_oof,participant,macro_average_ovr,macro,81,0.405,0.650925925925926,,0.6933125,145
compact_cnn__b0_star_fixed10,participant_outer_oof,participant,macro_average_ovr,macro,82,0.41000000000000003,0.650925925925926,,0.6933125,145
compact_cnn__b0_star_fixed10,participant_outer_oof,participant,macro_average_ovr,macro,83,0.41500000000000004,0.6564814814814816,,0.6933125,145
compact_cnn__b0_star_fixed10,participant_outer_oof,participant,macro_average_ovr,macro,84,0.42,0.6564814814814816,,0.6933125,145
compact_cnn__b0_star_fixed10,participant_outer_oof,participant,macro_average_ovr,macro,85,0.425,0.6564814814814816,,0.6933125,145
compact_cnn__b0_star_fixed10,participant_outer_oof,participant,macro_average_ovr,macro,86,0.43,0.6564814814814816,,0.6933125,145
compact_cnn__b0_star_fixed10,participant_outer_oof,participant,macro_average_ovr,macro,87,0.435,0.6564814814814816,,0.6933125,145
compact_cnn__b0_star_fixed10,participant_outer_oof,participant,macro_average_ovr,macro,88,0.44,0.6620370370370371,,0.6933125,145
compact_cnn__b0_star_fixed10,participant_outer_oof,participant,macro_average_ovr,macro,89,0.445,0.6620370370370371,,0.6933125,145
compact_cnn__b0_star_fixed10,participant_outer_oof,participant,macro_average_ovr,macro,90,0.45,0.6805555555555555,,0.6933125,145
compact_cnn__b0_star_fixed10,participant_outer_oof,participant,macro_average_ovr,macro,91,0.455,0.6805555555555555,,0.6933125,145
compact_cnn__b0_star_fixed10,participant_outer_oof,participant,macro_average_ovr,macro,92,0.46,0.686111111111111,,0.6933125,145
compact_cnn__b0_star_fixed10,participant_outer_oof,participant,macro_average_ovr,macro,93,0.465,0.686111111111111,,0.6933125,145
compact_cnn__b0_star_fixed10,participant_outer_oof,participant,macro_average_ovr,macro,94,0.47000000000000003,0.686111111111111,,0.6933125,145
compact_cnn__b0_star_fixed10,participant_outer_oof,participant,macro_average_ovr,macro,95,0.47500000000000003,0.686111111111111,,0.6933125,145
compact_cnn__b0_star_fixed10,participant_outer_oof,participant,macro_average_ovr,macro,96,0.48,0.6944444444444443,,0.6933125,145
compact_cnn__b0_star_fixed10,participant_outer_oof,participant,macro_average_ovr,macro,97,0.485,0.7000000000000001,,0.6933125,145
compact_cnn__b0_star_fixed10,participant_outer_oof,participant,macro_average_ovr,macro,98,0.49,0.7000000000000001,,0.6933125,145
compact_cnn__b0_star_fixed10,participant_outer_oof,participant,macro_average_ovr,macro,99,0.495,0.7055555555555556,,0.6933125,145
compact_cnn__b0_star_fixed10,participant_outer_oof,participant,macro_average_ovr,macro,100,0.5,0.7129629629629629,,0.6933125,145
compact_cnn__b0_star_fixed10,participant_outer_oof,participant,macro_average_ovr,macro,101,0.505,0.7212962962962962,,0.6933125,145
compact_cnn__b0_star_fixed10,participant_outer_oof,participant,macro_average_ovr,macro,102,0.51,0.7212962962962962,,0.6933125,145
compact_cnn__b0_star_fixed10,participant_outer_oof,participant,macro_average_ovr,macro,103,0.515,0.7212962962962962,,0.6933125,145
compact_cnn__b0_star_fixed10,participant_outer_oof,participant,macro_average_ovr,macro,104,0.52,0.7324074074074073,,0.6933125,145
compact_cnn__b0_star_fixed10,participant_outer_oof,participant,macro_average_ovr,macro,105,0.525,0.7324074074074073,,0.6933125,145
compact_cnn__b0_star_fixed10,participant_outer_oof,participant,macro_average_ovr,macro,106,0.53,0.7324074074074073,,0.6933125,145
compact_cnn__b0_star_fixed10,participant_outer_oof,participant,macro_average_ovr,macro,107,0.535,0.7324074074074073,,0.6933125,145
compact_cnn__b0_star_fixed10,participant_outer_oof,participant,macro_average_ovr,macro,108,0.54,0.7324074074074073,,0.6933125,145
compact_cnn__b0_star_fixed10,participant_outer_oof,participant,macro_average_ovr,macro,109,0.545,0.7546296296296297,,0.6933125,145
compact_cnn__b0_star_fixed10,participant_outer_oof,participant,macro_average_ovr,macro,110,0.55,0.762037037037037,,0.6933125,145
compact_cnn__b0_star_fixed10,participant_outer_oof,participant,macro_average_ovr,macro,111,0.555,0.7675925925925925,,0.6933125,145
compact_cnn__b0_star_fixed10,participant_outer_oof,participant,macro_average_ovr,macro,112,0.56,0.7675925925925925,,0.6933125,145
compact_cnn__b0_star_fixed10,participant_outer_oof,participant,macro_average_ovr,macro,113,0.5650000000000001,0.7675925925925925,,0.6933125,145
compact_cnn__b0_star_fixed10,participant_outer_oof,participant,macro_average_ovr,macro,114,0.5700000000000001,0.7675925925925925,,0.6933125,145
compact_cnn__b0_star_fixed10,participant_outer_oof,participant,macro_average_ovr,macro,115,0.5750000000000001,0.7759259259259258,,0.6933125,145
compact_cnn__b0_star_fixed10,participant_outer_oof,participant,macro_average_ovr,macro,116,0.58,0.7759259259259258,,0.6933125,145
compact_cnn__b0_star_fixed10,participant_outer_oof,participant,macro_average_ovr,macro,117,0.585,0.7842592592592593,,0.6933125,145
compact_cnn__b0_star_fixed10,participant_outer_oof,participant,macro_average_ovr,macro,118,0.59,0.7916666666666666,,0.6933125,145
compact_cnn__b0_star_fixed10,participant_outer_oof,participant,macro_average_ovr,macro,119,0.595,0.7916666666666666,,0.6933125,145
compact_cnn__b0_star_fixed10,participant_outer_oof,participant,macro_average_ovr,macro,120,0.6,0.8064814814814815,,0.6933125,145
compact_cnn__b0_star_fixed10,participant_outer_oof,participant,macro_average_ovr,macro,121,0.605,0.8064814814814815,,0.6933125,145
compact_cnn__b0_star_fixed10,participant_outer_oof,participant,macro_average_ovr,macro,122,0.61,0.8064814814814815,,0.6933125,145
compact_cnn__b0_star_fixed10,participant_outer_oof,participant,macro_average_ovr,macro,123,0.615,0.8064814814814815,,0.6933125,145
compact_cnn__b0_star_fixed10,participant_outer_oof,participant,macro_average_ovr,macro,124,0.62,0.8138888888888888,,0.6933125,145
compact_cnn__b0_star_fixed10,participant_outer_oof,participant,macro_average_ovr,macro,125,0.625,0.8194444444444443,,0.6933125,145
compact_cnn__b0_star_fixed10,participant_outer_oof,participant,macro_average_ovr,macro,126,0.63,0.8277777777777778,,0.6933125,145
compact_cnn__b0_star_fixed10,participant_outer_oof,participant,macro_average_ovr,macro,127,0.635,0.8277777777777778,,0.6933125,145
compact_cnn__b0_star_fixed10,participant_outer_oof,participant,macro_average_ovr,macro,128,0.64,0.8277777777777778,,0.6933125,145
compact_cnn__b0_star_fixed10,participant_outer_oof,participant,macro_average_ovr,macro,129,0.645,0.8277777777777778,,0.6933125,145
compact_cnn__b0_star_fixed10,participant_outer_oof,participant,macro_average_ovr,macro,130,0.65,0.8333333333333334,,0.6933125,145
compact_cnn__b0_star_fixed10,participant_outer_oof,participant,macro_average_ovr,macro,131,0.655,0.8333333333333334,,0.6933125,145
compact_cnn__b0_star_fixed10,participant_outer_oof,participant,macro_average_ovr,macro,132,0.66,0.8333333333333334,,0.6933125,145
compact_cnn__b0_star_fixed10,participant_outer_oof,participant,macro_average_ovr,macro,133,0.665,0.8333333333333334,,0.6933125,145
compact_cnn__b0_star_fixed10,participant_outer_oof,participant,macro_average_ovr,macro,134,0.67,0.8333333333333334,,0.6933125,145
compact_cnn__b0_star_fixed10,participant_outer_oof,participant,macro_average_ovr,macro,135,0.675,0.8333333333333334,,0.6933125,145
compact_cnn__b0_star_fixed10,participant_outer_oof,participant,macro_average_ovr,macro,136,0.68,0.8333333333333334,,0.6933125,145
compact_cnn__b0_star_fixed10,participant_outer_oof,participant,macro_average_ovr,macro,137,0.685,0.8333333333333334,,0.6933125,145
compact_cnn__b0_star_fixed10,participant_outer_oof,participant,macro_average_ovr,macro,138,0.6900000000000001,0.8416666666666667,,0.6933125,145
compact_cnn__b0_star_fixed10,participant_outer_oof,participant,macro_average_ovr,macro,139,0.6950000000000001,0.8472222222222223,,0.6933125,145
compact_cnn__b0_star_fixed10,participant_outer_oof,participant,macro_average_ovr,macro,140,0.7000000000000001,0.8546296296296297,,0.6933125,145
compact_cnn__b0_star_fixed10,participant_outer_oof,participant,macro_average_ovr,macro,141,0.705,0.8546296296296297,,0.6933125,145
compact_cnn__b0_star_fixed10,participant_outer_oof,participant,macro_average_ovr,macro,142,0.71,0.8546296296296297,,0.6933125,145
compact_cnn__b0_star_fixed10,participant_outer_oof,participant,macro_average_ovr,macro,143,0.715,0.862962962962963,,0.6933125,145
compact_cnn__b0_star_fixed10,participant_outer_oof,participant,macro_average_ovr,macro,144,0.72,0.8703703703703703,,0.6933125,145
compact_cnn__b0_star_fixed10,participant_outer_oof,participant,macro_average_ovr,macro,145,0.725,0.8703703703703703,,0.6933125,145
compact_cnn__b0_star_fixed10,participant_outer_oof,participant,macro_average_ovr,macro,146,0.73,0.8703703703703703,,0.6933125,145
compact_cnn__b0_star_fixed10,participant_outer_oof,participant,macro_average_ovr,macro,147,0.735,0.8703703703703703,,0.6933125,145
compact_cnn__b0_star_fixed10,participant_outer_oof,participant,macro_average_ovr,macro,148,0.74,0.8703703703703703,,0.6933125,145
compact_cnn__b0_star_fixed10,participant_outer_oof,participant,macro_average_ovr,macro,149,0.745,0.8703703703703703,,0.6933125,145
compact_cnn__b0_star_fixed10,participant_outer_oof,participant,macro_average_ovr,macro,150,0.75,0.8703703703703703,,0.6933125,145
compact_cnn__b0_star_fixed10,participant_outer_oof,participant,macro_average_ovr,macro,151,0.755,0.8787037037037037,,0.6933125,145
compact_cnn__b0_star_fixed10,participant_outer_oof,participant,macro_average_ovr,macro,152,0.76,0.8787037037037037,,0.6933125,145
compact_cnn__b0_star_fixed10,participant_outer_oof,participant,macro_average_ovr,macro,153,0.765,0.8842592592592592,,0.6933125,145
compact_cnn__b0_star_fixed10,participant_outer_oof,participant,macro_average_ovr,macro,154,0.77,0.8842592592592592,,0.6933125,145
compact_cnn__b0_star_fixed10,participant_outer_oof,participant,macro_average_ovr,macro,155,0.775,0.8842592592592592,,0.6933125,145
compact_cnn__b0_star_fixed10,participant_outer_oof,participant,macro_average_ovr,macro,156,0.78,0.8916666666666666,,0.6933125,145
compact_cnn__b0_star_fixed10,participant_outer_oof,participant,macro_average_ovr,macro,157,0.785,0.8916666666666666,,0.6933125,145
compact_cnn__b0_star_fixed10,participant_outer_oof,participant,macro_average_ovr,macro,158,0.79,0.8916666666666666,,0.6933125,145
compact_cnn__b0_star_fixed10,participant_outer_oof,participant,macro_average_ovr,macro,159,0.795,0.9,,0.6933125,145
compact_cnn__b0_star_fixed10,participant_outer_oof,participant,macro_average_ovr,macro,160,0.8,0.9,,0.6933125,145
compact_cnn__b0_star_fixed10,participant_outer_oof,participant,macro_average_ovr,macro,161,0.805,0.9,,0.6933125,145
compact_cnn__b0_star_fixed10,participant_outer_oof,participant,macro_average_ovr,macro,162,0.81,0.9,,0.6933125,145
compact_cnn__b0_star_fixed10,participant_outer_oof,participant,macro_average_ovr,macro,163,0.8150000000000001,0.9055555555555556,,0.6933125,145
compact_cnn__b0_star_fixed10,participant_outer_oof,participant,macro_average_ovr,macro,164,0.8200000000000001,0.9138888888888889,,0.6933125,145
compact_cnn__b0_star_fixed10,participant_outer_oof,participant,macro_average_ovr,macro,165,0.8250000000000001,0.9138888888888889,,0.6933125,145
compact_cnn__b0_star_fixed10,participant_outer_oof,participant,macro_average_ovr,macro,166,0.8300000000000001,0.9296296296296296,,0.6933125,145
compact_cnn__b0_star_fixed10,participant_outer_oof,participant,macro_average_ovr,macro,167,0.835,0.9296296296296296,,0.6933125,145
compact_cnn__b0_star_fixed10,participant_outer_oof,participant,macro_average_ovr,macro,168,0.84,0.9351851851851851,,0.6933125,145
compact_cnn__b0_star_fixed10,participant_outer_oof,participant,macro_average_ovr,macro,169,0.845,0.9351851851851851,,0.6933125,145
compact_cnn__b0_star_fixed10,participant_outer_oof,participant,macro_average_ovr,macro,170,0.85,0.9351851851851851,,0.6933125,145
compact_cnn__b0_star_fixed10,participant_outer_oof,participant,macro_average_ovr,macro,171,0.855,0.9351851851851851,,0.6933125,145
compact_cnn__b0_star_fixed10,participant_outer_oof,participant,macro_average_ovr,macro,172,0.86,0.9462962962962963,,0.6933125,145
compact_cnn__b0_star_fixed10,participant_outer_oof,participant,macro_average_ovr,macro,173,0.865,0.9462962962962963,,0.6933125,145
compact_cnn__b0_star_fixed10,participant_outer_oof,participant,macro_average_ovr,macro,174,0.87,0.9462962962962963,,0.6933125,145
compact_cnn__b0_star_fixed10,participant_outer_oof,participant,macro_average_ovr,macro,175,0.875,0.9462962962962963,,0.6933125,145
compact_cnn__b0_star_fixed10,participant_outer_oof,participant,macro_average_ovr,macro,176,0.88,0.9462962962962963,,0.6933125,145
compact_cnn__b0_star_fixed10,participant_outer_oof,participant,macro_average_ovr,macro,177,0.885,0.9462962962962963,,0.6933125,145
compact_cnn__b0_star_fixed10,participant_outer_oof,participant,macro_average_ovr,macro,178,0.89,0.9462962962962963,,0.6933125,145
compact_cnn__b0_star_fixed10,participant_outer_oof,participant,macro_average_ovr,macro,179,0.895,0.9740740740740742,,0.6933125,145
compact_cnn__b0_star_fixed10,participant_outer_oof,participant,macro_average_ovr,macro,180,0.9,0.9740740740740742,,0.6933125,145
compact_cnn__b0_star_fixed10,participant_outer_oof,participant,macro_average_ovr,macro,181,0.905,0.9740740740740742,,0.6933125,145
compact_cnn__b0_star_fixed10,participant_outer_oof,participant,macro_average_ovr,macro,182,0.91,0.9814814814814815,,0.6933125,145
compact_cnn__b0_star_fixed10,participant_outer_oof,participant,macro_average_ovr,macro,183,0.915,0.9814814814814815,,0.6933125,145
compact_cnn__b0_star_fixed10,participant_outer_oof,participant,macro_average_ovr,macro,184,0.92,1.0,,0.6933125,145
compact_cnn__b0_star_fixed10,participant_outer_oof,participant,macro_average_ovr,macro,185,0.925,1.0,,0.6933125,145
compact_cnn__b0_star_fixed10,participant_outer_oof,participant,macro_average_ovr,macro,186,0.93,1.0,,0.6933125,145
compact_cnn__b0_star_fixed10,participant_outer_oof,participant,macro_average_ovr,macro,187,0.935,1.0,,0.6933125,145
compact_cnn__b0_star_fixed10,participant_outer_oof,participant,macro_average_ovr,macro,188,0.9400000000000001,1.0,,0.6933125,145
compact_cnn__b0_star_fixed10,participant_outer_oof,participant,macro_average_ovr,macro,189,0.9450000000000001,1.0,,0.6933125,145
compact_cnn__b0_star_fixed10,participant_outer_oof,participant,macro_average_ovr,macro,190,0.9500000000000001,1.0,,0.6933125,145
compact_cnn__b0_star_fixed10,participant_outer_oof,participant,macro_average_ovr,macro,191,0.9550000000000001,1.0,,0.6933125,145
compact_cnn__b0_star_fixed10,participant_outer_oof,participant,macro_average_ovr,macro,192,0.96,1.0,,0.6933125,145
compact_cnn__b0_star_fixed10,participant_outer_oof,participant,macro_average_ovr,macro,193,0.965,1.0,,0.6933125,145
compact_cnn__b0_star_fixed10,participant_outer_oof,participant,macro_average_ovr,macro,194,0.97,1.0,,0.6933125,145
compact_cnn__b0_star_fixed10,participant_outer_oof,participant,macro_average_ovr,macro,195,0.975,1.0,,0.6933125,145
compact_cnn__b0_star_fixed10,participant_outer_oof,participant,macro_average_ovr,macro,196,0.98,1.0,,0.6933125,145
compact_cnn__b0_star_fixed10,participant_outer_oof,participant,macro_average_ovr,macro,197,0.985,1.0,,0.6933125,145
compact_cnn__b0_star_fixed10,participant_outer_oof,participant,macro_average_ovr,macro,198,0.99,1.0,,0.6933125,145
compact_cnn__b0_star_fixed10,participant_outer_oof,participant,macro_average_ovr,macro,199,0.995,1.0,,0.6933125,145
compact_cnn__b0_star_fixed10,participant_outer_oof,participant,macro_average_ovr,macro,200,1.0,1.0,,0.6933125,145
compact_cnn__b1_star_fixed10,participant_outer_oof,participant,one_vs_rest,0,0,0.0,0.0,,0.6960000000000001,145
compact_cnn__b1_star_fixed10,participant_outer_oof,participant,one_vs_rest,0,1,0.0,0.022222222222222223,0.9998569625766408,0.6960000000000001,145
compact_cnn__b1_star_fixed10,participant_outer_oof,participant,one_vs_rest,0,2,0.0,0.08888888888888889,0.9864082547010478,0.6960000000000001,145
compact_cnn__b1_star_fixed10,participant_outer_oof,participant,one_vs_rest,0,3,0.01,0.08888888888888889,0.9804970290507957,0.6960000000000001,145
compact_cnn__b1_star_fixed10,participant_outer_oof,participant,one_vs_rest,0,4,0.01,0.1111111111111111,0.9690551218042496,0.6960000000000001,145
compact_cnn__b1_star_fixed10,participant_outer_oof,participant,one_vs_rest,0,5,0.02,0.1111111111111111,0.9256933626333423,0.6960000000000001,145
compact_cnn__b1_star_fixed10,participant_outer_oof,participant,one_vs_rest,0,6,0.02,0.13333333333333333,0.916192344356651,0.6960000000000001,145
compact_cnn__b1_star_fixed10,participant_outer_oof,participant,one_vs_rest,0,7,0.03,0.13333333333333333,0.9104728223696258,0.6960000000000001,145
compact_cnn__b1_star_fixed10,participant_outer_oof,participant,one_vs_rest,0,8,0.03,0.15555555555555556,0.8970030527727866,0.6960000000000001,145
compact_cnn__b1_star_fixed10,participant_outer_oof,participant,one_vs_rest,0,9,0.05,0.15555555555555556,0.8911624389641023,0.6960000000000001,145
compact_cnn__b1_star_fixed10,participant_outer_oof,participant,one_vs_rest,0,10,0.05,0.2,0.8797962114036768,0.6960000000000001,145
compact_cnn__b1_star_fixed10,participant_outer_oof,participant,one_vs_rest,0,11,0.06,0.2,0.8711271053955588,0.6960000000000001,145
compact_cnn__b1_star_fixed10,participant_outer_oof,participant,one_vs_rest,0,12,0.06,0.2222222222222222,0.8576421314447475,0.6960000000000001,145
compact_cnn__b1_star_fixed10,participant_outer_oof,participant,one_vs_rest,0,13,0.07,0.2222222222222222,0.8519035001069614,0.6960000000000001,145
compact_cnn__b1_star_fixed10,participant_outer_oof,participant,one_vs_rest,0,14,0.07,0.26666666666666666,0.8349417282496504,0.6960000000000001,145
compact_cnn__b1_star_fixed10,participant_outer_oof,participant,one_vs_rest,0,15,0.08,0.26666666666666666,0.8073356020079804,0.6960000000000001,145
compact_cnn__b1_star_fixed10,participant_outer_oof,participant,one_vs_rest,0,16,0.08,0.28888888888888886,0.8019710606655067,0.6960000000000001,145
compact_cnn__b1_star_fixed10,participant_outer_oof,participant,one_vs_rest,0,17,0.1,0.28888888888888886,0.7924284107993342,0.6960000000000001,145
compact_cnn__b1_star_fixed10,participant_outer_oof,participant,one_vs_rest,0,18,0.1,0.3111111111111111,0.791515399824322,0.6960000000000001,145
compact_cnn__b1_star_fixed10,participant_outer_oof,participant,one_vs_rest,0,19,0.12,0.3111111111111111,0.7730063913041502,0.6960000000000001,145
compact_cnn__b1_star_fixed10,participant_outer_oof,participant,one_vs_rest,0,20,0.12,0.3333333333333333,0.7516139498796249,0.6960000000000001,145
compact_cnn__b1_star_fixed10,participant_outer_oof,participant,one_vs_rest,0,21,0.13,0.3333333333333333,0.7216587288886597,0.6960000000000001,145
compact_cnn__b1_star_fixed10,participant_outer_oof,participant,one_vs_rest,0,22,0.13,0.35555555555555557,0.6989798734584306,0.6960000000000001,145
compact_cnn__b1_star_fixed10,participant_outer_oof,participant,one_vs_rest,0,23,0.14,0.35555555555555557,0.6980735530671687,0.6960000000000001,145
compact_cnn__b1_star_fixed10,participant_outer_oof,participant,one_vs_rest,0,24,0.14,0.37777777777777777,0.6960231715068584,0.6960000000000001,145
compact_cnn__b1_star_fixed10,participant_outer_oof,participant,one_vs_rest,0,25,0.18,0.37777777777777777,0.6625905112414834,0.6960000000000001,145
compact_cnn__b1_star_fixed10,participant_outer_oof,participant,one_vs_rest,0,26,0.18,0.4,0.6541976820500789,0.6960000000000001,145
compact_cnn__b1_star_fixed10,participant_outer_oof,participant,one_vs_rest,0,27,0.19,0.4,0.6311000813925843,0.6960000000000001,145
compact_cnn__b1_star_fixed10,participant_outer_oof,participant,one_vs_rest,0,28,0.19,0.4222222222222222,0.6241279646258329,0.6960000000000001,145
compact_cnn__b1_star_fixed10,participant_outer_oof,participant,one_vs_rest,0,29,0.22,0.4222222222222222,0.5938240102890074,0.6960000000000001,145
compact_cnn__b1_star_fixed10,participant_outer_oof,participant,one_vs_rest,0,30,0.22,0.4888888888888889,0.5691665724459009,0.6960000000000001,145
compact_cnn__b1_star_fixed10,participant_outer_oof,participant,one_vs_rest,0,31,0.26,0.4888888888888889,0.549297940462207,0.6960000000000001,145
compact_cnn__b1_star_fixed10,participant_outer_oof,participant,one_vs_rest,0,32,0.26,0.5333333333333333,0.5411567792813882,0.6960000000000001,145
compact_cnn__b1_star_fixed10,participant_outer_oof,participant,one_vs_rest,0,33,0.29,0.5333333333333333,0.5156852093732066,0.6960000000000001,145
compact_cnn__b1_star_fixed10,participant_outer_oof,participant,one_vs_rest,0,34,0.29,0.5555555555555556,0.5046411484819923,0.6960000000000001,145
compact_cnn__b1_star_fixed10,participant_outer_oof,participant,one_vs_rest,0,35,0.31,0.5555555555555556,0.4696252521056065,0.6960000000000001,145
compact_cnn__b1_star_fixed10,participant_outer_oof,participant,one_vs_rest,0,36,0.31,0.5777777777777777,0.46539264173904843,0.6960000000000001,145
compact_cnn__b1_star_fixed10,participant_outer_oof,participant,one_vs_rest,0,37,0.33,0.5777777777777777,0.45608896913999697,0.6960000000000001,145
compact_cnn__b1_star_fixed10,participant_outer_oof,participant,one_vs_rest,0,38,0.33,0.6,0.4552817573922666,0.6960000000000001,145
compact_cnn__b1_star_fixed10,participant_outer_oof,participant,one_vs_rest,0,39,0.34,0.6,0.443141995383072,0.6960000000000001,145
compact_cnn__b1_star_fixed10,participant_outer_oof,participant,one_vs_rest,0,40,0.34,0.6222222222222222,0.439321238183766,0.6960000000000001,145
compact_cnn__b1_star_fixed10,participant_outer_oof,participant,one_vs_rest,0,41,0.37,0.6222222222222222,0.3778657032187561,0.6960000000000001,145
compact_cnn__b1_star_fixed10,participant_outer_oof,participant,one_vs_rest,0,42,0.37,0.6444444444444445,0.37556293735080437,0.6960000000000001,145
compact_cnn__b1_star_fixed10,participant_outer_oof,participant,one_vs_rest,0,43,0.4,0.6444444444444445,0.36846692714832563,0.6960000000000001,145
compact_cnn__b1_star_fixed10,participant_outer_oof,participant,one_vs_rest,0,44,0.4,0.6666666666666666,0.33903091681717656,0.6960000000000001,145
compact_cnn__b1_star_fixed10,participant_outer_oof,participant,one_vs_rest,0,45,0.41,0.6666666666666666,0.30279584580697605,0.6960000000000001,145
compact_cnn__b1_star_fixed10,participant_outer_oof,participant,one_vs_rest,0,46,0.41,0.7333333333333333,0.2970353048583455,0.6960000000000001,145
compact_cnn__b1_star_fixed10,participant_outer_oof,participant,one_vs_rest,0,47,0.47,0.7333333333333333,0.24151952363342483,0.6960000000000001,145
compact_cnn__b1_star_fixed10,participant_outer_oof,participant,one_vs_rest,0,48,0.47,0.7555555555555555,0.23316833679192234,0.6960000000000001,145
compact_cnn__b1_star_fixed10,participant_outer_oof,participant,one_vs_rest,0,49,0.5,0.7555555555555555,0.2100013230215975,0.6960000000000001,145
compact_cnn__b1_star_fixed10,participant_outer_oof,participant,one_vs_rest,0,50,0.5,0.8222222222222222,0.2034210698498346,0.6960000000000001,145
compact_cnn__b1_star_fixed10,participant_outer_oof,participant,one_vs_rest,0,51,0.52,0.8222222222222222,0.19675120704939222,0.6960000000000001,145
compact_cnn__b1_star_fixed10,participant_outer_oof,participant,one_vs_rest,0,52,0.52,0.8444444444444444,0.19623106824274225,0.6960000000000001,145
compact_cnn__b1_star_fixed10,participant_outer_oof,participant,one_vs_rest,0,53,0.65,0.8444444444444444,0.10488315461514024,0.6960000000000001,145
compact_cnn__b1_star_fixed10,participant_outer_oof,participant,one_vs_rest,0,54,0.65,0.8666666666666667,0.09861789821400567,0.6960000000000001,145
compact_cnn__b1_star_fixed10,participant_outer_oof,participant,one_vs_rest,0,55,0.7,0.8666666666666667,0.0593142241032112,0.6960000000000001,145
compact_cnn__b1_star_fixed10,participant_outer_oof,participant,one_vs_rest,0,56,0.7,0.8888888888888888,0.04555227958625764,0.6960000000000001,145
compact_cnn__b1_star_fixed10,participant_outer_oof,participant,one_vs_rest,0,57,0.77,0.8888888888888888,0.02565656540032251,0.6960000000000001,145
compact_cnn__b1_star_fixed10,participant_outer_oof,participant,one_vs_rest,0,58,0.77,0.9555555555555556,0.019275222747349555,0.6960000000000001,145
compact_cnn__b1_star_fixed10,participant_outer_oof,participant,one_vs_rest,0,59,0.89,0.9555555555555556,0.0035795603959105906,0.6960000000000001,145
compact_cnn__b1_star_fixed10,participant_outer_oof,participant,one_vs_rest,0,60,0.89,1.0,0.00203586109259696,0.6960000000000001,145
compact_cnn__b1_star_fixed10,participant_outer_oof,participant,one_vs_rest,0,61,1.0,1.0,9.910230840381976e-08,0.6960000000000001,145
compact_cnn__b1_star_fixed10,participant_outer_oof,participant,one_vs_rest,1,0,0.0,0.0,,0.5770588235294117,145
compact_cnn__b1_star_fixed10,participant_outer_oof,participant,one_vs_rest,1,1,0.0,0.016666666666666666,0.9851554778988655,0.5770588235294117,145
compact_cnn__b1_star_fixed10,participant_outer_oof,participant,one_vs_rest,1,2,0.0,0.03333333333333333,0.9819670622565008,0.5770588235294117,145
compact_cnn__b1_star_fixed10,participant_outer_oof,participant,one_vs_rest,1,3,0.011764705882352941,0.03333333333333333,0.9803396626051342,0.5770588235294117,145
compact_cnn__b1_star_fixed10,participant_outer_oof,participant,one_vs_rest,1,4,0.011764705882352941,0.06666666666666667,0.9670244434025868,0.5770588235294117,145
compact_cnn__b1_star_fixed10,participant_outer_oof,participant,one_vs_rest,1,5,0.08235294117647059,0.06666666666666667,0.9456698481317494,0.5770588235294117,145
compact_cnn__b1_star_fixed10,participant_outer_oof,participant,one_vs_rest,1,6,0.08235294117647059,0.11666666666666667,0.9119578101509109,0.5770588235294117,145
compact_cnn__b1_star_fixed10,participant_outer_oof,participant,one_vs_rest,1,7,0.09411764705882353,0.11666666666666667,0.9005191534195977,0.5770588235294117,145
compact_cnn__b1_star_fixed10,participant_outer_oof,participant,one_vs_rest,1,8,0.09411764705882353,0.13333333333333333,0.8804654240519827,0.5770588235294117,145
compact_cnn__b1_star_fixed10,participant_outer_oof,participant,one_vs_rest,1,9,0.11764705882352941,0.13333333333333333,0.8716029718798398,0.5770588235294117,145
compact_cnn__b1_star_fixed10,participant_outer_oof,participant,one_vs_rest,1,10,0.11764705882352941,0.15,0.84558724766735,0.5770588235294117,145
compact_cnn__b1_star_fixed10,participant_outer_oof,participant,one_vs_rest,1,11,0.12941176470588237,0.15,0.8396672296041512,0.5770588235294117,145
compact_cnn__b1_star_fixed10,participant_outer_oof,participant,one_vs_rest,1,12,0.12941176470588237,0.18333333333333332,0.8326758133128136,0.5770588235294117,145
compact_cnn__b1_star_fixed10,participant_outer_oof,participant,one_vs_rest,1,13,0.1411764705882353,0.18333333333333332,0.8174016773854339,0.5770588235294117,145
compact_cnn__b1_star_fixed10,participant_outer_oof,participant,one_vs_rest,1,14,0.1411764705882353,0.2,0.8113347606440772,0.5770588235294117,145
compact_cnn__b1_star_fixed10,participant_outer_oof,participant,one_vs_rest,1,15,0.16470588235294117,0.2,0.8024081714675073,0.5770588235294117,145
compact_cnn__b1_star_fixed10,participant_outer_oof,participant,one_vs_rest,1,16,0.16470588235294117,0.21666666666666667,0.7998259318562004,0.5770588235294117,145
compact_cnn__b1_star_fixed10,participant_outer_oof,participant,one_vs_rest,1,17,0.17647058823529413,0.21666666666666667,0.7942779048188982,0.5770588235294117,145
compact_cnn__b1_star_fixed10,participant_outer_oof,participant,one_vs_rest,1,18,0.17647058823529413,0.23333333333333334,0.7915600327859609,0.5770588235294117,145
compact_cnn__b1_star_fixed10,participant_outer_oof,participant,one_vs_rest,1,19,0.18823529411764706,0.23333333333333334,0.7716343481991683,0.5770588235294117,145
compact_cnn__b1_star_fixed10,participant_outer_oof,participant,one_vs_rest,1,20,0.18823529411764706,0.25,0.765666127769633,0.5770588235294117,145
compact_cnn__b1_star_fixed10,participant_outer_oof,participant,one_vs_rest,1,21,0.2,0.25,0.7584608046184995,0.5770588235294117,145
compact_cnn__b1_star_fixed10,participant_outer_oof,participant,one_vs_rest,1,22,0.2,0.3,0.7480447765273304,0.5770588235294117,145
compact_cnn__b1_star_fixed10,participant_outer_oof,participant,one_vs_rest,1,23,0.2235294117647059,0.3,0.7397564899095568,0.5770588235294117,145
compact_cnn__b1_star_fixed10,participant_outer_oof,participant,one_vs_rest,1,24,0.2235294117647059,0.31666666666666665,0.7363765700912069,0.5770588235294117,145
compact_cnn__b1_star_fixed10,participant_outer_oof,participant,one_vs_rest,1,25,0.27058823529411763,0.31666666666666665,0.6826730334293536,0.5770588235294117,145
compact_cnn__b1_star_fixed10,participant_outer_oof,participant,one_vs_rest,1,26,0.27058823529411763,0.3333333333333333,0.6763538070781225,0.5770588235294117,145
compact_cnn__b1_star_fixed10,participant_outer_oof,participant,one_vs_rest,1,27,0.2823529411764706,0.3333333333333333,0.6684381256000331,0.5770588235294117,145
compact_cnn__b1_star_fixed10,participant_outer_oof,participant,one_vs_rest,1,28,0.2823529411764706,0.35,0.6602867763183471,0.5770588235294117,145
compact_cnn__b1_star_fixed10,participant_outer_oof,participant,one_vs_rest,1,29,0.29411764705882354,0.35,0.658900594019064,0.5770588235294117,145
compact_cnn__b1_star_fixed10,participant_outer_oof,participant,one_vs_rest,1,30,0.29411764705882354,0.36666666666666664,0.6408902959683037,0.5770588235294117,145
compact_cnn__b1_star_fixed10,participant_outer_oof,participant,one_vs_rest,1,31,0.3176470588235294,0.36666666666666664,0.6293725116264614,0.5770588235294117,145
compact_cnn__b1_star_fixed10,participant_outer_oof,participant,one_vs_rest,1,32,0.3176470588235294,0.38333333333333336,0.6178697742707115,0.5770588235294117,145
compact_cnn__b1_star_fixed10,participant_outer_oof,participant,one_vs_rest,1,33,0.3411764705882353,0.38333333333333336,0.5899307825098511,0.5770588235294117,145
compact_cnn__b1_star_fixed10,participant_outer_oof,participant,one_vs_rest,1,34,0.3411764705882353,0.4,0.5656285262479861,0.5770588235294117,145
compact_cnn__b1_star_fixed10,participant_outer_oof,participant,one_vs_rest,1,35,0.35294117647058826,0.4,0.5585693958370708,0.5770588235294117,145
compact_cnn__b1_star_fixed10,participant_outer_oof,participant,one_vs_rest,1,36,0.35294117647058826,0.4166666666666667,0.5454296692393255,0.5770588235294117,145
compact_cnn__b1_star_fixed10,participant_outer_oof,participant,one_vs_rest,1,37,0.3764705882352941,0.4166666666666667,0.5416133985942373,0.5770588235294117,145
compact_cnn__b1_star_fixed10,participant_outer_oof,participant,one_vs_rest,1,38,0.3764705882352941,0.43333333333333335,0.5404174112133485,0.5770588235294117,145
compact_cnn__b1_star_fixed10,participant_outer_oof,participant,one_vs_rest,1,39,0.4,0.43333333333333335,0.5295087414093015,0.5770588235294117,145
compact_cnn__b1_star_fixed10,participant_outer_oof,participant,one_vs_rest,1,40,0.4,0.48333333333333334,0.5173411374869348,0.5770588235294117,145
compact_cnn__b1_star_fixed10,participant_outer_oof,participant,one_vs_rest,1,41,0.4117647058823529,0.48333333333333334,0.5114940173661824,0.5770588235294117,145
compact_cnn__b1_star_fixed10,participant_outer_oof,participant,one_vs_rest,1,42,0.4117647058823529,0.5166666666666667,0.48792236394056926,0.5770588235294117,145
compact_cnn__b1_star_fixed10,participant_outer_oof,participant,one_vs_rest,1,43,0.4235294117647059,0.5166666666666667,0.48534455057748505,0.5770588235294117,145
compact_cnn__b1_star_fixed10,participant_outer_oof,participant,one_vs_rest,1,44,0.4235294117647059,0.55,0.4590539740234242,0.5770588235294117,145
compact_cnn__b1_star_fixed10,participant_outer_oof,participant,one_vs_rest,1,45,0.47058823529411764,0.55,0.4467115853036604,0.5770588235294117,145
compact_cnn__b1_star_fixed10,participant_outer_oof,participant,one_vs_rest,1,46,0.47058823529411764,0.5833333333333334,0.44246220409104076,0.5770588235294117,145
compact_cnn__b1_star_fixed10,participant_outer_oof,participant,one_vs_rest,1,47,0.49411764705882355,0.5833333333333334,0.4251050661594477,0.5770588235294117,145
compact_cnn__b1_star_fixed10,participant_outer_oof,participant,one_vs_rest,1,48,0.49411764705882355,0.6333333333333333,0.3916245818985641,0.5770588235294117,145
compact_cnn__b1_star_fixed10,participant_outer_oof,participant,one_vs_rest,1,49,0.5058823529411764,0.6333333333333333,0.38644441261461054,0.5770588235294117,145
compact_cnn__b1_star_fixed10,participant_outer_oof,participant,one_vs_rest,1,50,0.5058823529411764,0.65,0.38535030764349143,0.5770588235294117,145
compact_cnn__b1_star_fixed10,participant_outer_oof,participant,one_vs_rest,1,51,0.5411764705882353,0.65,0.3421760084758982,0.5770588235294117,145
compact_cnn__b1_star_fixed10,participant_outer_oof,participant,one_vs_rest,1,52,0.5411764705882353,0.75,0.3120430488603333,0.5770588235294117,145
compact_cnn__b1_star_fixed10,participant_outer_oof,participant,one_vs_rest,1,53,0.611764705882353,0.75,0.2781576958495852,0.5770588235294117,145
compact_cnn__b1_star_fixed10,participant_outer_oof,participant,one_vs_rest,1,54,0.611764705882353,0.7666666666666667,0.260469277375844,0.5770588235294117,145
compact_cnn__b1_star_fixed10,participant_outer_oof,participant,one_vs_rest,1,55,0.6235294117647059,0.7666666666666667,0.25648080663914075,0.5770588235294117,145
compact_cnn__b1_star_fixed10,participant_outer_oof,participant,one_vs_rest,1,56,0.6235294117647059,0.7833333333333333,0.24880408899904966,0.5770588235294117,145
compact_cnn__b1_star_fixed10,participant_outer_oof,participant,one_vs_rest,1,57,0.6941176470588235,0.7833333333333333,0.1934937070208041,0.5770588235294117,145
compact_cnn__b1_star_fixed10,participant_outer_oof,participant,one_vs_rest,1,58,0.6941176470588235,0.8,0.18634539776140924,0.5770588235294117,145
compact_cnn__b1_star_fixed10,participant_outer_oof,participant,one_vs_rest,1,59,0.7529411764705882,0.8,0.1524827163209979,0.5770588235294117,145
compact_cnn__b1_star_fixed10,participant_outer_oof,participant,one_vs_rest,1,60,0.7529411764705882,0.8166666666666667,0.14628325050244007,0.5770588235294117,145
compact_cnn__b1_star_fixed10,participant_outer_oof,participant,one_vs_rest,1,61,0.7764705882352941,0.8166666666666667,0.10298202738149927,0.5770588235294117,145
compact_cnn__b1_star_fixed10,participant_outer_oof,participant,one_vs_rest,1,62,0.7764705882352941,0.8333333333333334,0.0929509895555681,0.5770588235294117,145
compact_cnn__b1_star_fixed10,participant_outer_oof,participant,one_vs_rest,1,63,0.8,0.8333333333333334,0.08366732525594431,0.5770588235294117,145
compact_cnn__b1_star_fixed10,participant_outer_oof,participant,one_vs_rest,1,64,0.8,0.8666666666666667,0.06808671480898017,0.5770588235294117,145
compact_cnn__b1_star_fixed10,participant_outer_oof,participant,one_vs_rest,1,65,0.8117647058823529,0.8666666666666667,0.06597017598401914,0.5770588235294117,145
compact_cnn__b1_star_fixed10,participant_outer_oof,participant,one_vs_rest,1,66,0.8117647058823529,0.9,0.05432748680711763,0.5770588235294117,145
compact_cnn__b1_star_fixed10,participant_outer_oof,participant,one_vs_rest,1,67,0.8235294117647058,0.9,0.05430340535776205,0.5770588235294117,145
compact_cnn__b1_star_fixed10,participant_outer_oof,participant,one_vs_rest,1,68,0.8235294117647058,0.9333333333333333,0.037204083729706704,0.5770588235294117,145
compact_cnn__b1_star_fixed10,participant_outer_oof,participant,one_vs_rest,1,69,0.8352941176470589,0.9333333333333333,0.031919723844840764,0.5770588235294117,145
compact_cnn__b1_star_fixed10,participant_outer_oof,participant,one_vs_rest,1,70,0.8352941176470589,0.95,0.03082661384358137,0.5770588235294117,145
compact_cnn__b1_star_fixed10,participant_outer_oof,participant,one_vs_rest,1,71,0.8470588235294118,0.95,0.027512145062686674,0.5770588235294117,145
compact_cnn__b1_star_fixed10,participant_outer_oof,participant,one_vs_rest,1,72,0.8470588235294118,0.9666666666666667,0.026657943197955444,0.5770588235294117,145
compact_cnn__b1_star_fixed10,participant_outer_oof,participant,one_vs_rest,1,73,0.9176470588235294,0.9666666666666667,0.011212785060704115,0.5770588235294117,145
compact_cnn__b1_star_fixed10,participant_outer_oof,participant,one_vs_rest,1,74,0.9176470588235294,0.9833333333333333,0.010529173316373706,0.5770588235294117,145
compact_cnn__b1_star_fixed10,participant_outer_oof,participant,one_vs_rest,1,75,0.9294117647058824,0.9833333333333333,0.008631437057902803,0.5770588235294117,145
compact_cnn__b1_star_fixed10,participant_outer_oof,participant,one_vs_rest,1,76,0.9294117647058824,1.0,0.0055934770430357255,0.5770588235294117,145
compact_cnn__b1_star_fixed10,participant_outer_oof,participant,one_vs_rest,1,77,1.0,1.0,7.820086556364341e-05,0.5770588235294117,145
compact_cnn__b1_star_fixed10,participant_outer_oof,participant,one_vs_rest,2,0,0.0,0.0,,0.6340476190476191,145
compact_cnn__b1_star_fixed10,participant_outer_oof,participant,one_vs_rest,2,1,0.0,0.025,0.998238667233359,0.6340476190476191,145
compact_cnn__b1_star_fixed10,participant_outer_oof,participant,one_vs_rest,2,2,0.0,0.125,0.9340296178703589,0.6340476190476191,145
compact_cnn__b1_star_fixed10,participant_outer_oof,participant,one_vs_rest,2,3,0.01904761904761905,0.125,0.9183556019994988,0.6340476190476191,145
compact_cnn__b1_star_fixed10,participant_outer_oof,participant,one_vs_rest,2,4,0.01904761904761905,0.2,0.7087984385588538,0.6340476190476191,145
compact_cnn__b1_star_fixed10,participant_outer_oof,participant,one_vs_rest,2,5,0.02857142857142857,0.2,0.6610238465633083,0.6340476190476191,145
compact_cnn__b1_star_fixed10,participant_outer_oof,participant,one_vs_rest,2,6,0.02857142857142857,0.25,0.6484319610503457,0.6340476190476191,145
compact_cnn__b1_star_fixed10,participant_outer_oof,participant,one_vs_rest,2,7,0.047619047619047616,0.25,0.5645767531869997,0.6340476190476191,145
compact_cnn__b1_star_fixed10,participant_outer_oof,participant,one_vs_rest,2,8,0.047619047619047616,0.275,0.5476213099961122,0.6340476190476191,145
compact_cnn__b1_star_fixed10,participant_outer_oof,participant,one_vs_rest,2,9,0.11428571428571428,0.275,0.44462201557608677,0.6340476190476191,145
compact_cnn__b1_star_fixed10,participant_outer_oof,participant,one_vs_rest,2,10,0.11428571428571428,0.3,0.4028692103288777,0.6340476190476191,145
compact_cnn__b1_star_fixed10,participant_outer_oof,participant,one_vs_rest,2,11,0.12380952380952381,0.3,0.3959787702400233,0.6340476190476191,145
compact_cnn__b1_star_fixed10,participant_outer_oof,participant,one_vs_rest,2,12,0.12380952380952381,0.325,0.3784044806585557,0.6340476190476191,145
compact_cnn__b1_star_fixed10,participant_outer_oof,participant,one_vs_rest,2,13,0.13333333333333333,0.325,0.3746818604566773,0.6340476190476191,145
compact_cnn__b1_star_fixed10,participant_outer_oof,participant,one_vs_rest,2,14,0.13333333333333333,0.375,0.32153581782600993,0.6340476190476191,145
compact_cnn__b1_star_fixed10,participant_outer_oof,participant,one_vs_rest,2,15,0.14285714285714285,0.375,0.31390424495522584,0.6340476190476191,145
compact_cnn__b1_star_fixed10,participant_outer_oof,participant,one_vs_rest,2,16,0.14285714285714285,0.425,0.30623064904644987,0.6340476190476191,145
compact_cnn__b1_star_fixed10,participant_outer_oof,participant,one_vs_rest,2,17,0.1523809523809524,0.425,0.2903190735063278,0.6340476190476191,145
compact_cnn__b1_star_fixed10,participant_outer_oof,participant,one_vs_rest,2,18,0.1523809523809524,0.475,0.25884953346191775,0.6340476190476191,145
compact_cnn__b1_star_fixed10,participant_outer_oof,participant,one_vs_rest,2,19,0.2,0.475,0.19147067777547208,0.6340476190476191,145
compact_cnn__b1_star_fixed10,participant_outer_oof,participant,one_vs_rest,2,20,0.2,0.5,0.18402696393874682,0.6340476190476191,145
compact_cnn__b1_star_fixed10,participant_outer_oof,participant,one_vs_rest,2,21,0.23809523809523808,0.5,0.16183778414843833,0.6340476190476191,145
compact_cnn__b1_star_fixed10,participant_outer_oof,participant,one_vs_rest,2,22,0.23809523809523808,0.525,0.15990704608281683,0.6340476190476191,145
compact_cnn__b1_star_fixed10,participant_outer_oof,participant,one_vs_rest,2,23,0.2571428571428571,0.525,0.14076731360972244,0.6340476190476191,145
compact_cnn__b1_star_fixed10,participant_outer_oof,participant,one_vs_rest,2,24,0.2571428571428571,0.55,0.1283841221774265,0.6340476190476191,145
compact_cnn__b1_star_fixed10,participant_outer_oof,participant,one_vs_rest,2,25,0.3333333333333333,0.55,0.09510818756103007,0.6340476190476191,145
compact_cnn__b1_star_fixed10,participant_outer_oof,participant,one_vs_rest,2,26,0.3333333333333333,0.575,0.09338647216461585,0.6340476190476191,145
compact_cnn__b1_star_fixed10,participant_outer_oof,participant,one_vs_rest,2,27,0.3523809523809524,0.575,0.0789980043140005,0.6340476190476191,145
compact_cnn__b1_star_fixed10,participant_outer_oof,participant,one_vs_rest,2,28,0.3523809523809524,0.6,0.07368468196749843,0.6340476190476191,145
compact_cnn__b1_star_fixed10,participant_outer_oof,participant,one_vs_rest,2,29,0.3619047619047619,0.6,0.06870849883057117,0.6340476190476191,145
compact_cnn__b1_star_fixed10,participant_outer_oof,participant,one_vs_rest,2,30,0.3619047619047619,0.625,0.06508907577221719,0.6340476190476191,145
compact_cnn__b1_star_fixed10,participant_outer_oof,participant,one_vs_rest,2,31,0.37142857142857144,0.625,0.05048191175484334,0.6340476190476191,145
compact_cnn__b1_star_fixed10,participant_outer_oof,participant,one_vs_rest,2,32,0.37142857142857144,0.65,0.050234153544693606,0.6340476190476191,145
compact_cnn__b1_star_fixed10,participant_outer_oof,participant,one_vs_rest,2,33,0.41904761904761906,0.65,0.04749602185400077,0.6340476190476191,145
compact_cnn__b1_star_fixed10,participant_outer_oof,participant,one_vs_rest,2,34,0.41904761904761906,0.675,0.04640475136233212,0.6340476190476191,145
compact_cnn__b1_star_fixed10,participant_outer_oof,participant,one_vs_rest,2,35,0.49523809523809526,0.675,0.029666901309564987,0.6340476190476191,145
compact_cnn__b1_star_fixed10,participant_outer_oof,participant,one_vs_rest,2,36,0.49523809523809526,0.7,0.02867358646792816,0.6340476190476191,145
compact_cnn__b1_star_fixed10,participant_outer_oof,participant,one_vs_rest,2,37,0.5619047619047619,0.7,0.02169975260882488,0.6340476190476191,145
compact_cnn__b1_star_fixed10,participant_outer_oof,participant,one_vs_rest,2,38,0.5619047619047619,0.725,0.01936433654303678,0.6340476190476191,145
compact_cnn__b1_star_fixed10,participant_outer_oof,participant,one_vs_rest,2,39,0.7619047619047619,0.725,0.003348587723953877,0.6340476190476191,145
compact_cnn__b1_star_fixed10,participant_outer_oof,participant,one_vs_rest,2,40,0.7619047619047619,0.75,0.003237984478762714,0.6340476190476191,145
compact_cnn__b1_star_fixed10,participant_outer_oof,participant,one_vs_rest,2,41,0.8,0.75,0.002301025331267195,0.6340476190476191,145
compact_cnn__b1_star_fixed10,participant_outer_oof,participant,one_vs_rest,2,42,0.8,0.775,0.0020797716313832484,0.6340476190476191,145
compact_cnn__b1_star_fixed10,participant_outer_oof,participant,one_vs_rest,2,43,0.8285714285714286,0.775,0.001813249390598618,0.6340476190476191,145
compact_cnn__b1_star_fixed10,participant_outer_oof,participant,one_vs_rest,2,44,0.8285714285714286,0.8,0.0017826970326689211,0.6340476190476191,145
compact_cnn__b1_star_fixed10,participant_outer_oof,participant,one_vs_rest,2,45,0.8571428571428571,0.8,0.001516581485165652,0.6340476190476191,145
compact_cnn__b1_star_fixed10,participant_outer_oof,participant,one_vs_rest,2,46,0.8571428571428571,0.825,0.001442290327958783,0.6340476190476191,145
compact_cnn__b1_star_fixed10,participant_outer_oof,participant,one_vs_rest,2,47,0.8952380952380953,0.825,0.0008851718409831888,0.6340476190476191,145
compact_cnn__b1_star_fixed10,participant_outer_oof,participant,one_vs_rest,2,48,0.8952380952380953,0.875,0.0004116986041024626,0.6340476190476191,145
compact_cnn__b1_star_fixed10,participant_outer_oof,participant,one_vs_rest,2,49,0.9333333333333333,0.875,0.0002475744685130606,0.6340476190476191,145
compact_cnn__b1_star_fixed10,participant_outer_oof,participant,one_vs_rest,2,50,0.9333333333333333,0.925,0.00018357526175512837,0.6340476190476191,145
compact_cnn__b1_star_fixed10,participant_outer_oof,participant,one_vs_rest,2,51,0.9523809523809523,0.925,0.00012035904135592096,0.6340476190476191,145
compact_cnn__b1_star_fixed10,participant_outer_oof,participant,one_vs_rest,2,52,0.9523809523809523,0.95,8.903700066006995e-05,0.6340476190476191,145
compact_cnn__b1_star_fixed10,participant_outer_oof,participant,one_vs_rest,2,53,0.9619047619047619,0.95,6.483655779556419e-05,0.6340476190476191,145
compact_cnn__b1_star_fixed10,participant_outer_oof,participant,one_vs_rest,2,54,0.9619047619047619,0.975,6.221445846235669e-05,0.6340476190476191,145
compact_cnn__b1_star_fixed10,participant_outer_oof,participant,one_vs_rest,2,55,0.9714285714285714,0.975,2.0263662571019164e-05,0.6340476190476191,145
compact_cnn__b1_star_fixed10,participant_outer_oof,participant,one_vs_rest,2,56,0.9714285714285714,1.0,1.9671748075694426e-05,0.6340476190476191,145
compact_cnn__b1_star_fixed10,participant_outer_oof,participant,one_vs_rest,2,57,1.0,1.0,4.332686738720923e-06,0.6340476190476191,145
compact_cnn__b1_star_fixed10,participant_outer_oof,participant,macro_average_ovr,macro,0,0.0,0.08240740740740742,,0.6366412037037037,145
compact_cnn__b1_star_fixed10,participant_outer_oof,participant,macro_average_ovr,macro,1,0.005,0.08240740740740742,,0.6366412037037037,145
compact_cnn__b1_star_fixed10,participant_outer_oof,participant,macro_average_ovr,macro,2,0.01,0.0898148148148148,,0.6366412037037037,145
compact_cnn__b1_star_fixed10,participant_outer_oof,participant,macro_average_ovr,macro,3,0.015,0.10092592592592592,,0.6366412037037037,145
compact_cnn__b1_star_fixed10,participant_outer_oof,participant,macro_average_ovr,macro,4,0.02,0.13333333333333333,,0.6366412037037037,145
compact_cnn__b1_star_fixed10,participant_outer_oof,participant,macro_average_ovr,macro,5,0.025,0.13333333333333333,,0.6366412037037037,145
compact_cnn__b1_star_fixed10,participant_outer_oof,participant,macro_average_ovr,macro,6,0.03,0.1574074074074074,,0.6366412037037037,145
compact_cnn__b1_star_fixed10,participant_outer_oof,participant,macro_average_ovr,macro,7,0.035,0.1574074074074074,,0.6366412037037037,145
compact_cnn__b1_star_fixed10,participant_outer_oof,participant,macro_average_ovr,macro,8,0.04,0.1574074074074074,,0.6366412037037037,145
compact_cnn__b1_star_fixed10,participant_outer_oof,participant,macro_average_ovr,macro,9,0.045,0.1574074074074074,,0.6366412037037037,145
compact_cnn__b1_star_fixed10,participant_outer_oof,participant,macro_average_ovr,macro,10,0.05,0.18055555555555558,,0.6366412037037037,145
compact_cnn__b1_star_fixed10,participant_outer_oof,participant,macro_average_ovr,macro,11,0.055,0.18055555555555558,,0.6366412037037037,145
compact_cnn__b1_star_fixed10,participant_outer_oof,participant,macro_average_ovr,macro,12,0.06,0.18796296296296297,,0.6366412037037037,145
compact_cnn__b1_star_fixed10,participant_outer_oof,participant,macro_average_ovr,macro,13,0.065,0.18796296296296297,,0.6366412037037037,145
compact_cnn__b1_star_fixed10,participant_outer_oof,participant,macro_average_ovr,macro,14,0.07,0.2027777777777778,,0.6366412037037037,145
compact_cnn__b1_star_fixed10,participant_outer_oof,participant,macro_average_ovr,macro,15,0.075,0.2027777777777778,,0.6366412037037037,145
compact_cnn__b1_star_fixed10,participant_outer_oof,participant,macro_average_ovr,macro,16,0.08,0.21018518518518517,,0.6366412037037037,145
compact_cnn__b1_star_fixed10,participant_outer_oof,participant,macro_average_ovr,macro,17,0.085,0.22685185185185186,,0.6366412037037037,145
compact_cnn__b1_star_fixed10,participant_outer_oof,participant,macro_average_ovr,macro,18,0.09,0.22685185185185186,,0.6366412037037037,145
compact_cnn__b1_star_fixed10,participant_outer_oof,participant,macro_average_ovr,macro,19,0.095,0.2324074074074074,,0.6366412037037037,145
compact_cnn__b1_star_fixed10,participant_outer_oof,participant,macro_average_ovr,macro,20,0.1,0.23981481481481481,,0.6366412037037037,145
compact_cnn__b1_star_fixed10,participant_outer_oof,participant,macro_average_ovr,macro,21,0.105,0.23981481481481481,,0.6366412037037037,145
compact_cnn__b1_star_fixed10,participant_outer_oof,participant,macro_average_ovr,macro,22,0.11,0.23981481481481481,,0.6366412037037037,145
compact_cnn__b1_star_fixed10,participant_outer_oof,participant,macro_average_ovr,macro,23,0.115,0.24814814814814815,,0.6366412037037037,145
compact_cnn__b1_star_fixed10,participant_outer_oof,participant,macro_average_ovr,macro,24,0.12,0.26111111111111107,,0.6366412037037037,145
compact_cnn__b1_star_fixed10,participant_outer_oof,participant,macro_average_ovr,macro,25,0.125,0.26944444444444443,,0.6366412037037037,145
compact_cnn__b1_star_fixed10,participant_outer_oof,participant,macro_average_ovr,macro,26,0.13,0.287962962962963,,0.6366412037037037,145
compact_cnn__b1_star_fixed10,participant_outer_oof,participant,macro_average_ovr,macro,27,0.135,0.30462962962962964,,0.6366412037037037,145
compact_cnn__b1_star_fixed10,participant_outer_oof,participant,macro_average_ovr,macro,28,0.14,0.31203703703703706,,0.6366412037037037,145
compact_cnn__b1_star_fixed10,participant_outer_oof,participant,macro_average_ovr,macro,29,0.145,0.33425925925925926,,0.6366412037037037,145
compact_cnn__b1_star_fixed10,participant_outer_oof,participant,macro_average_ovr,macro,30,0.15,0.33425925925925926,,0.6366412037037037,145
compact_cnn__b1_star_fixed10,participant_outer_oof,participant,macro_average_ovr,macro,31,0.155,0.35092592592592586,,0.6366412037037037,145
compact_cnn__b1_star_fixed10,participant_outer_oof,participant,macro_average_ovr,macro,32,0.16,0.35092592592592586,,0.6366412037037037,145
compact_cnn__b1_star_fixed10,participant_outer_oof,participant,macro_average_ovr,macro,33,0.165,0.35648148148148145,,0.6366412037037037,145
compact_cnn__b1_star_fixed10,participant_outer_oof,participant,macro_average_ovr,macro,34,0.17,0.35648148148148145,,0.6366412037037037,145
compact_cnn__b1_star_fixed10,participant_outer_oof,participant,macro_average_ovr,macro,35,0.17500000000000002,0.35648148148148145,,0.6366412037037037,145
compact_cnn__b1_star_fixed10,participant_outer_oof,participant,macro_average_ovr,macro,36,0.18,0.36944444444444446,,0.6366412037037037,145
compact_cnn__b1_star_fixed10,participant_outer_oof,participant,macro_average_ovr,macro,37,0.185,0.36944444444444446,,0.6366412037037037,145
compact_cnn__b1_star_fixed10,participant_outer_oof,participant,macro_average_ovr,macro,38,0.19,0.38240740740740736,,0.6366412037037037,145
compact_cnn__b1_star_fixed10,participant_outer_oof,participant,macro_average_ovr,macro,39,0.195,0.38240740740740736,,0.6366412037037037,145
compact_cnn__b1_star_fixed10,participant_outer_oof,participant,macro_average_ovr,macro,40,0.2,0.40740740740740744,,0.6366412037037037,145
compact_cnn__b1_star_fixed10,participant_outer_oof,participant,macro_average_ovr,macro,41,0.20500000000000002,0.40740740740740744,,0.6366412037037037,145
compact_cnn__b1_star_fixed10,participant_outer_oof,participant,macro_average_ovr,macro,42,0.21,0.40740740740740744,,0.6366412037037037,145
compact_cnn__b1_star_fixed10,participant_outer_oof,participant,macro_average_ovr,macro,43,0.215,0.40740740740740744,,0.6366412037037037,145
compact_cnn__b1_star_fixed10,participant_outer_oof,participant,macro_average_ovr,macro,44,0.22,0.4296296296296296,,0.6366412037037037,145
compact_cnn__b1_star_fixed10,participant_outer_oof,participant,macro_average_ovr,macro,45,0.225,0.4351851851851852,,0.6366412037037037,145
compact_cnn__b1_star_fixed10,participant_outer_oof,participant,macro_average_ovr,macro,46,0.23,0.4351851851851852,,0.6366412037037037,145
compact_cnn__b1_star_fixed10,participant_outer_oof,participant,macro_average_ovr,macro,47,0.23500000000000001,0.4351851851851852,,0.6366412037037037,145
compact_cnn__b1_star_fixed10,participant_outer_oof,participant,macro_average_ovr,macro,48,0.24,0.4435185185185186,,0.6366412037037037,145
compact_cnn__b1_star_fixed10,participant_outer_oof,participant,macro_average_ovr,macro,49,0.245,0.4435185185185186,,0.6366412037037037,145
compact_cnn__b1_star_fixed10,participant_outer_oof,participant,macro_average_ovr,macro,50,0.25,0.4435185185185186,,0.6366412037037037,145
compact_cnn__b1_star_fixed10,participant_outer_oof,participant,macro_average_ovr,macro,51,0.255,0.4435185185185186,,0.6366412037037037,145
compact_cnn__b1_star_fixed10,participant_outer_oof,participant,macro_average_ovr,macro,52,0.26,0.4666666666666666,,0.6366412037037037,145
compact_cnn__b1_star_fixed10,participant_outer_oof,participant,macro_average_ovr,macro,53,0.265,0.4666666666666666,,0.6366412037037037,145
compact_cnn__b1_star_fixed10,participant_outer_oof,participant,macro_average_ovr,macro,54,0.27,0.4666666666666666,,0.6366412037037037,145
compact_cnn__b1_star_fixed10,participant_outer_oof,participant,macro_average_ovr,macro,55,0.275,0.47222222222222227,,0.6366412037037037,145
compact_cnn__b1_star_fixed10,participant_outer_oof,participant,macro_average_ovr,macro,56,0.28,0.47222222222222227,,0.6366412037037037,145
compact_cnn__b1_star_fixed10,participant_outer_oof,participant,macro_average_ovr,macro,57,0.28500000000000003,0.4777777777777778,,0.6366412037037037,145
compact_cnn__b1_star_fixed10,participant_outer_oof,participant,macro_average_ovr,macro,58,0.29,0.4851851851851852,,0.6366412037037037,145
compact_cnn__b1_star_fixed10,participant_outer_oof,participant,macro_average_ovr,macro,59,0.295,0.49074074074074076,,0.6366412037037037,145
compact_cnn__b1_star_fixed10,participant_outer_oof,participant,macro_average_ovr,macro,60,0.3,0.49074074074074076,,0.6366412037037037,145
compact_cnn__b1_star_fixed10,participant_outer_oof,participant,macro_average_ovr,macro,61,0.305,0.49074074074074076,,0.6366412037037037,145
compact_cnn__b1_star_fixed10,participant_outer_oof,participant,macro_average_ovr,macro,62,0.31,0.4981481481481482,,0.6366412037037037,145
compact_cnn__b1_star_fixed10,participant_outer_oof,participant,macro_average_ovr,macro,63,0.315,0.4981481481481482,,0.6366412037037037,145
compact_cnn__b1_star_fixed10,participant_outer_oof,participant,macro_average_ovr,macro,64,0.32,0.5037037037037037,,0.6366412037037037,145
compact_cnn__b1_star_fixed10,participant_outer_oof,participant,macro_average_ovr,macro,65,0.325,0.5037037037037037,,0.6366412037037037,145
compact_cnn__b1_star_fixed10,participant_outer_oof,participant,macro_average_ovr,macro,66,0.33,0.5111111111111112,,0.6366412037037037,145
compact_cnn__b1_star_fixed10,participant_outer_oof,participant,macro_average_ovr,macro,67,0.335,0.5194444444444445,,0.6366412037037037,145
compact_cnn__b1_star_fixed10,participant_outer_oof,participant,macro_average_ovr,macro,68,0.34,0.5268518518518518,,0.6366412037037037,145
compact_cnn__b1_star_fixed10,participant_outer_oof,participant,macro_average_ovr,macro,69,0.34500000000000003,0.5324074074074073,,0.6366412037037037,145
compact_cnn__b1_star_fixed10,participant_outer_oof,participant,macro_average_ovr,macro,70,0.35000000000000003,0.5324074074074073,,0.6366412037037037,145
compact_cnn__b1_star_fixed10,participant_outer_oof,participant,macro_average_ovr,macro,71,0.355,0.5462962962962963,,0.6366412037037037,145
compact_cnn__b1_star_fixed10,participant_outer_oof,participant,macro_average_ovr,macro,72,0.36,0.5462962962962963,,0.6366412037037037,145
compact_cnn__b1_star_fixed10,participant_outer_oof,participant,macro_average_ovr,macro,73,0.365,0.5546296296296297,,0.6366412037037037,145
compact_cnn__b1_star_fixed10,participant_outer_oof,participant,macro_average_ovr,macro,74,0.37,0.562037037037037,,0.6366412037037037,145
compact_cnn__b1_star_fixed10,participant_outer_oof,participant,macro_average_ovr,macro,75,0.375,0.5703703703703704,,0.6366412037037037,145
compact_cnn__b1_star_fixed10,participant_outer_oof,participant,macro_average_ovr,macro,76,0.38,0.575925925925926,,0.6366412037037037,145
compact_cnn__b1_star_fixed10,participant_outer_oof,participant,macro_average_ovr,macro,77,0.385,0.575925925925926,,0.6366412037037037,145
compact_cnn__b1_star_fixed10,participant_outer_oof,participant,macro_average_ovr,macro,78,0.39,0.575925925925926,,0.6366412037037037,145
compact_cnn__b1_star_fixed10,participant_outer_oof,participant,macro_average_ovr,macro,79,0.395,0.575925925925926,,0.6366412037037037,145
compact_cnn__b1_star_fixed10,participant_outer_oof,participant,macro_average_ovr,macro,80,0.4,0.6,,0.6366412037037037,145
compact_cnn__b1_star_fixed10,participant_outer_oof,participant,macro_average_ovr,macro,81,0.405,0.6,,0.6366412037037037,145
compact_cnn__b1_star_fixed10,participant_outer_oof,participant,macro_average_ovr,macro,82,0.41000000000000003,0.6222222222222222,,0.6366412037037037,145
compact_cnn__b1_star_fixed10,participant_outer_oof,participant,macro_average_ovr,macro,83,0.41500000000000004,0.6333333333333333,,0.6366412037037037,145
compact_cnn__b1_star_fixed10,participant_outer_oof,participant,macro_average_ovr,macro,84,0.42,0.6416666666666667,,0.6366412037037037,145
compact_cnn__b1_star_fixed10,participant_outer_oof,participant,macro_average_ovr,macro,85,0.425,0.6527777777777778,,0.6366412037037037,145
compact_cnn__b1_star_fixed10,participant_outer_oof,participant,macro_average_ovr,macro,86,0.43,0.6527777777777778,,0.6366412037037037,145
compact_cnn__b1_star_fixed10,participant_outer_oof,participant,macro_average_ovr,macro,87,0.435,0.6527777777777778,,0.6366412037037037,145
compact_cnn__b1_star_fixed10,participant_outer_oof,participant,macro_average_ovr,macro,88,0.44,0.6527777777777778,,0.6366412037037037,145
compact_cnn__b1_star_fixed10,participant_outer_oof,participant,macro_average_ovr,macro,89,0.445,0.6527777777777778,,0.6366412037037037,145
compact_cnn__b1_star_fixed10,participant_outer_oof,participant,macro_average_ovr,macro,90,0.45,0.6527777777777778,,0.6366412037037037,145
compact_cnn__b1_star_fixed10,participant_outer_oof,participant,macro_average_ovr,macro,91,0.455,0.6527777777777778,,0.6366412037037037,145
compact_cnn__b1_star_fixed10,participant_outer_oof,participant,macro_average_ovr,macro,92,0.46,0.6527777777777778,,0.6366412037037037,145
compact_cnn__b1_star_fixed10,participant_outer_oof,participant,macro_average_ovr,macro,93,0.465,0.6527777777777778,,0.6366412037037037,145
compact_cnn__b1_star_fixed10,participant_outer_oof,participant,macro_average_ovr,macro,94,0.47000000000000003,0.6601851851851852,,0.6366412037037037,145
compact_cnn__b1_star_fixed10,participant_outer_oof,participant,macro_average_ovr,macro,95,0.47500000000000003,0.6712962962962964,,0.6366412037037037,145
compact_cnn__b1_star_fixed10,participant_outer_oof,participant,macro_average_ovr,macro,96,0.48,0.6712962962962964,,0.6366412037037037,145
compact_cnn__b1_star_fixed10,participant_outer_oof,participant,macro_average_ovr,macro,97,0.485,0.6712962962962964,,0.6366412037037037,145
compact_cnn__b1_star_fixed10,participant_outer_oof,participant,macro_average_ovr,macro,98,0.49,0.6712962962962964,,0.6366412037037037,145
compact_cnn__b1_star_fixed10,participant_outer_oof,participant,macro_average_ovr,macro,99,0.495,0.687962962962963,,0.6366412037037037,145
compact_cnn__b1_star_fixed10,participant_outer_oof,participant,macro_average_ovr,macro,100,0.5,0.7185185185185184,,0.6366412037037037,145
compact_cnn__b1_star_fixed10,participant_outer_oof,participant,macro_average_ovr,macro,101,0.505,0.7185185185185184,,0.6366412037037037,145
compact_cnn__b1_star_fixed10,participant_outer_oof,participant,macro_average_ovr,macro,102,0.51,0.7240740740740742,,0.6366412037037037,145
compact_cnn__b1_star_fixed10,participant_outer_oof,participant,macro_average_ovr,macro,103,0.515,0.7240740740740742,,0.6366412037037037,145
compact_cnn__b1_star_fixed10,participant_outer_oof,participant,macro_average_ovr,macro,104,0.52,0.7314814814814815,,0.6366412037037037,145
compact_cnn__b1_star_fixed10,participant_outer_oof,participant,macro_average_ovr,macro,105,0.525,0.7314814814814815,,0.6366412037037037,145
compact_cnn__b1_star_fixed10,participant_outer_oof,participant,macro_average_ovr,macro,106,0.53,0.7314814814814815,,0.6366412037037037,145
compact_cnn__b1_star_fixed10,participant_outer_oof,participant,macro_average_ovr,macro,107,0.535,0.7314814814814815,,0.6366412037037037,145
compact_cnn__b1_star_fixed10,participant_outer_oof,participant,macro_average_ovr,macro,108,0.54,0.7314814814814815,,0.6366412037037037,145
compact_cnn__b1_star_fixed10,participant_outer_oof,participant,macro_average_ovr,macro,109,0.545,0.7648148148148147,,0.6366412037037037,145
compact_cnn__b1_star_fixed10,participant_outer_oof,participant,macro_average_ovr,macro,110,0.55,0.7648148148148147,,0.6366412037037037,145
compact_cnn__b1_star_fixed10,participant_outer_oof,participant,macro_average_ovr,macro,111,0.555,0.7648148148148147,,0.6366412037037037,145
compact_cnn__b1_star_fixed10,participant_outer_oof,participant,macro_average_ovr,macro,112,0.56,0.7648148148148147,,0.6366412037037037,145
compact_cnn__b1_star_fixed10,participant_outer_oof,participant,macro_average_ovr,macro,113,0.5650000000000001,0.7731481481481483,,0.6366412037037037,145
compact_cnn__b1_star_fixed10,participant_outer_oof,participant,macro_average_ovr,macro,114,0.5700000000000001,0.7731481481481483,,0.6366412037037037,145
compact_cnn__b1_star_fixed10,participant_outer_oof,participant,macro_average_ovr,macro,115,0.5750000000000001,0.7731481481481483,,0.6366412037037037,145
compact_cnn__b1_star_fixed10,participant_outer_oof,participant,macro_average_ovr,macro,116,0.58,0.7731481481481483,,0.6366412037037037,145
compact_cnn__b1_star_fixed10,participant_outer_oof,participant,macro_average_ovr,macro,117,0.585,0.7731481481481483,,0.6366412037037037,145
compact_cnn__b1_star_fixed10,participant_outer_oof,participant,macro_average_ovr,macro,118,0.59,0.7731481481481483,,0.6366412037037037,145
compact_cnn__b1_star_fixed10,participant_outer_oof,participant,macro_average_ovr,macro,119,0.595,0.7731481481481483,,0.6366412037037037,145
compact_cnn__b1_star_fixed10,participant_outer_oof,participant,macro_average_ovr,macro,120,0.6,0.7731481481481483,,0.6366412037037037,145
compact_cnn__b1_star_fixed10,participant_outer_oof,participant,macro_average_ovr,macro,121,0.605,0.7731481481481483,,0.6366412037037037,145
compact_cnn__b1_star_fixed10,participant_outer_oof,participant,macro_average_ovr,macro,122,0.61,0.7731481481481483,,0.6366412037037037,145
compact_cnn__b1_star_fixed10,participant_outer_oof,participant,macro_average_ovr,macro,123,0.615,0.7787037037037038,,0.6366412037037037,145
compact_cnn__b1_star_fixed10,participant_outer_oof,participant,macro_average_ovr,macro,124,0.62,0.7787037037037038,,0.6366412037037037,145
compact_cnn__b1_star_fixed10,participant_outer_oof,participant,macro_average_ovr,macro,125,0.625,0.7842592592592593,,0.6366412037037037,145
compact_cnn__b1_star_fixed10,participant_outer_oof,participant,macro_average_ovr,macro,126,0.63,0.7842592592592593,,0.6366412037037037,145
compact_cnn__b1_star_fixed10,participant_outer_oof,participant,macro_average_ovr,macro,127,0.635,0.7842592592592593,,0.6366412037037037,145
compact_cnn__b1_star_fixed10,participant_outer_oof,participant,macro_average_ovr,macro,128,0.64,0.7842592592592593,,0.6366412037037037,145
compact_cnn__b1_star_fixed10,participant_outer_oof,participant,macro_average_ovr,macro,129,0.645,0.7842592592592593,,0.6366412037037037,145
compact_cnn__b1_star_fixed10,participant_outer_oof,participant,macro_average_ovr,macro,130,0.65,0.7916666666666666,,0.6366412037037037,145
compact_cnn__b1_star_fixed10,participant_outer_oof,participant,macro_average_ovr,macro,131,0.655,0.7916666666666666,,0.6366412037037037,145
compact_cnn__b1_star_fixed10,participant_outer_oof,participant,macro_average_ovr,macro,132,0.66,0.7916666666666666,,0.6366412037037037,145
compact_cnn__b1_star_fixed10,participant_outer_oof,participant,macro_average_ovr,macro,133,0.665,0.7916666666666666,,0.6366412037037037,145
compact_cnn__b1_star_fixed10,participant_outer_oof,participant,macro_average_ovr,macro,134,0.67,0.7916666666666666,,0.6366412037037037,145
compact_cnn__b1_star_fixed10,participant_outer_oof,participant,macro_average_ovr,macro,135,0.675,0.7916666666666666,,0.6366412037037037,145
compact_cnn__b1_star_fixed10,participant_outer_oof,participant,macro_average_ovr,macro,136,0.68,0.7916666666666666,,0.6366412037037037,145
compact_cnn__b1_star_fixed10,participant_outer_oof,participant,macro_average_ovr,macro,137,0.685,0.7916666666666666,,0.6366412037037037,145
compact_cnn__b1_star_fixed10,participant_outer_oof,participant,macro_average_ovr,macro,138,0.6900000000000001,0.7916666666666666,,0.6366412037037037,145
compact_cnn__b1_star_fixed10,participant_outer_oof,participant,macro_average_ovr,macro,139,0.6950000000000001,0.7972222222222222,,0.6366412037037037,145
compact_cnn__b1_star_fixed10,participant_outer_oof,participant,macro_average_ovr,macro,140,0.7000000000000001,0.8046296296296296,,0.6366412037037037,145
compact_cnn__b1_star_fixed10,participant_outer_oof,participant,macro_average_ovr,macro,141,0.705,0.8046296296296296,,0.6366412037037037,145
compact_cnn__b1_star_fixed10,participant_outer_oof,participant,macro_average_ovr,macro,142,0.71,0.8046296296296296,,0.6366412037037037,145
compact_cnn__b1_star_fixed10,participant_outer_oof,participant,macro_average_ovr,macro,143,0.715,0.8046296296296296,,0.6366412037037037,145
compact_cnn__b1_star_fixed10,participant_outer_oof,participant,macro_average_ovr,macro,144,0.72,0.8046296296296296,,0.6366412037037037,145
compact_cnn__b1_star_fixed10,participant_outer_oof,participant,macro_average_ovr,macro,145,0.725,0.8046296296296296,,0.6366412037037037,145
compact_cnn__b1_star_fixed10,participant_outer_oof,participant,macro_average_ovr,macro,146,0.73,0.8046296296296296,,0.6366412037037037,145
compact_cnn__b1_star_fixed10,participant_outer_oof,participant,macro_average_ovr,macro,147,0.735,0.8046296296296296,,0.6366412037037037,145
compact_cnn__b1_star_fixed10,participant_outer_oof,participant,macro_average_ovr,macro,148,0.74,0.8046296296296296,,0.6366412037037037,145
compact_cnn__b1_star_fixed10,participant_outer_oof,participant,macro_average_ovr,macro,149,0.745,0.8046296296296296,,0.6366412037037037,145
compact_cnn__b1_star_fixed10,participant_outer_oof,participant,macro_average_ovr,macro,150,0.75,0.8046296296296296,,0.6366412037037037,145
compact_cnn__b1_star_fixed10,participant_outer_oof,participant,macro_average_ovr,macro,151,0.755,0.8101851851851851,,0.6366412037037037,145
compact_cnn__b1_star_fixed10,participant_outer_oof,participant,macro_average_ovr,macro,152,0.76,0.8101851851851851,,0.6366412037037037,145
compact_cnn__b1_star_fixed10,participant_outer_oof,participant,macro_average_ovr,macro,153,0.765,0.8185185185185185,,0.6366412037037037,145
compact_cnn__b1_star_fixed10,participant_outer_oof,participant,macro_average_ovr,macro,154,0.77,0.8407407407407407,,0.6366412037037037,145
compact_cnn__b1_star_fixed10,participant_outer_oof,participant,macro_average_ovr,macro,155,0.775,0.8407407407407407,,0.6366412037037037,145
compact_cnn__b1_star_fixed10,participant_outer_oof,participant,macro_average_ovr,macro,156,0.78,0.8462962962962962,,0.6366412037037037,145
compact_cnn__b1_star_fixed10,participant_outer_oof,participant,macro_average_ovr,macro,157,0.785,0.8462962962962962,,0.6366412037037037,145
compact_cnn__b1_star_fixed10,participant_outer_oof,participant,macro_average_ovr,macro,158,0.79,0.8462962962962962,,0.6366412037037037,145
compact_cnn__b1_star_fixed10,participant_outer_oof,participant,macro_average_ovr,macro,159,0.795,0.8462962962962962,,0.6366412037037037,145
compact_cnn__b1_star_fixed10,participant_outer_oof,participant,macro_average_ovr,macro,160,0.8,0.8657407407407408,,0.6366412037037037,145
compact_cnn__b1_star_fixed10,participant_outer_oof,participant,macro_average_ovr,macro,161,0.805,0.8657407407407408,,0.6366412037037037,145
compact_cnn__b1_star_fixed10,participant_outer_oof,participant,macro_average_ovr,macro,162,0.81,0.8657407407407408,,0.6366412037037037,145
compact_cnn__b1_star_fixed10,participant_outer_oof,participant,macro_average_ovr,macro,163,0.8150000000000001,0.8768518518518519,,0.6366412037037037,145
compact_cnn__b1_star_fixed10,participant_outer_oof,participant,macro_average_ovr,macro,164,0.8200000000000001,0.8768518518518519,,0.6366412037037037,145
compact_cnn__b1_star_fixed10,participant_outer_oof,participant,macro_average_ovr,macro,165,0.8250000000000001,0.887962962962963,,0.6366412037037037,145
compact_cnn__b1_star_fixed10,participant_outer_oof,participant,macro_average_ovr,macro,166,0.8300000000000001,0.8962962962962964,,0.6366412037037037,145
compact_cnn__b1_star_fixed10,participant_outer_oof,participant,macro_average_ovr,macro,167,0.835,0.8962962962962964,,0.6366412037037037,145
compact_cnn__b1_star_fixed10,participant_outer_oof,participant,macro_average_ovr,macro,168,0.84,0.9018518518518519,,0.6366412037037037,145
compact_cnn__b1_star_fixed10,participant_outer_oof,participant,macro_average_ovr,macro,169,0.845,0.9018518518518519,,0.6366412037037037,145
compact_cnn__b1_star_fixed10,participant_outer_oof,participant,macro_average_ovr,macro,170,0.85,0.9074074074074074,,0.6366412037037037,145
compact_cnn__b1_star_fixed10,participant_outer_oof,participant,macro_average_ovr,macro,171,0.855,0.9074074074074074,,0.6366412037037037,145
compact_cnn__b1_star_fixed10,participant_outer_oof,participant,macro_average_ovr,macro,172,0.86,0.9157407407407407,,0.6366412037037037,145
compact_cnn__b1_star_fixed10,participant_outer_oof,participant,macro_average_ovr,macro,173,0.865,0.9157407407407407,,0.6366412037037037,145
compact_cnn__b1_star_fixed10,participant_outer_oof,participant,macro_average_ovr,macro,174,0.87,0.9157407407407407,,0.6366412037037037,145
compact_cnn__b1_star_fixed10,participant_outer_oof,participant,macro_average_ovr,macro,175,0.875,0.9157407407407407,,0.6366412037037037,145
compact_cnn__b1_star_fixed10,participant_outer_oof,participant,macro_average_ovr,macro,176,0.88,0.9157407407407407,,0.6366412037037037,145
compact_cnn__b1_star_fixed10,participant_outer_oof,participant,macro_average_ovr,macro,177,0.885,0.9157407407407407,,0.6366412037037037,145
compact_cnn__b1_star_fixed10,participant_outer_oof,participant,macro_average_ovr,macro,178,0.89,0.9305555555555557,,0.6366412037037037,145
compact_cnn__b1_star_fixed10,participant_outer_oof,participant,macro_average_ovr,macro,179,0.895,0.9305555555555557,,0.6366412037037037,145
compact_cnn__b1_star_fixed10,participant_outer_oof,participant,macro_average_ovr,macro,180,0.9,0.9472222222222223,,0.6366412037037037,145
compact_cnn__b1_star_fixed10,participant_outer_oof,participant,macro_average_ovr,macro,181,0.905,0.9472222222222223,,0.6366412037037037,145
compact_cnn__b1_star_fixed10,participant_outer_oof,participant,macro_average_ovr,macro,182,0.91,0.9472222222222223,,0.6366412037037037,145
compact_cnn__b1_star_fixed10,participant_outer_oof,participant,macro_average_ovr,macro,183,0.915,0.9472222222222223,,0.6366412037037037,145
compact_cnn__b1_star_fixed10,participant_outer_oof,participant,macro_average_ovr,macro,184,0.92,0.9527777777777778,,0.6366412037037037,145
compact_cnn__b1_star_fixed10,participant_outer_oof,participant,macro_average_ovr,macro,185,0.925,0.9527777777777778,,0.6366412037037037,145
compact_cnn__b1_star_fixed10,participant_outer_oof,participant,macro_average_ovr,macro,186,0.93,0.9583333333333334,,0.6366412037037037,145
compact_cnn__b1_star_fixed10,participant_outer_oof,participant,macro_average_ovr,macro,187,0.935,0.975,,0.6366412037037037,145
compact_cnn__b1_star_fixed10,participant_outer_oof,participant,macro_average_ovr,macro,188,0.9400000000000001,0.975,,0.6366412037037037,145
compact_cnn__b1_star_fixed10,participant_outer_oof,participant,macro_average_ovr,macro,189,0.9450000000000001,0.975,,0.6366412037037037,145
compact_cnn__b1_star_fixed10,participant_outer_oof,participant,macro_average_ovr,macro,190,0.9500000000000001,0.975,,0.6366412037037037,145
compact_cnn__b1_star_fixed10,participant_outer_oof,participant,macro_average_ovr,macro,191,0.9550000000000001,0.9833333333333334,,0.6366412037037037,145
compact_cnn__b1_star_fixed10,participant_outer_oof,participant,macro_average_ovr,macro,192,0.96,0.9833333333333334,,0.6366412037037037,145
compact_cnn__b1_star_fixed10,participant_outer_oof,participant,macro_average_ovr,macro,193,0.965,0.9916666666666667,,0.6366412037037037,145
compact_cnn__b1_star_fixed10,participant_outer_oof,participant,macro_average_ovr,macro,194,0.97,0.9916666666666667,,0.6366412037037037,145
compact_cnn__b1_star_fixed10,participant_outer_oof,participant,macro_average_ovr,macro,195,0.975,1.0,,0.6366412037037037,145
compact_cnn__b1_star_fixed10,participant_outer_oof,participant,macro_average_ovr,macro,196,0.98,1.0,,0.6366412037037037,145
compact_cnn__b1_star_fixed10,participant_outer_oof,participant,macro_average_ovr,macro,197,0.985,1.0,,0.6366412037037037,145
compact_cnn__b1_star_fixed10,participant_outer_oof,participant,macro_average_ovr,macro,198,0.99,1.0,,0.6366412037037037,145
compact_cnn__b1_star_fixed10,participant_outer_oof,participant,macro_average_ovr,macro,199,0.995,1.0,,0.6366412037037037,145
compact_cnn__b1_star_fixed10,participant_outer_oof,participant,macro_average_ovr,macro,200,1.0,1.0,,0.6366412037037037,145
compact_cnn__b2_star_fixed10,participant_outer_oof,participant,one_vs_rest,0,0,0.0,0.0,,0.7691111111111111,145
compact_cnn__b2_star_fixed10,participant_outer_oof,participant,one_vs_rest,0,1,0.0,0.022222222222222223,0.9981115048724895,0.7691111111111111,145
compact_cnn__b2_star_fixed10,participant_outer_oof,participant,one_vs_rest,0,2,0.0,0.044444444444444446,0.9909417822858998,0.7691111111111111,145
compact_cnn__b2_star_fixed10,participant_outer_oof,participant,one_vs_rest,0,3,0.01,0.044444444444444446,0.971004974779847,0.7691111111111111,145
compact_cnn__b2_star_fixed10,participant_outer_oof,participant,one_vs_rest,0,4,0.01,0.2,0.8907489497995853,0.7691111111111111,145
compact_cnn__b2_star_fixed10,participant_outer_oof,participant,one_vs_rest,0,5,0.02,0.2,0.8878860766549151,0.7691111111111111,145
compact_cnn__b2_star_fixed10,participant_outer_oof,participant,one_vs_rest,0,6,0.02,0.26666666666666666,0.8402673844604628,0.7691111111111111,145
compact_cnn__b2_star_fixed10,participant_outer_oof,participant,one_vs_rest,0,7,0.03,0.26666666666666666,0.8386875799268854,0.7691111111111111,145
compact_cnn__b2_star_fixed10,participant_outer_oof,participant,one_vs_rest,0,8,0.03,0.28888888888888886,0.8147971794556119,0.7691111111111111,145
compact_cnn__b2_star_fixed10,participant_outer_oof,participant,one_vs_rest,0,9,0.05,0.28888888888888886,0.8113490468738942,0.7691111111111111,145
compact_cnn__b2_star_fixed10,participant_outer_oof,participant,one_vs_rest,0,10,0.05,0.3333333333333333,0.770856566867874,0.7691111111111111,145
compact_cnn__b2_star_fixed10,participant_outer_oof,participant,one_vs_rest,0,11,0.08,0.3333333333333333,0.720996310142703,0.7691111111111111,145
compact_cnn__b2_star_fixed10,participant_outer_oof,participant,one_vs_rest,0,12,0.08,0.35555555555555557,0.7123233304241275,0.7691111111111111,145
compact_cnn__b2_star_fixed10,participant_outer_oof,participant,one_vs_rest,0,13,0.1,0.35555555555555557,0.6906826216505928,0.7691111111111111,145
compact_cnn__b2_star_fixed10,participant_outer_oof,participant,one_vs_rest,0,14,0.1,0.37777777777777777,0.6738882116890322,0.7691111111111111,145
compact_cnn__b2_star_fixed10,participant_outer_oof,participant,one_vs_rest,0,15,0.13,0.37777777777777777,0.6086200600246883,0.7691111111111111,145
compact_cnn__b2_star_fixed10,participant_outer_oof,participant,one_vs_rest,0,16,0.13,0.4,0.6078619152636076,0.7691111111111111,145
compact_cnn__b2_star_fixed10,participant_outer_oof,participant,one_vs_rest,0,17,0.15,0.4,0.5840744457113634,0.7691111111111111,145
compact_cnn__b2_star_fixed10,participant_outer_oof,participant,one_vs_rest,0,18,0.15,0.4222222222222222,0.5832401095358708,0.7691111111111111,145
compact_cnn__b2_star_fixed10,participant_outer_oof,participant,one_vs_rest,0,19,0.17,0.4222222222222222,0.5803648271087097,0.7691111111111111,145
compact_cnn__b2_star_fixed10,participant_outer_oof,participant,one_vs_rest,0,20,0.17,0.4666666666666667,0.5662304728095975,0.7691111111111111,145
compact_cnn__b2_star_fixed10,participant_outer_oof,participant,one_vs_rest,0,21,0.2,0.4666666666666667,0.5425931707912366,0.7691111111111111,145
compact_cnn__b2_star_fixed10,participant_outer_oof,participant,one_vs_rest,0,22,0.2,0.5555555555555556,0.5174268380688529,0.7691111111111111,145
compact_cnn__b2_star_fixed10,participant_outer_oof,participant,one_vs_rest,0,23,0.22,0.5555555555555556,0.47720385879395427,0.7691111111111111,145
compact_cnn__b2_star_fixed10,participant_outer_oof,participant,one_vs_rest,0,24,0.22,0.5777777777777777,0.46231793200330984,0.7691111111111111,145
compact_cnn__b2_star_fixed10,participant_outer_oof,participant,one_vs_rest,0,25,0.25,0.5777777777777777,0.43984772088820845,0.7691111111111111,145
compact_cnn__b2_star_fixed10,participant_outer_oof,participant,one_vs_rest,0,26,0.25,0.6,0.4313767748555509,0.7691111111111111,145
compact_cnn__b2_star_fixed10,participant_outer_oof,participant,one_vs_rest,0,27,0.26,0.6,0.4302235412119624,0.7691111111111111,145
compact_cnn__b2_star_fixed10,participant_outer_oof,participant,one_vs_rest,0,28,0.26,0.6444444444444445,0.39995483475835886,0.7691111111111111,145
compact_cnn__b2_star_fixed10,participant_outer_oof,participant,one_vs_rest,0,29,0.29,0.6444444444444445,0.38595208574226525,0.7691111111111111,145
compact_cnn__b2_star_fixed10,participant_outer_oof,participant,one_vs_rest,0,30,0.29,0.6888888888888889,0.35895445993154196,0.7691111111111111,145
compact_cnn__b2_star_fixed10,participant_outer_oof,participant,one_vs_rest,0,31,0.32,0.6888888888888889,0.3407449767359898,0.7691111111111111,145
compact_cnn__b2_star_fixed10,participant_outer_oof,participant,one_vs_rest,0,32,0.32,0.7111111111111111,0.3315319547671173,0.7691111111111111,145
compact_cnn__b2_star_fixed10,participant_outer_oof,participant,one_vs_rest,0,33,0.33,0.7111111111111111,0.3177837817191469,0.7691111111111111,145
compact_cnn__b2_star_fixed10,participant_outer_oof,participant,one_vs_rest,0,34,0.33,0.7333333333333333,0.3174085618707848,0.7691111111111111,145
compact_cnn__b2_star_fixed10,participant_outer_oof,participant,one_vs_rest,0,35,0.35,0.7333333333333333,0.2953966841364543,0.7691111111111111,145
compact_cnn__b2_star_fixed10,participant_outer_oof,participant,one_vs_rest,0,36,0.35,0.7555555555555555,0.28035752096682726,0.7691111111111111,145
compact_cnn__b2_star_fixed10,participant_outer_oof,participant,one_vs_rest,0,37,0.39,0.7555555555555555,0.23078264206469687,0.7691111111111111,145
compact_cnn__b2_star_fixed10,participant_outer_oof,participant,one_vs_rest,0,38,0.39,0.8,0.21124477479260173,0.7691111111111111,145
compact_cnn__b2_star_fixed10,participant_outer_oof,participant,one_vs_rest,0,39,0.43,0.8,0.19173566770886233,0.7691111111111111,145
compact_cnn__b2_star_fixed10,participant_outer_oof,participant,one_vs_rest,0,40,0.43,0.8222222222222222,0.1901220935848033,0.7691111111111111,145
compact_cnn__b2_star_fixed10,participant_outer_oof,participant,one_vs_rest,0,41,0.46,0.8222222222222222,0.14190195731359417,0.7691111111111111,145
compact_cnn__b2_star_fixed10,participant_outer_oof,participant,one_vs_rest,0,42,0.46,0.8444444444444444,0.1357851149365543,0.7691111111111111,145
compact_cnn__b2_star_fixed10,participant_outer_oof,participant,one_vs_rest,0,43,0.48,0.8444444444444444,0.12898230324420293,0.7691111111111111,145
compact_cnn__b2_star_fixed10,participant_outer_oof,participant,one_vs_rest,0,44,0.48,0.8666666666666667,0.11810534593227276,0.7691111111111111,145
compact_cnn__b2_star_fixed10,participant_outer_oof,participant,one_vs_rest,0,45,0.54,0.8666666666666667,0.08840758834602262,0.7691111111111111,145
compact_cnn__b2_star_fixed10,participant_outer_oof,participant,one_vs_rest,0,46,0.54,0.8888888888888888,0.0880565677321127,0.7691111111111111,145
compact_cnn__b2_star_fixed10,participant_outer_oof,participant,one_vs_rest,0,47,0.57,0.8888888888888888,0.07854678542902668,0.7691111111111111,145
compact_cnn__b2_star_fixed10,participant_outer_oof,participant,one_vs_rest,0,48,0.57,0.9111111111111111,0.07798797508030361,0.7691111111111111,145
compact_cnn__b2_star_fixed10,participant_outer_oof,participant,one_vs_rest,0,49,0.59,0.9111111111111111,0.05997730590735597,0.7691111111111111,145
compact_cnn__b2_star_fixed10,participant_outer_oof,participant,one_vs_rest,0,50,0.59,0.9333333333333333,0.059784407030605204,0.7691111111111111,145
compact_cnn__b2_star_fixed10,participant_outer_oof,participant,one_vs_rest,0,51,0.66,0.9333333333333333,0.03415626157613566,0.7691111111111111,145
compact_cnn__b2_star_fixed10,participant_outer_oof,participant,one_vs_rest,0,52,0.66,0.9555555555555556,0.03374103643576759,0.7691111111111111,145
compact_cnn__b2_star_fixed10,participant_outer_oof,participant,one_vs_rest,0,53,0.72,0.9555555555555556,0.024918314107055452,0.7691111111111111,145
compact_cnn__b2_star_fixed10,participant_outer_oof,participant,one_vs_rest,0,54,0.72,0.9777777777777777,0.02260336137797162,0.7691111111111111,145
compact_cnn__b2_star_fixed10,participant_outer_oof,participant,one_vs_rest,0,55,0.73,0.9777777777777777,0.021943601934042923,0.7691111111111111,145
compact_cnn__b2_star_fixed10,participant_outer_oof,participant,one_vs_rest,0,56,0.73,1.0,0.01818444889834221,0.7691111111111111,145
compact_cnn__b2_star_fixed10,participant_outer_oof,participant,one_vs_rest,0,57,1.0,1.0,4.83598777435931e-06,0.7691111111111111,145
compact_cnn__b2_star_fixed10,participant_outer_oof,participant,one_vs_rest,1,0,0.0,0.0,,0.6396078431372548,145
compact_cnn__b2_star_fixed10,participant_outer_oof,participant,one_vs_rest,1,1,0.011764705882352941,0.0,0.9943276340611545,0.6396078431372548,145
compact_cnn__b2_star_fixed10,participant_outer_oof,participant,one_vs_rest,1,2,0.011764705882352941,0.06666666666666667,0.9713412463038015,0.6396078431372548,145
compact_cnn__b2_star_fixed10,participant_outer_oof,participant,one_vs_rest,1,3,0.023529411764705882,0.06666666666666667,0.9671474924811431,0.6396078431372548,145
compact_cnn__b2_star_fixed10,participant_outer_oof,participant,one_vs_rest,1,4,0.023529411764705882,0.1,0.9399860521955157,0.6396078431372548,145
compact_cnn__b2_star_fixed10,participant_outer_oof,participant,one_vs_rest,1,5,0.047058823529411764,0.1,0.9356031953084611,0.6396078431372548,145
compact_cnn__b2_star_fixed10,participant_outer_oof,participant,one_vs_rest,1,6,0.047058823529411764,0.11666666666666667,0.9287515429016019,0.6396078431372548,145
compact_cnn__b2_star_fixed10,participant_outer_oof,participant,one_vs_rest,1,7,0.058823529411764705,0.11666666666666667,0.9196939992600791,0.6396078431372548,145
compact_cnn__b2_star_fixed10,participant_outer_oof,participant,one_vs_rest,1,8,0.058823529411764705,0.15,0.9067930758254201,0.6396078431372548,145
compact_cnn__b2_star_fixed10,participant_outer_oof,participant,one_vs_rest,1,9,0.07058823529411765,0.15,0.9054672712300889,0.6396078431372548,145
compact_cnn__b2_star_fixed10,participant_outer_oof,participant,one_vs_rest,1,10,0.07058823529411765,0.16666666666666666,0.9049492579017421,0.6396078431372548,145
compact_cnn__b2_star_fixed10,participant_outer_oof,participant,one_vs_rest,1,11,0.09411764705882353,0.16666666666666666,0.894357680512365,0.6396078431372548,145
compact_cnn__b2_star_fixed10,participant_outer_oof,participant,one_vs_rest,1,12,0.09411764705882353,0.23333333333333334,0.8558857113916948,0.6396078431372548,145
compact_cnn__b2_star_fixed10,participant_outer_oof,participant,one_vs_rest,1,13,0.10588235294117647,0.23333333333333334,0.8442516119163905,0.6396078431372548,145
compact_cnn__b2_star_fixed10,participant_outer_oof,participant,one_vs_rest,1,14,0.10588235294117647,0.31666666666666665,0.7886802323365438,0.6396078431372548,145
compact_cnn__b2_star_fixed10,participant_outer_oof,participant,one_vs_rest,1,15,0.1411764705882353,0.31666666666666665,0.7730734667991808,0.6396078431372548,145
compact_cnn__b2_star_fixed10,participant_outer_oof,participant,one_vs_rest,1,16,0.1411764705882353,0.35,0.7652027522124479,0.6396078431372548,145
compact_cnn__b2_star_fixed10,participant_outer_oof,participant,one_vs_rest,1,17,0.18823529411764706,0.35,0.7139249734218893,0.6396078431372548,145
compact_cnn__b2_star_fixed10,participant_outer_oof,participant,one_vs_rest,1,18,0.18823529411764706,0.36666666666666664,0.6946838442248968,0.6396078431372548,145
compact_cnn__b2_star_fixed10,participant_outer_oof,participant,one_vs_rest,1,19,0.2235294117647059,0.36666666666666664,0.6763777311831576,0.6396078431372548,145
compact_cnn__b2_star_fixed10,participant_outer_oof,participant,one_vs_rest,1,20,0.2235294117647059,0.4166666666666667,0.6515924895372704,0.6396078431372548,145
compact_cnn__b2_star_fixed10,participant_outer_oof,participant,one_vs_rest,1,21,0.2823529411764706,0.4166666666666667,0.5924352094770848,0.6396078431372548,145
compact_cnn__b2_star_fixed10,participant_outer_oof,participant,one_vs_rest,1,22,0.2823529411764706,0.4666666666666667,0.5830631167482027,0.6396078431372548,145
compact_cnn__b2_star_fixed10,participant_outer_oof,participant,one_vs_rest,1,23,0.29411764705882354,0.4666666666666667,0.5828094686937708,0.6396078431372548,145
compact_cnn__b2_star_fixed10,participant_outer_oof,participant,one_vs_rest,1,24,0.29411764705882354,0.48333333333333334,0.5755307087624866,0.6396078431372548,145
compact_cnn__b2_star_fixed10,participant_outer_oof,participant,one_vs_rest,1,25,0.3176470588235294,0.48333333333333334,0.5694603302863268,0.6396078431372548,145
compact_cnn__b2_star_fixed10,participant_outer_oof,participant,one_vs_rest,1,26,0.3176470588235294,0.55,0.5587906118989129,0.6396078431372548,145
compact_cnn__b2_star_fixed10,participant_outer_oof,participant,one_vs_rest,1,27,0.32941176470588235,0.55,0.5506972786057294,0.6396078431372548,145
compact_cnn__b2_star_fixed10,participant_outer_oof,participant,one_vs_rest,1,28,0.32941176470588235,0.5666666666666667,0.5483255650520931,0.6396078431372548,145
compact_cnn__b2_star_fixed10,participant_outer_oof,participant,one_vs_rest,1,29,0.3764705882352941,0.5666666666666667,0.5261577241120126,0.6396078431372548,145
compact_cnn__b2_star_fixed10,participant_outer_oof,participant,one_vs_rest,1,30,0.3764705882352941,0.5833333333333334,0.5256376699934637,0.6396078431372548,145
compact_cnn__b2_star_fixed10,participant_outer_oof,participant,one_vs_rest,1,31,0.38823529411764707,0.5833333333333334,0.49426669934832596,0.6396078431372548,145
compact_cnn__b2_star_fixed10,participant_outer_oof,participant,one_vs_rest,1,32,0.38823529411764707,0.6,0.4727736142519098,0.6396078431372548,145
compact_cnn__b2_star_fixed10,participant_outer_oof,participant,one_vs_rest,1,33,0.4117647058823529,0.6,0.46800275153700505,0.6396078431372548,145
compact_cnn__b2_star_fixed10,participant_outer_oof,participant,one_vs_rest,1,34,0.4117647058823529,0.6166666666666667,0.46526804213256057,0.6396078431372548,145
compact_cnn__b2_star_fixed10,participant_outer_oof,participant,one_vs_rest,1,35,0.4235294117647059,0.6166666666666667,0.4558042755293228,0.6396078431372548,145
compact_cnn__b2_star_fixed10,participant_outer_oof,participant,one_vs_rest,1,36,0.4235294117647059,0.6333333333333333,0.44293284425819646,0.6396078431372548,145
compact_cnn__b2_star_fixed10,participant_outer_oof,participant,one_vs_rest,1,37,0.5058823529411764,0.6333333333333333,0.40091493807747464,0.6396078431372548,145
compact_cnn__b2_star_fixed10,participant_outer_oof,participant,one_vs_rest,1,38,0.5058823529411764,0.6666666666666666,0.3857804247453932,0.6396078431372548,145
compact_cnn__b2_star_fixed10,participant_outer_oof,participant,one_vs_rest,1,39,0.5529411764705883,0.6666666666666666,0.362859086293901,0.6396078431372548,145
compact_cnn__b2_star_fixed10,participant_outer_oof,participant,one_vs_rest,1,40,0.5529411764705883,0.6833333333333333,0.36154707676208764,0.6396078431372548,145
compact_cnn__b2_star_fixed10,participant_outer_oof,participant,one_vs_rest,1,41,0.5764705882352941,0.6833333333333333,0.32575680667489837,0.6396078431372548,145
compact_cnn__b2_star_fixed10,participant_outer_oof,participant,one_vs_rest,1,42,0.5764705882352941,0.7,0.31512467017371293,0.6396078431372548,145
compact_cnn__b2_star_fixed10,participant_outer_oof,participant,one_vs_rest,1,43,0.5882352941176471,0.7,0.30834063182286997,0.6396078431372548,145
compact_cnn__b2_star_fixed10,participant_outer_oof,participant,one_vs_rest,1,44,0.5882352941176471,0.7166666666666667,0.3082281945584436,0.6396078431372548,145
compact_cnn__b2_star_fixed10,participant_outer_oof,participant,one_vs_rest,1,45,0.6,0.7166666666666667,0.3074875587239713,0.6396078431372548,145
compact_cnn__b2_star_fixed10,participant_outer_oof,participant,one_vs_rest,1,46,0.6,0.75,0.3034794698756464,0.6396078431372548,145
compact_cnn__b2_star_fixed10,participant_outer_oof,participant,one_vs_rest,1,47,0.611764705882353,0.75,0.30214345344144017,0.6396078431372548,145
compact_cnn__b2_star_fixed10,participant_outer_oof,participant,one_vs_rest,1,48,0.611764705882353,0.7666666666666667,0.29960580668994785,0.6396078431372548,145
compact_cnn__b2_star_fixed10,participant_outer_oof,participant,one_vs_rest,1,49,0.6352941176470588,0.7666666666666667,0.2841819818745113,0.6396078431372548,145
compact_cnn__b2_star_fixed10,participant_outer_oof,participant,one_vs_rest,1,50,0.6352941176470588,0.8333333333333334,0.23037537309929398,0.6396078431372548,145
compact_cnn__b2_star_fixed10,participant_outer_oof,participant,one_vs_rest,1,51,0.6588235294117647,0.8333333333333334,0.22124064635067592,0.6396078431372548,145
compact_cnn__b2_star_fixed10,participant_outer_oof,participant,one_vs_rest,1,52,0.6588235294117647,0.85,0.20212830821539113,0.6396078431372548,145
compact_cnn__b2_star_fixed10,participant_outer_oof,participant,one_vs_rest,1,53,0.6705882352941176,0.85,0.18378574608064416,0.6396078431372548,145
compact_cnn__b2_star_fixed10,participant_outer_oof,participant,one_vs_rest,1,54,0.6705882352941176,0.9166666666666666,0.16074903962416248,0.6396078431372548,145
compact_cnn__b2_star_fixed10,participant_outer_oof,participant,one_vs_rest,1,55,0.8705882352941177,0.9166666666666666,0.058013014834672305,0.6396078431372548,145
compact_cnn__b2_star_fixed10,participant_outer_oof,participant,one_vs_rest,1,56,0.8705882352941177,0.95,0.05576121794945417,0.6396078431372548,145
compact_cnn__b2_star_fixed10,participant_outer_oof,participant,one_vs_rest,1,57,0.8823529411764706,0.95,0.04669590611258327,0.6396078431372548,145
compact_cnn__b2_star_fixed10,participant_outer_oof,participant,one_vs_rest,1,58,0.8823529411764706,0.9666666666666667,0.044058235148962316,0.6396078431372548,145
compact_cnn__b2_star_fixed10,participant_outer_oof,participant,one_vs_rest,1,59,0.9176470588235294,0.9666666666666667,0.02391242213188561,0.6396078431372548,145
compact_cnn__b2_star_fixed10,participant_outer_oof,participant,one_vs_rest,1,60,0.9176470588235294,0.9833333333333333,0.020563936613859718,0.6396078431372548,145
compact_cnn__b2_star_fixed10,participant_outer_oof,participant,one_vs_rest,1,61,0.9411764705882353,0.9833333333333333,0.016349632781984886,0.6396078431372548,145
compact_cnn__b2_star_fixed10,participant_outer_oof,participant,one_vs_rest,1,62,0.9411764705882353,1.0,0.006432558209710645,0.6396078431372548,145
compact_cnn__b2_star_fixed10,participant_outer_oof,participant,one_vs_rest,1,63,1.0,1.0,7.473241912910385e-05,0.6396078431372548,145
compact_cnn__b2_star_fixed10,participant_outer_oof,participant,one_vs_rest,2,0,0.0,0.0,,0.8007142857142857,145
compact_cnn__b2_star_fixed10,participant_outer_oof,participant,one_vs_rest,2,1,0.0,0.025,0.9714787801701374,0.8007142857142857,145
compact_cnn__b2_star_fixed10,participant_outer_oof,participant,one_vs_rest,2,2,0.0,0.05,0.9585937623498054,0.8007142857142857,145
compact_cnn__b2_star_fixed10,participant_outer_oof,participant,one_vs_rest,2,3,0.009523809523809525,0.05,0.9225901044647621,0.8007142857142857,145
compact_cnn__b2_star_fixed10,participant_outer_oof,participant,one_vs_rest,2,4,0.009523809523809525,0.25,0.821563070318148,0.8007142857142857,145
compact_cnn__b2_star_fixed10,participant_outer_oof,participant,one_vs_rest,2,5,0.02857142857142857,0.25,0.7390225639933563,0.8007142857142857,145
compact_cnn__b2_star_fixed10,participant_outer_oof,participant,one_vs_rest,2,6,0.02857142857142857,0.275,0.6991102464998432,0.8007142857142857,145
compact_cnn__b2_star_fixed10,participant_outer_oof,participant,one_vs_rest,2,7,0.0380952380952381,0.275,0.6917671390894049,0.8007142857142857,145
compact_cnn__b2_star_fixed10,participant_outer_oof,participant,one_vs_rest,2,8,0.0380952380952381,0.5,0.5620632038087348,0.8007142857142857,145
compact_cnn__b2_star_fixed10,participant_outer_oof,participant,one_vs_rest,2,9,0.05714285714285714,0.5,0.4765320656200829,0.8007142857142857,145
compact_cnn__b2_star_fixed10,participant_outer_oof,participant,one_vs_rest,2,10,0.05714285714285714,0.525,0.4588325434258853,0.8007142857142857,145
compact_cnn__b2_star_fixed10,participant_outer_oof,participant,one_vs_rest,2,11,0.06666666666666667,0.525,0.43171281255700117,0.8007142857142857,145
compact_cnn__b2_star_fixed10,participant_outer_oof,participant,one_vs_rest,2,12,0.06666666666666667,0.55,0.4171856953184549,0.8007142857142857,145
compact_cnn__b2_star_fixed10,participant_outer_oof,participant,one_vs_rest,2,13,0.09523809523809523,0.55,0.3823518972485848,0.8007142857142857,145
compact_cnn__b2_star_fixed10,participant_outer_oof,participant,one_vs_rest,2,14,0.09523809523809523,0.575,0.3734993118455053,0.8007142857142857,145
compact_cnn__b2_star_fixed10,participant_outer_oof,participant,one_vs_rest,2,15,0.11428571428571428,0.575,0.35753494464460417,0.8007142857142857,145
compact_cnn__b2_star_fixed10,participant_outer_oof,participant,one_vs_rest,2,16,0.11428571428571428,0.6,0.3491411304691571,0.8007142857142857,145
compact_cnn__b2_star_fixed10,participant_outer_oof,participant,one_vs_rest,2,17,0.13333333333333333,0.6,0.2769933996511765,0.8007142857142857,145
compact_cnn__b2_star_fixed10,participant_outer_oof,participant,one_vs_rest,2,18,0.13333333333333333,0.625,0.2768641745540213,0.8007142857142857,145
compact_cnn__b2_star_fixed10,participant_outer_oof,participant,one_vs_rest,2,19,0.1523809523809524,0.625,0.2558562243373258,0.8007142857142857,145
compact_cnn__b2_star_fixed10,participant_outer_oof,participant,one_vs_rest,2,20,0.1523809523809524,0.65,0.2513349491580756,0.8007142857142857,145
compact_cnn__b2_star_fixed10,participant_outer_oof,participant,one_vs_rest,2,21,0.1619047619047619,0.65,0.23423020776078993,0.8007142857142857,145
compact_cnn__b2_star_fixed10,participant_outer_oof,participant,one_vs_rest,2,22,0.1619047619047619,0.675,0.22308199250410776,0.8007142857142857,145
compact_cnn__b2_star_fixed10,participant_outer_oof,participant,one_vs_rest,2,23,0.20952380952380953,0.675,0.1839447322591315,0.8007142857142857,145
compact_cnn__b2_star_fixed10,participant_outer_oof,participant,one_vs_rest,2,24,0.20952380952380953,0.7,0.18380036274495937,0.8007142857142857,145
compact_cnn__b2_star_fixed10,participant_outer_oof,participant,one_vs_rest,2,25,0.2857142857142857,0.7,0.15069141216827367,0.8007142857142857,145
compact_cnn__b2_star_fixed10,participant_outer_oof,participant,one_vs_rest,2,26,0.2857142857142857,0.725,0.14733059753893354,0.8007142857142857,145
compact_cnn__b2_star_fixed10,participant_outer_oof,participant,one_vs_rest,2,27,0.3238095238095238,0.725,0.12962464096036722,0.8007142857142857,145
compact_cnn__b2_star_fixed10,participant_outer_oof,participant,one_vs_rest,2,28,0.3238095238095238,0.75,0.11808086579221419,0.8007142857142857,145
compact_cnn__b2_star_fixed10,participant_outer_oof,participant,one_vs_rest,2,29,0.3523809523809524,0.75,0.10156898255961422,0.8007142857142857,145
compact_cnn__b2_star_fixed10,participant_outer_oof,participant,one_vs_rest,2,30,0.3523809523809524,0.8,0.07550975943971153,0.8007142857142857,145
compact_cnn__b2_star_fixed10,participant_outer_oof,participant,one_vs_rest,2,31,0.38095238095238093,0.8,0.0694115670719261,0.8007142857142857,145
compact_cnn__b2_star_fixed10,participant_outer_oof,participant,one_vs_rest,2,32,0.38095238095238093,0.85,0.06371275267017171,0.8007142857142857,145
compact_cnn__b2_star_fixed10,participant_outer_oof,participant,one_vs_rest,2,33,0.44761904761904764,0.85,0.03499230607091717,0.8007142857142857,145
compact_cnn__b2_star_fixed10,participant_outer_oof,participant,one_vs_rest,2,34,0.44761904761904764,0.875,0.032793970869196436,0.8007142857142857,145
compact_cnn__b2_star_fixed10,participant_outer_oof,participant,one_vs_rest,2,35,0.6285714285714286,0.875,0.011661965827780093,0.8007142857142857,145
compact_cnn__b2_star_fixed10,participant_outer_oof,participant,one_vs_rest,2,36,0.6285714285714286,0.9,0.010569547844278838,0.8007142857142857,145
compact_cnn__b2_star_fixed10,participant_outer_oof,participant,one_vs_rest,2,37,0.7142857142857143,0.9,0.00571750561128345,0.8007142857142857,145
compact_cnn__b2_star_fixed10,participant_outer_oof,participant,one_vs_rest,2,38,0.7142857142857143,0.925,0.005586154824224398,0.8007142857142857,145
compact_cnn__b2_star_fixed10,participant_outer_oof,participant,one_vs_rest,2,39,0.8666666666666667,0.925,0.0019534817259332145,0.8007142857142857,145
compact_cnn__b2_star_fixed10,participant_outer_oof,participant,one_vs_rest,2,40,0.8666666666666667,0.95,0.0019516743972885719,0.8007142857142857,145
compact_cnn__b2_star_fixed10,participant_outer_oof,participant,one_vs_rest,2,41,0.8761904761904762,0.95,0.0016243127279594028,0.8007142857142857,145
compact_cnn__b2_star_fixed10,participant_outer_oof,participant,one_vs_rest,2,42,0.8761904761904762,0.975,0.0016025536794406863,0.8007142857142857,145
compact_cnn__b2_star_fixed10,participant_outer_oof,participant,one_vs_rest,2,43,0.9238095238095239,0.975,0.0006220914492631322,0.8007142857142857,145
compact_cnn__b2_star_fixed10,participant_outer_oof,participant,one_vs_rest,2,44,0.9238095238095239,1.0,0.0005863139647726345,0.8007142857142857,145
compact_cnn__b2_star_fixed10,participant_outer_oof,participant,one_vs_rest,2,45,1.0,1.0,3.664189712832964e-05,0.8007142857142857,145
compact_cnn__b2_star_fixed10,participant_outer_oof,participant,macro_average_ovr,macro,0,0.0,0.03148148148148148,,0.737361111111111,145
compact_cnn__b2_star_fixed10,participant_outer_oof,participant,macro_average_ovr,macro,1,0.005,0.03148148148148148,,0.737361111111111,145
compact_cnn__b2_star_fixed10,participant_outer_oof,participant,macro_average_ovr,macro,2,0.01,0.15,,0.737361111111111,145
compact_cnn__b2_star_fixed10,participant_outer_oof,participant,macro_average_ovr,macro,3,0.015,0.1722222222222222,,0.737361111111111,145
compact_cnn__b2_star_fixed10,participant_outer_oof,participant,macro_average_ovr,macro,4,0.02,0.19444444444444442,,0.737361111111111,145
compact_cnn__b2_star_fixed10,participant_outer_oof,participant,macro_average_ovr,macro,5,0.025,0.20555555555555557,,0.737361111111111,145
compact_cnn__b2_star_fixed10,participant_outer_oof,participant,macro_average_ovr,macro,6,0.03,0.2212962962962963,,0.737361111111111,145
compact_cnn__b2_star_fixed10,participant_outer_oof,participant,macro_average_ovr,macro,7,0.035,0.2212962962962963,,0.737361111111111,145
compact_cnn__b2_star_fixed10,participant_outer_oof,participant,macro_average_ovr,macro,8,0.04,0.2962962962962963,,0.737361111111111,145
compact_cnn__b2_star_fixed10,participant_outer_oof,participant,macro_average_ovr,macro,9,0.045,0.2962962962962963,,0.737361111111111,145
compact_cnn__b2_star_fixed10,participant_outer_oof,participant,macro_average_ovr,macro,10,0.05,0.31666666666666665,,0.737361111111111,145
compact_cnn__b2_star_fixed10,participant_outer_oof,participant,macro_average_ovr,macro,11,0.055,0.31666666666666665,,0.737361111111111,145
compact_cnn__b2_star_fixed10,participant_outer_oof,participant,macro_average_ovr,macro,12,0.06,0.3361111111111111,,0.737361111111111,145
compact_cnn__b2_star_fixed10,participant_outer_oof,participant,macro_average_ovr,macro,13,0.065,0.3361111111111111,,0.737361111111111,145
compact_cnn__b2_star_fixed10,participant_outer_oof,participant,macro_average_ovr,macro,14,0.07,0.3444444444444444,,0.737361111111111,145
compact_cnn__b2_star_fixed10,participant_outer_oof,participant,macro_average_ovr,macro,15,0.075,0.35000000000000003,,0.737361111111111,145
compact_cnn__b2_star_fixed10,participant_outer_oof,participant,macro_average_ovr,macro,16,0.08,0.35740740740740745,,0.737361111111111,145
compact_cnn__b2_star_fixed10,participant_outer_oof,participant,macro_average_ovr,macro,17,0.085,0.35740740740740745,,0.737361111111111,145
compact_cnn__b2_star_fixed10,participant_outer_oof,participant,macro_average_ovr,macro,18,0.09,0.35740740740740745,,0.737361111111111,145
compact_cnn__b2_star_fixed10,participant_outer_oof,participant,macro_average_ovr,macro,19,0.095,0.3796296296296296,,0.737361111111111,145
compact_cnn__b2_star_fixed10,participant_outer_oof,participant,macro_average_ovr,macro,20,0.1,0.39537037037037037,,0.737361111111111,145
compact_cnn__b2_star_fixed10,participant_outer_oof,participant,macro_average_ovr,macro,21,0.105,0.39537037037037037,,0.737361111111111,145
compact_cnn__b2_star_fixed10,participant_outer_oof,participant,macro_average_ovr,macro,22,0.11,0.4231481481481481,,0.737361111111111,145
compact_cnn__b2_star_fixed10,participant_outer_oof,participant,macro_average_ovr,macro,23,0.115,0.4314814814814814,,0.737361111111111,145
compact_cnn__b2_star_fixed10,participant_outer_oof,participant,macro_average_ovr,macro,24,0.12,0.4314814814814814,,0.737361111111111,145
compact_cnn__b2_star_fixed10,participant_outer_oof,participant,macro_average_ovr,macro,25,0.125,0.4314814814814814,,0.737361111111111,145
compact_cnn__b2_star_fixed10,participant_outer_oof,participant,macro_average_ovr,macro,26,0.13,0.4388888888888889,,0.737361111111111,145
compact_cnn__b2_star_fixed10,participant_outer_oof,participant,macro_average_ovr,macro,27,0.135,0.44722222222222224,,0.737361111111111,145
compact_cnn__b2_star_fixed10,participant_outer_oof,participant,macro_average_ovr,macro,28,0.14,0.44722222222222224,,0.737361111111111,145
compact_cnn__b2_star_fixed10,participant_outer_oof,participant,macro_average_ovr,macro,29,0.145,0.4583333333333333,,0.737361111111111,145
compact_cnn__b2_star_fixed10,participant_outer_oof,participant,macro_average_ovr,macro,30,0.15,0.46574074074074073,,0.737361111111111,145
compact_cnn__b2_star_fixed10,participant_outer_oof,participant,macro_average_ovr,macro,31,0.155,0.47407407407407404,,0.737361111111111,145
compact_cnn__b2_star_fixed10,participant_outer_oof,participant,macro_average_ovr,macro,32,0.16,0.47407407407407404,,0.737361111111111,145
compact_cnn__b2_star_fixed10,participant_outer_oof,participant,macro_average_ovr,macro,33,0.165,0.4824074074074074,,0.737361111111111,145
compact_cnn__b2_star_fixed10,participant_outer_oof,participant,macro_average_ovr,macro,34,0.17,0.49722222222222223,,0.737361111111111,145
compact_cnn__b2_star_fixed10,participant_outer_oof,participant,macro_average_ovr,macro,35,0.17500000000000002,0.49722222222222223,,0.737361111111111,145
compact_cnn__b2_star_fixed10,participant_outer_oof,participant,macro_average_ovr,macro,36,0.18,0.49722222222222223,,0.737361111111111,145
compact_cnn__b2_star_fixed10,participant_outer_oof,participant,macro_average_ovr,macro,37,0.185,0.49722222222222223,,0.737361111111111,145
compact_cnn__b2_star_fixed10,participant_outer_oof,participant,macro_average_ovr,macro,38,0.19,0.5027777777777778,,0.737361111111111,145
compact_cnn__b2_star_fixed10,participant_outer_oof,participant,macro_average_ovr,macro,39,0.195,0.5027777777777778,,0.737361111111111,145
compact_cnn__b2_star_fixed10,participant_outer_oof,participant,macro_average_ovr,macro,40,0.2,0.5324074074074074,,0.737361111111111,145
compact_cnn__b2_star_fixed10,participant_outer_oof,participant,macro_average_ovr,macro,41,0.20500000000000002,0.5324074074074074,,0.737361111111111,145
compact_cnn__b2_star_fixed10,participant_outer_oof,participant,macro_average_ovr,macro,42,0.21,0.5407407407407407,,0.737361111111111,145
compact_cnn__b2_star_fixed10,participant_outer_oof,participant,macro_average_ovr,macro,43,0.215,0.5407407407407407,,0.737361111111111,145
compact_cnn__b2_star_fixed10,participant_outer_oof,participant,macro_average_ovr,macro,44,0.22,0.5481481481481482,,0.737361111111111,145
compact_cnn__b2_star_fixed10,participant_outer_oof,participant,macro_average_ovr,macro,45,0.225,0.5648148148148148,,0.737361111111111,145
compact_cnn__b2_star_fixed10,participant_outer_oof,participant,macro_average_ovr,macro,46,0.23,0.5648148148148148,,0.737361111111111,145
compact_cnn__b2_star_fixed10,participant_outer_oof,participant,macro_average_ovr,macro,47,0.23500000000000001,0.5648148148148148,,0.737361111111111,145
compact_cnn__b2_star_fixed10,participant_outer_oof,participant,macro_average_ovr,macro,48,0.24,0.5648148148148148,,0.737361111111111,145
compact_cnn__b2_star_fixed10,participant_outer_oof,participant,macro_average_ovr,macro,49,0.245,0.5648148148148148,,0.737361111111111,145
compact_cnn__b2_star_fixed10,participant_outer_oof,participant,macro_average_ovr,macro,50,0.25,0.5722222222222222,,0.737361111111111,145
compact_cnn__b2_star_fixed10,participant_outer_oof,participant,macro_average_ovr,macro,51,0.255,0.5722222222222222,,0.737361111111111,145
compact_cnn__b2_star_fixed10,participant_outer_oof,participant,macro_average_ovr,macro,52,0.26,0.587037037037037,,0.737361111111111,145
compact_cnn__b2_star_fixed10,participant_outer_oof,participant,macro_average_ovr,macro,53,0.265,0.587037037037037,,0.737361111111111,145
compact_cnn__b2_star_fixed10,participant_outer_oof,participant,macro_average_ovr,macro,54,0.27,0.587037037037037,,0.737361111111111,145
compact_cnn__b2_star_fixed10,participant_outer_oof,participant,macro_average_ovr,macro,55,0.275,0.587037037037037,,0.737361111111111,145
compact_cnn__b2_star_fixed10,participant_outer_oof,participant,macro_average_ovr,macro,56,0.28,0.587037037037037,,0.737361111111111,145
compact_cnn__b2_star_fixed10,participant_outer_oof,participant,macro_average_ovr,macro,57,0.28500000000000003,0.6037037037037037,,0.737361111111111,145
compact_cnn__b2_star_fixed10,participant_outer_oof,participant,macro_average_ovr,macro,58,0.29,0.6268518518518519,,0.737361111111111,145
compact_cnn__b2_star_fixed10,participant_outer_oof,participant,macro_average_ovr,macro,59,0.295,0.6324074074074074,,0.737361111111111,145
compact_cnn__b2_star_fixed10,participant_outer_oof,participant,macro_average_ovr,macro,60,0.3,0.6324074074074074,,0.737361111111111,145
compact_cnn__b2_star_fixed10,participant_outer_oof,participant,macro_average_ovr,macro,61,0.305,0.6324074074074074,,0.737361111111111,145
compact_cnn__b2_star_fixed10,participant_outer_oof,participant,macro_average_ovr,macro,62,0.31,0.6324074074074074,,0.737361111111111,145
compact_cnn__b2_star_fixed10,participant_outer_oof,participant,macro_average_ovr,macro,63,0.315,0.6324074074074074,,0.737361111111111,145
compact_cnn__b2_star_fixed10,participant_outer_oof,participant,macro_average_ovr,macro,64,0.32,0.6620370370370371,,0.737361111111111,145
compact_cnn__b2_star_fixed10,participant_outer_oof,participant,macro_average_ovr,macro,65,0.325,0.6703703703703704,,0.737361111111111,145
compact_cnn__b2_star_fixed10,participant_outer_oof,participant,macro_average_ovr,macro,66,0.33,0.6833333333333332,,0.737361111111111,145
compact_cnn__b2_star_fixed10,participant_outer_oof,participant,macro_average_ovr,macro,67,0.335,0.6833333333333332,,0.737361111111111,145
compact_cnn__b2_star_fixed10,participant_outer_oof,participant,macro_average_ovr,macro,68,0.34,0.6833333333333332,,0.737361111111111,145
compact_cnn__b2_star_fixed10,participant_outer_oof,participant,macro_average_ovr,macro,69,0.34500000000000003,0.6833333333333332,,0.737361111111111,145
compact_cnn__b2_star_fixed10,participant_outer_oof,participant,macro_average_ovr,macro,70,0.35000000000000003,0.6907407407407407,,0.737361111111111,145
compact_cnn__b2_star_fixed10,participant_outer_oof,participant,macro_average_ovr,macro,71,0.355,0.7074074074074074,,0.737361111111111,145
compact_cnn__b2_star_fixed10,participant_outer_oof,participant,macro_average_ovr,macro,72,0.36,0.7074074074074074,,0.737361111111111,145
compact_cnn__b2_star_fixed10,participant_outer_oof,participant,macro_average_ovr,macro,73,0.365,0.7074074074074074,,0.737361111111111,145
compact_cnn__b2_star_fixed10,participant_outer_oof,participant,macro_average_ovr,macro,74,0.37,0.7074074074074074,,0.737361111111111,145
compact_cnn__b2_star_fixed10,participant_outer_oof,participant,macro_average_ovr,macro,75,0.375,0.7074074074074074,,0.737361111111111,145
compact_cnn__b2_star_fixed10,participant_outer_oof,participant,macro_average_ovr,macro,76,0.38,0.7129629629629631,,0.737361111111111,145
compact_cnn__b2_star_fixed10,participant_outer_oof,participant,macro_average_ovr,macro,77,0.385,0.7296296296296297,,0.737361111111111,145
compact_cnn__b2_star_fixed10,participant_outer_oof,participant,macro_average_ovr,macro,78,0.39,0.75,,0.737361111111111,145
compact_cnn__b2_star_fixed10,participant_outer_oof,participant,macro_average_ovr,macro,79,0.395,0.75,,0.737361111111111,145
compact_cnn__b2_star_fixed10,participant_outer_oof,participant,macro_average_ovr,macro,80,0.4,0.75,,0.737361111111111,145
compact_cnn__b2_star_fixed10,participant_outer_oof,participant,macro_average_ovr,macro,81,0.405,0.75,,0.737361111111111,145
compact_cnn__b2_star_fixed10,participant_outer_oof,participant,macro_average_ovr,macro,82,0.41000000000000003,0.75,,0.737361111111111,145
compact_cnn__b2_star_fixed10,participant_outer_oof,participant,macro_average_ovr,macro,83,0.41500000000000004,0.7555555555555555,,0.737361111111111,145
compact_cnn__b2_star_fixed10,participant_outer_oof,participant,macro_average_ovr,macro,84,0.42,0.7555555555555555,,0.737361111111111,145
compact_cnn__b2_star_fixed10,participant_outer_oof,participant,macro_average_ovr,macro,85,0.425,0.7611111111111111,,0.737361111111111,145
compact_cnn__b2_star_fixed10,participant_outer_oof,participant,macro_average_ovr,macro,86,0.43,0.7685185185185185,,0.737361111111111,145
compact_cnn__b2_star_fixed10,participant_outer_oof,participant,macro_average_ovr,macro,87,0.435,0.7685185185185185,,0.737361111111111,145
compact_cnn__b2_star_fixed10,participant_outer_oof,participant,macro_average_ovr,macro,88,0.44,0.7685185185185185,,0.737361111111111,145
compact_cnn__b2_star_fixed10,participant_outer_oof,participant,macro_average_ovr,macro,89,0.445,0.7685185185185185,,0.737361111111111,145
compact_cnn__b2_star_fixed10,participant_outer_oof,participant,macro_average_ovr,macro,90,0.45,0.7768518518518519,,0.737361111111111,145
compact_cnn__b2_star_fixed10,participant_outer_oof,participant,macro_average_ovr,macro,91,0.455,0.7768518518518519,,0.737361111111111,145
compact_cnn__b2_star_fixed10,participant_outer_oof,participant,macro_average_ovr,macro,92,0.46,0.7842592592592593,,0.737361111111111,145
compact_cnn__b2_star_fixed10,participant_outer_oof,participant,macro_average_ovr,macro,93,0.465,0.7842592592592593,,0.737361111111111,145
compact_cnn__b2_star_fixed10,participant_outer_oof,participant,macro_average_ovr,macro,94,0.47000000000000003,0.7842592592592593,,0.737361111111111,145
compact_cnn__b2_star_fixed10,participant_outer_oof,participant,macro_average_ovr,macro,95,0.47500000000000003,0.7842592592592593,,0.737361111111111,145
compact_cnn__b2_star_fixed10,participant_outer_oof,participant,macro_average_ovr,macro,96,0.48,0.7916666666666666,,0.737361111111111,145
compact_cnn__b2_star_fixed10,participant_outer_oof,participant,macro_average_ovr,macro,97,0.485,0.7916666666666666,,0.737361111111111,145
compact_cnn__b2_star_fixed10,participant_outer_oof,participant,macro_average_ovr,macro,98,0.49,0.7916666666666666,,0.737361111111111,145
compact_cnn__b2_star_fixed10,participant_outer_oof,participant,macro_average_ovr,macro,99,0.495,0.7916666666666666,,0.737361111111111,145
compact_cnn__b2_star_fixed10,participant_outer_oof,participant,macro_average_ovr,macro,100,0.5,0.7916666666666666,,0.737361111111111,145
compact_cnn__b2_star_fixed10,participant_outer_oof,participant,macro_average_ovr,macro,101,0.505,0.7916666666666666,,0.737361111111111,145
compact_cnn__b2_star_fixed10,participant_outer_oof,participant,macro_average_ovr,macro,102,0.51,0.8027777777777777,,0.737361111111111,145
compact_cnn__b2_star_fixed10,participant_outer_oof,participant,macro_average_ovr,macro,103,0.515,0.8027777777777777,,0.737361111111111,145
compact_cnn__b2_star_fixed10,participant_outer_oof,participant,macro_average_ovr,macro,104,0.52,0.8027777777777777,,0.737361111111111,145
compact_cnn__b2_star_fixed10,participant_outer_oof,participant,macro_average_ovr,macro,105,0.525,0.8027777777777777,,0.737361111111111,145
compact_cnn__b2_star_fixed10,participant_outer_oof,participant,macro_average_ovr,macro,106,0.53,0.8027777777777777,,0.737361111111111,145
compact_cnn__b2_star_fixed10,participant_outer_oof,participant,macro_average_ovr,macro,107,0.535,0.8027777777777777,,0.737361111111111,145
compact_cnn__b2_star_fixed10,participant_outer_oof,participant,macro_average_ovr,macro,108,0.54,0.8101851851851851,,0.737361111111111,145
compact_cnn__b2_star_fixed10,participant_outer_oof,participant,macro_average_ovr,macro,109,0.545,0.8101851851851851,,0.737361111111111,145
compact_cnn__b2_star_fixed10,participant_outer_oof,participant,macro_average_ovr,macro,110,0.55,0.8101851851851851,,0.737361111111111,145
compact_cnn__b2_star_fixed10,participant_outer_oof,participant,macro_average_ovr,macro,111,0.555,0.8157407407407407,,0.737361111111111,145
compact_cnn__b2_star_fixed10,participant_outer_oof,participant,macro_average_ovr,macro,112,0.56,0.8157407407407407,,0.737361111111111,145
compact_cnn__b2_star_fixed10,participant_outer_oof,participant,macro_average_ovr,macro,113,0.5650000000000001,0.8157407407407407,,0.737361111111111,145
compact_cnn__b2_star_fixed10,participant_outer_oof,participant,macro_average_ovr,macro,114,0.5700000000000001,0.8231481481481482,,0.737361111111111,145
compact_cnn__b2_star_fixed10,participant_outer_oof,participant,macro_average_ovr,macro,115,0.5750000000000001,0.8231481481481482,,0.737361111111111,145
compact_cnn__b2_star_fixed10,participant_outer_oof,participant,macro_average_ovr,macro,116,0.58,0.8287037037037037,,0.737361111111111,145
compact_cnn__b2_star_fixed10,participant_outer_oof,participant,macro_average_ovr,macro,117,0.585,0.8287037037037037,,0.737361111111111,145
compact_cnn__b2_star_fixed10,participant_outer_oof,participant,macro_average_ovr,macro,118,0.59,0.8416666666666667,,0.737361111111111,145
compact_cnn__b2_star_fixed10,participant_outer_oof,participant,macro_average_ovr,macro,119,0.595,0.8416666666666667,,0.737361111111111,145
compact_cnn__b2_star_fixed10,participant_outer_oof,participant,macro_average_ovr,macro,120,0.6,0.8527777777777779,,0.737361111111111,145
compact_cnn__b2_star_fixed10,participant_outer_oof,participant,macro_average_ovr,macro,121,0.605,0.8527777777777779,,0.737361111111111,145
compact_cnn__b2_star_fixed10,participant_outer_oof,participant,macro_average_ovr,macro,122,0.61,0.8527777777777779,,0.737361111111111,145
compact_cnn__b2_star_fixed10,participant_outer_oof,participant,macro_average_ovr,macro,123,0.615,0.8583333333333334,,0.737361111111111,145
compact_cnn__b2_star_fixed10,participant_outer_oof,participant,macro_average_ovr,macro,124,0.62,0.8583333333333334,,0.737361111111111,145
compact_cnn__b2_star_fixed10,participant_outer_oof,participant,macro_average_ovr,macro,125,0.625,0.8583333333333334,,0.737361111111111,145
compact_cnn__b2_star_fixed10,participant_outer_oof,participant,macro_average_ovr,macro,126,0.63,0.8666666666666667,,0.737361111111111,145
compact_cnn__b2_star_fixed10,participant_outer_oof,participant,macro_average_ovr,macro,127,0.635,0.8666666666666667,,0.737361111111111,145
compact_cnn__b2_star_fixed10,participant_outer_oof,participant,macro_average_ovr,macro,128,0.64,0.8888888888888888,,0.737361111111111,145
compact_cnn__b2_star_fixed10,participant_outer_oof,participant,macro_average_ovr,macro,129,0.645,0.8888888888888888,,0.737361111111111,145
compact_cnn__b2_star_fixed10,participant_outer_oof,participant,macro_average_ovr,macro,130,0.65,0.8888888888888888,,0.737361111111111,145
compact_cnn__b2_star_fixed10,participant_outer_oof,participant,macro_average_ovr,macro,131,0.655,0.8888888888888888,,0.737361111111111,145
compact_cnn__b2_star_fixed10,participant_outer_oof,participant,macro_average_ovr,macro,132,0.66,0.9018518518518519,,0.737361111111111,145
compact_cnn__b2_star_fixed10,participant_outer_oof,participant,macro_average_ovr,macro,133,0.665,0.9018518518518519,,0.737361111111111,145
compact_cnn__b2_star_fixed10,participant_outer_oof,participant,macro_average_ovr,macro,134,0.67,0.9018518518518519,,0.737361111111111,145
compact_cnn__b2_star_fixed10,participant_outer_oof,participant,macro_average_ovr,macro,135,0.675,0.924074074074074,,0.737361111111111,145
compact_cnn__b2_star_fixed10,participant_outer_oof,participant,macro_average_ovr,macro,136,0.68,0.924074074074074,,0.737361111111111,145
compact_cnn__b2_star_fixed10,participant_outer_oof,participant,macro_average_ovr,macro,137,0.685,0.924074074074074,,0.737361111111111,145
compact_cnn__b2_star_fixed10,participant_outer_oof,participant,macro_average_ovr,macro,138,0.6900000000000001,0.924074074074074,,0.737361111111111,145
compact_cnn__b2_star_fixed10,participant_outer_oof,participant,macro_average_ovr,macro,139,0.6950000000000001,0.924074074074074,,0.737361111111111,145
compact_cnn__b2_star_fixed10,participant_outer_oof,participant,macro_average_ovr,macro,140,0.7000000000000001,0.924074074074074,,0.737361111111111,145
compact_cnn__b2_star_fixed10,participant_outer_oof,participant,macro_average_ovr,macro,141,0.705,0.924074074074074,,0.737361111111111,145
compact_cnn__b2_star_fixed10,participant_outer_oof,participant,macro_average_ovr,macro,142,0.71,0.924074074074074,,0.737361111111111,145
compact_cnn__b2_star_fixed10,participant_outer_oof,participant,macro_average_ovr,macro,143,0.715,0.9324074074074075,,0.737361111111111,145
compact_cnn__b2_star_fixed10,participant_outer_oof,participant,macro_average_ovr,macro,144,0.72,0.9398148148148149,,0.737361111111111,145
compact_cnn__b2_star_fixed10,participant_outer_oof,participant,macro_average_ovr,macro,145,0.725,0.9398148148148149,,0.737361111111111,145
compact_cnn__b2_star_fixed10,participant_outer_oof,participant,macro_average_ovr,macro,146,0.73,0.9472222222222223,,0.737361111111111,145
compact_cnn__b2_star_fixed10,participant_outer_oof,participant,macro_average_ovr,macro,147,0.735,0.9472222222222223,,0.737361111111111,145
compact_cnn__b2_star_fixed10,participant_outer_oof,participant,macro_average_ovr,macro,148,0.74,0.9472222222222223,,0.737361111111111,145
compact_cnn__b2_star_fixed10,participant_outer_oof,participant,macro_average_ovr,macro,149,0.745,0.9472222222222223,,0.737361111111111,145
compact_cnn__b2_star_fixed10,participant_outer_oof,participant,macro_average_ovr,macro,150,0.75,0.9472222222222223,,0.737361111111111,145
compact_cnn__b2_star_fixed10,participant_outer_oof,participant,macro_average_ovr,macro,151,0.755,0.9472222222222223,,0.737361111111111,145
compact_cnn__b2_star_fixed10,participant_outer_oof,participant,macro_average_ovr,macro,152,0.76,0.9472222222222223,,0.737361111111111,145
compact_cnn__b2_star_fixed10,participant_outer_oof,participant,macro_average_ovr,macro,153,0.765,0.9472222222222223,,0.737361111111111,145
compact_cnn__b2_star_fixed10,participant_outer_oof,participant,macro_average_ovr,macro,154,0.77,0.9472222222222223,,0.737361111111111,145
compact_cnn__b2_star_fixed10,participant_outer_oof,participant,macro_average_ovr,macro,155,0.775,0.9472222222222223,,0.737361111111111,145
compact_cnn__b2_star_fixed10,participant_outer_oof,participant,macro_average_ovr,macro,156,0.78,0.9472222222222223,,0.737361111111111,145
compact_cnn__b2_star_fixed10,participant_outer_oof,participant,macro_average_ovr,macro,157,0.785,0.9472222222222223,,0.737361111111111,145
compact_cnn__b2_star_fixed10,participant_outer_oof,participant,macro_average_ovr,macro,158,0.79,0.9472222222222223,,0.737361111111111,145
compact_cnn__b2_star_fixed10,participant_outer_oof,participant,macro_average_ovr,macro,159,0.795,0.9472222222222223,,0.737361111111111,145
compact_cnn__b2_star_fixed10,participant_outer_oof,participant,macro_average_ovr,macro,160,0.8,0.9472222222222223,,0.737361111111111,145
compact_cnn__b2_star_fixed10,participant_outer_oof,participant,macro_average_ovr,macro,161,0.805,0.9472222222222223,,0.737361111111111,145
compact_cnn__b2_star_fixed10,participant_outer_oof,participant,macro_average_ovr,macro,162,0.81,0.9472222222222223,,0.737361111111111,145
compact_cnn__b2_star_fixed10,participant_outer_oof,participant,macro_average_ovr,macro,163,0.8150000000000001,0.9472222222222223,,0.737361111111111,145
compact_cnn__b2_star_fixed10,participant_outer_oof,participant,macro_average_ovr,macro,164,0.8200000000000001,0.9472222222222223,,0.737361111111111,145
compact_cnn__b2_star_fixed10,participant_outer_oof,participant,macro_average_ovr,macro,165,0.8250000000000001,0.9472222222222223,,0.737361111111111,145
compact_cnn__b2_star_fixed10,participant_outer_oof,participant,macro_average_ovr,macro,166,0.8300000000000001,0.9472222222222223,,0.737361111111111,145
compact_cnn__b2_star_fixed10,participant_outer_oof,participant,macro_average_ovr,macro,167,0.835,0.9472222222222223,,0.737361111111111,145
compact_cnn__b2_star_fixed10,participant_outer_oof,participant,macro_average_ovr,macro,168,0.84,0.9472222222222223,,0.737361111111111,145
compact_cnn__b2_star_fixed10,participant_outer_oof,participant,macro_average_ovr,macro,169,0.845,0.9472222222222223,,0.737361111111111,145
compact_cnn__b2_star_fixed10,participant_outer_oof,participant,macro_average_ovr,macro,170,0.85,0.9472222222222223,,0.737361111111111,145
compact_cnn__b2_star_fixed10,participant_outer_oof,participant,macro_average_ovr,macro,171,0.855,0.9472222222222223,,0.737361111111111,145
compact_cnn__b2_star_fixed10,participant_outer_oof,participant,macro_average_ovr,macro,172,0.86,0.9472222222222223,,0.737361111111111,145
compact_cnn__b2_star_fixed10,participant_outer_oof,participant,macro_average_ovr,macro,173,0.865,0.9472222222222223,,0.737361111111111,145
compact_cnn__b2_star_fixed10,participant_outer_oof,participant,macro_average_ovr,macro,174,0.87,0.9555555555555554,,0.737361111111111,145
compact_cnn__b2_star_fixed10,participant_outer_oof,participant,macro_average_ovr,macro,175,0.875,0.9666666666666667,,0.737361111111111,145
compact_cnn__b2_star_fixed10,participant_outer_oof,participant,macro_average_ovr,macro,176,0.88,0.975,,0.737361111111111,145
compact_cnn__b2_star_fixed10,participant_outer_oof,participant,macro_average_ovr,macro,177,0.885,0.9805555555555556,,0.737361111111111,145
compact_cnn__b2_star_fixed10,participant_outer_oof,participant,macro_average_ovr,macro,178,0.89,0.9805555555555556,,0.737361111111111,145
compact_cnn__b2_star_fixed10,participant_outer_oof,participant,macro_average_ovr,macro,179,0.895,0.9805555555555556,,0.737361111111111,145
compact_cnn__b2_star_fixed10,participant_outer_oof,participant,macro_average_ovr,macro,180,0.9,0.9805555555555556,,0.737361111111111,145
compact_cnn__b2_star_fixed10,participant_outer_oof,participant,macro_average_ovr,macro,181,0.905,0.9805555555555556,,0.737361111111111,145
compact_cnn__b2_star_fixed10,participant_outer_oof,participant,macro_average_ovr,macro,182,0.91,0.9805555555555556,,0.737361111111111,145
compact_cnn__b2_star_fixed10,participant_outer_oof,participant,macro_average_ovr,macro,183,0.915,0.9805555555555556,,0.737361111111111,145
compact_cnn__b2_star_fixed10,participant_outer_oof,participant,macro_average_ovr,macro,184,0.92,0.9861111111111112,,0.737361111111111,145
compact_cnn__b2_star_fixed10,participant_outer_oof,participant,macro_average_ovr,macro,185,0.925,0.9944444444444445,,0.737361111111111,145
compact_cnn__b2_star_fixed10,participant_outer_oof,participant,macro_average_ovr,macro,186,0.93,0.9944444444444445,,0.737361111111111,145
compact_cnn__b2_star_fixed10,participant_outer_oof,participant,macro_average_ovr,macro,187,0.935,0.9944444444444445,,0.737361111111111,145
compact_cnn__b2_star_fixed10,participant_outer_oof,participant,macro_average_ovr,macro,188,0.9400000000000001,0.9944444444444445,,0.737361111111111,145
compact_cnn__b2_star_fixed10,participant_outer_oof,participant,macro_average_ovr,macro,189,0.9450000000000001,1.0,,0.737361111111111,145
compact_cnn__b2_star_fixed10,participant_outer_oof,participant,macro_average_ovr,macro,190,0.9500000000000001,1.0,,0.737361111111111,145
compact_cnn__b2_star_fixed10,participant_outer_oof,participant,macro_average_ovr,macro,191,0.9550000000000001,1.0,,0.737361111111111,145
compact_cnn__b2_star_fixed10,participant_outer_oof,participant,macro_average_ovr,macro,192,0.96,1.0,,0.737361111111111,145
compact_cnn__b2_star_fixed10,participant_outer_oof,participant,macro_average_ovr,macro,193,0.965,1.0,,0.737361111111111,145
compact_cnn__b2_star_fixed10,participant_outer_oof,participant,macro_average_ovr,macro,194,0.97,1.0,,0.737361111111111,145
compact_cnn__b2_star_fixed10,participant_outer_oof,participant,macro_average_ovr,macro,195,0.975,1.0,,0.737361111111111,145
compact_cnn__b2_star_fixed10,participant_outer_oof,participant,macro_average_ovr,macro,196,0.98,1.0,,0.737361111111111,145
compact_cnn__b2_star_fixed10,participant_outer_oof,participant,macro_average_ovr,macro,197,0.985,1.0,,0.737361111111111,145
compact_cnn__b2_star_fixed10,participant_outer_oof,participant,macro_average_ovr,macro,198,0.99,1.0,,0.737361111111111,145
compact_cnn__b2_star_fixed10,participant_outer_oof,participant,macro_average_ovr,macro,199,0.995,1.0,,0.737361111111111,145
compact_cnn__b2_star_fixed10,participant_outer_oof,participant,macro_average_ovr,macro,200,1.0,1.0,,0.737361111111111,145
compact_cnn__b3_star_fixed10,participant_outer_oof,participant,one_vs_rest,0,0,0.0,0.0,,0.707111111111111,145
compact_cnn__b3_star_fixed10,participant_outer_oof,participant,one_vs_rest,0,1,0.0,0.022222222222222223,0.9999346888692712,0.707111111111111,145
compact_cnn__b3_star_fixed10,participant_outer_oof,participant,one_vs_rest,0,2,0.0,0.06666666666666667,0.9963792852991844,0.707111111111111,145
compact_cnn__b3_star_fixed10,participant_outer_oof,participant,one_vs_rest,0,3,0.01,0.06666666666666667,0.9843240031211726,0.707111111111111,145
compact_cnn__b3_star_fixed10,participant_outer_oof,participant,one_vs_rest,0,4,0.01,0.08888888888888889,0.9733285847216034,0.707111111111111,145
compact_cnn__b3_star_fixed10,participant_outer_oof,participant,one_vs_rest,0,5,0.02,0.08888888888888889,0.9699313297297598,0.707111111111111,145
compact_cnn__b3_star_fixed10,participant_outer_oof,participant,one_vs_rest,0,6,0.02,0.1111111111111111,0.9653385997384354,0.707111111111111,145
compact_cnn__b3_star_fixed10,participant_outer_oof,participant,one_vs_rest,0,7,0.04,0.1111111111111111,0.9026040342728632,0.707111111111111,145
compact_cnn__b3_star_fixed10,participant_outer_oof,participant,one_vs_rest,0,8,0.04,0.13333333333333333,0.9006403166319185,0.707111111111111,145
compact_cnn__b3_star_fixed10,participant_outer_oof,participant,one_vs_rest,0,9,0.06,0.13333333333333333,0.8750047564772105,0.707111111111111,145
compact_cnn__b3_star_fixed10,participant_outer_oof,participant,one_vs_rest,0,10,0.06,0.2222222222222222,0.8504357219636598,0.707111111111111,145
compact_cnn__b3_star_fixed10,participant_outer_oof,participant,one_vs_rest,0,11,0.09,0.2222222222222222,0.8214286470997045,0.707111111111111,145
compact_cnn__b3_star_fixed10,participant_outer_oof,participant,one_vs_rest,0,12,0.09,0.24444444444444444,0.8212094635040164,0.707111111111111,145
compact_cnn__b3_star_fixed10,participant_outer_oof,participant,one_vs_rest,0,13,0.1,0.24444444444444444,0.8111460451000897,0.707111111111111,145
compact_cnn__b3_star_fixed10,participant_outer_oof,participant,one_vs_rest,0,14,0.1,0.26666666666666666,0.8006202715500732,0.707111111111111,145
compact_cnn__b3_star_fixed10,participant_outer_oof,participant,one_vs_rest,0,15,0.12,0.26666666666666666,0.7755462418935976,0.707111111111111,145
compact_cnn__b3_star_fixed10,participant_outer_oof,participant,one_vs_rest,0,16,0.12,0.3333333333333333,0.7484689836936641,0.707111111111111,145
compact_cnn__b3_star_fixed10,participant_outer_oof,participant,one_vs_rest,0,17,0.14,0.3333333333333333,0.7089047435011326,0.707111111111111,145
compact_cnn__b3_star_fixed10,participant_outer_oof,participant,one_vs_rest,0,18,0.14,0.35555555555555557,0.7070156388024176,0.707111111111111,145
compact_cnn__b3_star_fixed10,participant_outer_oof,participant,one_vs_rest,0,19,0.16,0.35555555555555557,0.6747272384600347,0.707111111111111,145
compact_cnn__b3_star_fixed10,participant_outer_oof,participant,one_vs_rest,0,20,0.16,0.37777777777777777,0.6700478037492861,0.707111111111111,145
compact_cnn__b3_star_fixed10,participant_outer_oof,participant,one_vs_rest,0,21,0.17,0.37777777777777777,0.6534965499308214,0.707111111111111,145
compact_cnn__b3_star_fixed10,participant_outer_oof,participant,one_vs_rest,0,22,0.17,0.4,0.6473619327646155,0.707111111111111,145
compact_cnn__b3_star_fixed10,participant_outer_oof,participant,one_vs_rest,0,23,0.18,0.4,0.6463051663114572,0.707111111111111,145
compact_cnn__b3_star_fixed10,participant_outer_oof,participant,one_vs_rest,0,24,0.18,0.4222222222222222,0.6285470850032737,0.707111111111111,145
compact_cnn__b3_star_fixed10,participant_outer_oof,participant,one_vs_rest,0,25,0.19,0.4222222222222222,0.6244259415803783,0.707111111111111,145
compact_cnn__b3_star_fixed10,participant_outer_oof,participant,one_vs_rest,0,26,0.19,0.4444444444444444,0.6081383497279573,0.707111111111111,145
compact_cnn__b3_star_fixed10,participant_outer_oof,participant,one_vs_rest,0,27,0.2,0.4444444444444444,0.6028932336322371,0.707111111111111,145
compact_cnn__b3_star_fixed10,participant_outer_oof,participant,one_vs_rest,0,28,0.2,0.4666666666666667,0.5941431785110445,0.707111111111111,145
compact_cnn__b3_star_fixed10,participant_outer_oof,participant,one_vs_rest,0,29,0.26,0.4666666666666667,0.47510393107562077,0.707111111111111,145
compact_cnn__b3_star_fixed10,participant_outer_oof,participant,one_vs_rest,0,30,0.26,0.4888888888888889,0.47407834105408464,0.707111111111111,145
compact_cnn__b3_star_fixed10,participant_outer_oof,participant,one_vs_rest,0,31,0.27,0.4888888888888889,0.46810311809965793,0.707111111111111,145
compact_cnn__b3_star_fixed10,participant_outer_oof,participant,one_vs_rest,0,32,0.27,0.5333333333333333,0.42203353639406477,0.707111111111111,145
compact_cnn__b3_star_fixed10,participant_outer_oof,participant,one_vs_rest,0,33,0.29,0.5333333333333333,0.40277800660156116,0.707111111111111,145
compact_cnn__b3_star_fixed10,participant_outer_oof,participant,one_vs_rest,0,34,0.29,0.5555555555555556,0.4004370509121588,0.707111111111111,145
compact_cnn__b3_star_fixed10,participant_outer_oof,participant,one_vs_rest,0,35,0.3,0.5555555555555556,0.3986932358505002,0.707111111111111,145
compact_cnn__b3_star_fixed10,participant_outer_oof,participant,one_vs_rest,0,36,0.3,0.6222222222222222,0.35055751113445893,0.707111111111111,145
compact_cnn__b3_star_fixed10,participant_outer_oof,participant,one_vs_rest,0,37,0.34,0.6222222222222222,0.3223652864856884,0.707111111111111,145
compact_cnn__b3_star_fixed10,participant_outer_oof,participant,one_vs_rest,0,38,0.34,0.6666666666666666,0.2794181146820201,0.707111111111111,145
compact_cnn__b3_star_fixed10,participant_outer_oof,participant,one_vs_rest,0,39,0.35,0.6666666666666666,0.27360207042392226,0.707111111111111,145
compact_cnn__b3_star_fixed10,participant_outer_oof,participant,one_vs_rest,0,40,0.35,0.6888888888888889,0.2582811372769456,0.707111111111111,145
compact_cnn__b3_star_fixed10,participant_outer_oof,participant,one_vs_rest,0,41,0.36,0.6888888888888889,0.24190786925490002,0.707111111111111,145
compact_cnn__b3_star_fixed10,participant_outer_oof,participant,one_vs_rest,0,42,0.36,0.7333333333333333,0.22500634533999628,0.707111111111111,145
compact_cnn__b3_star_fixed10,participant_outer_oof,participant,one_vs_rest,0,43,0.39,0.7333333333333333,0.20759608449101585,0.707111111111111,145
compact_cnn__b3_star_fixed10,participant_outer_oof,participant,one_vs_rest,0,44,0.39,0.7555555555555555,0.19564879401752464,0.707111111111111,145
compact_cnn__b3_star_fixed10,participant_outer_oof,participant,one_vs_rest,0,45,0.47,0.7555555555555555,0.11258851904833374,0.707111111111111,145
compact_cnn__b3_star_fixed10,participant_outer_oof,participant,one_vs_rest,0,46,0.47,0.8,0.11032306264525198,0.707111111111111,145
compact_cnn__b3_star_fixed10,participant_outer_oof,participant,one_vs_rest,0,47,0.56,0.8,0.07442396939827008,0.707111111111111,145
compact_cnn__b3_star_fixed10,participant_outer_oof,participant,one_vs_rest,0,48,0.56,0.8444444444444444,0.07172850698085054,0.707111111111111,145
compact_cnn__b3_star_fixed10,participant_outer_oof,participant,one_vs_rest,0,49,0.57,0.8444444444444444,0.0695124292651508,0.707111111111111,145
compact_cnn__b3_star_fixed10,participant_outer_oof,participant,one_vs_rest,0,50,0.57,0.8666666666666667,0.061824520705500784,0.707111111111111,145
compact_cnn__b3_star_fixed10,participant_outer_oof,participant,one_vs_rest,0,51,0.64,0.8666666666666667,0.03643536503172899,0.707111111111111,145
compact_cnn__b3_star_fixed10,participant_outer_oof,participant,one_vs_rest,0,52,0.64,0.8888888888888888,0.030591129543053125,0.707111111111111,145
compact_cnn__b3_star_fixed10,participant_outer_oof,participant,one_vs_rest,0,53,0.66,0.8888888888888888,0.025248839131976775,0.707111111111111,145
compact_cnn__b3_star_fixed10,participant_outer_oof,participant,one_vs_rest,0,54,0.66,0.9111111111111111,0.02453201962079373,0.707111111111111,145
compact_cnn__b3_star_fixed10,participant_outer_oof,participant,one_vs_rest,0,55,0.73,0.9111111111111111,0.010804126301670403,0.707111111111111,145
compact_cnn__b3_star_fixed10,participant_outer_oof,participant,one_vs_rest,0,56,0.73,0.9333333333333333,0.008964312818016245,0.707111111111111,145
compact_cnn__b3_star_fixed10,participant_outer_oof,participant,one_vs_rest,0,57,0.78,0.9333333333333333,0.004099818802382983,0.707111111111111,145
compact_cnn__b3_star_fixed10,participant_outer_oof,participant,one_vs_rest,0,58,0.78,0.9555555555555556,0.003035191100171836,0.707111111111111,145
compact_cnn__b3_star_fixed10,participant_outer_oof,participant,one_vs_rest,0,59,0.8,0.9555555555555556,0.0012476997052222752,0.707111111111111,145
compact_cnn__b3_star_fixed10,participant_outer_oof,participant,one_vs_rest,0,60,0.8,0.9777777777777777,0.0011904156125800793,0.707111111111111,145
compact_cnn__b3_star_fixed10,participant_outer_oof,participant,one_vs_rest,0,61,0.91,0.9777777777777777,5.1333125782451435e-05,0.707111111111111,145
compact_cnn__b3_star_fixed10,participant_outer_oof,participant,one_vs_rest,0,62,0.91,1.0,2.5986977581944067e-05,0.707111111111111,145
compact_cnn__b3_star_fixed10,participant_outer_oof,participant,one_vs_rest,0,63,1.0,1.0,1.1660731243497501e-11,0.707111111111111,145
compact_cnn__b3_star_fixed10,participant_outer_oof,participant,one_vs_rest,1,0,0.0,0.0,,0.5664705882352942,145
compact_cnn__b3_star_fixed10,participant_outer_oof,participant,one_vs_rest,1,1,0.0,0.016666666666666666,0.9999866311829836,0.5664705882352942,145
compact_cnn__b3_star_fixed10,participant_outer_oof,participant,one_vs_rest,1,2,0.023529411764705882,0.016666666666666666,0.9999496294147587,0.5664705882352942,145
compact_cnn__b3_star_fixed10,participant_outer_oof,participant,one_vs_rest,1,3,0.023529411764705882,0.03333333333333333,0.9992546605889018,0.5664705882352942,145
compact_cnn__b3_star_fixed10,participant_outer_oof,participant,one_vs_rest,1,4,0.03529411764705882,0.03333333333333333,0.9986341672866818,0.5664705882352942,145
compact_cnn__b3_star_fixed10,participant_outer_oof,participant,one_vs_rest,1,5,0.03529411764705882,0.05,0.9957330923979348,0.5664705882352942,145
compact_cnn__b3_star_fixed10,participant_outer_oof,participant,one_vs_rest,1,6,0.09411764705882353,0.05,0.9878180807751165,0.5664705882352942,145
compact_cnn__b3_star_fixed10,participant_outer_oof,participant,one_vs_rest,1,7,0.09411764705882353,0.06666666666666667,0.9842424068534822,0.5664705882352942,145
compact_cnn__b3_star_fixed10,participant_outer_oof,participant,one_vs_rest,1,8,0.11764705882352941,0.06666666666666667,0.9754594826434587,0.5664705882352942,145
compact_cnn__b3_star_fixed10,participant_outer_oof,participant,one_vs_rest,1,9,0.11764705882352941,0.08333333333333333,0.9744085236712401,0.5664705882352942,145
compact_cnn__b3_star_fixed10,participant_outer_oof,participant,one_vs_rest,1,10,0.12941176470588237,0.08333333333333333,0.9692954321513106,0.5664705882352942,145
compact_cnn__b3_star_fixed10,participant_outer_oof,participant,one_vs_rest,1,11,0.12941176470588237,0.15,0.9549786865722606,0.5664705882352942,145
compact_cnn__b3_star_fixed10,participant_outer_oof,participant,one_vs_rest,1,12,0.15294117647058825,0.15,0.9306219164006342,0.5664705882352942,145
compact_cnn__b3_star_fixed10,participant_outer_oof,participant,one_vs_rest,1,13,0.15294117647058825,0.18333333333333332,0.919781077796306,0.5664705882352942,145
compact_cnn__b3_star_fixed10,participant_outer_oof,participant,one_vs_rest,1,14,0.2235294117647059,0.18333333333333332,0.8886245199884062,0.5664705882352942,145
compact_cnn__b3_star_fixed10,participant_outer_oof,participant,one_vs_rest,1,15,0.2235294117647059,0.31666666666666665,0.8423971204069755,0.5664705882352942,145
compact_cnn__b3_star_fixed10,participant_outer_oof,participant,one_vs_rest,1,16,0.23529411764705882,0.31666666666666665,0.8140861116133558,0.5664705882352942,145
compact_cnn__b3_star_fixed10,participant_outer_oof,participant,one_vs_rest,1,17,0.23529411764705882,0.3333333333333333,0.8063373012010177,0.5664705882352942,145
compact_cnn__b3_star_fixed10,participant_outer_oof,participant,one_vs_rest,1,18,0.24705882352941178,0.3333333333333333,0.7954501532649166,0.5664705882352942,145
compact_cnn__b3_star_fixed10,participant_outer_oof,participant,one_vs_rest,1,19,0.24705882352941178,0.35,0.7843842867257571,0.5664705882352942,145
compact_cnn__b3_star_fixed10,participant_outer_oof,participant,one_vs_rest,1,20,0.27058823529411763,0.35,0.7747934594824797,0.5664705882352942,145
compact_cnn__b3_star_fixed10,participant_outer_oof,participant,one_vs_rest,1,21,0.27058823529411763,0.38333333333333336,0.7623229531400526,0.5664705882352942,145
compact_cnn__b3_star_fixed10,participant_outer_oof,participant,one_vs_rest,1,22,0.3176470588235294,0.38333333333333336,0.7205221830862577,0.5664705882352942,145
compact_cnn__b3_star_fixed10,participant_outer_oof,participant,one_vs_rest,1,23,0.3176470588235294,0.45,0.6776337607194305,0.5664705882352942,145
compact_cnn__b3_star_fixed10,participant_outer_oof,participant,one_vs_rest,1,24,0.32941176470588235,0.45,0.6744864068332527,0.5664705882352942,145
compact_cnn__b3_star_fixed10,participant_outer_oof,participant,one_vs_rest,1,25,0.32941176470588235,0.4666666666666667,0.6739819299302195,0.5664705882352942,145
compact_cnn__b3_star_fixed10,participant_outer_oof,participant,one_vs_rest,1,26,0.3764705882352941,0.4666666666666667,0.6426518811046806,0.5664705882352942,145
compact_cnn__b3_star_fixed10,participant_outer_oof,participant,one_vs_rest,1,27,0.3764705882352941,0.48333333333333334,0.6240376893589114,0.5664705882352942,145
compact_cnn__b3_star_fixed10,participant_outer_oof,participant,one_vs_rest,1,28,0.4,0.48333333333333334,0.577850186780616,0.5664705882352942,145
compact_cnn__b3_star_fixed10,participant_outer_oof,participant,one_vs_rest,1,29,0.4,0.5,0.5714035614148963,0.5664705882352942,145
compact_cnn__b3_star_fixed10,participant_outer_oof,participant,one_vs_rest,1,30,0.4470588235294118,0.5,0.5172049113770043,0.5664705882352942,145
compact_cnn__b3_star_fixed10,participant_outer_oof,participant,one_vs_rest,1,31,0.4470588235294118,0.5166666666666667,0.50935314528329,0.5664705882352942,145
compact_cnn__b3_star_fixed10,participant_outer_oof,participant,one_vs_rest,1,32,0.4823529411764706,0.5166666666666667,0.4822675649974064,0.5664705882352942,145
compact_cnn__b3_star_fixed10,participant_outer_oof,participant,one_vs_rest,1,33,0.4823529411764706,0.55,0.460220456271258,0.5664705882352942,145
compact_cnn__b3_star_fixed10,participant_outer_oof,participant,one_vs_rest,1,34,0.49411764705882355,0.55,0.45703075405563726,0.5664705882352942,145
compact_cnn__b3_star_fixed10,participant_outer_oof,participant,one_vs_rest,1,35,0.49411764705882355,0.6333333333333333,0.3960138203152515,0.5664705882352942,145
compact_cnn__b3_star_fixed10,participant_outer_oof,participant,one_vs_rest,1,36,0.5529411764705883,0.6333333333333333,0.34374981223080237,0.5664705882352942,145
compact_cnn__b3_star_fixed10,participant_outer_oof,participant,one_vs_rest,1,37,0.5529411764705883,0.6666666666666666,0.3383826549034186,0.5664705882352942,145
compact_cnn__b3_star_fixed10,participant_outer_oof,participant,one_vs_rest,1,38,0.5647058823529412,0.6666666666666666,0.3374811301215636,0.5664705882352942,145
compact_cnn__b3_star_fixed10,participant_outer_oof,participant,one_vs_rest,1,39,0.5647058823529412,0.7,0.3355002271255365,0.5664705882352942,145
compact_cnn__b3_star_fixed10,participant_outer_oof,participant,one_vs_rest,1,40,0.5764705882352941,0.7,0.328282523554948,0.5664705882352942,145
compact_cnn__b3_star_fixed10,participant_outer_oof,participant,one_vs_rest,1,41,0.5764705882352941,0.7166666666666667,0.3281123376421046,0.5664705882352942,145
compact_cnn__b3_star_fixed10,participant_outer_oof,participant,one_vs_rest,1,42,0.6,0.7166666666666667,0.2681506223370261,0.5664705882352942,145
compact_cnn__b3_star_fixed10,participant_outer_oof,participant,one_vs_rest,1,43,0.6,0.7333333333333333,0.26708487401504555,0.5664705882352942,145
compact_cnn__b3_star_fixed10,participant_outer_oof,participant,one_vs_rest,1,44,0.611764705882353,0.7333333333333333,0.26260423507720915,0.5664705882352942,145
compact_cnn__b3_star_fixed10,participant_outer_oof,participant,one_vs_rest,1,45,0.611764705882353,0.75,0.2590779380577131,0.5664705882352942,145
compact_cnn__b3_star_fixed10,participant_outer_oof,participant,one_vs_rest,1,46,0.6235294117647059,0.75,0.24887990917338587,0.5664705882352942,145
compact_cnn__b3_star_fixed10,participant_outer_oof,participant,one_vs_rest,1,47,0.6235294117647059,0.7666666666666667,0.24600143627450993,0.5664705882352942,145
compact_cnn__b3_star_fixed10,participant_outer_oof,participant,one_vs_rest,1,48,0.6470588235294118,0.7666666666666667,0.24004522824123323,0.5664705882352942,145
compact_cnn__b3_star_fixed10,participant_outer_oof,participant,one_vs_rest,1,49,0.6470588235294118,0.7833333333333333,0.23649730398475777,0.5664705882352942,145
compact_cnn__b3_star_fixed10,participant_outer_oof,participant,one_vs_rest,1,50,0.6588235294117647,0.7833333333333333,0.2281354510655878,0.5664705882352942,145
compact_cnn__b3_star_fixed10,participant_outer_oof,participant,one_vs_rest,1,51,0.6588235294117647,0.8166666666666667,0.21759937678550995,0.5664705882352942,145
compact_cnn__b3_star_fixed10,participant_outer_oof,participant,one_vs_rest,1,52,0.7176470588235294,0.8166666666666667,0.17365565270061592,0.5664705882352942,145
compact_cnn__b3_star_fixed10,participant_outer_oof,participant,one_vs_rest,1,53,0.7176470588235294,0.85,0.16291616808061377,0.5664705882352942,145
compact_cnn__b3_star_fixed10,participant_outer_oof,participant,one_vs_rest,1,54,0.7647058823529411,0.85,0.1280071617920761,0.5664705882352942,145
compact_cnn__b3_star_fixed10,participant_outer_oof,participant,one_vs_rest,1,55,0.7647058823529411,0.8666666666666667,0.12062325227162536,0.5664705882352942,145
compact_cnn__b3_star_fixed10,participant_outer_oof,participant,one_vs_rest,1,56,0.8235294117647058,0.8666666666666667,0.09789686793160716,0.5664705882352942,145
compact_cnn__b3_star_fixed10,participant_outer_oof,participant,one_vs_rest,1,57,0.8235294117647058,0.8833333333333333,0.09736120588203794,0.5664705882352942,145
compact_cnn__b3_star_fixed10,participant_outer_oof,participant,one_vs_rest,1,58,0.8352941176470589,0.8833333333333333,0.08205143116629932,0.5664705882352942,145
compact_cnn__b3_star_fixed10,participant_outer_oof,participant,one_vs_rest,1,59,0.8352941176470589,0.9,0.07896877386460019,0.5664705882352942,145
compact_cnn__b3_star_fixed10,participant_outer_oof,participant,one_vs_rest,1,60,0.8470588235294118,0.9,0.04141048055444348,0.5664705882352942,145
compact_cnn__b3_star_fixed10,participant_outer_oof,participant,one_vs_rest,1,61,0.8470588235294118,0.9166666666666666,0.0403428445048286,0.5664705882352942,145
compact_cnn__b3_star_fixed10,participant_outer_oof,participant,one_vs_rest,1,62,0.8588235294117647,0.9166666666666666,0.0254237492928485,0.5664705882352942,145
compact_cnn__b3_star_fixed10,participant_outer_oof,participant,one_vs_rest,1,63,0.8588235294117647,0.95,0.01824709247899064,0.5664705882352942,145
compact_cnn__b3_star_fixed10,participant_outer_oof,participant,one_vs_rest,1,64,0.9176470588235294,0.95,0.008534071687141043,0.5664705882352942,145
compact_cnn__b3_star_fixed10,participant_outer_oof,participant,one_vs_rest,1,65,0.9176470588235294,0.9666666666666667,0.006187789295779363,0.5664705882352942,145
compact_cnn__b3_star_fixed10,participant_outer_oof,participant,one_vs_rest,1,66,0.9411764705882353,0.9666666666666667,0.002741124775087947,0.5664705882352942,145
compact_cnn__b3_star_fixed10,participant_outer_oof,participant,one_vs_rest,1,67,0.9411764705882353,0.9833333333333333,0.0024080669652173604,0.5664705882352942,145
compact_cnn__b3_star_fixed10,participant_outer_oof,participant,one_vs_rest,1,68,0.9529411764705882,0.9833333333333333,0.000613418499735509,0.5664705882352942,145
compact_cnn__b3_star_fixed10,participant_outer_oof,participant,one_vs_rest,1,69,0.9529411764705882,1.0,6.612670229562119e-05,0.5664705882352942,145
compact_cnn__b3_star_fixed10,participant_outer_oof,participant,one_vs_rest,1,70,1.0,1.0,2.237083639709936e-05,0.5664705882352942,145
compact_cnn__b3_star_fixed10,participant_outer_oof,participant,one_vs_rest,2,0,0.0,0.0,,0.7319047619047618,145
compact_cnn__b3_star_fixed10,participant_outer_oof,participant,one_vs_rest,2,1,0.0,0.025,0.9914461693634226,0.7319047619047618,145
compact_cnn__b3_star_fixed10,participant_outer_oof,participant,one_vs_rest,2,2,0.0,0.225,0.8161431064369525,0.7319047619047618,145
compact_cnn__b3_star_fixed10,participant_outer_oof,participant,one_vs_rest,2,3,0.009523809523809525,0.225,0.7923377888066885,0.7319047619047618,145
compact_cnn__b3_star_fixed10,participant_outer_oof,participant,one_vs_rest,2,4,0.009523809523809525,0.275,0.7544310142032329,0.7319047619047618,145
compact_cnn__b3_star_fixed10,participant_outer_oof,participant,one_vs_rest,2,5,0.01904761904761905,0.275,0.6657030127613986,0.7319047619047618,145
compact_cnn__b3_star_fixed10,participant_outer_oof,participant,one_vs_rest,2,6,0.01904761904761905,0.375,0.6203365393670506,0.7319047619047618,145
compact_cnn__b3_star_fixed10,participant_outer_oof,participant,one_vs_rest,2,7,0.0380952380952381,0.375,0.5736548086037679,0.7319047619047618,145
compact_cnn__b3_star_fixed10,participant_outer_oof,participant,one_vs_rest,2,8,0.0380952380952381,0.425,0.4951840824407732,0.7319047619047618,145
compact_cnn__b3_star_fixed10,participant_outer_oof,participant,one_vs_rest,2,9,0.047619047619047616,0.425,0.488032094877443,0.7319047619047618,145
compact_cnn__b3_star_fixed10,participant_outer_oof,participant,one_vs_rest,2,10,0.047619047619047616,0.45,0.46602800273955347,0.7319047619047618,145
compact_cnn__b3_star_fixed10,participant_outer_oof,participant,one_vs_rest,2,11,0.09523809523809523,0.45,0.3301371193833934,0.7319047619047618,145
compact_cnn__b3_star_fixed10,participant_outer_oof,participant,one_vs_rest,2,12,0.09523809523809523,0.55,0.2547049830709842,0.7319047619047618,145
compact_cnn__b3_star_fixed10,participant_outer_oof,participant,one_vs_rest,2,13,0.17142857142857143,0.55,0.18139831096516867,0.7319047619047618,145
compact_cnn__b3_star_fixed10,participant_outer_oof,participant,one_vs_rest,2,14,0.17142857142857143,0.575,0.1811462566935768,0.7319047619047618,145
compact_cnn__b3_star_fixed10,participant_outer_oof,participant,one_vs_rest,2,15,0.18095238095238095,0.575,0.17967135451526173,0.7319047619047618,145
compact_cnn__b3_star_fixed10,participant_outer_oof,participant,one_vs_rest,2,16,0.18095238095238095,0.6,0.16965754295220398,0.7319047619047618,145
compact_cnn__b3_star_fixed10,participant_outer_oof,participant,one_vs_rest,2,17,0.3142857142857143,0.6,0.09855125742121615,0.7319047619047618,145
compact_cnn__b3_star_fixed10,participant_outer_oof,participant,one_vs_rest,2,18,0.3142857142857143,0.625,0.08724210410710026,0.7319047619047618,145
compact_cnn__b3_star_fixed10,participant_outer_oof,participant,one_vs_rest,2,19,0.3238095238095238,0.625,0.06302734690764622,0.7319047619047618,145
compact_cnn__b3_star_fixed10,participant_outer_oof,participant,one_vs_rest,2,20,0.3238095238095238,0.65,0.06264750644835124,0.7319047619047618,145
compact_cnn__b3_star_fixed10,participant_outer_oof,participant,one_vs_rest,2,21,0.3523809523809524,0.65,0.05056689185326369,0.7319047619047618,145
compact_cnn__b3_star_fixed10,participant_outer_oof,participant,one_vs_rest,2,22,0.3523809523809524,0.675,0.04451108013864847,0.7319047619047618,145
compact_cnn__b3_star_fixed10,participant_outer_oof,participant,one_vs_rest,2,23,0.4380952380952381,0.675,0.022543736617052102,0.7319047619047618,145
compact_cnn__b3_star_fixed10,participant_outer_oof,participant,one_vs_rest,2,24,0.4380952380952381,0.7,0.02126747960689227,0.7319047619047618,145
compact_cnn__b3_star_fixed10,participant_outer_oof,participant,one_vs_rest,2,25,0.5047619047619047,0.7,0.014719050409367851,0.7319047619047618,145
compact_cnn__b3_star_fixed10,participant_outer_oof,participant,one_vs_rest,2,26,0.5047619047619047,0.725,0.013772605524975784,0.7319047619047618,145
compact_cnn__b3_star_fixed10,participant_outer_oof,participant,one_vs_rest,2,27,0.5142857142857142,0.725,0.013689336325928642,0.7319047619047618,145
compact_cnn__b3_star_fixed10,participant_outer_oof,participant,one_vs_rest,2,28,0.5142857142857142,0.775,0.012181918143518508,0.7319047619047618,145
compact_cnn__b3_star_fixed10,participant_outer_oof,participant,one_vs_rest,2,29,0.5904761904761905,0.775,0.00871674756891113,0.7319047619047618,145
compact_cnn__b3_star_fixed10,participant_outer_oof,participant,one_vs_rest,2,30,0.5904761904761905,0.8,0.008673548366819338,0.7319047619047618,145
compact_cnn__b3_star_fixed10,participant_outer_oof,participant,one_vs_rest,2,31,0.6095238095238096,0.8,0.008325711997563425,0.7319047619047618,145
compact_cnn__b3_star_fixed10,participant_outer_oof,participant,one_vs_rest,2,32,0.6095238095238096,0.825,0.008143024152015156,0.7319047619047618,145
compact_cnn__b3_star_fixed10,participant_outer_oof,participant,one_vs_rest,2,33,0.6285714285714286,0.825,0.006744380915229518,0.7319047619047618,145
compact_cnn__b3_star_fixed10,participant_outer_oof,participant,one_vs_rest,2,34,0.6285714285714286,0.85,0.006646990271973076,0.7319047619047618,145
compact_cnn__b3_star_fixed10,participant_outer_oof,participant,one_vs_rest,2,35,0.638095238095238,0.85,0.006529960215680508,0.7319047619047618,145
compact_cnn__b3_star_fixed10,participant_outer_oof,participant,one_vs_rest,2,36,0.638095238095238,0.875,0.006240037574755719,0.7319047619047618,145
compact_cnn__b3_star_fixed10,participant_outer_oof,participant,one_vs_rest,2,37,0.6761904761904762,0.875,0.00383419706430993,0.7319047619047618,145
compact_cnn__b3_star_fixed10,participant_outer_oof,participant,one_vs_rest,2,38,0.6761904761904762,0.9,0.0028727077772800814,0.7319047619047618,145
compact_cnn__b3_star_fixed10,participant_outer_oof,participant,one_vs_rest,2,39,0.7523809523809524,0.9,0.0010360478297375328,0.7319047619047618,145
compact_cnn__b3_star_fixed10,participant_outer_oof,participant,one_vs_rest,2,40,0.7523809523809524,0.925,0.0009019234733665766,0.7319047619047618,145
compact_cnn__b3_star_fixed10,participant_outer_oof,participant,one_vs_rest,2,41,0.9333333333333333,0.925,3.4759845098916354e-05,0.7319047619047618,145
compact_cnn__b3_star_fixed10,participant_outer_oof,participant,one_vs_rest,2,42,0.9333333333333333,0.95,2.5287405154588952e-05,0.7319047619047618,145
compact_cnn__b3_star_fixed10,participant_outer_oof,participant,one_vs_rest,2,43,0.9904761904761905,0.95,7.3910064327471615e-06,0.7319047619047618,145
compact_cnn__b3_star_fixed10,participant_outer_oof,participant,one_vs_rest,2,44,0.9904761904761905,1.0,4.360526081107294e-06,0.7319047619047618,145
compact_cnn__b3_star_fixed10,participant_outer_oof,participant,one_vs_rest,2,45,1.0,1.0,9.527948810681465e-07,0.7319047619047618,145
compact_cnn__b3_star_fixed10,participant_outer_oof,participant,macro_average_ovr,macro,0,0.0,0.10277777777777779,,0.6695162037037038,145
compact_cnn__b3_star_fixed10,participant_outer_oof,participant,macro_average_ovr,macro,1,0.005,0.10277777777777779,,0.6695162037037038,145
compact_cnn__b3_star_fixed10,participant_outer_oof,participant,macro_average_ovr,macro,2,0.01,0.12685185185185185,,0.6695162037037038,145
compact_cnn__b3_star_fixed10,participant_outer_oof,participant,macro_average_ovr,macro,3,0.015,0.12685185185185185,,0.6695162037037038,145
compact_cnn__b3_star_fixed10,participant_outer_oof,participant,macro_average_ovr,macro,4,0.02,0.1675925925925926,,0.6695162037037038,145
compact_cnn__b3_star_fixed10,participant_outer_oof,participant,macro_average_ovr,macro,5,0.025,0.17314814814814813,,0.6695162037037038,145
compact_cnn__b3_star_fixed10,participant_outer_oof,participant,macro_average_ovr,macro,6,0.03,0.17314814814814813,,0.6695162037037038,145
compact_cnn__b3_star_fixed10,participant_outer_oof,participant,macro_average_ovr,macro,7,0.035,0.17314814814814813,,0.6695162037037038,145
compact_cnn__b3_star_fixed10,participant_outer_oof,participant,macro_average_ovr,macro,8,0.04,0.2027777777777778,,0.6695162037037038,145
compact_cnn__b3_star_fixed10,participant_outer_oof,participant,macro_average_ovr,macro,9,0.045,0.2027777777777778,,0.6695162037037038,145
compact_cnn__b3_star_fixed10,participant_outer_oof,participant,macro_average_ovr,macro,10,0.05,0.2111111111111111,,0.6695162037037038,145
compact_cnn__b3_star_fixed10,participant_outer_oof,participant,macro_average_ovr,macro,11,0.055,0.2111111111111111,,0.6695162037037038,145
compact_cnn__b3_star_fixed10,participant_outer_oof,participant,macro_average_ovr,macro,12,0.06,0.24074074074074073,,0.6695162037037038,145
compact_cnn__b3_star_fixed10,participant_outer_oof,participant,macro_average_ovr,macro,13,0.065,0.24074074074074073,,0.6695162037037038,145
compact_cnn__b3_star_fixed10,participant_outer_oof,participant,macro_average_ovr,macro,14,0.07,0.24074074074074073,,0.6695162037037038,145
compact_cnn__b3_star_fixed10,participant_outer_oof,participant,macro_average_ovr,macro,15,0.075,0.24074074074074073,,0.6695162037037038,145
compact_cnn__b3_star_fixed10,participant_outer_oof,participant,macro_average_ovr,macro,16,0.08,0.24074074074074073,,0.6695162037037038,145
compact_cnn__b3_star_fixed10,participant_outer_oof,participant,macro_average_ovr,macro,17,0.085,0.24074074074074073,,0.6695162037037038,145
compact_cnn__b3_star_fixed10,participant_outer_oof,participant,macro_average_ovr,macro,18,0.09,0.24814814814814815,,0.6695162037037038,145
compact_cnn__b3_star_fixed10,participant_outer_oof,participant,macro_average_ovr,macro,19,0.095,0.2537037037037037,,0.6695162037037038,145
compact_cnn__b3_star_fixed10,participant_outer_oof,participant,macro_average_ovr,macro,20,0.1,0.29444444444444445,,0.6695162037037038,145
compact_cnn__b3_star_fixed10,participant_outer_oof,participant,macro_average_ovr,macro,21,0.105,0.29444444444444445,,0.6695162037037038,145
compact_cnn__b3_star_fixed10,participant_outer_oof,participant,macro_average_ovr,macro,22,0.11,0.29444444444444445,,0.6695162037037038,145
compact_cnn__b3_star_fixed10,participant_outer_oof,participant,macro_average_ovr,macro,23,0.115,0.29444444444444445,,0.6695162037037038,145
compact_cnn__b3_star_fixed10,participant_outer_oof,participant,macro_average_ovr,macro,24,0.12,0.32222222222222224,,0.6695162037037038,145
compact_cnn__b3_star_fixed10,participant_outer_oof,participant,macro_average_ovr,macro,25,0.125,0.32222222222222224,,0.6695162037037038,145
compact_cnn__b3_star_fixed10,participant_outer_oof,participant,macro_average_ovr,macro,26,0.13,0.3444444444444444,,0.6695162037037038,145
compact_cnn__b3_star_fixed10,participant_outer_oof,participant,macro_average_ovr,macro,27,0.135,0.3444444444444444,,0.6695162037037038,145
compact_cnn__b3_star_fixed10,participant_outer_oof,participant,macro_average_ovr,macro,28,0.14,0.35185185185185186,,0.6695162037037038,145
compact_cnn__b3_star_fixed10,participant_outer_oof,participant,macro_average_ovr,macro,29,0.145,0.35185185185185186,,0.6695162037037038,145
compact_cnn__b3_star_fixed10,participant_outer_oof,participant,macro_average_ovr,macro,30,0.15,0.35185185185185186,,0.6695162037037038,145
compact_cnn__b3_star_fixed10,participant_outer_oof,participant,macro_average_ovr,macro,31,0.155,0.362962962962963,,0.6695162037037038,145
compact_cnn__b3_star_fixed10,participant_outer_oof,participant,macro_average_ovr,macro,32,0.16,0.3703703703703704,,0.6695162037037038,145
compact_cnn__b3_star_fixed10,participant_outer_oof,participant,macro_average_ovr,macro,33,0.165,0.3703703703703704,,0.6695162037037038,145
compact_cnn__b3_star_fixed10,participant_outer_oof,participant,macro_average_ovr,macro,34,0.17,0.37777777777777777,,0.6695162037037038,145
compact_cnn__b3_star_fixed10,participant_outer_oof,participant,macro_average_ovr,macro,35,0.17500000000000002,0.38611111111111107,,0.6695162037037038,145
compact_cnn__b3_star_fixed10,participant_outer_oof,participant,macro_average_ovr,macro,36,0.18,0.39351851851851843,,0.6695162037037038,145
compact_cnn__b3_star_fixed10,participant_outer_oof,participant,macro_average_ovr,macro,37,0.185,0.40185185185185185,,0.6695162037037038,145
compact_cnn__b3_star_fixed10,participant_outer_oof,participant,macro_average_ovr,macro,38,0.19,0.40925925925925927,,0.6695162037037038,145
compact_cnn__b3_star_fixed10,participant_outer_oof,participant,macro_average_ovr,macro,39,0.195,0.40925925925925927,,0.6695162037037038,145
compact_cnn__b3_star_fixed10,participant_outer_oof,participant,macro_average_ovr,macro,40,0.2,0.4166666666666667,,0.6695162037037038,145
compact_cnn__b3_star_fixed10,participant_outer_oof,participant,macro_average_ovr,macro,41,0.20500000000000002,0.4166666666666667,,0.6695162037037038,145
compact_cnn__b3_star_fixed10,participant_outer_oof,participant,macro_average_ovr,macro,42,0.21,0.4166666666666667,,0.6695162037037038,145
compact_cnn__b3_star_fixed10,participant_outer_oof,participant,macro_average_ovr,macro,43,0.215,0.4166666666666667,,0.6695162037037038,145
compact_cnn__b3_star_fixed10,participant_outer_oof,participant,macro_average_ovr,macro,44,0.22,0.4166666666666667,,0.6695162037037038,145
compact_cnn__b3_star_fixed10,participant_outer_oof,participant,macro_average_ovr,macro,45,0.225,0.4611111111111111,,0.6695162037037038,145
compact_cnn__b3_star_fixed10,participant_outer_oof,participant,macro_average_ovr,macro,46,0.23,0.4611111111111111,,0.6695162037037038,145
compact_cnn__b3_star_fixed10,participant_outer_oof,participant,macro_average_ovr,macro,47,0.23500000000000001,0.4611111111111111,,0.6695162037037038,145
compact_cnn__b3_star_fixed10,participant_outer_oof,participant,macro_average_ovr,macro,48,0.24,0.4666666666666666,,0.6695162037037038,145
compact_cnn__b3_star_fixed10,participant_outer_oof,participant,macro_average_ovr,macro,49,0.245,0.4666666666666666,,0.6695162037037038,145
compact_cnn__b3_star_fixed10,participant_outer_oof,participant,macro_average_ovr,macro,50,0.25,0.47222222222222215,,0.6695162037037038,145
compact_cnn__b3_star_fixed10,participant_outer_oof,participant,macro_average_ovr,macro,51,0.255,0.47222222222222215,,0.6695162037037038,145
compact_cnn__b3_star_fixed10,participant_outer_oof,participant,macro_average_ovr,macro,52,0.26,0.4796296296296296,,0.6695162037037038,145
compact_cnn__b3_star_fixed10,participant_outer_oof,participant,macro_average_ovr,macro,53,0.265,0.4796296296296296,,0.6695162037037038,145
compact_cnn__b3_star_fixed10,participant_outer_oof,participant,macro_average_ovr,macro,54,0.27,0.49444444444444446,,0.6695162037037038,145
compact_cnn__b3_star_fixed10,participant_outer_oof,participant,macro_average_ovr,macro,55,0.275,0.5055555555555555,,0.6695162037037038,145
compact_cnn__b3_star_fixed10,participant_outer_oof,participant,macro_average_ovr,macro,56,0.28,0.5055555555555555,,0.6695162037037038,145
compact_cnn__b3_star_fixed10,participant_outer_oof,participant,macro_average_ovr,macro,57,0.28500000000000003,0.5055555555555555,,0.6695162037037038,145
compact_cnn__b3_star_fixed10,participant_outer_oof,participant,macro_average_ovr,macro,58,0.29,0.512962962962963,,0.6695162037037038,145
compact_cnn__b3_star_fixed10,participant_outer_oof,participant,macro_average_ovr,macro,59,0.295,0.512962962962963,,0.6695162037037038,145
compact_cnn__b3_star_fixed10,participant_outer_oof,participant,macro_average_ovr,macro,60,0.3,0.5351851851851852,,0.6695162037037038,145
compact_cnn__b3_star_fixed10,participant_outer_oof,participant,macro_average_ovr,macro,61,0.305,0.5351851851851852,,0.6695162037037038,145
compact_cnn__b3_star_fixed10,participant_outer_oof,participant,macro_average_ovr,macro,62,0.31,0.5351851851851852,,0.6695162037037038,145
compact_cnn__b3_star_fixed10,participant_outer_oof,participant,macro_average_ovr,macro,63,0.315,0.5435185185185185,,0.6695162037037038,145
compact_cnn__b3_star_fixed10,participant_outer_oof,participant,macro_average_ovr,macro,64,0.32,0.5657407407407408,,0.6695162037037038,145
compact_cnn__b3_star_fixed10,participant_outer_oof,participant,macro_average_ovr,macro,65,0.325,0.5740740740740741,,0.6695162037037038,145
compact_cnn__b3_star_fixed10,participant_outer_oof,participant,macro_average_ovr,macro,66,0.33,0.5796296296296296,,0.6695162037037038,145
compact_cnn__b3_star_fixed10,participant_outer_oof,participant,macro_average_ovr,macro,67,0.335,0.5796296296296296,,0.6695162037037038,145
compact_cnn__b3_star_fixed10,participant_outer_oof,participant,macro_average_ovr,macro,68,0.34,0.5944444444444444,,0.6695162037037038,145
compact_cnn__b3_star_fixed10,participant_outer_oof,participant,macro_average_ovr,macro,69,0.34500000000000003,0.5944444444444444,,0.6695162037037038,145
compact_cnn__b3_star_fixed10,participant_outer_oof,participant,macro_average_ovr,macro,70,0.35000000000000003,0.6018518518518517,,0.6695162037037038,145
compact_cnn__b3_star_fixed10,participant_outer_oof,participant,macro_average_ovr,macro,71,0.355,0.6101851851851852,,0.6695162037037038,145
compact_cnn__b3_star_fixed10,participant_outer_oof,participant,macro_average_ovr,macro,72,0.36,0.625,,0.6695162037037038,145
compact_cnn__b3_star_fixed10,participant_outer_oof,participant,macro_average_ovr,macro,73,0.365,0.625,,0.6695162037037038,145
compact_cnn__b3_star_fixed10,participant_outer_oof,participant,macro_average_ovr,macro,74,0.37,0.625,,0.6695162037037038,145
compact_cnn__b3_star_fixed10,participant_outer_oof,participant,macro_average_ovr,macro,75,0.375,0.625,,0.6695162037037038,145
compact_cnn__b3_star_fixed10,participant_outer_oof,participant,macro_average_ovr,macro,76,0.38,0.6305555555555555,,0.6695162037037038,145
compact_cnn__b3_star_fixed10,participant_outer_oof,participant,macro_average_ovr,macro,77,0.385,0.6305555555555555,,0.6695162037037038,145
compact_cnn__b3_star_fixed10,participant_outer_oof,participant,macro_average_ovr,macro,78,0.39,0.637962962962963,,0.6695162037037038,145
compact_cnn__b3_star_fixed10,participant_outer_oof,participant,macro_average_ovr,macro,79,0.395,0.637962962962963,,0.6695162037037038,145
compact_cnn__b3_star_fixed10,participant_outer_oof,participant,macro_average_ovr,macro,80,0.4,0.6435185185185185,,0.6695162037037038,145
compact_cnn__b3_star_fixed10,participant_outer_oof,participant,macro_average_ovr,macro,81,0.405,0.6435185185185185,,0.6695162037037038,145
compact_cnn__b3_star_fixed10,participant_outer_oof,participant,macro_average_ovr,macro,82,0.41000000000000003,0.6435185185185185,,0.6695162037037038,145
compact_cnn__b3_star_fixed10,participant_outer_oof,participant,macro_average_ovr,macro,83,0.41500000000000004,0.6435185185185185,,0.6695162037037038,145
compact_cnn__b3_star_fixed10,participant_outer_oof,participant,macro_average_ovr,macro,84,0.42,0.6435185185185185,,0.6695162037037038,145
compact_cnn__b3_star_fixed10,participant_outer_oof,participant,macro_average_ovr,macro,85,0.425,0.6435185185185185,,0.6695162037037038,145
compact_cnn__b3_star_fixed10,participant_outer_oof,participant,macro_average_ovr,macro,86,0.43,0.6435185185185185,,0.6695162037037038,145
compact_cnn__b3_star_fixed10,participant_outer_oof,participant,macro_average_ovr,macro,87,0.435,0.6435185185185185,,0.6695162037037038,145
compact_cnn__b3_star_fixed10,participant_outer_oof,participant,macro_average_ovr,macro,88,0.44,0.6518518518518518,,0.6695162037037038,145
compact_cnn__b3_star_fixed10,participant_outer_oof,participant,macro_average_ovr,macro,89,0.445,0.6518518518518518,,0.6695162037037038,145
compact_cnn__b3_star_fixed10,participant_outer_oof,participant,macro_average_ovr,macro,90,0.45,0.6574074074074073,,0.6695162037037038,145
compact_cnn__b3_star_fixed10,participant_outer_oof,participant,macro_average_ovr,macro,91,0.455,0.6574074074074073,,0.6695162037037038,145
compact_cnn__b3_star_fixed10,participant_outer_oof,participant,macro_average_ovr,macro,92,0.46,0.6574074074074073,,0.6695162037037038,145
compact_cnn__b3_star_fixed10,participant_outer_oof,participant,macro_average_ovr,macro,93,0.465,0.6574074074074073,,0.6695162037037038,145
compact_cnn__b3_star_fixed10,participant_outer_oof,participant,macro_average_ovr,macro,94,0.47000000000000003,0.6722222222222222,,0.6695162037037038,145
compact_cnn__b3_star_fixed10,participant_outer_oof,participant,macro_average_ovr,macro,95,0.47500000000000003,0.6722222222222222,,0.6695162037037038,145
compact_cnn__b3_star_fixed10,participant_outer_oof,participant,macro_average_ovr,macro,96,0.48,0.6722222222222222,,0.6695162037037038,145
compact_cnn__b3_star_fixed10,participant_outer_oof,participant,macro_average_ovr,macro,97,0.485,0.6833333333333332,,0.6695162037037038,145
compact_cnn__b3_star_fixed10,participant_outer_oof,participant,macro_average_ovr,macro,98,0.49,0.6833333333333332,,0.6695162037037038,145
compact_cnn__b3_star_fixed10,participant_outer_oof,participant,macro_average_ovr,macro,99,0.495,0.7111111111111111,,0.6695162037037038,145
compact_cnn__b3_star_fixed10,participant_outer_oof,participant,macro_average_ovr,macro,100,0.5,0.7111111111111111,,0.6695162037037038,145
compact_cnn__b3_star_fixed10,participant_outer_oof,participant,macro_average_ovr,macro,101,0.505,0.7194444444444444,,0.6695162037037038,145
compact_cnn__b3_star_fixed10,participant_outer_oof,participant,macro_average_ovr,macro,102,0.51,0.7194444444444444,,0.6695162037037038,145
compact_cnn__b3_star_fixed10,participant_outer_oof,participant,macro_average_ovr,macro,103,0.515,0.7361111111111112,,0.6695162037037038,145
compact_cnn__b3_star_fixed10,participant_outer_oof,participant,macro_average_ovr,macro,104,0.52,0.7361111111111112,,0.6695162037037038,145
compact_cnn__b3_star_fixed10,participant_outer_oof,participant,macro_average_ovr,macro,105,0.525,0.7361111111111112,,0.6695162037037038,145
compact_cnn__b3_star_fixed10,participant_outer_oof,participant,macro_average_ovr,macro,106,0.53,0.7361111111111112,,0.6695162037037038,145
compact_cnn__b3_star_fixed10,participant_outer_oof,participant,macro_average_ovr,macro,107,0.535,0.7361111111111112,,0.6695162037037038,145
compact_cnn__b3_star_fixed10,participant_outer_oof,participant,macro_average_ovr,macro,108,0.54,0.7361111111111112,,0.6695162037037038,145
compact_cnn__b3_star_fixed10,participant_outer_oof,participant,macro_average_ovr,macro,109,0.545,0.7361111111111112,,0.6695162037037038,145
compact_cnn__b3_star_fixed10,participant_outer_oof,participant,macro_average_ovr,macro,110,0.55,0.7361111111111112,,0.6695162037037038,145
compact_cnn__b3_star_fixed10,participant_outer_oof,participant,macro_average_ovr,macro,111,0.555,0.7472222222222222,,0.6695162037037038,145
compact_cnn__b3_star_fixed10,participant_outer_oof,participant,macro_average_ovr,macro,112,0.56,0.762037037037037,,0.6695162037037038,145
compact_cnn__b3_star_fixed10,participant_outer_oof,participant,macro_average_ovr,macro,113,0.5650000000000001,0.773148148148148,,0.6695162037037038,145
compact_cnn__b3_star_fixed10,participant_outer_oof,participant,macro_average_ovr,macro,114,0.5700000000000001,0.7805555555555556,,0.6695162037037038,145
compact_cnn__b3_star_fixed10,participant_outer_oof,participant,macro_average_ovr,macro,115,0.5750000000000001,0.7805555555555556,,0.6695162037037038,145
compact_cnn__b3_star_fixed10,participant_outer_oof,participant,macro_average_ovr,macro,116,0.58,0.7861111111111111,,0.6695162037037038,145
compact_cnn__b3_star_fixed10,participant_outer_oof,participant,macro_average_ovr,macro,117,0.585,0.7861111111111111,,0.6695162037037038,145
compact_cnn__b3_star_fixed10,participant_outer_oof,participant,macro_average_ovr,macro,118,0.59,0.7861111111111111,,0.6695162037037038,145
compact_cnn__b3_star_fixed10,participant_outer_oof,participant,macro_average_ovr,macro,119,0.595,0.7944444444444446,,0.6695162037037038,145
compact_cnn__b3_star_fixed10,participant_outer_oof,participant,macro_average_ovr,macro,120,0.6,0.8000000000000002,,0.6695162037037038,145
compact_cnn__b3_star_fixed10,participant_outer_oof,participant,macro_average_ovr,macro,121,0.605,0.8000000000000002,,0.6695162037037038,145
compact_cnn__b3_star_fixed10,participant_outer_oof,participant,macro_average_ovr,macro,122,0.61,0.8083333333333332,,0.6695162037037038,145
compact_cnn__b3_star_fixed10,participant_outer_oof,participant,macro_average_ovr,macro,123,0.615,0.8138888888888888,,0.6695162037037038,145
compact_cnn__b3_star_fixed10,participant_outer_oof,participant,macro_average_ovr,macro,124,0.62,0.8138888888888888,,0.6695162037037038,145
compact_cnn__b3_star_fixed10,participant_outer_oof,participant,macro_average_ovr,macro,125,0.625,0.8194444444444443,,0.6695162037037038,145
compact_cnn__b3_star_fixed10,participant_outer_oof,participant,macro_average_ovr,macro,126,0.63,0.8277777777777778,,0.6695162037037038,145
compact_cnn__b3_star_fixed10,participant_outer_oof,participant,macro_average_ovr,macro,127,0.635,0.8277777777777778,,0.6695162037037038,145
compact_cnn__b3_star_fixed10,participant_outer_oof,participant,macro_average_ovr,macro,128,0.64,0.8435185185185184,,0.6695162037037038,145
compact_cnn__b3_star_fixed10,participant_outer_oof,participant,macro_average_ovr,macro,129,0.645,0.8435185185185184,,0.6695162037037038,145
compact_cnn__b3_star_fixed10,participant_outer_oof,participant,macro_average_ovr,macro,130,0.65,0.849074074074074,,0.6695162037037038,145
compact_cnn__b3_star_fixed10,participant_outer_oof,participant,macro_average_ovr,macro,131,0.655,0.849074074074074,,0.6695162037037038,145
compact_cnn__b3_star_fixed10,participant_outer_oof,participant,macro_average_ovr,macro,132,0.66,0.8675925925925926,,0.6695162037037038,145
compact_cnn__b3_star_fixed10,participant_outer_oof,participant,macro_average_ovr,macro,133,0.665,0.8675925925925926,,0.6695162037037038,145
compact_cnn__b3_star_fixed10,participant_outer_oof,participant,macro_average_ovr,macro,134,0.67,0.8675925925925926,,0.6695162037037038,145
compact_cnn__b3_star_fixed10,participant_outer_oof,participant,macro_average_ovr,macro,135,0.675,0.8675925925925926,,0.6695162037037038,145
compact_cnn__b3_star_fixed10,participant_outer_oof,participant,macro_average_ovr,macro,136,0.68,0.8759259259259259,,0.6695162037037038,145
compact_cnn__b3_star_fixed10,participant_outer_oof,participant,macro_average_ovr,macro,137,0.685,0.8759259259259259,,0.6695162037037038,145
compact_cnn__b3_star_fixed10,participant_outer_oof,participant,macro_average_ovr,macro,138,0.6900000000000001,0.8759259259259259,,0.6695162037037038,145
compact_cnn__b3_star_fixed10,participant_outer_oof,participant,macro_average_ovr,macro,139,0.6950000000000001,0.8759259259259259,,0.6695162037037038,145
compact_cnn__b3_star_fixed10,participant_outer_oof,participant,macro_average_ovr,macro,140,0.7000000000000001,0.8759259259259259,,0.6695162037037038,145
compact_cnn__b3_star_fixed10,participant_outer_oof,participant,macro_average_ovr,macro,141,0.705,0.8759259259259259,,0.6695162037037038,145
compact_cnn__b3_star_fixed10,participant_outer_oof,participant,macro_average_ovr,macro,142,0.71,0.8759259259259259,,0.6695162037037038,145
compact_cnn__b3_star_fixed10,participant_outer_oof,participant,macro_average_ovr,macro,143,0.715,0.8759259259259259,,0.6695162037037038,145
compact_cnn__b3_star_fixed10,participant_outer_oof,participant,macro_average_ovr,macro,144,0.72,0.887037037037037,,0.6695162037037038,145
compact_cnn__b3_star_fixed10,participant_outer_oof,participant,macro_average_ovr,macro,145,0.725,0.887037037037037,,0.6695162037037038,145
compact_cnn__b3_star_fixed10,participant_outer_oof,participant,macro_average_ovr,macro,146,0.73,0.8944444444444444,,0.6695162037037038,145
compact_cnn__b3_star_fixed10,participant_outer_oof,participant,macro_average_ovr,macro,147,0.735,0.8944444444444444,,0.6695162037037038,145
compact_cnn__b3_star_fixed10,participant_outer_oof,participant,macro_average_ovr,macro,148,0.74,0.8944444444444444,,0.6695162037037038,145
compact_cnn__b3_star_fixed10,participant_outer_oof,participant,macro_average_ovr,macro,149,0.745,0.8944444444444444,,0.6695162037037038,145
compact_cnn__b3_star_fixed10,participant_outer_oof,participant,macro_average_ovr,macro,150,0.75,0.8944444444444444,,0.6695162037037038,145
compact_cnn__b3_star_fixed10,participant_outer_oof,participant,macro_average_ovr,macro,151,0.755,0.9027777777777777,,0.6695162037037038,145
compact_cnn__b3_star_fixed10,participant_outer_oof,participant,macro_average_ovr,macro,152,0.76,0.9027777777777777,,0.6695162037037038,145
compact_cnn__b3_star_fixed10,participant_outer_oof,participant,macro_average_ovr,macro,153,0.765,0.9083333333333333,,0.6695162037037038,145
compact_cnn__b3_star_fixed10,participant_outer_oof,participant,macro_average_ovr,macro,154,0.77,0.9083333333333333,,0.6695162037037038,145
compact_cnn__b3_star_fixed10,participant_outer_oof,participant,macro_average_ovr,macro,155,0.775,0.9083333333333333,,0.6695162037037038,145
compact_cnn__b3_star_fixed10,participant_outer_oof,participant,macro_average_ovr,macro,156,0.78,0.9157407407407409,,0.6695162037037038,145
compact_cnn__b3_star_fixed10,participant_outer_oof,participant,macro_average_ovr,macro,157,0.785,0.9157407407407409,,0.6695162037037038,145
compact_cnn__b3_star_fixed10,participant_outer_oof,participant,macro_average_ovr,macro,158,0.79,0.9157407407407409,,0.6695162037037038,145
compact_cnn__b3_star_fixed10,participant_outer_oof,participant,macro_average_ovr,macro,159,0.795,0.9157407407407409,,0.6695162037037038,145
compact_cnn__b3_star_fixed10,participant_outer_oof,participant,macro_average_ovr,macro,160,0.8,0.9231481481481483,,0.6695162037037038,145
compact_cnn__b3_star_fixed10,participant_outer_oof,participant,macro_average_ovr,macro,161,0.805,0.9231481481481483,,0.6695162037037038,145
compact_cnn__b3_star_fixed10,participant_outer_oof,participant,macro_average_ovr,macro,162,0.81,0.9231481481481483,,0.6695162037037038,145
compact_cnn__b3_star_fixed10,participant_outer_oof,participant,macro_average_ovr,macro,163,0.8150000000000001,0.9231481481481483,,0.6695162037037038,145
compact_cnn__b3_star_fixed10,participant_outer_oof,participant,macro_average_ovr,macro,164,0.8200000000000001,0.9231481481481483,,0.6695162037037038,145
compact_cnn__b3_star_fixed10,participant_outer_oof,participant,macro_average_ovr,macro,165,0.8250000000000001,0.9287037037037038,,0.6695162037037038,145
compact_cnn__b3_star_fixed10,participant_outer_oof,participant,macro_average_ovr,macro,166,0.8300000000000001,0.9287037037037038,,0.6695162037037038,145
compact_cnn__b3_star_fixed10,participant_outer_oof,participant,macro_average_ovr,macro,167,0.835,0.9287037037037038,,0.6695162037037038,145
compact_cnn__b3_star_fixed10,participant_outer_oof,participant,macro_average_ovr,macro,168,0.84,0.9342592592592593,,0.6695162037037038,145
compact_cnn__b3_star_fixed10,participant_outer_oof,participant,macro_average_ovr,macro,169,0.845,0.9342592592592593,,0.6695162037037038,145
compact_cnn__b3_star_fixed10,participant_outer_oof,participant,macro_average_ovr,macro,170,0.85,0.9398148148148149,,0.6695162037037038,145
compact_cnn__b3_star_fixed10,participant_outer_oof,participant,macro_average_ovr,macro,171,0.855,0.9398148148148149,,0.6695162037037038,145
compact_cnn__b3_star_fixed10,participant_outer_oof,participant,macro_average_ovr,macro,172,0.86,0.950925925925926,,0.6695162037037038,145
compact_cnn__b3_star_fixed10,participant_outer_oof,participant,macro_average_ovr,macro,173,0.865,0.950925925925926,,0.6695162037037038,145
compact_cnn__b3_star_fixed10,participant_outer_oof,participant,macro_average_ovr,macro,174,0.87,0.950925925925926,,0.6695162037037038,145
compact_cnn__b3_star_fixed10,participant_outer_oof,participant,macro_average_ovr,macro,175,0.875,0.950925925925926,,0.6695162037037038,145
compact_cnn__b3_star_fixed10,participant_outer_oof,participant,macro_average_ovr,macro,176,0.88,0.950925925925926,,0.6695162037037038,145
compact_cnn__b3_star_fixed10,participant_outer_oof,participant,macro_average_ovr,macro,177,0.885,0.950925925925926,,0.6695162037037038,145
compact_cnn__b3_star_fixed10,participant_outer_oof,participant,macro_average_ovr,macro,178,0.89,0.950925925925926,,0.6695162037037038,145
compact_cnn__b3_star_fixed10,participant_outer_oof,participant,macro_average_ovr,macro,179,0.895,0.950925925925926,,0.6695162037037038,145
compact_cnn__b3_star_fixed10,participant_outer_oof,participant,macro_average_ovr,macro,180,0.9,0.950925925925926,,0.6695162037037038,145
compact_cnn__b3_star_fixed10,participant_outer_oof,participant,macro_average_ovr,macro,181,0.905,0.950925925925926,,0.6695162037037038,145
compact_cnn__b3_star_fixed10,participant_outer_oof,participant,macro_average_ovr,macro,182,0.91,0.9583333333333334,,0.6695162037037038,145
compact_cnn__b3_star_fixed10,participant_outer_oof,participant,macro_average_ovr,macro,183,0.915,0.9583333333333334,,0.6695162037037038,145
compact_cnn__b3_star_fixed10,participant_outer_oof,participant,macro_average_ovr,macro,184,0.92,0.9638888888888889,,0.6695162037037038,145
compact_cnn__b3_star_fixed10,participant_outer_oof,participant,macro_average_ovr,macro,185,0.925,0.9638888888888889,,0.6695162037037038,145
compact_cnn__b3_star_fixed10,participant_outer_oof,participant,macro_average_ovr,macro,186,0.93,0.9638888888888889,,0.6695162037037038,145
compact_cnn__b3_star_fixed10,participant_outer_oof,participant,macro_average_ovr,macro,187,0.935,0.9722222222222223,,0.6695162037037038,145
compact_cnn__b3_star_fixed10,participant_outer_oof,participant,macro_average_ovr,macro,188,0.9400000000000001,0.9722222222222223,,0.6695162037037038,145
compact_cnn__b3_star_fixed10,participant_outer_oof,participant,macro_average_ovr,macro,189,0.9450000000000001,0.9777777777777779,,0.6695162037037038,145
compact_cnn__b3_star_fixed10,participant_outer_oof,participant,macro_average_ovr,macro,190,0.9500000000000001,0.9777777777777779,,0.6695162037037038,145
compact_cnn__b3_star_fixed10,participant_outer_oof,participant,macro_average_ovr,macro,191,0.9550000000000001,0.9833333333333334,,0.6695162037037038,145
compact_cnn__b3_star_fixed10,participant_outer_oof,participant,macro_average_ovr,macro,192,0.96,0.9833333333333334,,0.6695162037037038,145
compact_cnn__b3_star_fixed10,participant_outer_oof,participant,macro_average_ovr,macro,193,0.965,0.9833333333333334,,0.6695162037037038,145
compact_cnn__b3_star_fixed10,participant_outer_oof,participant,macro_average_ovr,macro,194,0.97,0.9833333333333334,,0.6695162037037038,145
compact_cnn__b3_star_fixed10,participant_outer_oof,participant,macro_average_ovr,macro,195,0.975,0.9833333333333334,,0.6695162037037038,145
compact_cnn__b3_star_fixed10,participant_outer_oof,participant,macro_average_ovr,macro,196,0.98,0.9833333333333334,,0.6695162037037038,145
compact_cnn__b3_star_fixed10,participant_outer_oof,participant,macro_average_ovr,macro,197,0.985,0.9833333333333334,,0.6695162037037038,145
compact_cnn__b3_star_fixed10,participant_outer_oof,participant,macro_average_ovr,macro,198,0.99,0.9833333333333334,,0.6695162037037038,145
compact_cnn__b3_star_fixed10,participant_outer_oof,participant,macro_average_ovr,macro,199,0.995,1.0,,0.6695162037037038,145
compact_cnn__b3_star_fixed10,participant_outer_oof,participant,macro_average_ovr,macro,200,1.0,1.0,,0.6695162037037038,145
compact_cnn__b4_star_fixed10,participant_outer_oof,participant,one_vs_rest,0,0,0.0,0.0,,0.6066666666666667,145
compact_cnn__b4_star_fixed10,participant_outer_oof,participant,one_vs_rest,0,1,0.01,0.0,0.9986618746891918,0.6066666666666667,145
compact_cnn__b4_star_fixed10,participant_outer_oof,participant,one_vs_rest,0,2,0.02,0.0,0.9796342971571612,0.6066666666666667,145
compact_cnn__b4_star_fixed10,participant_outer_oof,participant,one_vs_rest,0,3,0.02,0.044444444444444446,0.963264574200405,0.6066666666666667,145
compact_cnn__b4_star_fixed10,participant_outer_oof,participant,one_vs_rest,0,4,0.03,0.044444444444444446,0.9432310307423786,0.6066666666666667,145
compact_cnn__b4_star_fixed10,participant_outer_oof,participant,one_vs_rest,0,5,0.03,0.08888888888888889,0.9240555663969453,0.6066666666666667,145
compact_cnn__b4_star_fixed10,participant_outer_oof,participant,one_vs_rest,0,6,0.11,0.08888888888888889,0.8790200040779091,0.6066666666666667,145
compact_cnn__b4_star_fixed10,participant_outer_oof,participant,one_vs_rest,0,7,0.11,0.13333333333333333,0.8665440519281421,0.6066666666666667,145
compact_cnn__b4_star_fixed10,participant_outer_oof,participant,one_vs_rest,0,8,0.15,0.13333333333333333,0.842515055933841,0.6066666666666667,145
compact_cnn__b4_star_fixed10,participant_outer_oof,participant,one_vs_rest,0,9,0.15,0.2,0.8202580896658931,0.6066666666666667,145
compact_cnn__b4_star_fixed10,participant_outer_oof,participant,one_vs_rest,0,10,0.16,0.2,0.745992701661119,0.6066666666666667,145
compact_cnn__b4_star_fixed10,participant_outer_oof,participant,one_vs_rest,0,11,0.16,0.24444444444444444,0.733437530449035,0.6066666666666667,145
compact_cnn__b4_star_fixed10,participant_outer_oof,participant,one_vs_rest,0,12,0.21,0.24444444444444444,0.6800391156041304,0.6066666666666667,145
compact_cnn__b4_star_fixed10,participant_outer_oof,participant,one_vs_rest,0,13,0.21,0.26666666666666666,0.6774108326347953,0.6066666666666667,145
compact_cnn__b4_star_fixed10,participant_outer_oof,participant,one_vs_rest,0,14,0.22,0.26666666666666666,0.6701690430080062,0.6066666666666667,145
compact_cnn__b4_star_fixed10,participant_outer_oof,participant,one_vs_rest,0,15,0.22,0.3111111111111111,0.6552409942793652,0.6066666666666667,145
compact_cnn__b4_star_fixed10,participant_outer_oof,participant,one_vs_rest,0,16,0.27,0.3111111111111111,0.594340966722136,0.6066666666666667,145
compact_cnn__b4_star_fixed10,participant_outer_oof,participant,one_vs_rest,0,17,0.27,0.3333333333333333,0.5837072864954165,0.6066666666666667,145
compact_cnn__b4_star_fixed10,participant_outer_oof,participant,one_vs_rest,0,18,0.28,0.3333333333333333,0.5804510266022689,0.6066666666666667,145
compact_cnn__b4_star_fixed10,participant_outer_oof,participant,one_vs_rest,0,19,0.28,0.35555555555555557,0.5633194515905942,0.6066666666666667,145
compact_cnn__b4_star_fixed10,participant_outer_oof,participant,one_vs_rest,0,20,0.29,0.35555555555555557,0.5585063469186854,0.6066666666666667,145
compact_cnn__b4_star_fixed10,participant_outer_oof,participant,one_vs_rest,0,21,0.29,0.37777777777777777,0.5575335338452323,0.6066666666666667,145
compact_cnn__b4_star_fixed10,participant_outer_oof,participant,one_vs_rest,0,22,0.3,0.37777777777777777,0.5483497490842195,0.6066666666666667,145
compact_cnn__b4_star_fixed10,participant_outer_oof,participant,one_vs_rest,0,23,0.3,0.4222222222222222,0.53439575082678,0.6066666666666667,145
compact_cnn__b4_star_fixed10,participant_outer_oof,participant,one_vs_rest,0,24,0.32,0.4222222222222222,0.5109828726765596,0.6066666666666667,145
compact_cnn__b4_star_fixed10,participant_outer_oof,participant,one_vs_rest,0,25,0.32,0.4666666666666667,0.46588877905139053,0.6066666666666667,145
compact_cnn__b4_star_fixed10,participant_outer_oof,participant,one_vs_rest,0,26,0.35,0.4666666666666667,0.4495832809128913,0.6066666666666667,145
compact_cnn__b4_star_fixed10,participant_outer_oof,participant,one_vs_rest,0,27,0.35,0.4888888888888889,0.4453205570088105,0.6066666666666667,145
compact_cnn__b4_star_fixed10,participant_outer_oof,participant,one_vs_rest,0,28,0.37,0.4888888888888889,0.43316635653002755,0.6066666666666667,145
compact_cnn__b4_star_fixed10,participant_outer_oof,participant,one_vs_rest,0,29,0.37,0.5555555555555556,0.3472425274382684,0.6066666666666667,145
compact_cnn__b4_star_fixed10,participant_outer_oof,participant,one_vs_rest,0,30,0.38,0.5555555555555556,0.336571935663086,0.6066666666666667,145
compact_cnn__b4_star_fixed10,participant_outer_oof,participant,one_vs_rest,0,31,0.38,0.5777777777777777,0.32390214335246037,0.6066666666666667,145
compact_cnn__b4_star_fixed10,participant_outer_oof,participant,one_vs_rest,0,32,0.4,0.5777777777777777,0.2695744751985117,0.6066666666666667,145
compact_cnn__b4_star_fixed10,participant_outer_oof,participant,one_vs_rest,0,33,0.4,0.6222222222222222,0.24325688985745914,0.6066666666666667,145
compact_cnn__b4_star_fixed10,participant_outer_oof,participant,one_vs_rest,0,34,0.41,0.6222222222222222,0.23831274519782006,0.6066666666666667,145
compact_cnn__b4_star_fixed10,participant_outer_oof,participant,one_vs_rest,0,35,0.41,0.6444444444444445,0.22942358380674097,0.6066666666666667,145
compact_cnn__b4_star_fixed10,participant_outer_oof,participant,one_vs_rest,0,36,0.43,0.6444444444444445,0.20699578630586873,0.6066666666666667,145
compact_cnn__b4_star_fixed10,participant_outer_oof,participant,one_vs_rest,0,37,0.43,0.6666666666666666,0.2042495133781482,0.6066666666666667,145
compact_cnn__b4_star_fixed10,participant_outer_oof,participant,one_vs_rest,0,38,0.49,0.6666666666666666,0.1489828598276578,0.6066666666666667,145
compact_cnn__b4_star_fixed10,participant_outer_oof,participant,one_vs_rest,0,39,0.49,0.6888888888888889,0.14485002864959934,0.6066666666666667,145
compact_cnn__b4_star_fixed10,participant_outer_oof,participant,one_vs_rest,0,40,0.51,0.6888888888888889,0.1313006244853187,0.6066666666666667,145
compact_cnn__b4_star_fixed10,participant_outer_oof,participant,one_vs_rest,0,41,0.51,0.7111111111111111,0.1312906299481617,0.6066666666666667,145
compact_cnn__b4_star_fixed10,participant_outer_oof,participant,one_vs_rest,0,42,0.55,0.7111111111111111,0.09933828376709407,0.6066666666666667,145
compact_cnn__b4_star_fixed10,participant_outer_oof,participant,one_vs_rest,0,43,0.55,0.8,0.07600569011065908,0.6066666666666667,145
compact_cnn__b4_star_fixed10,participant_outer_oof,participant,one_vs_rest,0,44,0.74,0.8,0.007108185519083761,0.6066666666666667,145
compact_cnn__b4_star_fixed10,participant_outer_oof,participant,one_vs_rest,0,45,0.74,0.8222222222222222,0.006830572577804379,0.6066666666666667,145
compact_cnn__b4_star_fixed10,participant_outer_oof,participant,one_vs_rest,0,46,0.76,0.8222222222222222,0.006638009697417199,0.6066666666666667,145
compact_cnn__b4_star_fixed10,participant_outer_oof,participant,one_vs_rest,0,47,0.76,0.8444444444444444,0.0063893782150463985,0.6066666666666667,145
compact_cnn__b4_star_fixed10,participant_outer_oof,participant,one_vs_rest,0,48,0.78,0.8444444444444444,0.005639107489516832,0.6066666666666667,145
compact_cnn__b4_star_fixed10,participant_outer_oof,participant,one_vs_rest,0,49,0.78,0.9111111111111111,0.003289859112163975,0.6066666666666667,145
compact_cnn__b4_star_fixed10,participant_outer_oof,participant,one_vs_rest,0,50,0.79,0.9111111111111111,0.002722718706475775,0.6066666666666667,145
compact_cnn__b4_star_fixed10,participant_outer_oof,participant,one_vs_rest,0,51,0.79,0.9333333333333333,0.002416749244987095,0.6066666666666667,145
compact_cnn__b4_star_fixed10,participant_outer_oof,participant,one_vs_rest,0,52,0.82,0.9333333333333333,0.0015727307731755696,0.6066666666666667,145
compact_cnn__b4_star_fixed10,participant_outer_oof,participant,one_vs_rest,0,53,0.82,0.9555555555555556,0.0014780445195454862,0.6066666666666667,145
compact_cnn__b4_star_fixed10,participant_outer_oof,participant,one_vs_rest,0,54,0.86,0.9555555555555556,0.0008849048626960616,0.6066666666666667,145
compact_cnn__b4_star_fixed10,participant_outer_oof,participant,one_vs_rest,0,55,0.86,0.9777777777777777,0.0007772721557574575,0.6066666666666667,145
compact_cnn__b4_star_fixed10,participant_outer_oof,participant,one_vs_rest,0,56,0.89,0.9777777777777777,0.00036155236469206654,0.6066666666666667,145
compact_cnn__b4_star_fixed10,participant_outer_oof,participant,one_vs_rest,0,57,0.89,1.0,0.00019443507440502608,0.6066666666666667,145
compact_cnn__b4_star_fixed10,participant_outer_oof,participant,one_vs_rest,0,58,1.0,1.0,1.6974964076527797e-07,0.6066666666666667,145
compact_cnn__b4_star_fixed10,participant_outer_oof,participant,one_vs_rest,1,0,0.0,0.0,,0.5362745098039216,145
compact_cnn__b4_star_fixed10,participant_outer_oof,participant,one_vs_rest,1,1,0.011764705882352941,0.0,0.9996136493833098,0.5362745098039216,145
compact_cnn__b4_star_fixed10,participant_outer_oof,participant,one_vs_rest,1,2,0.011764705882352941,0.016666666666666666,0.997335019276224,0.5362745098039216,145
compact_cnn__b4_star_fixed10,participant_outer_oof,participant,one_vs_rest,1,3,0.03529411764705882,0.016666666666666666,0.9921082132004179,0.5362745098039216,145
compact_cnn__b4_star_fixed10,participant_outer_oof,participant,one_vs_rest,1,4,0.03529411764705882,0.03333333333333333,0.9904360446038807,0.5362745098039216,145
compact_cnn__b4_star_fixed10,participant_outer_oof,participant,one_vs_rest,1,5,0.047058823529411764,0.03333333333333333,0.986984059774303,0.5362745098039216,145
compact_cnn__b4_star_fixed10,participant_outer_oof,participant,one_vs_rest,1,6,0.047058823529411764,0.05,0.9845391963664589,0.5362745098039216,145
compact_cnn__b4_star_fixed10,participant_outer_oof,participant,one_vs_rest,1,7,0.058823529411764705,0.05,0.9843064575109001,0.5362745098039216,145
compact_cnn__b4_star_fixed10,participant_outer_oof,participant,one_vs_rest,1,8,0.058823529411764705,0.08333333333333333,0.9791887055002773,0.5362745098039216,145
compact_cnn__b4_star_fixed10,participant_outer_oof,participant,one_vs_rest,1,9,0.07058823529411765,0.08333333333333333,0.9760239717214252,0.5362745098039216,145
compact_cnn__b4_star_fixed10,participant_outer_oof,participant,one_vs_rest,1,10,0.07058823529411765,0.13333333333333333,0.9608782302165583,0.5362745098039216,145
compact_cnn__b4_star_fixed10,participant_outer_oof,participant,one_vs_rest,1,11,0.09411764705882353,0.13333333333333333,0.9566849233170963,0.5362745098039216,145
compact_cnn__b4_star_fixed10,participant_outer_oof,participant,one_vs_rest,1,12,0.09411764705882353,0.15,0.9509713007978624,0.5362745098039216,145
compact_cnn__b4_star_fixed10,participant_outer_oof,participant,one_vs_rest,1,13,0.10588235294117647,0.15,0.9506335351491203,0.5362745098039216,145
compact_cnn__b4_star_fixed10,participant_outer_oof,participant,one_vs_rest,1,14,0.10588235294117647,0.16666666666666666,0.9467322310014139,0.5362745098039216,145
compact_cnn__b4_star_fixed10,participant_outer_oof,participant,one_vs_rest,1,15,0.11764705882352941,0.16666666666666666,0.9451404352035777,0.5362745098039216,145
compact_cnn__b4_star_fixed10,participant_outer_oof,participant,one_vs_rest,1,16,0.11764705882352941,0.2,0.9378318271462192,0.5362745098039216,145
compact_cnn__b4_star_fixed10,participant_outer_oof,participant,one_vs_rest,1,17,0.17647058823529413,0.2,0.8922682130164867,0.5362745098039216,145
compact_cnn__b4_star_fixed10,participant_outer_oof,participant,one_vs_rest,1,18,0.17647058823529413,0.25,0.8656832580417717,0.5362745098039216,145
compact_cnn__b4_star_fixed10,participant_outer_oof,participant,one_vs_rest,1,19,0.2,0.25,0.8629143084091956,0.5362745098039216,145
compact_cnn__b4_star_fixed10,participant_outer_oof,participant,one_vs_rest,1,20,0.2,0.31666666666666665,0.8226255726823057,0.5362745098039216,145
compact_cnn__b4_star_fixed10,participant_outer_oof,participant,one_vs_rest,1,21,0.2235294117647059,0.31666666666666665,0.7705101057969137,0.5362745098039216,145
compact_cnn__b4_star_fixed10,participant_outer_oof,participant,one_vs_rest,1,22,0.2235294117647059,0.3333333333333333,0.7696360739535709,0.5362745098039216,145
compact_cnn__b4_star_fixed10,participant_outer_oof,participant,one_vs_rest,1,23,0.23529411764705882,0.3333333333333333,0.7422068275563336,0.5362745098039216,145
compact_cnn__b4_star_fixed10,participant_outer_oof,participant,one_vs_rest,1,24,0.23529411764705882,0.36666666666666664,0.6909565395393764,0.5362745098039216,145
compact_cnn__b4_star_fixed10,participant_outer_oof,participant,one_vs_rest,1,25,0.2823529411764706,0.36666666666666664,0.620252068079969,0.5362745098039216,145
compact_cnn__b4_star_fixed10,participant_outer_oof,participant,one_vs_rest,1,26,0.2823529411764706,0.38333333333333336,0.6107775485892966,0.5362745098039216,145
compact_cnn__b4_star_fixed10,participant_outer_oof,participant,one_vs_rest,1,27,0.3411764705882353,0.38333333333333336,0.550573396676529,0.5362745098039216,145
compact_cnn__b4_star_fixed10,participant_outer_oof,participant,one_vs_rest,1,28,0.3411764705882353,0.4,0.5380348129298468,0.5362745098039216,145
compact_cnn__b4_star_fixed10,participant_outer_oof,participant,one_vs_rest,1,29,0.36470588235294116,0.4,0.504319545835498,0.5362745098039216,145
compact_cnn__b4_star_fixed10,participant_outer_oof,participant,one_vs_rest,1,30,0.36470588235294116,0.43333333333333335,0.4791845947298877,0.5362745098039216,145
compact_cnn__b4_star_fixed10,participant_outer_oof,participant,one_vs_rest,1,31,0.3764705882352941,0.43333333333333335,0.47653814849272724,0.5362745098039216,145
compact_cnn__b4_star_fixed10,participant_outer_oof,participant,one_vs_rest,1,32,0.3764705882352941,0.45,0.46400481768238533,0.5362745098039216,145
compact_cnn__b4_star_fixed10,participant_outer_oof,participant,one_vs_rest,1,33,0.4235294117647059,0.45,0.43634896476035356,0.5362745098039216,145
compact_cnn__b4_star_fixed10,participant_outer_oof,participant,one_vs_rest,1,34,0.4235294117647059,0.4666666666666667,0.4338785030705282,0.5362745098039216,145
compact_cnn__b4_star_fixed10,participant_outer_oof,participant,one_vs_rest,1,35,0.4588235294117647,0.4666666666666667,0.4162753546035026,0.5362745098039216,145
compact_cnn__b4_star_fixed10,participant_outer_oof,participant,one_vs_rest,1,36,0.4588235294117647,0.48333333333333334,0.39206156009114,0.5362745098039216,145
compact_cnn__b4_star_fixed10,participant_outer_oof,participant,one_vs_rest,1,37,0.47058823529411764,0.48333333333333334,0.3804921790621796,0.5362745098039216,145
compact_cnn__b4_star_fixed10,participant_outer_oof,participant,one_vs_rest,1,38,0.47058823529411764,0.5333333333333333,0.34922682506469555,0.5362745098039216,145
compact_cnn__b4_star_fixed10,participant_outer_oof,participant,one_vs_rest,1,39,0.5176470588235295,0.5333333333333333,0.3034650373108358,0.5362745098039216,145
compact_cnn__b4_star_fixed10,participant_outer_oof,participant,one_vs_rest,1,40,0.5176470588235295,0.5666666666666667,0.2990372631394068,0.5362745098039216,145
compact_cnn__b4_star_fixed10,participant_outer_oof,participant,one_vs_rest,1,41,0.5411764705882353,0.5666666666666667,0.2653849276063525,0.5362745098039216,145
compact_cnn__b4_star_fixed10,participant_outer_oof,participant,one_vs_rest,1,42,0.5411764705882353,0.5833333333333334,0.255719680882494,0.5362745098039216,145
compact_cnn__b4_star_fixed10,participant_outer_oof,participant,one_vs_rest,1,43,0.5529411764705883,0.5833333333333334,0.2538179291199773,0.5362745098039216,145
compact_cnn__b4_star_fixed10,participant_outer_oof,participant,one_vs_rest,1,44,0.5529411764705883,0.65,0.22034182250487147,0.5362745098039216,145
compact_cnn__b4_star_fixed10,participant_outer_oof,participant,one_vs_rest,1,45,0.6,0.65,0.1657941100244765,0.5362745098039216,145
compact_cnn__b4_star_fixed10,participant_outer_oof,participant,one_vs_rest,1,46,0.6,0.6666666666666666,0.15646342305698266,0.5362745098039216,145
compact_cnn__b4_star_fixed10,participant_outer_oof,participant,one_vs_rest,1,47,0.6235294117647059,0.6666666666666666,0.14850786065929328,0.5362745098039216,145
compact_cnn__b4_star_fixed10,participant_outer_oof,participant,one_vs_rest,1,48,0.6235294117647059,0.6833333333333333,0.14794658751791226,0.5362745098039216,145
compact_cnn__b4_star_fixed10,participant_outer_oof,participant,one_vs_rest,1,49,0.6470588235294118,0.6833333333333333,0.13564127398999154,0.5362745098039216,145
compact_cnn__b4_star_fixed10,participant_outer_oof,participant,one_vs_rest,1,50,0.6470588235294118,0.7,0.13343444034437163,0.5362745098039216,145
compact_cnn__b4_star_fixed10,participant_outer_oof,participant,one_vs_rest,1,51,0.6705882352941176,0.7,0.1296413017284835,0.5362745098039216,145
compact_cnn__b4_star_fixed10,participant_outer_oof,participant,one_vs_rest,1,52,0.6705882352941176,0.7166666666666667,0.12646445168879042,0.5362745098039216,145
compact_cnn__b4_star_fixed10,participant_outer_oof,participant,one_vs_rest,1,53,0.7294117647058823,0.7166666666666667,0.11513306291380676,0.5362745098039216,145
compact_cnn__b4_star_fixed10,participant_outer_oof,participant,one_vs_rest,1,54,0.7294117647058823,0.75,0.09734594108570309,0.5362745098039216,145
compact_cnn__b4_star_fixed10,participant_outer_oof,participant,one_vs_rest,1,55,0.8,0.75,0.07492283525220718,0.5362745098039216,145
compact_cnn__b4_star_fixed10,participant_outer_oof,participant,one_vs_rest,1,56,0.8,0.7666666666666667,0.072920885014474,0.5362745098039216,145
compact_cnn__b4_star_fixed10,participant_outer_oof,participant,one_vs_rest,1,57,0.8117647058823529,0.7666666666666667,0.0678884237953749,0.5362745098039216,145
compact_cnn__b4_star_fixed10,participant_outer_oof,participant,one_vs_rest,1,58,0.8117647058823529,0.7833333333333333,0.06456190036918759,0.5362745098039216,145
compact_cnn__b4_star_fixed10,participant_outer_oof,participant,one_vs_rest,1,59,0.8235294117647058,0.7833333333333333,0.06376267168591883,0.5362745098039216,145
compact_cnn__b4_star_fixed10,participant_outer_oof,participant,one_vs_rest,1,60,0.8235294117647058,0.8666666666666667,0.042906006550256295,0.5362745098039216,145
compact_cnn__b4_star_fixed10,participant_outer_oof,participant,one_vs_rest,1,61,0.8588235294117647,0.8666666666666667,0.03654321810336219,0.5362745098039216,145
compact_cnn__b4_star_fixed10,participant_outer_oof,participant,one_vs_rest,1,62,0.8588235294117647,0.8833333333333333,0.03542279201856114,0.5362745098039216,145
compact_cnn__b4_star_fixed10,participant_outer_oof,participant,one_vs_rest,1,63,0.8705882352941177,0.8833333333333333,0.02789545363866061,0.5362745098039216,145
compact_cnn__b4_star_fixed10,participant_outer_oof,participant,one_vs_rest,1,64,0.8705882352941177,0.9,0.02739670844087353,0.5362745098039216,145
compact_cnn__b4_star_fixed10,participant_outer_oof,participant,one_vs_rest,1,65,0.9176470588235294,0.9,0.004032628877540396,0.5362745098039216,145
compact_cnn__b4_star_fixed10,participant_outer_oof,participant,one_vs_rest,1,66,0.9176470588235294,0.9166666666666666,0.003705477304460835,0.5362745098039216,145
compact_cnn__b4_star_fixed10,participant_outer_oof,participant,one_vs_rest,1,67,0.9294117647058824,0.9166666666666666,0.002691650117089269,0.5362745098039216,145
compact_cnn__b4_star_fixed10,participant_outer_oof,participant,one_vs_rest,1,68,0.9294117647058824,0.95,0.001336886063614503,0.5362745098039216,145
compact_cnn__b4_star_fixed10,participant_outer_oof,participant,one_vs_rest,1,69,0.9647058823529412,0.95,0.0002794318053385991,0.5362745098039216,145
compact_cnn__b4_star_fixed10,participant_outer_oof,participant,one_vs_rest,1,70,0.9647058823529412,1.0,9.992054592011027e-05,0.5362745098039216,145
compact_cnn__b4_star_fixed10,participant_outer_oof,participant,one_vs_rest,1,71,1.0,1.0,9.750840039017794e-06,0.5362745098039216,145
compact_cnn__b4_star_fixed10,participant_outer_oof,participant,one_vs_rest,2,0,0.0,0.0,,0.6478571428571428,145
compact_cnn__b4_star_fixed10,participant_outer_oof,participant,one_vs_rest,2,1,0.0,0.025,0.9999832691224713,0.6478571428571428,145
compact_cnn__b4_star_fixed10,participant_outer_oof,participant,one_vs_rest,2,2,0.0,0.225,0.9605616220023574,0.6478571428571428,145
compact_cnn__b4_star_fixed10,participant_outer_oof,participant,one_vs_rest,2,3,0.009523809523809525,0.225,0.9503893611198828,0.6478571428571428,145
compact_cnn__b4_star_fixed10,participant_outer_oof,participant,one_vs_rest,2,4,0.009523809523809525,0.325,0.8457883493533325,0.6478571428571428,145
compact_cnn__b4_star_fixed10,participant_outer_oof,participant,one_vs_rest,2,5,0.0380952380952381,0.325,0.8186368083783938,0.6478571428571428,145
compact_cnn__b4_star_fixed10,participant_outer_oof,participant,one_vs_rest,2,6,0.0380952380952381,0.35,0.8129249936003357,0.6478571428571428,145
compact_cnn__b4_star_fixed10,participant_outer_oof,participant,one_vs_rest,2,7,0.06666666666666667,0.35,0.7262644627836188,0.6478571428571428,145
compact_cnn__b4_star_fixed10,participant_outer_oof,participant,one_vs_rest,2,8,0.06666666666666667,0.375,0.6666628531155695,0.6478571428571428,145
compact_cnn__b4_star_fixed10,participant_outer_oof,participant,one_vs_rest,2,9,0.13333333333333333,0.375,0.5089338157096579,0.6478571428571428,145
compact_cnn__b4_star_fixed10,participant_outer_oof,participant,one_vs_rest,2,10,0.13333333333333333,0.4,0.49551331735631077,0.6478571428571428,145
compact_cnn__b4_star_fixed10,participant_outer_oof,participant,one_vs_rest,2,11,0.1619047619047619,0.4,0.4404574571868694,0.6478571428571428,145
compact_cnn__b4_star_fixed10,participant_outer_oof,participant,one_vs_rest,2,12,0.1619047619047619,0.45,0.413925198705135,0.6478571428571428,145
compact_cnn__b4_star_fixed10,participant_outer_oof,participant,one_vs_rest,2,13,0.18095238095238095,0.45,0.38457547631771416,0.6478571428571428,145
compact_cnn__b4_star_fixed10,participant_outer_oof,participant,one_vs_rest,2,14,0.18095238095238095,0.475,0.37974719820065034,0.6478571428571428,145
compact_cnn__b4_star_fixed10,participant_outer_oof,participant,one_vs_rest,2,15,0.23809523809523808,0.475,0.3289993960117459,0.6478571428571428,145
compact_cnn__b4_star_fixed10,participant_outer_oof,participant,one_vs_rest,2,16,0.23809523809523808,0.5,0.31914799099934227,0.6478571428571428,145
compact_cnn__b4_star_fixed10,participant_outer_oof,participant,one_vs_rest,2,17,0.2571428571428571,0.5,0.28306944190740646,0.6478571428571428,145
compact_cnn__b4_star_fixed10,participant_outer_oof,participant,one_vs_rest,2,18,0.2571428571428571,0.525,0.2811087406241909,0.6478571428571428,145
compact_cnn__b4_star_fixed10,participant_outer_oof,participant,one_vs_rest,2,19,0.2857142857142857,0.525,0.23353888787236657,0.6478571428571428,145
compact_cnn__b4_star_fixed10,participant_outer_oof,participant,one_vs_rest,2,20,0.2857142857142857,0.55,0.23122125747494385,0.6478571428571428,145
compact_cnn__b4_star_fixed10,participant_outer_oof,participant,one_vs_rest,2,21,0.3047619047619048,0.55,0.20616971346601187,0.6478571428571428,145
compact_cnn__b4_star_fixed10,participant_outer_oof,participant,one_vs_rest,2,22,0.3047619047619048,0.575,0.19575652717751474,0.6478571428571428,145
compact_cnn__b4_star_fixed10,participant_outer_oof,participant,one_vs_rest,2,23,0.3619047619047619,0.575,0.14999829003089937,0.6478571428571428,145
compact_cnn__b4_star_fixed10,participant_outer_oof,participant,one_vs_rest,2,24,0.3619047619047619,0.6,0.1263421529294022,0.6478571428571428,145
compact_cnn__b4_star_fixed10,participant_outer_oof,participant,one_vs_rest,2,25,0.37142857142857144,0.6,0.11788532248366829,0.6478571428571428,145
compact_cnn__b4_star_fixed10,participant_outer_oof,participant,one_vs_rest,2,26,0.37142857142857144,0.625,0.11651863200278592,0.6478571428571428,145
compact_cnn__b4_star_fixed10,participant_outer_oof,participant,one_vs_rest,2,27,0.42857142857142855,0.625,0.054167623231373675,0.6478571428571428,145
compact_cnn__b4_star_fixed10,participant_outer_oof,participant,one_vs_rest,2,28,0.42857142857142855,0.65,0.052509718212188985,0.6478571428571428,145
compact_cnn__b4_star_fixed10,participant_outer_oof,participant,one_vs_rest,2,29,0.5142857142857142,0.65,0.02900671263111391,0.6478571428571428,145
compact_cnn__b4_star_fixed10,participant_outer_oof,participant,one_vs_rest,2,30,0.5142857142857142,0.675,0.027773577787385366,0.6478571428571428,145
compact_cnn__b4_star_fixed10,participant_outer_oof,participant,one_vs_rest,2,31,0.5714285714285714,0.675,0.022271962190871124,0.6478571428571428,145
compact_cnn__b4_star_fixed10,participant_outer_oof,participant,one_vs_rest,2,32,0.5714285714285714,0.7,0.021935345115900815,0.6478571428571428,145
compact_cnn__b4_star_fixed10,participant_outer_oof,participant,one_vs_rest,2,33,0.6190476190476191,0.7,0.015499107414695026,0.6478571428571428,145
compact_cnn__b4_star_fixed10,participant_outer_oof,participant,one_vs_rest,2,34,0.6190476190476191,0.725,0.011205204273845193,0.6478571428571428,145
compact_cnn__b4_star_fixed10,participant_outer_oof,participant,one_vs_rest,2,35,0.6476190476190476,0.725,0.008114279062183285,0.6478571428571428,145
compact_cnn__b4_star_fixed10,participant_outer_oof,participant,one_vs_rest,2,36,0.6476190476190476,0.75,0.008026255961437013,0.6478571428571428,145
compact_cnn__b4_star_fixed10,participant_outer_oof,participant,one_vs_rest,2,37,0.6571428571428571,0.75,0.007568382577202461,0.6478571428571428,145
compact_cnn__b4_star_fixed10,participant_outer_oof,participant,one_vs_rest,2,38,0.6571428571428571,0.775,0.006955553103589512,0.6478571428571428,145
compact_cnn__b4_star_fixed10,participant_outer_oof,participant,one_vs_rest,2,39,0.819047619047619,0.775,0.0012634295213333386,0.6478571428571428,145
compact_cnn__b4_star_fixed10,participant_outer_oof,participant,one_vs_rest,2,40,0.819047619047619,0.8,0.0012537771021648783,0.6478571428571428,145
compact_cnn__b4_star_fixed10,participant_outer_oof,participant,one_vs_rest,2,41,0.8380952380952381,0.8,0.001021521009176294,0.6478571428571428,145
compact_cnn__b4_star_fixed10,participant_outer_oof,participant,one_vs_rest,2,42,0.8380952380952381,0.825,0.0007700819589107308,0.6478571428571428,145
compact_cnn__b4_star_fixed10,participant_outer_oof,participant,one_vs_rest,2,43,0.8476190476190476,0.825,0.0007142575105986602,0.6478571428571428,145
compact_cnn__b4_star_fixed10,participant_outer_oof,participant,one_vs_rest,2,44,0.8476190476190476,0.85,0.0004139410377047631,0.6478571428571428,145
compact_cnn__b4_star_fixed10,participant_outer_oof,participant,one_vs_rest,2,45,0.9047619047619048,0.85,0.00019220769623288359,0.6478571428571428,145
compact_cnn__b4_star_fixed10,participant_outer_oof,participant,one_vs_rest,2,46,0.9047619047619048,0.875,0.00018936921890366553,0.6478571428571428,145
compact_cnn__b4_star_fixed10,participant_outer_oof,participant,one_vs_rest,2,47,0.9142857142857143,0.875,0.0001377707901531452,0.6478571428571428,145
compact_cnn__b4_star_fixed10,participant_outer_oof,participant,one_vs_rest,2,48,0.9142857142857143,0.95,8.800900199952566e-05,0.6478571428571428,145
compact_cnn__b4_star_fixed10,participant_outer_oof,participant,one_vs_rest,2,49,0.9428571428571428,0.95,4.824312428192012e-05,0.6478571428571428,145
compact_cnn__b4_star_fixed10,participant_outer_oof,participant,one_vs_rest,2,50,0.9428571428571428,0.975,4.033223968838191e-05,0.6478571428571428,145
compact_cnn__b4_star_fixed10,participant_outer_oof,participant,one_vs_rest,2,51,0.9523809523809523,0.975,3.605926187631448e-05,0.6478571428571428,145
compact_cnn__b4_star_fixed10,participant_outer_oof,participant,one_vs_rest,2,52,0.9523809523809523,1.0,2.479825199819328e-05,0.6478571428571428,145
compact_cnn__b4_star_fixed10,participant_outer_oof,participant,one_vs_rest,2,53,1.0,1.0,1.2392471937733317e-06,0.6478571428571428,145
compact_cnn__b4_star_fixed10,participant_outer_oof,participant,macro_average_ovr,macro,0,0.0,0.075,,0.5980208333333333,145
compact_cnn__b4_star_fixed10,participant_outer_oof,participant,macro_average_ovr,macro,1,0.005,0.075,,0.5980208333333333,145
compact_cnn__b4_star_fixed10,participant_outer_oof,participant,macro_average_ovr,macro,2,0.01,0.10833333333333334,,0.5980208333333333,145
compact_cnn__b4_star_fixed10,participant_outer_oof,participant,macro_average_ovr,macro,3,0.015,0.11388888888888889,,0.5980208333333333,145
compact_cnn__b4_star_fixed10,participant_outer_oof,participant,macro_average_ovr,macro,4,0.02,0.1287037037037037,,0.5980208333333333,145
compact_cnn__b4_star_fixed10,participant_outer_oof,participant,macro_average_ovr,macro,5,0.025,0.1287037037037037,,0.5980208333333333,145
compact_cnn__b4_star_fixed10,participant_outer_oof,participant,macro_average_ovr,macro,6,0.03,0.14351851851851852,,0.5980208333333333,145
compact_cnn__b4_star_fixed10,participant_outer_oof,participant,macro_average_ovr,macro,7,0.035,0.14351851851851852,,0.5980208333333333,145
compact_cnn__b4_star_fixed10,participant_outer_oof,participant,macro_average_ovr,macro,8,0.04,0.1574074074074074,,0.5980208333333333,145
compact_cnn__b4_star_fixed10,participant_outer_oof,participant,macro_average_ovr,macro,9,0.045,0.1574074074074074,,0.5980208333333333,145
compact_cnn__b4_star_fixed10,participant_outer_oof,participant,macro_average_ovr,macro,10,0.05,0.16296296296296295,,0.5980208333333333,145
compact_cnn__b4_star_fixed10,participant_outer_oof,participant,macro_average_ovr,macro,11,0.055,0.16296296296296295,,0.5980208333333333,145
compact_cnn__b4_star_fixed10,participant_outer_oof,participant,macro_average_ovr,macro,12,0.06,0.17407407407407405,,0.5980208333333333,145
compact_cnn__b4_star_fixed10,participant_outer_oof,participant,macro_average_ovr,macro,13,0.065,0.17407407407407405,,0.5980208333333333,145
compact_cnn__b4_star_fixed10,participant_outer_oof,participant,macro_average_ovr,macro,14,0.07,0.18240740740740743,,0.5980208333333333,145
compact_cnn__b4_star_fixed10,participant_outer_oof,participant,macro_average_ovr,macro,15,0.075,0.19907407407407407,,0.5980208333333333,145
compact_cnn__b4_star_fixed10,participant_outer_oof,participant,macro_average_ovr,macro,16,0.08,0.19907407407407407,,0.5980208333333333,145
compact_cnn__b4_star_fixed10,participant_outer_oof,participant,macro_average_ovr,macro,17,0.085,0.19907407407407407,,0.5980208333333333,145
compact_cnn__b4_star_fixed10,participant_outer_oof,participant,macro_average_ovr,macro,18,0.09,0.19907407407407407,,0.5980208333333333,145
compact_cnn__b4_star_fixed10,participant_outer_oof,participant,macro_average_ovr,macro,19,0.095,0.20462962962962963,,0.5980208333333333,145
compact_cnn__b4_star_fixed10,participant_outer_oof,participant,macro_average_ovr,macro,20,0.1,0.20462962962962963,,0.5980208333333333,145
compact_cnn__b4_star_fixed10,participant_outer_oof,participant,macro_average_ovr,macro,21,0.105,0.20462962962962963,,0.5980208333333333,145
compact_cnn__b4_star_fixed10,participant_outer_oof,participant,macro_average_ovr,macro,22,0.11,0.225,,0.5980208333333333,145
compact_cnn__b4_star_fixed10,participant_outer_oof,participant,macro_average_ovr,macro,23,0.115,0.225,,0.5980208333333333,145
compact_cnn__b4_star_fixed10,participant_outer_oof,participant,macro_average_ovr,macro,24,0.12,0.23611111111111113,,0.5980208333333333,145
compact_cnn__b4_star_fixed10,participant_outer_oof,participant,macro_average_ovr,macro,25,0.125,0.23611111111111113,,0.5980208333333333,145
compact_cnn__b4_star_fixed10,participant_outer_oof,participant,macro_average_ovr,macro,26,0.13,0.23611111111111113,,0.5980208333333333,145
compact_cnn__b4_star_fixed10,participant_outer_oof,participant,macro_average_ovr,macro,27,0.135,0.24444444444444446,,0.5980208333333333,145
compact_cnn__b4_star_fixed10,participant_outer_oof,participant,macro_average_ovr,macro,28,0.14,0.24444444444444446,,0.5980208333333333,145
compact_cnn__b4_star_fixed10,participant_outer_oof,participant,macro_average_ovr,macro,29,0.145,0.24444444444444446,,0.5980208333333333,145
compact_cnn__b4_star_fixed10,participant_outer_oof,participant,macro_average_ovr,macro,30,0.15,0.26666666666666666,,0.5980208333333333,145
compact_cnn__b4_star_fixed10,participant_outer_oof,participant,macro_average_ovr,macro,31,0.155,0.26666666666666666,,0.5980208333333333,145
compact_cnn__b4_star_fixed10,participant_outer_oof,participant,macro_average_ovr,macro,32,0.16,0.2814814814814815,,0.5980208333333333,145
compact_cnn__b4_star_fixed10,participant_outer_oof,participant,macro_average_ovr,macro,33,0.165,0.2981481481481481,,0.5980208333333333,145
compact_cnn__b4_star_fixed10,participant_outer_oof,participant,macro_average_ovr,macro,34,0.17,0.2981481481481481,,0.5980208333333333,145
compact_cnn__b4_star_fixed10,participant_outer_oof,participant,macro_average_ovr,macro,35,0.17500000000000002,0.2981481481481481,,0.5980208333333333,145
compact_cnn__b4_star_fixed10,participant_outer_oof,participant,macro_average_ovr,macro,36,0.18,0.3148148148148148,,0.5980208333333333,145
compact_cnn__b4_star_fixed10,participant_outer_oof,participant,macro_average_ovr,macro,37,0.185,0.32314814814814813,,0.5980208333333333,145
compact_cnn__b4_star_fixed10,participant_outer_oof,participant,macro_average_ovr,macro,38,0.19,0.32314814814814813,,0.5980208333333333,145
compact_cnn__b4_star_fixed10,participant_outer_oof,participant,macro_average_ovr,macro,39,0.195,0.32314814814814813,,0.5980208333333333,145
compact_cnn__b4_star_fixed10,participant_outer_oof,participant,macro_average_ovr,macro,40,0.2,0.3453703703703703,,0.5980208333333333,145
compact_cnn__b4_star_fixed10,participant_outer_oof,participant,macro_average_ovr,macro,41,0.20500000000000002,0.3453703703703703,,0.5980208333333333,145
compact_cnn__b4_star_fixed10,participant_outer_oof,participant,macro_average_ovr,macro,42,0.21,0.3527777777777777,,0.5980208333333333,145
compact_cnn__b4_star_fixed10,participant_outer_oof,participant,macro_average_ovr,macro,43,0.215,0.3527777777777777,,0.5980208333333333,145
compact_cnn__b4_star_fixed10,participant_outer_oof,participant,macro_average_ovr,macro,44,0.22,0.36759259259259264,,0.5980208333333333,145
compact_cnn__b4_star_fixed10,participant_outer_oof,participant,macro_average_ovr,macro,45,0.225,0.3731481481481482,,0.5980208333333333,145
compact_cnn__b4_star_fixed10,participant_outer_oof,participant,macro_average_ovr,macro,46,0.23,0.3731481481481482,,0.5980208333333333,145
compact_cnn__b4_star_fixed10,participant_outer_oof,participant,macro_average_ovr,macro,47,0.23500000000000001,0.3731481481481482,,0.5980208333333333,145
compact_cnn__b4_star_fixed10,participant_outer_oof,participant,macro_average_ovr,macro,48,0.24,0.3925925925925926,,0.5980208333333333,145
compact_cnn__b4_star_fixed10,participant_outer_oof,participant,macro_average_ovr,macro,49,0.245,0.3925925925925926,,0.5980208333333333,145
compact_cnn__b4_star_fixed10,participant_outer_oof,participant,macro_average_ovr,macro,50,0.25,0.3925925925925926,,0.5980208333333333,145
compact_cnn__b4_star_fixed10,participant_outer_oof,participant,macro_average_ovr,macro,51,0.255,0.3925925925925926,,0.5980208333333333,145
compact_cnn__b4_star_fixed10,participant_outer_oof,participant,macro_average_ovr,macro,52,0.26,0.40092592592592596,,0.5980208333333333,145
compact_cnn__b4_star_fixed10,participant_outer_oof,participant,macro_average_ovr,macro,53,0.265,0.40092592592592596,,0.5980208333333333,145
compact_cnn__b4_star_fixed10,participant_outer_oof,participant,macro_average_ovr,macro,54,0.27,0.4083333333333334,,0.5980208333333333,145
compact_cnn__b4_star_fixed10,participant_outer_oof,participant,macro_average_ovr,macro,55,0.275,0.4083333333333334,,0.5980208333333333,145
compact_cnn__b4_star_fixed10,participant_outer_oof,participant,macro_average_ovr,macro,56,0.28,0.41574074074074074,,0.5980208333333333,145
compact_cnn__b4_star_fixed10,participant_outer_oof,participant,macro_average_ovr,macro,57,0.28500000000000003,0.4212962962962963,,0.5980208333333333,145
compact_cnn__b4_star_fixed10,participant_outer_oof,participant,macro_average_ovr,macro,58,0.29,0.43703703703703706,,0.5980208333333333,145
compact_cnn__b4_star_fixed10,participant_outer_oof,participant,macro_average_ovr,macro,59,0.295,0.43703703703703706,,0.5980208333333333,145
compact_cnn__b4_star_fixed10,participant_outer_oof,participant,macro_average_ovr,macro,60,0.3,0.4518518518518519,,0.5980208333333333,145
compact_cnn__b4_star_fixed10,participant_outer_oof,participant,macro_average_ovr,macro,61,0.305,0.4601851851851852,,0.5980208333333333,145
compact_cnn__b4_star_fixed10,participant_outer_oof,participant,macro_average_ovr,macro,62,0.31,0.4601851851851852,,0.5980208333333333,145
compact_cnn__b4_star_fixed10,participant_outer_oof,participant,macro_average_ovr,macro,63,0.315,0.4601851851851852,,0.5980208333333333,145
compact_cnn__b4_star_fixed10,participant_outer_oof,participant,macro_average_ovr,macro,64,0.32,0.47500000000000003,,0.5980208333333333,145
compact_cnn__b4_star_fixed10,participant_outer_oof,participant,macro_average_ovr,macro,65,0.325,0.47500000000000003,,0.5980208333333333,145
compact_cnn__b4_star_fixed10,participant_outer_oof,participant,macro_average_ovr,macro,66,0.33,0.47500000000000003,,0.5980208333333333,145
compact_cnn__b4_star_fixed10,participant_outer_oof,participant,macro_average_ovr,macro,67,0.335,0.47500000000000003,,0.5980208333333333,145
compact_cnn__b4_star_fixed10,participant_outer_oof,participant,macro_average_ovr,macro,68,0.34,0.47500000000000003,,0.5980208333333333,145
compact_cnn__b4_star_fixed10,participant_outer_oof,participant,macro_average_ovr,macro,69,0.34500000000000003,0.48055555555555557,,0.5980208333333333,145
compact_cnn__b4_star_fixed10,participant_outer_oof,participant,macro_average_ovr,macro,70,0.35000000000000003,0.48796296296296293,,0.5980208333333333,145
compact_cnn__b4_star_fixed10,participant_outer_oof,participant,macro_average_ovr,macro,71,0.355,0.48796296296296293,,0.5980208333333333,145
compact_cnn__b4_star_fixed10,participant_outer_oof,participant,macro_average_ovr,macro,72,0.36,0.48796296296296293,,0.5980208333333333,145
compact_cnn__b4_star_fixed10,participant_outer_oof,participant,macro_average_ovr,macro,73,0.365,0.5074074074074074,,0.5980208333333333,145
compact_cnn__b4_star_fixed10,participant_outer_oof,participant,macro_average_ovr,macro,74,0.37,0.5296296296296297,,0.5980208333333333,145
compact_cnn__b4_star_fixed10,participant_outer_oof,participant,macro_average_ovr,macro,75,0.375,0.537962962962963,,0.5980208333333333,145
compact_cnn__b4_star_fixed10,participant_outer_oof,participant,macro_average_ovr,macro,76,0.38,0.5509259259259259,,0.5980208333333333,145
compact_cnn__b4_star_fixed10,participant_outer_oof,participant,macro_average_ovr,macro,77,0.385,0.5509259259259259,,0.5980208333333333,145
compact_cnn__b4_star_fixed10,participant_outer_oof,participant,macro_average_ovr,macro,78,0.39,0.5509259259259259,,0.5980208333333333,145
compact_cnn__b4_star_fixed10,participant_outer_oof,participant,macro_average_ovr,macro,79,0.395,0.5509259259259259,,0.5980208333333333,145
compact_cnn__b4_star_fixed10,participant_outer_oof,participant,macro_average_ovr,macro,80,0.4,0.5657407407407408,,0.5980208333333333,145
compact_cnn__b4_star_fixed10,participant_outer_oof,participant,macro_average_ovr,macro,81,0.405,0.5657407407407408,,0.5980208333333333,145
compact_cnn__b4_star_fixed10,participant_outer_oof,participant,macro_average_ovr,macro,82,0.41000000000000003,0.5731481481481482,,0.5980208333333333,145
compact_cnn__b4_star_fixed10,participant_outer_oof,participant,macro_average_ovr,macro,83,0.41500000000000004,0.5731481481481482,,0.5980208333333333,145
compact_cnn__b4_star_fixed10,participant_outer_oof,participant,macro_average_ovr,macro,84,0.42,0.5731481481481482,,0.5980208333333333,145
compact_cnn__b4_star_fixed10,participant_outer_oof,participant,macro_average_ovr,macro,85,0.425,0.5787037037037037,,0.5980208333333333,145
compact_cnn__b4_star_fixed10,participant_outer_oof,participant,macro_average_ovr,macro,86,0.43,0.5944444444444444,,0.5980208333333333,145
compact_cnn__b4_star_fixed10,participant_outer_oof,participant,macro_average_ovr,macro,87,0.435,0.5944444444444444,,0.5980208333333333,145
compact_cnn__b4_star_fixed10,participant_outer_oof,participant,macro_average_ovr,macro,88,0.44,0.5944444444444444,,0.5980208333333333,145
compact_cnn__b4_star_fixed10,participant_outer_oof,participant,macro_average_ovr,macro,89,0.445,0.5944444444444444,,0.5980208333333333,145
compact_cnn__b4_star_fixed10,participant_outer_oof,participant,macro_average_ovr,macro,90,0.45,0.5944444444444444,,0.5980208333333333,145
compact_cnn__b4_star_fixed10,participant_outer_oof,participant,macro_average_ovr,macro,91,0.455,0.5944444444444444,,0.5980208333333333,145
compact_cnn__b4_star_fixed10,participant_outer_oof,participant,macro_average_ovr,macro,92,0.46,0.6,,0.5980208333333333,145
compact_cnn__b4_star_fixed10,participant_outer_oof,participant,macro_average_ovr,macro,93,0.465,0.6,,0.5980208333333333,145
compact_cnn__b4_star_fixed10,participant_outer_oof,participant,macro_average_ovr,macro,94,0.47000000000000003,0.6,,0.5980208333333333,145
compact_cnn__b4_star_fixed10,participant_outer_oof,participant,macro_average_ovr,macro,95,0.47500000000000003,0.6166666666666667,,0.5980208333333333,145
compact_cnn__b4_star_fixed10,participant_outer_oof,participant,macro_average_ovr,macro,96,0.48,0.6166666666666667,,0.5980208333333333,145
compact_cnn__b4_star_fixed10,participant_outer_oof,participant,macro_average_ovr,macro,97,0.485,0.6166666666666667,,0.5980208333333333,145
compact_cnn__b4_star_fixed10,participant_outer_oof,participant,macro_average_ovr,macro,98,0.49,0.6240740740740741,,0.5980208333333333,145
compact_cnn__b4_star_fixed10,participant_outer_oof,participant,macro_average_ovr,macro,99,0.495,0.6240740740740741,,0.5980208333333333,145
compact_cnn__b4_star_fixed10,participant_outer_oof,participant,macro_average_ovr,macro,100,0.5,0.6240740740740741,,0.5980208333333333,145
compact_cnn__b4_star_fixed10,participant_outer_oof,participant,macro_average_ovr,macro,101,0.505,0.6240740740740741,,0.5980208333333333,145
compact_cnn__b4_star_fixed10,participant_outer_oof,participant,macro_average_ovr,macro,102,0.51,0.6314814814814814,,0.5980208333333333,145
compact_cnn__b4_star_fixed10,participant_outer_oof,participant,macro_average_ovr,macro,103,0.515,0.6398148148148148,,0.5980208333333333,145
compact_cnn__b4_star_fixed10,participant_outer_oof,participant,macro_average_ovr,macro,104,0.52,0.6509259259259259,,0.5980208333333333,145
compact_cnn__b4_star_fixed10,participant_outer_oof,participant,macro_average_ovr,macro,105,0.525,0.6509259259259259,,0.5980208333333333,145
compact_cnn__b4_star_fixed10,participant_outer_oof,participant,macro_average_ovr,macro,106,0.53,0.6509259259259259,,0.5980208333333333,145
compact_cnn__b4_star_fixed10,participant_outer_oof,participant,macro_average_ovr,macro,107,0.535,0.6509259259259259,,0.5980208333333333,145
compact_cnn__b4_star_fixed10,participant_outer_oof,participant,macro_average_ovr,macro,108,0.54,0.6509259259259259,,0.5980208333333333,145
compact_cnn__b4_star_fixed10,participant_outer_oof,participant,macro_average_ovr,macro,109,0.545,0.6564814814814816,,0.5980208333333333,145
compact_cnn__b4_star_fixed10,participant_outer_oof,participant,macro_average_ovr,macro,110,0.55,0.6861111111111112,,0.5980208333333333,145
compact_cnn__b4_star_fixed10,participant_outer_oof,participant,macro_average_ovr,macro,111,0.555,0.7083333333333334,,0.5980208333333333,145
compact_cnn__b4_star_fixed10,participant_outer_oof,participant,macro_average_ovr,macro,112,0.56,0.7083333333333334,,0.5980208333333333,145
compact_cnn__b4_star_fixed10,participant_outer_oof,participant,macro_average_ovr,macro,113,0.5650000000000001,0.7083333333333334,,0.5980208333333333,145
compact_cnn__b4_star_fixed10,participant_outer_oof,participant,macro_average_ovr,macro,114,0.5700000000000001,0.7083333333333334,,0.5980208333333333,145
compact_cnn__b4_star_fixed10,participant_outer_oof,participant,macro_average_ovr,macro,115,0.5750000000000001,0.7166666666666668,,0.5980208333333333,145
compact_cnn__b4_star_fixed10,participant_outer_oof,participant,macro_average_ovr,macro,116,0.58,0.7166666666666668,,0.5980208333333333,145
compact_cnn__b4_star_fixed10,participant_outer_oof,participant,macro_average_ovr,macro,117,0.585,0.7166666666666668,,0.5980208333333333,145
compact_cnn__b4_star_fixed10,participant_outer_oof,participant,macro_average_ovr,macro,118,0.59,0.7166666666666668,,0.5980208333333333,145
compact_cnn__b4_star_fixed10,participant_outer_oof,participant,macro_average_ovr,macro,119,0.595,0.7166666666666668,,0.5980208333333333,145
compact_cnn__b4_star_fixed10,participant_outer_oof,participant,macro_average_ovr,macro,120,0.6,0.7222222222222223,,0.5980208333333333,145
compact_cnn__b4_star_fixed10,participant_outer_oof,participant,macro_average_ovr,macro,121,0.605,0.7222222222222223,,0.5980208333333333,145
compact_cnn__b4_star_fixed10,participant_outer_oof,participant,macro_average_ovr,macro,122,0.61,0.7222222222222223,,0.5980208333333333,145
compact_cnn__b4_star_fixed10,participant_outer_oof,participant,macro_average_ovr,macro,123,0.615,0.7222222222222223,,0.5980208333333333,145
compact_cnn__b4_star_fixed10,participant_outer_oof,participant,macro_average_ovr,macro,124,0.62,0.7305555555555556,,0.5980208333333333,145
compact_cnn__b4_star_fixed10,participant_outer_oof,participant,macro_average_ovr,macro,125,0.625,0.7361111111111112,,0.5980208333333333,145
compact_cnn__b4_star_fixed10,participant_outer_oof,participant,macro_average_ovr,macro,126,0.63,0.7361111111111112,,0.5980208333333333,145
compact_cnn__b4_star_fixed10,participant_outer_oof,participant,macro_average_ovr,macro,127,0.635,0.7361111111111112,,0.5980208333333333,145
compact_cnn__b4_star_fixed10,participant_outer_oof,participant,macro_average_ovr,macro,128,0.64,0.7361111111111112,,0.5980208333333333,145
compact_cnn__b4_star_fixed10,participant_outer_oof,participant,macro_average_ovr,macro,129,0.645,0.7361111111111112,,0.5980208333333333,145
compact_cnn__b4_star_fixed10,participant_outer_oof,participant,macro_average_ovr,macro,130,0.65,0.75,,0.5980208333333333,145
compact_cnn__b4_star_fixed10,participant_outer_oof,participant,macro_average_ovr,macro,131,0.655,0.75,,0.5980208333333333,145
compact_cnn__b4_star_fixed10,participant_outer_oof,participant,macro_average_ovr,macro,132,0.66,0.7583333333333333,,0.5980208333333333,145
compact_cnn__b4_star_fixed10,participant_outer_oof,participant,macro_average_ovr,macro,133,0.665,0.7583333333333333,,0.5980208333333333,145
compact_cnn__b4_star_fixed10,participant_outer_oof,participant,macro_average_ovr,macro,134,0.67,0.7583333333333333,,0.5980208333333333,145
compact_cnn__b4_star_fixed10,participant_outer_oof,participant,macro_average_ovr,macro,135,0.675,0.7638888888888888,,0.5980208333333333,145
compact_cnn__b4_star_fixed10,participant_outer_oof,participant,macro_average_ovr,macro,136,0.68,0.7638888888888888,,0.5980208333333333,145
compact_cnn__b4_star_fixed10,participant_outer_oof,participant,macro_average_ovr,macro,137,0.685,0.7638888888888888,,0.5980208333333333,145
compact_cnn__b4_star_fixed10,participant_outer_oof,participant,macro_average_ovr,macro,138,0.6900000000000001,0.7638888888888888,,0.5980208333333333,145
compact_cnn__b4_star_fixed10,participant_outer_oof,participant,macro_average_ovr,macro,139,0.6950000000000001,0.7638888888888888,,0.5980208333333333,145
compact_cnn__b4_star_fixed10,participant_outer_oof,participant,macro_average_ovr,macro,140,0.7000000000000001,0.7638888888888888,,0.5980208333333333,145
compact_cnn__b4_star_fixed10,participant_outer_oof,participant,macro_average_ovr,macro,141,0.705,0.7638888888888888,,0.5980208333333333,145
compact_cnn__b4_star_fixed10,participant_outer_oof,participant,macro_average_ovr,macro,142,0.71,0.7638888888888888,,0.5980208333333333,145
compact_cnn__b4_star_fixed10,participant_outer_oof,participant,macro_average_ovr,macro,143,0.715,0.7638888888888888,,0.5980208333333333,145
compact_cnn__b4_star_fixed10,participant_outer_oof,participant,macro_average_ovr,macro,144,0.72,0.7638888888888888,,0.5980208333333333,145
compact_cnn__b4_star_fixed10,participant_outer_oof,participant,macro_average_ovr,macro,145,0.725,0.7638888888888888,,0.5980208333333333,145
compact_cnn__b4_star_fixed10,participant_outer_oof,participant,macro_average_ovr,macro,146,0.73,0.775,,0.5980208333333333,145
compact_cnn__b4_star_fixed10,participant_outer_oof,participant,macro_average_ovr,macro,147,0.735,0.775,,0.5980208333333333,145
compact_cnn__b4_star_fixed10,participant_outer_oof,participant,macro_average_ovr,macro,148,0.74,0.7824074074074074,,0.5980208333333333,145
compact_cnn__b4_star_fixed10,participant_outer_oof,participant,macro_average_ovr,macro,149,0.745,0.7824074074074074,,0.5980208333333333,145
compact_cnn__b4_star_fixed10,participant_outer_oof,participant,macro_average_ovr,macro,150,0.75,0.7824074074074074,,0.5980208333333333,145
compact_cnn__b4_star_fixed10,participant_outer_oof,participant,macro_average_ovr,macro,151,0.755,0.7824074074074074,,0.5980208333333333,145
compact_cnn__b4_star_fixed10,participant_outer_oof,participant,macro_average_ovr,macro,152,0.76,0.7898148148148149,,0.5980208333333333,145
compact_cnn__b4_star_fixed10,participant_outer_oof,participant,macro_average_ovr,macro,153,0.765,0.7898148148148149,,0.5980208333333333,145
compact_cnn__b4_star_fixed10,participant_outer_oof,participant,macro_average_ovr,macro,154,0.77,0.7898148148148149,,0.5980208333333333,145
compact_cnn__b4_star_fixed10,participant_outer_oof,participant,macro_average_ovr,macro,155,0.775,0.7898148148148149,,0.5980208333333333,145
compact_cnn__b4_star_fixed10,participant_outer_oof,participant,macro_average_ovr,macro,156,0.78,0.812037037037037,,0.5980208333333333,145
compact_cnn__b4_star_fixed10,participant_outer_oof,participant,macro_average_ovr,macro,157,0.785,0.812037037037037,,0.5980208333333333,145
compact_cnn__b4_star_fixed10,participant_outer_oof,participant,macro_average_ovr,macro,158,0.79,0.8194444444444445,,0.5980208333333333,145
compact_cnn__b4_star_fixed10,participant_outer_oof,participant,macro_average_ovr,macro,159,0.795,0.8194444444444445,,0.5980208333333333,145
compact_cnn__b4_star_fixed10,participant_outer_oof,participant,macro_average_ovr,macro,160,0.8,0.8250000000000001,,0.5980208333333333,145
compact_cnn__b4_star_fixed10,participant_outer_oof,participant,macro_average_ovr,macro,161,0.805,0.8250000000000001,,0.5980208333333333,145
compact_cnn__b4_star_fixed10,participant_outer_oof,participant,macro_average_ovr,macro,162,0.81,0.8250000000000001,,0.5980208333333333,145
compact_cnn__b4_star_fixed10,participant_outer_oof,participant,macro_average_ovr,macro,163,0.8150000000000001,0.8305555555555556,,0.5980208333333333,145
compact_cnn__b4_star_fixed10,participant_outer_oof,participant,macro_average_ovr,macro,164,0.8200000000000001,0.8462962962962962,,0.5980208333333333,145
compact_cnn__b4_star_fixed10,participant_outer_oof,participant,macro_average_ovr,macro,165,0.8250000000000001,0.8740740740740742,,0.5980208333333333,145
compact_cnn__b4_star_fixed10,participant_outer_oof,participant,macro_average_ovr,macro,166,0.8300000000000001,0.8740740740740742,,0.5980208333333333,145
compact_cnn__b4_star_fixed10,participant_outer_oof,participant,macro_average_ovr,macro,167,0.835,0.8740740740740742,,0.5980208333333333,145
compact_cnn__b4_star_fixed10,participant_outer_oof,participant,macro_average_ovr,macro,168,0.84,0.8824074074074074,,0.5980208333333333,145
compact_cnn__b4_star_fixed10,participant_outer_oof,participant,macro_average_ovr,macro,169,0.845,0.8824074074074074,,0.5980208333333333,145
compact_cnn__b4_star_fixed10,participant_outer_oof,participant,macro_average_ovr,macro,170,0.85,0.8907407407407408,,0.5980208333333333,145
compact_cnn__b4_star_fixed10,participant_outer_oof,participant,macro_average_ovr,macro,171,0.855,0.8907407407407408,,0.5980208333333333,145
compact_cnn__b4_star_fixed10,participant_outer_oof,participant,macro_average_ovr,macro,172,0.86,0.9037037037037038,,0.5980208333333333,145
compact_cnn__b4_star_fixed10,participant_outer_oof,participant,macro_average_ovr,macro,173,0.865,0.9037037037037038,,0.5980208333333333,145
compact_cnn__b4_star_fixed10,participant_outer_oof,participant,macro_average_ovr,macro,174,0.87,0.9037037037037038,,0.5980208333333333,145
compact_cnn__b4_star_fixed10,participant_outer_oof,participant,macro_average_ovr,macro,175,0.875,0.9092592592592593,,0.5980208333333333,145
compact_cnn__b4_star_fixed10,participant_outer_oof,participant,macro_average_ovr,macro,176,0.88,0.9092592592592593,,0.5980208333333333,145
compact_cnn__b4_star_fixed10,participant_outer_oof,participant,macro_average_ovr,macro,177,0.885,0.9092592592592593,,0.5980208333333333,145
compact_cnn__b4_star_fixed10,participant_outer_oof,participant,macro_average_ovr,macro,178,0.89,0.9166666666666666,,0.5980208333333333,145
compact_cnn__b4_star_fixed10,participant_outer_oof,participant,macro_average_ovr,macro,179,0.895,0.9166666666666666,,0.5980208333333333,145
compact_cnn__b4_star_fixed10,participant_outer_oof,participant,macro_average_ovr,macro,180,0.9,0.9166666666666666,,0.5980208333333333,145
compact_cnn__b4_star_fixed10,participant_outer_oof,participant,macro_average_ovr,macro,181,0.905,0.9249999999999999,,0.5980208333333333,145
compact_cnn__b4_star_fixed10,participant_outer_oof,participant,macro_average_ovr,macro,182,0.91,0.9249999999999999,,0.5980208333333333,145
compact_cnn__b4_star_fixed10,participant_outer_oof,participant,macro_average_ovr,macro,183,0.915,0.9499999999999998,,0.5980208333333333,145
compact_cnn__b4_star_fixed10,participant_outer_oof,participant,macro_average_ovr,macro,184,0.92,0.9555555555555554,,0.5980208333333333,145
compact_cnn__b4_star_fixed10,participant_outer_oof,participant,macro_average_ovr,macro,185,0.925,0.9555555555555554,,0.5980208333333333,145
compact_cnn__b4_star_fixed10,participant_outer_oof,participant,macro_average_ovr,macro,186,0.93,0.9666666666666667,,0.5980208333333333,145
compact_cnn__b4_star_fixed10,participant_outer_oof,participant,macro_average_ovr,macro,187,0.935,0.9666666666666667,,0.5980208333333333,145
compact_cnn__b4_star_fixed10,participant_outer_oof,participant,macro_average_ovr,macro,188,0.9400000000000001,0.9666666666666667,,0.5980208333333333,145
compact_cnn__b4_star_fixed10,participant_outer_oof,participant,macro_average_ovr,macro,189,0.9450000000000001,0.975,,0.5980208333333333,145
compact_cnn__b4_star_fixed10,participant_outer_oof,participant,macro_average_ovr,macro,190,0.9500000000000001,0.975,,0.5980208333333333,145
compact_cnn__b4_star_fixed10,participant_outer_oof,participant,macro_average_ovr,macro,191,0.9550000000000001,0.9833333333333334,,0.5980208333333333,145
compact_cnn__b4_star_fixed10,participant_outer_oof,participant,macro_average_ovr,macro,192,0.96,0.9833333333333334,,0.5980208333333333,145
compact_cnn__b4_star_fixed10,participant_outer_oof,participant,macro_average_ovr,macro,193,0.965,1.0,,0.5980208333333333,145
compact_cnn__b4_star_fixed10,participant_outer_oof,participant,macro_average_ovr,macro,194,0.97,1.0,,0.5980208333333333,145
compact_cnn__b4_star_fixed10,participant_outer_oof,participant,macro_average_ovr,macro,195,0.975,1.0,,0.5980208333333333,145
compact_cnn__b4_star_fixed10,participant_outer_oof,participant,macro_average_ovr,macro,196,0.98,1.0,,0.5980208333333333,145
compact_cnn__b4_star_fixed10,participant_outer_oof,participant,macro_average_ovr,macro,197,0.985,1.0,,0.5980208333333333,145
compact_cnn__b4_star_fixed10,participant_outer_oof,participant,macro_average_ovr,macro,198,0.99,1.0,,0.5980208333333333,145
compact_cnn__b4_star_fixed10,participant_outer_oof,participant,macro_average_ovr,macro,199,0.995,1.0,,0.5980208333333333,145
compact_cnn__b4_star_fixed10,participant_outer_oof,participant,macro_average_ovr,macro,200,1.0,1.0,,0.5980208333333333,145
compact_cnn__b5_star_fixed10,participant_outer_oof,participant,one_vs_rest,0,0,0.0,0.0,,0.732,145
compact_cnn__b5_star_fixed10,participant_outer_oof,participant,one_vs_rest,0,1,0.0,0.022222222222222223,0.9999575021006564,0.732,145
compact_cnn__b5_star_fixed10,participant_outer_oof,participant,one_vs_rest,0,2,0.0,0.06666666666666667,0.9898467495067511,0.732,145
compact_cnn__b5_star_fixed10,participant_outer_oof,participant,one_vs_rest,0,3,0.01,0.06666666666666667,0.9866579629175645,0.732,145
compact_cnn__b5_star_fixed10,participant_outer_oof,participant,one_vs_rest,0,4,0.01,0.15555555555555556,0.9438849444988856,0.732,145
compact_cnn__b5_star_fixed10,participant_outer_oof,participant,one_vs_rest,0,5,0.02,0.15555555555555556,0.9402264477777207,0.732,145
compact_cnn__b5_star_fixed10,participant_outer_oof,participant,one_vs_rest,0,6,0.02,0.2,0.9308767767595112,0.732,145
compact_cnn__b5_star_fixed10,participant_outer_oof,participant,one_vs_rest,0,7,0.03,0.2,0.9222534309108503,0.732,145
compact_cnn__b5_star_fixed10,participant_outer_oof,participant,one_vs_rest,0,8,0.03,0.2222222222222222,0.9137277872561165,0.732,145
compact_cnn__b5_star_fixed10,participant_outer_oof,participant,one_vs_rest,0,9,0.05,0.2222222222222222,0.8766882603008043,0.732,145
compact_cnn__b5_star_fixed10,participant_outer_oof,participant,one_vs_rest,0,10,0.05,0.26666666666666666,0.8388672966485279,0.732,145
compact_cnn__b5_star_fixed10,participant_outer_oof,participant,one_vs_rest,0,11,0.06,0.26666666666666666,0.8333974984371612,0.732,145
compact_cnn__b5_star_fixed10,participant_outer_oof,participant,one_vs_rest,0,12,0.06,0.28888888888888886,0.8005557917685554,0.732,145
compact_cnn__b5_star_fixed10,participant_outer_oof,participant,one_vs_rest,0,13,0.07,0.28888888888888886,0.796441684396566,0.732,145
compact_cnn__b5_star_fixed10,participant_outer_oof,participant,one_vs_rest,0,14,0.07,0.3111111111111111,0.7958407214963298,0.732,145
compact_cnn__b5_star_fixed10,participant_outer_oof,participant,one_vs_rest,0,15,0.09,0.3111111111111111,0.6917982157949127,0.732,145
compact_cnn__b5_star_fixed10,participant_outer_oof,participant,one_vs_rest,0,16,0.09,0.35555555555555557,0.6668573691134155,0.732,145
compact_cnn__b5_star_fixed10,participant_outer_oof,participant,one_vs_rest,0,17,0.12,0.35555555555555557,0.6479708279990388,0.732,145
compact_cnn__b5_star_fixed10,participant_outer_oof,participant,one_vs_rest,0,18,0.12,0.4,0.6382520720697595,0.732,145
compact_cnn__b5_star_fixed10,participant_outer_oof,participant,one_vs_rest,0,19,0.13,0.4,0.6226998699963211,0.732,145
compact_cnn__b5_star_fixed10,participant_outer_oof,participant,one_vs_rest,0,20,0.13,0.4222222222222222,0.5990816085747375,0.732,145
compact_cnn__b5_star_fixed10,participant_outer_oof,participant,one_vs_rest,0,21,0.15,0.4222222222222222,0.5827000235355528,0.732,145
compact_cnn__b5_star_fixed10,participant_outer_oof,participant,one_vs_rest,0,22,0.15,0.4666666666666667,0.5474800567258259,0.732,145
compact_cnn__b5_star_fixed10,participant_outer_oof,participant,one_vs_rest,0,23,0.17,0.4666666666666667,0.5317261579932986,0.732,145
compact_cnn__b5_star_fixed10,participant_outer_oof,participant,one_vs_rest,0,24,0.17,0.4888888888888889,0.5123436259699066,0.732,145
compact_cnn__b5_star_fixed10,participant_outer_oof,participant,one_vs_rest,0,25,0.22,0.4888888888888889,0.4678170954489718,0.732,145
compact_cnn__b5_star_fixed10,participant_outer_oof,participant,one_vs_rest,0,26,0.22,0.5111111111111111,0.46544804528936706,0.732,145
compact_cnn__b5_star_fixed10,participant_outer_oof,participant,one_vs_rest,0,27,0.27,0.5111111111111111,0.4448116980808646,0.732,145
compact_cnn__b5_star_fixed10,participant_outer_oof,participant,one_vs_rest,0,28,0.27,0.5333333333333333,0.4196999487232171,0.732,145
compact_cnn__b5_star_fixed10,participant_outer_oof,participant,one_vs_rest,0,29,0.28,0.5333333333333333,0.41202560365412044,0.732,145
compact_cnn__b5_star_fixed10,participant_outer_oof,participant,one_vs_rest,0,30,0.28,0.5777777777777777,0.3983181968243194,0.732,145
compact_cnn__b5_star_fixed10,participant_outer_oof,participant,one_vs_rest,0,31,0.31,0.5777777777777777,0.3671370212003754,0.732,145
compact_cnn__b5_star_fixed10,participant_outer_oof,participant,one_vs_rest,0,32,0.31,0.6222222222222222,0.33074516226237105,0.732,145
compact_cnn__b5_star_fixed10,participant_outer_oof,participant,one_vs_rest,0,33,0.33,0.6222222222222222,0.31701736172200207,0.732,145
compact_cnn__b5_star_fixed10,participant_outer_oof,participant,one_vs_rest,0,34,0.33,0.6888888888888889,0.27136714055341005,0.732,145
compact_cnn__b5_star_fixed10,participant_outer_oof,participant,one_vs_rest,0,35,0.36,0.6888888888888889,0.2477573119939262,0.732,145
compact_cnn__b5_star_fixed10,participant_outer_oof,participant,one_vs_rest,0,36,0.36,0.7111111111111111,0.2374173500826158,0.732,145
compact_cnn__b5_star_fixed10,participant_outer_oof,participant,one_vs_rest,0,37,0.37,0.7111111111111111,0.23113369117078078,0.732,145
compact_cnn__b5_star_fixed10,participant_outer_oof,participant,one_vs_rest,0,38,0.37,0.7333333333333333,0.2239688191677283,0.732,145
compact_cnn__b5_star_fixed10,participant_outer_oof,participant,one_vs_rest,0,39,0.44,0.7333333333333333,0.1549016577397473,0.732,145
compact_cnn__b5_star_fixed10,participant_outer_oof,participant,one_vs_rest,0,40,0.44,0.7555555555555555,0.1481674527139408,0.732,145
compact_cnn__b5_star_fixed10,participant_outer_oof,participant,one_vs_rest,0,41,0.47,0.7555555555555555,0.1413440782836357,0.732,145
compact_cnn__b5_star_fixed10,participant_outer_oof,participant,one_vs_rest,0,42,0.47,0.7777777777777778,0.13783406638328255,0.732,145
compact_cnn__b5_star_fixed10,participant_outer_oof,participant,one_vs_rest,0,43,0.52,0.7777777777777778,0.09976330687791614,0.732,145
compact_cnn__b5_star_fixed10,participant_outer_oof,participant,one_vs_rest,0,44,0.52,0.8,0.09168372090437608,0.732,145
compact_cnn__b5_star_fixed10,participant_outer_oof,participant,one_vs_rest,0,45,0.53,0.8,0.09094806451528914,0.732,145
compact_cnn__b5_star_fixed10,participant_outer_oof,participant,one_vs_rest,0,46,0.53,0.8222222222222222,0.08647951943850038,0.732,145
compact_cnn__b5_star_fixed10,participant_outer_oof,participant,one_vs_rest,0,47,0.57,0.8222222222222222,0.07978577415518537,0.732,145
compact_cnn__b5_star_fixed10,participant_outer_oof,participant,one_vs_rest,0,48,0.57,0.8444444444444444,0.07175619761975376,0.732,145
compact_cnn__b5_star_fixed10,participant_outer_oof,participant,one_vs_rest,0,49,0.59,0.8444444444444444,0.06283117797392415,0.732,145
compact_cnn__b5_star_fixed10,participant_outer_oof,participant,one_vs_rest,0,50,0.59,0.8666666666666667,0.056321447569146935,0.732,145
compact_cnn__b5_star_fixed10,participant_outer_oof,participant,one_vs_rest,0,51,0.6,0.8666666666666667,0.053110044721112276,0.732,145
compact_cnn__b5_star_fixed10,participant_outer_oof,participant,one_vs_rest,0,52,0.6,0.8888888888888888,0.05203157297632402,0.732,145
compact_cnn__b5_star_fixed10,participant_outer_oof,participant,one_vs_rest,0,53,0.61,0.8888888888888888,0.05080791991070064,0.732,145
compact_cnn__b5_star_fixed10,participant_outer_oof,participant,one_vs_rest,0,54,0.61,0.9333333333333333,0.04473763149596815,0.732,145
compact_cnn__b5_star_fixed10,participant_outer_oof,participant,one_vs_rest,0,55,0.78,0.9333333333333333,0.007754639604968576,0.732,145
compact_cnn__b5_star_fixed10,participant_outer_oof,participant,one_vs_rest,0,56,0.78,0.9555555555555556,0.007091354307742886,0.732,145
compact_cnn__b5_star_fixed10,participant_outer_oof,participant,one_vs_rest,0,57,0.79,0.9555555555555556,0.005534234918467468,0.732,145
compact_cnn__b5_star_fixed10,participant_outer_oof,participant,one_vs_rest,0,58,0.79,0.9777777777777777,0.005265900170790095,0.732,145
compact_cnn__b5_star_fixed10,participant_outer_oof,participant,one_vs_rest,0,59,0.8,0.9777777777777777,0.004371847521520383,0.732,145
compact_cnn__b5_star_fixed10,participant_outer_oof,participant,one_vs_rest,0,60,0.8,1.0,0.004021021838400877,0.732,145
compact_cnn__b5_star_fixed10,participant_outer_oof,participant,one_vs_rest,0,61,1.0,1.0,2.2008974402999019e-07,0.732,145
compact_cnn__b5_star_fixed10,participant_outer_oof,participant,one_vs_rest,1,0,0.0,0.0,,0.5680392156862746,145
compact_cnn__b5_star_fixed10,participant_outer_oof,participant,one_vs_rest,1,1,0.011764705882352941,0.0,0.9988282313426604,0.5680392156862746,145
compact_cnn__b5_star_fixed10,participant_outer_oof,participant,one_vs_rest,1,2,0.011764705882352941,0.016666666666666666,0.9967255540506876,0.5680392156862746,145
compact_cnn__b5_star_fixed10,participant_outer_oof,participant,one_vs_rest,1,3,0.023529411764705882,0.016666666666666666,0.991571628711533,0.5680392156862746,145
compact_cnn__b5_star_fixed10,participant_outer_oof,participant,one_vs_rest,1,4,0.023529411764705882,0.05,0.9876449786827735,0.5680392156862746,145
compact_cnn__b5_star_fixed10,participant_outer_oof,participant,one_vs_rest,1,5,0.03529411764705882,0.05,0.987634351561018,0.5680392156862746,145
compact_cnn__b5_star_fixed10,participant_outer_oof,participant,one_vs_rest,1,6,0.03529411764705882,0.06666666666666667,0.9856928068732399,0.5680392156862746,145
compact_cnn__b5_star_fixed10,participant_outer_oof,participant,one_vs_rest,1,7,0.047058823529411764,0.06666666666666667,0.9854345683856165,0.5680392156862746,145
compact_cnn__b5_star_fixed10,participant_outer_oof,participant,one_vs_rest,1,8,0.047058823529411764,0.08333333333333333,0.9807098163074065,0.5680392156862746,145
compact_cnn__b5_star_fixed10,participant_outer_oof,participant,one_vs_rest,1,9,0.07058823529411765,0.08333333333333333,0.9729106363847964,0.5680392156862746,145
compact_cnn__b5_star_fixed10,participant_outer_oof,participant,one_vs_rest,1,10,0.07058823529411765,0.11666666666666667,0.9684907495031786,0.5680392156862746,145
compact_cnn__b5_star_fixed10,participant_outer_oof,participant,one_vs_rest,1,11,0.12941176470588237,0.11666666666666667,0.9158498320439048,0.5680392156862746,145
compact_cnn__b5_star_fixed10,participant_outer_oof,participant,one_vs_rest,1,12,0.12941176470588237,0.16666666666666666,0.9083615728742387,0.5680392156862746,145
compact_cnn__b5_star_fixed10,participant_outer_oof,participant,one_vs_rest,1,13,0.15294117647058825,0.16666666666666666,0.907063355944339,0.5680392156862746,145
compact_cnn__b5_star_fixed10,participant_outer_oof,participant,one_vs_rest,1,14,0.15294117647058825,0.18333333333333332,0.9064729609426466,0.5680392156862746,145
compact_cnn__b5_star_fixed10,participant_outer_oof,participant,one_vs_rest,1,15,0.17647058823529413,0.18333333333333332,0.9039078548360415,0.5680392156862746,145
compact_cnn__b5_star_fixed10,participant_outer_oof,participant,one_vs_rest,1,16,0.17647058823529413,0.21666666666666667,0.8960780670746508,0.5680392156862746,145
compact_cnn__b5_star_fixed10,participant_outer_oof,participant,one_vs_rest,1,17,0.18823529411764706,0.21666666666666667,0.8916394879197632,0.5680392156862746,145
compact_cnn__b5_star_fixed10,participant_outer_oof,participant,one_vs_rest,1,18,0.18823529411764706,0.23333333333333334,0.8698848390373396,0.5680392156862746,145
compact_cnn__b5_star_fixed10,participant_outer_oof,participant,one_vs_rest,1,19,0.2,0.23333333333333334,0.8626275969188625,0.5680392156862746,145
compact_cnn__b5_star_fixed10,participant_outer_oof,participant,one_vs_rest,1,20,0.2,0.2833333333333333,0.852606754190999,0.5680392156862746,145
compact_cnn__b5_star_fixed10,participant_outer_oof,participant,one_vs_rest,1,21,0.21176470588235294,0.2833333333333333,0.8513453689358195,0.5680392156862746,145
compact_cnn__b5_star_fixed10,participant_outer_oof,participant,one_vs_rest,1,22,0.21176470588235294,0.3,0.8453881610462922,0.5680392156862746,145
compact_cnn__b5_star_fixed10,participant_outer_oof,participant,one_vs_rest,1,23,0.23529411764705882,0.3,0.836724508365146,0.5680392156862746,145
compact_cnn__b5_star_fixed10,participant_outer_oof,participant,one_vs_rest,1,24,0.23529411764705882,0.3333333333333333,0.8274433305190689,0.5680392156862746,145
compact_cnn__b5_star_fixed10,participant_outer_oof,participant,one_vs_rest,1,25,0.24705882352941178,0.3333333333333333,0.810178648142942,0.5680392156862746,145
compact_cnn__b5_star_fixed10,participant_outer_oof,participant,one_vs_rest,1,26,0.24705882352941178,0.36666666666666664,0.8086958882526163,0.5680392156862746,145
compact_cnn__b5_star_fixed10,participant_outer_oof,participant,one_vs_rest,1,27,0.25882352941176473,0.36666666666666664,0.8065725276083298,0.5680392156862746,145
compact_cnn__b5_star_fixed10,participant_outer_oof,participant,one_vs_rest,1,28,0.25882352941176473,0.38333333333333336,0.7935945782132091,0.5680392156862746,145
compact_cnn__b5_star_fixed10,participant_outer_oof,participant,one_vs_rest,1,29,0.35294117647058826,0.38333333333333336,0.6759995900393793,0.5680392156862746,145
compact_cnn__b5_star_fixed10,participant_outer_oof,participant,one_vs_rest,1,30,0.35294117647058826,0.4,0.6718588799485592,0.5680392156862746,145
compact_cnn__b5_star_fixed10,participant_outer_oof,participant,one_vs_rest,1,31,0.38823529411764707,0.4,0.6417588305650722,0.5680392156862746,145
compact_cnn__b5_star_fixed10,participant_outer_oof,participant,one_vs_rest,1,32,0.38823529411764707,0.4166666666666667,0.6299630283304368,0.5680392156862746,145
compact_cnn__b5_star_fixed10,participant_outer_oof,participant,one_vs_rest,1,33,0.4,0.4166666666666667,0.6111038633402075,0.5680392156862746,145
compact_cnn__b5_star_fixed10,participant_outer_oof,participant,one_vs_rest,1,34,0.4,0.43333333333333335,0.6034703587594721,0.5680392156862746,145
compact_cnn__b5_star_fixed10,participant_outer_oof,participant,one_vs_rest,1,35,0.43529411764705883,0.43333333333333335,0.5863810486682277,0.5680392156862746,145
compact_cnn__b5_star_fixed10,participant_outer_oof,participant,one_vs_rest,1,36,0.43529411764705883,0.48333333333333334,0.5282070773872629,0.5680392156862746,145
compact_cnn__b5_star_fixed10,participant_outer_oof,participant,one_vs_rest,1,37,0.4470588235294118,0.48333333333333334,0.5202599496728448,0.5680392156862746,145
compact_cnn__b5_star_fixed10,participant_outer_oof,participant,one_vs_rest,1,38,0.4470588235294118,0.5,0.4943694836290831,0.5680392156862746,145
compact_cnn__b5_star_fixed10,participant_outer_oof,participant,one_vs_rest,1,39,0.47058823529411764,0.5,0.47807313988778655,0.5680392156862746,145
compact_cnn__b5_star_fixed10,participant_outer_oof,participant,one_vs_rest,1,40,0.47058823529411764,0.5666666666666667,0.4484413475518549,0.5680392156862746,145
compact_cnn__b5_star_fixed10,participant_outer_oof,participant,one_vs_rest,1,41,0.49411764705882355,0.5666666666666667,0.42070364819189865,0.5680392156862746,145
compact_cnn__b5_star_fixed10,participant_outer_oof,participant,one_vs_rest,1,42,0.49411764705882355,0.6333333333333333,0.3823249652675597,0.5680392156862746,145
compact_cnn__b5_star_fixed10,participant_outer_oof,participant,one_vs_rest,1,43,0.5176470588235295,0.6333333333333333,0.3771749192807393,0.5680392156862746,145
compact_cnn__b5_star_fixed10,participant_outer_oof,participant,one_vs_rest,1,44,0.5176470588235295,0.65,0.37021056549869674,0.5680392156862746,145
compact_cnn__b5_star_fixed10,participant_outer_oof,participant,one_vs_rest,1,45,0.5529411764705883,0.65,0.34926053880666935,0.5680392156862746,145
compact_cnn__b5_star_fixed10,participant_outer_oof,participant,one_vs_rest,1,46,0.5529411764705883,0.6666666666666666,0.34373276404486186,0.5680392156862746,145
compact_cnn__b5_star_fixed10,participant_outer_oof,participant,one_vs_rest,1,47,0.5647058823529412,0.6666666666666666,0.33314185104723915,0.5680392156862746,145
compact_cnn__b5_star_fixed10,participant_outer_oof,participant,one_vs_rest,1,48,0.5647058823529412,0.6833333333333333,0.31331214909254584,0.5680392156862746,145
compact_cnn__b5_star_fixed10,participant_outer_oof,participant,one_vs_rest,1,49,0.5764705882352941,0.6833333333333333,0.30125292267348075,0.5680392156862746,145
compact_cnn__b5_star_fixed10,participant_outer_oof,participant,one_vs_rest,1,50,0.5764705882352941,0.7,0.3001654023094539,0.5680392156862746,145
compact_cnn__b5_star_fixed10,participant_outer_oof,participant,one_vs_rest,1,51,0.6470588235294118,0.7,0.23675323094652684,0.5680392156862746,145
compact_cnn__b5_star_fixed10,participant_outer_oof,participant,one_vs_rest,1,52,0.6470588235294118,0.75,0.20247055181803306,0.5680392156862746,145
compact_cnn__b5_star_fixed10,participant_outer_oof,participant,one_vs_rest,1,53,0.6588235294117647,0.75,0.20235849445746396,0.5680392156862746,145
compact_cnn__b5_star_fixed10,participant_outer_oof,participant,one_vs_rest,1,54,0.6588235294117647,0.7666666666666667,0.20156315393684632,0.5680392156862746,145
compact_cnn__b5_star_fixed10,participant_outer_oof,participant,one_vs_rest,1,55,0.6823529411764706,0.7666666666666667,0.19088094876731126,0.5680392156862746,145
compact_cnn__b5_star_fixed10,participant_outer_oof,participant,one_vs_rest,1,56,0.6823529411764706,0.8166666666666667,0.1572172740789512,0.5680392156862746,145
compact_cnn__b5_star_fixed10,participant_outer_oof,participant,one_vs_rest,1,57,0.7411764705882353,0.8166666666666667,0.10522409381128671,0.5680392156862746,145
compact_cnn__b5_star_fixed10,participant_outer_oof,participant,one_vs_rest,1,58,0.7411764705882353,0.8333333333333334,0.09269332461813082,0.5680392156862746,145
compact_cnn__b5_star_fixed10,participant_outer_oof,participant,one_vs_rest,1,59,0.7529411764705882,0.8333333333333334,0.08005333037003474,0.5680392156862746,145
compact_cnn__b5_star_fixed10,participant_outer_oof,participant,one_vs_rest,1,60,0.7529411764705882,0.8833333333333333,0.06927238185459106,0.5680392156862746,145
compact_cnn__b5_star_fixed10,participant_outer_oof,participant,one_vs_rest,1,61,0.7764705882352941,0.8833333333333333,0.06186250420369923,0.5680392156862746,145
compact_cnn__b5_star_fixed10,participant_outer_oof,participant,one_vs_rest,1,62,0.7764705882352941,0.9,0.06121806047390222,0.5680392156862746,145
compact_cnn__b5_star_fixed10,participant_outer_oof,participant,one_vs_rest,1,63,0.788235294117647,0.9,0.06070292783955291,0.5680392156862746,145
compact_cnn__b5_star_fixed10,participant_outer_oof,participant,one_vs_rest,1,64,0.788235294117647,0.9166666666666666,0.056663324564264136,0.5680392156862746,145
compact_cnn__b5_star_fixed10,participant_outer_oof,participant,one_vs_rest,1,65,0.8470588235294118,0.9166666666666666,0.04169526427069537,0.5680392156862746,145
compact_cnn__b5_star_fixed10,participant_outer_oof,participant,one_vs_rest,1,66,0.8470588235294118,0.9333333333333333,0.033122828247433865,0.5680392156862746,145
compact_cnn__b5_star_fixed10,participant_outer_oof,participant,one_vs_rest,1,67,0.8588235294117647,0.9333333333333333,0.0320096725626318,0.5680392156862746,145
compact_cnn__b5_star_fixed10,participant_outer_oof,participant,one_vs_rest,1,68,0.8588235294117647,0.95,0.03154616752101887,0.5680392156862746,145
compact_cnn__b5_star_fixed10,participant_outer_oof,participant,one_vs_rest,1,69,0.8705882352941177,0.95,0.029008225954517363,0.5680392156862746,145
compact_cnn__b5_star_fixed10,participant_outer_oof,participant,one_vs_rest,1,70,0.8705882352941177,0.9833333333333333,0.022231648649157915,0.5680392156862746,145
compact_cnn__b5_star_fixed10,participant_outer_oof,participant,one_vs_rest,1,71,0.8941176470588236,0.9833333333333333,0.02145077999926226,0.5680392156862746,145
compact_cnn__b5_star_fixed10,participant_outer_oof,participant,one_vs_rest,1,72,0.8941176470588236,1.0,0.012803159743795178,0.5680392156862746,145
compact_cnn__b5_star_fixed10,participant_outer_oof,participant,one_vs_rest,1,73,1.0,1.0,9.023768553070802e-07,0.5680392156862746,145
compact_cnn__b5_star_fixed10,participant_outer_oof,participant,one_vs_rest,2,0,0.0,0.0,,0.7711904761904762,145
compact_cnn__b5_star_fixed10,participant_outer_oof,participant,one_vs_rest,2,1,0.0,0.025,0.9922727768750782,0.7711904761904762,145
compact_cnn__b5_star_fixed10,participant_outer_oof,participant,one_vs_rest,2,2,0.0,0.175,0.9329982499351978,0.7711904761904762,145
compact_cnn__b5_star_fixed10,participant_outer_oof,participant,one_vs_rest,2,3,0.009523809523809525,0.175,0.9283155316316369,0.7711904761904762,145
compact_cnn__b5_star_fixed10,participant_outer_oof,participant,one_vs_rest,2,4,0.009523809523809525,0.2,0.9230666608822127,0.7711904761904762,145
compact_cnn__b5_star_fixed10,participant_outer_oof,participant,one_vs_rest,2,5,0.02857142857142857,0.2,0.8778198142953407,0.7711904761904762,145
compact_cnn__b5_star_fixed10,participant_outer_oof,participant,one_vs_rest,2,6,0.02857142857142857,0.3,0.8071060884581688,0.7711904761904762,145
compact_cnn__b5_star_fixed10,participant_outer_oof,participant,one_vs_rest,2,7,0.0380952380952381,0.3,0.7585053857936842,0.7711904761904762,145
compact_cnn__b5_star_fixed10,participant_outer_oof,participant,one_vs_rest,2,8,0.0380952380952381,0.325,0.7299345459662611,0.7711904761904762,145
compact_cnn__b5_star_fixed10,participant_outer_oof,participant,one_vs_rest,2,9,0.047619047619047616,0.325,0.7294244421166206,0.7711904761904762,145
compact_cnn__b5_star_fixed10,participant_outer_oof,participant,one_vs_rest,2,10,0.047619047619047616,0.375,0.718881262390724,0.7711904761904762,145
compact_cnn__b5_star_fixed10,participant_outer_oof,participant,one_vs_rest,2,11,0.05714285714285714,0.375,0.6767672496149728,0.7711904761904762,145
compact_cnn__b5_star_fixed10,participant_outer_oof,participant,one_vs_rest,2,12,0.05714285714285714,0.525,0.49825304680082144,0.7711904761904762,145
compact_cnn__b5_star_fixed10,participant_outer_oof,participant,one_vs_rest,2,13,0.0761904761904762,0.525,0.4644804471599854,0.7711904761904762,145
compact_cnn__b5_star_fixed10,participant_outer_oof,participant,one_vs_rest,2,14,0.0761904761904762,0.55,0.4048266973705982,0.7711904761904762,145
compact_cnn__b5_star_fixed10,participant_outer_oof,participant,one_vs_rest,2,15,0.08571428571428572,0.55,0.39353169308734043,0.7711904761904762,145
compact_cnn__b5_star_fixed10,participant_outer_oof,participant,one_vs_rest,2,16,0.08571428571428572,0.575,0.38856876175075405,0.7711904761904762,145
compact_cnn__b5_star_fixed10,participant_outer_oof,participant,one_vs_rest,2,17,0.1619047619047619,0.575,0.1948118979220099,0.7711904761904762,145
compact_cnn__b5_star_fixed10,participant_outer_oof,participant,one_vs_rest,2,18,0.1619047619047619,0.6,0.1930857353388065,0.7711904761904762,145
compact_cnn__b5_star_fixed10,participant_outer_oof,participant,one_vs_rest,2,19,0.2,0.6,0.16298240327173058,0.7711904761904762,145
compact_cnn__b5_star_fixed10,participant_outer_oof,participant,one_vs_rest,2,20,0.2,0.625,0.14428278354266014,0.7711904761904762,145
compact_cnn__b5_star_fixed10,participant_outer_oof,participant,one_vs_rest,2,21,0.22857142857142856,0.625,0.1066386302682409,0.7711904761904762,145
compact_cnn__b5_star_fixed10,participant_outer_oof,participant,one_vs_rest,2,22,0.22857142857142856,0.65,0.10527602807032892,0.7711904761904762,145
compact_cnn__b5_star_fixed10,participant_outer_oof,participant,one_vs_rest,2,23,0.3047619047619048,0.65,0.07949663675069887,0.7711904761904762,145
compact_cnn__b5_star_fixed10,participant_outer_oof,participant,one_vs_rest,2,24,0.3047619047619048,0.675,0.07817454627477491,0.7711904761904762,145
compact_cnn__b5_star_fixed10,participant_outer_oof,participant,one_vs_rest,2,25,0.3142857142857143,0.675,0.07753886990083259,0.7711904761904762,145
compact_cnn__b5_star_fixed10,participant_outer_oof,participant,one_vs_rest,2,26,0.3142857142857143,0.7,0.07639552835112658,0.7711904761904762,145
compact_cnn__b5_star_fixed10,participant_outer_oof,participant,one_vs_rest,2,27,0.41904761904761906,0.7,0.02874724830932237,0.7711904761904762,145
compact_cnn__b5_star_fixed10,participant_outer_oof,participant,one_vs_rest,2,28,0.41904761904761906,0.725,0.027677707790564204,0.7711904761904762,145
compact_cnn__b5_star_fixed10,participant_outer_oof,participant,one_vs_rest,2,29,0.4380952380952381,0.725,0.025356568320366105,0.7711904761904762,145
compact_cnn__b5_star_fixed10,participant_outer_oof,participant,one_vs_rest,2,30,0.4380952380952381,0.75,0.024316476208235925,0.7711904761904762,145
compact_cnn__b5_star_fixed10,participant_outer_oof,participant,one_vs_rest,2,31,0.45714285714285713,0.75,0.02170193284597477,0.7711904761904762,145
compact_cnn__b5_star_fixed10,participant_outer_oof,participant,one_vs_rest,2,32,0.45714285714285713,0.775,0.019954637422155207,0.7711904761904762,145
compact_cnn__b5_star_fixed10,participant_outer_oof,participant,one_vs_rest,2,33,0.4666666666666667,0.775,0.01740950260085197,0.7711904761904762,145
compact_cnn__b5_star_fixed10,participant_outer_oof,participant,one_vs_rest,2,34,0.4666666666666667,0.8,0.016043768860717726,0.7711904761904762,145
compact_cnn__b5_star_fixed10,participant_outer_oof,participant,one_vs_rest,2,35,0.4857142857142857,0.8,0.014292005037788163,0.7711904761904762,145
compact_cnn__b5_star_fixed10,participant_outer_oof,participant,one_vs_rest,2,36,0.4857142857142857,0.825,0.013001347722845674,0.7711904761904762,145
compact_cnn__b5_star_fixed10,participant_outer_oof,participant,one_vs_rest,2,37,0.5142857142857142,0.825,0.010572966628698407,0.7711904761904762,145
compact_cnn__b5_star_fixed10,participant_outer_oof,participant,one_vs_rest,2,38,0.5142857142857142,0.85,0.010488050505842547,0.7711904761904762,145
compact_cnn__b5_star_fixed10,participant_outer_oof,participant,one_vs_rest,2,39,0.5523809523809524,0.85,0.007300244049644103,0.7711904761904762,145
compact_cnn__b5_star_fixed10,participant_outer_oof,participant,one_vs_rest,2,40,0.5523809523809524,0.875,0.006983048238618663,0.7711904761904762,145
compact_cnn__b5_star_fixed10,participant_outer_oof,participant,one_vs_rest,2,41,0.6857142857142857,0.875,0.002439374248169182,0.7711904761904762,145
compact_cnn__b5_star_fixed10,participant_outer_oof,participant,one_vs_rest,2,42,0.6857142857142857,0.9,0.0022780107009714163,0.7711904761904762,145
compact_cnn__b5_star_fixed10,participant_outer_oof,participant,one_vs_rest,2,43,0.7428571428571429,0.9,0.0012529231512850448,0.7711904761904762,145
compact_cnn__b5_star_fixed10,participant_outer_oof,participant,one_vs_rest,2,44,0.7428571428571429,0.925,0.001168570336159203,0.7711904761904762,145
compact_cnn__b5_star_fixed10,participant_outer_oof,participant,one_vs_rest,2,45,0.7619047619047619,0.925,0.0008890804615161326,0.7711904761904762,145
compact_cnn__b5_star_fixed10,participant_outer_oof,participant,one_vs_rest,2,46,0.7619047619047619,0.95,0.0008606587272266701,0.7711904761904762,145
compact_cnn__b5_star_fixed10,participant_outer_oof,participant,one_vs_rest,2,47,0.7904761904761904,0.95,0.00047357876641386943,0.7711904761904762,145
compact_cnn__b5_star_fixed10,participant_outer_oof,participant,one_vs_rest,2,48,0.7904761904761904,0.975,0.0004428270729649847,0.7711904761904762,145
compact_cnn__b5_star_fixed10,participant_outer_oof,participant,one_vs_rest,2,49,0.8666666666666667,0.975,0.00013850865082227858,0.7711904761904762,145
compact_cnn__b5_star_fixed10,participant_outer_oof,participant,one_vs_rest,2,50,0.8666666666666667,1.0,0.00012521072293959597,0.7711904761904762,145
compact_cnn__b5_star_fixed10,participant_outer_oof,participant,one_vs_rest,2,51,1.0,1.0,7.798393454115307e-07,0.7711904761904762,145
compact_cnn__b5_star_fixed10,participant_outer_oof,participant,macro_average_ovr,macro,0,0.0,0.08055555555555555,,0.6912152777777778,145
compact_cnn__b5_star_fixed10,participant_outer_oof,participant,macro_average_ovr,macro,1,0.005,0.08055555555555555,,0.6912152777777778,145
compact_cnn__b5_star_fixed10,participant_outer_oof,participant,macro_average_ovr,macro,2,0.01,0.11851851851851852,,0.6912152777777778,145
compact_cnn__b5_star_fixed10,participant_outer_oof,participant,macro_average_ovr,macro,3,0.015,0.12407407407407407,,0.6912152777777778,145
compact_cnn__b5_star_fixed10,participant_outer_oof,participant,macro_average_ovr,macro,4,0.02,0.1388888888888889,,0.6912152777777778,145
compact_cnn__b5_star_fixed10,participant_outer_oof,participant,macro_average_ovr,macro,5,0.025,0.15,,0.6912152777777778,145
compact_cnn__b5_star_fixed10,participant_outer_oof,participant,macro_average_ovr,macro,6,0.03,0.19074074074074074,,0.6912152777777778,145
compact_cnn__b5_star_fixed10,participant_outer_oof,participant,macro_average_ovr,macro,7,0.035,0.19074074074074074,,0.6912152777777778,145
compact_cnn__b5_star_fixed10,participant_outer_oof,participant,macro_average_ovr,macro,8,0.04,0.20462962962962963,,0.6912152777777778,145
compact_cnn__b5_star_fixed10,participant_outer_oof,participant,macro_average_ovr,macro,9,0.045,0.20462962962962963,,0.6912152777777778,145
compact_cnn__b5_star_fixed10,participant_outer_oof,participant,macro_average_ovr,macro,10,0.05,0.24166666666666667,,0.6912152777777778,145
compact_cnn__b5_star_fixed10,participant_outer_oof,participant,macro_average_ovr,macro,11,0.055,0.24166666666666667,,0.6912152777777778,145
compact_cnn__b5_star_fixed10,participant_outer_oof,participant,macro_average_ovr,macro,12,0.06,0.29907407407407405,,0.6912152777777778,145
compact_cnn__b5_star_fixed10,participant_outer_oof,participant,macro_average_ovr,macro,13,0.065,0.29907407407407405,,0.6912152777777778,145
compact_cnn__b5_star_fixed10,participant_outer_oof,participant,macro_average_ovr,macro,14,0.07,0.3064814814814815,,0.6912152777777778,145
compact_cnn__b5_star_fixed10,participant_outer_oof,participant,macro_average_ovr,macro,15,0.075,0.3175925925925926,,0.6912152777777778,145
compact_cnn__b5_star_fixed10,participant_outer_oof,participant,macro_average_ovr,macro,16,0.08,0.32592592592592595,,0.6912152777777778,145
compact_cnn__b5_star_fixed10,participant_outer_oof,participant,macro_average_ovr,macro,17,0.085,0.32592592592592595,,0.6912152777777778,145
compact_cnn__b5_star_fixed10,participant_outer_oof,participant,macro_average_ovr,macro,18,0.09,0.34907407407407404,,0.6912152777777778,145
compact_cnn__b5_star_fixed10,participant_outer_oof,participant,macro_average_ovr,macro,19,0.095,0.34907407407407404,,0.6912152777777778,145
compact_cnn__b5_star_fixed10,participant_outer_oof,participant,macro_average_ovr,macro,20,0.1,0.34907407407407404,,0.6912152777777778,145
compact_cnn__b5_star_fixed10,participant_outer_oof,participant,macro_average_ovr,macro,21,0.105,0.34907407407407404,,0.6912152777777778,145
compact_cnn__b5_star_fixed10,participant_outer_oof,participant,macro_average_ovr,macro,22,0.11,0.34907407407407404,,0.6912152777777778,145
compact_cnn__b5_star_fixed10,participant_outer_oof,participant,macro_average_ovr,macro,23,0.115,0.34907407407407404,,0.6912152777777778,145
compact_cnn__b5_star_fixed10,participant_outer_oof,participant,macro_average_ovr,macro,24,0.12,0.36388888888888893,,0.6912152777777778,145
compact_cnn__b5_star_fixed10,participant_outer_oof,participant,macro_average_ovr,macro,25,0.125,0.36388888888888893,,0.6912152777777778,145
compact_cnn__b5_star_fixed10,participant_outer_oof,participant,macro_average_ovr,macro,26,0.13,0.3879629629629629,,0.6912152777777778,145
compact_cnn__b5_star_fixed10,participant_outer_oof,participant,macro_average_ovr,macro,27,0.135,0.3879629629629629,,0.6912152777777778,145
compact_cnn__b5_star_fixed10,participant_outer_oof,participant,macro_average_ovr,macro,28,0.14,0.3879629629629629,,0.6912152777777778,145
compact_cnn__b5_star_fixed10,participant_outer_oof,participant,macro_average_ovr,macro,29,0.145,0.3879629629629629,,0.6912152777777778,145
compact_cnn__b5_star_fixed10,participant_outer_oof,participant,macro_average_ovr,macro,30,0.15,0.40277777777777773,,0.6912152777777778,145
compact_cnn__b5_star_fixed10,participant_outer_oof,participant,macro_average_ovr,macro,31,0.155,0.4083333333333334,,0.6912152777777778,145
compact_cnn__b5_star_fixed10,participant_outer_oof,participant,macro_average_ovr,macro,32,0.16,0.4083333333333334,,0.6912152777777778,145
compact_cnn__b5_star_fixed10,participant_outer_oof,participant,macro_average_ovr,macro,33,0.165,0.4166666666666667,,0.6912152777777778,145
compact_cnn__b5_star_fixed10,participant_outer_oof,participant,macro_average_ovr,macro,34,0.17,0.42407407407407405,,0.6912152777777778,145
compact_cnn__b5_star_fixed10,participant_outer_oof,participant,macro_average_ovr,macro,35,0.17500000000000002,0.42407407407407405,,0.6912152777777778,145
compact_cnn__b5_star_fixed10,participant_outer_oof,participant,macro_average_ovr,macro,36,0.18,0.4351851851851851,,0.6912152777777778,145
compact_cnn__b5_star_fixed10,participant_outer_oof,participant,macro_average_ovr,macro,37,0.185,0.4351851851851851,,0.6912152777777778,145
compact_cnn__b5_star_fixed10,participant_outer_oof,participant,macro_average_ovr,macro,38,0.19,0.4407407407407407,,0.6912152777777778,145
compact_cnn__b5_star_fixed10,participant_outer_oof,participant,macro_average_ovr,macro,39,0.195,0.4407407407407407,,0.6912152777777778,145
compact_cnn__b5_star_fixed10,participant_outer_oof,participant,macro_average_ovr,macro,40,0.2,0.46574074074074073,,0.6912152777777778,145
compact_cnn__b5_star_fixed10,participant_outer_oof,participant,macro_average_ovr,macro,41,0.20500000000000002,0.46574074074074073,,0.6912152777777778,145
compact_cnn__b5_star_fixed10,participant_outer_oof,participant,macro_average_ovr,macro,42,0.21,0.46574074074074073,,0.6912152777777778,145
compact_cnn__b5_star_fixed10,participant_outer_oof,participant,macro_average_ovr,macro,43,0.215,0.47129629629629627,,0.6912152777777778,145
compact_cnn__b5_star_fixed10,participant_outer_oof,participant,macro_average_ovr,macro,44,0.22,0.4787037037037037,,0.6912152777777778,145
compact_cnn__b5_star_fixed10,participant_outer_oof,participant,macro_average_ovr,macro,45,0.225,0.4787037037037037,,0.6912152777777778,145
compact_cnn__b5_star_fixed10,participant_outer_oof,participant,macro_average_ovr,macro,46,0.23,0.4870370370370371,,0.6912152777777778,145
compact_cnn__b5_star_fixed10,participant_outer_oof,participant,macro_average_ovr,macro,47,0.23500000000000001,0.4870370370370371,,0.6912152777777778,145
compact_cnn__b5_star_fixed10,participant_outer_oof,participant,macro_average_ovr,macro,48,0.24,0.4981481481481482,,0.6912152777777778,145
compact_cnn__b5_star_fixed10,participant_outer_oof,participant,macro_average_ovr,macro,49,0.245,0.4981481481481482,,0.6912152777777778,145
compact_cnn__b5_star_fixed10,participant_outer_oof,participant,macro_average_ovr,macro,50,0.25,0.5092592592592592,,0.6912152777777778,145
compact_cnn__b5_star_fixed10,participant_outer_oof,participant,macro_average_ovr,macro,51,0.255,0.5092592592592592,,0.6912152777777778,145
compact_cnn__b5_star_fixed10,participant_outer_oof,participant,macro_average_ovr,macro,52,0.26,0.5148148148148147,,0.6912152777777778,145
compact_cnn__b5_star_fixed10,participant_outer_oof,participant,macro_average_ovr,macro,53,0.265,0.5148148148148147,,0.6912152777777778,145
compact_cnn__b5_star_fixed10,participant_outer_oof,participant,macro_average_ovr,macro,54,0.27,0.5222222222222223,,0.6912152777777778,145
compact_cnn__b5_star_fixed10,participant_outer_oof,participant,macro_average_ovr,macro,55,0.275,0.5222222222222223,,0.6912152777777778,145
compact_cnn__b5_star_fixed10,participant_outer_oof,participant,macro_average_ovr,macro,56,0.28,0.5370370370370371,,0.6912152777777778,145
compact_cnn__b5_star_fixed10,participant_outer_oof,participant,macro_average_ovr,macro,57,0.28500000000000003,0.5370370370370371,,0.6912152777777778,145
compact_cnn__b5_star_fixed10,participant_outer_oof,participant,macro_average_ovr,macro,58,0.29,0.5370370370370371,,0.6912152777777778,145
compact_cnn__b5_star_fixed10,participant_outer_oof,participant,macro_average_ovr,macro,59,0.295,0.5370370370370371,,0.6912152777777778,145
compact_cnn__b5_star_fixed10,participant_outer_oof,participant,macro_average_ovr,macro,60,0.3,0.5370370370370371,,0.6912152777777778,145
compact_cnn__b5_star_fixed10,participant_outer_oof,participant,macro_average_ovr,macro,61,0.305,0.5453703703703704,,0.6912152777777778,145
compact_cnn__b5_star_fixed10,participant_outer_oof,participant,macro_average_ovr,macro,62,0.31,0.5601851851851852,,0.6912152777777778,145
compact_cnn__b5_star_fixed10,participant_outer_oof,participant,macro_average_ovr,macro,63,0.315,0.5685185185185185,,0.6912152777777778,145
compact_cnn__b5_star_fixed10,participant_outer_oof,participant,macro_average_ovr,macro,64,0.32,0.5685185185185185,,0.6912152777777778,145
compact_cnn__b5_star_fixed10,participant_outer_oof,participant,macro_average_ovr,macro,65,0.325,0.5685185185185185,,0.6912152777777778,145
compact_cnn__b5_star_fixed10,participant_outer_oof,participant,macro_average_ovr,macro,66,0.33,0.5907407407407407,,0.6912152777777778,145
compact_cnn__b5_star_fixed10,participant_outer_oof,participant,macro_average_ovr,macro,67,0.335,0.5907407407407407,,0.6912152777777778,145
compact_cnn__b5_star_fixed10,participant_outer_oof,participant,macro_average_ovr,macro,68,0.34,0.5907407407407407,,0.6912152777777778,145
compact_cnn__b5_star_fixed10,participant_outer_oof,participant,macro_average_ovr,macro,69,0.34500000000000003,0.5907407407407407,,0.6912152777777778,145
compact_cnn__b5_star_fixed10,participant_outer_oof,participant,macro_average_ovr,macro,70,0.35000000000000003,0.5907407407407407,,0.6912152777777778,145
compact_cnn__b5_star_fixed10,participant_outer_oof,participant,macro_average_ovr,macro,71,0.355,0.5962962962962963,,0.6912152777777778,145
compact_cnn__b5_star_fixed10,participant_outer_oof,participant,macro_average_ovr,macro,72,0.36,0.6037037037037037,,0.6912152777777778,145
compact_cnn__b5_star_fixed10,participant_outer_oof,participant,macro_average_ovr,macro,73,0.365,0.6037037037037037,,0.6912152777777778,145
compact_cnn__b5_star_fixed10,participant_outer_oof,participant,macro_average_ovr,macro,74,0.37,0.611111111111111,,0.6912152777777778,145
compact_cnn__b5_star_fixed10,participant_outer_oof,participant,macro_average_ovr,macro,75,0.375,0.611111111111111,,0.6912152777777778,145
compact_cnn__b5_star_fixed10,participant_outer_oof,participant,macro_average_ovr,macro,76,0.38,0.611111111111111,,0.6912152777777778,145
compact_cnn__b5_star_fixed10,participant_outer_oof,participant,macro_average_ovr,macro,77,0.385,0.611111111111111,,0.6912152777777778,145
compact_cnn__b5_star_fixed10,participant_outer_oof,participant,macro_average_ovr,macro,78,0.39,0.6166666666666666,,0.6912152777777778,145
compact_cnn__b5_star_fixed10,participant_outer_oof,participant,macro_average_ovr,macro,79,0.395,0.6166666666666666,,0.6912152777777778,145
compact_cnn__b5_star_fixed10,participant_outer_oof,participant,macro_average_ovr,macro,80,0.4,0.6222222222222221,,0.6912152777777778,145
compact_cnn__b5_star_fixed10,participant_outer_oof,participant,macro_average_ovr,macro,81,0.405,0.6222222222222221,,0.6912152777777778,145
compact_cnn__b5_star_fixed10,participant_outer_oof,participant,macro_average_ovr,macro,82,0.41000000000000003,0.6222222222222221,,0.6912152777777778,145
compact_cnn__b5_star_fixed10,participant_outer_oof,participant,macro_average_ovr,macro,83,0.41500000000000004,0.6222222222222221,,0.6912152777777778,145
compact_cnn__b5_star_fixed10,participant_outer_oof,participant,macro_average_ovr,macro,84,0.42,0.6305555555555555,,0.6912152777777778,145
compact_cnn__b5_star_fixed10,participant_outer_oof,participant,macro_average_ovr,macro,85,0.425,0.6305555555555555,,0.6912152777777778,145
compact_cnn__b5_star_fixed10,participant_outer_oof,participant,macro_average_ovr,macro,86,0.43,0.6305555555555555,,0.6912152777777778,145
compact_cnn__b5_star_fixed10,participant_outer_oof,participant,macro_average_ovr,macro,87,0.435,0.6305555555555555,,0.6912152777777778,145
compact_cnn__b5_star_fixed10,participant_outer_oof,participant,macro_average_ovr,macro,88,0.44,0.662962962962963,,0.6912152777777778,145
compact_cnn__b5_star_fixed10,participant_outer_oof,participant,macro_average_ovr,macro,89,0.445,0.662962962962963,,0.6912152777777778,145
compact_cnn__b5_star_fixed10,participant_outer_oof,participant,macro_average_ovr,macro,90,0.45,0.6685185185185185,,0.6912152777777778,145
compact_cnn__b5_star_fixed10,participant_outer_oof,participant,macro_average_ovr,macro,91,0.455,0.6685185185185185,,0.6912152777777778,145
compact_cnn__b5_star_fixed10,participant_outer_oof,participant,macro_average_ovr,macro,92,0.46,0.6768518518518518,,0.6912152777777778,145
compact_cnn__b5_star_fixed10,participant_outer_oof,participant,macro_average_ovr,macro,93,0.465,0.6768518518518518,,0.6912152777777778,145
compact_cnn__b5_star_fixed10,participant_outer_oof,participant,macro_average_ovr,macro,94,0.47000000000000003,0.6925925925925925,,0.6912152777777778,145
compact_cnn__b5_star_fixed10,participant_outer_oof,participant,macro_average_ovr,macro,95,0.47500000000000003,0.7148148148148149,,0.6912152777777778,145
compact_cnn__b5_star_fixed10,participant_outer_oof,participant,macro_average_ovr,macro,96,0.48,0.7148148148148149,,0.6912152777777778,145
compact_cnn__b5_star_fixed10,participant_outer_oof,participant,macro_average_ovr,macro,97,0.485,0.7148148148148149,,0.6912152777777778,145
compact_cnn__b5_star_fixed10,participant_outer_oof,participant,macro_average_ovr,macro,98,0.49,0.7231481481481481,,0.6912152777777778,145
compact_cnn__b5_star_fixed10,participant_outer_oof,participant,macro_average_ovr,macro,99,0.495,0.7453703703703702,,0.6912152777777778,145
compact_cnn__b5_star_fixed10,participant_outer_oof,participant,macro_average_ovr,macro,100,0.5,0.7453703703703702,,0.6912152777777778,145
compact_cnn__b5_star_fixed10,participant_outer_oof,participant,macro_average_ovr,macro,101,0.505,0.7453703703703702,,0.6912152777777778,145
compact_cnn__b5_star_fixed10,participant_outer_oof,participant,macro_average_ovr,macro,102,0.51,0.7453703703703702,,0.6912152777777778,145
compact_cnn__b5_star_fixed10,participant_outer_oof,participant,macro_average_ovr,macro,103,0.515,0.7537037037037037,,0.6912152777777778,145
compact_cnn__b5_star_fixed10,participant_outer_oof,participant,macro_average_ovr,macro,104,0.52,0.7666666666666667,,0.6912152777777778,145
compact_cnn__b5_star_fixed10,participant_outer_oof,participant,macro_average_ovr,macro,105,0.525,0.7666666666666667,,0.6912152777777778,145
compact_cnn__b5_star_fixed10,participant_outer_oof,participant,macro_average_ovr,macro,106,0.53,0.7740740740740741,,0.6912152777777778,145
compact_cnn__b5_star_fixed10,participant_outer_oof,participant,macro_average_ovr,macro,107,0.535,0.7740740740740741,,0.6912152777777778,145
compact_cnn__b5_star_fixed10,participant_outer_oof,participant,macro_average_ovr,macro,108,0.54,0.7740740740740741,,0.6912152777777778,145
compact_cnn__b5_star_fixed10,participant_outer_oof,participant,macro_average_ovr,macro,109,0.545,0.7740740740740741,,0.6912152777777778,145
compact_cnn__b5_star_fixed10,participant_outer_oof,participant,macro_average_ovr,macro,110,0.55,0.7740740740740741,,0.6912152777777778,145
compact_cnn__b5_star_fixed10,participant_outer_oof,participant,macro_average_ovr,macro,111,0.555,0.787962962962963,,0.6912152777777778,145
compact_cnn__b5_star_fixed10,participant_outer_oof,participant,macro_average_ovr,macro,112,0.56,0.787962962962963,,0.6912152777777778,145
compact_cnn__b5_star_fixed10,participant_outer_oof,participant,macro_average_ovr,macro,113,0.5650000000000001,0.7935185185185185,,0.6912152777777778,145
compact_cnn__b5_star_fixed10,participant_outer_oof,participant,macro_average_ovr,macro,114,0.5700000000000001,0.8009259259259259,,0.6912152777777778,145
compact_cnn__b5_star_fixed10,participant_outer_oof,participant,macro_average_ovr,macro,115,0.5750000000000001,0.8009259259259259,,0.6912152777777778,145
compact_cnn__b5_star_fixed10,participant_outer_oof,participant,macro_average_ovr,macro,116,0.58,0.8064814814814815,,0.6912152777777778,145
compact_cnn__b5_star_fixed10,participant_outer_oof,participant,macro_average_ovr,macro,117,0.585,0.8064814814814815,,0.6912152777777778,145
compact_cnn__b5_star_fixed10,participant_outer_oof,participant,macro_average_ovr,macro,118,0.59,0.8138888888888888,,0.6912152777777778,145
compact_cnn__b5_star_fixed10,participant_outer_oof,participant,macro_average_ovr,macro,119,0.595,0.8138888888888888,,0.6912152777777778,145
compact_cnn__b5_star_fixed10,participant_outer_oof,participant,macro_average_ovr,macro,120,0.6,0.8212962962962962,,0.6912152777777778,145
compact_cnn__b5_star_fixed10,participant_outer_oof,participant,macro_average_ovr,macro,121,0.605,0.8212962962962962,,0.6912152777777778,145
compact_cnn__b5_star_fixed10,participant_outer_oof,participant,macro_average_ovr,macro,122,0.61,0.8361111111111111,,0.6912152777777778,145
compact_cnn__b5_star_fixed10,participant_outer_oof,participant,macro_average_ovr,macro,123,0.615,0.8361111111111111,,0.6912152777777778,145
compact_cnn__b5_star_fixed10,participant_outer_oof,participant,macro_average_ovr,macro,124,0.62,0.8361111111111111,,0.6912152777777778,145
compact_cnn__b5_star_fixed10,participant_outer_oof,participant,macro_average_ovr,macro,125,0.625,0.8361111111111111,,0.6912152777777778,145
compact_cnn__b5_star_fixed10,participant_outer_oof,participant,macro_average_ovr,macro,126,0.63,0.8361111111111111,,0.6912152777777778,145
compact_cnn__b5_star_fixed10,participant_outer_oof,participant,macro_average_ovr,macro,127,0.635,0.8361111111111111,,0.6912152777777778,145
compact_cnn__b5_star_fixed10,participant_outer_oof,participant,macro_average_ovr,macro,128,0.64,0.8361111111111111,,0.6912152777777778,145
compact_cnn__b5_star_fixed10,participant_outer_oof,participant,macro_average_ovr,macro,129,0.645,0.8361111111111111,,0.6912152777777778,145
compact_cnn__b5_star_fixed10,participant_outer_oof,participant,macro_average_ovr,macro,130,0.65,0.8527777777777779,,0.6912152777777778,145
compact_cnn__b5_star_fixed10,participant_outer_oof,participant,macro_average_ovr,macro,131,0.655,0.8527777777777779,,0.6912152777777778,145
compact_cnn__b5_star_fixed10,participant_outer_oof,participant,macro_average_ovr,macro,132,0.66,0.8583333333333334,,0.6912152777777778,145
compact_cnn__b5_star_fixed10,participant_outer_oof,participant,macro_average_ovr,macro,133,0.665,0.8583333333333334,,0.6912152777777778,145
compact_cnn__b5_star_fixed10,participant_outer_oof,participant,macro_average_ovr,macro,134,0.67,0.8583333333333334,,0.6912152777777778,145
compact_cnn__b5_star_fixed10,participant_outer_oof,participant,macro_average_ovr,macro,135,0.675,0.8583333333333334,,0.6912152777777778,145
compact_cnn__b5_star_fixed10,participant_outer_oof,participant,macro_average_ovr,macro,136,0.68,0.8583333333333334,,0.6912152777777778,145
compact_cnn__b5_star_fixed10,participant_outer_oof,participant,macro_average_ovr,macro,137,0.685,0.875,,0.6912152777777778,145
compact_cnn__b5_star_fixed10,participant_outer_oof,participant,macro_average_ovr,macro,138,0.6900000000000001,0.8833333333333333,,0.6912152777777778,145
compact_cnn__b5_star_fixed10,participant_outer_oof,participant,macro_average_ovr,macro,139,0.6950000000000001,0.8833333333333333,,0.6912152777777778,145
compact_cnn__b5_star_fixed10,participant_outer_oof,participant,macro_average_ovr,macro,140,0.7000000000000001,0.8833333333333333,,0.6912152777777778,145
compact_cnn__b5_star_fixed10,participant_outer_oof,participant,macro_average_ovr,macro,141,0.705,0.8833333333333333,,0.6912152777777778,145
compact_cnn__b5_star_fixed10,participant_outer_oof,participant,macro_average_ovr,macro,142,0.71,0.8833333333333333,,0.6912152777777778,145
compact_cnn__b5_star_fixed10,participant_outer_oof,participant,macro_average_ovr,macro,143,0.715,0.8833333333333333,,0.6912152777777778,145
compact_cnn__b5_star_fixed10,participant_outer_oof,participant,macro_average_ovr,macro,144,0.72,0.8833333333333333,,0.6912152777777778,145
compact_cnn__b5_star_fixed10,participant_outer_oof,participant,macro_average_ovr,macro,145,0.725,0.8833333333333333,,0.6912152777777778,145
compact_cnn__b5_star_fixed10,participant_outer_oof,participant,macro_average_ovr,macro,146,0.73,0.8833333333333333,,0.6912152777777778,145
compact_cnn__b5_star_fixed10,participant_outer_oof,participant,macro_average_ovr,macro,147,0.735,0.8833333333333333,,0.6912152777777778,145
compact_cnn__b5_star_fixed10,participant_outer_oof,participant,macro_average_ovr,macro,148,0.74,0.8833333333333333,,0.6912152777777778,145
compact_cnn__b5_star_fixed10,participant_outer_oof,participant,macro_average_ovr,macro,149,0.745,0.8972222222222221,,0.6912152777777778,145
compact_cnn__b5_star_fixed10,participant_outer_oof,participant,macro_average_ovr,macro,150,0.75,0.8972222222222221,,0.6912152777777778,145
compact_cnn__b5_star_fixed10,participant_outer_oof,participant,macro_average_ovr,macro,151,0.755,0.9138888888888889,,0.6912152777777778,145
compact_cnn__b5_star_fixed10,participant_outer_oof,participant,macro_average_ovr,macro,152,0.76,0.9138888888888889,,0.6912152777777778,145
compact_cnn__b5_star_fixed10,participant_outer_oof,participant,macro_average_ovr,macro,153,0.765,0.9222222222222222,,0.6912152777777778,145
compact_cnn__b5_star_fixed10,participant_outer_oof,participant,macro_average_ovr,macro,154,0.77,0.9222222222222222,,0.6912152777777778,145
compact_cnn__b5_star_fixed10,participant_outer_oof,participant,macro_average_ovr,macro,155,0.775,0.9222222222222222,,0.6912152777777778,145
compact_cnn__b5_star_fixed10,participant_outer_oof,participant,macro_average_ovr,macro,156,0.78,0.9351851851851851,,0.6912152777777778,145
compact_cnn__b5_star_fixed10,participant_outer_oof,participant,macro_average_ovr,macro,157,0.785,0.9351851851851851,,0.6912152777777778,145
compact_cnn__b5_star_fixed10,participant_outer_oof,participant,macro_average_ovr,macro,158,0.79,0.9481481481481481,,0.6912152777777778,145
compact_cnn__b5_star_fixed10,participant_outer_oof,participant,macro_average_ovr,macro,159,0.795,0.9564814814814815,,0.6912152777777778,145
compact_cnn__b5_star_fixed10,participant_outer_oof,participant,macro_average_ovr,macro,160,0.8,0.9638888888888889,,0.6912152777777778,145
compact_cnn__b5_star_fixed10,participant_outer_oof,participant,macro_average_ovr,macro,161,0.805,0.9638888888888889,,0.6912152777777778,145
compact_cnn__b5_star_fixed10,participant_outer_oof,participant,macro_average_ovr,macro,162,0.81,0.9638888888888889,,0.6912152777777778,145
compact_cnn__b5_star_fixed10,participant_outer_oof,participant,macro_average_ovr,macro,163,0.8150000000000001,0.9638888888888889,,0.6912152777777778,145
compact_cnn__b5_star_fixed10,participant_outer_oof,participant,macro_average_ovr,macro,164,0.8200000000000001,0.9638888888888889,,0.6912152777777778,145
compact_cnn__b5_star_fixed10,participant_outer_oof,participant,macro_average_ovr,macro,165,0.8250000000000001,0.9638888888888889,,0.6912152777777778,145
compact_cnn__b5_star_fixed10,participant_outer_oof,participant,macro_average_ovr,macro,166,0.8300000000000001,0.9638888888888889,,0.6912152777777778,145
compact_cnn__b5_star_fixed10,participant_outer_oof,participant,macro_average_ovr,macro,167,0.835,0.9638888888888889,,0.6912152777777778,145
compact_cnn__b5_star_fixed10,participant_outer_oof,participant,macro_average_ovr,macro,168,0.84,0.9638888888888889,,0.6912152777777778,145
compact_cnn__b5_star_fixed10,participant_outer_oof,participant,macro_average_ovr,macro,169,0.845,0.9638888888888889,,0.6912152777777778,145
compact_cnn__b5_star_fixed10,participant_outer_oof,participant,macro_average_ovr,macro,170,0.85,0.9694444444444444,,0.6912152777777778,145
compact_cnn__b5_star_fixed10,participant_outer_oof,participant,macro_average_ovr,macro,171,0.855,0.9694444444444444,,0.6912152777777778,145
compact_cnn__b5_star_fixed10,participant_outer_oof,participant,macro_average_ovr,macro,172,0.86,0.975,,0.6912152777777778,145
compact_cnn__b5_star_fixed10,participant_outer_oof,participant,macro_average_ovr,macro,173,0.865,0.975,,0.6912152777777778,145
compact_cnn__b5_star_fixed10,participant_outer_oof,participant,macro_average_ovr,macro,174,0.87,0.9833333333333334,,0.6912152777777778,145
compact_cnn__b5_star_fixed10,participant_outer_oof,participant,macro_average_ovr,macro,175,0.875,0.9944444444444445,,0.6912152777777778,145
compact_cnn__b5_star_fixed10,participant_outer_oof,participant,macro_average_ovr,macro,176,0.88,0.9944444444444445,,0.6912152777777778,145
compact_cnn__b5_star_fixed10,participant_outer_oof,participant,macro_average_ovr,macro,177,0.885,0.9944444444444445,,0.6912152777777778,145
compact_cnn__b5_star_fixed10,participant_outer_oof,participant,macro_average_ovr,macro,178,0.89,0.9944444444444445,,0.6912152777777778,145
compact_cnn__b5_star_fixed10,participant_outer_oof,participant,macro_average_ovr,macro,179,0.895,1.0,,0.6912152777777778,145
compact_cnn__b5_star_fixed10,participant_outer_oof,participant,macro_average_ovr,macro,180,0.9,1.0,,0.6912152777777778,145
compact_cnn__b5_star_fixed10,participant_outer_oof,participant,macro_average_ovr,macro,181,0.905,1.0,,0.6912152777777778,145
compact_cnn__b5_star_fixed10,participant_outer_oof,participant,macro_average_ovr,macro,182,0.91,1.0,,0.6912152777777778,145
compact_cnn__b5_star_fixed10,participant_outer_oof,participant,macro_average_ovr,macro,183,0.915,1.0,,0.6912152777777778,145
compact_cnn__b5_star_fixed10,participant_outer_oof,participant,macro_average_ovr,macro,184,0.92,1.0,,0.6912152777777778,145
compact_cnn__b5_star_fixed10,participant_outer_oof,participant,macro_average_ovr,macro,185,0.925,1.0,,0.6912152777777778,145
compact_cnn__b5_star_fixed10,participant_outer_oof,participant,macro_average_ovr,macro,186,0.93,1.0,,0.6912152777777778,145
compact_cnn__b5_star_fixed10,participant_outer_oof,participant,macro_average_ovr,macro,187,0.935,1.0,,0.6912152777777778,145
compact_cnn__b5_star_fixed10,participant_outer_oof,participant,macro_average_ovr,macro,188,0.9400000000000001,1.0,,0.6912152777777778,145
compact_cnn__b5_star_fixed10,participant_outer_oof,participant,macro_average_ovr,macro,189,0.9450000000000001,1.0,,0.6912152777777778,145
compact_cnn__b5_star_fixed10,participant_outer_oof,participant,macro_average_ovr,macro,190,0.9500000000000001,1.0,,0.6912152777777778,145
compact_cnn__b5_star_fixed10,participant_outer_oof,participant,macro_average_ovr,macro,191,0.9550000000000001,1.0,,0.6912152777777778,145
compact_cnn__b5_star_fixed10,participant_outer_oof,participant,macro_average_ovr,macro,192,0.96,1.0,,0.6912152777777778,145
compact_cnn__b5_star_fixed10,participant_outer_oof,participant,macro_average_ovr,macro,193,0.965,1.0,,0.6912152777777778,145
compact_cnn__b5_star_fixed10,participant_outer_oof,participant,macro_average_ovr,macro,194,0.97,1.0,,0.6912152777777778,145
compact_cnn__b5_star_fixed10,participant_outer_oof,participant,macro_average_ovr,macro,195,0.975,1.0,,0.6912152777777778,145
compact_cnn__b5_star_fixed10,participant_outer_oof,participant,macro_average_ovr,macro,196,0.98,1.0,,0.6912152777777778,145
compact_cnn__b5_star_fixed10,participant_outer_oof,participant,macro_average_ovr,macro,197,0.985,1.0,,0.6912152777777778,145
compact_cnn__b5_star_fixed10,participant_outer_oof,participant,macro_average_ovr,macro,198,0.99,1.0,,0.6912152777777778,145
compact_cnn__b5_star_fixed10,participant_outer_oof,participant,macro_average_ovr,macro,199,0.995,1.0,,0.6912152777777778,145
compact_cnn__b5_star_fixed10,participant_outer_oof,participant,macro_average_ovr,macro,200,1.0,1.0,,0.6912152777777778,145
compact_cnn__b6_star_fixed10,participant_outer_oof,participant,one_vs_rest,0,0,0.0,0.0,,0.7395555555555556,145
compact_cnn__b6_star_fixed10,participant_outer_oof,participant,one_vs_rest,0,1,0.0,0.022222222222222223,0.9999120188903702,0.7395555555555556,145
compact_cnn__b6_star_fixed10,participant_outer_oof,participant,one_vs_rest,0,2,0.0,0.08888888888888889,0.9731528496773161,0.7395555555555556,145
compact_cnn__b6_star_fixed10,participant_outer_oof,participant,one_vs_rest,0,3,0.02,0.08888888888888889,0.9629719187643105,0.7395555555555556,145
compact_cnn__b6_star_fixed10,participant_outer_oof,participant,one_vs_rest,0,4,0.02,0.1111111111111111,0.959795538028508,0.7395555555555556,145
compact_cnn__b6_star_fixed10,participant_outer_oof,participant,one_vs_rest,0,5,0.05,0.1111111111111111,0.9412758574588257,0.7395555555555556,145
compact_cnn__b6_star_fixed10,participant_outer_oof,participant,one_vs_rest,0,6,0.05,0.28888888888888886,0.8643436198284163,0.7395555555555556,145
compact_cnn__b6_star_fixed10,participant_outer_oof,participant,one_vs_rest,0,7,0.07,0.28888888888888886,0.8547340666267484,0.7395555555555556,145
compact_cnn__b6_star_fixed10,participant_outer_oof,participant,one_vs_rest,0,8,0.07,0.3333333333333333,0.8296869612953509,0.7395555555555556,145
compact_cnn__b6_star_fixed10,participant_outer_oof,participant,one_vs_rest,0,9,0.09,0.3333333333333333,0.8077629613631998,0.7395555555555556,145
compact_cnn__b6_star_fixed10,participant_outer_oof,participant,one_vs_rest,0,10,0.09,0.35555555555555557,0.8049375394485381,0.7395555555555556,145
compact_cnn__b6_star_fixed10,participant_outer_oof,participant,one_vs_rest,0,11,0.1,0.35555555555555557,0.7995188124448643,0.7395555555555556,145
compact_cnn__b6_star_fixed10,participant_outer_oof,participant,one_vs_rest,0,12,0.1,0.37777777777777777,0.7984496490003467,0.7395555555555556,145
compact_cnn__b6_star_fixed10,participant_outer_oof,participant,one_vs_rest,0,13,0.11,0.37777777777777777,0.7894520462738593,0.7395555555555556,145
compact_cnn__b6_star_fixed10,participant_outer_oof,participant,one_vs_rest,0,14,0.11,0.4,0.7599247302465807,0.7395555555555556,145
compact_cnn__b6_star_fixed10,participant_outer_oof,participant,one_vs_rest,0,15,0.12,0.4,0.7280726162248659,0.7395555555555556,145
compact_cnn__b6_star_fixed10,participant_outer_oof,participant,one_vs_rest,0,16,0.12,0.4222222222222222,0.7140819583290632,0.7395555555555556,145
compact_cnn__b6_star_fixed10,participant_outer_oof,participant,one_vs_rest,0,17,0.15,0.4222222222222222,0.6727766345982952,0.7395555555555556,145
compact_cnn__b6_star_fixed10,participant_outer_oof,participant,one_vs_rest,0,18,0.15,0.4888888888888889,0.6689501379413225,0.7395555555555556,145
compact_cnn__b6_star_fixed10,participant_outer_oof,participant,one_vs_rest,0,19,0.18,0.4888888888888889,0.6187688615864056,0.7395555555555556,145
compact_cnn__b6_star_fixed10,participant_outer_oof,participant,one_vs_rest,0,20,0.18,0.5111111111111111,0.6181152825819547,0.7395555555555556,145
compact_cnn__b6_star_fixed10,participant_outer_oof,participant,one_vs_rest,0,21,0.19,0.5111111111111111,0.6173973078435763,0.7395555555555556,145
compact_cnn__b6_star_fixed10,participant_outer_oof,participant,one_vs_rest,0,22,0.19,0.5333333333333333,0.6003145773909982,0.7395555555555556,145
compact_cnn__b6_star_fixed10,participant_outer_oof,participant,one_vs_rest,0,23,0.25,0.5333333333333333,0.5772490294394547,0.7395555555555556,145
compact_cnn__b6_star_fixed10,participant_outer_oof,participant,one_vs_rest,0,24,0.25,0.5555555555555556,0.5292809173383549,0.7395555555555556,145
compact_cnn__b6_star_fixed10,participant_outer_oof,participant,one_vs_rest,0,25,0.26,0.5555555555555556,0.5220758684295839,0.7395555555555556,145
compact_cnn__b6_star_fixed10,participant_outer_oof,participant,one_vs_rest,0,26,0.26,0.5777777777777777,0.5141040593487054,0.7395555555555556,145
compact_cnn__b6_star_fixed10,participant_outer_oof,participant,one_vs_rest,0,27,0.27,0.5777777777777777,0.5101991712145872,0.7395555555555556,145
compact_cnn__b6_star_fixed10,participant_outer_oof,participant,one_vs_rest,0,28,0.27,0.6,0.4896352801775651,0.7395555555555556,145
compact_cnn__b6_star_fixed10,participant_outer_oof,participant,one_vs_rest,0,29,0.31,0.6,0.46789922518113436,0.7395555555555556,145
compact_cnn__b6_star_fixed10,participant_outer_oof,participant,one_vs_rest,0,30,0.31,0.6222222222222222,0.44010580019556633,0.7395555555555556,145
compact_cnn__b6_star_fixed10,participant_outer_oof,participant,one_vs_rest,0,31,0.33,0.6222222222222222,0.4242021305917443,0.7395555555555556,145
compact_cnn__b6_star_fixed10,participant_outer_oof,participant,one_vs_rest,0,32,0.33,0.6666666666666666,0.40985728533186416,0.7395555555555556,145
compact_cnn__b6_star_fixed10,participant_outer_oof,participant,one_vs_rest,0,33,0.37,0.6666666666666666,0.38489535879601755,0.7395555555555556,145
compact_cnn__b6_star_fixed10,participant_outer_oof,participant,one_vs_rest,0,34,0.37,0.6888888888888889,0.3826875324228451,0.7395555555555556,145
compact_cnn__b6_star_fixed10,participant_outer_oof,participant,one_vs_rest,0,35,0.38,0.6888888888888889,0.37300986779850254,0.7395555555555556,145
compact_cnn__b6_star_fixed10,participant_outer_oof,participant,one_vs_rest,0,36,0.38,0.7111111111111111,0.34266712185136505,0.7395555555555556,145
compact_cnn__b6_star_fixed10,participant_outer_oof,participant,one_vs_rest,0,37,0.39,0.7111111111111111,0.34155059934829696,0.7395555555555556,145
compact_cnn__b6_star_fixed10,participant_outer_oof,participant,one_vs_rest,0,38,0.39,0.7333333333333333,0.3016832081012263,0.7395555555555556,145
compact_cnn__b6_star_fixed10,participant_outer_oof,participant,one_vs_rest,0,39,0.41,0.7333333333333333,0.29024518212105693,0.7395555555555556,145
compact_cnn__b6_star_fixed10,participant_outer_oof,participant,one_vs_rest,0,40,0.41,0.7555555555555555,0.27352720527386754,0.7395555555555556,145
compact_cnn__b6_star_fixed10,participant_outer_oof,participant,one_vs_rest,0,41,0.45,0.7555555555555555,0.23359802501277044,0.7395555555555556,145
compact_cnn__b6_star_fixed10,participant_outer_oof,participant,one_vs_rest,0,42,0.45,0.7777777777777778,0.23214097175715498,0.7395555555555556,145
compact_cnn__b6_star_fixed10,participant_outer_oof,participant,one_vs_rest,0,43,0.47,0.7777777777777778,0.2026290818060766,0.7395555555555556,145
compact_cnn__b6_star_fixed10,participant_outer_oof,participant,one_vs_rest,0,44,0.47,0.8,0.19031000919908234,0.7395555555555556,145
compact_cnn__b6_star_fixed10,participant_outer_oof,participant,one_vs_rest,0,45,0.48,0.8,0.1887272453078913,0.7395555555555556,145
compact_cnn__b6_star_fixed10,participant_outer_oof,participant,one_vs_rest,0,46,0.48,0.8222222222222222,0.18711184466689884,0.7395555555555556,145
compact_cnn__b6_star_fixed10,participant_outer_oof,participant,one_vs_rest,0,47,0.5,0.8222222222222222,0.17413529146900855,0.7395555555555556,145
compact_cnn__b6_star_fixed10,participant_outer_oof,participant,one_vs_rest,0,48,0.5,0.8444444444444444,0.17061651903751335,0.7395555555555556,145
compact_cnn__b6_star_fixed10,participant_outer_oof,participant,one_vs_rest,0,49,0.52,0.8444444444444444,0.14965516702280676,0.7395555555555556,145
compact_cnn__b6_star_fixed10,participant_outer_oof,participant,one_vs_rest,0,50,0.52,0.8666666666666667,0.14297839270997784,0.7395555555555556,145
compact_cnn__b6_star_fixed10,participant_outer_oof,participant,one_vs_rest,0,51,0.6,0.8666666666666667,0.07898950094861369,0.7395555555555556,145
compact_cnn__b6_star_fixed10,participant_outer_oof,participant,one_vs_rest,0,52,0.6,0.8888888888888888,0.07676878546354302,0.7395555555555556,145
compact_cnn__b6_star_fixed10,participant_outer_oof,participant,one_vs_rest,0,53,0.61,0.8888888888888888,0.07509871268509395,0.7395555555555556,145
compact_cnn__b6_star_fixed10,participant_outer_oof,participant,one_vs_rest,0,54,0.61,0.9333333333333333,0.06298361538637529,0.7395555555555556,145
compact_cnn__b6_star_fixed10,participant_outer_oof,participant,one_vs_rest,0,55,0.68,0.9333333333333333,0.02840343747511561,0.7395555555555556,145
compact_cnn__b6_star_fixed10,participant_outer_oof,participant,one_vs_rest,0,56,0.68,0.9555555555555556,0.028380190223603663,0.7395555555555556,145
compact_cnn__b6_star_fixed10,participant_outer_oof,participant,one_vs_rest,0,57,0.78,0.9555555555555556,0.005109778171489387,0.7395555555555556,145
compact_cnn__b6_star_fixed10,participant_outer_oof,participant,one_vs_rest,0,58,0.78,0.9777777777777777,0.004457838606040541,0.7395555555555556,145
compact_cnn__b6_star_fixed10,participant_outer_oof,participant,one_vs_rest,0,59,0.92,0.9777777777777777,0.00035670862077648893,0.7395555555555556,145
compact_cnn__b6_star_fixed10,participant_outer_oof,participant,one_vs_rest,0,60,0.92,1.0,0.0002609125576003582,0.7395555555555556,145
compact_cnn__b6_star_fixed10,participant_outer_oof,participant,one_vs_rest,0,61,1.0,1.0,4.860266621738976e-07,0.7395555555555556,145
compact_cnn__b6_star_fixed10,participant_outer_oof,participant,one_vs_rest,1,0,0.0,0.0,,0.556470588235294,145
compact_cnn__b6_star_fixed10,participant_outer_oof,participant,one_vs_rest,1,1,0.011764705882352941,0.0,0.9995173730439676,0.556470588235294,145
compact_cnn__b6_star_fixed10,participant_outer_oof,participant,one_vs_rest,1,2,0.047058823529411764,0.0,0.9925000098113829,0.556470588235294,145
compact_cnn__b6_star_fixed10,participant_outer_oof,participant,one_vs_rest,1,3,0.047058823529411764,0.016666666666666666,0.989648494056172,0.556470588235294,145
compact_cnn__b6_star_fixed10,participant_outer_oof,participant,one_vs_rest,1,4,0.07058823529411765,0.016666666666666666,0.9885619126633479,0.556470588235294,145
compact_cnn__b6_star_fixed10,participant_outer_oof,participant,one_vs_rest,1,5,0.07058823529411765,0.1,0.9199649610098168,0.556470588235294,145
compact_cnn__b6_star_fixed10,participant_outer_oof,participant,one_vs_rest,1,6,0.08235294117647059,0.1,0.8921911675162477,0.556470588235294,145
compact_cnn__b6_star_fixed10,participant_outer_oof,participant,one_vs_rest,1,7,0.08235294117647059,0.13333333333333333,0.8743609973224045,0.556470588235294,145
compact_cnn__b6_star_fixed10,participant_outer_oof,participant,one_vs_rest,1,8,0.11764705882352941,0.13333333333333333,0.8343509239877853,0.556470588235294,145
compact_cnn__b6_star_fixed10,participant_outer_oof,participant,one_vs_rest,1,9,0.11764705882352941,0.16666666666666666,0.8246565220792794,0.556470588235294,145
compact_cnn__b6_star_fixed10,participant_outer_oof,participant,one_vs_rest,1,10,0.16470588235294117,0.16666666666666666,0.7544720772076335,0.556470588235294,145
compact_cnn__b6_star_fixed10,participant_outer_oof,participant,one_vs_rest,1,11,0.16470588235294117,0.18333333333333332,0.7438105504749616,0.556470588235294,145
compact_cnn__b6_star_fixed10,participant_outer_oof,participant,one_vs_rest,1,12,0.18823529411764706,0.18333333333333332,0.7123743191993169,0.556470588235294,145
compact_cnn__b6_star_fixed10,participant_outer_oof,participant,one_vs_rest,1,13,0.18823529411764706,0.2,0.7092611576445895,0.556470588235294,145
compact_cnn__b6_star_fixed10,participant_outer_oof,participant,one_vs_rest,1,14,0.2,0.2,0.6886551330108608,0.556470588235294,145
compact_cnn__b6_star_fixed10,participant_outer_oof,participant,one_vs_rest,1,15,0.2,0.23333333333333334,0.6656576505895166,0.556470588235294,145
compact_cnn__b6_star_fixed10,participant_outer_oof,participant,one_vs_rest,1,16,0.21176470588235294,0.23333333333333334,0.6582569549539278,0.556470588235294,145
compact_cnn__b6_star_fixed10,participant_outer_oof,participant,one_vs_rest,1,17,0.21176470588235294,0.31666666666666665,0.5964989215032033,0.556470588235294,145
compact_cnn__b6_star_fixed10,participant_outer_oof,participant,one_vs_rest,1,18,0.27058823529411763,0.31666666666666665,0.5825757340319975,0.556470588235294,145
compact_cnn__b6_star_fixed10,participant_outer_oof,participant,one_vs_rest,1,19,0.27058823529411763,0.3333333333333333,0.5644592318882979,0.556470588235294,145
compact_cnn__b6_star_fixed10,participant_outer_oof,participant,one_vs_rest,1,20,0.3058823529411765,0.3333333333333333,0.5455195090608337,0.556470588235294,145
compact_cnn__b6_star_fixed10,participant_outer_oof,participant,one_vs_rest,1,21,0.3058823529411765,0.36666666666666664,0.5199331264410197,0.556470588235294,145
compact_cnn__b6_star_fixed10,participant_outer_oof,participant,one_vs_rest,1,22,0.3411764705882353,0.36666666666666664,0.4774974675833291,0.556470588235294,145
compact_cnn__b6_star_fixed10,participant_outer_oof,participant,one_vs_rest,1,23,0.3411764705882353,0.38333333333333336,0.46390188611067656,0.556470588235294,145
compact_cnn__b6_star_fixed10,participant_outer_oof,participant,one_vs_rest,1,24,0.35294117647058826,0.38333333333333336,0.45948849551332654,0.556470588235294,145
compact_cnn__b6_star_fixed10,participant_outer_oof,participant,one_vs_rest,1,25,0.35294117647058826,0.4,0.45355736947630904,0.556470588235294,145
compact_cnn__b6_star_fixed10,participant_outer_oof,participant,one_vs_rest,1,26,0.3764705882352941,0.4,0.4285769161449238,0.556470588235294,145
compact_cnn__b6_star_fixed10,participant_outer_oof,participant,one_vs_rest,1,27,0.3764705882352941,0.4166666666666667,0.42345946479689445,0.556470588235294,145
compact_cnn__b6_star_fixed10,participant_outer_oof,participant,one_vs_rest,1,28,0.38823529411764707,0.4166666666666667,0.42314762151013513,0.556470588235294,145
compact_cnn__b6_star_fixed10,participant_outer_oof,participant,one_vs_rest,1,29,0.38823529411764707,0.45,0.4050132278366066,0.556470588235294,145
compact_cnn__b6_star_fixed10,participant_outer_oof,participant,one_vs_rest,1,30,0.4,0.45,0.40475652118471467,0.556470588235294,145
compact_cnn__b6_star_fixed10,participant_outer_oof,participant,one_vs_rest,1,31,0.4,0.48333333333333334,0.3982499254601942,0.556470588235294,145
compact_cnn__b6_star_fixed10,participant_outer_oof,participant,one_vs_rest,1,32,0.4235294117647059,0.48333333333333334,0.3886960657239208,0.556470588235294,145
compact_cnn__b6_star_fixed10,participant_outer_oof,participant,one_vs_rest,1,33,0.4235294117647059,0.5,0.3751971788530277,0.556470588235294,145
compact_cnn__b6_star_fixed10,participant_outer_oof,participant,one_vs_rest,1,34,0.43529411764705883,0.5,0.3751665906443433,0.556470588235294,145
compact_cnn__b6_star_fixed10,participant_outer_oof,participant,one_vs_rest,1,35,0.43529411764705883,0.5333333333333333,0.36045110812993614,0.556470588235294,145
compact_cnn__b6_star_fixed10,participant_outer_oof,participant,one_vs_rest,1,36,0.4588235294117647,0.5333333333333333,0.3442672882155646,0.556470588235294,145
compact_cnn__b6_star_fixed10,participant_outer_oof,participant,one_vs_rest,1,37,0.4588235294117647,0.6166666666666667,0.30497593465358175,0.556470588235294,145
compact_cnn__b6_star_fixed10,participant_outer_oof,participant,one_vs_rest,1,38,0.47058823529411764,0.6166666666666667,0.2830868251697495,0.556470588235294,145
compact_cnn__b6_star_fixed10,participant_outer_oof,participant,one_vs_rest,1,39,0.47058823529411764,0.6333333333333333,0.28175634264013194,0.556470588235294,145
compact_cnn__b6_star_fixed10,participant_outer_oof,participant,one_vs_rest,1,40,0.4823529411764706,0.6333333333333333,0.2800713673900191,0.556470588235294,145
compact_cnn__b6_star_fixed10,participant_outer_oof,participant,one_vs_rest,1,41,0.4823529411764706,0.65,0.26974234010163495,0.556470588235294,145
compact_cnn__b6_star_fixed10,participant_outer_oof,participant,one_vs_rest,1,42,0.49411764705882355,0.65,0.2678067731240229,0.556470588235294,145
compact_cnn__b6_star_fixed10,participant_outer_oof,participant,one_vs_rest,1,43,0.49411764705882355,0.6833333333333333,0.25034492444005824,0.556470588235294,145
compact_cnn__b6_star_fixed10,participant_outer_oof,participant,one_vs_rest,1,44,0.5058823529411764,0.6833333333333333,0.23972419475217385,0.556470588235294,145
compact_cnn__b6_star_fixed10,participant_outer_oof,participant,one_vs_rest,1,45,0.5058823529411764,0.7,0.2356309518609121,0.556470588235294,145
compact_cnn__b6_star_fixed10,participant_outer_oof,participant,one_vs_rest,1,46,0.5647058823529412,0.7,0.18298175410776646,0.556470588235294,145
compact_cnn__b6_star_fixed10,participant_outer_oof,participant,one_vs_rest,1,47,0.5647058823529412,0.7166666666666667,0.16673571311207555,0.556470588235294,145
compact_cnn__b6_star_fixed10,participant_outer_oof,participant,one_vs_rest,1,48,0.5764705882352941,0.7166666666666667,0.1656298661500127,0.556470588235294,145
compact_cnn__b6_star_fixed10,participant_outer_oof,participant,one_vs_rest,1,49,0.5764705882352941,0.75,0.14205321186352696,0.556470588235294,145
compact_cnn__b6_star_fixed10,participant_outer_oof,participant,one_vs_rest,1,50,0.6235294117647059,0.75,0.11230623251300778,0.556470588235294,145
compact_cnn__b6_star_fixed10,participant_outer_oof,participant,one_vs_rest,1,51,0.6235294117647059,0.7666666666666667,0.10945473278111104,0.556470588235294,145
compact_cnn__b6_star_fixed10,participant_outer_oof,participant,one_vs_rest,1,52,0.6941176470588235,0.7666666666666667,0.07606742157383609,0.556470588235294,145
compact_cnn__b6_star_fixed10,participant_outer_oof,participant,one_vs_rest,1,53,0.6941176470588235,0.7833333333333333,0.07386109189493414,0.556470588235294,145
compact_cnn__b6_star_fixed10,participant_outer_oof,participant,one_vs_rest,1,54,0.788235294117647,0.7833333333333333,0.05154923682618853,0.556470588235294,145
compact_cnn__b6_star_fixed10,participant_outer_oof,participant,one_vs_rest,1,55,0.788235294117647,0.8,0.04996825470283313,0.556470588235294,145
compact_cnn__b6_star_fixed10,participant_outer_oof,participant,one_vs_rest,1,56,0.8352941176470589,0.8,0.03364210037380538,0.556470588235294,145
compact_cnn__b6_star_fixed10,participant_outer_oof,participant,one_vs_rest,1,57,0.8352941176470589,0.8166666666666667,0.03295851301919332,0.556470588235294,145
compact_cnn__b6_star_fixed10,participant_outer_oof,participant,one_vs_rest,1,58,0.8470588235294118,0.8166666666666667,0.03173444409269917,0.556470588235294,145
compact_cnn__b6_star_fixed10,participant_outer_oof,participant,one_vs_rest,1,59,0.8470588235294118,0.85,0.02771317358158426,0.556470588235294,145
compact_cnn__b6_star_fixed10,participant_outer_oof,participant,one_vs_rest,1,60,0.8588235294117647,0.85,0.02684603986587068,0.556470588235294,145
compact_cnn__b6_star_fixed10,participant_outer_oof,participant,one_vs_rest,1,61,0.8588235294117647,0.9,0.020085196161396153,0.556470588235294,145
compact_cnn__b6_star_fixed10,participant_outer_oof,participant,one_vs_rest,1,62,0.8705882352941177,0.9,0.019076247633736904,0.556470588235294,145
compact_cnn__b6_star_fixed10,participant_outer_oof,participant,one_vs_rest,1,63,0.8705882352941177,0.9333333333333333,0.005775465414234892,0.556470588235294,145
compact_cnn__b6_star_fixed10,participant_outer_oof,participant,one_vs_rest,1,64,0.8941176470588236,0.9333333333333333,0.004738982832787679,0.556470588235294,145
compact_cnn__b6_star_fixed10,participant_outer_oof,participant,one_vs_rest,1,65,0.8941176470588236,0.95,0.004043891237318427,0.556470588235294,145
compact_cnn__b6_star_fixed10,participant_outer_oof,participant,one_vs_rest,1,66,0.9294117647058824,0.95,0.0017510212877598955,0.556470588235294,145
compact_cnn__b6_star_fixed10,participant_outer_oof,participant,one_vs_rest,1,67,0.9294117647058824,0.9666666666666667,0.0012776186243799773,0.556470588235294,145
compact_cnn__b6_star_fixed10,participant_outer_oof,participant,one_vs_rest,1,68,0.9529411764705882,0.9666666666666667,0.0007275103005333034,0.556470588235294,145
compact_cnn__b6_star_fixed10,participant_outer_oof,participant,one_vs_rest,1,69,0.9529411764705882,0.9833333333333333,0.0005909224332449301,0.556470588235294,145
compact_cnn__b6_star_fixed10,participant_outer_oof,participant,one_vs_rest,1,70,0.9882352941176471,0.9833333333333333,5.508735536037635e-05,0.556470588235294,145
compact_cnn__b6_star_fixed10,participant_outer_oof,participant,one_vs_rest,1,71,0.9882352941176471,1.0,1.2979165185507656e-05,0.556470588235294,145
compact_cnn__b6_star_fixed10,participant_outer_oof,participant,one_vs_rest,1,72,1.0,1.0,9.827517790508023e-06,0.556470588235294,145
compact_cnn__b6_star_fixed10,participant_outer_oof,participant,one_vs_rest,2,0,0.0,0.0,,0.7276190476190476,145
compact_cnn__b6_star_fixed10,participant_outer_oof,participant,one_vs_rest,2,1,0.0,0.025,0.9943974342206885,0.7276190476190476,145
compact_cnn__b6_star_fixed10,participant_outer_oof,participant,one_vs_rest,2,2,0.0,0.125,0.9573497581523073,0.7276190476190476,145
compact_cnn__b6_star_fixed10,participant_outer_oof,participant,one_vs_rest,2,3,0.009523809523809525,0.125,0.933827705865976,0.7276190476190476,145
compact_cnn__b6_star_fixed10,participant_outer_oof,participant,one_vs_rest,2,4,0.009523809523809525,0.25,0.913409152078135,0.7276190476190476,145
compact_cnn__b6_star_fixed10,participant_outer_oof,participant,one_vs_rest,2,5,0.01904761904761905,0.25,0.9125730709875199,0.7276190476190476,145
compact_cnn__b6_star_fixed10,participant_outer_oof,participant,one_vs_rest,2,6,0.01904761904761905,0.4,0.8095217334043489,0.7276190476190476,145
compact_cnn__b6_star_fixed10,participant_outer_oof,participant,one_vs_rest,2,7,0.02857142857142857,0.4,0.7468794874470225,0.7276190476190476,145
compact_cnn__b6_star_fixed10,participant_outer_oof,participant,one_vs_rest,2,8,0.02857142857142857,0.45,0.7085599092678356,0.7276190476190476,145
compact_cnn__b6_star_fixed10,participant_outer_oof,participant,one_vs_rest,2,9,0.08571428571428572,0.45,0.5445666119615548,0.7276190476190476,145
compact_cnn__b6_star_fixed10,participant_outer_oof,participant,one_vs_rest,2,10,0.08571428571428572,0.475,0.4936316436763743,0.7276190476190476,145
compact_cnn__b6_star_fixed10,participant_outer_oof,participant,one_vs_rest,2,11,0.12380952380952381,0.475,0.406706315712817,0.7276190476190476,145
compact_cnn__b6_star_fixed10,participant_outer_oof,participant,one_vs_rest,2,12,0.12380952380952381,0.5,0.4060071071423318,0.7276190476190476,145
compact_cnn__b6_star_fixed10,participant_outer_oof,participant,one_vs_rest,2,13,0.1523809523809524,0.5,0.3843112391881773,0.7276190476190476,145
compact_cnn__b6_star_fixed10,participant_outer_oof,participant,one_vs_rest,2,14,0.1523809523809524,0.55,0.35283201990097635,0.7276190476190476,145
compact_cnn__b6_star_fixed10,participant_outer_oof,participant,one_vs_rest,2,15,0.1619047619047619,0.55,0.3496238363311889,0.7276190476190476,145
compact_cnn__b6_star_fixed10,participant_outer_oof,participant,one_vs_rest,2,16,0.1619047619047619,0.575,0.3421658115752713,0.7276190476190476,145
compact_cnn__b6_star_fixed10,participant_outer_oof,participant,one_vs_rest,2,17,0.18095238095238095,0.575,0.3401669175473436,0.7276190476190476,145
compact_cnn__b6_star_fixed10,participant_outer_oof,participant,one_vs_rest,2,18,0.18095238095238095,0.6,0.33787878926523274,0.7276190476190476,145
compact_cnn__b6_star_fixed10,participant_outer_oof,participant,one_vs_rest,2,19,0.22857142857142856,0.6,0.3122228823531622,0.7276190476190476,145
compact_cnn__b6_star_fixed10,participant_outer_oof,participant,one_vs_rest,2,20,0.22857142857142856,0.625,0.3112451550170318,0.7276190476190476,145
compact_cnn__b6_star_fixed10,participant_outer_oof,participant,one_vs_rest,2,21,0.34285714285714286,0.625,0.19326774784736697,0.7276190476190476,145
compact_cnn__b6_star_fixed10,participant_outer_oof,participant,one_vs_rest,2,22,0.34285714285714286,0.65,0.18026291015683957,0.7276190476190476,145
compact_cnn__b6_star_fixed10,participant_outer_oof,participant,one_vs_rest,2,23,0.3619047619047619,0.65,0.15670698101554217,0.7276190476190476,145
compact_cnn__b6_star_fixed10,participant_outer_oof,participant,one_vs_rest,2,24,0.3619047619047619,0.675,0.15269761672472457,0.7276190476190476,145
compact_cnn__b6_star_fixed10,participant_outer_oof,participant,one_vs_rest,2,25,0.38095238095238093,0.675,0.15120275509330597,0.7276190476190476,145
compact_cnn__b6_star_fixed10,participant_outer_oof,participant,one_vs_rest,2,26,0.38095238095238093,0.7,0.14453842307271833,0.7276190476190476,145
compact_cnn__b6_star_fixed10,participant_outer_oof,participant,one_vs_rest,2,27,0.5142857142857142,0.7,0.07743701994135031,0.7276190476190476,145
compact_cnn__b6_star_fixed10,participant_outer_oof,participant,one_vs_rest,2,28,0.5142857142857142,0.725,0.07116651439220643,0.7276190476190476,145
compact_cnn__b6_star_fixed10,participant_outer_oof,participant,one_vs_rest,2,29,0.5428571428571428,0.725,0.06525113034711441,0.7276190476190476,145
compact_cnn__b6_star_fixed10,participant_outer_oof,participant,one_vs_rest,2,30,0.5428571428571428,0.75,0.060968412750139395,0.7276190476190476,145
compact_cnn__b6_star_fixed10,participant_outer_oof,participant,one_vs_rest,2,31,0.638095238095238,0.75,0.03298339094638922,0.7276190476190476,145
compact_cnn__b6_star_fixed10,participant_outer_oof,participant,one_vs_rest,2,32,0.638095238095238,0.775,0.03106550668113417,0.7276190476190476,145
compact_cnn__b6_star_fixed10,participant_outer_oof,participant,one_vs_rest,2,33,0.6476190476190476,0.775,0.022523350022750206,0.7276190476190476,145
compact_cnn__b6_star_fixed10,participant_outer_oof,participant,one_vs_rest,2,34,0.6476190476190476,0.8,0.018435636057089647,0.7276190476190476,145
compact_cnn__b6_star_fixed10,participant_outer_oof,participant,one_vs_rest,2,35,0.7047619047619048,0.8,0.010480562860853316,0.7276190476190476,145
compact_cnn__b6_star_fixed10,participant_outer_oof,participant,one_vs_rest,2,36,0.7047619047619048,0.9,0.009032057114285681,0.7276190476190476,145
compact_cnn__b6_star_fixed10,participant_outer_oof,participant,one_vs_rest,2,37,0.7142857142857143,0.9,0.00839847306796552,0.7276190476190476,145
compact_cnn__b6_star_fixed10,participant_outer_oof,participant,one_vs_rest,2,38,0.7142857142857143,0.925,0.007499504161954945,0.7276190476190476,145
compact_cnn__b6_star_fixed10,participant_outer_oof,participant,one_vs_rest,2,39,0.819047619047619,0.925,0.002831216501187305,0.7276190476190476,145
compact_cnn__b6_star_fixed10,participant_outer_oof,participant,one_vs_rest,2,40,0.819047619047619,0.95,0.002741848269421699,0.7276190476190476,145
compact_cnn__b6_star_fixed10,participant_outer_oof,participant,one_vs_rest,2,41,0.8857142857142857,0.95,0.0010455380415695082,0.7276190476190476,145
compact_cnn__b6_star_fixed10,participant_outer_oof,participant,one_vs_rest,2,42,0.8857142857142857,0.975,0.0010206293965388433,0.7276190476190476,145
compact_cnn__b6_star_fixed10,participant_outer_oof,participant,one_vs_rest,2,43,0.9238095238095239,0.975,0.0002751791769050086,0.7276190476190476,145
compact_cnn__b6_star_fixed10,participant_outer_oof,participant,one_vs_rest,2,44,0.9238095238095239,1.0,0.00022373772196901263,0.7276190476190476,145
compact_cnn__b6_star_fixed10,participant_outer_oof,participant,one_vs_rest,2,45,1.0,1.0,1.110456813326657e-06,0.7276190476190476,145
compact_cnn__b6_star_fixed10,participant_outer_oof,participant,macro_average_ovr,macro,0,0.0,0.0712962962962963,,0.6755902777777778,145
compact_cnn__b6_star_fixed10,participant_outer_oof,participant,macro_average_ovr,macro,1,0.005,0.0712962962962963,,0.6755902777777778,145
compact_cnn__b6_star_fixed10,participant_outer_oof,participant,macro_average_ovr,macro,2,0.01,0.11296296296296297,,0.6755902777777778,145
compact_cnn__b6_star_fixed10,participant_outer_oof,participant,macro_average_ovr,macro,3,0.015,0.11296296296296297,,0.6755902777777778,145
compact_cnn__b6_star_fixed10,participant_outer_oof,participant,macro_average_ovr,macro,4,0.02,0.17037037037037037,,0.6755902777777778,145
compact_cnn__b6_star_fixed10,participant_outer_oof,participant,macro_average_ovr,macro,5,0.025,0.17037037037037037,,0.6755902777777778,145
compact_cnn__b6_star_fixed10,participant_outer_oof,participant,macro_average_ovr,macro,6,0.03,0.18703703703703703,,0.6755902777777778,145
compact_cnn__b6_star_fixed10,participant_outer_oof,participant,macro_average_ovr,macro,7,0.035,0.18703703703703703,,0.6755902777777778,145
compact_cnn__b6_star_fixed10,participant_outer_oof,participant,macro_average_ovr,macro,8,0.04,0.18703703703703703,,0.6755902777777778,145
compact_cnn__b6_star_fixed10,participant_outer_oof,participant,macro_average_ovr,macro,9,0.045,0.18703703703703703,,0.6755902777777778,145
compact_cnn__b6_star_fixed10,participant_outer_oof,participant,macro_average_ovr,macro,10,0.05,0.2518518518518518,,0.6755902777777778,145
compact_cnn__b6_star_fixed10,participant_outer_oof,participant,macro_average_ovr,macro,11,0.055,0.2518518518518518,,0.6755902777777778,145
compact_cnn__b6_star_fixed10,participant_outer_oof,participant,macro_average_ovr,macro,12,0.06,0.2518518518518518,,0.6755902777777778,145
compact_cnn__b6_star_fixed10,participant_outer_oof,participant,macro_average_ovr,macro,13,0.065,0.2518518518518518,,0.6755902777777778,145
compact_cnn__b6_star_fixed10,participant_outer_oof,participant,macro_average_ovr,macro,14,0.07,0.26666666666666666,,0.6755902777777778,145
compact_cnn__b6_star_fixed10,participant_outer_oof,participant,macro_average_ovr,macro,15,0.075,0.29444444444444445,,0.6755902777777778,145
compact_cnn__b6_star_fixed10,participant_outer_oof,participant,macro_average_ovr,macro,16,0.08,0.29444444444444445,,0.6755902777777778,145
compact_cnn__b6_star_fixed10,participant_outer_oof,participant,macro_average_ovr,macro,17,0.085,0.3055555555555556,,0.6755902777777778,145
compact_cnn__b6_star_fixed10,participant_outer_oof,participant,macro_average_ovr,macro,18,0.09,0.3212962962962963,,0.6755902777777778,145
compact_cnn__b6_star_fixed10,participant_outer_oof,participant,macro_average_ovr,macro,19,0.095,0.3212962962962963,,0.6755902777777778,145
compact_cnn__b6_star_fixed10,participant_outer_oof,participant,macro_average_ovr,macro,20,0.1,0.32870370370370366,,0.6755902777777778,145
compact_cnn__b6_star_fixed10,participant_outer_oof,participant,macro_average_ovr,macro,21,0.105,0.32870370370370366,,0.6755902777777778,145
compact_cnn__b6_star_fixed10,participant_outer_oof,participant,macro_average_ovr,macro,22,0.11,0.3361111111111111,,0.6755902777777778,145
compact_cnn__b6_star_fixed10,participant_outer_oof,participant,macro_average_ovr,macro,23,0.115,0.3361111111111111,,0.6755902777777778,145
compact_cnn__b6_star_fixed10,participant_outer_oof,participant,macro_average_ovr,macro,24,0.12,0.35462962962962963,,0.6755902777777778,145
compact_cnn__b6_star_fixed10,participant_outer_oof,participant,macro_average_ovr,macro,25,0.125,0.362962962962963,,0.6755902777777778,145
compact_cnn__b6_star_fixed10,participant_outer_oof,participant,macro_average_ovr,macro,26,0.13,0.362962962962963,,0.6755902777777778,145
compact_cnn__b6_star_fixed10,participant_outer_oof,participant,macro_average_ovr,macro,27,0.135,0.362962962962963,,0.6755902777777778,145
compact_cnn__b6_star_fixed10,participant_outer_oof,participant,macro_average_ovr,macro,28,0.14,0.362962962962963,,0.6755902777777778,145
compact_cnn__b6_star_fixed10,participant_outer_oof,participant,macro_average_ovr,macro,29,0.145,0.362962962962963,,0.6755902777777778,145
compact_cnn__b6_star_fixed10,participant_outer_oof,participant,macro_average_ovr,macro,30,0.15,0.38518518518518513,,0.6755902777777778,145
compact_cnn__b6_star_fixed10,participant_outer_oof,participant,macro_average_ovr,macro,31,0.155,0.4018518518518519,,0.6755902777777778,145
compact_cnn__b6_star_fixed10,participant_outer_oof,participant,macro_average_ovr,macro,32,0.16,0.4018518518518519,,0.6755902777777778,145
compact_cnn__b6_star_fixed10,participant_outer_oof,participant,macro_average_ovr,macro,33,0.165,0.41574074074074074,,0.6755902777777778,145
compact_cnn__b6_star_fixed10,participant_outer_oof,participant,macro_average_ovr,macro,34,0.17,0.41574074074074074,,0.6755902777777778,145
compact_cnn__b6_star_fixed10,participant_outer_oof,participant,macro_average_ovr,macro,35,0.17500000000000002,0.41574074074074074,,0.6755902777777778,145
compact_cnn__b6_star_fixed10,participant_outer_oof,participant,macro_average_ovr,macro,36,0.18,0.4231481481481481,,0.6755902777777778,145
compact_cnn__b6_star_fixed10,participant_outer_oof,participant,macro_average_ovr,macro,37,0.185,0.4314814814814814,,0.6755902777777778,145
compact_cnn__b6_star_fixed10,participant_outer_oof,participant,macro_average_ovr,macro,38,0.19,0.4444444444444445,,0.6755902777777778,145
compact_cnn__b6_star_fixed10,participant_outer_oof,participant,macro_average_ovr,macro,39,0.195,0.4444444444444445,,0.6755902777777778,145
compact_cnn__b6_star_fixed10,participant_outer_oof,participant,macro_average_ovr,macro,40,0.2,0.45555555555555555,,0.6755902777777778,145
compact_cnn__b6_star_fixed10,participant_outer_oof,participant,macro_average_ovr,macro,41,0.20500000000000002,0.45555555555555555,,0.6755902777777778,145
compact_cnn__b6_star_fixed10,participant_outer_oof,participant,macro_average_ovr,macro,42,0.21,0.45555555555555555,,0.6755902777777778,145
compact_cnn__b6_star_fixed10,participant_outer_oof,participant,macro_average_ovr,macro,43,0.215,0.48333333333333334,,0.6755902777777778,145
compact_cnn__b6_star_fixed10,participant_outer_oof,participant,macro_average_ovr,macro,44,0.22,0.48333333333333334,,0.6755902777777778,145
compact_cnn__b6_star_fixed10,participant_outer_oof,participant,macro_average_ovr,macro,45,0.225,0.48333333333333334,,0.6755902777777778,145
compact_cnn__b6_star_fixed10,participant_outer_oof,participant,macro_average_ovr,macro,46,0.23,0.4916666666666667,,0.6755902777777778,145
compact_cnn__b6_star_fixed10,participant_outer_oof,participant,macro_average_ovr,macro,47,0.23500000000000001,0.4916666666666667,,0.6755902777777778,145
compact_cnn__b6_star_fixed10,participant_outer_oof,participant,macro_average_ovr,macro,48,0.24,0.4916666666666667,,0.6755902777777778,145
compact_cnn__b6_star_fixed10,participant_outer_oof,participant,macro_average_ovr,macro,49,0.245,0.4916666666666667,,0.6755902777777778,145
compact_cnn__b6_star_fixed10,participant_outer_oof,participant,macro_average_ovr,macro,50,0.25,0.49907407407407406,,0.6755902777777778,145
compact_cnn__b6_star_fixed10,participant_outer_oof,participant,macro_average_ovr,macro,51,0.255,0.49907407407407406,,0.6755902777777778,145
compact_cnn__b6_star_fixed10,participant_outer_oof,participant,macro_average_ovr,macro,52,0.26,0.5064814814814814,,0.6755902777777778,145
compact_cnn__b6_star_fixed10,participant_outer_oof,participant,macro_average_ovr,macro,53,0.265,0.5064814814814814,,0.6755902777777778,145
compact_cnn__b6_star_fixed10,participant_outer_oof,participant,macro_average_ovr,macro,54,0.27,0.5138888888888888,,0.6755902777777778,145
compact_cnn__b6_star_fixed10,participant_outer_oof,participant,macro_average_ovr,macro,55,0.275,0.5194444444444445,,0.6755902777777778,145
compact_cnn__b6_star_fixed10,participant_outer_oof,participant,macro_average_ovr,macro,56,0.28,0.5194444444444445,,0.6755902777777778,145
compact_cnn__b6_star_fixed10,participant_outer_oof,participant,macro_average_ovr,macro,57,0.28500000000000003,0.5194444444444445,,0.6755902777777778,145
compact_cnn__b6_star_fixed10,participant_outer_oof,participant,macro_average_ovr,macro,58,0.29,0.5194444444444445,,0.6755902777777778,145
compact_cnn__b6_star_fixed10,participant_outer_oof,participant,macro_average_ovr,macro,59,0.295,0.5194444444444445,,0.6755902777777778,145
compact_cnn__b6_star_fixed10,participant_outer_oof,participant,macro_average_ovr,macro,60,0.3,0.5194444444444445,,0.6755902777777778,145
compact_cnn__b6_star_fixed10,participant_outer_oof,participant,macro_average_ovr,macro,61,0.305,0.5194444444444445,,0.6755902777777778,145
compact_cnn__b6_star_fixed10,participant_outer_oof,participant,macro_average_ovr,macro,62,0.31,0.537962962962963,,0.6755902777777778,145
compact_cnn__b6_star_fixed10,participant_outer_oof,participant,macro_average_ovr,macro,63,0.315,0.537962962962963,,0.6755902777777778,145
compact_cnn__b6_star_fixed10,participant_outer_oof,participant,macro_average_ovr,macro,64,0.32,0.537962962962963,,0.6755902777777778,145
compact_cnn__b6_star_fixed10,participant_outer_oof,participant,macro_average_ovr,macro,65,0.325,0.537962962962963,,0.6755902777777778,145
compact_cnn__b6_star_fixed10,participant_outer_oof,participant,macro_average_ovr,macro,66,0.33,0.5527777777777777,,0.6755902777777778,145
compact_cnn__b6_star_fixed10,participant_outer_oof,participant,macro_average_ovr,macro,67,0.335,0.5527777777777777,,0.6755902777777778,145
compact_cnn__b6_star_fixed10,participant_outer_oof,participant,macro_average_ovr,macro,68,0.34,0.5527777777777777,,0.6755902777777778,145
compact_cnn__b6_star_fixed10,participant_outer_oof,participant,macro_average_ovr,macro,69,0.34500000000000003,0.5666666666666668,,0.6755902777777778,145
compact_cnn__b6_star_fixed10,participant_outer_oof,participant,macro_average_ovr,macro,70,0.35000000000000003,0.5666666666666668,,0.6755902777777778,145
compact_cnn__b6_star_fixed10,participant_outer_oof,participant,macro_average_ovr,macro,71,0.355,0.5722222222222223,,0.6755902777777778,145
compact_cnn__b6_star_fixed10,participant_outer_oof,participant,macro_average_ovr,macro,72,0.36,0.5722222222222223,,0.6755902777777778,145
compact_cnn__b6_star_fixed10,participant_outer_oof,participant,macro_average_ovr,macro,73,0.365,0.5805555555555556,,0.6755902777777778,145
compact_cnn__b6_star_fixed10,participant_outer_oof,participant,macro_average_ovr,macro,74,0.37,0.587962962962963,,0.6755902777777778,145
compact_cnn__b6_star_fixed10,participant_outer_oof,participant,macro_average_ovr,macro,75,0.375,0.587962962962963,,0.6755902777777778,145
compact_cnn__b6_star_fixed10,participant_outer_oof,participant,macro_average_ovr,macro,76,0.38,0.600925925925926,,0.6755902777777778,145
compact_cnn__b6_star_fixed10,participant_outer_oof,participant,macro_average_ovr,macro,77,0.385,0.6092592592592593,,0.6755902777777778,145
compact_cnn__b6_star_fixed10,participant_outer_oof,participant,macro_average_ovr,macro,78,0.39,0.6277777777777778,,0.6755902777777778,145
compact_cnn__b6_star_fixed10,participant_outer_oof,participant,macro_average_ovr,macro,79,0.395,0.6277777777777778,,0.6755902777777778,145
compact_cnn__b6_star_fixed10,participant_outer_oof,participant,macro_average_ovr,macro,80,0.4,0.6388888888888888,,0.6755902777777778,145
compact_cnn__b6_star_fixed10,participant_outer_oof,participant,macro_average_ovr,macro,81,0.405,0.6388888888888888,,0.6755902777777778,145
compact_cnn__b6_star_fixed10,participant_outer_oof,participant,macro_average_ovr,macro,82,0.41000000000000003,0.6462962962962963,,0.6755902777777778,145
compact_cnn__b6_star_fixed10,participant_outer_oof,participant,macro_average_ovr,macro,83,0.41500000000000004,0.6462962962962963,,0.6755902777777778,145
compact_cnn__b6_star_fixed10,participant_outer_oof,participant,macro_average_ovr,macro,84,0.42,0.6462962962962963,,0.6755902777777778,145
compact_cnn__b6_star_fixed10,participant_outer_oof,participant,macro_average_ovr,macro,85,0.425,0.6518518518518518,,0.6755902777777778,145
compact_cnn__b6_star_fixed10,participant_outer_oof,participant,macro_average_ovr,macro,86,0.43,0.6518518518518518,,0.6755902777777778,145
compact_cnn__b6_star_fixed10,participant_outer_oof,participant,macro_average_ovr,macro,87,0.435,0.6518518518518518,,0.6755902777777778,145
compact_cnn__b6_star_fixed10,participant_outer_oof,participant,macro_average_ovr,macro,88,0.44,0.6629629629629629,,0.6755902777777778,145
compact_cnn__b6_star_fixed10,participant_outer_oof,participant,macro_average_ovr,macro,89,0.445,0.6629629629629629,,0.6755902777777778,145
compact_cnn__b6_star_fixed10,participant_outer_oof,participant,macro_average_ovr,macro,90,0.45,0.6703703703703704,,0.6755902777777778,145
compact_cnn__b6_star_fixed10,participant_outer_oof,participant,macro_average_ovr,macro,91,0.455,0.6703703703703704,,0.6755902777777778,145
compact_cnn__b6_star_fixed10,participant_outer_oof,participant,macro_average_ovr,macro,92,0.46,0.6981481481481481,,0.6755902777777778,145
compact_cnn__b6_star_fixed10,participant_outer_oof,participant,macro_average_ovr,macro,93,0.465,0.6981481481481481,,0.6755902777777778,145
compact_cnn__b6_star_fixed10,participant_outer_oof,participant,macro_average_ovr,macro,94,0.47000000000000003,0.7055555555555556,,0.6755902777777778,145
compact_cnn__b6_star_fixed10,participant_outer_oof,participant,macro_average_ovr,macro,95,0.47500000000000003,0.7111111111111111,,0.6755902777777778,145
compact_cnn__b6_star_fixed10,participant_outer_oof,participant,macro_average_ovr,macro,96,0.48,0.7185185185185184,,0.6755902777777778,145
compact_cnn__b6_star_fixed10,participant_outer_oof,participant,macro_average_ovr,macro,97,0.485,0.7240740740740742,,0.6755902777777778,145
compact_cnn__b6_star_fixed10,participant_outer_oof,participant,macro_average_ovr,macro,98,0.49,0.7240740740740742,,0.6755902777777778,145
compact_cnn__b6_star_fixed10,participant_outer_oof,participant,macro_average_ovr,macro,99,0.495,0.7351851851851853,,0.6755902777777778,145
compact_cnn__b6_star_fixed10,participant_outer_oof,participant,macro_average_ovr,macro,100,0.5,0.7425925925925926,,0.6755902777777778,145
compact_cnn__b6_star_fixed10,participant_outer_oof,participant,macro_average_ovr,macro,101,0.505,0.7425925925925926,,0.6755902777777778,145
compact_cnn__b6_star_fixed10,participant_outer_oof,participant,macro_average_ovr,macro,102,0.51,0.7481481481481481,,0.6755902777777778,145
compact_cnn__b6_star_fixed10,participant_outer_oof,participant,macro_average_ovr,macro,103,0.515,0.7564814814814814,,0.6755902777777778,145
compact_cnn__b6_star_fixed10,participant_outer_oof,participant,macro_average_ovr,macro,104,0.52,0.7638888888888888,,0.6755902777777778,145
compact_cnn__b6_star_fixed10,participant_outer_oof,participant,macro_average_ovr,macro,105,0.525,0.7638888888888888,,0.6755902777777778,145
compact_cnn__b6_star_fixed10,participant_outer_oof,participant,macro_average_ovr,macro,106,0.53,0.7638888888888888,,0.6755902777777778,145
compact_cnn__b6_star_fixed10,participant_outer_oof,participant,macro_average_ovr,macro,107,0.535,0.7638888888888888,,0.6755902777777778,145
compact_cnn__b6_star_fixed10,participant_outer_oof,participant,macro_average_ovr,macro,108,0.54,0.7638888888888888,,0.6755902777777778,145
compact_cnn__b6_star_fixed10,participant_outer_oof,participant,macro_average_ovr,macro,109,0.545,0.7722222222222221,,0.6755902777777778,145
compact_cnn__b6_star_fixed10,participant_outer_oof,participant,macro_average_ovr,macro,110,0.55,0.7722222222222221,,0.6755902777777778,145
compact_cnn__b6_star_fixed10,participant_outer_oof,participant,macro_average_ovr,macro,111,0.555,0.7722222222222221,,0.6755902777777778,145
compact_cnn__b6_star_fixed10,participant_outer_oof,participant,macro_average_ovr,macro,112,0.56,0.7722222222222221,,0.6755902777777778,145
compact_cnn__b6_star_fixed10,participant_outer_oof,participant,macro_average_ovr,macro,113,0.5650000000000001,0.7777777777777778,,0.6755902777777778,145
compact_cnn__b6_star_fixed10,participant_outer_oof,participant,macro_average_ovr,macro,114,0.5700000000000001,0.7777777777777778,,0.6755902777777778,145
compact_cnn__b6_star_fixed10,participant_outer_oof,participant,macro_average_ovr,macro,115,0.5750000000000001,0.7777777777777778,,0.6755902777777778,145
compact_cnn__b6_star_fixed10,participant_outer_oof,participant,macro_average_ovr,macro,116,0.58,0.7888888888888889,,0.6755902777777778,145
compact_cnn__b6_star_fixed10,participant_outer_oof,participant,macro_average_ovr,macro,117,0.585,0.7888888888888889,,0.6755902777777778,145
compact_cnn__b6_star_fixed10,participant_outer_oof,participant,macro_average_ovr,macro,118,0.59,0.7888888888888889,,0.6755902777777778,145
compact_cnn__b6_star_fixed10,participant_outer_oof,participant,macro_average_ovr,macro,119,0.595,0.7888888888888889,,0.6755902777777778,145
compact_cnn__b6_star_fixed10,participant_outer_oof,participant,macro_average_ovr,macro,120,0.6,0.7962962962962963,,0.6755902777777778,145
compact_cnn__b6_star_fixed10,participant_outer_oof,participant,macro_average_ovr,macro,121,0.605,0.7962962962962963,,0.6755902777777778,145
compact_cnn__b6_star_fixed10,participant_outer_oof,participant,macro_average_ovr,macro,122,0.61,0.8111111111111112,,0.6755902777777778,145
compact_cnn__b6_star_fixed10,participant_outer_oof,participant,macro_average_ovr,macro,123,0.615,0.8111111111111112,,0.6755902777777778,145
compact_cnn__b6_star_fixed10,participant_outer_oof,participant,macro_average_ovr,macro,124,0.62,0.8111111111111112,,0.6755902777777778,145
compact_cnn__b6_star_fixed10,participant_outer_oof,participant,macro_average_ovr,macro,125,0.625,0.8166666666666668,,0.6755902777777778,145
compact_cnn__b6_star_fixed10,participant_outer_oof,participant,macro_average_ovr,macro,126,0.63,0.8166666666666668,,0.6755902777777778,145
compact_cnn__b6_star_fixed10,participant_outer_oof,participant,macro_average_ovr,macro,127,0.635,0.8166666666666668,,0.6755902777777778,145
compact_cnn__b6_star_fixed10,participant_outer_oof,participant,macro_average_ovr,macro,128,0.64,0.8250000000000001,,0.6755902777777778,145
compact_cnn__b6_star_fixed10,participant_outer_oof,participant,macro_average_ovr,macro,129,0.645,0.8250000000000001,,0.6755902777777778,145
compact_cnn__b6_star_fixed10,participant_outer_oof,participant,macro_average_ovr,macro,130,0.65,0.8333333333333334,,0.6755902777777778,145
compact_cnn__b6_star_fixed10,participant_outer_oof,participant,macro_average_ovr,macro,131,0.655,0.8333333333333334,,0.6755902777777778,145
compact_cnn__b6_star_fixed10,participant_outer_oof,participant,macro_average_ovr,macro,132,0.66,0.8333333333333334,,0.6755902777777778,145
compact_cnn__b6_star_fixed10,participant_outer_oof,participant,macro_average_ovr,macro,133,0.665,0.8333333333333334,,0.6755902777777778,145
compact_cnn__b6_star_fixed10,participant_outer_oof,participant,macro_average_ovr,macro,134,0.67,0.8333333333333334,,0.6755902777777778,145
compact_cnn__b6_star_fixed10,participant_outer_oof,participant,macro_average_ovr,macro,135,0.675,0.8333333333333334,,0.6755902777777778,145
compact_cnn__b6_star_fixed10,participant_outer_oof,participant,macro_average_ovr,macro,136,0.68,0.8407407407407407,,0.6755902777777778,145
compact_cnn__b6_star_fixed10,participant_outer_oof,participant,macro_average_ovr,macro,137,0.685,0.8407407407407407,,0.6755902777777778,145
compact_cnn__b6_star_fixed10,participant_outer_oof,participant,macro_average_ovr,macro,138,0.6900000000000001,0.8407407407407407,,0.6755902777777778,145
compact_cnn__b6_star_fixed10,participant_outer_oof,participant,macro_average_ovr,macro,139,0.6950000000000001,0.8462962962962962,,0.6755902777777778,145
compact_cnn__b6_star_fixed10,participant_outer_oof,participant,macro_average_ovr,macro,140,0.7000000000000001,0.8462962962962962,,0.6755902777777778,145
compact_cnn__b6_star_fixed10,participant_outer_oof,participant,macro_average_ovr,macro,141,0.705,0.8796296296296297,,0.6755902777777778,145
compact_cnn__b6_star_fixed10,participant_outer_oof,participant,macro_average_ovr,macro,142,0.71,0.8796296296296297,,0.6755902777777778,145
compact_cnn__b6_star_fixed10,participant_outer_oof,participant,macro_average_ovr,macro,143,0.715,0.887962962962963,,0.6755902777777778,145
compact_cnn__b6_star_fixed10,participant_outer_oof,participant,macro_average_ovr,macro,144,0.72,0.887962962962963,,0.6755902777777778,145
compact_cnn__b6_star_fixed10,participant_outer_oof,participant,macro_average_ovr,macro,145,0.725,0.887962962962963,,0.6755902777777778,145
compact_cnn__b6_star_fixed10,participant_outer_oof,participant,macro_average_ovr,macro,146,0.73,0.887962962962963,,0.6755902777777778,145
compact_cnn__b6_star_fixed10,participant_outer_oof,participant,macro_average_ovr,macro,147,0.735,0.887962962962963,,0.6755902777777778,145
compact_cnn__b6_star_fixed10,participant_outer_oof,participant,macro_average_ovr,macro,148,0.74,0.887962962962963,,0.6755902777777778,145
compact_cnn__b6_star_fixed10,participant_outer_oof,participant,macro_average_ovr,macro,149,0.745,0.887962962962963,,0.6755902777777778,145
compact_cnn__b6_star_fixed10,participant_outer_oof,participant,macro_average_ovr,macro,150,0.75,0.887962962962963,,0.6755902777777778,145
compact_cnn__b6_star_fixed10,participant_outer_oof,participant,macro_average_ovr,macro,151,0.755,0.887962962962963,,0.6755902777777778,145
compact_cnn__b6_star_fixed10,participant_outer_oof,participant,macro_average_ovr,macro,152,0.76,0.887962962962963,,0.6755902777777778,145
compact_cnn__b6_star_fixed10,participant_outer_oof,participant,macro_average_ovr,macro,153,0.765,0.887962962962963,,0.6755902777777778,145
compact_cnn__b6_star_fixed10,participant_outer_oof,participant,macro_average_ovr,macro,154,0.77,0.887962962962963,,0.6755902777777778,145
compact_cnn__b6_star_fixed10,participant_outer_oof,participant,macro_average_ovr,macro,155,0.775,0.887962962962963,,0.6755902777777778,145
compact_cnn__b6_star_fixed10,participant_outer_oof,participant,macro_average_ovr,macro,156,0.78,0.8953703703703703,,0.6755902777777778,145
compact_cnn__b6_star_fixed10,participant_outer_oof,participant,macro_average_ovr,macro,157,0.785,0.8953703703703703,,0.6755902777777778,145
compact_cnn__b6_star_fixed10,participant_outer_oof,participant,macro_average_ovr,macro,158,0.79,0.9009259259259258,,0.6755902777777778,145
compact_cnn__b6_star_fixed10,participant_outer_oof,participant,macro_average_ovr,macro,159,0.795,0.9009259259259258,,0.6755902777777778,145
compact_cnn__b6_star_fixed10,participant_outer_oof,participant,macro_average_ovr,macro,160,0.8,0.9009259259259258,,0.6755902777777778,145
compact_cnn__b6_star_fixed10,participant_outer_oof,participant,macro_average_ovr,macro,161,0.805,0.9009259259259258,,0.6755902777777778,145
compact_cnn__b6_star_fixed10,participant_outer_oof,participant,macro_average_ovr,macro,162,0.81,0.9009259259259258,,0.6755902777777778,145
compact_cnn__b6_star_fixed10,participant_outer_oof,participant,macro_average_ovr,macro,163,0.8150000000000001,0.9009259259259258,,0.6755902777777778,145
compact_cnn__b6_star_fixed10,participant_outer_oof,participant,macro_average_ovr,macro,164,0.8200000000000001,0.9092592592592593,,0.6755902777777778,145
compact_cnn__b6_star_fixed10,participant_outer_oof,participant,macro_average_ovr,macro,165,0.8250000000000001,0.9092592592592593,,0.6755902777777778,145
compact_cnn__b6_star_fixed10,participant_outer_oof,participant,macro_average_ovr,macro,166,0.8300000000000001,0.9092592592592593,,0.6755902777777778,145
compact_cnn__b6_star_fixed10,participant_outer_oof,participant,macro_average_ovr,macro,167,0.835,0.9092592592592593,,0.6755902777777778,145
compact_cnn__b6_star_fixed10,participant_outer_oof,participant,macro_average_ovr,macro,168,0.84,0.9148148148148149,,0.6755902777777778,145
compact_cnn__b6_star_fixed10,participant_outer_oof,participant,macro_average_ovr,macro,169,0.845,0.9148148148148149,,0.6755902777777778,145
compact_cnn__b6_star_fixed10,participant_outer_oof,participant,macro_average_ovr,macro,170,0.85,0.9259259259259259,,0.6755902777777778,145
compact_cnn__b6_star_fixed10,participant_outer_oof,participant,macro_average_ovr,macro,171,0.855,0.9259259259259259,,0.6755902777777778,145
compact_cnn__b6_star_fixed10,participant_outer_oof,participant,macro_average_ovr,macro,172,0.86,0.9425925925925925,,0.6755902777777778,145
compact_cnn__b6_star_fixed10,participant_outer_oof,participant,macro_average_ovr,macro,173,0.865,0.9425925925925925,,0.6755902777777778,145
compact_cnn__b6_star_fixed10,participant_outer_oof,participant,macro_average_ovr,macro,174,0.87,0.9425925925925925,,0.6755902777777778,145
compact_cnn__b6_star_fixed10,participant_outer_oof,participant,macro_average_ovr,macro,175,0.875,0.9537037037037036,,0.6755902777777778,145
compact_cnn__b6_star_fixed10,participant_outer_oof,participant,macro_average_ovr,macro,176,0.88,0.9537037037037036,,0.6755902777777778,145
compact_cnn__b6_star_fixed10,participant_outer_oof,participant,macro_average_ovr,macro,177,0.885,0.9537037037037036,,0.6755902777777778,145
compact_cnn__b6_star_fixed10,participant_outer_oof,participant,macro_average_ovr,macro,178,0.89,0.962037037037037,,0.6755902777777778,145
compact_cnn__b6_star_fixed10,participant_outer_oof,participant,macro_average_ovr,macro,179,0.895,0.9675925925925926,,0.6755902777777778,145
compact_cnn__b6_star_fixed10,participant_outer_oof,participant,macro_average_ovr,macro,180,0.9,0.9675925925925926,,0.6755902777777778,145
compact_cnn__b6_star_fixed10,participant_outer_oof,participant,macro_average_ovr,macro,181,0.905,0.9675925925925926,,0.6755902777777778,145
compact_cnn__b6_star_fixed10,participant_outer_oof,participant,macro_average_ovr,macro,182,0.91,0.9675925925925926,,0.6755902777777778,145
compact_cnn__b6_star_fixed10,participant_outer_oof,participant,macro_average_ovr,macro,183,0.915,0.9675925925925926,,0.6755902777777778,145
compact_cnn__b6_star_fixed10,participant_outer_oof,participant,macro_average_ovr,macro,184,0.92,0.975,,0.6755902777777778,145
compact_cnn__b6_star_fixed10,participant_outer_oof,participant,macro_average_ovr,macro,185,0.925,0.9833333333333334,,0.6755902777777778,145
compact_cnn__b6_star_fixed10,participant_outer_oof,participant,macro_average_ovr,macro,186,0.93,0.9888888888888889,,0.6755902777777778,145
compact_cnn__b6_star_fixed10,participant_outer_oof,participant,macro_average_ovr,macro,187,0.935,0.9888888888888889,,0.6755902777777778,145
compact_cnn__b6_star_fixed10,participant_outer_oof,participant,macro_average_ovr,macro,188,0.9400000000000001,0.9888888888888889,,0.6755902777777778,145
compact_cnn__b6_star_fixed10,participant_outer_oof,participant,macro_average_ovr,macro,189,0.9450000000000001,0.9888888888888889,,0.6755902777777778,145
compact_cnn__b6_star_fixed10,participant_outer_oof,participant,macro_average_ovr,macro,190,0.9500000000000001,0.9888888888888889,,0.6755902777777778,145
compact_cnn__b6_star_fixed10,participant_outer_oof,participant,macro_average_ovr,macro,191,0.9550000000000001,0.9944444444444445,,0.6755902777777778,145
compact_cnn__b6_star_fixed10,participant_outer_oof,participant,macro_average_ovr,macro,192,0.96,0.9944444444444445,,0.6755902777777778,145
compact_cnn__b6_star_fixed10,participant_outer_oof,participant,macro_average_ovr,macro,193,0.965,0.9944444444444445,,0.6755902777777778,145
compact_cnn__b6_star_fixed10,participant_outer_oof,participant,macro_average_ovr,macro,194,0.97,0.9944444444444445,,0.6755902777777778,145
compact_cnn__b6_star_fixed10,participant_outer_oof,participant,macro_average_ovr,macro,195,0.975,0.9944444444444445,,0.6755902777777778,145
compact_cnn__b6_star_fixed10,participant_outer_oof,participant,macro_average_ovr,macro,196,0.98,0.9944444444444445,,0.6755902777777778,145
compact_cnn__b6_star_fixed10,participant_outer_oof,participant,macro_average_ovr,macro,197,0.985,0.9944444444444445,,0.6755902777777778,145
compact_cnn__b6_star_fixed10,participant_outer_oof,participant,macro_average_ovr,macro,198,0.99,1.0,,0.6755902777777778,145
compact_cnn__b6_star_fixed10,participant_outer_oof,participant,macro_average_ovr,macro,199,0.995,1.0,,0.6755902777777778,145
compact_cnn__b6_star_fixed10,participant_outer_oof,participant,macro_average_ovr,macro,200,1.0,1.0,,0.6755902777777778,145
compact_cnn__b7_star_fixed10,participant_outer_oof,participant,one_vs_rest,0,0,0.0,0.0,,0.7375555555555555,145
compact_cnn__b7_star_fixed10,participant_outer_oof,participant,one_vs_rest,0,1,0.0,0.022222222222222223,0.9999952016830814,0.7375555555555555,145
compact_cnn__b7_star_fixed10,participant_outer_oof,participant,one_vs_rest,0,2,0.0,0.08888888888888889,0.9973824437954103,0.7375555555555555,145
compact_cnn__b7_star_fixed10,participant_outer_oof,participant,one_vs_rest,0,3,0.01,0.08888888888888889,0.9835384648672797,0.7375555555555555,145
compact_cnn__b7_star_fixed10,participant_outer_oof,participant,one_vs_rest,0,4,0.01,0.13333333333333333,0.9759187925987517,0.7375555555555555,145
compact_cnn__b7_star_fixed10,participant_outer_oof,participant,one_vs_rest,0,5,0.02,0.13333333333333333,0.969373180577909,0.7375555555555555,145
compact_cnn__b7_star_fixed10,participant_outer_oof,participant,one_vs_rest,0,6,0.02,0.2,0.953959172208417,0.7375555555555555,145
compact_cnn__b7_star_fixed10,participant_outer_oof,participant,one_vs_rest,0,7,0.03,0.2,0.9522730065706214,0.7375555555555555,145
compact_cnn__b7_star_fixed10,participant_outer_oof,participant,one_vs_rest,0,8,0.03,0.2222222222222222,0.9462533124458468,0.7375555555555555,145
compact_cnn__b7_star_fixed10,participant_outer_oof,participant,one_vs_rest,0,9,0.04,0.2222222222222222,0.9364203781329922,0.7375555555555555,145
compact_cnn__b7_star_fixed10,participant_outer_oof,participant,one_vs_rest,0,10,0.04,0.28888888888888886,0.9168875439974418,0.7375555555555555,145
compact_cnn__b7_star_fixed10,participant_outer_oof,participant,one_vs_rest,0,11,0.06,0.28888888888888886,0.874516166168187,0.7375555555555555,145
compact_cnn__b7_star_fixed10,participant_outer_oof,participant,one_vs_rest,0,12,0.06,0.37777777777777777,0.8352327039491771,0.7375555555555555,145
compact_cnn__b7_star_fixed10,participant_outer_oof,participant,one_vs_rest,0,13,0.07,0.37777777777777777,0.8036300469856744,0.7375555555555555,145
compact_cnn__b7_star_fixed10,participant_outer_oof,participant,one_vs_rest,0,14,0.07,0.4,0.7905249085359263,0.7375555555555555,145
compact_cnn__b7_star_fixed10,participant_outer_oof,participant,one_vs_rest,0,15,0.09,0.4,0.7868116648137115,0.7375555555555555,145
compact_cnn__b7_star_fixed10,participant_outer_oof,participant,one_vs_rest,0,16,0.09,0.4222222222222222,0.7096036700733296,0.7375555555555555,145
compact_cnn__b7_star_fixed10,participant_outer_oof,participant,one_vs_rest,0,17,0.1,0.4222222222222222,0.6852649889414494,0.7375555555555555,145
compact_cnn__b7_star_fixed10,participant_outer_oof,participant,one_vs_rest,0,18,0.1,0.4666666666666667,0.6810290102852596,0.7375555555555555,145
compact_cnn__b7_star_fixed10,participant_outer_oof,participant,one_vs_rest,0,19,0.11,0.4666666666666667,0.6805601709444056,0.7375555555555555,145
compact_cnn__b7_star_fixed10,participant_outer_oof,participant,one_vs_rest,0,20,0.11,0.5111111111111111,0.6674716770440821,0.7375555555555555,145
compact_cnn__b7_star_fixed10,participant_outer_oof,participant,one_vs_rest,0,21,0.12,0.5111111111111111,0.6356173630241259,0.7375555555555555,145
compact_cnn__b7_star_fixed10,participant_outer_oof,participant,one_vs_rest,0,22,0.12,0.5555555555555556,0.611733090477712,0.7375555555555555,145
compact_cnn__b7_star_fixed10,participant_outer_oof,participant,one_vs_rest,0,23,0.2,0.5555555555555556,0.5545599846383424,0.7375555555555555,145
compact_cnn__b7_star_fixed10,participant_outer_oof,participant,one_vs_rest,0,24,0.2,0.5777777777777777,0.5532595827512363,0.7375555555555555,145
compact_cnn__b7_star_fixed10,participant_outer_oof,participant,one_vs_rest,0,25,0.21,0.5777777777777777,0.55204891838903,0.7375555555555555,145
compact_cnn__b7_star_fixed10,participant_outer_oof,participant,one_vs_rest,0,26,0.21,0.6,0.5355885607592737,0.7375555555555555,145
compact_cnn__b7_star_fixed10,participant_outer_oof,participant,one_vs_rest,0,27,0.23,0.6,0.4994703685524772,0.7375555555555555,145
compact_cnn__b7_star_fixed10,participant_outer_oof,participant,one_vs_rest,0,28,0.23,0.6222222222222222,0.49428811967996095,0.7375555555555555,145
compact_cnn__b7_star_fixed10,participant_outer_oof,participant,one_vs_rest,0,29,0.24,0.6222222222222222,0.47873739505724205,0.7375555555555555,145
compact_cnn__b7_star_fixed10,participant_outer_oof,participant,one_vs_rest,0,30,0.24,0.6666666666666666,0.4652603652357112,0.7375555555555555,145
compact_cnn__b7_star_fixed10,participant_outer_oof,participant,one_vs_rest,0,31,0.26,0.6666666666666666,0.43272669757517834,0.7375555555555555,145
compact_cnn__b7_star_fixed10,participant_outer_oof,participant,one_vs_rest,0,32,0.26,0.6888888888888889,0.43095009364715997,0.7375555555555555,145
compact_cnn__b7_star_fixed10,participant_outer_oof,participant,one_vs_rest,0,33,0.37,0.6888888888888889,0.29475357207528863,0.7375555555555555,145
compact_cnn__b7_star_fixed10,participant_outer_oof,participant,one_vs_rest,0,34,0.37,0.7111111111111111,0.2841468819109151,0.7375555555555555,145
compact_cnn__b7_star_fixed10,participant_outer_oof,participant,one_vs_rest,0,35,0.45,0.7111111111111111,0.25165243709524876,0.7375555555555555,145
compact_cnn__b7_star_fixed10,participant_outer_oof,participant,one_vs_rest,0,36,0.45,0.7333333333333333,0.21235633663338155,0.7375555555555555,145
compact_cnn__b7_star_fixed10,participant_outer_oof,participant,one_vs_rest,0,37,0.5,0.7333333333333333,0.15432876037701573,0.7375555555555555,145
compact_cnn__b7_star_fixed10,participant_outer_oof,participant,one_vs_rest,0,38,0.5,0.7555555555555555,0.13543836505332058,0.7375555555555555,145
compact_cnn__b7_star_fixed10,participant_outer_oof,participant,one_vs_rest,0,39,0.55,0.7555555555555555,0.11109340810438537,0.7375555555555555,145
compact_cnn__b7_star_fixed10,participant_outer_oof,participant,one_vs_rest,0,40,0.55,0.7777777777777778,0.08897940470967095,0.7375555555555555,145
compact_cnn__b7_star_fixed10,participant_outer_oof,participant,one_vs_rest,0,41,0.59,0.7777777777777778,0.072316729178541,0.7375555555555555,145
compact_cnn__b7_star_fixed10,participant_outer_oof,participant,one_vs_rest,0,42,0.59,0.8,0.07018535016744638,0.7375555555555555,145
compact_cnn__b7_star_fixed10,participant_outer_oof,participant,one_vs_rest,0,43,0.6,0.8,0.06617381157107312,0.7375555555555555,145
compact_cnn__b7_star_fixed10,participant_outer_oof,participant,one_vs_rest,0,44,0.6,0.8444444444444444,0.0621906981780586,0.7375555555555555,145
compact_cnn__b7_star_fixed10,participant_outer_oof,participant,one_vs_rest,0,45,0.62,0.8444444444444444,0.06163968536198092,0.7375555555555555,145
compact_cnn__b7_star_fixed10,participant_outer_oof,participant,one_vs_rest,0,46,0.62,0.8666666666666667,0.05531055792591608,0.7375555555555555,145
compact_cnn__b7_star_fixed10,participant_outer_oof,participant,one_vs_rest,0,47,0.7,0.8666666666666667,0.023522697919954462,0.7375555555555555,145
compact_cnn__b7_star_fixed10,participant_outer_oof,participant,one_vs_rest,0,48,0.7,0.8888888888888888,0.022533271251095978,0.7375555555555555,145
compact_cnn__b7_star_fixed10,participant_outer_oof,participant,one_vs_rest,0,49,0.72,0.8888888888888888,0.017536171848030285,0.7375555555555555,145
compact_cnn__b7_star_fixed10,participant_outer_oof,participant,one_vs_rest,0,50,0.72,0.9111111111111111,0.009971271394000003,0.7375555555555555,145
compact_cnn__b7_star_fixed10,participant_outer_oof,participant,one_vs_rest,0,51,0.78,0.9111111111111111,0.004171998300999328,0.7375555555555555,145
compact_cnn__b7_star_fixed10,participant_outer_oof,participant,one_vs_rest,0,52,0.78,0.9333333333333333,0.004029297174200097,0.7375555555555555,145
compact_cnn__b7_star_fixed10,participant_outer_oof,participant,one_vs_rest,0,53,0.83,0.9333333333333333,0.0012330848910826306,0.7375555555555555,145
compact_cnn__b7_star_fixed10,participant_outer_oof,participant,one_vs_rest,0,54,0.83,0.9555555555555556,0.001088418023072853,0.7375555555555555,145
compact_cnn__b7_star_fixed10,participant_outer_oof,participant,one_vs_rest,0,55,0.91,0.9555555555555556,5.2150138771477417e-05,0.7375555555555555,145
compact_cnn__b7_star_fixed10,participant_outer_oof,participant,one_vs_rest,0,56,0.91,0.9777777777777777,3.4993790300246627e-05,0.7375555555555555,145
compact_cnn__b7_star_fixed10,participant_outer_oof,participant,one_vs_rest,0,57,0.92,0.9777777777777777,1.0685828212367638e-05,0.7375555555555555,145
compact_cnn__b7_star_fixed10,participant_outer_oof,participant,one_vs_rest,0,58,0.92,1.0,3.764562913130442e-06,0.7375555555555555,145
compact_cnn__b7_star_fixed10,participant_outer_oof,participant,one_vs_rest,0,59,1.0,1.0,4.3886159636729305e-08,0.7375555555555555,145
compact_cnn__b7_star_fixed10,participant_outer_oof,participant,one_vs_rest,1,0,0.0,0.0,,0.5864705882352941,145
compact_cnn__b7_star_fixed10,participant_outer_oof,participant,one_vs_rest,1,1,0.011764705882352941,0.0,0.9993261271989632,0.5864705882352941,145
compact_cnn__b7_star_fixed10,participant_outer_oof,participant,one_vs_rest,1,2,0.011764705882352941,0.03333333333333333,0.9986872949389098,0.5864705882352941,145
compact_cnn__b7_star_fixed10,participant_outer_oof,participant,one_vs_rest,1,3,0.023529411764705882,0.03333333333333333,0.9985195131107392,0.5864705882352941,145
compact_cnn__b7_star_fixed10,participant_outer_oof,participant,one_vs_rest,1,4,0.023529411764705882,0.05,0.9975746073371161,0.5864705882352941,145
compact_cnn__b7_star_fixed10,participant_outer_oof,participant,one_vs_rest,1,5,0.08235294117647059,0.05,0.9824459500784403,0.5864705882352941,145
compact_cnn__b7_star_fixed10,participant_outer_oof,participant,one_vs_rest,1,6,0.08235294117647059,0.08333333333333333,0.9467200101605431,0.5864705882352941,145
compact_cnn__b7_star_fixed10,participant_outer_oof,participant,one_vs_rest,1,7,0.09411764705882353,0.08333333333333333,0.9380297527000244,0.5864705882352941,145
compact_cnn__b7_star_fixed10,participant_outer_oof,participant,one_vs_rest,1,8,0.09411764705882353,0.1,0.9374427840244423,0.5864705882352941,145
compact_cnn__b7_star_fixed10,participant_outer_oof,participant,one_vs_rest,1,9,0.11764705882352941,0.1,0.9352631256621169,0.5864705882352941,145
compact_cnn__b7_star_fixed10,participant_outer_oof,participant,one_vs_rest,1,10,0.11764705882352941,0.11666666666666667,0.9276018112311426,0.5864705882352941,145
compact_cnn__b7_star_fixed10,participant_outer_oof,participant,one_vs_rest,1,11,0.12941176470588237,0.11666666666666667,0.9228872831647097,0.5864705882352941,145
compact_cnn__b7_star_fixed10,participant_outer_oof,participant,one_vs_rest,1,12,0.12941176470588237,0.16666666666666666,0.8871166298385024,0.5864705882352941,145
compact_cnn__b7_star_fixed10,participant_outer_oof,participant,one_vs_rest,1,13,0.1411764705882353,0.16666666666666666,0.8707836905068066,0.5864705882352941,145
compact_cnn__b7_star_fixed10,participant_outer_oof,participant,one_vs_rest,1,14,0.1411764705882353,0.21666666666666667,0.8626438598613071,0.5864705882352941,145
compact_cnn__b7_star_fixed10,participant_outer_oof,participant,one_vs_rest,1,15,0.15294117647058825,0.21666666666666667,0.8286379579124264,0.5864705882352941,145
compact_cnn__b7_star_fixed10,participant_outer_oof,participant,one_vs_rest,1,16,0.15294117647058825,0.25,0.8264798936337467,0.5864705882352941,145
compact_cnn__b7_star_fixed10,participant_outer_oof,participant,one_vs_rest,1,17,0.16470588235294117,0.25,0.8194769101326996,0.5864705882352941,145
compact_cnn__b7_star_fixed10,participant_outer_oof,participant,one_vs_rest,1,18,0.16470588235294117,0.2833333333333333,0.794124094858503,0.5864705882352941,145
compact_cnn__b7_star_fixed10,participant_outer_oof,participant,one_vs_rest,1,19,0.17647058823529413,0.2833333333333333,0.7718835601752133,0.5864705882352941,145
compact_cnn__b7_star_fixed10,participant_outer_oof,participant,one_vs_rest,1,20,0.17647058823529413,0.31666666666666665,0.7030068614551886,0.5864705882352941,145
compact_cnn__b7_star_fixed10,participant_outer_oof,participant,one_vs_rest,1,21,0.18823529411764706,0.31666666666666665,0.6985714235497503,0.5864705882352941,145
compact_cnn__b7_star_fixed10,participant_outer_oof,participant,one_vs_rest,1,22,0.18823529411764706,0.36666666666666664,0.601926693220867,0.5864705882352941,145
compact_cnn__b7_star_fixed10,participant_outer_oof,participant,one_vs_rest,1,23,0.21176470588235294,0.36666666666666664,0.5909735227570404,0.5864705882352941,145
compact_cnn__b7_star_fixed10,participant_outer_oof,participant,one_vs_rest,1,24,0.21176470588235294,0.4,0.5722833117151312,0.5864705882352941,145
compact_cnn__b7_star_fixed10,participant_outer_oof,participant,one_vs_rest,1,25,0.27058823529411763,0.4,0.5599334884690015,0.5864705882352941,145
compact_cnn__b7_star_fixed10,participant_outer_oof,participant,one_vs_rest,1,26,0.27058823529411763,0.43333333333333335,0.5414915212894514,0.5864705882352941,145
compact_cnn__b7_star_fixed10,participant_outer_oof,participant,one_vs_rest,1,27,0.32941176470588235,0.43333333333333335,0.5040487417308814,0.5864705882352941,145
compact_cnn__b7_star_fixed10,participant_outer_oof,participant,one_vs_rest,1,28,0.32941176470588235,0.45,0.49877481776548205,0.5864705882352941,145
compact_cnn__b7_star_fixed10,participant_outer_oof,participant,one_vs_rest,1,29,0.3411764705882353,0.45,0.4541844994400982,0.5864705882352941,145
compact_cnn__b7_star_fixed10,participant_outer_oof,participant,one_vs_rest,1,30,0.3411764705882353,0.48333333333333334,0.43896461280591553,0.5864705882352941,145
compact_cnn__b7_star_fixed10,participant_outer_oof,participant,one_vs_rest,1,31,0.35294117647058826,0.48333333333333334,0.43471915949094525,0.5864705882352941,145
compact_cnn__b7_star_fixed10,participant_outer_oof,participant,one_vs_rest,1,32,0.35294117647058826,0.5,0.43262487367949853,0.5864705882352941,145
compact_cnn__b7_star_fixed10,participant_outer_oof,participant,one_vs_rest,1,33,0.36470588235294116,0.5,0.42604041837444423,0.5864705882352941,145
compact_cnn__b7_star_fixed10,participant_outer_oof,participant,one_vs_rest,1,34,0.36470588235294116,0.5166666666666667,0.42281160491952063,0.5864705882352941,145
compact_cnn__b7_star_fixed10,participant_outer_oof,participant,one_vs_rest,1,35,0.4117647058823529,0.5166666666666667,0.37564140435195126,0.5864705882352941,145
compact_cnn__b7_star_fixed10,participant_outer_oof,participant,one_vs_rest,1,36,0.4117647058823529,0.5333333333333333,0.3740062844543233,0.5864705882352941,145
compact_cnn__b7_star_fixed10,participant_outer_oof,participant,one_vs_rest,1,37,0.43529411764705883,0.5333333333333333,0.367746167863996,0.5864705882352941,145
compact_cnn__b7_star_fixed10,participant_outer_oof,participant,one_vs_rest,1,38,0.43529411764705883,0.55,0.3518710262378465,0.5864705882352941,145
compact_cnn__b7_star_fixed10,participant_outer_oof,participant,one_vs_rest,1,39,0.4470588235294118,0.55,0.3391890722082427,0.5864705882352941,145
compact_cnn__b7_star_fixed10,participant_outer_oof,participant,one_vs_rest,1,40,0.4470588235294118,0.5833333333333334,0.3192480184725259,0.5864705882352941,145
compact_cnn__b7_star_fixed10,participant_outer_oof,participant,one_vs_rest,1,41,0.4588235294117647,0.5833333333333334,0.31802727080888904,0.5864705882352941,145
compact_cnn__b7_star_fixed10,participant_outer_oof,participant,one_vs_rest,1,42,0.4588235294117647,0.6,0.31294593973948465,0.5864705882352941,145
compact_cnn__b7_star_fixed10,participant_outer_oof,participant,one_vs_rest,1,43,0.4823529411764706,0.6,0.3122222445286324,0.5864705882352941,145
compact_cnn__b7_star_fixed10,participant_outer_oof,participant,one_vs_rest,1,44,0.4823529411764706,0.6166666666666667,0.29291927485353175,0.5864705882352941,145
compact_cnn__b7_star_fixed10,participant_outer_oof,participant,one_vs_rest,1,45,0.49411764705882355,0.6166666666666667,0.28891457500238815,0.5864705882352941,145
compact_cnn__b7_star_fixed10,participant_outer_oof,participant,one_vs_rest,1,46,0.49411764705882355,0.6333333333333333,0.2797158543773285,0.5864705882352941,145
compact_cnn__b7_star_fixed10,participant_outer_oof,participant,one_vs_rest,1,47,0.5176470588235295,0.6333333333333333,0.26014065039417344,0.5864705882352941,145
compact_cnn__b7_star_fixed10,participant_outer_oof,participant,one_vs_rest,1,48,0.5176470588235295,0.6666666666666666,0.2511108928895848,0.5864705882352941,145
compact_cnn__b7_star_fixed10,participant_outer_oof,participant,one_vs_rest,1,49,0.5411764705882353,0.6666666666666666,0.2168665152813271,0.5864705882352941,145
compact_cnn__b7_star_fixed10,participant_outer_oof,participant,one_vs_rest,1,50,0.5411764705882353,0.7333333333333333,0.20181185235128535,0.5864705882352941,145
compact_cnn__b7_star_fixed10,participant_outer_oof,participant,one_vs_rest,1,51,0.5529411764705883,0.7333333333333333,0.19100430780010713,0.5864705882352941,145
compact_cnn__b7_star_fixed10,participant_outer_oof,participant,one_vs_rest,1,52,0.5529411764705883,0.75,0.18025946789217784,0.5864705882352941,145
compact_cnn__b7_star_fixed10,participant_outer_oof,participant,one_vs_rest,1,53,0.6235294117647059,0.75,0.12749018072593765,0.5864705882352941,145
compact_cnn__b7_star_fixed10,participant_outer_oof,participant,one_vs_rest,1,54,0.6235294117647059,0.7666666666666667,0.12279058210885885,0.5864705882352941,145
compact_cnn__b7_star_fixed10,participant_outer_oof,participant,one_vs_rest,1,55,0.6470588235294118,0.7666666666666667,0.11334431607224078,0.5864705882352941,145
compact_cnn__b7_star_fixed10,participant_outer_oof,participant,one_vs_rest,1,56,0.6470588235294118,0.7833333333333333,0.09431742903631261,0.5864705882352941,145
compact_cnn__b7_star_fixed10,participant_outer_oof,participant,one_vs_rest,1,57,0.6941176470588235,0.7833333333333333,0.08260185204878925,0.5864705882352941,145
compact_cnn__b7_star_fixed10,participant_outer_oof,participant,one_vs_rest,1,58,0.6941176470588235,0.8,0.07500477753307486,0.5864705882352941,145
compact_cnn__b7_star_fixed10,participant_outer_oof,participant,one_vs_rest,1,59,0.7647058823529411,0.8,0.06295244836418082,0.5864705882352941,145
compact_cnn__b7_star_fixed10,participant_outer_oof,participant,one_vs_rest,1,60,0.7647058823529411,0.8166666666666667,0.05611763204405211,0.5864705882352941,145
compact_cnn__b7_star_fixed10,participant_outer_oof,participant,one_vs_rest,1,61,0.8117647058823529,0.8166666666666667,0.03834094013502708,0.5864705882352941,145
compact_cnn__b7_star_fixed10,participant_outer_oof,participant,one_vs_rest,1,62,0.8117647058823529,0.8333333333333334,0.03690689770551776,0.5864705882352941,145
compact_cnn__b7_star_fixed10,participant_outer_oof,participant,one_vs_rest,1,63,0.8352941176470589,0.8333333333333334,0.0240669347332678,0.5864705882352941,145
compact_cnn__b7_star_fixed10,participant_outer_oof,participant,one_vs_rest,1,64,0.8352941176470589,0.85,0.023781494204578268,0.5864705882352941,145
compact_cnn__b7_star_fixed10,participant_outer_oof,participant,one_vs_rest,1,65,0.8588235294117647,0.85,0.021044306843005567,0.5864705882352941,145
compact_cnn__b7_star_fixed10,participant_outer_oof,participant,one_vs_rest,1,66,0.8588235294117647,0.8833333333333333,0.018546522598703652,0.5864705882352941,145
compact_cnn__b7_star_fixed10,participant_outer_oof,participant,one_vs_rest,1,67,0.8941176470588236,0.8833333333333333,0.012483313079604605,0.5864705882352941,145
compact_cnn__b7_star_fixed10,participant_outer_oof,participant,one_vs_rest,1,68,0.8941176470588236,0.9666666666666667,0.007951717773927414,0.5864705882352941,145
compact_cnn__b7_star_fixed10,participant_outer_oof,participant,one_vs_rest,1,69,0.9176470588235294,0.9666666666666667,0.0025217610541237567,0.5864705882352941,145
compact_cnn__b7_star_fixed10,participant_outer_oof,participant,one_vs_rest,1,70,0.9176470588235294,1.0,0.0005832795532163752,0.5864705882352941,145
compact_cnn__b7_star_fixed10,participant_outer_oof,participant,one_vs_rest,1,71,1.0,1.0,7.022592923307001e-08,0.5864705882352941,145
compact_cnn__b7_star_fixed10,participant_outer_oof,participant,one_vs_rest,2,0,0.0,0.0,,0.7530952380952382,145
compact_cnn__b7_star_fixed10,participant_outer_oof,participant,one_vs_rest,2,1,0.0,0.025,0.9996374664969454,0.7530952380952382,145
compact_cnn__b7_star_fixed10,participant_outer_oof,participant,one_vs_rest,2,2,0.0,0.075,0.9969661647182241,0.7530952380952382,145
compact_cnn__b7_star_fixed10,participant_outer_oof,participant,one_vs_rest,2,3,0.009523809523809525,0.075,0.9916315644253676,0.7530952380952382,145
compact_cnn__b7_star_fixed10,participant_outer_oof,participant,one_vs_rest,2,4,0.009523809523809525,0.1,0.9875154513634007,0.7530952380952382,145
compact_cnn__b7_star_fixed10,participant_outer_oof,participant,one_vs_rest,2,5,0.01904761904761905,0.1,0.9874068501013937,0.7530952380952382,145
compact_cnn__b7_star_fixed10,participant_outer_oof,participant,one_vs_rest,2,6,0.01904761904761905,0.15,0.9454356343625282,0.7530952380952382,145
compact_cnn__b7_star_fixed10,participant_outer_oof,participant,one_vs_rest,2,7,0.02857142857142857,0.15,0.9225767556617248,0.7530952380952382,145
compact_cnn__b7_star_fixed10,participant_outer_oof,participant,one_vs_rest,2,8,0.02857142857142857,0.275,0.8393273469985827,0.7530952380952382,145
compact_cnn__b7_star_fixed10,participant_outer_oof,participant,one_vs_rest,2,9,0.0380952380952381,0.275,0.8064331340155184,0.7530952380952382,145
compact_cnn__b7_star_fixed10,participant_outer_oof,participant,one_vs_rest,2,10,0.0380952380952381,0.325,0.7536159103381977,0.7530952380952382,145
compact_cnn__b7_star_fixed10,participant_outer_oof,participant,one_vs_rest,2,11,0.06666666666666667,0.325,0.742734819760276,0.7530952380952382,145
compact_cnn__b7_star_fixed10,participant_outer_oof,participant,one_vs_rest,2,12,0.06666666666666667,0.375,0.6900986493456245,0.7530952380952382,145
compact_cnn__b7_star_fixed10,participant_outer_oof,participant,one_vs_rest,2,13,0.09523809523809523,0.375,0.6203292984738487,0.7530952380952382,145
compact_cnn__b7_star_fixed10,participant_outer_oof,participant,one_vs_rest,2,14,0.09523809523809523,0.4,0.611002938458333,0.7530952380952382,145
compact_cnn__b7_star_fixed10,participant_outer_oof,participant,one_vs_rest,2,15,0.10476190476190476,0.4,0.5966393555665113,0.7530952380952382,145
compact_cnn__b7_star_fixed10,participant_outer_oof,participant,one_vs_rest,2,16,0.10476190476190476,0.425,0.5931805987136277,0.7530952380952382,145
compact_cnn__b7_star_fixed10,participant_outer_oof,participant,one_vs_rest,2,17,0.13333333333333333,0.425,0.5457634071765213,0.7530952380952382,145
compact_cnn__b7_star_fixed10,participant_outer_oof,participant,one_vs_rest,2,18,0.13333333333333333,0.45,0.5456534683410335,0.7530952380952382,145
compact_cnn__b7_star_fixed10,participant_outer_oof,participant,one_vs_rest,2,19,0.14285714285714285,0.45,0.5012013147494283,0.7530952380952382,145
compact_cnn__b7_star_fixed10,participant_outer_oof,participant,one_vs_rest,2,20,0.14285714285714285,0.65,0.4046289693272727,0.7530952380952382,145
compact_cnn__b7_star_fixed10,participant_outer_oof,participant,one_vs_rest,2,21,0.17142857142857143,0.65,0.375712831584816,0.7530952380952382,145
compact_cnn__b7_star_fixed10,participant_outer_oof,participant,one_vs_rest,2,22,0.17142857142857143,0.675,0.37000054536240057,0.7530952380952382,145
compact_cnn__b7_star_fixed10,participant_outer_oof,participant,one_vs_rest,2,23,0.2,0.675,0.270151712053173,0.7530952380952382,145
compact_cnn__b7_star_fixed10,participant_outer_oof,participant,one_vs_rest,2,24,0.2,0.7,0.257921487280835,0.7530952380952382,145
compact_cnn__b7_star_fixed10,participant_outer_oof,participant,one_vs_rest,2,25,0.2761904761904762,0.7,0.16093394339659708,0.7530952380952382,145
compact_cnn__b7_star_fixed10,participant_outer_oof,participant,one_vs_rest,2,26,0.2761904761904762,0.725,0.15737404014771084,0.7530952380952382,145
compact_cnn__b7_star_fixed10,participant_outer_oof,participant,one_vs_rest,2,27,0.47619047619047616,0.725,0.04997959284173079,0.7530952380952382,145
compact_cnn__b7_star_fixed10,participant_outer_oof,participant,one_vs_rest,2,28,0.47619047619047616,0.75,0.04510126916667783,0.7530952380952382,145
compact_cnn__b7_star_fixed10,participant_outer_oof,participant,one_vs_rest,2,29,0.5047619047619047,0.75,0.03837102086628203,0.7530952380952382,145
compact_cnn__b7_star_fixed10,participant_outer_oof,participant,one_vs_rest,2,30,0.5047619047619047,0.775,0.036921845914000335,0.7530952380952382,145
compact_cnn__b7_star_fixed10,participant_outer_oof,participant,one_vs_rest,2,31,0.5714285714285714,0.775,0.019150259311716985,0.7530952380952382,145
compact_cnn__b7_star_fixed10,participant_outer_oof,participant,one_vs_rest,2,32,0.5714285714285714,0.8,0.01755313840819222,0.7530952380952382,145
compact_cnn__b7_star_fixed10,participant_outer_oof,participant,one_vs_rest,2,33,0.580952380952381,0.8,0.017355574176416706,0.7530952380952382,145
compact_cnn__b7_star_fixed10,participant_outer_oof,participant,one_vs_rest,2,34,0.580952380952381,0.825,0.015687493047914506,0.7530952380952382,145
compact_cnn__b7_star_fixed10,participant_outer_oof,participant,one_vs_rest,2,35,0.6285714285714286,0.825,0.007451243328474339,0.7530952380952382,145
compact_cnn__b7_star_fixed10,participant_outer_oof,participant,one_vs_rest,2,36,0.6285714285714286,0.85,0.007360573021362886,0.7530952380952382,145
compact_cnn__b7_star_fixed10,participant_outer_oof,participant,one_vs_rest,2,37,0.6857142857142857,0.85,0.0041434515117865205,0.7530952380952382,145
compact_cnn__b7_star_fixed10,participant_outer_oof,participant,one_vs_rest,2,38,0.6857142857142857,0.875,0.0034087021252239896,0.7530952380952382,145
compact_cnn__b7_star_fixed10,participant_outer_oof,participant,one_vs_rest,2,39,0.7142857142857143,0.875,0.0025461761598245584,0.7530952380952382,145
compact_cnn__b7_star_fixed10,participant_outer_oof,participant,one_vs_rest,2,40,0.7142857142857143,0.9,0.0024760770776884396,0.7530952380952382,145
compact_cnn__b7_star_fixed10,participant_outer_oof,participant,one_vs_rest,2,41,0.7523809523809524,0.9,0.0017548136820408663,0.7530952380952382,145
compact_cnn__b7_star_fixed10,participant_outer_oof,participant,one_vs_rest,2,42,0.7523809523809524,0.925,0.0015384817553927889,0.7530952380952382,145
compact_cnn__b7_star_fixed10,participant_outer_oof,participant,one_vs_rest,2,43,0.7904761904761904,0.925,0.000692565876199165,0.7530952380952382,145
compact_cnn__b7_star_fixed10,participant_outer_oof,participant,one_vs_rest,2,44,0.7904761904761904,0.95,0.000673828914877209,0.7530952380952382,145
compact_cnn__b7_star_fixed10,participant_outer_oof,participant,one_vs_rest,2,45,0.819047619047619,0.95,0.00035796175050543786,0.7530952380952382,145
compact_cnn__b7_star_fixed10,participant_outer_oof,participant,one_vs_rest,2,46,0.819047619047619,0.975,0.0003305619379946622,0.7530952380952382,145
compact_cnn__b7_star_fixed10,participant_outer_oof,participant,one_vs_rest,2,47,0.8285714285714286,0.975,0.00023333227465628686,0.7530952380952382,145
compact_cnn__b7_star_fixed10,participant_outer_oof,participant,one_vs_rest,2,48,0.8285714285714286,1.0,0.00023224036674578843,0.7530952380952382,145
compact_cnn__b7_star_fixed10,participant_outer_oof,participant,one_vs_rest,2,49,1.0,1.0,1.3714168885473406e-06,0.7530952380952382,145
compact_cnn__b7_star_fixed10,participant_outer_oof,participant,macro_average_ovr,macro,0,0.0,0.05462962962962963,,0.6933125,145
compact_cnn__b7_star_fixed10,participant_outer_oof,participant,macro_average_ovr,macro,1,0.005,0.05462962962962963,,0.6933125,145
compact_cnn__b7_star_fixed10,participant_outer_oof,participant,macro_average_ovr,macro,2,0.01,0.07777777777777778,,0.6933125,145
compact_cnn__b7_star_fixed10,participant_outer_oof,participant,macro_average_ovr,macro,3,0.015,0.08888888888888889,,0.6933125,145
compact_cnn__b7_star_fixed10,participant_outer_oof,participant,macro_average_ovr,macro,4,0.02,0.12777777777777777,,0.6933125,145
compact_cnn__b7_star_fixed10,participant_outer_oof,participant,macro_average_ovr,macro,5,0.025,0.13333333333333333,,0.6933125,145
compact_cnn__b7_star_fixed10,participant_outer_oof,participant,macro_average_ovr,macro,6,0.03,0.18240740740740743,,0.6933125,145
compact_cnn__b7_star_fixed10,participant_outer_oof,participant,macro_average_ovr,macro,7,0.035,0.18240740740740743,,0.6933125,145
compact_cnn__b7_star_fixed10,participant_outer_oof,participant,macro_average_ovr,macro,8,0.04,0.2212962962962963,,0.6933125,145
compact_cnn__b7_star_fixed10,participant_outer_oof,participant,macro_average_ovr,macro,9,0.045,0.2212962962962963,,0.6933125,145
compact_cnn__b7_star_fixed10,participant_outer_oof,participant,macro_average_ovr,macro,10,0.05,0.2212962962962963,,0.6933125,145
compact_cnn__b7_star_fixed10,participant_outer_oof,participant,macro_average_ovr,macro,11,0.055,0.2212962962962963,,0.6933125,145
compact_cnn__b7_star_fixed10,participant_outer_oof,participant,macro_average_ovr,macro,12,0.06,0.25092592592592594,,0.6933125,145
compact_cnn__b7_star_fixed10,participant_outer_oof,participant,macro_average_ovr,macro,13,0.065,0.25092592592592594,,0.6933125,145
compact_cnn__b7_star_fixed10,participant_outer_oof,participant,macro_average_ovr,macro,14,0.07,0.27499999999999997,,0.6933125,145
compact_cnn__b7_star_fixed10,participant_outer_oof,participant,macro_average_ovr,macro,15,0.075,0.27499999999999997,,0.6933125,145
compact_cnn__b7_star_fixed10,participant_outer_oof,participant,macro_average_ovr,macro,16,0.08,0.27499999999999997,,0.6933125,145
compact_cnn__b7_star_fixed10,participant_outer_oof,participant,macro_average_ovr,macro,17,0.085,0.28611111111111115,,0.6933125,145
compact_cnn__b7_star_fixed10,participant_outer_oof,participant,macro_average_ovr,macro,18,0.09,0.2935185185185185,,0.6933125,145
compact_cnn__b7_star_fixed10,participant_outer_oof,participant,macro_average_ovr,macro,19,0.095,0.2990740740740741,,0.6933125,145
compact_cnn__b7_star_fixed10,participant_outer_oof,participant,macro_average_ovr,macro,20,0.1,0.32222222222222224,,0.6933125,145
compact_cnn__b7_star_fixed10,participant_outer_oof,participant,macro_average_ovr,macro,21,0.105,0.33055555555555555,,0.6933125,145
compact_cnn__b7_star_fixed10,participant_outer_oof,participant,macro_average_ovr,macro,22,0.11,0.3453703703703703,,0.6933125,145
compact_cnn__b7_star_fixed10,participant_outer_oof,participant,macro_average_ovr,macro,23,0.115,0.3453703703703703,,0.6933125,145
compact_cnn__b7_star_fixed10,participant_outer_oof,participant,macro_average_ovr,macro,24,0.12,0.36574074074074076,,0.6933125,145
compact_cnn__b7_star_fixed10,participant_outer_oof,participant,macro_average_ovr,macro,25,0.125,0.36574074074074076,,0.6933125,145
compact_cnn__b7_star_fixed10,participant_outer_oof,participant,macro_average_ovr,macro,26,0.13,0.38240740740740736,,0.6933125,145
compact_cnn__b7_star_fixed10,participant_outer_oof,participant,macro_average_ovr,macro,27,0.135,0.3907407407407408,,0.6933125,145
compact_cnn__b7_star_fixed10,participant_outer_oof,participant,macro_average_ovr,macro,28,0.14,0.3907407407407408,,0.6933125,145
compact_cnn__b7_star_fixed10,participant_outer_oof,participant,macro_average_ovr,macro,29,0.145,0.4740740740740741,,0.6933125,145
compact_cnn__b7_star_fixed10,participant_outer_oof,participant,macro_average_ovr,macro,30,0.15,0.4740740740740741,,0.6933125,145
compact_cnn__b7_star_fixed10,participant_outer_oof,participant,macro_average_ovr,macro,31,0.155,0.4851851851851852,,0.6933125,145
compact_cnn__b7_star_fixed10,participant_outer_oof,participant,macro_average_ovr,macro,32,0.16,0.4851851851851852,,0.6933125,145
compact_cnn__b7_star_fixed10,participant_outer_oof,participant,macro_average_ovr,macro,33,0.165,0.4962962962962963,,0.6933125,145
compact_cnn__b7_star_fixed10,participant_outer_oof,participant,macro_average_ovr,macro,34,0.17,0.4962962962962963,,0.6933125,145
compact_cnn__b7_star_fixed10,participant_outer_oof,participant,macro_average_ovr,macro,35,0.17500000000000002,0.5046296296296297,,0.6933125,145
compact_cnn__b7_star_fixed10,participant_outer_oof,participant,macro_average_ovr,macro,36,0.18,0.5157407407407407,,0.6933125,145
compact_cnn__b7_star_fixed10,participant_outer_oof,participant,macro_average_ovr,macro,37,0.185,0.5157407407407407,,0.6933125,145
compact_cnn__b7_star_fixed10,participant_outer_oof,participant,macro_average_ovr,macro,38,0.19,0.5324074074074074,,0.6933125,145
compact_cnn__b7_star_fixed10,participant_outer_oof,participant,macro_average_ovr,macro,39,0.195,0.5324074074074074,,0.6933125,145
compact_cnn__b7_star_fixed10,participant_outer_oof,participant,macro_average_ovr,macro,40,0.2,0.5481481481481482,,0.6933125,145
compact_cnn__b7_star_fixed10,participant_outer_oof,participant,macro_average_ovr,macro,41,0.20500000000000002,0.5481481481481482,,0.6933125,145
compact_cnn__b7_star_fixed10,participant_outer_oof,participant,macro_average_ovr,macro,42,0.21,0.5555555555555555,,0.6933125,145
compact_cnn__b7_star_fixed10,participant_outer_oof,participant,macro_average_ovr,macro,43,0.215,0.5666666666666667,,0.6933125,145
compact_cnn__b7_star_fixed10,participant_outer_oof,participant,macro_average_ovr,macro,44,0.22,0.5666666666666667,,0.6933125,145
compact_cnn__b7_star_fixed10,participant_outer_oof,participant,macro_average_ovr,macro,45,0.225,0.5666666666666667,,0.6933125,145
compact_cnn__b7_star_fixed10,participant_outer_oof,participant,macro_average_ovr,macro,46,0.23,0.5740740740740741,,0.6933125,145
compact_cnn__b7_star_fixed10,participant_outer_oof,participant,macro_average_ovr,macro,47,0.23500000000000001,0.5740740740740741,,0.6933125,145
compact_cnn__b7_star_fixed10,participant_outer_oof,participant,macro_average_ovr,macro,48,0.24,0.5888888888888889,,0.6933125,145
compact_cnn__b7_star_fixed10,participant_outer_oof,participant,macro_average_ovr,macro,49,0.245,0.5888888888888889,,0.6933125,145
compact_cnn__b7_star_fixed10,participant_outer_oof,participant,macro_average_ovr,macro,50,0.25,0.5888888888888889,,0.6933125,145
compact_cnn__b7_star_fixed10,participant_outer_oof,participant,macro_average_ovr,macro,51,0.255,0.5888888888888889,,0.6933125,145
compact_cnn__b7_star_fixed10,participant_outer_oof,participant,macro_average_ovr,macro,52,0.26,0.5962962962962963,,0.6933125,145
compact_cnn__b7_star_fixed10,participant_outer_oof,participant,macro_average_ovr,macro,53,0.265,0.5962962962962963,,0.6933125,145
compact_cnn__b7_star_fixed10,participant_outer_oof,participant,macro_average_ovr,macro,54,0.27,0.5962962962962963,,0.6933125,145
compact_cnn__b7_star_fixed10,participant_outer_oof,participant,macro_average_ovr,macro,55,0.275,0.6074074074074074,,0.6933125,145
compact_cnn__b7_star_fixed10,participant_outer_oof,participant,macro_average_ovr,macro,56,0.28,0.6157407407407408,,0.6933125,145
compact_cnn__b7_star_fixed10,participant_outer_oof,participant,macro_average_ovr,macro,57,0.28500000000000003,0.6157407407407408,,0.6933125,145
compact_cnn__b7_star_fixed10,participant_outer_oof,participant,macro_average_ovr,macro,58,0.29,0.6157407407407408,,0.6933125,145
compact_cnn__b7_star_fixed10,participant_outer_oof,participant,macro_average_ovr,macro,59,0.295,0.6157407407407408,,0.6933125,145
compact_cnn__b7_star_fixed10,participant_outer_oof,participant,macro_average_ovr,macro,60,0.3,0.6157407407407408,,0.6933125,145
compact_cnn__b7_star_fixed10,participant_outer_oof,participant,macro_average_ovr,macro,61,0.305,0.6157407407407408,,0.6933125,145
compact_cnn__b7_star_fixed10,participant_outer_oof,participant,macro_average_ovr,macro,62,0.31,0.6157407407407408,,0.6933125,145
compact_cnn__b7_star_fixed10,participant_outer_oof,participant,macro_average_ovr,macro,63,0.315,0.6157407407407408,,0.6933125,145
compact_cnn__b7_star_fixed10,participant_outer_oof,participant,macro_average_ovr,macro,64,0.32,0.6157407407407408,,0.6933125,145
compact_cnn__b7_star_fixed10,participant_outer_oof,participant,macro_average_ovr,macro,65,0.325,0.6157407407407408,,0.6933125,145
compact_cnn__b7_star_fixed10,participant_outer_oof,participant,macro_average_ovr,macro,66,0.33,0.6212962962962963,,0.6933125,145
compact_cnn__b7_star_fixed10,participant_outer_oof,participant,macro_average_ovr,macro,67,0.335,0.6212962962962963,,0.6933125,145
compact_cnn__b7_star_fixed10,participant_outer_oof,participant,macro_average_ovr,macro,68,0.34,0.6212962962962963,,0.6933125,145
compact_cnn__b7_star_fixed10,participant_outer_oof,participant,macro_average_ovr,macro,69,0.34500000000000003,0.6324074074074074,,0.6933125,145
compact_cnn__b7_star_fixed10,participant_outer_oof,participant,macro_average_ovr,macro,70,0.35000000000000003,0.6324074074074074,,0.6933125,145
compact_cnn__b7_star_fixed10,participant_outer_oof,participant,macro_average_ovr,macro,71,0.355,0.637962962962963,,0.6933125,145
compact_cnn__b7_star_fixed10,participant_outer_oof,participant,macro_average_ovr,macro,72,0.36,0.637962962962963,,0.6933125,145
compact_cnn__b7_star_fixed10,participant_outer_oof,participant,macro_average_ovr,macro,73,0.365,0.6435185185185186,,0.6933125,145
compact_cnn__b7_star_fixed10,participant_outer_oof,participant,macro_average_ovr,macro,74,0.37,0.650925925925926,,0.6933125,145
compact_cnn__b7_star_fixed10,participant_outer_oof,participant,macro_average_ovr,macro,75,0.375,0.650925925925926,,0.6933125,145
compact_cnn__b7_star_fixed10,participant_outer_oof,participant,macro_average_ovr,macro,76,0.38,0.650925925925926,,0.6933125,145
compact_cnn__b7_star_fixed10,participant_outer_oof,participant,macro_average_ovr,macro,77,0.385,0.650925925925926,,0.6933125,145
compact_cnn__b7_star_fixed10,participant_outer_oof,participant,macro_average_ovr,macro,78,0.39,0.650925925925926,,0.6933125,145
compact_cnn__b7_star_fixed10,participant_outer_oof,participant,macro_average_ovr,macro,79,0.395,0.650925925925926,,0.6933125,145
compact_cnn__b7_star_fixed10,participant_outer_oof,participant,macro_average_ovr,macro,80,0.4,0.650925925925926,,0.6933125,145
compact_cnn__b7_star_fixed10,participant_outer_oof,participant,macro_average_ovr,macro,81,0.405,0.650925925925926,,0.6933125,145
compact_cnn__b7_star_fixed10,participant_outer_oof,participant,macro_average_ovr,macro,82,0.41000000000000003,0.650925925925926,,0.6933125,145
compact_cnn__b7_star_fixed10,participant_outer_oof,participant,macro_average_ovr,macro,83,0.41500000000000004,0.6564814814814816,,0.6933125,145
compact_cnn__b7_star_fixed10,participant_outer_oof,participant,macro_average_ovr,macro,84,0.42,0.6564814814814816,,0.6933125,145
compact_cnn__b7_star_fixed10,participant_outer_oof,participant,macro_average_ovr,macro,85,0.425,0.6564814814814816,,0.6933125,145
compact_cnn__b7_star_fixed10,participant_outer_oof,participant,macro_average_ovr,macro,86,0.43,0.6564814814814816,,0.6933125,145
compact_cnn__b7_star_fixed10,participant_outer_oof,participant,macro_average_ovr,macro,87,0.435,0.6564814814814816,,0.6933125,145
compact_cnn__b7_star_fixed10,participant_outer_oof,participant,macro_average_ovr,macro,88,0.44,0.6620370370370371,,0.6933125,145
compact_cnn__b7_star_fixed10,participant_outer_oof,participant,macro_average_ovr,macro,89,0.445,0.6620370370370371,,0.6933125,145
compact_cnn__b7_star_fixed10,participant_outer_oof,participant,macro_average_ovr,macro,90,0.45,0.6805555555555555,,0.6933125,145
compact_cnn__b7_star_fixed10,participant_outer_oof,participant,macro_average_ovr,macro,91,0.455,0.6805555555555555,,0.6933125,145
compact_cnn__b7_star_fixed10,participant_outer_oof,participant,macro_average_ovr,macro,92,0.46,0.686111111111111,,0.6933125,145
compact_cnn__b7_star_fixed10,participant_outer_oof,participant,macro_average_ovr,macro,93,0.465,0.686111111111111,,0.6933125,145
compact_cnn__b7_star_fixed10,participant_outer_oof,participant,macro_average_ovr,macro,94,0.47000000000000003,0.686111111111111,,0.6933125,145
compact_cnn__b7_star_fixed10,participant_outer_oof,participant,macro_average_ovr,macro,95,0.47500000000000003,0.686111111111111,,0.6933125,145
compact_cnn__b7_star_fixed10,participant_outer_oof,participant,macro_average_ovr,macro,96,0.48,0.6944444444444443,,0.6933125,145
compact_cnn__b7_star_fixed10,participant_outer_oof,participant,macro_average_ovr,macro,97,0.485,0.7000000000000001,,0.6933125,145
compact_cnn__b7_star_fixed10,participant_outer_oof,participant,macro_average_ovr,macro,98,0.49,0.7000000000000001,,0.6933125,145
compact_cnn__b7_star_fixed10,participant_outer_oof,participant,macro_average_ovr,macro,99,0.495,0.7055555555555556,,0.6933125,145
compact_cnn__b7_star_fixed10,participant_outer_oof,participant,macro_average_ovr,macro,100,0.5,0.7129629629629629,,0.6933125,145
compact_cnn__b7_star_fixed10,participant_outer_oof,participant,macro_average_ovr,macro,101,0.505,0.7212962962962962,,0.6933125,145
compact_cnn__b7_star_fixed10,participant_outer_oof,participant,macro_average_ovr,macro,102,0.51,0.7212962962962962,,0.6933125,145
compact_cnn__b7_star_fixed10,participant_outer_oof,participant,macro_average_ovr,macro,103,0.515,0.7212962962962962,,0.6933125,145
compact_cnn__b7_star_fixed10,participant_outer_oof,participant,macro_average_ovr,macro,104,0.52,0.7324074074074073,,0.6933125,145
compact_cnn__b7_star_fixed10,participant_outer_oof,participant,macro_average_ovr,macro,105,0.525,0.7324074074074073,,0.6933125,145
compact_cnn__b7_star_fixed10,participant_outer_oof,participant,macro_average_ovr,macro,106,0.53,0.7324074074074073,,0.6933125,145
compact_cnn__b7_star_fixed10,participant_outer_oof,participant,macro_average_ovr,macro,107,0.535,0.7324074074074073,,0.6933125,145
compact_cnn__b7_star_fixed10,participant_outer_oof,participant,macro_average_ovr,macro,108,0.54,0.7324074074074073,,0.6933125,145
compact_cnn__b7_star_fixed10,participant_outer_oof,participant,macro_average_ovr,macro,109,0.545,0.7546296296296297,,0.6933125,145
compact_cnn__b7_star_fixed10,participant_outer_oof,participant,macro_average_ovr,macro,110,0.55,0.762037037037037,,0.6933125,145
compact_cnn__b7_star_fixed10,participant_outer_oof,participant,macro_average_ovr,macro,111,0.555,0.7675925925925925,,0.6933125,145
compact_cnn__b7_star_fixed10,participant_outer_oof,participant,macro_average_ovr,macro,112,0.56,0.7675925925925925,,0.6933125,145
compact_cnn__b7_star_fixed10,participant_outer_oof,participant,macro_average_ovr,macro,113,0.5650000000000001,0.7675925925925925,,0.6933125,145
compact_cnn__b7_star_fixed10,participant_outer_oof,participant,macro_average_ovr,macro,114,0.5700000000000001,0.7675925925925925,,0.6933125,145
compact_cnn__b7_star_fixed10,participant_outer_oof,participant,macro_average_ovr,macro,115,0.5750000000000001,0.7759259259259258,,0.6933125,145
compact_cnn__b7_star_fixed10,participant_outer_oof,participant,macro_average_ovr,macro,116,0.58,0.7759259259259258,,0.6933125,145
compact_cnn__b7_star_fixed10,participant_outer_oof,participant,macro_average_ovr,macro,117,0.585,0.7842592592592593,,0.6933125,145
compact_cnn__b7_star_fixed10,participant_outer_oof,participant,macro_average_ovr,macro,118,0.59,0.7916666666666666,,0.6933125,145
compact_cnn__b7_star_fixed10,participant_outer_oof,participant,macro_average_ovr,macro,119,0.595,0.7916666666666666,,0.6933125,145
compact_cnn__b7_star_fixed10,participant_outer_oof,participant,macro_average_ovr,macro,120,0.6,0.8064814814814815,,0.6933125,145
compact_cnn__b7_star_fixed10,participant_outer_oof,participant,macro_average_ovr,macro,121,0.605,0.8064814814814815,,0.6933125,145
compact_cnn__b7_star_fixed10,participant_outer_oof,participant,macro_average_ovr,macro,122,0.61,0.8064814814814815,,0.6933125,145
compact_cnn__b7_star_fixed10,participant_outer_oof,participant,macro_average_ovr,macro,123,0.615,0.8064814814814815,,0.6933125,145
compact_cnn__b7_star_fixed10,participant_outer_oof,participant,macro_average_ovr,macro,124,0.62,0.8138888888888888,,0.6933125,145
compact_cnn__b7_star_fixed10,participant_outer_oof,participant,macro_average_ovr,macro,125,0.625,0.8194444444444443,,0.6933125,145
compact_cnn__b7_star_fixed10,participant_outer_oof,participant,macro_average_ovr,macro,126,0.63,0.8277777777777778,,0.6933125,145
compact_cnn__b7_star_fixed10,participant_outer_oof,participant,macro_average_ovr,macro,127,0.635,0.8277777777777778,,0.6933125,145
compact_cnn__b7_star_fixed10,participant_outer_oof,participant,macro_average_ovr,macro,128,0.64,0.8277777777777778,,0.6933125,145
compact_cnn__b7_star_fixed10,participant_outer_oof,participant,macro_average_ovr,macro,129,0.645,0.8277777777777778,,0.6933125,145
compact_cnn__b7_star_fixed10,participant_outer_oof,participant,macro_average_ovr,macro,130,0.65,0.8333333333333334,,0.6933125,145
compact_cnn__b7_star_fixed10,participant_outer_oof,participant,macro_average_ovr,macro,131,0.655,0.8333333333333334,,0.6933125,145
compact_cnn__b7_star_fixed10,participant_outer_oof,participant,macro_average_ovr,macro,132,0.66,0.8333333333333334,,0.6933125,145
compact_cnn__b7_star_fixed10,participant_outer_oof,participant,macro_average_ovr,macro,133,0.665,0.8333333333333334,,0.6933125,145
compact_cnn__b7_star_fixed10,participant_outer_oof,participant,macro_average_ovr,macro,134,0.67,0.8333333333333334,,0.6933125,145
compact_cnn__b7_star_fixed10,participant_outer_oof,participant,macro_average_ovr,macro,135,0.675,0.8333333333333334,,0.6933125,145
compact_cnn__b7_star_fixed10,participant_outer_oof,participant,macro_average_ovr,macro,136,0.68,0.8333333333333334,,0.6933125,145
compact_cnn__b7_star_fixed10,participant_outer_oof,participant,macro_average_ovr,macro,137,0.685,0.8333333333333334,,0.6933125,145
compact_cnn__b7_star_fixed10,participant_outer_oof,participant,macro_average_ovr,macro,138,0.6900000000000001,0.8416666666666667,,0.6933125,145
compact_cnn__b7_star_fixed10,participant_outer_oof,participant,macro_average_ovr,macro,139,0.6950000000000001,0.8472222222222223,,0.6933125,145
compact_cnn__b7_star_fixed10,participant_outer_oof,participant,macro_average_ovr,macro,140,0.7000000000000001,0.8546296296296297,,0.6933125,145
compact_cnn__b7_star_fixed10,participant_outer_oof,participant,macro_average_ovr,macro,141,0.705,0.8546296296296297,,0.6933125,145
compact_cnn__b7_star_fixed10,participant_outer_oof,participant,macro_average_ovr,macro,142,0.71,0.8546296296296297,,0.6933125,145
compact_cnn__b7_star_fixed10,participant_outer_oof,participant,macro_average_ovr,macro,143,0.715,0.862962962962963,,0.6933125,145
compact_cnn__b7_star_fixed10,participant_outer_oof,participant,macro_average_ovr,macro,144,0.72,0.8703703703703703,,0.6933125,145
compact_cnn__b7_star_fixed10,participant_outer_oof,participant,macro_average_ovr,macro,145,0.725,0.8703703703703703,,0.6933125,145
compact_cnn__b7_star_fixed10,participant_outer_oof,participant,macro_average_ovr,macro,146,0.73,0.8703703703703703,,0.6933125,145
compact_cnn__b7_star_fixed10,participant_outer_oof,participant,macro_average_ovr,macro,147,0.735,0.8703703703703703,,0.6933125,145
compact_cnn__b7_star_fixed10,participant_outer_oof,participant,macro_average_ovr,macro,148,0.74,0.8703703703703703,,0.6933125,145
compact_cnn__b7_star_fixed10,participant_outer_oof,participant,macro_average_ovr,macro,149,0.745,0.8703703703703703,,0.6933125,145
compact_cnn__b7_star_fixed10,participant_outer_oof,participant,macro_average_ovr,macro,150,0.75,0.8703703703703703,,0.6933125,145
compact_cnn__b7_star_fixed10,participant_outer_oof,participant,macro_average_ovr,macro,151,0.755,0.8787037037037037,,0.6933125,145
compact_cnn__b7_star_fixed10,participant_outer_oof,participant,macro_average_ovr,macro,152,0.76,0.8787037037037037,,0.6933125,145
compact_cnn__b7_star_fixed10,participant_outer_oof,participant,macro_average_ovr,macro,153,0.765,0.8842592592592592,,0.6933125,145
compact_cnn__b7_star_fixed10,participant_outer_oof,participant,macro_average_ovr,macro,154,0.77,0.8842592592592592,,0.6933125,145
compact_cnn__b7_star_fixed10,participant_outer_oof,participant,macro_average_ovr,macro,155,0.775,0.8842592592592592,,0.6933125,145
compact_cnn__b7_star_fixed10,participant_outer_oof,participant,macro_average_ovr,macro,156,0.78,0.8916666666666666,,0.6933125,145
compact_cnn__b7_star_fixed10,participant_outer_oof,participant,macro_average_ovr,macro,157,0.785,0.8916666666666666,,0.6933125,145
compact_cnn__b7_star_fixed10,participant_outer_oof,participant,macro_average_ovr,macro,158,0.79,0.8916666666666666,,0.6933125,145
compact_cnn__b7_star_fixed10,participant_outer_oof,participant,macro_average_ovr,macro,159,0.795,0.9,,0.6933125,145
compact_cnn__b7_star_fixed10,participant_outer_oof,participant,macro_average_ovr,macro,160,0.8,0.9,,0.6933125,145
compact_cnn__b7_star_fixed10,participant_outer_oof,participant,macro_average_ovr,macro,161,0.805,0.9,,0.6933125,145
compact_cnn__b7_star_fixed10,participant_outer_oof,participant,macro_average_ovr,macro,162,0.81,0.9,,0.6933125,145
compact_cnn__b7_star_fixed10,participant_outer_oof,participant,macro_average_ovr,macro,163,0.8150000000000001,0.9055555555555556,,0.6933125,145
compact_cnn__b7_star_fixed10,participant_outer_oof,participant,macro_average_ovr,macro,164,0.8200000000000001,0.9138888888888889,,0.6933125,145
compact_cnn__b7_star_fixed10,participant_outer_oof,participant,macro_average_ovr,macro,165,0.8250000000000001,0.9138888888888889,,0.6933125,145
compact_cnn__b7_star_fixed10,participant_outer_oof,participant,macro_average_ovr,macro,166,0.8300000000000001,0.9296296296296296,,0.6933125,145
compact_cnn__b7_star_fixed10,participant_outer_oof,participant,macro_average_ovr,macro,167,0.835,0.9296296296296296,,0.6933125,145
compact_cnn__b7_star_fixed10,participant_outer_oof,participant,macro_average_ovr,macro,168,0.84,0.9351851851851851,,0.6933125,145
compact_cnn__b7_star_fixed10,participant_outer_oof,participant,macro_average_ovr,macro,169,0.845,0.9351851851851851,,0.6933125,145
compact_cnn__b7_star_fixed10,participant_outer_oof,participant,macro_average_ovr,macro,170,0.85,0.9351851851851851,,0.6933125,145
compact_cnn__b7_star_fixed10,participant_outer_oof,participant,macro_average_ovr,macro,171,0.855,0.9351851851851851,,0.6933125,145
compact_cnn__b7_star_fixed10,participant_outer_oof,participant,macro_average_ovr,macro,172,0.86,0.9462962962962963,,0.6933125,145
compact_cnn__b7_star_fixed10,participant_outer_oof,participant,macro_average_ovr,macro,173,0.865,0.9462962962962963,,0.6933125,145
compact_cnn__b7_star_fixed10,participant_outer_oof,participant,macro_average_ovr,macro,174,0.87,0.9462962962962963,,0.6933125,145
compact_cnn__b7_star_fixed10,participant_outer_oof,participant,macro_average_ovr,macro,175,0.875,0.9462962962962963,,0.6933125,145
compact_cnn__b7_star_fixed10,participant_outer_oof,participant,macro_average_ovr,macro,176,0.88,0.9462962962962963,,0.6933125,145
compact_cnn__b7_star_fixed10,participant_outer_oof,participant,macro_average_ovr,macro,177,0.885,0.9462962962962963,,0.6933125,145
compact_cnn__b7_star_fixed10,participant_outer_oof,participant,macro_average_ovr,macro,178,0.89,0.9462962962962963,,0.6933125,145
compact_cnn__b7_star_fixed10,participant_outer_oof,participant,macro_average_ovr,macro,179,0.895,0.9740740740740742,,0.6933125,145
compact_cnn__b7_star_fixed10,participant_outer_oof,participant,macro_average_ovr,macro,180,0.9,0.9740740740740742,,0.6933125,145
compact_cnn__b7_star_fixed10,participant_outer_oof,participant,macro_average_ovr,macro,181,0.905,0.9740740740740742,,0.6933125,145
compact_cnn__b7_star_fixed10,participant_outer_oof,participant,macro_average_ovr,macro,182,0.91,0.9814814814814815,,0.6933125,145
compact_cnn__b7_star_fixed10,participant_outer_oof,participant,macro_average_ovr,macro,183,0.915,0.9814814814814815,,0.6933125,145
compact_cnn__b7_star_fixed10,participant_outer_oof,participant,macro_average_ovr,macro,184,0.92,1.0,,0.6933125,145
compact_cnn__b7_star_fixed10,participant_outer_oof,participant,macro_average_ovr,macro,185,0.925,1.0,,0.6933125,145
compact_cnn__b7_star_fixed10,participant_outer_oof,participant,macro_average_ovr,macro,186,0.93,1.0,,0.6933125,145
compact_cnn__b7_star_fixed10,participant_outer_oof,participant,macro_average_ovr,macro,187,0.935,1.0,,0.6933125,145
compact_cnn__b7_star_fixed10,participant_outer_oof,participant,macro_average_ovr,macro,188,0.9400000000000001,1.0,,0.6933125,145
compact_cnn__b7_star_fixed10,participant_outer_oof,participant,macro_average_ovr,macro,189,0.9450000000000001,1.0,,0.6933125,145
compact_cnn__b7_star_fixed10,participant_outer_oof,participant,macro_average_ovr,macro,190,0.9500000000000001,1.0,,0.6933125,145
compact_cnn__b7_star_fixed10,participant_outer_oof,participant,macro_average_ovr,macro,191,0.9550000000000001,1.0,,0.6933125,145
compact_cnn__b7_star_fixed10,participant_outer_oof,participant,macro_average_ovr,macro,192,0.96,1.0,,0.6933125,145
compact_cnn__b7_star_fixed10,participant_outer_oof,participant,macro_average_ovr,macro,193,0.965,1.0,,0.6933125,145
compact_cnn__b7_star_fixed10,participant_outer_oof,participant,macro_average_ovr,macro,194,0.97,1.0,,0.6933125,145
compact_cnn__b7_star_fixed10,participant_outer_oof,participant,macro_average_ovr,macro,195,0.975,1.0,,0.6933125,145
compact_cnn__b7_star_fixed10,participant_outer_oof,participant,macro_average_ovr,macro,196,0.98,1.0,,0.6933125,145
compact_cnn__b7_star_fixed10,participant_outer_oof,participant,macro_average_ovr,macro,197,0.985,1.0,,0.6933125,145
compact_cnn__b7_star_fixed10,participant_outer_oof,participant,macro_average_ovr,macro,198,0.99,1.0,,0.6933125,145
compact_cnn__b7_star_fixed10,participant_outer_oof,participant,macro_average_ovr,macro,199,0.995,1.0,,0.6933125,145
compact_cnn__b7_star_fixed10,participant_outer_oof,participant,macro_average_ovr,macro,200,1.0,1.0,,0.6933125,145
inception_full__b0_star_fixed10,participant_outer_oof,participant,one_vs_rest,0,0,0.0,0.0,,0.7562222222222222,145
inception_full__b0_star_fixed10,participant_outer_oof,participant,one_vs_rest,0,1,0.0,0.022222222222222223,0.9999991852173498,0.7562222222222222,145
inception_full__b0_star_fixed10,participant_outer_oof,participant,one_vs_rest,0,2,0.0,0.06666666666666667,0.9974406656251975,0.7562222222222222,145
inception_full__b0_star_fixed10,participant_outer_oof,participant,one_vs_rest,0,3,0.01,0.06666666666666667,0.98709556262119,0.7562222222222222,145
inception_full__b0_star_fixed10,participant_outer_oof,participant,one_vs_rest,0,4,0.01,0.1111111111111111,0.9781989117712596,0.7562222222222222,145
inception_full__b0_star_fixed10,participant_outer_oof,participant,one_vs_rest,0,5,0.03,0.1111111111111111,0.9650094393204087,0.7562222222222222,145
inception_full__b0_star_fixed10,participant_outer_oof,participant,one_vs_rest,0,6,0.03,0.13333333333333333,0.9622263564101263,0.7562222222222222,145
inception_full__b0_star_fixed10,participant_outer_oof,participant,one_vs_rest,0,7,0.04,0.13333333333333333,0.9496762600361162,0.7562222222222222,145
inception_full__b0_star_fixed10,participant_outer_oof,participant,one_vs_rest,0,8,0.04,0.17777777777777778,0.9395469434405779,0.7562222222222222,145
inception_full__b0_star_fixed10,participant_outer_oof,participant,one_vs_rest,0,9,0.05,0.17777777777777778,0.9311531397847326,0.7562222222222222,145
inception_full__b0_star_fixed10,participant_outer_oof,participant,one_vs_rest,0,10,0.05,0.2,0.9262559905243499,0.7562222222222222,145
inception_full__b0_star_fixed10,participant_outer_oof,participant,one_vs_rest,0,11,0.06,0.2,0.9119878753892576,0.7562222222222222,145
inception_full__b0_star_fixed10,participant_outer_oof,participant,one_vs_rest,0,12,0.06,0.28888888888888886,0.8720023194397605,0.7562222222222222,145
inception_full__b0_star_fixed10,participant_outer_oof,participant,one_vs_rest,0,13,0.07,0.28888888888888886,0.8576447426114437,0.7562222222222222,145
inception_full__b0_star_fixed10,participant_outer_oof,participant,one_vs_rest,0,14,0.07,0.3111111111111111,0.8301414780676108,0.7562222222222222,145
inception_full__b0_star_fixed10,participant_outer_oof,participant,one_vs_rest,0,15,0.08,0.3111111111111111,0.8113513610591084,0.7562222222222222,145
inception_full__b0_star_fixed10,participant_outer_oof,participant,one_vs_rest,0,16,0.08,0.3333333333333333,0.80630568741994,0.7562222222222222,145
inception_full__b0_star_fixed10,participant_outer_oof,participant,one_vs_rest,0,17,0.09,0.3333333333333333,0.7940984956014349,0.7562222222222222,145
inception_full__b0_star_fixed10,participant_outer_oof,participant,one_vs_rest,0,18,0.09,0.35555555555555557,0.7613040047826733,0.7562222222222222,145
inception_full__b0_star_fixed10,participant_outer_oof,participant,one_vs_rest,0,19,0.11,0.35555555555555557,0.741110818556326,0.7562222222222222,145
inception_full__b0_star_fixed10,participant_outer_oof,participant,one_vs_rest,0,20,0.11,0.37777777777777777,0.7292566399280608,0.7562222222222222,145
inception_full__b0_star_fixed10,participant_outer_oof,participant,one_vs_rest,0,21,0.17,0.37777777777777777,0.6745378447536995,0.7562222222222222,145
inception_full__b0_star_fixed10,participant_outer_oof,participant,one_vs_rest,0,22,0.17,0.4888888888888889,0.6130993943741235,0.7562222222222222,145
inception_full__b0_star_fixed10,participant_outer_oof,participant,one_vs_rest,0,23,0.22,0.4888888888888889,0.5551517931292832,0.7562222222222222,145
inception_full__b0_star_fixed10,participant_outer_oof,participant,one_vs_rest,0,24,0.22,0.6,0.4558203334746084,0.7562222222222222,145
inception_full__b0_star_fixed10,participant_outer_oof,participant,one_vs_rest,0,25,0.29,0.6,0.2935838524985869,0.7562222222222222,145
inception_full__b0_star_fixed10,participant_outer_oof,participant,one_vs_rest,0,26,0.29,0.6222222222222222,0.29017481480573803,0.7562222222222222,145
inception_full__b0_star_fixed10,participant_outer_oof,participant,one_vs_rest,0,27,0.34,0.6222222222222222,0.254925172723719,0.7562222222222222,145
inception_full__b0_star_fixed10,participant_outer_oof,participant,one_vs_rest,0,28,0.34,0.7555555555555555,0.19044543986154286,0.7562222222222222,145
inception_full__b0_star_fixed10,participant_outer_oof,participant,one_vs_rest,0,29,0.35,0.7555555555555555,0.16945977067478096,0.7562222222222222,145
inception_full__b0_star_fixed10,participant_outer_oof,participant,one_vs_rest,0,30,0.35,0.8,0.16204326076309328,0.7562222222222222,145
inception_full__b0_star_fixed10,participant_outer_oof,participant,one_vs_rest,0,31,0.37,0.8,0.14899933853695702,0.7562222222222222,145
inception_full__b0_star_fixed10,participant_outer_oof,participant,one_vs_rest,0,32,0.37,0.8222222222222222,0.14284512817104367,0.7562222222222222,145
inception_full__b0_star_fixed10,participant_outer_oof,participant,one_vs_rest,0,33,0.38,0.8222222222222222,0.14175137660572074,0.7562222222222222,145
inception_full__b0_star_fixed10,participant_outer_oof,participant,one_vs_rest,0,34,0.38,0.8444444444444444,0.14136649564498624,0.7562222222222222,145
inception_full__b0_star_fixed10,participant_outer_oof,participant,one_vs_rest,0,35,0.39,0.8444444444444444,0.13332475110102116,0.7562222222222222,145
inception_full__b0_star_fixed10,participant_outer_oof,participant,one_vs_rest,0,36,0.39,0.8666666666666667,0.12157794207770825,0.7562222222222222,145
inception_full__b0_star_fixed10,participant_outer_oof,participant,one_vs_rest,0,37,0.52,0.8666666666666667,0.06531942070253124,0.7562222222222222,145
inception_full__b0_star_fixed10,participant_outer_oof,participant,one_vs_rest,0,38,0.52,0.8888888888888888,0.0650916020124298,0.7562222222222222,145
inception_full__b0_star_fixed10,participant_outer_oof,participant,one_vs_rest,0,39,0.55,0.8888888888888888,0.049213671006902646,0.7562222222222222,145
inception_full__b0_star_fixed10,participant_outer_oof,participant,one_vs_rest,0,40,0.55,0.9111111111111111,0.04918447177624263,0.7562222222222222,145
inception_full__b0_star_fixed10,participant_outer_oof,participant,one_vs_rest,0,41,0.56,0.9111111111111111,0.048577259848310565,0.7562222222222222,145
inception_full__b0_star_fixed10,participant_outer_oof,participant,one_vs_rest,0,42,0.56,0.9333333333333333,0.04757876644295139,0.7562222222222222,145
inception_full__b0_star_fixed10,participant_outer_oof,participant,one_vs_rest,0,43,0.78,0.9333333333333333,0.003477936828579624,0.7562222222222222,145
inception_full__b0_star_fixed10,participant_outer_oof,participant,one_vs_rest,0,44,0.78,0.9555555555555556,0.003157853221228016,0.7562222222222222,145
inception_full__b0_star_fixed10,participant_outer_oof,participant,one_vs_rest,0,45,0.8,0.9555555555555556,0.002468463704171135,0.7562222222222222,145
inception_full__b0_star_fixed10,participant_outer_oof,participant,one_vs_rest,0,46,0.8,0.9777777777777777,0.0024564086239387377,0.7562222222222222,145
inception_full__b0_star_fixed10,participant_outer_oof,participant,one_vs_rest,0,47,0.87,0.9777777777777777,0.00027392460556658265,0.7562222222222222,145
inception_full__b0_star_fixed10,participant_outer_oof,participant,one_vs_rest,0,48,0.87,1.0,8.376059355498064e-05,0.7562222222222222,145
inception_full__b0_star_fixed10,participant_outer_oof,participant,one_vs_rest,0,49,1.0,1.0,5.025079979149144e-09,0.7562222222222222,145
inception_full__b0_star_fixed10,participant_outer_oof,participant,one_vs_rest,1,0,0.0,0.0,,0.6015686274509804,145
inception_full__b0_star_fixed10,participant_outer_oof,participant,one_vs_rest,1,1,0.0,0.016666666666666666,0.9947227718959507,0.6015686274509804,145
inception_full__b0_star_fixed10,participant_outer_oof,participant,one_vs_rest,1,2,0.03529411764705882,0.016666666666666666,0.981748662049485,0.6015686274509804,145
inception_full__b0_star_fixed10,participant_outer_oof,participant,one_vs_rest,1,3,0.03529411764705882,0.05,0.9683674124081885,0.6015686274509804,145
inception_full__b0_star_fixed10,participant_outer_oof,participant,one_vs_rest,1,4,0.047058823529411764,0.05,0.966299192755419,0.6015686274509804,145
inception_full__b0_star_fixed10,participant_outer_oof,participant,one_vs_rest,1,5,0.047058823529411764,0.06666666666666667,0.9633307761418851,0.6015686274509804,145
inception_full__b0_star_fixed10,participant_outer_oof,participant,one_vs_rest,1,6,0.058823529411764705,0.06666666666666667,0.956505381947503,0.6015686274509804,145
inception_full__b0_star_fixed10,participant_outer_oof,participant,one_vs_rest,1,7,0.058823529411764705,0.11666666666666667,0.9010562651053249,0.6015686274509804,145
inception_full__b0_star_fixed10,participant_outer_oof,participant,one_vs_rest,1,8,0.07058823529411765,0.11666666666666667,0.8948983759147866,0.6015686274509804,145
inception_full__b0_star_fixed10,participant_outer_oof,participant,one_vs_rest,1,9,0.07058823529411765,0.18333333333333332,0.8743261548714479,0.6015686274509804,145
inception_full__b0_star_fixed10,participant_outer_oof,participant,one_vs_rest,1,10,0.08235294117647059,0.18333333333333332,0.8529383554546831,0.6015686274509804,145
inception_full__b0_star_fixed10,participant_outer_oof,participant,one_vs_rest,1,11,0.08235294117647059,0.2,0.8396068794818059,0.6015686274509804,145
inception_full__b0_star_fixed10,participant_outer_oof,participant,one_vs_rest,1,12,0.10588235294117647,0.2,0.8342047740152049,0.6015686274509804,145
inception_full__b0_star_fixed10,participant_outer_oof,participant,one_vs_rest,1,13,0.10588235294117647,0.21666666666666667,0.8255580408227218,0.6015686274509804,145
inception_full__b0_star_fixed10,participant_outer_oof,participant,one_vs_rest,1,14,0.11764705882352941,0.21666666666666667,0.8245880416075135,0.6015686274509804,145
inception_full__b0_star_fixed10,participant_outer_oof,participant,one_vs_rest,1,15,0.11764705882352941,0.26666666666666666,0.8049182847715349,0.6015686274509804,145
inception_full__b0_star_fixed10,participant_outer_oof,participant,one_vs_rest,1,16,0.1411764705882353,0.26666666666666666,0.7993754486091951,0.6015686274509804,145
inception_full__b0_star_fixed10,participant_outer_oof,participant,one_vs_rest,1,17,0.1411764705882353,0.3,0.7973913597052313,0.6015686274509804,145
inception_full__b0_star_fixed10,participant_outer_oof,participant,one_vs_rest,1,18,0.16470588235294117,0.3,0.7724929141306698,0.6015686274509804,145
inception_full__b0_star_fixed10,participant_outer_oof,participant,one_vs_rest,1,19,0.16470588235294117,0.31666666666666665,0.7561502518200555,0.6015686274509804,145
inception_full__b0_star_fixed10,participant_outer_oof,participant,one_vs_rest,1,20,0.23529411764705882,0.31666666666666665,0.7072802535502757,0.6015686274509804,145
inception_full__b0_star_fixed10,participant_outer_oof,participant,one_vs_rest,1,21,0.23529411764705882,0.3333333333333333,0.7061852887676442,0.6015686274509804,145
inception_full__b0_star_fixed10,participant_outer_oof,participant,one_vs_rest,1,22,0.27058823529411763,0.3333333333333333,0.6722354165482513,0.6015686274509804,145
inception_full__b0_star_fixed10,participant_outer_oof,participant,one_vs_rest,1,23,0.27058823529411763,0.35,0.6662485610039204,0.6015686274509804,145
inception_full__b0_star_fixed10,participant_outer_oof,participant,one_vs_rest,1,24,0.29411764705882354,0.35,0.6320671324071885,0.6015686274509804,145
inception_full__b0_star_fixed10,participant_outer_oof,participant,one_vs_rest,1,25,0.29411764705882354,0.38333333333333336,0.6231172538527511,0.6015686274509804,145
inception_full__b0_star_fixed10,participant_outer_oof,participant,one_vs_rest,1,26,0.3058823529411765,0.38333333333333336,0.6021176145147784,0.6015686274509804,145
inception_full__b0_star_fixed10,participant_outer_oof,participant,one_vs_rest,1,27,0.3058823529411765,0.4166666666666667,0.59028238260561,0.6015686274509804,145
inception_full__b0_star_fixed10,participant_outer_oof,participant,one_vs_rest,1,28,0.3176470588235294,0.4166666666666667,0.5895387726939167,0.6015686274509804,145
inception_full__b0_star_fixed10,participant_outer_oof,participant,one_vs_rest,1,29,0.3176470588235294,0.45,0.5592948355787326,0.6015686274509804,145
inception_full__b0_star_fixed10,participant_outer_oof,participant,one_vs_rest,1,30,0.32941176470588235,0.45,0.5568037554253271,0.6015686274509804,145
inception_full__b0_star_fixed10,participant_outer_oof,participant,one_vs_rest,1,31,0.32941176470588235,0.4666666666666667,0.5523410281129986,0.6015686274509804,145
inception_full__b0_star_fixed10,participant_outer_oof,participant,one_vs_rest,1,32,0.36470588235294116,0.4666666666666667,0.49741784117060134,0.6015686274509804,145
inception_full__b0_star_fixed10,participant_outer_oof,participant,one_vs_rest,1,33,0.36470588235294116,0.48333333333333334,0.49192167159097105,0.6015686274509804,145
inception_full__b0_star_fixed10,participant_outer_oof,participant,one_vs_rest,1,34,0.4,0.48333333333333334,0.4773254905459757,0.6015686274509804,145
inception_full__b0_star_fixed10,participant_outer_oof,participant,one_vs_rest,1,35,0.4,0.5,0.4628106011349093,0.6015686274509804,145
inception_full__b0_star_fixed10,participant_outer_oof,participant,one_vs_rest,1,36,0.4235294117647059,0.5,0.450828496991027,0.6015686274509804,145
inception_full__b0_star_fixed10,participant_outer_oof,participant,one_vs_rest,1,37,0.4235294117647059,0.5333333333333333,0.43829034905195985,0.6015686274509804,145
inception_full__b0_star_fixed10,participant_outer_oof,participant,one_vs_rest,1,38,0.43529411764705883,0.5333333333333333,0.4324290100224813,0.6015686274509804,145
inception_full__b0_star_fixed10,participant_outer_oof,participant,one_vs_rest,1,39,0.43529411764705883,0.55,0.4314522927149092,0.6015686274509804,145
inception_full__b0_star_fixed10,participant_outer_oof,participant,one_vs_rest,1,40,0.4470588235294118,0.55,0.39272220198297414,0.6015686274509804,145
inception_full__b0_star_fixed10,participant_outer_oof,participant,one_vs_rest,1,41,0.4470588235294118,0.5666666666666667,0.3913178664206841,0.6015686274509804,145
inception_full__b0_star_fixed10,participant_outer_oof,participant,one_vs_rest,1,42,0.4823529411764706,0.5666666666666667,0.3637006525692576,0.6015686274509804,145
inception_full__b0_star_fixed10,participant_outer_oof,participant,one_vs_rest,1,43,0.4823529411764706,0.5833333333333334,0.3587604268781626,0.6015686274509804,145
inception_full__b0_star_fixed10,participant_outer_oof,participant,one_vs_rest,1,44,0.5176470588235295,0.5833333333333334,0.33966051673495806,0.6015686274509804,145
inception_full__b0_star_fixed10,participant_outer_oof,participant,one_vs_rest,1,45,0.5176470588235295,0.6333333333333333,0.2930634602268336,0.6015686274509804,145
inception_full__b0_star_fixed10,participant_outer_oof,participant,one_vs_rest,1,46,0.5647058823529412,0.6333333333333333,0.2674149614423455,0.6015686274509804,145
inception_full__b0_star_fixed10,participant_outer_oof,participant,one_vs_rest,1,47,0.5647058823529412,0.7333333333333333,0.24994860757579707,0.6015686274509804,145
inception_full__b0_star_fixed10,participant_outer_oof,participant,one_vs_rest,1,48,0.5764705882352941,0.7333333333333333,0.23617252098414876,0.6015686274509804,145
inception_full__b0_star_fixed10,participant_outer_oof,participant,one_vs_rest,1,49,0.5764705882352941,0.75,0.22399091597005372,0.6015686274509804,145
inception_full__b0_star_fixed10,participant_outer_oof,participant,one_vs_rest,1,50,0.5882352941176471,0.75,0.21922151456685426,0.6015686274509804,145
inception_full__b0_star_fixed10,participant_outer_oof,participant,one_vs_rest,1,51,0.5882352941176471,0.8,0.16665171544754706,0.6015686274509804,145
inception_full__b0_star_fixed10,participant_outer_oof,participant,one_vs_rest,1,52,0.6588235294117647,0.8,0.09587787925416738,0.6015686274509804,145
inception_full__b0_star_fixed10,participant_outer_oof,participant,one_vs_rest,1,53,0.6588235294117647,0.8166666666666667,0.09515944463225573,0.6015686274509804,145
inception_full__b0_star_fixed10,participant_outer_oof,participant,one_vs_rest,1,54,0.6705882352941176,0.8166666666666667,0.09055300229252523,0.6015686274509804,145
inception_full__b0_star_fixed10,participant_outer_oof,participant,one_vs_rest,1,55,0.6705882352941176,0.85,0.07795307975911389,0.6015686274509804,145
inception_full__b0_star_fixed10,participant_outer_oof,participant,one_vs_rest,1,56,0.6941176470588235,0.85,0.06873968331711075,0.6015686274509804,145
inception_full__b0_star_fixed10,participant_outer_oof,participant,one_vs_rest,1,57,0.6941176470588235,0.8666666666666667,0.06610148739059754,0.6015686274509804,145
inception_full__b0_star_fixed10,participant_outer_oof,participant,one_vs_rest,1,58,0.7294117647058823,0.8666666666666667,0.05962393698012798,0.6015686274509804,145
inception_full__b0_star_fixed10,participant_outer_oof,participant,one_vs_rest,1,59,0.7294117647058823,0.8833333333333333,0.058216446463790164,0.6015686274509804,145
inception_full__b0_star_fixed10,participant_outer_oof,participant,one_vs_rest,1,60,0.8117647058823529,0.8833333333333333,0.029261890763094784,0.6015686274509804,145
inception_full__b0_star_fixed10,participant_outer_oof,participant,one_vs_rest,1,61,0.8117647058823529,0.9,0.028028824085739524,0.6015686274509804,145
inception_full__b0_star_fixed10,participant_outer_oof,participant,one_vs_rest,1,62,0.8235294117647058,0.9,0.027084903786699942,0.6015686274509804,145
inception_full__b0_star_fixed10,participant_outer_oof,participant,one_vs_rest,1,63,0.8235294117647058,0.9333333333333333,0.021829402524485477,0.6015686274509804,145
inception_full__b0_star_fixed10,participant_outer_oof,participant,one_vs_rest,1,64,0.8470588235294118,0.9333333333333333,0.018267318208891423,0.6015686274509804,145
inception_full__b0_star_fixed10,participant_outer_oof,participant,one_vs_rest,1,65,0.8470588235294118,0.9666666666666667,0.016233352674710055,0.6015686274509804,145
inception_full__b0_star_fixed10,participant_outer_oof,participant,one_vs_rest,1,66,0.8823529411764706,0.9666666666666667,0.010776914011714926,0.6015686274509804,145
inception_full__b0_star_fixed10,participant_outer_oof,participant,one_vs_rest,1,67,0.8823529411764706,0.9833333333333333,0.009271077974386947,0.6015686274509804,145
inception_full__b0_star_fixed10,participant_outer_oof,participant,one_vs_rest,1,68,0.9529411764705882,0.9833333333333333,0.00026970640979247327,0.6015686274509804,145
inception_full__b0_star_fixed10,participant_outer_oof,participant,one_vs_rest,1,69,0.9529411764705882,1.0,2.291624423570489e-05,0.6015686274509804,145
inception_full__b0_star_fixed10,participant_outer_oof,participant,one_vs_rest,1,70,1.0,1.0,7.058216043208309e-07,0.6015686274509804,145
inception_full__b0_star_fixed10,participant_outer_oof,participant,one_vs_rest,2,0,0.0,0.0,,0.8321428571428572,145
inception_full__b0_star_fixed10,participant_outer_oof,participant,one_vs_rest,2,1,0.0,0.025,0.9997228524435435,0.8321428571428572,145
inception_full__b0_star_fixed10,participant_outer_oof,participant,one_vs_rest,2,2,0.0,0.325,0.9272701803061011,0.8321428571428572,145
inception_full__b0_star_fixed10,participant_outer_oof,participant,one_vs_rest,2,3,0.01904761904761905,0.325,0.8885951628447875,0.8321428571428572,145
inception_full__b0_star_fixed10,participant_outer_oof,participant,one_vs_rest,2,4,0.01904761904761905,0.475,0.7325790973017311,0.8321428571428572,145
inception_full__b0_star_fixed10,participant_outer_oof,participant,one_vs_rest,2,5,0.02857142857142857,0.475,0.7264429484155369,0.8321428571428572,145
inception_full__b0_star_fixed10,participant_outer_oof,participant,one_vs_rest,2,6,0.02857142857142857,0.525,0.6550472032660957,0.8321428571428572,145
inception_full__b0_star_fixed10,participant_outer_oof,participant,one_vs_rest,2,7,0.047619047619047616,0.525,0.6429311892539529,0.8321428571428572,145
inception_full__b0_star_fixed10,participant_outer_oof,participant,one_vs_rest,2,8,0.047619047619047616,0.625,0.5661812618834954,0.8321428571428572,145
inception_full__b0_star_fixed10,participant_outer_oof,participant,one_vs_rest,2,9,0.08571428571428572,0.625,0.47535738247829473,0.8321428571428572,145
inception_full__b0_star_fixed10,participant_outer_oof,participant,one_vs_rest,2,10,0.08571428571428572,0.65,0.4460027489587173,0.8321428571428572,145
inception_full__b0_star_fixed10,participant_outer_oof,participant,one_vs_rest,2,11,0.13333333333333333,0.65,0.36807952558240853,0.8321428571428572,145
inception_full__b0_star_fixed10,participant_outer_oof,participant,one_vs_rest,2,12,0.13333333333333333,0.675,0.3678552260304947,0.8321428571428572,145
inception_full__b0_star_fixed10,participant_outer_oof,participant,one_vs_rest,2,13,0.19047619047619047,0.675,0.2785801116755061,0.8321428571428572,145
inception_full__b0_star_fixed10,participant_outer_oof,participant,one_vs_rest,2,14,0.19047619047619047,0.75,0.265218740415959,0.8321428571428572,145
inception_full__b0_star_fixed10,participant_outer_oof,participant,one_vs_rest,2,15,0.2761904761904762,0.75,0.18407210187407969,0.8321428571428572,145
inception_full__b0_star_fixed10,participant_outer_oof,participant,one_vs_rest,2,16,0.2761904761904762,0.775,0.17193402156390686,0.8321428571428572,145
inception_full__b0_star_fixed10,participant_outer_oof,participant,one_vs_rest,2,17,0.3238095238095238,0.775,0.14570383771959766,0.8321428571428572,145
inception_full__b0_star_fixed10,participant_outer_oof,participant,one_vs_rest,2,18,0.3238095238095238,0.8,0.12798555292603334,0.8321428571428572,145
inception_full__b0_star_fixed10,participant_outer_oof,participant,one_vs_rest,2,19,0.47619047619047616,0.8,0.0471958127563004,0.8321428571428572,145
inception_full__b0_star_fixed10,participant_outer_oof,participant,one_vs_rest,2,20,0.47619047619047616,0.825,0.04349274925048023,0.8321428571428572,145
inception_full__b0_star_fixed10,participant_outer_oof,participant,one_vs_rest,2,21,0.5904761904761905,0.825,0.019506325380982282,0.8321428571428572,145
inception_full__b0_star_fixed10,participant_outer_oof,participant,one_vs_rest,2,22,0.5904761904761905,0.85,0.018472107431035292,0.8321428571428572,145
inception_full__b0_star_fixed10,participant_outer_oof,participant,one_vs_rest,2,23,0.6,0.85,0.017865256872377205,0.8321428571428572,145
inception_full__b0_star_fixed10,participant_outer_oof,participant,one_vs_rest,2,24,0.6,0.875,0.017851949236099035,0.8321428571428572,145
inception_full__b0_star_fixed10,participant_outer_oof,participant,one_vs_rest,2,25,0.6285714285714286,0.875,0.015394780705971186,0.8321428571428572,145
inception_full__b0_star_fixed10,participant_outer_oof,participant,one_vs_rest,2,26,0.6285714285714286,0.9,0.014818257125481982,0.8321428571428572,145
inception_full__b0_star_fixed10,participant_outer_oof,participant,one_vs_rest,2,27,0.638095238095238,0.9,0.014584083994671685,0.8321428571428572,145
inception_full__b0_star_fixed10,participant_outer_oof,participant,one_vs_rest,2,28,0.638095238095238,0.975,0.011038442176260679,0.8321428571428572,145
inception_full__b0_star_fixed10,participant_outer_oof,participant,one_vs_rest,2,29,0.7523809523809524,0.975,0.0037638498320453303,0.8321428571428572,145
inception_full__b0_star_fixed10,participant_outer_oof,participant,one_vs_rest,2,30,0.7523809523809524,1.0,0.003636600230091992,0.8321428571428572,145
inception_full__b0_star_fixed10,participant_outer_oof,participant,one_vs_rest,2,31,1.0,1.0,1.0896104599000481e-07,0.8321428571428572,145
inception_full__b0_star_fixed10,participant_outer_oof,participant,macro_average_ovr,macro,0,0.0,0.1361111111111111,,0.7308587962962962,145
inception_full__b0_star_fixed10,participant_outer_oof,participant,macro_average_ovr,macro,1,0.005,0.1361111111111111,,0.7308587962962962,145
inception_full__b0_star_fixed10,participant_outer_oof,participant,macro_average_ovr,macro,2,0.01,0.15092592592592594,,0.7308587962962962,145
inception_full__b0_star_fixed10,participant_outer_oof,participant,macro_average_ovr,macro,3,0.015,0.15092592592592594,,0.7308587962962962,145
inception_full__b0_star_fixed10,participant_outer_oof,participant,macro_average_ovr,macro,4,0.02,0.20092592592592592,,0.7308587962962962,145
inception_full__b0_star_fixed10,participant_outer_oof,participant,macro_average_ovr,macro,5,0.025,0.20092592592592592,,0.7308587962962962,145
inception_full__b0_star_fixed10,participant_outer_oof,participant,macro_average_ovr,macro,6,0.03,0.225,,0.7308587962962962,145
inception_full__b0_star_fixed10,participant_outer_oof,participant,macro_average_ovr,macro,7,0.035,0.225,,0.7308587962962962,145
inception_full__b0_star_fixed10,participant_outer_oof,participant,macro_average_ovr,macro,8,0.04,0.25092592592592594,,0.7308587962962962,145
inception_full__b0_star_fixed10,participant_outer_oof,participant,macro_average_ovr,macro,9,0.045,0.25092592592592594,,0.7308587962962962,145
inception_full__b0_star_fixed10,participant_outer_oof,participant,macro_average_ovr,macro,10,0.05,0.2972222222222222,,0.7308587962962962,145
inception_full__b0_star_fixed10,participant_outer_oof,participant,macro_average_ovr,macro,11,0.055,0.2972222222222222,,0.7308587962962962,145
inception_full__b0_star_fixed10,participant_outer_oof,participant,macro_average_ovr,macro,12,0.06,0.3435185185185185,,0.7308587962962962,145
inception_full__b0_star_fixed10,participant_outer_oof,participant,macro_average_ovr,macro,13,0.065,0.3435185185185185,,0.7308587962962962,145
inception_full__b0_star_fixed10,participant_outer_oof,participant,macro_average_ovr,macro,14,0.07,0.3509259259259259,,0.7308587962962962,145
inception_full__b0_star_fixed10,participant_outer_oof,participant,macro_average_ovr,macro,15,0.075,0.3731481481481482,,0.7308587962962962,145
inception_full__b0_star_fixed10,participant_outer_oof,participant,macro_average_ovr,macro,16,0.08,0.38055555555555554,,0.7308587962962962,145
inception_full__b0_star_fixed10,participant_outer_oof,participant,macro_average_ovr,macro,17,0.085,0.38611111111111107,,0.7308587962962962,145
inception_full__b0_star_fixed10,participant_outer_oof,participant,macro_average_ovr,macro,18,0.09,0.4018518518518519,,0.7308587962962962,145
inception_full__b0_star_fixed10,participant_outer_oof,participant,macro_average_ovr,macro,19,0.095,0.4018518518518519,,0.7308587962962962,145
inception_full__b0_star_fixed10,participant_outer_oof,participant,macro_average_ovr,macro,20,0.1,0.4018518518518519,,0.7308587962962962,145
inception_full__b0_star_fixed10,participant_outer_oof,participant,macro_average_ovr,macro,21,0.105,0.4018518518518519,,0.7308587962962962,145
inception_full__b0_star_fixed10,participant_outer_oof,participant,macro_average_ovr,macro,22,0.11,0.4148148148148148,,0.7308587962962962,145
inception_full__b0_star_fixed10,participant_outer_oof,participant,macro_average_ovr,macro,23,0.115,0.4148148148148148,,0.7308587962962962,145
inception_full__b0_star_fixed10,participant_outer_oof,participant,macro_average_ovr,macro,24,0.12,0.4314814814814814,,0.7308587962962962,145
inception_full__b0_star_fixed10,participant_outer_oof,participant,macro_average_ovr,macro,25,0.125,0.4314814814814814,,0.7308587962962962,145
inception_full__b0_star_fixed10,participant_outer_oof,participant,macro_average_ovr,macro,26,0.13,0.4314814814814814,,0.7308587962962962,145
inception_full__b0_star_fixed10,participant_outer_oof,participant,macro_average_ovr,macro,27,0.135,0.4398148148148148,,0.7308587962962962,145
inception_full__b0_star_fixed10,participant_outer_oof,participant,macro_average_ovr,macro,28,0.14,0.4398148148148148,,0.7308587962962962,145
inception_full__b0_star_fixed10,participant_outer_oof,participant,macro_average_ovr,macro,29,0.145,0.45092592592592595,,0.7308587962962962,145
inception_full__b0_star_fixed10,participant_outer_oof,participant,macro_average_ovr,macro,30,0.15,0.45092592592592595,,0.7308587962962962,145
inception_full__b0_star_fixed10,participant_outer_oof,participant,macro_average_ovr,macro,31,0.155,0.45092592592592595,,0.7308587962962962,145
inception_full__b0_star_fixed10,participant_outer_oof,participant,macro_average_ovr,macro,32,0.16,0.45092592592592595,,0.7308587962962962,145
inception_full__b0_star_fixed10,participant_outer_oof,participant,macro_average_ovr,macro,33,0.165,0.4564814814814815,,0.7308587962962962,145
inception_full__b0_star_fixed10,participant_outer_oof,participant,macro_average_ovr,macro,34,0.17,0.4935185185185185,,0.7308587962962962,145
inception_full__b0_star_fixed10,participant_outer_oof,participant,macro_average_ovr,macro,35,0.17500000000000002,0.4935185185185185,,0.7308587962962962,145
inception_full__b0_star_fixed10,participant_outer_oof,participant,macro_average_ovr,macro,36,0.18,0.4935185185185185,,0.7308587962962962,145
inception_full__b0_star_fixed10,participant_outer_oof,participant,macro_average_ovr,macro,37,0.185,0.4935185185185185,,0.7308587962962962,145
inception_full__b0_star_fixed10,participant_outer_oof,participant,macro_average_ovr,macro,38,0.19,0.4935185185185185,,0.7308587962962962,145
inception_full__b0_star_fixed10,participant_outer_oof,participant,macro_average_ovr,macro,39,0.195,0.5185185185185185,,0.7308587962962962,145
inception_full__b0_star_fixed10,participant_outer_oof,participant,macro_average_ovr,macro,40,0.2,0.5185185185185185,,0.7308587962962962,145
inception_full__b0_star_fixed10,participant_outer_oof,participant,macro_average_ovr,macro,41,0.20500000000000002,0.5185185185185185,,0.7308587962962962,145
inception_full__b0_star_fixed10,participant_outer_oof,participant,macro_average_ovr,macro,42,0.21,0.5185185185185185,,0.7308587962962962,145
inception_full__b0_star_fixed10,participant_outer_oof,participant,macro_average_ovr,macro,43,0.215,0.5185185185185185,,0.7308587962962962,145
inception_full__b0_star_fixed10,participant_outer_oof,participant,macro_average_ovr,macro,44,0.22,0.5555555555555555,,0.7308587962962962,145
inception_full__b0_star_fixed10,participant_outer_oof,participant,macro_average_ovr,macro,45,0.225,0.5555555555555555,,0.7308587962962962,145
inception_full__b0_star_fixed10,participant_outer_oof,participant,macro_average_ovr,macro,46,0.23,0.5555555555555555,,0.7308587962962962,145
inception_full__b0_star_fixed10,participant_outer_oof,participant,macro_average_ovr,macro,47,0.23500000000000001,0.5555555555555555,,0.7308587962962962,145
inception_full__b0_star_fixed10,participant_outer_oof,participant,macro_average_ovr,macro,48,0.24,0.5611111111111111,,0.7308587962962962,145
inception_full__b0_star_fixed10,participant_outer_oof,participant,macro_average_ovr,macro,49,0.245,0.5611111111111111,,0.7308587962962962,145
inception_full__b0_star_fixed10,participant_outer_oof,participant,macro_average_ovr,macro,50,0.25,0.5611111111111111,,0.7308587962962962,145
inception_full__b0_star_fixed10,participant_outer_oof,participant,macro_average_ovr,macro,51,0.255,0.5611111111111111,,0.7308587962962962,145
inception_full__b0_star_fixed10,participant_outer_oof,participant,macro_average_ovr,macro,52,0.26,0.5611111111111111,,0.7308587962962962,145
inception_full__b0_star_fixed10,participant_outer_oof,participant,macro_average_ovr,macro,53,0.265,0.5611111111111111,,0.7308587962962962,145
inception_full__b0_star_fixed10,participant_outer_oof,participant,macro_average_ovr,macro,54,0.27,0.5611111111111111,,0.7308587962962962,145
inception_full__b0_star_fixed10,participant_outer_oof,participant,macro_average_ovr,macro,55,0.275,0.5666666666666667,,0.7308587962962962,145
inception_full__b0_star_fixed10,participant_outer_oof,participant,macro_average_ovr,macro,56,0.28,0.5750000000000001,,0.7308587962962962,145
inception_full__b0_star_fixed10,participant_outer_oof,participant,macro_average_ovr,macro,57,0.28500000000000003,0.5750000000000001,,0.7308587962962962,145
inception_full__b0_star_fixed10,participant_outer_oof,participant,macro_average_ovr,macro,58,0.29,0.5824074074074074,,0.7308587962962962,145
inception_full__b0_star_fixed10,participant_outer_oof,participant,macro_average_ovr,macro,59,0.295,0.5935185185185184,,0.7308587962962962,145
inception_full__b0_star_fixed10,participant_outer_oof,participant,macro_average_ovr,macro,60,0.3,0.5935185185185184,,0.7308587962962962,145
inception_full__b0_star_fixed10,participant_outer_oof,participant,macro_average_ovr,macro,61,0.305,0.5935185185185184,,0.7308587962962962,145
inception_full__b0_star_fixed10,participant_outer_oof,participant,macro_average_ovr,macro,62,0.31,0.6046296296296297,,0.7308587962962962,145
inception_full__b0_star_fixed10,participant_outer_oof,participant,macro_average_ovr,macro,63,0.315,0.6046296296296297,,0.7308587962962962,145
inception_full__b0_star_fixed10,participant_outer_oof,participant,macro_average_ovr,macro,64,0.32,0.6157407407407408,,0.7308587962962962,145
inception_full__b0_star_fixed10,participant_outer_oof,participant,macro_average_ovr,macro,65,0.325,0.6240740740740741,,0.7308587962962962,145
inception_full__b0_star_fixed10,participant_outer_oof,participant,macro_average_ovr,macro,66,0.33,0.6296296296296297,,0.7308587962962962,145
inception_full__b0_star_fixed10,participant_outer_oof,participant,macro_average_ovr,macro,67,0.335,0.6296296296296297,,0.7308587962962962,145
inception_full__b0_star_fixed10,participant_outer_oof,participant,macro_average_ovr,macro,68,0.34,0.674074074074074,,0.7308587962962962,145
inception_full__b0_star_fixed10,participant_outer_oof,participant,macro_average_ovr,macro,69,0.34500000000000003,0.674074074074074,,0.7308587962962962,145
inception_full__b0_star_fixed10,participant_outer_oof,participant,macro_average_ovr,macro,70,0.35000000000000003,0.6888888888888888,,0.7308587962962962,145
inception_full__b0_star_fixed10,participant_outer_oof,participant,macro_average_ovr,macro,71,0.355,0.6888888888888888,,0.7308587962962962,145
inception_full__b0_star_fixed10,participant_outer_oof,participant,macro_average_ovr,macro,72,0.36,0.6888888888888888,,0.7308587962962962,145
inception_full__b0_star_fixed10,participant_outer_oof,participant,macro_average_ovr,macro,73,0.365,0.6944444444444445,,0.7308587962962962,145
inception_full__b0_star_fixed10,participant_outer_oof,participant,macro_average_ovr,macro,74,0.37,0.7018518518518518,,0.7308587962962962,145
inception_full__b0_star_fixed10,participant_outer_oof,participant,macro_average_ovr,macro,75,0.375,0.7018518518518518,,0.7308587962962962,145
inception_full__b0_star_fixed10,participant_outer_oof,participant,macro_average_ovr,macro,76,0.38,0.7092592592592593,,0.7308587962962962,145
inception_full__b0_star_fixed10,participant_outer_oof,participant,macro_average_ovr,macro,77,0.385,0.7092592592592593,,0.7308587962962962,145
inception_full__b0_star_fixed10,participant_outer_oof,participant,macro_average_ovr,macro,78,0.39,0.7166666666666668,,0.7308587962962962,145
inception_full__b0_star_fixed10,participant_outer_oof,participant,macro_average_ovr,macro,79,0.395,0.7166666666666668,,0.7308587962962962,145
inception_full__b0_star_fixed10,participant_outer_oof,participant,macro_average_ovr,macro,80,0.4,0.7222222222222223,,0.7308587962962962,145
inception_full__b0_star_fixed10,participant_outer_oof,participant,macro_average_ovr,macro,81,0.405,0.7222222222222223,,0.7308587962962962,145
inception_full__b0_star_fixed10,participant_outer_oof,participant,macro_average_ovr,macro,82,0.41000000000000003,0.7222222222222223,,0.7308587962962962,145
inception_full__b0_star_fixed10,participant_outer_oof,participant,macro_average_ovr,macro,83,0.41500000000000004,0.7222222222222223,,0.7308587962962962,145
inception_full__b0_star_fixed10,participant_outer_oof,participant,macro_average_ovr,macro,84,0.42,0.7222222222222223,,0.7308587962962962,145
inception_full__b0_star_fixed10,participant_outer_oof,participant,macro_average_ovr,macro,85,0.425,0.7333333333333334,,0.7308587962962962,145
inception_full__b0_star_fixed10,participant_outer_oof,participant,macro_average_ovr,macro,86,0.43,0.7333333333333334,,0.7308587962962962,145
inception_full__b0_star_fixed10,participant_outer_oof,participant,macro_average_ovr,macro,87,0.435,0.7333333333333334,,0.7308587962962962,145
inception_full__b0_star_fixed10,participant_outer_oof,participant,macro_average_ovr,macro,88,0.44,0.7388888888888889,,0.7308587962962962,145
inception_full__b0_star_fixed10,participant_outer_oof,participant,macro_average_ovr,macro,89,0.445,0.7388888888888889,,0.7308587962962962,145
inception_full__b0_star_fixed10,participant_outer_oof,participant,macro_average_ovr,macro,90,0.45,0.7444444444444445,,0.7308587962962962,145
inception_full__b0_star_fixed10,participant_outer_oof,participant,macro_average_ovr,macro,91,0.455,0.7444444444444445,,0.7308587962962962,145
inception_full__b0_star_fixed10,participant_outer_oof,participant,macro_average_ovr,macro,92,0.46,0.7444444444444445,,0.7308587962962962,145
inception_full__b0_star_fixed10,participant_outer_oof,participant,macro_average_ovr,macro,93,0.465,0.7444444444444445,,0.7308587962962962,145
inception_full__b0_star_fixed10,participant_outer_oof,participant,macro_average_ovr,macro,94,0.47000000000000003,0.7444444444444445,,0.7308587962962962,145
inception_full__b0_star_fixed10,participant_outer_oof,participant,macro_average_ovr,macro,95,0.47500000000000003,0.7444444444444445,,0.7308587962962962,145
inception_full__b0_star_fixed10,participant_outer_oof,participant,macro_average_ovr,macro,96,0.48,0.7527777777777778,,0.7308587962962962,145
inception_full__b0_star_fixed10,participant_outer_oof,participant,macro_average_ovr,macro,97,0.485,0.7583333333333334,,0.7308587962962962,145
inception_full__b0_star_fixed10,participant_outer_oof,participant,macro_average_ovr,macro,98,0.49,0.7583333333333334,,0.7308587962962962,145
inception_full__b0_star_fixed10,participant_outer_oof,participant,macro_average_ovr,macro,99,0.495,0.7583333333333334,,0.7308587962962962,145
inception_full__b0_star_fixed10,participant_outer_oof,participant,macro_average_ovr,macro,100,0.5,0.7583333333333334,,0.7308587962962962,145
inception_full__b0_star_fixed10,participant_outer_oof,participant,macro_average_ovr,macro,101,0.505,0.7583333333333334,,0.7308587962962962,145
inception_full__b0_star_fixed10,participant_outer_oof,participant,macro_average_ovr,macro,102,0.51,0.7583333333333334,,0.7308587962962962,145
inception_full__b0_star_fixed10,participant_outer_oof,participant,macro_average_ovr,macro,103,0.515,0.7583333333333334,,0.7308587962962962,145
inception_full__b0_star_fixed10,participant_outer_oof,participant,macro_average_ovr,macro,104,0.52,0.7824074074074074,,0.7308587962962962,145
inception_full__b0_star_fixed10,participant_outer_oof,participant,macro_average_ovr,macro,105,0.525,0.7824074074074074,,0.7308587962962962,145
inception_full__b0_star_fixed10,participant_outer_oof,participant,macro_average_ovr,macro,106,0.53,0.7824074074074074,,0.7308587962962962,145
inception_full__b0_star_fixed10,participant_outer_oof,participant,macro_average_ovr,macro,107,0.535,0.7824074074074074,,0.7308587962962962,145
inception_full__b0_star_fixed10,participant_outer_oof,participant,macro_average_ovr,macro,108,0.54,0.7824074074074074,,0.7308587962962962,145
inception_full__b0_star_fixed10,participant_outer_oof,participant,macro_average_ovr,macro,109,0.545,0.7824074074074074,,0.7308587962962962,145
inception_full__b0_star_fixed10,participant_outer_oof,participant,macro_average_ovr,macro,110,0.55,0.7898148148148149,,0.7308587962962962,145
inception_full__b0_star_fixed10,participant_outer_oof,participant,macro_average_ovr,macro,111,0.555,0.7898148148148149,,0.7308587962962962,145
inception_full__b0_star_fixed10,participant_outer_oof,participant,macro_average_ovr,macro,112,0.56,0.7972222222222222,,0.7308587962962962,145
inception_full__b0_star_fixed10,participant_outer_oof,participant,macro_average_ovr,macro,113,0.5650000000000001,0.8305555555555554,,0.7308587962962962,145
inception_full__b0_star_fixed10,participant_outer_oof,participant,macro_average_ovr,macro,114,0.5700000000000001,0.8305555555555554,,0.7308587962962962,145
inception_full__b0_star_fixed10,participant_outer_oof,participant,macro_average_ovr,macro,115,0.5750000000000001,0.8305555555555554,,0.7308587962962962,145
inception_full__b0_star_fixed10,participant_outer_oof,participant,macro_average_ovr,macro,116,0.58,0.8361111111111111,,0.7308587962962962,145
inception_full__b0_star_fixed10,participant_outer_oof,participant,macro_average_ovr,macro,117,0.585,0.8361111111111111,,0.7308587962962962,145
inception_full__b0_star_fixed10,participant_outer_oof,participant,macro_average_ovr,macro,118,0.59,0.8527777777777779,,0.7308587962962962,145
inception_full__b0_star_fixed10,participant_outer_oof,participant,macro_average_ovr,macro,119,0.595,0.8611111111111112,,0.7308587962962962,145
inception_full__b0_star_fixed10,participant_outer_oof,participant,macro_average_ovr,macro,120,0.6,0.8694444444444445,,0.7308587962962962,145
inception_full__b0_star_fixed10,participant_outer_oof,participant,macro_average_ovr,macro,121,0.605,0.8694444444444445,,0.7308587962962962,145
inception_full__b0_star_fixed10,participant_outer_oof,participant,macro_average_ovr,macro,122,0.61,0.8694444444444445,,0.7308587962962962,145
inception_full__b0_star_fixed10,participant_outer_oof,participant,macro_average_ovr,macro,123,0.615,0.8694444444444445,,0.7308587962962962,145
inception_full__b0_star_fixed10,participant_outer_oof,participant,macro_average_ovr,macro,124,0.62,0.8694444444444445,,0.7308587962962962,145
inception_full__b0_star_fixed10,participant_outer_oof,participant,macro_average_ovr,macro,125,0.625,0.8694444444444445,,0.7308587962962962,145
inception_full__b0_star_fixed10,participant_outer_oof,participant,macro_average_ovr,macro,126,0.63,0.8777777777777778,,0.7308587962962962,145
inception_full__b0_star_fixed10,participant_outer_oof,participant,macro_average_ovr,macro,127,0.635,0.8777777777777778,,0.7308587962962962,145
inception_full__b0_star_fixed10,participant_outer_oof,participant,macro_average_ovr,macro,128,0.64,0.9027777777777778,,0.7308587962962962,145
inception_full__b0_star_fixed10,participant_outer_oof,participant,macro_average_ovr,macro,129,0.645,0.9027777777777778,,0.7308587962962962,145
inception_full__b0_star_fixed10,participant_outer_oof,participant,macro_average_ovr,macro,130,0.65,0.9027777777777778,,0.7308587962962962,145
inception_full__b0_star_fixed10,participant_outer_oof,participant,macro_average_ovr,macro,131,0.655,0.9027777777777778,,0.7308587962962962,145
inception_full__b0_star_fixed10,participant_outer_oof,participant,macro_average_ovr,macro,132,0.66,0.9083333333333333,,0.7308587962962962,145
inception_full__b0_star_fixed10,participant_outer_oof,participant,macro_average_ovr,macro,133,0.665,0.9083333333333333,,0.7308587962962962,145
inception_full__b0_star_fixed10,participant_outer_oof,participant,macro_average_ovr,macro,134,0.67,0.9083333333333333,,0.7308587962962962,145
inception_full__b0_star_fixed10,participant_outer_oof,participant,macro_average_ovr,macro,135,0.675,0.9194444444444444,,0.7308587962962962,145
inception_full__b0_star_fixed10,participant_outer_oof,participant,macro_average_ovr,macro,136,0.68,0.9194444444444444,,0.7308587962962962,145
inception_full__b0_star_fixed10,participant_outer_oof,participant,macro_average_ovr,macro,137,0.685,0.9194444444444444,,0.7308587962962962,145
inception_full__b0_star_fixed10,participant_outer_oof,participant,macro_average_ovr,macro,138,0.6900000000000001,0.9194444444444444,,0.7308587962962962,145
inception_full__b0_star_fixed10,participant_outer_oof,participant,macro_average_ovr,macro,139,0.6950000000000001,0.9249999999999999,,0.7308587962962962,145
inception_full__b0_star_fixed10,participant_outer_oof,participant,macro_average_ovr,macro,140,0.7000000000000001,0.9249999999999999,,0.7308587962962962,145
inception_full__b0_star_fixed10,participant_outer_oof,participant,macro_average_ovr,macro,141,0.705,0.9249999999999999,,0.7308587962962962,145
inception_full__b0_star_fixed10,participant_outer_oof,participant,macro_average_ovr,macro,142,0.71,0.9249999999999999,,0.7308587962962962,145
inception_full__b0_star_fixed10,participant_outer_oof,participant,macro_average_ovr,macro,143,0.715,0.9249999999999999,,0.7308587962962962,145
inception_full__b0_star_fixed10,participant_outer_oof,participant,macro_average_ovr,macro,144,0.72,0.9249999999999999,,0.7308587962962962,145
inception_full__b0_star_fixed10,participant_outer_oof,participant,macro_average_ovr,macro,145,0.725,0.9249999999999999,,0.7308587962962962,145
inception_full__b0_star_fixed10,participant_outer_oof,participant,macro_average_ovr,macro,146,0.73,0.9305555555555555,,0.7308587962962962,145
inception_full__b0_star_fixed10,participant_outer_oof,participant,macro_average_ovr,macro,147,0.735,0.9305555555555555,,0.7308587962962962,145
inception_full__b0_star_fixed10,participant_outer_oof,participant,macro_average_ovr,macro,148,0.74,0.9305555555555555,,0.7308587962962962,145
inception_full__b0_star_fixed10,participant_outer_oof,participant,macro_average_ovr,macro,149,0.745,0.9305555555555555,,0.7308587962962962,145
inception_full__b0_star_fixed10,participant_outer_oof,participant,macro_average_ovr,macro,150,0.75,0.9305555555555555,,0.7308587962962962,145
inception_full__b0_star_fixed10,participant_outer_oof,participant,macro_average_ovr,macro,151,0.755,0.9388888888888888,,0.7308587962962962,145
inception_full__b0_star_fixed10,participant_outer_oof,participant,macro_average_ovr,macro,152,0.76,0.9388888888888888,,0.7308587962962962,145
inception_full__b0_star_fixed10,participant_outer_oof,participant,macro_average_ovr,macro,153,0.765,0.9388888888888888,,0.7308587962962962,145
inception_full__b0_star_fixed10,participant_outer_oof,participant,macro_average_ovr,macro,154,0.77,0.9388888888888888,,0.7308587962962962,145
inception_full__b0_star_fixed10,participant_outer_oof,participant,macro_average_ovr,macro,155,0.775,0.9388888888888888,,0.7308587962962962,145
inception_full__b0_star_fixed10,participant_outer_oof,participant,macro_average_ovr,macro,156,0.78,0.9462962962962963,,0.7308587962962962,145
inception_full__b0_star_fixed10,participant_outer_oof,participant,macro_average_ovr,macro,157,0.785,0.9462962962962963,,0.7308587962962962,145
inception_full__b0_star_fixed10,participant_outer_oof,participant,macro_average_ovr,macro,158,0.79,0.9462962962962963,,0.7308587962962962,145
inception_full__b0_star_fixed10,participant_outer_oof,participant,macro_average_ovr,macro,159,0.795,0.9462962962962963,,0.7308587962962962,145
inception_full__b0_star_fixed10,participant_outer_oof,participant,macro_average_ovr,macro,160,0.8,0.9537037037037037,,0.7308587962962962,145
inception_full__b0_star_fixed10,participant_outer_oof,participant,macro_average_ovr,macro,161,0.805,0.9537037037037037,,0.7308587962962962,145
inception_full__b0_star_fixed10,participant_outer_oof,participant,macro_average_ovr,macro,162,0.81,0.9537037037037037,,0.7308587962962962,145
inception_full__b0_star_fixed10,participant_outer_oof,participant,macro_average_ovr,macro,163,0.8150000000000001,0.9592592592592593,,0.7308587962962962,145
inception_full__b0_star_fixed10,participant_outer_oof,participant,macro_average_ovr,macro,164,0.8200000000000001,0.9592592592592593,,0.7308587962962962,145
inception_full__b0_star_fixed10,participant_outer_oof,participant,macro_average_ovr,macro,165,0.8250000000000001,0.9703703703703703,,0.7308587962962962,145
inception_full__b0_star_fixed10,participant_outer_oof,participant,macro_average_ovr,macro,166,0.8300000000000001,0.9703703703703703,,0.7308587962962962,145
inception_full__b0_star_fixed10,participant_outer_oof,participant,macro_average_ovr,macro,167,0.835,0.9703703703703703,,0.7308587962962962,145
inception_full__b0_star_fixed10,participant_outer_oof,participant,macro_average_ovr,macro,168,0.84,0.9703703703703703,,0.7308587962962962,145
inception_full__b0_star_fixed10,participant_outer_oof,participant,macro_average_ovr,macro,169,0.845,0.9703703703703703,,0.7308587962962962,145
inception_full__b0_star_fixed10,participant_outer_oof,participant,macro_average_ovr,macro,170,0.85,0.9814814814814815,,0.7308587962962962,145
inception_full__b0_star_fixed10,participant_outer_oof,participant,macro_average_ovr,macro,171,0.855,0.9814814814814815,,0.7308587962962962,145
inception_full__b0_star_fixed10,participant_outer_oof,participant,macro_average_ovr,macro,172,0.86,0.9814814814814815,,0.7308587962962962,145
inception_full__b0_star_fixed10,participant_outer_oof,participant,macro_average_ovr,macro,173,0.865,0.9814814814814815,,0.7308587962962962,145
inception_full__b0_star_fixed10,participant_outer_oof,participant,macro_average_ovr,macro,174,0.87,0.9888888888888889,,0.7308587962962962,145
inception_full__b0_star_fixed10,participant_outer_oof,participant,macro_average_ovr,macro,175,0.875,0.9888888888888889,,0.7308587962962962,145
inception_full__b0_star_fixed10,participant_outer_oof,participant,macro_average_ovr,macro,176,0.88,0.9888888888888889,,0.7308587962962962,145
inception_full__b0_star_fixed10,participant_outer_oof,participant,macro_average_ovr,macro,177,0.885,0.9944444444444445,,0.7308587962962962,145
inception_full__b0_star_fixed10,participant_outer_oof,participant,macro_average_ovr,macro,178,0.89,0.9944444444444445,,0.7308587962962962,145
inception_full__b0_star_fixed10,participant_outer_oof,participant,macro_average_ovr,macro,179,0.895,0.9944444444444445,,0.7308587962962962,145
inception_full__b0_star_fixed10,participant_outer_oof,participant,macro_average_ovr,macro,180,0.9,0.9944444444444445,,0.7308587962962962,145
inception_full__b0_star_fixed10,participant_outer_oof,participant,macro_average_ovr,macro,181,0.905,0.9944444444444445,,0.7308587962962962,145
inception_full__b0_star_fixed10,participant_outer_oof,participant,macro_average_ovr,macro,182,0.91,0.9944444444444445,,0.7308587962962962,145
inception_full__b0_star_fixed10,participant_outer_oof,participant,macro_average_ovr,macro,183,0.915,0.9944444444444445,,0.7308587962962962,145
inception_full__b0_star_fixed10,participant_outer_oof,participant,macro_average_ovr,macro,184,0.92,0.9944444444444445,,0.7308587962962962,145
inception_full__b0_star_fixed10,participant_outer_oof,participant,macro_average_ovr,macro,185,0.925,0.9944444444444445,,0.7308587962962962,145
inception_full__b0_star_fixed10,participant_outer_oof,participant,macro_average_ovr,macro,186,0.93,0.9944444444444445,,0.7308587962962962,145
inception_full__b0_star_fixed10,participant_outer_oof,participant,macro_average_ovr,macro,187,0.935,0.9944444444444445,,0.7308587962962962,145
inception_full__b0_star_fixed10,participant_outer_oof,participant,macro_average_ovr,macro,188,0.9400000000000001,0.9944444444444445,,0.7308587962962962,145
inception_full__b0_star_fixed10,participant_outer_oof,participant,macro_average_ovr,macro,189,0.9450000000000001,0.9944444444444445,,0.7308587962962962,145
inception_full__b0_star_fixed10,participant_outer_oof,participant,macro_average_ovr,macro,190,0.9500000000000001,0.9944444444444445,,0.7308587962962962,145
inception_full__b0_star_fixed10,participant_outer_oof,participant,macro_average_ovr,macro,191,0.9550000000000001,1.0,,0.7308587962962962,145
inception_full__b0_star_fixed10,participant_outer_oof,participant,macro_average_ovr,macro,192,0.96,1.0,,0.7308587962962962,145
inception_full__b0_star_fixed10,participant_outer_oof,participant,macro_average_ovr,macro,193,0.965,1.0,,0.7308587962962962,145
inception_full__b0_star_fixed10,participant_outer_oof,participant,macro_average_ovr,macro,194,0.97,1.0,,0.7308587962962962,145
inception_full__b0_star_fixed10,participant_outer_oof,participant,macro_average_ovr,macro,195,0.975,1.0,,0.7308587962962962,145
inception_full__b0_star_fixed10,participant_outer_oof,participant,macro_average_ovr,macro,196,0.98,1.0,,0.7308587962962962,145
inception_full__b0_star_fixed10,participant_outer_oof,participant,macro_average_ovr,macro,197,0.985,1.0,,0.7308587962962962,145
inception_full__b0_star_fixed10,participant_outer_oof,participant,macro_average_ovr,macro,198,0.99,1.0,,0.7308587962962962,145
inception_full__b0_star_fixed10,participant_outer_oof,participant,macro_average_ovr,macro,199,0.995,1.0,,0.7308587962962962,145
inception_full__b0_star_fixed10,participant_outer_oof,participant,macro_average_ovr,macro,200,1.0,1.0,,0.7308587962962962,145
inception_full__b1_star_fixed10,participant_outer_oof,participant,one_vs_rest,0,0,0.0,0.0,,0.7433333333333332,145
inception_full__b1_star_fixed10,participant_outer_oof,participant,one_vs_rest,0,1,0.0,0.022222222222222223,0.9992642864435659,0.7433333333333332,145
inception_full__b1_star_fixed10,participant_outer_oof,participant,one_vs_rest,0,2,0.0,0.2,0.8387019465128234,0.7433333333333332,145
inception_full__b1_star_fixed10,participant_outer_oof,participant,one_vs_rest,0,3,0.01,0.2,0.8187787706514108,0.7433333333333332,145
inception_full__b1_star_fixed10,participant_outer_oof,participant,one_vs_rest,0,4,0.01,0.24444444444444444,0.8116484027798372,0.7433333333333332,145
inception_full__b1_star_fixed10,participant_outer_oof,participant,one_vs_rest,0,5,0.03,0.24444444444444444,0.7951153481028461,0.7433333333333332,145
inception_full__b1_star_fixed10,participant_outer_oof,participant,one_vs_rest,0,6,0.03,0.26666666666666666,0.7893584789650748,0.7433333333333332,145
inception_full__b1_star_fixed10,participant_outer_oof,participant,one_vs_rest,0,7,0.05,0.26666666666666666,0.7847480894571662,0.7433333333333332,145
inception_full__b1_star_fixed10,participant_outer_oof,participant,one_vs_rest,0,8,0.05,0.28888888888888886,0.7676292685115484,0.7433333333333332,145
inception_full__b1_star_fixed10,participant_outer_oof,participant,one_vs_rest,0,9,0.06,0.28888888888888886,0.7588542825042875,0.7433333333333332,145
inception_full__b1_star_fixed10,participant_outer_oof,participant,one_vs_rest,0,10,0.06,0.3111111111111111,0.7437509415916137,0.7433333333333332,145
inception_full__b1_star_fixed10,participant_outer_oof,participant,one_vs_rest,0,11,0.07,0.3111111111111111,0.7422530567397927,0.7433333333333332,145
inception_full__b1_star_fixed10,participant_outer_oof,participant,one_vs_rest,0,12,0.07,0.37777777777777777,0.6715010869633853,0.7433333333333332,145
inception_full__b1_star_fixed10,participant_outer_oof,participant,one_vs_rest,0,13,0.09,0.37777777777777777,0.6704361263210258,0.7433333333333332,145
inception_full__b1_star_fixed10,participant_outer_oof,participant,one_vs_rest,0,14,0.09,0.4222222222222222,0.6611282360050099,0.7433333333333332,145
inception_full__b1_star_fixed10,participant_outer_oof,participant,one_vs_rest,0,15,0.13,0.4222222222222222,0.6182152184524863,0.7433333333333332,145
inception_full__b1_star_fixed10,participant_outer_oof,participant,one_vs_rest,0,16,0.13,0.4444444444444444,0.6036793365713967,0.7433333333333332,145
inception_full__b1_star_fixed10,participant_outer_oof,participant,one_vs_rest,0,17,0.15,0.4444444444444444,0.5881003286680897,0.7433333333333332,145
inception_full__b1_star_fixed10,participant_outer_oof,participant,one_vs_rest,0,18,0.15,0.4666666666666667,0.5851963995494135,0.7433333333333332,145
inception_full__b1_star_fixed10,participant_outer_oof,participant,one_vs_rest,0,19,0.16,0.4666666666666667,0.5738233525921128,0.7433333333333332,145
inception_full__b1_star_fixed10,participant_outer_oof,participant,one_vs_rest,0,20,0.16,0.5111111111111111,0.5677493572522869,0.7433333333333332,145
inception_full__b1_star_fixed10,participant_outer_oof,participant,one_vs_rest,0,21,0.2,0.5111111111111111,0.4939527839324983,0.7433333333333332,145
inception_full__b1_star_fixed10,participant_outer_oof,participant,one_vs_rest,0,22,0.2,0.5555555555555556,0.47668403620580396,0.7433333333333332,145
inception_full__b1_star_fixed10,participant_outer_oof,participant,one_vs_rest,0,23,0.21,0.5555555555555556,0.47216328818672243,0.7433333333333332,145
inception_full__b1_star_fixed10,participant_outer_oof,participant,one_vs_rest,0,24,0.21,0.5777777777777777,0.45021801382886206,0.7433333333333332,145
inception_full__b1_star_fixed10,participant_outer_oof,participant,one_vs_rest,0,25,0.22,0.5777777777777777,0.4334478223359482,0.7433333333333332,145
inception_full__b1_star_fixed10,participant_outer_oof,participant,one_vs_rest,0,26,0.22,0.6,0.4308674434683971,0.7433333333333332,145
inception_full__b1_star_fixed10,participant_outer_oof,participant,one_vs_rest,0,27,0.24,0.6,0.42507732376796936,0.7433333333333332,145
inception_full__b1_star_fixed10,participant_outer_oof,participant,one_vs_rest,0,28,0.24,0.6222222222222222,0.410859540535997,0.7433333333333332,145
inception_full__b1_star_fixed10,participant_outer_oof,participant,one_vs_rest,0,29,0.29,0.6222222222222222,0.3816287654574058,0.7433333333333332,145
inception_full__b1_star_fixed10,participant_outer_oof,participant,one_vs_rest,0,30,0.29,0.6444444444444445,0.36805695277736505,0.7433333333333332,145
inception_full__b1_star_fixed10,participant_outer_oof,participant,one_vs_rest,0,31,0.31,0.6444444444444445,0.32965269592571456,0.7433333333333332,145
inception_full__b1_star_fixed10,participant_outer_oof,participant,one_vs_rest,0,32,0.31,0.6666666666666666,0.3214042072198867,0.7433333333333332,145
inception_full__b1_star_fixed10,participant_outer_oof,participant,one_vs_rest,0,33,0.32,0.6666666666666666,0.3070725356908749,0.7433333333333332,145
inception_full__b1_star_fixed10,participant_outer_oof,participant,one_vs_rest,0,34,0.32,0.6888888888888889,0.29324623154419943,0.7433333333333332,145
inception_full__b1_star_fixed10,participant_outer_oof,participant,one_vs_rest,0,35,0.34,0.6888888888888889,0.2719793907470664,0.7433333333333332,145
inception_full__b1_star_fixed10,participant_outer_oof,participant,one_vs_rest,0,36,0.34,0.7111111111111111,0.25940588816307875,0.7433333333333332,145
inception_full__b1_star_fixed10,participant_outer_oof,participant,one_vs_rest,0,37,0.4,0.7111111111111111,0.19605146614381072,0.7433333333333332,145
inception_full__b1_star_fixed10,participant_outer_oof,participant,one_vs_rest,0,38,0.4,0.7333333333333333,0.18957506076210653,0.7433333333333332,145
inception_full__b1_star_fixed10,participant_outer_oof,participant,one_vs_rest,0,39,0.42,0.7333333333333333,0.18615702877278267,0.7433333333333332,145
inception_full__b1_star_fixed10,participant_outer_oof,participant,one_vs_rest,0,40,0.42,0.7555555555555555,0.17012781227812634,0.7433333333333332,145
inception_full__b1_star_fixed10,participant_outer_oof,participant,one_vs_rest,0,41,0.45,0.7555555555555555,0.1593806976105581,0.7433333333333332,145
inception_full__b1_star_fixed10,participant_outer_oof,participant,one_vs_rest,0,42,0.45,0.7777777777777778,0.1499195740240179,0.7433333333333332,145
inception_full__b1_star_fixed10,participant_outer_oof,participant,one_vs_rest,0,43,0.48,0.7777777777777778,0.14338861579409964,0.7433333333333332,145
inception_full__b1_star_fixed10,participant_outer_oof,participant,one_vs_rest,0,44,0.48,0.8,0.14318835027848859,0.7433333333333332,145
inception_full__b1_star_fixed10,participant_outer_oof,participant,one_vs_rest,0,45,0.51,0.8,0.11586536668429775,0.7433333333333332,145
inception_full__b1_star_fixed10,participant_outer_oof,participant,one_vs_rest,0,46,0.51,0.8222222222222222,0.11467088923217483,0.7433333333333332,145
inception_full__b1_star_fixed10,participant_outer_oof,participant,one_vs_rest,0,47,0.56,0.8222222222222222,0.0825665614321754,0.7433333333333332,145
inception_full__b1_star_fixed10,participant_outer_oof,participant,one_vs_rest,0,48,0.56,0.8444444444444444,0.07489128594240688,0.7433333333333332,145
inception_full__b1_star_fixed10,participant_outer_oof,participant,one_vs_rest,0,49,0.58,0.8444444444444444,0.06999255530346209,0.7433333333333332,145
inception_full__b1_star_fixed10,participant_outer_oof,participant,one_vs_rest,0,50,0.58,0.8666666666666667,0.06552887311282767,0.7433333333333332,145
inception_full__b1_star_fixed10,participant_outer_oof,participant,one_vs_rest,0,51,0.6,0.8666666666666667,0.055395893903254334,0.7433333333333332,145
inception_full__b1_star_fixed10,participant_outer_oof,participant,one_vs_rest,0,52,0.6,0.8888888888888888,0.05517669129901,0.7433333333333332,145
inception_full__b1_star_fixed10,participant_outer_oof,participant,one_vs_rest,0,53,0.73,0.8888888888888888,0.020594449526503168,0.7433333333333332,145
inception_full__b1_star_fixed10,participant_outer_oof,participant,one_vs_rest,0,54,0.73,0.9111111111111111,0.02046182535205094,0.7433333333333332,145
inception_full__b1_star_fixed10,participant_outer_oof,participant,one_vs_rest,0,55,0.78,0.9111111111111111,0.01311818730016276,0.7433333333333332,145
inception_full__b1_star_fixed10,participant_outer_oof,participant,one_vs_rest,0,56,0.78,0.9333333333333333,0.011743186451427032,0.7433333333333332,145
inception_full__b1_star_fixed10,participant_outer_oof,participant,one_vs_rest,0,57,0.84,0.9333333333333333,0.00600406394595113,0.7433333333333332,145
inception_full__b1_star_fixed10,participant_outer_oof,participant,one_vs_rest,0,58,0.84,0.9777777777777777,0.004246584920739295,0.7433333333333332,145
inception_full__b1_star_fixed10,participant_outer_oof,participant,one_vs_rest,0,59,0.88,0.9777777777777777,0.0009561235375744442,0.7433333333333332,145
inception_full__b1_star_fixed10,participant_outer_oof,participant,one_vs_rest,0,60,0.88,1.0,0.0008742790152644399,0.7433333333333332,145
inception_full__b1_star_fixed10,participant_outer_oof,participant,one_vs_rest,0,61,1.0,1.0,1.396720154504711e-06,0.7433333333333332,145
inception_full__b1_star_fixed10,participant_outer_oof,participant,one_vs_rest,1,0,0.0,0.0,,0.6052941176470588,145
inception_full__b1_star_fixed10,participant_outer_oof,participant,one_vs_rest,1,1,0.0,0.016666666666666666,0.998074476589621,0.6052941176470588,145
inception_full__b1_star_fixed10,participant_outer_oof,participant,one_vs_rest,1,2,0.023529411764705882,0.016666666666666666,0.9952031137068046,0.6052941176470588,145
inception_full__b1_star_fixed10,participant_outer_oof,participant,one_vs_rest,1,3,0.023529411764705882,0.05,0.9899537046993782,0.6052941176470588,145
inception_full__b1_star_fixed10,participant_outer_oof,participant,one_vs_rest,1,4,0.058823529411764705,0.05,0.9825933538239762,0.6052941176470588,145
inception_full__b1_star_fixed10,participant_outer_oof,participant,one_vs_rest,1,5,0.058823529411764705,0.11666666666666667,0.9512952566043795,0.6052941176470588,145
inception_full__b1_star_fixed10,participant_outer_oof,participant,one_vs_rest,1,6,0.08235294117647059,0.11666666666666667,0.9444505448254809,0.6052941176470588,145
inception_full__b1_star_fixed10,participant_outer_oof,participant,one_vs_rest,1,7,0.08235294117647059,0.13333333333333333,0.9397085807136321,0.6052941176470588,145
inception_full__b1_star_fixed10,participant_outer_oof,participant,one_vs_rest,1,8,0.09411764705882353,0.13333333333333333,0.9362368184979444,0.6052941176470588,145
inception_full__b1_star_fixed10,participant_outer_oof,participant,one_vs_rest,1,9,0.09411764705882353,0.16666666666666666,0.9218083349196428,0.6052941176470588,145
inception_full__b1_star_fixed10,participant_outer_oof,participant,one_vs_rest,1,10,0.11764705882352941,0.16666666666666666,0.915146410105,0.6052941176470588,145
inception_full__b1_star_fixed10,participant_outer_oof,participant,one_vs_rest,1,11,0.11764705882352941,0.18333333333333332,0.9010654460203877,0.6052941176470588,145
inception_full__b1_star_fixed10,participant_outer_oof,participant,one_vs_rest,1,12,0.12941176470588237,0.18333333333333332,0.8938531195395927,0.6052941176470588,145
inception_full__b1_star_fixed10,participant_outer_oof,participant,one_vs_rest,1,13,0.12941176470588237,0.2,0.8749171038127646,0.6052941176470588,145
inception_full__b1_star_fixed10,participant_outer_oof,participant,one_vs_rest,1,14,0.1411764705882353,0.2,0.8615814144825235,0.6052941176470588,145
inception_full__b1_star_fixed10,participant_outer_oof,participant,one_vs_rest,1,15,0.1411764705882353,0.21666666666666667,0.8545435487182915,0.6052941176470588,145
inception_full__b1_star_fixed10,participant_outer_oof,participant,one_vs_rest,1,16,0.15294117647058825,0.21666666666666667,0.8524137589614584,0.6052941176470588,145
inception_full__b1_star_fixed10,participant_outer_oof,participant,one_vs_rest,1,17,0.15294117647058825,0.3,0.8226845035306599,0.6052941176470588,145
inception_full__b1_star_fixed10,participant_outer_oof,participant,one_vs_rest,1,18,0.17647058823529413,0.3,0.8138157987117403,0.6052941176470588,145
inception_full__b1_star_fixed10,participant_outer_oof,participant,one_vs_rest,1,19,0.17647058823529413,0.31666666666666665,0.7665180822010382,0.6052941176470588,145
inception_full__b1_star_fixed10,participant_outer_oof,participant,one_vs_rest,1,20,0.2,0.31666666666666665,0.7560872544796245,0.6052941176470588,145
inception_full__b1_star_fixed10,participant_outer_oof,participant,one_vs_rest,1,21,0.2,0.3333333333333333,0.74384883098659,0.6052941176470588,145
inception_full__b1_star_fixed10,participant_outer_oof,participant,one_vs_rest,1,22,0.2235294117647059,0.3333333333333333,0.7067203284177783,0.6052941176470588,145
inception_full__b1_star_fixed10,participant_outer_oof,participant,one_vs_rest,1,23,0.2235294117647059,0.35,0.7016760739089136,0.6052941176470588,145
inception_full__b1_star_fixed10,participant_outer_oof,participant,one_vs_rest,1,24,0.25882352941176473,0.35,0.6276500865421915,0.6052941176470588,145
inception_full__b1_star_fixed10,participant_outer_oof,participant,one_vs_rest,1,25,0.25882352941176473,0.36666666666666664,0.6193018877417177,0.6052941176470588,145
inception_full__b1_star_fixed10,participant_outer_oof,participant,one_vs_rest,1,26,0.27058823529411763,0.36666666666666664,0.6090775388250113,0.6052941176470588,145
inception_full__b1_star_fixed10,participant_outer_oof,participant,one_vs_rest,1,27,0.27058823529411763,0.38333333333333336,0.6035831400414667,0.6052941176470588,145
inception_full__b1_star_fixed10,participant_outer_oof,participant,one_vs_rest,1,28,0.2823529411764706,0.38333333333333336,0.5852011311110614,0.6052941176470588,145
inception_full__b1_star_fixed10,participant_outer_oof,participant,one_vs_rest,1,29,0.2823529411764706,0.4166666666666667,0.577201978314925,0.6052941176470588,145
inception_full__b1_star_fixed10,participant_outer_oof,participant,one_vs_rest,1,30,0.3058823529411765,0.4166666666666667,0.5667365640385826,0.6052941176470588,145
inception_full__b1_star_fixed10,participant_outer_oof,participant,one_vs_rest,1,31,0.3058823529411765,0.45,0.5610853614840202,0.6052941176470588,145
inception_full__b1_star_fixed10,participant_outer_oof,participant,one_vs_rest,1,32,0.32941176470588235,0.45,0.5554194881300628,0.6052941176470588,145
inception_full__b1_star_fixed10,participant_outer_oof,participant,one_vs_rest,1,33,0.32941176470588235,0.4666666666666667,0.5546837115253422,0.6052941176470588,145
inception_full__b1_star_fixed10,participant_outer_oof,participant,one_vs_rest,1,34,0.35294117647058826,0.4666666666666667,0.5358333790891596,0.6052941176470588,145
inception_full__b1_star_fixed10,participant_outer_oof,participant,one_vs_rest,1,35,0.35294117647058826,0.48333333333333334,0.5234189119693481,0.6052941176470588,145
inception_full__b1_star_fixed10,participant_outer_oof,participant,one_vs_rest,1,36,0.36470588235294116,0.48333333333333334,0.5217180173009882,0.6052941176470588,145
inception_full__b1_star_fixed10,participant_outer_oof,participant,one_vs_rest,1,37,0.36470588235294116,0.5,0.5195997487169925,0.6052941176470588,145
inception_full__b1_star_fixed10,participant_outer_oof,participant,one_vs_rest,1,38,0.38823529411764707,0.5,0.49958061903574696,0.6052941176470588,145
inception_full__b1_star_fixed10,participant_outer_oof,participant,one_vs_rest,1,39,0.38823529411764707,0.6,0.4465137611784476,0.6052941176470588,145
inception_full__b1_star_fixed10,participant_outer_oof,participant,one_vs_rest,1,40,0.4235294117647059,0.6,0.41918777907760074,0.6052941176470588,145
inception_full__b1_star_fixed10,participant_outer_oof,participant,one_vs_rest,1,41,0.4235294117647059,0.6166666666666667,0.41220892017744665,0.6052941176470588,145
inception_full__b1_star_fixed10,participant_outer_oof,participant,one_vs_rest,1,42,0.4588235294117647,0.6166666666666667,0.3960781070958125,0.6052941176470588,145
inception_full__b1_star_fixed10,participant_outer_oof,participant,one_vs_rest,1,43,0.4588235294117647,0.6333333333333333,0.3951974261338057,0.6052941176470588,145
inception_full__b1_star_fixed10,participant_outer_oof,participant,one_vs_rest,1,44,0.4823529411764706,0.6333333333333333,0.37348766993141885,0.6052941176470588,145
inception_full__b1_star_fixed10,participant_outer_oof,participant,one_vs_rest,1,45,0.4823529411764706,0.65,0.35462938085786644,0.6052941176470588,145
inception_full__b1_star_fixed10,participant_outer_oof,participant,one_vs_rest,1,46,0.49411764705882355,0.65,0.35079215158220184,0.6052941176470588,145
inception_full__b1_star_fixed10,participant_outer_oof,participant,one_vs_rest,1,47,0.49411764705882355,0.6666666666666666,0.33881098348429084,0.6052941176470588,145
inception_full__b1_star_fixed10,participant_outer_oof,participant,one_vs_rest,1,48,0.5411764705882353,0.6666666666666666,0.3028700861293693,0.6052941176470588,145
inception_full__b1_star_fixed10,participant_outer_oof,participant,one_vs_rest,1,49,0.5411764705882353,0.6833333333333333,0.2983855196041789,0.6052941176470588,145
inception_full__b1_star_fixed10,participant_outer_oof,participant,one_vs_rest,1,50,0.5529411764705883,0.6833333333333333,0.29579384052611674,0.6052941176470588,145
inception_full__b1_star_fixed10,participant_outer_oof,participant,one_vs_rest,1,51,0.5529411764705883,0.7333333333333333,0.27908725182337263,0.6052941176470588,145
inception_full__b1_star_fixed10,participant_outer_oof,participant,one_vs_rest,1,52,0.6235294117647059,0.7333333333333333,0.24077371253165827,0.6052941176470588,145
inception_full__b1_star_fixed10,participant_outer_oof,participant,one_vs_rest,1,53,0.6235294117647059,0.75,0.23246615653724045,0.6052941176470588,145
inception_full__b1_star_fixed10,participant_outer_oof,participant,one_vs_rest,1,54,0.6470588235294118,0.75,0.22513122476992922,0.6052941176470588,145
inception_full__b1_star_fixed10,participant_outer_oof,participant,one_vs_rest,1,55,0.6470588235294118,0.7833333333333333,0.20900092902897346,0.6052941176470588,145
inception_full__b1_star_fixed10,participant_outer_oof,participant,one_vs_rest,1,56,0.6705882352941176,0.7833333333333333,0.20567111437244193,0.6052941176470588,145
inception_full__b1_star_fixed10,participant_outer_oof,participant,one_vs_rest,1,57,0.6705882352941176,0.8,0.19087232025381887,0.6052941176470588,145
inception_full__b1_star_fixed10,participant_outer_oof,participant,one_vs_rest,1,58,0.6941176470588235,0.8,0.17600830428204153,0.6052941176470588,145
inception_full__b1_star_fixed10,participant_outer_oof,participant,one_vs_rest,1,59,0.6941176470588235,0.8166666666666667,0.17499777842629782,0.6052941176470588,145
inception_full__b1_star_fixed10,participant_outer_oof,participant,one_vs_rest,1,60,0.7058823529411765,0.8166666666666667,0.1724500022933328,0.6052941176470588,145
inception_full__b1_star_fixed10,participant_outer_oof,participant,one_vs_rest,1,61,0.7058823529411765,0.85,0.16078214657581844,0.6052941176470588,145
inception_full__b1_star_fixed10,participant_outer_oof,participant,one_vs_rest,1,62,0.7529411764705882,0.85,0.1451798863272252,0.6052941176470588,145
inception_full__b1_star_fixed10,participant_outer_oof,participant,one_vs_rest,1,63,0.7529411764705882,0.8833333333333333,0.1372905943307602,0.6052941176470588,145
inception_full__b1_star_fixed10,participant_outer_oof,participant,one_vs_rest,1,64,0.788235294117647,0.8833333333333333,0.09441242136094953,0.6052941176470588,145
inception_full__b1_star_fixed10,participant_outer_oof,participant,one_vs_rest,1,65,0.788235294117647,0.9,0.0726215165924434,0.6052941176470588,145
inception_full__b1_star_fixed10,participant_outer_oof,participant,one_vs_rest,1,66,0.8117647058823529,0.9,0.06509694228357164,0.6052941176470588,145
inception_full__b1_star_fixed10,participant_outer_oof,participant,one_vs_rest,1,67,0.8117647058823529,0.9333333333333333,0.05913399839011365,0.6052941176470588,145
inception_full__b1_star_fixed10,participant_outer_oof,participant,one_vs_rest,1,68,0.8235294117647058,0.9333333333333333,0.051154793060285406,0.6052941176470588,145
inception_full__b1_star_fixed10,participant_outer_oof,participant,one_vs_rest,1,69,0.8235294117647058,0.95,0.048948282408121505,0.6052941176470588,145
inception_full__b1_star_fixed10,participant_outer_oof,participant,one_vs_rest,1,70,0.9058823529411765,0.95,0.0317712370297683,0.6052941176470588,145
inception_full__b1_star_fixed10,participant_outer_oof,participant,one_vs_rest,1,71,0.9058823529411765,0.9666666666666667,0.02775781596937692,0.6052941176470588,145
inception_full__b1_star_fixed10,participant_outer_oof,participant,one_vs_rest,1,72,0.9411764705882353,0.9666666666666667,0.018313588107390588,0.6052941176470588,145
inception_full__b1_star_fixed10,participant_outer_oof,participant,one_vs_rest,1,73,0.9411764705882353,0.9833333333333333,0.011916318793266113,0.6052941176470588,145
inception_full__b1_star_fixed10,participant_outer_oof,participant,one_vs_rest,1,74,0.9529411764705882,0.9833333333333333,0.00876804977289197,0.6052941176470588,145
inception_full__b1_star_fixed10,participant_outer_oof,participant,one_vs_rest,1,75,0.9529411764705882,1.0,0.007513976371449754,0.6052941176470588,145
inception_full__b1_star_fixed10,participant_outer_oof,participant,one_vs_rest,1,76,1.0,1.0,0.0006103557199659033,0.6052941176470588,145
inception_full__b1_star_fixed10,participant_outer_oof,participant,one_vs_rest,2,0,0.0,0.0,,0.6957142857142857,145
inception_full__b1_star_fixed10,participant_outer_oof,participant,one_vs_rest,2,1,0.0,0.025,0.9938556610528868,0.6957142857142857,145
inception_full__b1_star_fixed10,participant_outer_oof,participant,one_vs_rest,2,2,0.009523809523809525,0.025,0.9898461125496174,0.6957142857142857,145
inception_full__b1_star_fixed10,participant_outer_oof,participant,one_vs_rest,2,3,0.009523809523809525,0.175,0.8978946526431015,0.6957142857142857,145
inception_full__b1_star_fixed10,participant_outer_oof,participant,one_vs_rest,2,4,0.01904761904761905,0.175,0.8651751688584662,0.6957142857142857,145
inception_full__b1_star_fixed10,participant_outer_oof,participant,one_vs_rest,2,5,0.01904761904761905,0.325,0.7335033312484606,0.6957142857142857,145
inception_full__b1_star_fixed10,participant_outer_oof,participant,one_vs_rest,2,6,0.05714285714285714,0.325,0.6574221854285409,0.6957142857142857,145
inception_full__b1_star_fixed10,participant_outer_oof,participant,one_vs_rest,2,7,0.05714285714285714,0.35,0.6305073654196743,0.6957142857142857,145
inception_full__b1_star_fixed10,participant_outer_oof,participant,one_vs_rest,2,8,0.06666666666666667,0.35,0.620287641528735,0.6957142857142857,145
inception_full__b1_star_fixed10,participant_outer_oof,participant,one_vs_rest,2,9,0.06666666666666667,0.375,0.5884076447568696,0.6957142857142857,145
inception_full__b1_star_fixed10,participant_outer_oof,participant,one_vs_rest,2,10,0.08571428571428572,0.375,0.578770037562386,0.6957142857142857,145
inception_full__b1_star_fixed10,participant_outer_oof,participant,one_vs_rest,2,11,0.08571428571428572,0.4,0.5691902218175935,0.6957142857142857,145
inception_full__b1_star_fixed10,participant_outer_oof,participant,one_vs_rest,2,12,0.10476190476190476,0.4,0.5153127730127189,0.6957142857142857,145
inception_full__b1_star_fixed10,participant_outer_oof,participant,one_vs_rest,2,13,0.10476190476190476,0.45,0.47656322634996295,0.6957142857142857,145
inception_full__b1_star_fixed10,participant_outer_oof,participant,one_vs_rest,2,14,0.14285714285714285,0.45,0.41680365496339905,0.6957142857142857,145
inception_full__b1_star_fixed10,participant_outer_oof,participant,one_vs_rest,2,15,0.14285714285714285,0.475,0.41548426523446175,0.6957142857142857,145
inception_full__b1_star_fixed10,participant_outer_oof,participant,one_vs_rest,2,16,0.1619047619047619,0.475,0.40306762638889315,0.6957142857142857,145
inception_full__b1_star_fixed10,participant_outer_oof,participant,one_vs_rest,2,17,0.1619047619047619,0.525,0.3718664603977083,0.6957142857142857,145
inception_full__b1_star_fixed10,participant_outer_oof,participant,one_vs_rest,2,18,0.17142857142857143,0.525,0.37119331076145007,0.6957142857142857,145
inception_full__b1_star_fixed10,participant_outer_oof,participant,one_vs_rest,2,19,0.17142857142857143,0.55,0.370489341096732,0.6957142857142857,145
inception_full__b1_star_fixed10,participant_outer_oof,participant,one_vs_rest,2,20,0.21904761904761905,0.55,0.3105809467950493,0.6957142857142857,145
inception_full__b1_star_fixed10,participant_outer_oof,participant,one_vs_rest,2,21,0.21904761904761905,0.575,0.28361469628446107,0.6957142857142857,145
inception_full__b1_star_fixed10,participant_outer_oof,participant,one_vs_rest,2,22,0.3142857142857143,0.575,0.1759345569068332,0.6957142857142857,145
inception_full__b1_star_fixed10,participant_outer_oof,participant,one_vs_rest,2,23,0.3142857142857143,0.6,0.17566928489665562,0.6957142857142857,145
inception_full__b1_star_fixed10,participant_outer_oof,participant,one_vs_rest,2,24,0.3333333333333333,0.6,0.1702023122698015,0.6957142857142857,145
inception_full__b1_star_fixed10,participant_outer_oof,participant,one_vs_rest,2,25,0.3333333333333333,0.625,0.16134618408820012,0.6957142857142857,145
inception_full__b1_star_fixed10,participant_outer_oof,participant,one_vs_rest,2,26,0.38095238095238093,0.625,0.12359221524833536,0.6957142857142857,145
inception_full__b1_star_fixed10,participant_outer_oof,participant,one_vs_rest,2,27,0.38095238095238093,0.65,0.1231459013317053,0.6957142857142857,145
inception_full__b1_star_fixed10,participant_outer_oof,participant,one_vs_rest,2,28,0.41904761904761906,0.65,0.10922060653386963,0.6957142857142857,145
inception_full__b1_star_fixed10,participant_outer_oof,participant,one_vs_rest,2,29,0.41904761904761906,0.675,0.09604188118489085,0.6957142857142857,145
inception_full__b1_star_fixed10,participant_outer_oof,participant,one_vs_rest,2,30,0.4380952380952381,0.675,0.0938382958900549,0.6957142857142857,145
inception_full__b1_star_fixed10,participant_outer_oof,participant,one_vs_rest,2,31,0.4380952380952381,0.7,0.09219034713528729,0.6957142857142857,145
inception_full__b1_star_fixed10,participant_outer_oof,participant,one_vs_rest,2,32,0.5238095238095238,0.7,0.05557196132139987,0.6957142857142857,145
inception_full__b1_star_fixed10,participant_outer_oof,participant,one_vs_rest,2,33,0.5238095238095238,0.725,0.04639087501904467,0.6957142857142857,145
inception_full__b1_star_fixed10,participant_outer_oof,participant,one_vs_rest,2,34,0.6285714285714286,0.725,0.02373534475844911,0.6957142857142857,145
inception_full__b1_star_fixed10,participant_outer_oof,participant,one_vs_rest,2,35,0.6285714285714286,0.75,0.017405249455869326,0.6957142857142857,145
inception_full__b1_star_fixed10,participant_outer_oof,participant,one_vs_rest,2,36,0.6571428571428571,0.75,0.01417309369353258,0.6957142857142857,145
inception_full__b1_star_fixed10,participant_outer_oof,participant,one_vs_rest,2,37,0.6571428571428571,0.8,0.01364037708110213,0.6957142857142857,145
inception_full__b1_star_fixed10,participant_outer_oof,participant,one_vs_rest,2,38,0.6666666666666666,0.8,0.013062863670112368,0.6957142857142857,145
inception_full__b1_star_fixed10,participant_outer_oof,participant,one_vs_rest,2,39,0.6666666666666666,0.825,0.012401102327941059,0.6957142857142857,145
inception_full__b1_star_fixed10,participant_outer_oof,participant,one_vs_rest,2,40,0.6857142857142857,0.825,0.011689570609370736,0.6957142857142857,145
inception_full__b1_star_fixed10,participant_outer_oof,participant,one_vs_rest,2,41,0.6857142857142857,0.85,0.011458634361056026,0.6957142857142857,145
inception_full__b1_star_fixed10,participant_outer_oof,participant,one_vs_rest,2,42,0.7428571428571429,0.85,0.007239506718522413,0.6957142857142857,145
inception_full__b1_star_fixed10,participant_outer_oof,participant,one_vs_rest,2,43,0.7428571428571429,0.875,0.006841855730457216,0.6957142857142857,145
inception_full__b1_star_fixed10,participant_outer_oof,participant,one_vs_rest,2,44,0.7714285714285715,0.875,0.006250981513860288,0.6957142857142857,145
inception_full__b1_star_fixed10,participant_outer_oof,participant,one_vs_rest,2,45,0.7714285714285715,0.9,0.005212925066547758,0.6957142857142857,145
inception_full__b1_star_fixed10,participant_outer_oof,participant,one_vs_rest,2,46,0.7904761904761904,0.9,0.003939328352941645,0.6957142857142857,145
inception_full__b1_star_fixed10,participant_outer_oof,participant,one_vs_rest,2,47,0.7904761904761904,0.925,0.003717959365729509,0.6957142857142857,145
inception_full__b1_star_fixed10,participant_outer_oof,participant,one_vs_rest,2,48,0.8095238095238095,0.925,0.00293942688206539,0.6957142857142857,145
inception_full__b1_star_fixed10,participant_outer_oof,participant,one_vs_rest,2,49,0.8095238095238095,0.95,0.002269314677337675,0.6957142857142857,145
inception_full__b1_star_fixed10,participant_outer_oof,participant,one_vs_rest,2,50,0.9142857142857143,0.95,0.00037276387550905384,0.6957142857142857,145
inception_full__b1_star_fixed10,participant_outer_oof,participant,one_vs_rest,2,51,0.9142857142857143,0.975,0.000372004964053991,0.6957142857142857,145
inception_full__b1_star_fixed10,participant_outer_oof,participant,one_vs_rest,2,52,0.9904761904761905,0.975,3.3440038022179214e-05,0.6957142857142857,145
inception_full__b1_star_fixed10,participant_outer_oof,participant,one_vs_rest,2,53,0.9904761904761905,1.0,2.71725154771535e-05,0.6957142857142857,145
inception_full__b1_star_fixed10,participant_outer_oof,participant,one_vs_rest,2,54,1.0,1.0,1.7014654937476756e-05,0.6957142857142857,145
inception_full__b1_star_fixed10,participant_outer_oof,participant,macro_average_ovr,macro,0,0.0,0.08055555555555556,,0.682423611111111,145
inception_full__b1_star_fixed10,participant_outer_oof,participant,macro_average_ovr,macro,1,0.005,0.08055555555555556,,0.682423611111111,145
inception_full__b1_star_fixed10,participant_outer_oof,participant,macro_average_ovr,macro,2,0.01,0.14537037037037037,,0.682423611111111,145
inception_full__b1_star_fixed10,participant_outer_oof,participant,macro_average_ovr,macro,3,0.015,0.14537037037037037,,0.682423611111111,145
inception_full__b1_star_fixed10,participant_outer_oof,participant,macro_average_ovr,macro,4,0.02,0.1953703703703704,,0.682423611111111,145
inception_full__b1_star_fixed10,participant_outer_oof,participant,macro_average_ovr,macro,5,0.025,0.2064814814814815,,0.682423611111111,145
inception_full__b1_star_fixed10,participant_outer_oof,participant,macro_average_ovr,macro,6,0.03,0.21388888888888888,,0.682423611111111,145
inception_full__b1_star_fixed10,participant_outer_oof,participant,macro_average_ovr,macro,7,0.035,0.21388888888888888,,0.682423611111111,145
inception_full__b1_star_fixed10,participant_outer_oof,participant,macro_average_ovr,macro,8,0.04,0.21388888888888888,,0.682423611111111,145
inception_full__b1_star_fixed10,participant_outer_oof,participant,macro_average_ovr,macro,9,0.045,0.21388888888888888,,0.682423611111111,145
inception_full__b1_star_fixed10,participant_outer_oof,participant,macro_average_ovr,macro,10,0.05,0.2212962962962963,,0.682423611111111,145
inception_full__b1_star_fixed10,participant_outer_oof,participant,macro_average_ovr,macro,11,0.055,0.2212962962962963,,0.682423611111111,145
inception_full__b1_star_fixed10,participant_outer_oof,participant,macro_average_ovr,macro,12,0.06,0.25925925925925924,,0.682423611111111,145
inception_full__b1_star_fixed10,participant_outer_oof,participant,macro_average_ovr,macro,13,0.065,0.25925925925925924,,0.682423611111111,145
inception_full__b1_star_fixed10,participant_outer_oof,participant,macro_average_ovr,macro,14,0.07,0.2898148148148148,,0.682423611111111,145
inception_full__b1_star_fixed10,participant_outer_oof,participant,macro_average_ovr,macro,15,0.075,0.2898148148148148,,0.682423611111111,145
inception_full__b1_star_fixed10,participant_outer_oof,participant,macro_average_ovr,macro,16,0.08,0.2898148148148148,,0.682423611111111,145
inception_full__b1_star_fixed10,participant_outer_oof,participant,macro_average_ovr,macro,17,0.085,0.29537037037037034,,0.682423611111111,145
inception_full__b1_star_fixed10,participant_outer_oof,participant,macro_average_ovr,macro,18,0.09,0.31851851851851853,,0.682423611111111,145
inception_full__b1_star_fixed10,participant_outer_oof,participant,macro_average_ovr,macro,19,0.095,0.32962962962962966,,0.682423611111111,145
inception_full__b1_star_fixed10,participant_outer_oof,participant,macro_average_ovr,macro,20,0.1,0.32962962962962966,,0.682423611111111,145
inception_full__b1_star_fixed10,participant_outer_oof,participant,macro_average_ovr,macro,21,0.105,0.3462962962962963,,0.682423611111111,145
inception_full__b1_star_fixed10,participant_outer_oof,participant,macro_average_ovr,macro,22,0.11,0.3462962962962963,,0.682423611111111,145
inception_full__b1_star_fixed10,participant_outer_oof,participant,macro_average_ovr,macro,23,0.115,0.3462962962962963,,0.682423611111111,145
inception_full__b1_star_fixed10,participant_outer_oof,participant,macro_average_ovr,macro,24,0.12,0.35185185185185186,,0.682423611111111,145
inception_full__b1_star_fixed10,participant_outer_oof,participant,macro_average_ovr,macro,25,0.125,0.35185185185185186,,0.682423611111111,145
inception_full__b1_star_fixed10,participant_outer_oof,participant,macro_average_ovr,macro,26,0.13,0.36481481481481476,,0.682423611111111,145
inception_full__b1_star_fixed10,participant_outer_oof,participant,macro_average_ovr,macro,27,0.135,0.36481481481481476,,0.682423611111111,145
inception_full__b1_star_fixed10,participant_outer_oof,participant,macro_average_ovr,macro,28,0.14,0.36481481481481476,,0.682423611111111,145
inception_full__b1_star_fixed10,participant_outer_oof,participant,macro_average_ovr,macro,29,0.145,0.3787037037037037,,0.682423611111111,145
inception_full__b1_star_fixed10,participant_outer_oof,participant,macro_average_ovr,macro,30,0.15,0.38611111111111107,,0.682423611111111,145
inception_full__b1_star_fixed10,participant_outer_oof,participant,macro_average_ovr,macro,31,0.155,0.4138888888888889,,0.682423611111111,145
inception_full__b1_star_fixed10,participant_outer_oof,participant,macro_average_ovr,macro,32,0.16,0.42870370370370364,,0.682423611111111,145
inception_full__b1_star_fixed10,participant_outer_oof,participant,macro_average_ovr,macro,33,0.165,0.4453703703703704,,0.682423611111111,145
inception_full__b1_star_fixed10,participant_outer_oof,participant,macro_average_ovr,macro,34,0.17,0.4453703703703704,,0.682423611111111,145
inception_full__b1_star_fixed10,participant_outer_oof,participant,macro_average_ovr,macro,35,0.17500000000000002,0.4537037037037037,,0.682423611111111,145
inception_full__b1_star_fixed10,participant_outer_oof,participant,macro_average_ovr,macro,36,0.18,0.45925925925925926,,0.682423611111111,145
inception_full__b1_star_fixed10,participant_outer_oof,participant,macro_average_ovr,macro,37,0.185,0.45925925925925926,,0.682423611111111,145
inception_full__b1_star_fixed10,participant_outer_oof,participant,macro_average_ovr,macro,38,0.19,0.45925925925925926,,0.682423611111111,145
inception_full__b1_star_fixed10,participant_outer_oof,participant,macro_average_ovr,macro,39,0.195,0.45925925925925926,,0.682423611111111,145
inception_full__b1_star_fixed10,participant_outer_oof,participant,macro_average_ovr,macro,40,0.2,0.47962962962962963,,0.682423611111111,145
inception_full__b1_star_fixed10,participant_outer_oof,participant,macro_average_ovr,macro,41,0.20500000000000002,0.47962962962962963,,0.682423611111111,145
inception_full__b1_star_fixed10,participant_outer_oof,participant,macro_average_ovr,macro,42,0.21,0.487037037037037,,0.682423611111111,145
inception_full__b1_star_fixed10,participant_outer_oof,participant,macro_average_ovr,macro,43,0.215,0.487037037037037,,0.682423611111111,145
inception_full__b1_star_fixed10,participant_outer_oof,participant,macro_average_ovr,macro,44,0.22,0.5027777777777778,,0.682423611111111,145
inception_full__b1_star_fixed10,participant_outer_oof,participant,macro_average_ovr,macro,45,0.225,0.5083333333333333,,0.682423611111111,145
inception_full__b1_star_fixed10,participant_outer_oof,participant,macro_average_ovr,macro,46,0.23,0.5083333333333333,,0.682423611111111,145
inception_full__b1_star_fixed10,participant_outer_oof,participant,macro_average_ovr,macro,47,0.23500000000000001,0.5083333333333333,,0.682423611111111,145
inception_full__b1_star_fixed10,participant_outer_oof,participant,macro_average_ovr,macro,48,0.24,0.5157407407407407,,0.682423611111111,145
inception_full__b1_star_fixed10,participant_outer_oof,participant,macro_average_ovr,macro,49,0.245,0.5157407407407407,,0.682423611111111,145
inception_full__b1_star_fixed10,participant_outer_oof,participant,macro_average_ovr,macro,50,0.25,0.5157407407407407,,0.682423611111111,145
inception_full__b1_star_fixed10,participant_outer_oof,participant,macro_average_ovr,macro,51,0.255,0.5157407407407407,,0.682423611111111,145
inception_full__b1_star_fixed10,participant_outer_oof,participant,macro_average_ovr,macro,52,0.26,0.5212962962962963,,0.682423611111111,145
inception_full__b1_star_fixed10,participant_outer_oof,participant,macro_average_ovr,macro,53,0.265,0.5212962962962963,,0.682423611111111,145
inception_full__b1_star_fixed10,participant_outer_oof,participant,macro_average_ovr,macro,54,0.27,0.5212962962962963,,0.682423611111111,145
inception_full__b1_star_fixed10,participant_outer_oof,participant,macro_average_ovr,macro,55,0.275,0.5268518518518518,,0.682423611111111,145
inception_full__b1_star_fixed10,participant_outer_oof,participant,macro_average_ovr,macro,56,0.28,0.5268518518518518,,0.682423611111111,145
inception_full__b1_star_fixed10,participant_outer_oof,participant,macro_average_ovr,macro,57,0.28500000000000003,0.537962962962963,,0.682423611111111,145
inception_full__b1_star_fixed10,participant_outer_oof,participant,macro_average_ovr,macro,58,0.29,0.5453703703703704,,0.682423611111111,145
inception_full__b1_star_fixed10,participant_outer_oof,participant,macro_average_ovr,macro,59,0.295,0.5453703703703704,,0.682423611111111,145
inception_full__b1_star_fixed10,participant_outer_oof,participant,macro_average_ovr,macro,60,0.3,0.5453703703703704,,0.682423611111111,145
inception_full__b1_star_fixed10,participant_outer_oof,participant,macro_average_ovr,macro,61,0.305,0.5453703703703704,,0.682423611111111,145
inception_full__b1_star_fixed10,participant_outer_oof,participant,macro_average_ovr,macro,62,0.31,0.5638888888888889,,0.682423611111111,145
inception_full__b1_star_fixed10,participant_outer_oof,participant,macro_average_ovr,macro,63,0.315,0.5722222222222223,,0.682423611111111,145
inception_full__b1_star_fixed10,participant_outer_oof,participant,macro_average_ovr,macro,64,0.32,0.5796296296296296,,0.682423611111111,145
inception_full__b1_star_fixed10,participant_outer_oof,participant,macro_average_ovr,macro,65,0.325,0.5796296296296296,,0.682423611111111,145
inception_full__b1_star_fixed10,participant_outer_oof,participant,macro_average_ovr,macro,66,0.33,0.5851851851851851,,0.682423611111111,145
inception_full__b1_star_fixed10,participant_outer_oof,participant,macro_average_ovr,macro,67,0.335,0.5935185185185184,,0.682423611111111,145
inception_full__b1_star_fixed10,participant_outer_oof,participant,macro_average_ovr,macro,68,0.34,0.600925925925926,,0.682423611111111,145
inception_full__b1_star_fixed10,participant_outer_oof,participant,macro_average_ovr,macro,69,0.34500000000000003,0.600925925925926,,0.682423611111111,145
inception_full__b1_star_fixed10,participant_outer_oof,participant,macro_average_ovr,macro,70,0.35000000000000003,0.600925925925926,,0.682423611111111,145
inception_full__b1_star_fixed10,participant_outer_oof,participant,macro_average_ovr,macro,71,0.355,0.6064814814814815,,0.682423611111111,145
inception_full__b1_star_fixed10,participant_outer_oof,participant,macro_average_ovr,macro,72,0.36,0.6064814814814815,,0.682423611111111,145
inception_full__b1_star_fixed10,participant_outer_oof,participant,macro_average_ovr,macro,73,0.365,0.612037037037037,,0.682423611111111,145
inception_full__b1_star_fixed10,participant_outer_oof,participant,macro_average_ovr,macro,74,0.37,0.612037037037037,,0.682423611111111,145
inception_full__b1_star_fixed10,participant_outer_oof,participant,macro_average_ovr,macro,75,0.375,0.612037037037037,,0.682423611111111,145
inception_full__b1_star_fixed10,participant_outer_oof,participant,macro_average_ovr,macro,76,0.38,0.612037037037037,,0.682423611111111,145
inception_full__b1_star_fixed10,participant_outer_oof,participant,macro_average_ovr,macro,77,0.385,0.6203703703703703,,0.682423611111111,145
inception_full__b1_star_fixed10,participant_outer_oof,participant,macro_average_ovr,macro,78,0.39,0.6537037037037038,,0.682423611111111,145
inception_full__b1_star_fixed10,participant_outer_oof,participant,macro_average_ovr,macro,79,0.395,0.6537037037037038,,0.682423611111111,145
inception_full__b1_star_fixed10,participant_outer_oof,participant,macro_average_ovr,macro,80,0.4,0.6611111111111111,,0.682423611111111,145
inception_full__b1_star_fixed10,participant_outer_oof,participant,macro_average_ovr,macro,81,0.405,0.6611111111111111,,0.682423611111111,145
inception_full__b1_star_fixed10,participant_outer_oof,participant,macro_average_ovr,macro,82,0.41000000000000003,0.6611111111111111,,0.682423611111111,145
inception_full__b1_star_fixed10,participant_outer_oof,participant,macro_average_ovr,macro,83,0.41500000000000004,0.6611111111111111,,0.682423611111111,145
inception_full__b1_star_fixed10,participant_outer_oof,participant,macro_average_ovr,macro,84,0.42,0.6768518518518519,,0.682423611111111,145
inception_full__b1_star_fixed10,participant_outer_oof,participant,macro_average_ovr,macro,85,0.425,0.6824074074074075,,0.682423611111111,145
inception_full__b1_star_fixed10,participant_outer_oof,participant,macro_average_ovr,macro,86,0.43,0.6824074074074075,,0.682423611111111,145
inception_full__b1_star_fixed10,participant_outer_oof,participant,macro_average_ovr,macro,87,0.435,0.6824074074074075,,0.682423611111111,145
inception_full__b1_star_fixed10,participant_outer_oof,participant,macro_average_ovr,macro,88,0.44,0.6907407407407407,,0.682423611111111,145
inception_full__b1_star_fixed10,participant_outer_oof,participant,macro_average_ovr,macro,89,0.445,0.6907407407407407,,0.682423611111111,145
inception_full__b1_star_fixed10,participant_outer_oof,participant,macro_average_ovr,macro,90,0.45,0.6981481481481481,,0.682423611111111,145
inception_full__b1_star_fixed10,participant_outer_oof,participant,macro_average_ovr,macro,91,0.455,0.6981481481481481,,0.682423611111111,145
inception_full__b1_star_fixed10,participant_outer_oof,participant,macro_average_ovr,macro,92,0.46,0.7037037037037036,,0.682423611111111,145
inception_full__b1_star_fixed10,participant_outer_oof,participant,macro_average_ovr,macro,93,0.465,0.7037037037037036,,0.682423611111111,145
inception_full__b1_star_fixed10,participant_outer_oof,participant,macro_average_ovr,macro,94,0.47000000000000003,0.7037037037037036,,0.682423611111111,145
inception_full__b1_star_fixed10,participant_outer_oof,participant,macro_average_ovr,macro,95,0.47500000000000003,0.7037037037037036,,0.682423611111111,145
inception_full__b1_star_fixed10,participant_outer_oof,participant,macro_average_ovr,macro,96,0.48,0.7111111111111111,,0.682423611111111,145
inception_full__b1_star_fixed10,participant_outer_oof,participant,macro_average_ovr,macro,97,0.485,0.7166666666666668,,0.682423611111111,145
inception_full__b1_star_fixed10,participant_outer_oof,participant,macro_average_ovr,macro,98,0.49,0.7166666666666668,,0.682423611111111,145
inception_full__b1_star_fixed10,participant_outer_oof,participant,macro_average_ovr,macro,99,0.495,0.7222222222222223,,0.682423611111111,145
inception_full__b1_star_fixed10,participant_outer_oof,participant,macro_average_ovr,macro,100,0.5,0.7222222222222223,,0.682423611111111,145
inception_full__b1_star_fixed10,participant_outer_oof,participant,macro_average_ovr,macro,101,0.505,0.7222222222222223,,0.682423611111111,145
inception_full__b1_star_fixed10,participant_outer_oof,participant,macro_average_ovr,macro,102,0.51,0.7296296296296297,,0.682423611111111,145
inception_full__b1_star_fixed10,participant_outer_oof,participant,macro_average_ovr,macro,103,0.515,0.7296296296296297,,0.682423611111111,145
inception_full__b1_star_fixed10,participant_outer_oof,participant,macro_average_ovr,macro,104,0.52,0.7296296296296297,,0.682423611111111,145
inception_full__b1_star_fixed10,participant_outer_oof,participant,macro_average_ovr,macro,105,0.525,0.737962962962963,,0.682423611111111,145
inception_full__b1_star_fixed10,participant_outer_oof,participant,macro_average_ovr,macro,106,0.53,0.737962962962963,,0.682423611111111,145
inception_full__b1_star_fixed10,participant_outer_oof,participant,macro_average_ovr,macro,107,0.535,0.737962962962963,,0.682423611111111,145
inception_full__b1_star_fixed10,participant_outer_oof,participant,macro_average_ovr,macro,108,0.54,0.737962962962963,,0.682423611111111,145
inception_full__b1_star_fixed10,participant_outer_oof,participant,macro_average_ovr,macro,109,0.545,0.7435185185185186,,0.682423611111111,145
inception_full__b1_star_fixed10,participant_outer_oof,participant,macro_average_ovr,macro,110,0.55,0.7435185185185186,,0.682423611111111,145
inception_full__b1_star_fixed10,participant_outer_oof,participant,macro_average_ovr,macro,111,0.555,0.7601851851851852,,0.682423611111111,145
inception_full__b1_star_fixed10,participant_outer_oof,participant,macro_average_ovr,macro,112,0.56,0.7675925925925925,,0.682423611111111,145
inception_full__b1_star_fixed10,participant_outer_oof,participant,macro_average_ovr,macro,113,0.5650000000000001,0.7675925925925925,,0.682423611111111,145
inception_full__b1_star_fixed10,participant_outer_oof,participant,macro_average_ovr,macro,114,0.5700000000000001,0.7675925925925925,,0.682423611111111,145
inception_full__b1_star_fixed10,participant_outer_oof,participant,macro_average_ovr,macro,115,0.5750000000000001,0.7675925925925925,,0.682423611111111,145
inception_full__b1_star_fixed10,participant_outer_oof,participant,macro_average_ovr,macro,116,0.58,0.775,,0.682423611111111,145
inception_full__b1_star_fixed10,participant_outer_oof,participant,macro_average_ovr,macro,117,0.585,0.775,,0.682423611111111,145
inception_full__b1_star_fixed10,participant_outer_oof,participant,macro_average_ovr,macro,118,0.59,0.775,,0.682423611111111,145
inception_full__b1_star_fixed10,participant_outer_oof,participant,macro_average_ovr,macro,119,0.595,0.775,,0.682423611111111,145
inception_full__b1_star_fixed10,participant_outer_oof,participant,macro_average_ovr,macro,120,0.6,0.7824074074074074,,0.682423611111111,145
inception_full__b1_star_fixed10,participant_outer_oof,participant,macro_average_ovr,macro,121,0.605,0.7824074074074074,,0.682423611111111,145
inception_full__b1_star_fixed10,participant_outer_oof,participant,macro_average_ovr,macro,122,0.61,0.7824074074074074,,0.682423611111111,145
inception_full__b1_star_fixed10,participant_outer_oof,participant,macro_average_ovr,macro,123,0.615,0.7824074074074074,,0.682423611111111,145
inception_full__b1_star_fixed10,participant_outer_oof,participant,macro_average_ovr,macro,124,0.62,0.7824074074074074,,0.682423611111111,145
inception_full__b1_star_fixed10,participant_outer_oof,participant,macro_average_ovr,macro,125,0.625,0.787962962962963,,0.682423611111111,145
inception_full__b1_star_fixed10,participant_outer_oof,participant,macro_average_ovr,macro,126,0.63,0.7962962962962963,,0.682423611111111,145
inception_full__b1_star_fixed10,participant_outer_oof,participant,macro_average_ovr,macro,127,0.635,0.7962962962962963,,0.682423611111111,145
inception_full__b1_star_fixed10,participant_outer_oof,participant,macro_average_ovr,macro,128,0.64,0.7962962962962963,,0.682423611111111,145
inception_full__b1_star_fixed10,participant_outer_oof,participant,macro_average_ovr,macro,129,0.645,0.7962962962962963,,0.682423611111111,145
inception_full__b1_star_fixed10,participant_outer_oof,participant,macro_average_ovr,macro,130,0.65,0.8074074074074074,,0.682423611111111,145
inception_full__b1_star_fixed10,participant_outer_oof,participant,macro_average_ovr,macro,131,0.655,0.8074074074074074,,0.682423611111111,145
inception_full__b1_star_fixed10,participant_outer_oof,participant,macro_average_ovr,macro,132,0.66,0.8240740740740741,,0.682423611111111,145
inception_full__b1_star_fixed10,participant_outer_oof,participant,macro_average_ovr,macro,133,0.665,0.8240740740740741,,0.682423611111111,145
inception_full__b1_star_fixed10,participant_outer_oof,participant,macro_average_ovr,macro,134,0.67,0.8324074074074073,,0.682423611111111,145
inception_full__b1_star_fixed10,participant_outer_oof,participant,macro_average_ovr,macro,135,0.675,0.8379629629629629,,0.682423611111111,145
inception_full__b1_star_fixed10,participant_outer_oof,participant,macro_average_ovr,macro,136,0.68,0.8379629629629629,,0.682423611111111,145
inception_full__b1_star_fixed10,participant_outer_oof,participant,macro_average_ovr,macro,137,0.685,0.8379629629629629,,0.682423611111111,145
inception_full__b1_star_fixed10,participant_outer_oof,participant,macro_average_ovr,macro,138,0.6900000000000001,0.8462962962962962,,0.682423611111111,145
inception_full__b1_star_fixed10,participant_outer_oof,participant,macro_average_ovr,macro,139,0.6950000000000001,0.8518518518518517,,0.682423611111111,145
inception_full__b1_star_fixed10,participant_outer_oof,participant,macro_average_ovr,macro,140,0.7000000000000001,0.8518518518518517,,0.682423611111111,145
inception_full__b1_star_fixed10,participant_outer_oof,participant,macro_average_ovr,macro,141,0.705,0.8518518518518517,,0.682423611111111,145
inception_full__b1_star_fixed10,participant_outer_oof,participant,macro_average_ovr,macro,142,0.71,0.862962962962963,,0.682423611111111,145
inception_full__b1_star_fixed10,participant_outer_oof,participant,macro_average_ovr,macro,143,0.715,0.862962962962963,,0.682423611111111,145
inception_full__b1_star_fixed10,participant_outer_oof,participant,macro_average_ovr,macro,144,0.72,0.862962962962963,,0.682423611111111,145
inception_full__b1_star_fixed10,participant_outer_oof,participant,macro_average_ovr,macro,145,0.725,0.862962962962963,,0.682423611111111,145
inception_full__b1_star_fixed10,participant_outer_oof,participant,macro_average_ovr,macro,146,0.73,0.8703703703703703,,0.682423611111111,145
inception_full__b1_star_fixed10,participant_outer_oof,participant,macro_average_ovr,macro,147,0.735,0.8703703703703703,,0.682423611111111,145
inception_full__b1_star_fixed10,participant_outer_oof,participant,macro_average_ovr,macro,148,0.74,0.8703703703703703,,0.682423611111111,145
inception_full__b1_star_fixed10,participant_outer_oof,participant,macro_average_ovr,macro,149,0.745,0.8787037037037037,,0.682423611111111,145
inception_full__b1_star_fixed10,participant_outer_oof,participant,macro_average_ovr,macro,150,0.75,0.8787037037037037,,0.682423611111111,145
inception_full__b1_star_fixed10,participant_outer_oof,participant,macro_average_ovr,macro,151,0.755,0.8898148148148147,,0.682423611111111,145
inception_full__b1_star_fixed10,participant_outer_oof,participant,macro_average_ovr,macro,152,0.76,0.8898148148148147,,0.682423611111111,145
inception_full__b1_star_fixed10,participant_outer_oof,participant,macro_average_ovr,macro,153,0.765,0.8898148148148147,,0.682423611111111,145
inception_full__b1_star_fixed10,participant_outer_oof,participant,macro_average_ovr,macro,154,0.77,0.8898148148148147,,0.682423611111111,145
inception_full__b1_star_fixed10,participant_outer_oof,participant,macro_average_ovr,macro,155,0.775,0.898148148148148,,0.682423611111111,145
inception_full__b1_star_fixed10,participant_outer_oof,participant,macro_average_ovr,macro,156,0.78,0.9055555555555556,,0.682423611111111,145
inception_full__b1_star_fixed10,participant_outer_oof,participant,macro_average_ovr,macro,157,0.785,0.9055555555555556,,0.682423611111111,145
inception_full__b1_star_fixed10,participant_outer_oof,participant,macro_average_ovr,macro,158,0.79,0.9111111111111111,,0.682423611111111,145
inception_full__b1_star_fixed10,participant_outer_oof,participant,macro_average_ovr,macro,159,0.795,0.9194444444444446,,0.682423611111111,145
inception_full__b1_star_fixed10,participant_outer_oof,participant,macro_average_ovr,macro,160,0.8,0.9194444444444446,,0.682423611111111,145
inception_full__b1_star_fixed10,participant_outer_oof,participant,macro_average_ovr,macro,161,0.805,0.9194444444444446,,0.682423611111111,145
inception_full__b1_star_fixed10,participant_outer_oof,participant,macro_average_ovr,macro,162,0.81,0.9277777777777777,,0.682423611111111,145
inception_full__b1_star_fixed10,participant_outer_oof,participant,macro_average_ovr,macro,163,0.8150000000000001,0.9388888888888888,,0.682423611111111,145
inception_full__b1_star_fixed10,participant_outer_oof,participant,macro_average_ovr,macro,164,0.8200000000000001,0.9388888888888888,,0.682423611111111,145
inception_full__b1_star_fixed10,participant_outer_oof,participant,macro_average_ovr,macro,165,0.8250000000000001,0.9444444444444443,,0.682423611111111,145
inception_full__b1_star_fixed10,participant_outer_oof,participant,macro_average_ovr,macro,166,0.8300000000000001,0.9444444444444443,,0.682423611111111,145
inception_full__b1_star_fixed10,participant_outer_oof,participant,macro_average_ovr,macro,167,0.835,0.9444444444444443,,0.682423611111111,145
inception_full__b1_star_fixed10,participant_outer_oof,participant,macro_average_ovr,macro,168,0.84,0.9592592592592591,,0.682423611111111,145
inception_full__b1_star_fixed10,participant_outer_oof,participant,macro_average_ovr,macro,169,0.845,0.9592592592592591,,0.682423611111111,145
inception_full__b1_star_fixed10,participant_outer_oof,participant,macro_average_ovr,macro,170,0.85,0.9592592592592591,,0.682423611111111,145
inception_full__b1_star_fixed10,participant_outer_oof,participant,macro_average_ovr,macro,171,0.855,0.9592592592592591,,0.682423611111111,145
inception_full__b1_star_fixed10,participant_outer_oof,participant,macro_average_ovr,macro,172,0.86,0.9592592592592591,,0.682423611111111,145
inception_full__b1_star_fixed10,participant_outer_oof,participant,macro_average_ovr,macro,173,0.865,0.9592592592592591,,0.682423611111111,145
inception_full__b1_star_fixed10,participant_outer_oof,participant,macro_average_ovr,macro,174,0.87,0.9592592592592591,,0.682423611111111,145
inception_full__b1_star_fixed10,participant_outer_oof,participant,macro_average_ovr,macro,175,0.875,0.9592592592592591,,0.682423611111111,145
inception_full__b1_star_fixed10,participant_outer_oof,participant,macro_average_ovr,macro,176,0.88,0.9666666666666667,,0.682423611111111,145
inception_full__b1_star_fixed10,participant_outer_oof,participant,macro_average_ovr,macro,177,0.885,0.9666666666666667,,0.682423611111111,145
inception_full__b1_star_fixed10,participant_outer_oof,participant,macro_average_ovr,macro,178,0.89,0.9666666666666667,,0.682423611111111,145
inception_full__b1_star_fixed10,participant_outer_oof,participant,macro_average_ovr,macro,179,0.895,0.9666666666666667,,0.682423611111111,145
inception_full__b1_star_fixed10,participant_outer_oof,participant,macro_average_ovr,macro,180,0.9,0.9666666666666667,,0.682423611111111,145
inception_full__b1_star_fixed10,participant_outer_oof,participant,macro_average_ovr,macro,181,0.905,0.9666666666666667,,0.682423611111111,145
inception_full__b1_star_fixed10,participant_outer_oof,participant,macro_average_ovr,macro,182,0.91,0.9722222222222223,,0.682423611111111,145
inception_full__b1_star_fixed10,participant_outer_oof,participant,macro_average_ovr,macro,183,0.915,0.9805555555555556,,0.682423611111111,145
inception_full__b1_star_fixed10,participant_outer_oof,participant,macro_average_ovr,macro,184,0.92,0.9805555555555556,,0.682423611111111,145
inception_full__b1_star_fixed10,participant_outer_oof,participant,macro_average_ovr,macro,185,0.925,0.9805555555555556,,0.682423611111111,145
inception_full__b1_star_fixed10,participant_outer_oof,participant,macro_average_ovr,macro,186,0.93,0.9805555555555556,,0.682423611111111,145
inception_full__b1_star_fixed10,participant_outer_oof,participant,macro_average_ovr,macro,187,0.935,0.9805555555555556,,0.682423611111111,145
inception_full__b1_star_fixed10,participant_outer_oof,participant,macro_average_ovr,macro,188,0.9400000000000001,0.9805555555555556,,0.682423611111111,145
inception_full__b1_star_fixed10,participant_outer_oof,participant,macro_average_ovr,macro,189,0.9450000000000001,0.9861111111111112,,0.682423611111111,145
inception_full__b1_star_fixed10,participant_outer_oof,participant,macro_average_ovr,macro,190,0.9500000000000001,0.9861111111111112,,0.682423611111111,145
inception_full__b1_star_fixed10,participant_outer_oof,participant,macro_average_ovr,macro,191,0.9550000000000001,0.9916666666666667,,0.682423611111111,145
inception_full__b1_star_fixed10,participant_outer_oof,participant,macro_average_ovr,macro,192,0.96,0.9916666666666667,,0.682423611111111,145
inception_full__b1_star_fixed10,participant_outer_oof,participant,macro_average_ovr,macro,193,0.965,0.9916666666666667,,0.682423611111111,145
inception_full__b1_star_fixed10,participant_outer_oof,participant,macro_average_ovr,macro,194,0.97,0.9916666666666667,,0.682423611111111,145
inception_full__b1_star_fixed10,participant_outer_oof,participant,macro_average_ovr,macro,195,0.975,0.9916666666666667,,0.682423611111111,145
inception_full__b1_star_fixed10,participant_outer_oof,participant,macro_average_ovr,macro,196,0.98,0.9916666666666667,,0.682423611111111,145
inception_full__b1_star_fixed10,participant_outer_oof,participant,macro_average_ovr,macro,197,0.985,0.9916666666666667,,0.682423611111111,145
inception_full__b1_star_fixed10,participant_outer_oof,participant,macro_average_ovr,macro,198,0.99,0.9916666666666667,,0.682423611111111,145
inception_full__b1_star_fixed10,participant_outer_oof,participant,macro_average_ovr,macro,199,0.995,1.0,,0.682423611111111,145
inception_full__b1_star_fixed10,participant_outer_oof,participant,macro_average_ovr,macro,200,1.0,1.0,,0.682423611111111,145
inception_full__b2_star_fixed10,participant_outer_oof,participant,one_vs_rest,0,0,0.0,0.0,,0.7077777777777777,145
inception_full__b2_star_fixed10,participant_outer_oof,participant,one_vs_rest,0,1,0.0,0.022222222222222223,0.9928563773607646,0.7077777777777777,145
inception_full__b2_star_fixed10,participant_outer_oof,participant,one_vs_rest,0,2,0.0,0.13333333333333333,0.921695762656128,0.7077777777777777,145
inception_full__b2_star_fixed10,participant_outer_oof,participant,one_vs_rest,0,3,0.01,0.13333333333333333,0.9200664297783429,0.7077777777777777,145
inception_full__b2_star_fixed10,participant_outer_oof,participant,one_vs_rest,0,4,0.01,0.15555555555555556,0.9062582025496171,0.7077777777777777,145
inception_full__b2_star_fixed10,participant_outer_oof,participant,one_vs_rest,0,5,0.04,0.15555555555555556,0.8854074439109668,0.7077777777777777,145
inception_full__b2_star_fixed10,participant_outer_oof,participant,one_vs_rest,0,6,0.04,0.2,0.8635859771745663,0.7077777777777777,145
inception_full__b2_star_fixed10,participant_outer_oof,participant,one_vs_rest,0,7,0.06,0.2,0.8081236389523474,0.7077777777777777,145
inception_full__b2_star_fixed10,participant_outer_oof,participant,one_vs_rest,0,8,0.06,0.26666666666666666,0.7651384909979981,0.7077777777777777,145
inception_full__b2_star_fixed10,participant_outer_oof,participant,one_vs_rest,0,9,0.08,0.26666666666666666,0.7612789273146997,0.7077777777777777,145
inception_full__b2_star_fixed10,participant_outer_oof,participant,one_vs_rest,0,10,0.08,0.35555555555555557,0.691594485556739,0.7077777777777777,145
inception_full__b2_star_fixed10,participant_outer_oof,participant,one_vs_rest,0,11,0.09,0.35555555555555557,0.6232249193238454,0.7077777777777777,145
inception_full__b2_star_fixed10,participant_outer_oof,participant,one_vs_rest,0,12,0.09,0.37777777777777777,0.6218895937028888,0.7077777777777777,145
inception_full__b2_star_fixed10,participant_outer_oof,participant,one_vs_rest,0,13,0.13,0.37777777777777777,0.6089064694577453,0.7077777777777777,145
inception_full__b2_star_fixed10,participant_outer_oof,participant,one_vs_rest,0,14,0.13,0.4,0.5960344534909138,0.7077777777777777,145
inception_full__b2_star_fixed10,participant_outer_oof,participant,one_vs_rest,0,15,0.14,0.4,0.5799467909794698,0.7077777777777777,145
inception_full__b2_star_fixed10,participant_outer_oof,participant,one_vs_rest,0,16,0.14,0.4222222222222222,0.5762644552633015,0.7077777777777777,145
inception_full__b2_star_fixed10,participant_outer_oof,participant,one_vs_rest,0,17,0.16,0.4222222222222222,0.5657049826110121,0.7077777777777777,145
inception_full__b2_star_fixed10,participant_outer_oof,participant,one_vs_rest,0,18,0.16,0.4444444444444444,0.5598355286617979,0.7077777777777777,145
inception_full__b2_star_fixed10,participant_outer_oof,participant,one_vs_rest,0,19,0.23,0.4444444444444444,0.4882477992668499,0.7077777777777777,145
inception_full__b2_star_fixed10,participant_outer_oof,participant,one_vs_rest,0,20,0.23,0.4666666666666667,0.46671812845097793,0.7077777777777777,145
inception_full__b2_star_fixed10,participant_outer_oof,participant,one_vs_rest,0,21,0.25,0.4666666666666667,0.43978388160656945,0.7077777777777777,145
inception_full__b2_star_fixed10,participant_outer_oof,participant,one_vs_rest,0,22,0.25,0.4888888888888889,0.43515899601723423,0.7077777777777777,145
inception_full__b2_star_fixed10,participant_outer_oof,participant,one_vs_rest,0,23,0.28,0.4888888888888889,0.406245995029096,0.7077777777777777,145
inception_full__b2_star_fixed10,participant_outer_oof,participant,one_vs_rest,0,24,0.28,0.5111111111111111,0.40224458206851793,0.7077777777777777,145
inception_full__b2_star_fixed10,participant_outer_oof,participant,one_vs_rest,0,25,0.29,0.5111111111111111,0.39987510603812626,0.7077777777777777,145
inception_full__b2_star_fixed10,participant_outer_oof,participant,one_vs_rest,0,26,0.29,0.5333333333333333,0.39907661469021993,0.7077777777777777,145
inception_full__b2_star_fixed10,participant_outer_oof,participant,one_vs_rest,0,27,0.31,0.5333333333333333,0.3490745607998294,0.7077777777777777,145
inception_full__b2_star_fixed10,participant_outer_oof,participant,one_vs_rest,0,28,0.31,0.5555555555555556,0.3479033191671921,0.7077777777777777,145
inception_full__b2_star_fixed10,participant_outer_oof,participant,one_vs_rest,0,29,0.33,0.5555555555555556,0.3140726857312393,0.7077777777777777,145
inception_full__b2_star_fixed10,participant_outer_oof,participant,one_vs_rest,0,30,0.33,0.6,0.31105544747121205,0.7077777777777777,145
inception_full__b2_star_fixed10,participant_outer_oof,participant,one_vs_rest,0,31,0.34,0.6,0.30852462425610094,0.7077777777777777,145
inception_full__b2_star_fixed10,participant_outer_oof,participant,one_vs_rest,0,32,0.34,0.6222222222222222,0.28864277975572694,0.7077777777777777,145
inception_full__b2_star_fixed10,participant_outer_oof,participant,one_vs_rest,0,33,0.39,0.6222222222222222,0.2552833172593748,0.7077777777777777,145
inception_full__b2_star_fixed10,participant_outer_oof,participant,one_vs_rest,0,34,0.39,0.6444444444444445,0.24696482921811552,0.7077777777777777,145
inception_full__b2_star_fixed10,participant_outer_oof,participant,one_vs_rest,0,35,0.4,0.6444444444444445,0.24525302059814935,0.7077777777777777,145
inception_full__b2_star_fixed10,participant_outer_oof,participant,one_vs_rest,0,36,0.4,0.6666666666666666,0.228476863397112,0.7077777777777777,145
inception_full__b2_star_fixed10,participant_outer_oof,participant,one_vs_rest,0,37,0.41,0.6666666666666666,0.2141316459325943,0.7077777777777777,145
inception_full__b2_star_fixed10,participant_outer_oof,participant,one_vs_rest,0,38,0.41,0.6888888888888889,0.21059072494661457,0.7077777777777777,145
inception_full__b2_star_fixed10,participant_outer_oof,participant,one_vs_rest,0,39,0.43,0.6888888888888889,0.18679673549475173,0.7077777777777777,145
inception_full__b2_star_fixed10,participant_outer_oof,participant,one_vs_rest,0,40,0.43,0.7111111111111111,0.1822741257777676,0.7077777777777777,145
inception_full__b2_star_fixed10,participant_outer_oof,participant,one_vs_rest,0,41,0.45,0.7111111111111111,0.15275478566169273,0.7077777777777777,145
inception_full__b2_star_fixed10,participant_outer_oof,participant,one_vs_rest,0,42,0.45,0.7333333333333333,0.143051935767618,0.7077777777777777,145
inception_full__b2_star_fixed10,participant_outer_oof,participant,one_vs_rest,0,43,0.46,0.7333333333333333,0.13043193119026675,0.7077777777777777,145
inception_full__b2_star_fixed10,participant_outer_oof,participant,one_vs_rest,0,44,0.46,0.7777777777777778,0.12661643626221403,0.7077777777777777,145
inception_full__b2_star_fixed10,participant_outer_oof,participant,one_vs_rest,0,45,0.47,0.7777777777777778,0.12314244136644496,0.7077777777777777,145
inception_full__b2_star_fixed10,participant_outer_oof,participant,one_vs_rest,0,46,0.47,0.8,0.12023763104713273,0.7077777777777777,145
inception_full__b2_star_fixed10,participant_outer_oof,participant,one_vs_rest,0,47,0.55,0.8,0.085452166397095,0.7077777777777777,145
inception_full__b2_star_fixed10,participant_outer_oof,participant,one_vs_rest,0,48,0.55,0.8222222222222222,0.08402186235131297,0.7077777777777777,145
inception_full__b2_star_fixed10,participant_outer_oof,participant,one_vs_rest,0,49,0.58,0.8222222222222222,0.05476515907294268,0.7077777777777777,145
inception_full__b2_star_fixed10,participant_outer_oof,participant,one_vs_rest,0,50,0.58,0.8444444444444444,0.042072480988100715,0.7077777777777777,145
inception_full__b2_star_fixed10,participant_outer_oof,participant,one_vs_rest,0,51,0.59,0.8444444444444444,0.038430236312251426,0.7077777777777777,145
inception_full__b2_star_fixed10,participant_outer_oof,participant,one_vs_rest,0,52,0.59,0.8666666666666667,0.037217040024272556,0.7077777777777777,145
inception_full__b2_star_fixed10,participant_outer_oof,participant,one_vs_rest,0,53,0.64,0.8666666666666667,0.030995826745699166,0.7077777777777777,145
inception_full__b2_star_fixed10,participant_outer_oof,participant,one_vs_rest,0,54,0.64,0.8888888888888888,0.03004351316684518,0.7077777777777777,145
inception_full__b2_star_fixed10,participant_outer_oof,participant,one_vs_rest,0,55,0.66,0.8888888888888888,0.023926361728291823,0.7077777777777777,145
inception_full__b2_star_fixed10,participant_outer_oof,participant,one_vs_rest,0,56,0.66,0.9111111111111111,0.02306713668356446,0.7077777777777777,145
inception_full__b2_star_fixed10,participant_outer_oof,participant,one_vs_rest,0,57,0.72,0.9111111111111111,0.01422651941167263,0.7077777777777777,145
inception_full__b2_star_fixed10,participant_outer_oof,participant,one_vs_rest,0,58,0.72,0.9333333333333333,0.013543310888549525,0.7077777777777777,145
inception_full__b2_star_fixed10,participant_outer_oof,participant,one_vs_rest,0,59,0.78,0.9333333333333333,0.005894604019867833,0.7077777777777777,145
inception_full__b2_star_fixed10,participant_outer_oof,participant,one_vs_rest,0,60,0.78,0.9777777777777777,0.005573536554560264,0.7077777777777777,145
inception_full__b2_star_fixed10,participant_outer_oof,participant,one_vs_rest,0,61,0.91,0.9777777777777777,0.00014278772428671937,0.7077777777777777,145
inception_full__b2_star_fixed10,participant_outer_oof,participant,one_vs_rest,0,62,0.91,1.0,0.00014080392144071732,0.7077777777777777,145
inception_full__b2_star_fixed10,participant_outer_oof,participant,one_vs_rest,0,63,1.0,1.0,8.571630985239877e-07,0.7077777777777777,145
inception_full__b2_star_fixed10,participant_outer_oof,participant,one_vs_rest,1,0,0.0,0.0,,0.5745098039215687,145
inception_full__b2_star_fixed10,participant_outer_oof,participant,one_vs_rest,1,1,0.0,0.016666666666666666,0.9971623063187953,0.5745098039215687,145
inception_full__b2_star_fixed10,participant_outer_oof,participant,one_vs_rest,1,2,0.011764705882352941,0.016666666666666666,0.9896752918047489,0.5745098039215687,145
inception_full__b2_star_fixed10,participant_outer_oof,participant,one_vs_rest,1,3,0.011764705882352941,0.05,0.9825149507888151,0.5745098039215687,145
inception_full__b2_star_fixed10,participant_outer_oof,participant,one_vs_rest,1,4,0.023529411764705882,0.05,0.9808886330404745,0.5745098039215687,145
inception_full__b2_star_fixed10,participant_outer_oof,participant,one_vs_rest,1,5,0.023529411764705882,0.06666666666666667,0.9735098519123138,0.5745098039215687,145
inception_full__b2_star_fixed10,participant_outer_oof,participant,one_vs_rest,1,6,0.03529411764705882,0.06666666666666667,0.9727833434110188,0.5745098039215687,145
inception_full__b2_star_fixed10,participant_outer_oof,participant,one_vs_rest,1,7,0.03529411764705882,0.08333333333333333,0.9655839621932554,0.5745098039215687,145
inception_full__b2_star_fixed10,participant_outer_oof,participant,one_vs_rest,1,8,0.047058823529411764,0.08333333333333333,0.95831402927728,0.5745098039215687,145
inception_full__b2_star_fixed10,participant_outer_oof,participant,one_vs_rest,1,9,0.047058823529411764,0.1,0.9581991534956315,0.5745098039215687,145
inception_full__b2_star_fixed10,participant_outer_oof,participant,one_vs_rest,1,10,0.07058823529411765,0.1,0.946941118571397,0.5745098039215687,145
inception_full__b2_star_fixed10,participant_outer_oof,participant,one_vs_rest,1,11,0.07058823529411765,0.11666666666666667,0.9386349563366589,0.5745098039215687,145
inception_full__b2_star_fixed10,participant_outer_oof,participant,one_vs_rest,1,12,0.08235294117647059,0.11666666666666667,0.9252258979479107,0.5745098039215687,145
inception_full__b2_star_fixed10,participant_outer_oof,participant,one_vs_rest,1,13,0.08235294117647059,0.15,0.9034738958699768,0.5745098039215687,145
inception_full__b2_star_fixed10,participant_outer_oof,participant,one_vs_rest,1,14,0.09411764705882353,0.15,0.8986376272160209,0.5745098039215687,145
inception_full__b2_star_fixed10,participant_outer_oof,participant,one_vs_rest,1,15,0.09411764705882353,0.16666666666666666,0.8844521191824035,0.5745098039215687,145
inception_full__b2_star_fixed10,participant_outer_oof,participant,one_vs_rest,1,16,0.11764705882352941,0.16666666666666666,0.8781849716333251,0.5745098039215687,145
inception_full__b2_star_fixed10,participant_outer_oof,participant,one_vs_rest,1,17,0.11764705882352941,0.18333333333333332,0.8747343743254992,0.5745098039215687,145
inception_full__b2_star_fixed10,participant_outer_oof,participant,one_vs_rest,1,18,0.12941176470588237,0.18333333333333332,0.8645506476980236,0.5745098039215687,145
inception_full__b2_star_fixed10,participant_outer_oof,participant,one_vs_rest,1,19,0.12941176470588237,0.2,0.8397367213160529,0.5745098039215687,145
inception_full__b2_star_fixed10,participant_outer_oof,participant,one_vs_rest,1,20,0.15294117647058825,0.2,0.8268587050954346,0.5745098039215687,145
inception_full__b2_star_fixed10,participant_outer_oof,participant,one_vs_rest,1,21,0.15294117647058825,0.23333333333333334,0.7898126074841624,0.5745098039215687,145
inception_full__b2_star_fixed10,participant_outer_oof,participant,one_vs_rest,1,22,0.18823529411764706,0.23333333333333334,0.7716676051116308,0.5745098039215687,145
inception_full__b2_star_fixed10,participant_outer_oof,participant,one_vs_rest,1,23,0.18823529411764706,0.25,0.7709553924052419,0.5745098039215687,145
inception_full__b2_star_fixed10,participant_outer_oof,participant,one_vs_rest,1,24,0.2,0.25,0.7698146250904848,0.5745098039215687,145
inception_full__b2_star_fixed10,participant_outer_oof,participant,one_vs_rest,1,25,0.2,0.26666666666666666,0.7518244654938625,0.5745098039215687,145
inception_full__b2_star_fixed10,participant_outer_oof,participant,one_vs_rest,1,26,0.21176470588235294,0.26666666666666666,0.7467069250657471,0.5745098039215687,145
inception_full__b2_star_fixed10,participant_outer_oof,participant,one_vs_rest,1,27,0.21176470588235294,0.2833333333333333,0.7347168041021037,0.5745098039215687,145
inception_full__b2_star_fixed10,participant_outer_oof,participant,one_vs_rest,1,28,0.2235294117647059,0.2833333333333333,0.7315437823607028,0.5745098039215687,145
inception_full__b2_star_fixed10,participant_outer_oof,participant,one_vs_rest,1,29,0.2235294117647059,0.31666666666666665,0.7218439113065533,0.5745098039215687,145
inception_full__b2_star_fixed10,participant_outer_oof,participant,one_vs_rest,1,30,0.3058823529411765,0.31666666666666665,0.6389455970566011,0.5745098039215687,145
inception_full__b2_star_fixed10,participant_outer_oof,participant,one_vs_rest,1,31,0.3058823529411765,0.38333333333333336,0.6029083846258978,0.5745098039215687,145
inception_full__b2_star_fixed10,participant_outer_oof,participant,one_vs_rest,1,32,0.3411764705882353,0.38333333333333336,0.5925041370972108,0.5745098039215687,145
inception_full__b2_star_fixed10,participant_outer_oof,participant,one_vs_rest,1,33,0.3411764705882353,0.4,0.58904407096256,0.5745098039215687,145
inception_full__b2_star_fixed10,participant_outer_oof,participant,one_vs_rest,1,34,0.35294117647058826,0.4,0.5873085334400124,0.5745098039215687,145
inception_full__b2_star_fixed10,participant_outer_oof,participant,one_vs_rest,1,35,0.35294117647058826,0.4166666666666667,0.5859100748892235,0.5745098039215687,145
inception_full__b2_star_fixed10,participant_outer_oof,participant,one_vs_rest,1,36,0.36470588235294116,0.4166666666666667,0.5773881145039176,0.5745098039215687,145
inception_full__b2_star_fixed10,participant_outer_oof,participant,one_vs_rest,1,37,0.36470588235294116,0.43333333333333335,0.5765720545490184,0.5745098039215687,145
inception_full__b2_star_fixed10,participant_outer_oof,participant,one_vs_rest,1,38,0.4,0.43333333333333335,0.5568789946113633,0.5745098039215687,145
inception_full__b2_star_fixed10,participant_outer_oof,participant,one_vs_rest,1,39,0.4,0.45,0.5401432222030924,0.5745098039215687,145
inception_full__b2_star_fixed10,participant_outer_oof,participant,one_vs_rest,1,40,0.4117647058823529,0.45,0.5255881949397836,0.5745098039215687,145
inception_full__b2_star_fixed10,participant_outer_oof,participant,one_vs_rest,1,41,0.4117647058823529,0.4666666666666667,0.5217448266682219,0.5745098039215687,145
inception_full__b2_star_fixed10,participant_outer_oof,participant,one_vs_rest,1,42,0.4235294117647059,0.4666666666666667,0.5211252752244137,0.5745098039215687,145
inception_full__b2_star_fixed10,participant_outer_oof,participant,one_vs_rest,1,43,0.4235294117647059,0.48333333333333334,0.5172974616125439,0.5745098039215687,145
inception_full__b2_star_fixed10,participant_outer_oof,participant,one_vs_rest,1,44,0.4588235294117647,0.48333333333333334,0.4950981509971303,0.5745098039215687,145
inception_full__b2_star_fixed10,participant_outer_oof,participant,one_vs_rest,1,45,0.4588235294117647,0.5666666666666667,0.45983669666624616,0.5745098039215687,145
inception_full__b2_star_fixed10,participant_outer_oof,participant,one_vs_rest,1,46,0.49411764705882355,0.5666666666666667,0.4117635824583907,0.5745098039215687,145
inception_full__b2_star_fixed10,participant_outer_oof,participant,one_vs_rest,1,47,0.49411764705882355,0.5833333333333334,0.408177466230557,0.5745098039215687,145
inception_full__b2_star_fixed10,participant_outer_oof,participant,one_vs_rest,1,48,0.5529411764705883,0.5833333333333334,0.3868633461805244,0.5745098039215687,145
inception_full__b2_star_fixed10,participant_outer_oof,participant,one_vs_rest,1,49,0.5529411764705883,0.6666666666666666,0.3612346026760971,0.5745098039215687,145
inception_full__b2_star_fixed10,participant_outer_oof,participant,one_vs_rest,1,50,0.5647058823529412,0.6666666666666666,0.36098651244790625,0.5745098039215687,145
inception_full__b2_star_fixed10,participant_outer_oof,participant,one_vs_rest,1,51,0.5647058823529412,0.6833333333333333,0.34594044970187265,0.5745098039215687,145
inception_full__b2_star_fixed10,participant_outer_oof,participant,one_vs_rest,1,52,0.6,0.6833333333333333,0.2893571522855328,0.5745098039215687,145
inception_full__b2_star_fixed10,participant_outer_oof,participant,one_vs_rest,1,53,0.6,0.7,0.280724900842684,0.5745098039215687,145
inception_full__b2_star_fixed10,participant_outer_oof,participant,one_vs_rest,1,54,0.6235294117647059,0.7,0.2707601704810859,0.5745098039215687,145
inception_full__b2_star_fixed10,participant_outer_oof,participant,one_vs_rest,1,55,0.6235294117647059,0.7833333333333333,0.2539859466462204,0.5745098039215687,145
inception_full__b2_star_fixed10,participant_outer_oof,participant,one_vs_rest,1,56,0.6352941176470588,0.7833333333333333,0.22498370199584836,0.5745098039215687,145
inception_full__b2_star_fixed10,participant_outer_oof,participant,one_vs_rest,1,57,0.6352941176470588,0.8333333333333334,0.2055521466151417,0.5745098039215687,145
inception_full__b2_star_fixed10,participant_outer_oof,participant,one_vs_rest,1,58,0.7294117647058823,0.8333333333333334,0.1657945077676434,0.5745098039215687,145
inception_full__b2_star_fixed10,participant_outer_oof,participant,one_vs_rest,1,59,0.7294117647058823,0.8666666666666667,0.14894357658915727,0.5745098039215687,145
inception_full__b2_star_fixed10,participant_outer_oof,participant,one_vs_rest,1,60,0.788235294117647,0.8666666666666667,0.10054329741288356,0.5745098039215687,145
inception_full__b2_star_fixed10,participant_outer_oof,participant,one_vs_rest,1,61,0.788235294117647,0.9,0.09378237111757994,0.5745098039215687,145
inception_full__b2_star_fixed10,participant_outer_oof,participant,one_vs_rest,1,62,0.8117647058823529,0.9,0.09252089478504369,0.5745098039215687,145
inception_full__b2_star_fixed10,participant_outer_oof,participant,one_vs_rest,1,63,0.8117647058823529,0.9333333333333333,0.08457549637906983,0.5745098039215687,145
inception_full__b2_star_fixed10,participant_outer_oof,participant,one_vs_rest,1,64,0.8235294117647058,0.9333333333333333,0.07821454206258273,0.5745098039215687,145
inception_full__b2_star_fixed10,participant_outer_oof,participant,one_vs_rest,1,65,0.8235294117647058,0.95,0.07304023317265552,0.5745098039215687,145
inception_full__b2_star_fixed10,participant_outer_oof,participant,one_vs_rest,1,66,0.8823529411764706,0.95,0.024086917769369623,0.5745098039215687,145
inception_full__b2_star_fixed10,participant_outer_oof,participant,one_vs_rest,1,67,0.8823529411764706,0.9666666666666667,0.020455784254579855,0.5745098039215687,145
inception_full__b2_star_fixed10,participant_outer_oof,participant,one_vs_rest,1,68,0.9058823529411765,0.9666666666666667,0.01811998660570552,0.5745098039215687,145
inception_full__b2_star_fixed10,participant_outer_oof,participant,one_vs_rest,1,69,0.9058823529411765,0.9833333333333333,0.017558225611165917,0.5745098039215687,145
inception_full__b2_star_fixed10,participant_outer_oof,participant,one_vs_rest,1,70,0.9411764705882353,0.9833333333333333,0.011834537625834043,0.5745098039215687,145
inception_full__b2_star_fixed10,participant_outer_oof,participant,one_vs_rest,1,71,0.9411764705882353,1.0,0.007085210628734922,0.5745098039215687,145
inception_full__b2_star_fixed10,participant_outer_oof,participant,one_vs_rest,1,72,1.0,1.0,6.962993805538133e-05,0.5745098039215687,145
inception_full__b2_star_fixed10,participant_outer_oof,participant,one_vs_rest,2,0,0.0,0.0,,0.8345238095238096,145
inception_full__b2_star_fixed10,participant_outer_oof,participant,one_vs_rest,2,1,0.0,0.025,0.9972688981585872,0.8345238095238096,145
inception_full__b2_star_fixed10,participant_outer_oof,participant,one_vs_rest,2,2,0.0,0.275,0.8518077438074231,0.8345238095238096,145
inception_full__b2_star_fixed10,participant_outer_oof,participant,one_vs_rest,2,3,0.009523809523809525,0.275,0.824803857615019,0.8345238095238096,145
inception_full__b2_star_fixed10,participant_outer_oof,participant,one_vs_rest,2,4,0.009523809523809525,0.375,0.7750112823380746,0.8345238095238096,145
inception_full__b2_star_fixed10,participant_outer_oof,participant,one_vs_rest,2,5,0.01904761904761905,0.375,0.7337403708252842,0.8345238095238096,145
inception_full__b2_star_fixed10,participant_outer_oof,participant,one_vs_rest,2,6,0.01904761904761905,0.4,0.7240415531252051,0.8345238095238096,145
inception_full__b2_star_fixed10,participant_outer_oof,participant,one_vs_rest,2,7,0.0380952380952381,0.4,0.675459748386764,0.8345238095238096,145
inception_full__b2_star_fixed10,participant_outer_oof,participant,one_vs_rest,2,8,0.0380952380952381,0.425,0.6047126918883466,0.8345238095238096,145
inception_full__b2_star_fixed10,participant_outer_oof,participant,one_vs_rest,2,9,0.047619047619047616,0.425,0.6027400451063352,0.8345238095238096,145
inception_full__b2_star_fixed10,participant_outer_oof,participant,one_vs_rest,2,10,0.047619047619047616,0.475,0.5867966078015746,0.8345238095238096,145
inception_full__b2_star_fixed10,participant_outer_oof,participant,one_vs_rest,2,11,0.05714285714285714,0.475,0.5523975761180379,0.8345238095238096,145
inception_full__b2_star_fixed10,participant_outer_oof,participant,one_vs_rest,2,12,0.05714285714285714,0.5,0.5407077285652807,0.8345238095238096,145
inception_full__b2_star_fixed10,participant_outer_oof,participant,one_vs_rest,2,13,0.06666666666666667,0.5,0.5069437972750218,0.8345238095238096,145
inception_full__b2_star_fixed10,participant_outer_oof,participant,one_vs_rest,2,14,0.06666666666666667,0.55,0.4696595932579778,0.8345238095238096,145
inception_full__b2_star_fixed10,participant_outer_oof,participant,one_vs_rest,2,15,0.0761904761904762,0.55,0.4271767043540803,0.8345238095238096,145
inception_full__b2_star_fixed10,participant_outer_oof,participant,one_vs_rest,2,16,0.0761904761904762,0.6,0.3949103779103763,0.8345238095238096,145
inception_full__b2_star_fixed10,participant_outer_oof,participant,one_vs_rest,2,17,0.11428571428571428,0.6,0.3581447420201085,0.8345238095238096,145
inception_full__b2_star_fixed10,participant_outer_oof,participant,one_vs_rest,2,18,0.11428571428571428,0.625,0.35297510601879195,0.8345238095238096,145
inception_full__b2_star_fixed10,participant_outer_oof,participant,one_vs_rest,2,19,0.12380952380952381,0.625,0.3421955162784658,0.8345238095238096,145
inception_full__b2_star_fixed10,participant_outer_oof,participant,one_vs_rest,2,20,0.12380952380952381,0.675,0.3357411743875117,0.8345238095238096,145
inception_full__b2_star_fixed10,participant_outer_oof,participant,one_vs_rest,2,21,0.18095238095238095,0.675,0.2785051979097942,0.8345238095238096,145
inception_full__b2_star_fixed10,participant_outer_oof,participant,one_vs_rest,2,22,0.18095238095238095,0.7,0.2700704907111361,0.8345238095238096,145
inception_full__b2_star_fixed10,participant_outer_oof,participant,one_vs_rest,2,23,0.2,0.7,0.262882681084737,0.8345238095238096,145
inception_full__b2_star_fixed10,participant_outer_oof,participant,one_vs_rest,2,24,0.2,0.725,0.259045196363101,0.8345238095238096,145
inception_full__b2_star_fixed10,participant_outer_oof,participant,one_vs_rest,2,25,0.20952380952380953,0.725,0.25262113962015664,0.8345238095238096,145
inception_full__b2_star_fixed10,participant_outer_oof,participant,one_vs_rest,2,26,0.20952380952380953,0.75,0.2478679304526713,0.8345238095238096,145
inception_full__b2_star_fixed10,participant_outer_oof,participant,one_vs_rest,2,27,0.21904761904761905,0.75,0.24104404122971584,0.8345238095238096,145
inception_full__b2_star_fixed10,participant_outer_oof,participant,one_vs_rest,2,28,0.21904761904761905,0.8,0.2283315377252707,0.8345238095238096,145
inception_full__b2_star_fixed10,participant_outer_oof,participant,one_vs_rest,2,29,0.37142857142857144,0.8,0.09890471242418755,0.8345238095238096,145
inception_full__b2_star_fixed10,participant_outer_oof,participant,one_vs_rest,2,30,0.37142857142857144,0.825,0.09560003617751336,0.8345238095238096,145
inception_full__b2_star_fixed10,participant_outer_oof,participant,one_vs_rest,2,31,0.4,0.825,0.08848344168214983,0.8345238095238096,145
inception_full__b2_star_fixed10,participant_outer_oof,participant,one_vs_rest,2,32,0.4,0.85,0.08713585337230652,0.8345238095238096,145
inception_full__b2_star_fixed10,participant_outer_oof,participant,one_vs_rest,2,33,0.4095238095238095,0.85,0.07411275931865756,0.8345238095238096,145
inception_full__b2_star_fixed10,participant_outer_oof,participant,one_vs_rest,2,34,0.4095238095238095,0.875,0.07367708579079743,0.8345238095238096,145
inception_full__b2_star_fixed10,participant_outer_oof,participant,one_vs_rest,2,35,0.41904761904761906,0.875,0.0728483595929223,0.8345238095238096,145
inception_full__b2_star_fixed10,participant_outer_oof,participant,one_vs_rest,2,36,0.41904761904761906,0.9,0.05249378888688672,0.8345238095238096,145
inception_full__b2_star_fixed10,participant_outer_oof,participant,one_vs_rest,2,37,0.5714285714285714,0.9,0.024899612173816355,0.8345238095238096,145
inception_full__b2_star_fixed10,participant_outer_oof,participant,one_vs_rest,2,38,0.5714285714285714,0.925,0.02181973278437001,0.8345238095238096,145
inception_full__b2_star_fixed10,participant_outer_oof,participant,one_vs_rest,2,39,0.7714285714285715,0.925,0.008419248212569244,0.8345238095238096,145
inception_full__b2_star_fixed10,participant_outer_oof,participant,one_vs_rest,2,40,0.7714285714285715,0.95,0.007154336449178017,0.8345238095238096,145
inception_full__b2_star_fixed10,participant_outer_oof,participant,one_vs_rest,2,41,0.8380952380952381,0.95,0.004152242317318313,0.8345238095238096,145
inception_full__b2_star_fixed10,participant_outer_oof,participant,one_vs_rest,2,42,0.8380952380952381,0.975,0.004022507345919554,0.8345238095238096,145
inception_full__b2_star_fixed10,participant_outer_oof,participant,one_vs_rest,2,43,0.9142857142857143,0.975,0.0020062045198298043,0.8345238095238096,145
inception_full__b2_star_fixed10,participant_outer_oof,participant,one_vs_rest,2,44,0.9142857142857143,1.0,0.0019329526450808045,0.8345238095238096,145
inception_full__b2_star_fixed10,participant_outer_oof,participant,one_vs_rest,2,45,1.0,1.0,1.846405983808121e-06,0.8345238095238096,145
inception_full__b2_star_fixed10,participant_outer_oof,participant,macro_average_ovr,macro,0,0.0,0.1416666666666667,,0.706599537037037,145
inception_full__b2_star_fixed10,participant_outer_oof,participant,macro_average_ovr,macro,1,0.005,0.1416666666666667,,0.706599537037037,145
inception_full__b2_star_fixed10,participant_outer_oof,participant,macro_average_ovr,macro,2,0.01,0.18240740740740743,,0.706599537037037,145
inception_full__b2_star_fixed10,participant_outer_oof,participant,macro_average_ovr,macro,3,0.015,0.1935185185185185,,0.706599537037037,145
inception_full__b2_star_fixed10,participant_outer_oof,participant,macro_average_ovr,macro,4,0.02,0.20185185185185187,,0.706599537037037,145
inception_full__b2_star_fixed10,participant_outer_oof,participant,macro_average_ovr,macro,5,0.025,0.2074074074074074,,0.706599537037037,145
inception_full__b2_star_fixed10,participant_outer_oof,participant,macro_average_ovr,macro,6,0.03,0.2074074074074074,,0.706599537037037,145
inception_full__b2_star_fixed10,participant_outer_oof,participant,macro_average_ovr,macro,7,0.035,0.2074074074074074,,0.706599537037037,145
inception_full__b2_star_fixed10,participant_outer_oof,participant,macro_average_ovr,macro,8,0.04,0.23611111111111108,,0.706599537037037,145
inception_full__b2_star_fixed10,participant_outer_oof,participant,macro_average_ovr,macro,9,0.045,0.23611111111111108,,0.706599537037037,145
inception_full__b2_star_fixed10,participant_outer_oof,participant,macro_average_ovr,macro,10,0.05,0.25833333333333336,,0.706599537037037,145
inception_full__b2_star_fixed10,participant_outer_oof,participant,macro_average_ovr,macro,11,0.055,0.25833333333333336,,0.706599537037037,145
inception_full__b2_star_fixed10,participant_outer_oof,participant,macro_average_ovr,macro,12,0.06,0.2888888888888889,,0.706599537037037,145
inception_full__b2_star_fixed10,participant_outer_oof,participant,macro_average_ovr,macro,13,0.065,0.2888888888888889,,0.706599537037037,145
inception_full__b2_star_fixed10,participant_outer_oof,participant,macro_average_ovr,macro,14,0.07,0.3055555555555556,,0.706599537037037,145
inception_full__b2_star_fixed10,participant_outer_oof,participant,macro_average_ovr,macro,15,0.075,0.3111111111111111,,0.706599537037037,145
inception_full__b2_star_fixed10,participant_outer_oof,participant,macro_average_ovr,macro,16,0.08,0.3574074074074074,,0.706599537037037,145
inception_full__b2_star_fixed10,participant_outer_oof,participant,macro_average_ovr,macro,17,0.085,0.3685185185185185,,0.706599537037037,145
inception_full__b2_star_fixed10,participant_outer_oof,participant,macro_average_ovr,macro,18,0.09,0.37592592592592594,,0.706599537037037,145
inception_full__b2_star_fixed10,participant_outer_oof,participant,macro_average_ovr,macro,19,0.095,0.3814814814814815,,0.706599537037037,145
inception_full__b2_star_fixed10,participant_outer_oof,participant,macro_average_ovr,macro,20,0.1,0.3814814814814815,,0.706599537037037,145
inception_full__b2_star_fixed10,participant_outer_oof,participant,macro_average_ovr,macro,21,0.105,0.3814814814814815,,0.706599537037037,145
inception_full__b2_star_fixed10,participant_outer_oof,participant,macro_average_ovr,macro,22,0.11,0.3814814814814815,,0.706599537037037,145
inception_full__b2_star_fixed10,participant_outer_oof,participant,macro_average_ovr,macro,23,0.115,0.3898148148148148,,0.706599537037037,145
inception_full__b2_star_fixed10,participant_outer_oof,participant,macro_average_ovr,macro,24,0.12,0.39537037037037037,,0.706599537037037,145
inception_full__b2_star_fixed10,participant_outer_oof,participant,macro_average_ovr,macro,25,0.125,0.41203703703703703,,0.706599537037037,145
inception_full__b2_star_fixed10,participant_outer_oof,participant,macro_average_ovr,macro,26,0.13,0.42500000000000004,,0.706599537037037,145
inception_full__b2_star_fixed10,participant_outer_oof,participant,macro_average_ovr,macro,27,0.135,0.42500000000000004,,0.706599537037037,145
inception_full__b2_star_fixed10,participant_outer_oof,participant,macro_average_ovr,macro,28,0.14,0.4324074074074074,,0.706599537037037,145
inception_full__b2_star_fixed10,participant_outer_oof,participant,macro_average_ovr,macro,29,0.145,0.4324074074074074,,0.706599537037037,145
inception_full__b2_star_fixed10,participant_outer_oof,participant,macro_average_ovr,macro,30,0.15,0.4324074074074074,,0.706599537037037,145
inception_full__b2_star_fixed10,participant_outer_oof,participant,macro_average_ovr,macro,31,0.155,0.4435185185185186,,0.706599537037037,145
inception_full__b2_star_fixed10,participant_outer_oof,participant,macro_average_ovr,macro,32,0.16,0.45092592592592595,,0.706599537037037,145
inception_full__b2_star_fixed10,participant_outer_oof,participant,macro_average_ovr,macro,33,0.165,0.45092592592592595,,0.706599537037037,145
inception_full__b2_star_fixed10,participant_outer_oof,participant,macro_average_ovr,macro,34,0.17,0.45092592592592595,,0.706599537037037,145
inception_full__b2_star_fixed10,participant_outer_oof,participant,macro_average_ovr,macro,35,0.17500000000000002,0.45092592592592595,,0.706599537037037,145
inception_full__b2_star_fixed10,participant_outer_oof,participant,macro_average_ovr,macro,36,0.18,0.45092592592592595,,0.706599537037037,145
inception_full__b2_star_fixed10,participant_outer_oof,participant,macro_average_ovr,macro,37,0.185,0.45925925925925926,,0.706599537037037,145
inception_full__b2_star_fixed10,participant_outer_oof,participant,macro_average_ovr,macro,38,0.19,0.4648148148148148,,0.706599537037037,145
inception_full__b2_star_fixed10,participant_outer_oof,participant,macro_average_ovr,macro,39,0.195,0.4648148148148148,,0.706599537037037,145
inception_full__b2_star_fixed10,participant_outer_oof,participant,macro_average_ovr,macro,40,0.2,0.47870370370370363,,0.706599537037037,145
inception_full__b2_star_fixed10,participant_outer_oof,participant,macro_average_ovr,macro,41,0.20500000000000002,0.47870370370370363,,0.706599537037037,145
inception_full__b2_star_fixed10,participant_outer_oof,participant,macro_average_ovr,macro,42,0.21,0.487037037037037,,0.706599537037037,145
inception_full__b2_star_fixed10,participant_outer_oof,participant,macro_average_ovr,macro,43,0.215,0.49259259259259264,,0.706599537037037,145
inception_full__b2_star_fixed10,participant_outer_oof,participant,macro_average_ovr,macro,44,0.22,0.5092592592592592,,0.706599537037037,145
inception_full__b2_star_fixed10,participant_outer_oof,participant,macro_average_ovr,macro,45,0.225,0.5203703703703704,,0.706599537037037,145
inception_full__b2_star_fixed10,participant_outer_oof,participant,macro_average_ovr,macro,46,0.23,0.5277777777777778,,0.706599537037037,145
inception_full__b2_star_fixed10,participant_outer_oof,participant,macro_average_ovr,macro,47,0.23500000000000001,0.5277777777777778,,0.706599537037037,145
inception_full__b2_star_fixed10,participant_outer_oof,participant,macro_average_ovr,macro,48,0.24,0.5277777777777778,,0.706599537037037,145
inception_full__b2_star_fixed10,participant_outer_oof,participant,macro_average_ovr,macro,49,0.245,0.5277777777777778,,0.706599537037037,145
inception_full__b2_star_fixed10,participant_outer_oof,participant,macro_average_ovr,macro,50,0.25,0.5351851851851852,,0.706599537037037,145
inception_full__b2_star_fixed10,participant_outer_oof,participant,macro_average_ovr,macro,51,0.255,0.5351851851851852,,0.706599537037037,145
inception_full__b2_star_fixed10,participant_outer_oof,participant,macro_average_ovr,macro,52,0.26,0.5351851851851852,,0.706599537037037,145
inception_full__b2_star_fixed10,participant_outer_oof,participant,macro_average_ovr,macro,53,0.265,0.5351851851851852,,0.706599537037037,145
inception_full__b2_star_fixed10,participant_outer_oof,participant,macro_average_ovr,macro,54,0.27,0.5351851851851852,,0.706599537037037,145
inception_full__b2_star_fixed10,participant_outer_oof,participant,macro_average_ovr,macro,55,0.275,0.5351851851851852,,0.706599537037037,145
inception_full__b2_star_fixed10,participant_outer_oof,participant,macro_average_ovr,macro,56,0.28,0.5425925925925926,,0.706599537037037,145
inception_full__b2_star_fixed10,participant_outer_oof,participant,macro_average_ovr,macro,57,0.28500000000000003,0.5425925925925926,,0.706599537037037,145
inception_full__b2_star_fixed10,participant_outer_oof,participant,macro_average_ovr,macro,58,0.29,0.5499999999999999,,0.706599537037037,145
inception_full__b2_star_fixed10,participant_outer_oof,participant,macro_average_ovr,macro,59,0.295,0.5499999999999999,,0.706599537037037,145
inception_full__b2_star_fixed10,participant_outer_oof,participant,macro_average_ovr,macro,60,0.3,0.5499999999999999,,0.706599537037037,145
inception_full__b2_star_fixed10,participant_outer_oof,participant,macro_average_ovr,macro,61,0.305,0.5499999999999999,,0.706599537037037,145
inception_full__b2_star_fixed10,participant_outer_oof,participant,macro_average_ovr,macro,62,0.31,0.5796296296296296,,0.706599537037037,145
inception_full__b2_star_fixed10,participant_outer_oof,participant,macro_average_ovr,macro,63,0.315,0.5796296296296296,,0.706599537037037,145
inception_full__b2_star_fixed10,participant_outer_oof,participant,macro_average_ovr,macro,64,0.32,0.5796296296296296,,0.706599537037037,145
inception_full__b2_star_fixed10,participant_outer_oof,participant,macro_average_ovr,macro,65,0.325,0.5796296296296296,,0.706599537037037,145
inception_full__b2_star_fixed10,participant_outer_oof,participant,macro_average_ovr,macro,66,0.33,0.5944444444444444,,0.706599537037037,145
inception_full__b2_star_fixed10,participant_outer_oof,participant,macro_average_ovr,macro,67,0.335,0.5944444444444444,,0.706599537037037,145
inception_full__b2_star_fixed10,participant_outer_oof,participant,macro_average_ovr,macro,68,0.34,0.6018518518518519,,0.706599537037037,145
inception_full__b2_star_fixed10,participant_outer_oof,participant,macro_average_ovr,macro,69,0.34500000000000003,0.6074074074074074,,0.706599537037037,145
inception_full__b2_star_fixed10,participant_outer_oof,participant,macro_average_ovr,macro,70,0.35000000000000003,0.6074074074074074,,0.706599537037037,145
inception_full__b2_star_fixed10,participant_outer_oof,participant,macro_average_ovr,macro,71,0.355,0.612962962962963,,0.706599537037037,145
inception_full__b2_star_fixed10,participant_outer_oof,participant,macro_average_ovr,macro,72,0.36,0.612962962962963,,0.706599537037037,145
inception_full__b2_star_fixed10,participant_outer_oof,participant,macro_average_ovr,macro,73,0.365,0.6185185185185186,,0.706599537037037,145
inception_full__b2_star_fixed10,participant_outer_oof,participant,macro_average_ovr,macro,74,0.37,0.6185185185185186,,0.706599537037037,145
inception_full__b2_star_fixed10,participant_outer_oof,participant,macro_average_ovr,macro,75,0.375,0.6268518518518519,,0.706599537037037,145
inception_full__b2_star_fixed10,participant_outer_oof,participant,macro_average_ovr,macro,76,0.38,0.6268518518518519,,0.706599537037037,145
inception_full__b2_star_fixed10,participant_outer_oof,participant,macro_average_ovr,macro,77,0.385,0.6268518518518519,,0.706599537037037,145
inception_full__b2_star_fixed10,participant_outer_oof,participant,macro_average_ovr,macro,78,0.39,0.6342592592592593,,0.706599537037037,145
inception_full__b2_star_fixed10,participant_outer_oof,participant,macro_average_ovr,macro,79,0.395,0.6342592592592593,,0.706599537037037,145
inception_full__b2_star_fixed10,participant_outer_oof,participant,macro_average_ovr,macro,80,0.4,0.6555555555555556,,0.706599537037037,145
inception_full__b2_star_fixed10,participant_outer_oof,participant,macro_average_ovr,macro,81,0.405,0.6555555555555556,,0.706599537037037,145
inception_full__b2_star_fixed10,participant_outer_oof,participant,macro_average_ovr,macro,82,0.41000000000000003,0.6712962962962963,,0.706599537037037,145
inception_full__b2_star_fixed10,participant_outer_oof,participant,macro_average_ovr,macro,83,0.41500000000000004,0.6768518518518518,,0.706599537037037,145
inception_full__b2_star_fixed10,participant_outer_oof,participant,macro_average_ovr,macro,84,0.42,0.6851851851851851,,0.706599537037037,145
inception_full__b2_star_fixed10,participant_outer_oof,participant,macro_average_ovr,macro,85,0.425,0.6907407407407408,,0.706599537037037,145
inception_full__b2_star_fixed10,participant_outer_oof,participant,macro_average_ovr,macro,86,0.43,0.6981481481481482,,0.706599537037037,145
inception_full__b2_star_fixed10,participant_outer_oof,participant,macro_average_ovr,macro,87,0.435,0.6981481481481482,,0.706599537037037,145
inception_full__b2_star_fixed10,participant_outer_oof,participant,macro_average_ovr,macro,88,0.44,0.6981481481481482,,0.706599537037037,145
inception_full__b2_star_fixed10,participant_outer_oof,participant,macro_average_ovr,macro,89,0.445,0.6981481481481482,,0.706599537037037,145
inception_full__b2_star_fixed10,participant_outer_oof,participant,macro_average_ovr,macro,90,0.45,0.7055555555555556,,0.706599537037037,145
inception_full__b2_star_fixed10,participant_outer_oof,participant,macro_average_ovr,macro,91,0.455,0.7055555555555556,,0.706599537037037,145
inception_full__b2_star_fixed10,participant_outer_oof,participant,macro_average_ovr,macro,92,0.46,0.7481481481481481,,0.706599537037037,145
inception_full__b2_star_fixed10,participant_outer_oof,participant,macro_average_ovr,macro,93,0.465,0.7481481481481481,,0.706599537037037,145
inception_full__b2_star_fixed10,participant_outer_oof,participant,macro_average_ovr,macro,94,0.47000000000000003,0.7555555555555555,,0.706599537037037,145
inception_full__b2_star_fixed10,participant_outer_oof,participant,macro_average_ovr,macro,95,0.47500000000000003,0.7555555555555555,,0.706599537037037,145
inception_full__b2_star_fixed10,participant_outer_oof,participant,macro_average_ovr,macro,96,0.48,0.7555555555555555,,0.706599537037037,145
inception_full__b2_star_fixed10,participant_outer_oof,participant,macro_average_ovr,macro,97,0.485,0.7555555555555555,,0.706599537037037,145
inception_full__b2_star_fixed10,participant_outer_oof,participant,macro_average_ovr,macro,98,0.49,0.7555555555555555,,0.706599537037037,145
inception_full__b2_star_fixed10,participant_outer_oof,participant,macro_average_ovr,macro,99,0.495,0.7611111111111111,,0.706599537037037,145
inception_full__b2_star_fixed10,participant_outer_oof,participant,macro_average_ovr,macro,100,0.5,0.7611111111111111,,0.706599537037037,145
inception_full__b2_star_fixed10,participant_outer_oof,participant,macro_average_ovr,macro,101,0.505,0.7611111111111111,,0.706599537037037,145
inception_full__b2_star_fixed10,participant_outer_oof,participant,macro_average_ovr,macro,102,0.51,0.7611111111111111,,0.706599537037037,145
inception_full__b2_star_fixed10,participant_outer_oof,participant,macro_average_ovr,macro,103,0.515,0.7611111111111111,,0.706599537037037,145
inception_full__b2_star_fixed10,participant_outer_oof,participant,macro_average_ovr,macro,104,0.52,0.7611111111111111,,0.706599537037037,145
inception_full__b2_star_fixed10,participant_outer_oof,participant,macro_average_ovr,macro,105,0.525,0.7611111111111111,,0.706599537037037,145
inception_full__b2_star_fixed10,participant_outer_oof,participant,macro_average_ovr,macro,106,0.53,0.7611111111111111,,0.706599537037037,145
inception_full__b2_star_fixed10,participant_outer_oof,participant,macro_average_ovr,macro,107,0.535,0.7611111111111111,,0.706599537037037,145
inception_full__b2_star_fixed10,participant_outer_oof,participant,macro_average_ovr,macro,108,0.54,0.7611111111111111,,0.706599537037037,145
inception_full__b2_star_fixed10,participant_outer_oof,participant,macro_average_ovr,macro,109,0.545,0.7611111111111111,,0.706599537037037,145
inception_full__b2_star_fixed10,participant_outer_oof,participant,macro_average_ovr,macro,110,0.55,0.7685185185185185,,0.706599537037037,145
inception_full__b2_star_fixed10,participant_outer_oof,participant,macro_average_ovr,macro,111,0.555,0.7962962962962963,,0.706599537037037,145
inception_full__b2_star_fixed10,participant_outer_oof,participant,macro_average_ovr,macro,112,0.56,0.7962962962962963,,0.706599537037037,145
inception_full__b2_star_fixed10,participant_outer_oof,participant,macro_average_ovr,macro,113,0.5650000000000001,0.8018518518518518,,0.706599537037037,145
inception_full__b2_star_fixed10,participant_outer_oof,participant,macro_average_ovr,macro,114,0.5700000000000001,0.8018518518518518,,0.706599537037037,145
inception_full__b2_star_fixed10,participant_outer_oof,participant,macro_average_ovr,macro,115,0.5750000000000001,0.8101851851851851,,0.706599537037037,145
inception_full__b2_star_fixed10,participant_outer_oof,participant,macro_average_ovr,macro,116,0.58,0.8175925925925925,,0.706599537037037,145
inception_full__b2_star_fixed10,participant_outer_oof,participant,macro_average_ovr,macro,117,0.585,0.8175925925925925,,0.706599537037037,145
inception_full__b2_star_fixed10,participant_outer_oof,participant,macro_average_ovr,macro,118,0.59,0.8250000000000001,,0.706599537037037,145
inception_full__b2_star_fixed10,participant_outer_oof,participant,macro_average_ovr,macro,119,0.595,0.8250000000000001,,0.706599537037037,145
inception_full__b2_star_fixed10,participant_outer_oof,participant,macro_average_ovr,macro,120,0.6,0.8305555555555556,,0.706599537037037,145
inception_full__b2_star_fixed10,participant_outer_oof,participant,macro_average_ovr,macro,121,0.605,0.8305555555555556,,0.706599537037037,145
inception_full__b2_star_fixed10,participant_outer_oof,participant,macro_average_ovr,macro,122,0.61,0.8305555555555556,,0.706599537037037,145
inception_full__b2_star_fixed10,participant_outer_oof,participant,macro_average_ovr,macro,123,0.615,0.8305555555555556,,0.706599537037037,145
inception_full__b2_star_fixed10,participant_outer_oof,participant,macro_average_ovr,macro,124,0.62,0.8305555555555556,,0.706599537037037,145
inception_full__b2_star_fixed10,participant_outer_oof,participant,macro_average_ovr,macro,125,0.625,0.8583333333333334,,0.706599537037037,145
inception_full__b2_star_fixed10,participant_outer_oof,participant,macro_average_ovr,macro,126,0.63,0.8583333333333334,,0.706599537037037,145
inception_full__b2_star_fixed10,participant_outer_oof,participant,macro_average_ovr,macro,127,0.635,0.8583333333333334,,0.706599537037037,145
inception_full__b2_star_fixed10,participant_outer_oof,participant,macro_average_ovr,macro,128,0.64,0.8824074074074074,,0.706599537037037,145
inception_full__b2_star_fixed10,participant_outer_oof,participant,macro_average_ovr,macro,129,0.645,0.8824074074074074,,0.706599537037037,145
inception_full__b2_star_fixed10,participant_outer_oof,participant,macro_average_ovr,macro,130,0.65,0.8824074074074074,,0.706599537037037,145
inception_full__b2_star_fixed10,participant_outer_oof,participant,macro_average_ovr,macro,131,0.655,0.8824074074074074,,0.706599537037037,145
inception_full__b2_star_fixed10,participant_outer_oof,participant,macro_average_ovr,macro,132,0.66,0.8898148148148147,,0.706599537037037,145
inception_full__b2_star_fixed10,participant_outer_oof,participant,macro_average_ovr,macro,133,0.665,0.8898148148148147,,0.706599537037037,145
inception_full__b2_star_fixed10,participant_outer_oof,participant,macro_average_ovr,macro,134,0.67,0.8898148148148147,,0.706599537037037,145
inception_full__b2_star_fixed10,participant_outer_oof,participant,macro_average_ovr,macro,135,0.675,0.8898148148148147,,0.706599537037037,145
inception_full__b2_star_fixed10,participant_outer_oof,participant,macro_average_ovr,macro,136,0.68,0.8898148148148147,,0.706599537037037,145
inception_full__b2_star_fixed10,participant_outer_oof,participant,macro_average_ovr,macro,137,0.685,0.8898148148148147,,0.706599537037037,145
inception_full__b2_star_fixed10,participant_outer_oof,participant,macro_average_ovr,macro,138,0.6900000000000001,0.8898148148148147,,0.706599537037037,145
inception_full__b2_star_fixed10,participant_outer_oof,participant,macro_average_ovr,macro,139,0.6950000000000001,0.8898148148148147,,0.706599537037037,145
inception_full__b2_star_fixed10,participant_outer_oof,participant,macro_average_ovr,macro,140,0.7000000000000001,0.8898148148148147,,0.706599537037037,145
inception_full__b2_star_fixed10,participant_outer_oof,participant,macro_average_ovr,macro,141,0.705,0.8898148148148147,,0.706599537037037,145
inception_full__b2_star_fixed10,participant_outer_oof,participant,macro_average_ovr,macro,142,0.71,0.8898148148148147,,0.706599537037037,145
inception_full__b2_star_fixed10,participant_outer_oof,participant,macro_average_ovr,macro,143,0.715,0.8898148148148147,,0.706599537037037,145
inception_full__b2_star_fixed10,participant_outer_oof,participant,macro_average_ovr,macro,144,0.72,0.8972222222222221,,0.706599537037037,145
inception_full__b2_star_fixed10,participant_outer_oof,participant,macro_average_ovr,macro,145,0.725,0.8972222222222221,,0.706599537037037,145
inception_full__b2_star_fixed10,participant_outer_oof,participant,macro_average_ovr,macro,146,0.73,0.9083333333333333,,0.706599537037037,145
inception_full__b2_star_fixed10,participant_outer_oof,participant,macro_average_ovr,macro,147,0.735,0.9083333333333333,,0.706599537037037,145
inception_full__b2_star_fixed10,participant_outer_oof,participant,macro_average_ovr,macro,148,0.74,0.9083333333333333,,0.706599537037037,145
inception_full__b2_star_fixed10,participant_outer_oof,participant,macro_average_ovr,macro,149,0.745,0.9083333333333333,,0.706599537037037,145
inception_full__b2_star_fixed10,participant_outer_oof,participant,macro_average_ovr,macro,150,0.75,0.9083333333333333,,0.706599537037037,145
inception_full__b2_star_fixed10,participant_outer_oof,participant,macro_average_ovr,macro,151,0.755,0.9083333333333333,,0.706599537037037,145
inception_full__b2_star_fixed10,participant_outer_oof,participant,macro_average_ovr,macro,152,0.76,0.9083333333333333,,0.706599537037037,145
inception_full__b2_star_fixed10,participant_outer_oof,participant,macro_average_ovr,macro,153,0.765,0.9083333333333333,,0.706599537037037,145
inception_full__b2_star_fixed10,participant_outer_oof,participant,macro_average_ovr,macro,154,0.77,0.9083333333333333,,0.706599537037037,145
inception_full__b2_star_fixed10,participant_outer_oof,participant,macro_average_ovr,macro,155,0.775,0.9166666666666666,,0.706599537037037,145
inception_full__b2_star_fixed10,participant_outer_oof,participant,macro_average_ovr,macro,156,0.78,0.9314814814814815,,0.706599537037037,145
inception_full__b2_star_fixed10,participant_outer_oof,participant,macro_average_ovr,macro,157,0.785,0.9314814814814815,,0.706599537037037,145
inception_full__b2_star_fixed10,participant_outer_oof,participant,macro_average_ovr,macro,158,0.79,0.9425925925925925,,0.706599537037037,145
inception_full__b2_star_fixed10,participant_outer_oof,participant,macro_average_ovr,macro,159,0.795,0.9425925925925925,,0.706599537037037,145
inception_full__b2_star_fixed10,participant_outer_oof,participant,macro_average_ovr,macro,160,0.8,0.9425925925925925,,0.706599537037037,145
inception_full__b2_star_fixed10,participant_outer_oof,participant,macro_average_ovr,macro,161,0.805,0.9425925925925925,,0.706599537037037,145
inception_full__b2_star_fixed10,participant_outer_oof,participant,macro_average_ovr,macro,162,0.81,0.9425925925925925,,0.706599537037037,145
inception_full__b2_star_fixed10,participant_outer_oof,participant,macro_average_ovr,macro,163,0.8150000000000001,0.9537037037037036,,0.706599537037037,145
inception_full__b2_star_fixed10,participant_outer_oof,participant,macro_average_ovr,macro,164,0.8200000000000001,0.9537037037037036,,0.706599537037037,145
inception_full__b2_star_fixed10,participant_outer_oof,participant,macro_average_ovr,macro,165,0.8250000000000001,0.9592592592592591,,0.706599537037037,145
inception_full__b2_star_fixed10,participant_outer_oof,participant,macro_average_ovr,macro,166,0.8300000000000001,0.9592592592592591,,0.706599537037037,145
inception_full__b2_star_fixed10,participant_outer_oof,participant,macro_average_ovr,macro,167,0.835,0.9592592592592591,,0.706599537037037,145
inception_full__b2_star_fixed10,participant_outer_oof,participant,macro_average_ovr,macro,168,0.84,0.9675925925925926,,0.706599537037037,145
inception_full__b2_star_fixed10,participant_outer_oof,participant,macro_average_ovr,macro,169,0.845,0.9675925925925926,,0.706599537037037,145
inception_full__b2_star_fixed10,participant_outer_oof,participant,macro_average_ovr,macro,170,0.85,0.9675925925925926,,0.706599537037037,145
inception_full__b2_star_fixed10,participant_outer_oof,participant,macro_average_ovr,macro,171,0.855,0.9675925925925926,,0.706599537037037,145
inception_full__b2_star_fixed10,participant_outer_oof,participant,macro_average_ovr,macro,172,0.86,0.9675925925925926,,0.706599537037037,145
inception_full__b2_star_fixed10,participant_outer_oof,participant,macro_average_ovr,macro,173,0.865,0.9675925925925926,,0.706599537037037,145
inception_full__b2_star_fixed10,participant_outer_oof,participant,macro_average_ovr,macro,174,0.87,0.9675925925925926,,0.706599537037037,145
inception_full__b2_star_fixed10,participant_outer_oof,participant,macro_average_ovr,macro,175,0.875,0.9675925925925926,,0.706599537037037,145
inception_full__b2_star_fixed10,participant_outer_oof,participant,macro_average_ovr,macro,176,0.88,0.9675925925925926,,0.706599537037037,145
inception_full__b2_star_fixed10,participant_outer_oof,participant,macro_average_ovr,macro,177,0.885,0.9731481481481481,,0.706599537037037,145
inception_full__b2_star_fixed10,participant_outer_oof,participant,macro_average_ovr,macro,178,0.89,0.9731481481481481,,0.706599537037037,145
inception_full__b2_star_fixed10,participant_outer_oof,participant,macro_average_ovr,macro,179,0.895,0.9731481481481481,,0.706599537037037,145
inception_full__b2_star_fixed10,participant_outer_oof,participant,macro_average_ovr,macro,180,0.9,0.9731481481481481,,0.706599537037037,145
inception_full__b2_star_fixed10,participant_outer_oof,participant,macro_average_ovr,macro,181,0.905,0.9731481481481481,,0.706599537037037,145
inception_full__b2_star_fixed10,participant_outer_oof,participant,macro_average_ovr,macro,182,0.91,0.9861111111111112,,0.706599537037037,145
inception_full__b2_star_fixed10,participant_outer_oof,participant,macro_average_ovr,macro,183,0.915,0.9944444444444445,,0.706599537037037,145
inception_full__b2_star_fixed10,participant_outer_oof,participant,macro_average_ovr,macro,184,0.92,0.9944444444444445,,0.706599537037037,145
inception_full__b2_star_fixed10,participant_outer_oof,participant,macro_average_ovr,macro,185,0.925,0.9944444444444445,,0.706599537037037,145
inception_full__b2_star_fixed10,participant_outer_oof,participant,macro_average_ovr,macro,186,0.93,0.9944444444444445,,0.706599537037037,145
inception_full__b2_star_fixed10,participant_outer_oof,participant,macro_average_ovr,macro,187,0.935,0.9944444444444445,,0.706599537037037,145
inception_full__b2_star_fixed10,participant_outer_oof,participant,macro_average_ovr,macro,188,0.9400000000000001,0.9944444444444445,,0.706599537037037,145
inception_full__b2_star_fixed10,participant_outer_oof,participant,macro_average_ovr,macro,189,0.9450000000000001,1.0,,0.706599537037037,145
inception_full__b2_star_fixed10,participant_outer_oof,participant,macro_average_ovr,macro,190,0.9500000000000001,1.0,,0.706599537037037,145
inception_full__b2_star_fixed10,participant_outer_oof,participant,macro_average_ovr,macro,191,0.9550000000000001,1.0,,0.706599537037037,145
inception_full__b2_star_fixed10,participant_outer_oof,participant,macro_average_ovr,macro,192,0.96,1.0,,0.706599537037037,145
inception_full__b2_star_fixed10,participant_outer_oof,participant,macro_average_ovr,macro,193,0.965,1.0,,0.706599537037037,145
inception_full__b2_star_fixed10,participant_outer_oof,participant,macro_average_ovr,macro,194,0.97,1.0,,0.706599537037037,145
inception_full__b2_star_fixed10,participant_outer_oof,participant,macro_average_ovr,macro,195,0.975,1.0,,0.706599537037037,145
inception_full__b2_star_fixed10,participant_outer_oof,participant,macro_average_ovr,macro,196,0.98,1.0,,0.706599537037037,145
inception_full__b2_star_fixed10,participant_outer_oof,participant,macro_average_ovr,macro,197,0.985,1.0,,0.706599537037037,145
inception_full__b2_star_fixed10,participant_outer_oof,participant,macro_average_ovr,macro,198,0.99,1.0,,0.706599537037037,145
inception_full__b2_star_fixed10,participant_outer_oof,participant,macro_average_ovr,macro,199,0.995,1.0,,0.706599537037037,145
inception_full__b2_star_fixed10,participant_outer_oof,participant,macro_average_ovr,macro,200,1.0,1.0,,0.706599537037037,145
inception_full__b3_star_fixed10,participant_outer_oof,participant,one_vs_rest,0,0,0.0,0.0,,0.74,145
inception_full__b3_star_fixed10,participant_outer_oof,participant,one_vs_rest,0,1,0.0,0.022222222222222223,0.9999979499353027,0.74,145
inception_full__b3_star_fixed10,participant_outer_oof,participant,one_vs_rest,0,2,0.0,0.06666666666666667,0.9984261448026698,0.74,145
inception_full__b3_star_fixed10,participant_outer_oof,participant,one_vs_rest,0,3,0.02,0.06666666666666667,0.9890283666875239,0.74,145
inception_full__b3_star_fixed10,participant_outer_oof,participant,one_vs_rest,0,4,0.02,0.1111111111111111,0.9542235933947929,0.74,145
inception_full__b3_star_fixed10,participant_outer_oof,participant,one_vs_rest,0,5,0.03,0.1111111111111111,0.9468394369761988,0.74,145
inception_full__b3_star_fixed10,participant_outer_oof,participant,one_vs_rest,0,6,0.03,0.15555555555555556,0.9334594361885006,0.74,145
inception_full__b3_star_fixed10,participant_outer_oof,participant,one_vs_rest,0,7,0.05,0.15555555555555556,0.932047461644931,0.74,145
inception_full__b3_star_fixed10,participant_outer_oof,participant,one_vs_rest,0,8,0.05,0.17777777777777778,0.9236461731978166,0.74,145
inception_full__b3_star_fixed10,participant_outer_oof,participant,one_vs_rest,0,9,0.07,0.17777777777777778,0.8981712191602389,0.74,145
inception_full__b3_star_fixed10,participant_outer_oof,participant,one_vs_rest,0,10,0.07,0.2222222222222222,0.8818720495038516,0.74,145
inception_full__b3_star_fixed10,participant_outer_oof,participant,one_vs_rest,0,11,0.08,0.2222222222222222,0.8782114939656781,0.74,145
inception_full__b3_star_fixed10,participant_outer_oof,participant,one_vs_rest,0,12,0.08,0.3111111111111111,0.8391032415273377,0.74,145
inception_full__b3_star_fixed10,participant_outer_oof,participant,one_vs_rest,0,13,0.09,0.3111111111111111,0.828983996734341,0.74,145
inception_full__b3_star_fixed10,participant_outer_oof,participant,one_vs_rest,0,14,0.09,0.3333333333333333,0.8252483373414694,0.74,145
inception_full__b3_star_fixed10,participant_outer_oof,participant,one_vs_rest,0,15,0.1,0.3333333333333333,0.8240435103217493,0.74,145
inception_full__b3_star_fixed10,participant_outer_oof,participant,one_vs_rest,0,16,0.1,0.35555555555555557,0.8233667739848771,0.74,145
inception_full__b3_star_fixed10,participant_outer_oof,participant,one_vs_rest,0,17,0.12,0.35555555555555557,0.8137384911610763,0.74,145
inception_full__b3_star_fixed10,participant_outer_oof,participant,one_vs_rest,0,18,0.12,0.4222222222222222,0.7345766876545762,0.74,145
inception_full__b3_star_fixed10,participant_outer_oof,participant,one_vs_rest,0,19,0.15,0.4222222222222222,0.7163081985425137,0.74,145
inception_full__b3_star_fixed10,participant_outer_oof,participant,one_vs_rest,0,20,0.15,0.4444444444444444,0.6993490520735394,0.74,145
inception_full__b3_star_fixed10,participant_outer_oof,participant,one_vs_rest,0,21,0.16,0.4444444444444444,0.6944893491972445,0.74,145
inception_full__b3_star_fixed10,participant_outer_oof,participant,one_vs_rest,0,22,0.16,0.4888888888888889,0.655916727859768,0.74,145
inception_full__b3_star_fixed10,participant_outer_oof,participant,one_vs_rest,0,23,0.22,0.4888888888888889,0.5913521445272317,0.74,145
inception_full__b3_star_fixed10,participant_outer_oof,participant,one_vs_rest,0,24,0.22,0.5111111111111111,0.5788875536312005,0.74,145
inception_full__b3_star_fixed10,participant_outer_oof,participant,one_vs_rest,0,25,0.26,0.5111111111111111,0.5047560975777062,0.74,145
inception_full__b3_star_fixed10,participant_outer_oof,participant,one_vs_rest,0,26,0.26,0.5333333333333333,0.5030621103255302,0.74,145
inception_full__b3_star_fixed10,participant_outer_oof,participant,one_vs_rest,0,27,0.27,0.5333333333333333,0.49815103835968777,0.74,145
inception_full__b3_star_fixed10,participant_outer_oof,participant,one_vs_rest,0,28,0.27,0.5555555555555556,0.4928691329190272,0.74,145
inception_full__b3_star_fixed10,participant_outer_oof,participant,one_vs_rest,0,29,0.29,0.5555555555555556,0.4644039204052938,0.74,145
inception_full__b3_star_fixed10,participant_outer_oof,participant,one_vs_rest,0,30,0.29,0.5777777777777777,0.45952269482722985,0.74,145
inception_full__b3_star_fixed10,participant_outer_oof,participant,one_vs_rest,0,31,0.33,0.5777777777777777,0.4214543762613056,0.74,145
inception_full__b3_star_fixed10,participant_outer_oof,participant,one_vs_rest,0,32,0.33,0.6,0.41070672809353753,0.74,145
inception_full__b3_star_fixed10,participant_outer_oof,participant,one_vs_rest,0,33,0.34,0.6,0.39767711244209814,0.74,145
inception_full__b3_star_fixed10,participant_outer_oof,participant,one_vs_rest,0,34,0.34,0.6222222222222222,0.37863419885975824,0.74,145
inception_full__b3_star_fixed10,participant_outer_oof,participant,one_vs_rest,0,35,0.39,0.6222222222222222,0.3306217193117521,0.74,145
inception_full__b3_star_fixed10,participant_outer_oof,participant,one_vs_rest,0,36,0.39,0.6444444444444445,0.3263151249126396,0.74,145
inception_full__b3_star_fixed10,participant_outer_oof,participant,one_vs_rest,0,37,0.4,0.6444444444444445,0.32071212364534196,0.74,145
inception_full__b3_star_fixed10,participant_outer_oof,participant,one_vs_rest,0,38,0.4,0.8222222222222222,0.24741099754310572,0.74,145
inception_full__b3_star_fixed10,participant_outer_oof,participant,one_vs_rest,0,39,0.43,0.8222222222222222,0.20993202055662538,0.74,145
inception_full__b3_star_fixed10,participant_outer_oof,participant,one_vs_rest,0,40,0.43,0.8444444444444444,0.2088066350245576,0.74,145
inception_full__b3_star_fixed10,participant_outer_oof,participant,one_vs_rest,0,41,0.49,0.8444444444444444,0.1459763709370317,0.74,145
inception_full__b3_star_fixed10,participant_outer_oof,participant,one_vs_rest,0,42,0.49,0.8666666666666667,0.144766980306408,0.74,145
inception_full__b3_star_fixed10,participant_outer_oof,participant,one_vs_rest,0,43,0.52,0.8666666666666667,0.13498048335004184,0.74,145
inception_full__b3_star_fixed10,participant_outer_oof,participant,one_vs_rest,0,44,0.52,0.8888888888888888,0.13344293190857343,0.74,145
inception_full__b3_star_fixed10,participant_outer_oof,participant,one_vs_rest,0,45,0.55,0.8888888888888888,0.0919928957400288,0.74,145
inception_full__b3_star_fixed10,participant_outer_oof,participant,one_vs_rest,0,46,0.55,0.9111111111111111,0.08710537955437272,0.74,145
inception_full__b3_star_fixed10,participant_outer_oof,participant,one_vs_rest,0,47,0.58,0.9111111111111111,0.061728789739206424,0.74,145
inception_full__b3_star_fixed10,participant_outer_oof,participant,one_vs_rest,0,48,0.58,0.9333333333333333,0.06017652410419771,0.74,145
inception_full__b3_star_fixed10,participant_outer_oof,participant,one_vs_rest,0,49,0.66,0.9333333333333333,0.023804911637944872,0.74,145
inception_full__b3_star_fixed10,participant_outer_oof,participant,one_vs_rest,0,50,0.66,0.9555555555555556,0.023086904633309195,0.74,145
inception_full__b3_star_fixed10,participant_outer_oof,participant,one_vs_rest,0,51,0.73,0.9555555555555556,0.011769413109517539,0.74,145
inception_full__b3_star_fixed10,participant_outer_oof,participant,one_vs_rest,0,52,0.73,0.9777777777777777,0.010985372580229205,0.74,145
inception_full__b3_star_fixed10,participant_outer_oof,participant,one_vs_rest,0,53,0.81,0.9777777777777777,0.0038174008410565364,0.74,145
inception_full__b3_star_fixed10,participant_outer_oof,participant,one_vs_rest,0,54,0.81,1.0,0.0027127150254764995,0.74,145
inception_full__b3_star_fixed10,participant_outer_oof,participant,one_vs_rest,0,55,1.0,1.0,4.417264694336244e-08,0.74,145
inception_full__b3_star_fixed10,participant_outer_oof,participant,one_vs_rest,1,0,0.0,0.0,,0.5421568627450981,145
inception_full__b3_star_fixed10,participant_outer_oof,participant,one_vs_rest,1,1,0.011764705882352941,0.0,0.9989562109470136,0.5421568627450981,145
inception_full__b3_star_fixed10,participant_outer_oof,participant,one_vs_rest,1,2,0.03529411764705882,0.0,0.9972625809457256,0.5421568627450981,145
inception_full__b3_star_fixed10,participant_outer_oof,participant,one_vs_rest,1,3,0.03529411764705882,0.05,0.9856203372844862,0.5421568627450981,145
inception_full__b3_star_fixed10,participant_outer_oof,participant,one_vs_rest,1,4,0.047058823529411764,0.05,0.977455861672072,0.5421568627450981,145
inception_full__b3_star_fixed10,participant_outer_oof,participant,one_vs_rest,1,5,0.047058823529411764,0.06666666666666667,0.9769433037199676,0.5421568627450981,145
inception_full__b3_star_fixed10,participant_outer_oof,participant,one_vs_rest,1,6,0.07058823529411765,0.06666666666666667,0.9546433673975944,0.5421568627450981,145
inception_full__b3_star_fixed10,participant_outer_oof,participant,one_vs_rest,1,7,0.07058823529411765,0.13333333333333333,0.9128969385758369,0.5421568627450981,145
inception_full__b3_star_fixed10,participant_outer_oof,participant,one_vs_rest,1,8,0.08235294117647059,0.13333333333333333,0.9123961270816026,0.5421568627450981,145
inception_full__b3_star_fixed10,participant_outer_oof,participant,one_vs_rest,1,9,0.08235294117647059,0.16666666666666666,0.9006437032623384,0.5421568627450981,145
inception_full__b3_star_fixed10,participant_outer_oof,participant,one_vs_rest,1,10,0.09411764705882353,0.16666666666666666,0.8924742458553186,0.5421568627450981,145
inception_full__b3_star_fixed10,participant_outer_oof,participant,one_vs_rest,1,11,0.09411764705882353,0.18333333333333332,0.8819329845932292,0.5421568627450981,145
inception_full__b3_star_fixed10,participant_outer_oof,participant,one_vs_rest,1,12,0.11764705882352941,0.18333333333333332,0.8527963716217558,0.5421568627450981,145
inception_full__b3_star_fixed10,participant_outer_oof,participant,one_vs_rest,1,13,0.11764705882352941,0.2,0.8523916336028589,0.5421568627450981,145
inception_full__b3_star_fixed10,participant_outer_oof,participant,one_vs_rest,1,14,0.1411764705882353,0.2,0.8408128181195627,0.5421568627450981,145
inception_full__b3_star_fixed10,participant_outer_oof,participant,one_vs_rest,1,15,0.1411764705882353,0.21666666666666667,0.840391783959707,0.5421568627450981,145
inception_full__b3_star_fixed10,participant_outer_oof,participant,one_vs_rest,1,16,0.15294117647058825,0.21666666666666667,0.8372246355410234,0.5421568627450981,145
inception_full__b3_star_fixed10,participant_outer_oof,participant,one_vs_rest,1,17,0.15294117647058825,0.23333333333333334,0.8098233147225432,0.5421568627450981,145
inception_full__b3_star_fixed10,participant_outer_oof,participant,one_vs_rest,1,18,0.16470588235294117,0.23333333333333334,0.7895081818944865,0.5421568627450981,145
inception_full__b3_star_fixed10,participant_outer_oof,participant,one_vs_rest,1,19,0.16470588235294117,0.25,0.7892788118306957,0.5421568627450981,145
inception_full__b3_star_fixed10,participant_outer_oof,participant,one_vs_rest,1,20,0.17647058823529413,0.25,0.7677275005806257,0.5421568627450981,145
inception_full__b3_star_fixed10,participant_outer_oof,participant,one_vs_rest,1,21,0.17647058823529413,0.26666666666666666,0.7609273448637647,0.5421568627450981,145
inception_full__b3_star_fixed10,participant_outer_oof,participant,one_vs_rest,1,22,0.2,0.26666666666666666,0.7406091331752505,0.5421568627450981,145
inception_full__b3_star_fixed10,participant_outer_oof,participant,one_vs_rest,1,23,0.2,0.2833333333333333,0.7178739945812785,0.5421568627450981,145
inception_full__b3_star_fixed10,participant_outer_oof,participant,one_vs_rest,1,24,0.29411764705882354,0.2833333333333333,0.6334592893382633,0.5421568627450981,145
inception_full__b3_star_fixed10,participant_outer_oof,participant,one_vs_rest,1,25,0.29411764705882354,0.3,0.6308215085971145,0.5421568627450981,145
inception_full__b3_star_fixed10,participant_outer_oof,participant,one_vs_rest,1,26,0.32941176470588235,0.3,0.6068435081808292,0.5421568627450981,145
inception_full__b3_star_fixed10,participant_outer_oof,participant,one_vs_rest,1,27,0.32941176470588235,0.35,0.5822749270823973,0.5421568627450981,145
inception_full__b3_star_fixed10,participant_outer_oof,participant,one_vs_rest,1,28,0.35294117647058826,0.35,0.5703482244638968,0.5421568627450981,145
inception_full__b3_star_fixed10,participant_outer_oof,participant,one_vs_rest,1,29,0.35294117647058826,0.36666666666666664,0.5696552722194667,0.5421568627450981,145
inception_full__b3_star_fixed10,participant_outer_oof,participant,one_vs_rest,1,30,0.36470588235294116,0.36666666666666664,0.5667605740169142,0.5421568627450981,145
inception_full__b3_star_fixed10,participant_outer_oof,participant,one_vs_rest,1,31,0.36470588235294116,0.4,0.5457576235774011,0.5421568627450981,145
inception_full__b3_star_fixed10,participant_outer_oof,participant,one_vs_rest,1,32,0.38823529411764707,0.4,0.5404584826617469,0.5421568627450981,145
inception_full__b3_star_fixed10,participant_outer_oof,participant,one_vs_rest,1,33,0.38823529411764707,0.4166666666666667,0.5227345994225573,0.5421568627450981,145
inception_full__b3_star_fixed10,participant_outer_oof,participant,one_vs_rest,1,34,0.4,0.4166666666666667,0.5219468037147922,0.5421568627450981,145
inception_full__b3_star_fixed10,participant_outer_oof,participant,one_vs_rest,1,35,0.4,0.43333333333333335,0.5114701519700549,0.5421568627450981,145
inception_full__b3_star_fixed10,participant_outer_oof,participant,one_vs_rest,1,36,0.4117647058823529,0.43333333333333335,0.5064225998368928,0.5421568627450981,145
inception_full__b3_star_fixed10,participant_outer_oof,participant,one_vs_rest,1,37,0.4117647058823529,0.45,0.5027188946930321,0.5421568627450981,145
inception_full__b3_star_fixed10,participant_outer_oof,participant,one_vs_rest,1,38,0.4588235294117647,0.45,0.46696883115272564,0.5421568627450981,145
inception_full__b3_star_fixed10,participant_outer_oof,participant,one_vs_rest,1,39,0.4588235294117647,0.5333333333333333,0.40694919805448093,0.5421568627450981,145
inception_full__b3_star_fixed10,participant_outer_oof,participant,one_vs_rest,1,40,0.49411764705882355,0.5333333333333333,0.38318585198229477,0.5421568627450981,145
inception_full__b3_star_fixed10,participant_outer_oof,participant,one_vs_rest,1,41,0.49411764705882355,0.55,0.3734299010056953,0.5421568627450981,145
inception_full__b3_star_fixed10,participant_outer_oof,participant,one_vs_rest,1,42,0.5529411764705883,0.55,0.29902970895169056,0.5421568627450981,145
inception_full__b3_star_fixed10,participant_outer_oof,participant,one_vs_rest,1,43,0.5529411764705883,0.6,0.2649720588308389,0.5421568627450981,145
inception_full__b3_star_fixed10,participant_outer_oof,participant,one_vs_rest,1,44,0.5882352941176471,0.6,0.25363340570560616,0.5421568627450981,145
inception_full__b3_star_fixed10,participant_outer_oof,participant,one_vs_rest,1,45,0.5882352941176471,0.65,0.22358067711437357,0.5421568627450981,145
inception_full__b3_star_fixed10,participant_outer_oof,participant,one_vs_rest,1,46,0.6235294117647059,0.65,0.21032360716716242,0.5421568627450981,145
inception_full__b3_star_fixed10,participant_outer_oof,participant,one_vs_rest,1,47,0.6235294117647059,0.6666666666666666,0.20093882452986453,0.5421568627450981,145
inception_full__b3_star_fixed10,participant_outer_oof,participant,one_vs_rest,1,48,0.6352941176470588,0.6666666666666666,0.19738482025196805,0.5421568627450981,145
inception_full__b3_star_fixed10,participant_outer_oof,participant,one_vs_rest,1,49,0.6352941176470588,0.7,0.17388556546718228,0.5421568627450981,145
inception_full__b3_star_fixed10,participant_outer_oof,participant,one_vs_rest,1,50,0.6823529411764706,0.7,0.14342831159482838,0.5421568627450981,145
inception_full__b3_star_fixed10,participant_outer_oof,participant,one_vs_rest,1,51,0.6823529411764706,0.7166666666666667,0.13906205823830664,0.5421568627450981,145
inception_full__b3_star_fixed10,participant_outer_oof,participant,one_vs_rest,1,52,0.6941176470588235,0.7166666666666667,0.09866506632858177,0.5421568627450981,145
inception_full__b3_star_fixed10,participant_outer_oof,participant,one_vs_rest,1,53,0.6941176470588235,0.7666666666666667,0.09087708799579446,0.5421568627450981,145
inception_full__b3_star_fixed10,participant_outer_oof,participant,one_vs_rest,1,54,0.7058823529411765,0.7666666666666667,0.07481000728748921,0.5421568627450981,145
inception_full__b3_star_fixed10,participant_outer_oof,participant,one_vs_rest,1,55,0.7058823529411765,0.7833333333333333,0.07455511904947068,0.5421568627450981,145
inception_full__b3_star_fixed10,participant_outer_oof,participant,one_vs_rest,1,56,0.7647058823529411,0.7833333333333333,0.060061390572106285,0.5421568627450981,145
inception_full__b3_star_fixed10,participant_outer_oof,participant,one_vs_rest,1,57,0.7647058823529411,0.8,0.05917576861290328,0.5421568627450981,145
inception_full__b3_star_fixed10,participant_outer_oof,participant,one_vs_rest,1,58,0.8,0.8,0.04799889666483029,0.5421568627450981,145
inception_full__b3_star_fixed10,participant_outer_oof,participant,one_vs_rest,1,59,0.8,0.85,0.037080119401629495,0.5421568627450981,145
inception_full__b3_star_fixed10,participant_outer_oof,participant,one_vs_rest,1,60,0.8117647058823529,0.85,0.03469322542121354,0.5421568627450981,145
inception_full__b3_star_fixed10,participant_outer_oof,participant,one_vs_rest,1,61,0.8117647058823529,0.9,0.018770537538803304,0.5421568627450981,145
inception_full__b3_star_fixed10,participant_outer_oof,participant,one_vs_rest,1,62,0.8352941176470589,0.9,0.016344209890013797,0.5421568627450981,145
inception_full__b3_star_fixed10,participant_outer_oof,participant,one_vs_rest,1,63,0.8352941176470589,0.9166666666666666,0.007331350164022685,0.5421568627450981,145
inception_full__b3_star_fixed10,participant_outer_oof,participant,one_vs_rest,1,64,0.8470588235294118,0.9166666666666666,0.0044445205659806334,0.5421568627450981,145
inception_full__b3_star_fixed10,participant_outer_oof,participant,one_vs_rest,1,65,0.8470588235294118,0.9833333333333333,0.0018761349470998972,0.5421568627450981,145
inception_full__b3_star_fixed10,participant_outer_oof,participant,one_vs_rest,1,66,0.8588235294117647,0.9833333333333333,0.0017098051476529465,0.5421568627450981,145
inception_full__b3_star_fixed10,participant_outer_oof,participant,one_vs_rest,1,67,0.8588235294117647,1.0,0.0013996550965917525,0.5421568627450981,145
inception_full__b3_star_fixed10,participant_outer_oof,participant,one_vs_rest,1,68,1.0,1.0,1.2263874304569223e-06,0.5421568627450981,145
inception_full__b3_star_fixed10,participant_outer_oof,participant,one_vs_rest,2,0,0.0,0.0,,0.7550000000000001,145
inception_full__b3_star_fixed10,participant_outer_oof,participant,one_vs_rest,2,1,0.0,0.025,0.9999987294399226,0.7550000000000001,145
inception_full__b3_star_fixed10,participant_outer_oof,participant,one_vs_rest,2,2,0.0,0.25,0.9327274046126233,0.7550000000000001,145
inception_full__b3_star_fixed10,participant_outer_oof,participant,one_vs_rest,2,3,0.01904761904761905,0.25,0.847198189496973,0.7550000000000001,145
inception_full__b3_star_fixed10,participant_outer_oof,participant,one_vs_rest,2,4,0.01904761904761905,0.325,0.7531225635338682,0.7550000000000001,145
inception_full__b3_star_fixed10,participant_outer_oof,participant,one_vs_rest,2,5,0.0380952380952381,0.325,0.7139280401455146,0.7550000000000001,145
inception_full__b3_star_fixed10,participant_outer_oof,participant,one_vs_rest,2,6,0.0380952380952381,0.45,0.5977130733556428,0.7550000000000001,145
inception_full__b3_star_fixed10,participant_outer_oof,participant,one_vs_rest,2,7,0.06666666666666667,0.45,0.5150713262112592,0.7550000000000001,145
inception_full__b3_star_fixed10,participant_outer_oof,participant,one_vs_rest,2,8,0.06666666666666667,0.475,0.5024144741330158,0.7550000000000001,145
inception_full__b3_star_fixed10,participant_outer_oof,participant,one_vs_rest,2,9,0.0761904761904762,0.475,0.49851596019307676,0.7550000000000001,145
inception_full__b3_star_fixed10,participant_outer_oof,participant,one_vs_rest,2,10,0.0761904761904762,0.5,0.4761456607216436,0.7550000000000001,145
inception_full__b3_star_fixed10,participant_outer_oof,participant,one_vs_rest,2,11,0.09523809523809523,0.5,0.45377119673707744,0.7550000000000001,145
inception_full__b3_star_fixed10,participant_outer_oof,participant,one_vs_rest,2,12,0.09523809523809523,0.525,0.42861530173948525,0.7550000000000001,145
inception_full__b3_star_fixed10,participant_outer_oof,participant,one_vs_rest,2,13,0.10476190476190476,0.525,0.4278069140846568,0.7550000000000001,145
inception_full__b3_star_fixed10,participant_outer_oof,participant,one_vs_rest,2,14,0.10476190476190476,0.55,0.3898655437364731,0.7550000000000001,145
inception_full__b3_star_fixed10,participant_outer_oof,participant,one_vs_rest,2,15,0.11428571428571428,0.55,0.3758022623461746,0.7550000000000001,145
inception_full__b3_star_fixed10,participant_outer_oof,participant,one_vs_rest,2,16,0.11428571428571428,0.575,0.3597055092092782,0.7550000000000001,145
inception_full__b3_star_fixed10,participant_outer_oof,participant,one_vs_rest,2,17,0.12380952380952381,0.575,0.35278653083498257,0.7550000000000001,145
inception_full__b3_star_fixed10,participant_outer_oof,participant,one_vs_rest,2,18,0.12380952380952381,0.6,0.3515465075536608,0.7550000000000001,145
inception_full__b3_star_fixed10,participant_outer_oof,participant,one_vs_rest,2,19,0.1523809523809524,0.6,0.30290808103839795,0.7550000000000001,145
inception_full__b3_star_fixed10,participant_outer_oof,participant,one_vs_rest,2,20,0.1523809523809524,0.625,0.28492029525513135,0.7550000000000001,145
inception_full__b3_star_fixed10,participant_outer_oof,participant,one_vs_rest,2,21,0.24761904761904763,0.625,0.17507260189834206,0.7550000000000001,145
inception_full__b3_star_fixed10,participant_outer_oof,participant,one_vs_rest,2,22,0.24761904761904763,0.65,0.1705695238974354,0.7550000000000001,145
inception_full__b3_star_fixed10,participant_outer_oof,participant,one_vs_rest,2,23,0.2857142857142857,0.65,0.12904979546913115,0.7550000000000001,145
inception_full__b3_star_fixed10,participant_outer_oof,participant,one_vs_rest,2,24,0.2857142857142857,0.675,0.12033521713718535,0.7550000000000001,145
inception_full__b3_star_fixed10,participant_outer_oof,participant,one_vs_rest,2,25,0.29523809523809524,0.675,0.1028005063668842,0.7550000000000001,145
inception_full__b3_star_fixed10,participant_outer_oof,participant,one_vs_rest,2,26,0.29523809523809524,0.7,0.10261770667133381,0.7550000000000001,145
inception_full__b3_star_fixed10,participant_outer_oof,participant,one_vs_rest,2,27,0.3238095238095238,0.7,0.09897471634703478,0.7550000000000001,145
inception_full__b3_star_fixed10,participant_outer_oof,participant,one_vs_rest,2,28,0.3238095238095238,0.725,0.09764407063946254,0.7550000000000001,145
inception_full__b3_star_fixed10,participant_outer_oof,participant,one_vs_rest,2,29,0.5333333333333333,0.725,0.03547959700096192,0.7550000000000001,145
inception_full__b3_star_fixed10,participant_outer_oof,participant,one_vs_rest,2,30,0.5333333333333333,0.75,0.031213099859717684,0.7550000000000001,145
inception_full__b3_star_fixed10,participant_outer_oof,participant,one_vs_rest,2,31,0.5428571428571428,0.75,0.028523926420063482,0.7550000000000001,145
inception_full__b3_star_fixed10,participant_outer_oof,participant,one_vs_rest,2,32,0.5428571428571428,0.775,0.02580902651474872,0.7550000000000001,145
inception_full__b3_star_fixed10,participant_outer_oof,participant,one_vs_rest,2,33,0.580952380952381,0.775,0.021589908443825565,0.7550000000000001,145
inception_full__b3_star_fixed10,participant_outer_oof,participant,one_vs_rest,2,34,0.580952380952381,0.8,0.017638485921011058,0.7550000000000001,145
inception_full__b3_star_fixed10,participant_outer_oof,participant,one_vs_rest,2,35,0.6190476190476191,0.8,0.01593919833111969,0.7550000000000001,145
inception_full__b3_star_fixed10,participant_outer_oof,participant,one_vs_rest,2,36,0.6190476190476191,0.875,0.014472813043865473,0.7550000000000001,145
inception_full__b3_star_fixed10,participant_outer_oof,participant,one_vs_rest,2,37,0.7619047619047619,0.875,0.003640283148453475,0.7550000000000001,145
inception_full__b3_star_fixed10,participant_outer_oof,participant,one_vs_rest,2,38,0.7619047619047619,0.9,0.0026174137757495083,0.7550000000000001,145
inception_full__b3_star_fixed10,participant_outer_oof,participant,one_vs_rest,2,39,0.7904761904761904,0.9,0.0022661616023390927,0.7550000000000001,145
inception_full__b3_star_fixed10,participant_outer_oof,participant,one_vs_rest,2,40,0.7904761904761904,0.925,0.0017577342608407552,0.7550000000000001,145
inception_full__b3_star_fixed10,participant_outer_oof,participant,one_vs_rest,2,41,0.819047619047619,0.925,0.0015438195146941786,0.7550000000000001,145
inception_full__b3_star_fixed10,participant_outer_oof,participant,one_vs_rest,2,42,0.819047619047619,0.95,0.0010939841863481388,0.7550000000000001,145
inception_full__b3_star_fixed10,participant_outer_oof,participant,one_vs_rest,2,43,0.8285714285714286,0.95,0.001072212176718742,0.7550000000000001,145
inception_full__b3_star_fixed10,participant_outer_oof,participant,one_vs_rest,2,44,0.8285714285714286,0.975,0.001043437564824601,0.7550000000000001,145
inception_full__b3_star_fixed10,participant_outer_oof,participant,one_vs_rest,2,45,0.9523809523809523,0.975,0.0001148043232692742,0.7550000000000001,145
inception_full__b3_star_fixed10,participant_outer_oof,participant,one_vs_rest,2,46,0.9523809523809523,1.0,5.721171030725641e-05,0.7550000000000001,145
inception_full__b3_star_fixed10,participant_outer_oof,participant,one_vs_rest,2,47,1.0,1.0,7.714995619415712e-07,0.7550000000000001,145
inception_full__b3_star_fixed10,participant_outer_oof,participant,macro_average_ovr,macro,0,0.0,0.10555555555555556,,0.6800277777777777,145
inception_full__b3_star_fixed10,participant_outer_oof,participant,macro_average_ovr,macro,1,0.005,0.10555555555555556,,0.6800277777777777,145
inception_full__b3_star_fixed10,participant_outer_oof,participant,macro_average_ovr,macro,2,0.01,0.10555555555555556,,0.6800277777777777,145
inception_full__b3_star_fixed10,participant_outer_oof,participant,macro_average_ovr,macro,3,0.015,0.10555555555555556,,0.6800277777777777,145
inception_full__b3_star_fixed10,participant_outer_oof,participant,macro_average_ovr,macro,4,0.02,0.14537037037037037,,0.6800277777777777,145
inception_full__b3_star_fixed10,participant_outer_oof,participant,macro_average_ovr,macro,5,0.025,0.14537037037037037,,0.6800277777777777,145
inception_full__b3_star_fixed10,participant_outer_oof,participant,macro_average_ovr,macro,6,0.03,0.16018518518518518,,0.6800277777777777,145
inception_full__b3_star_fixed10,participant_outer_oof,participant,macro_average_ovr,macro,7,0.035,0.16018518518518518,,0.6800277777777777,145
inception_full__b3_star_fixed10,participant_outer_oof,participant,macro_average_ovr,macro,8,0.04,0.21851851851851853,,0.6800277777777777,145
inception_full__b3_star_fixed10,participant_outer_oof,participant,macro_average_ovr,macro,9,0.045,0.21851851851851853,,0.6800277777777777,145
inception_full__b3_star_fixed10,participant_outer_oof,participant,macro_average_ovr,macro,10,0.05,0.23148148148148148,,0.6800277777777777,145
inception_full__b3_star_fixed10,participant_outer_oof,participant,macro_average_ovr,macro,11,0.055,0.23148148148148148,,0.6800277777777777,145
inception_full__b3_star_fixed10,participant_outer_oof,participant,macro_average_ovr,macro,12,0.06,0.23148148148148148,,0.6800277777777777,145
inception_full__b3_star_fixed10,participant_outer_oof,participant,macro_average_ovr,macro,13,0.065,0.23148148148148148,,0.6800277777777777,145
inception_full__b3_star_fixed10,participant_outer_oof,participant,macro_average_ovr,macro,14,0.07,0.2546296296296296,,0.6800277777777777,145
inception_full__b3_star_fixed10,participant_outer_oof,participant,macro_average_ovr,macro,15,0.075,0.27685185185185185,,0.6800277777777777,145
inception_full__b3_star_fixed10,participant_outer_oof,participant,macro_average_ovr,macro,16,0.08,0.3148148148148148,,0.6800277777777777,145
inception_full__b3_star_fixed10,participant_outer_oof,participant,macro_average_ovr,macro,17,0.085,0.3259259259259259,,0.6800277777777777,145
inception_full__b3_star_fixed10,participant_outer_oof,participant,macro_average_ovr,macro,18,0.09,0.3333333333333333,,0.6800277777777777,145
inception_full__b3_star_fixed10,participant_outer_oof,participant,macro_average_ovr,macro,19,0.095,0.33888888888888885,,0.6800277777777777,145
inception_full__b3_star_fixed10,participant_outer_oof,participant,macro_average_ovr,macro,20,0.1,0.35462962962962963,,0.6800277777777777,145
inception_full__b3_star_fixed10,participant_outer_oof,participant,macro_average_ovr,macro,21,0.105,0.362962962962963,,0.6800277777777777,145
inception_full__b3_star_fixed10,participant_outer_oof,participant,macro_average_ovr,macro,22,0.11,0.362962962962963,,0.6800277777777777,145
inception_full__b3_star_fixed10,participant_outer_oof,participant,macro_average_ovr,macro,23,0.115,0.3712962962962963,,0.6800277777777777,145
inception_full__b3_star_fixed10,participant_outer_oof,participant,macro_average_ovr,macro,24,0.12,0.3990740740740741,,0.6800277777777777,145
inception_full__b3_star_fixed10,participant_outer_oof,participant,macro_average_ovr,macro,25,0.125,0.40740740740740744,,0.6800277777777777,145
inception_full__b3_star_fixed10,participant_outer_oof,participant,macro_average_ovr,macro,26,0.13,0.40740740740740744,,0.6800277777777777,145
inception_full__b3_star_fixed10,participant_outer_oof,participant,macro_average_ovr,macro,27,0.135,0.40740740740740744,,0.6800277777777777,145
inception_full__b3_star_fixed10,participant_outer_oof,participant,macro_average_ovr,macro,28,0.14,0.40740740740740744,,0.6800277777777777,145
inception_full__b3_star_fixed10,participant_outer_oof,participant,macro_average_ovr,macro,29,0.145,0.412962962962963,,0.6800277777777777,145
inception_full__b3_star_fixed10,participant_outer_oof,participant,macro_average_ovr,macro,30,0.15,0.42037037037037034,,0.6800277777777777,145
inception_full__b3_star_fixed10,participant_outer_oof,participant,macro_average_ovr,macro,31,0.155,0.4342592592592593,,0.6800277777777777,145
inception_full__b3_star_fixed10,participant_outer_oof,participant,macro_average_ovr,macro,32,0.16,0.4490740740740741,,0.6800277777777777,145
inception_full__b3_star_fixed10,participant_outer_oof,participant,macro_average_ovr,macro,33,0.165,0.45462962962962966,,0.6800277777777777,145
inception_full__b3_star_fixed10,participant_outer_oof,participant,macro_average_ovr,macro,34,0.17,0.45462962962962966,,0.6800277777777777,145
inception_full__b3_star_fixed10,participant_outer_oof,participant,macro_average_ovr,macro,35,0.17500000000000002,0.45462962962962966,,0.6800277777777777,145
inception_full__b3_star_fixed10,participant_outer_oof,participant,macro_average_ovr,macro,36,0.18,0.4601851851851852,,0.6800277777777777,145
inception_full__b3_star_fixed10,participant_outer_oof,participant,macro_average_ovr,macro,37,0.185,0.4601851851851852,,0.6800277777777777,145
inception_full__b3_star_fixed10,participant_outer_oof,participant,macro_average_ovr,macro,38,0.19,0.4601851851851852,,0.6800277777777777,145
inception_full__b3_star_fixed10,participant_outer_oof,participant,macro_average_ovr,macro,39,0.195,0.4601851851851852,,0.6800277777777777,145
inception_full__b3_star_fixed10,participant_outer_oof,participant,macro_average_ovr,macro,40,0.2,0.46574074074074073,,0.6800277777777777,145
inception_full__b3_star_fixed10,participant_outer_oof,participant,macro_average_ovr,macro,41,0.20500000000000002,0.46574074074074073,,0.6800277777777777,145
inception_full__b3_star_fixed10,participant_outer_oof,participant,macro_average_ovr,macro,42,0.21,0.46574074074074073,,0.6800277777777777,145
inception_full__b3_star_fixed10,participant_outer_oof,participant,macro_average_ovr,macro,43,0.215,0.46574074074074073,,0.6800277777777777,145
inception_full__b3_star_fixed10,participant_outer_oof,participant,macro_average_ovr,macro,44,0.22,0.4731481481481481,,0.6800277777777777,145
inception_full__b3_star_fixed10,participant_outer_oof,participant,macro_average_ovr,macro,45,0.225,0.4731481481481481,,0.6800277777777777,145
inception_full__b3_star_fixed10,participant_outer_oof,participant,macro_average_ovr,macro,46,0.23,0.4731481481481481,,0.6800277777777777,145
inception_full__b3_star_fixed10,participant_outer_oof,participant,macro_average_ovr,macro,47,0.23500000000000001,0.4731481481481481,,0.6800277777777777,145
inception_full__b3_star_fixed10,participant_outer_oof,participant,macro_average_ovr,macro,48,0.24,0.4731481481481481,,0.6800277777777777,145
inception_full__b3_star_fixed10,participant_outer_oof,participant,macro_average_ovr,macro,49,0.245,0.4731481481481481,,0.6800277777777777,145
inception_full__b3_star_fixed10,participant_outer_oof,participant,macro_average_ovr,macro,50,0.25,0.48148148148148145,,0.6800277777777777,145
inception_full__b3_star_fixed10,participant_outer_oof,participant,macro_average_ovr,macro,51,0.255,0.48148148148148145,,0.6800277777777777,145
inception_full__b3_star_fixed10,participant_outer_oof,participant,macro_average_ovr,macro,52,0.26,0.48888888888888893,,0.6800277777777777,145
inception_full__b3_star_fixed10,participant_outer_oof,participant,macro_average_ovr,macro,53,0.265,0.48888888888888893,,0.6800277777777777,145
inception_full__b3_star_fixed10,participant_outer_oof,participant,macro_average_ovr,macro,54,0.27,0.4962962962962963,,0.6800277777777777,145
inception_full__b3_star_fixed10,participant_outer_oof,participant,macro_average_ovr,macro,55,0.275,0.4962962962962963,,0.6800277777777777,145
inception_full__b3_star_fixed10,participant_outer_oof,participant,macro_average_ovr,macro,56,0.28,0.4962962962962963,,0.6800277777777777,145
inception_full__b3_star_fixed10,participant_outer_oof,participant,macro_average_ovr,macro,57,0.28500000000000003,0.4962962962962963,,0.6800277777777777,145
inception_full__b3_star_fixed10,participant_outer_oof,participant,macro_average_ovr,macro,58,0.29,0.512037037037037,,0.6800277777777777,145
inception_full__b3_star_fixed10,participant_outer_oof,participant,macro_average_ovr,macro,59,0.295,0.5175925925925926,,0.6800277777777777,145
inception_full__b3_star_fixed10,participant_outer_oof,participant,macro_average_ovr,macro,60,0.3,0.5259259259259259,,0.6800277777777777,145
inception_full__b3_star_fixed10,participant_outer_oof,participant,macro_average_ovr,macro,61,0.305,0.5259259259259259,,0.6800277777777777,145
inception_full__b3_star_fixed10,participant_outer_oof,participant,macro_average_ovr,macro,62,0.31,0.5259259259259259,,0.6800277777777777,145
inception_full__b3_star_fixed10,participant_outer_oof,participant,macro_average_ovr,macro,63,0.315,0.5259259259259259,,0.6800277777777777,145
inception_full__b3_star_fixed10,participant_outer_oof,participant,macro_average_ovr,macro,64,0.32,0.5259259259259259,,0.6800277777777777,145
inception_full__b3_star_fixed10,participant_outer_oof,participant,macro_average_ovr,macro,65,0.325,0.5342592592592593,,0.6800277777777777,145
inception_full__b3_star_fixed10,participant_outer_oof,participant,macro_average_ovr,macro,66,0.33,0.5583333333333332,,0.6800277777777777,145
inception_full__b3_star_fixed10,participant_outer_oof,participant,macro_average_ovr,macro,67,0.335,0.5583333333333332,,0.6800277777777777,145
inception_full__b3_star_fixed10,participant_outer_oof,participant,macro_average_ovr,macro,68,0.34,0.5657407407407408,,0.6800277777777777,145
inception_full__b3_star_fixed10,participant_outer_oof,participant,macro_average_ovr,macro,69,0.34500000000000003,0.5657407407407408,,0.6800277777777777,145
inception_full__b3_star_fixed10,participant_outer_oof,participant,macro_average_ovr,macro,70,0.35000000000000003,0.5657407407407408,,0.6800277777777777,145
inception_full__b3_star_fixed10,participant_outer_oof,participant,macro_average_ovr,macro,71,0.355,0.5712962962962963,,0.6800277777777777,145
inception_full__b3_star_fixed10,participant_outer_oof,participant,macro_average_ovr,macro,72,0.36,0.5712962962962963,,0.6800277777777777,145
inception_full__b3_star_fixed10,participant_outer_oof,participant,macro_average_ovr,macro,73,0.365,0.5824074074074074,,0.6800277777777777,145
inception_full__b3_star_fixed10,participant_outer_oof,participant,macro_average_ovr,macro,74,0.37,0.5824074074074074,,0.6800277777777777,145
inception_full__b3_star_fixed10,participant_outer_oof,participant,macro_average_ovr,macro,75,0.375,0.5824074074074074,,0.6800277777777777,145
inception_full__b3_star_fixed10,participant_outer_oof,participant,macro_average_ovr,macro,76,0.38,0.5824074074074074,,0.6800277777777777,145
inception_full__b3_star_fixed10,participant_outer_oof,participant,macro_average_ovr,macro,77,0.385,0.5824074074074074,,0.6800277777777777,145
inception_full__b3_star_fixed10,participant_outer_oof,participant,macro_average_ovr,macro,78,0.39,0.5953703703703703,,0.6800277777777777,145
inception_full__b3_star_fixed10,participant_outer_oof,participant,macro_average_ovr,macro,79,0.395,0.5953703703703703,,0.6800277777777777,145
inception_full__b3_star_fixed10,participant_outer_oof,participant,macro_average_ovr,macro,80,0.4,0.6601851851851852,,0.6800277777777777,145
inception_full__b3_star_fixed10,participant_outer_oof,participant,macro_average_ovr,macro,81,0.405,0.6601851851851852,,0.6800277777777777,145
inception_full__b3_star_fixed10,participant_outer_oof,participant,macro_average_ovr,macro,82,0.41000000000000003,0.6601851851851852,,0.6800277777777777,145
inception_full__b3_star_fixed10,participant_outer_oof,participant,macro_average_ovr,macro,83,0.41500000000000004,0.6657407407407407,,0.6800277777777777,145
inception_full__b3_star_fixed10,participant_outer_oof,participant,macro_average_ovr,macro,84,0.42,0.6657407407407407,,0.6800277777777777,145
inception_full__b3_star_fixed10,participant_outer_oof,participant,macro_average_ovr,macro,85,0.425,0.6657407407407407,,0.6800277777777777,145
inception_full__b3_star_fixed10,participant_outer_oof,participant,macro_average_ovr,macro,86,0.43,0.6731481481481482,,0.6800277777777777,145
inception_full__b3_star_fixed10,participant_outer_oof,participant,macro_average_ovr,macro,87,0.435,0.6731481481481482,,0.6800277777777777,145
inception_full__b3_star_fixed10,participant_outer_oof,participant,macro_average_ovr,macro,88,0.44,0.6731481481481482,,0.6800277777777777,145
inception_full__b3_star_fixed10,participant_outer_oof,participant,macro_average_ovr,macro,89,0.445,0.6731481481481482,,0.6800277777777777,145
inception_full__b3_star_fixed10,participant_outer_oof,participant,macro_average_ovr,macro,90,0.45,0.6731481481481482,,0.6800277777777777,145
inception_full__b3_star_fixed10,participant_outer_oof,participant,macro_average_ovr,macro,91,0.455,0.6731481481481482,,0.6800277777777777,145
inception_full__b3_star_fixed10,participant_outer_oof,participant,macro_average_ovr,macro,92,0.46,0.700925925925926,,0.6800277777777777,145
inception_full__b3_star_fixed10,participant_outer_oof,participant,macro_average_ovr,macro,93,0.465,0.700925925925926,,0.6800277777777777,145
inception_full__b3_star_fixed10,participant_outer_oof,participant,macro_average_ovr,macro,94,0.47000000000000003,0.700925925925926,,0.6800277777777777,145
inception_full__b3_star_fixed10,participant_outer_oof,participant,macro_average_ovr,macro,95,0.47500000000000003,0.700925925925926,,0.6800277777777777,145
inception_full__b3_star_fixed10,participant_outer_oof,participant,macro_average_ovr,macro,96,0.48,0.700925925925926,,0.6800277777777777,145
inception_full__b3_star_fixed10,participant_outer_oof,participant,macro_average_ovr,macro,97,0.485,0.700925925925926,,0.6800277777777777,145
inception_full__b3_star_fixed10,participant_outer_oof,participant,macro_average_ovr,macro,98,0.49,0.7083333333333334,,0.6800277777777777,145
inception_full__b3_star_fixed10,participant_outer_oof,participant,macro_average_ovr,macro,99,0.495,0.7138888888888889,,0.6800277777777777,145
inception_full__b3_star_fixed10,participant_outer_oof,participant,macro_average_ovr,macro,100,0.5,0.7138888888888889,,0.6800277777777777,145
inception_full__b3_star_fixed10,participant_outer_oof,participant,macro_average_ovr,macro,101,0.505,0.7138888888888889,,0.6800277777777777,145
inception_full__b3_star_fixed10,participant_outer_oof,participant,macro_average_ovr,macro,102,0.51,0.7138888888888889,,0.6800277777777777,145
inception_full__b3_star_fixed10,participant_outer_oof,participant,macro_average_ovr,macro,103,0.515,0.7138888888888889,,0.6800277777777777,145
inception_full__b3_star_fixed10,participant_outer_oof,participant,macro_average_ovr,macro,104,0.52,0.7212962962962962,,0.6800277777777777,145
inception_full__b3_star_fixed10,participant_outer_oof,participant,macro_average_ovr,macro,105,0.525,0.7212962962962962,,0.6800277777777777,145
inception_full__b3_star_fixed10,participant_outer_oof,participant,macro_average_ovr,macro,106,0.53,0.7212962962962962,,0.6800277777777777,145
inception_full__b3_star_fixed10,participant_outer_oof,participant,macro_average_ovr,macro,107,0.535,0.7296296296296297,,0.6800277777777777,145
inception_full__b3_star_fixed10,participant_outer_oof,participant,macro_average_ovr,macro,108,0.54,0.7296296296296297,,0.6800277777777777,145
inception_full__b3_star_fixed10,participant_outer_oof,participant,macro_average_ovr,macro,109,0.545,0.737962962962963,,0.6800277777777777,145
inception_full__b3_star_fixed10,participant_outer_oof,participant,macro_average_ovr,macro,110,0.55,0.7453703703703703,,0.6800277777777777,145
inception_full__b3_star_fixed10,participant_outer_oof,participant,macro_average_ovr,macro,111,0.555,0.762037037037037,,0.6800277777777777,145
inception_full__b3_star_fixed10,participant_outer_oof,participant,macro_average_ovr,macro,112,0.56,0.762037037037037,,0.6800277777777777,145
inception_full__b3_star_fixed10,participant_outer_oof,participant,macro_average_ovr,macro,113,0.5650000000000001,0.762037037037037,,0.6800277777777777,145
inception_full__b3_star_fixed10,participant_outer_oof,participant,macro_average_ovr,macro,114,0.5700000000000001,0.762037037037037,,0.6800277777777777,145
inception_full__b3_star_fixed10,participant_outer_oof,participant,macro_average_ovr,macro,115,0.5750000000000001,0.762037037037037,,0.6800277777777777,145
inception_full__b3_star_fixed10,participant_outer_oof,participant,macro_average_ovr,macro,116,0.58,0.7694444444444444,,0.6800277777777777,145
inception_full__b3_star_fixed10,participant_outer_oof,participant,macro_average_ovr,macro,117,0.585,0.7777777777777777,,0.6800277777777777,145
inception_full__b3_star_fixed10,participant_outer_oof,participant,macro_average_ovr,macro,118,0.59,0.7944444444444446,,0.6800277777777777,145
inception_full__b3_star_fixed10,participant_outer_oof,participant,macro_average_ovr,macro,119,0.595,0.7944444444444446,,0.6800277777777777,145
inception_full__b3_star_fixed10,participant_outer_oof,participant,macro_average_ovr,macro,120,0.6,0.7944444444444446,,0.6800277777777777,145
inception_full__b3_star_fixed10,participant_outer_oof,participant,macro_average_ovr,macro,121,0.605,0.7944444444444446,,0.6800277777777777,145
inception_full__b3_star_fixed10,participant_outer_oof,participant,macro_average_ovr,macro,122,0.61,0.7944444444444446,,0.6800277777777777,145
inception_full__b3_star_fixed10,participant_outer_oof,participant,macro_average_ovr,macro,123,0.615,0.7944444444444446,,0.6800277777777777,145
inception_full__b3_star_fixed10,participant_outer_oof,participant,macro_average_ovr,macro,124,0.62,0.8194444444444445,,0.6800277777777777,145
inception_full__b3_star_fixed10,participant_outer_oof,participant,macro_average_ovr,macro,125,0.625,0.8250000000000001,,0.6800277777777777,145
inception_full__b3_star_fixed10,participant_outer_oof,participant,macro_average_ovr,macro,126,0.63,0.8250000000000001,,0.6800277777777777,145
inception_full__b3_star_fixed10,participant_outer_oof,participant,macro_average_ovr,macro,127,0.635,0.8250000000000001,,0.6800277777777777,145
inception_full__b3_star_fixed10,participant_outer_oof,participant,macro_average_ovr,macro,128,0.64,0.8361111111111111,,0.6800277777777777,145
inception_full__b3_star_fixed10,participant_outer_oof,participant,macro_average_ovr,macro,129,0.645,0.8361111111111111,,0.6800277777777777,145
inception_full__b3_star_fixed10,participant_outer_oof,participant,macro_average_ovr,macro,130,0.65,0.8361111111111111,,0.6800277777777777,145
inception_full__b3_star_fixed10,participant_outer_oof,participant,macro_average_ovr,macro,131,0.655,0.8361111111111111,,0.6800277777777777,145
inception_full__b3_star_fixed10,participant_outer_oof,participant,macro_average_ovr,macro,132,0.66,0.8435185185185184,,0.6800277777777777,145
inception_full__b3_star_fixed10,participant_outer_oof,participant,macro_average_ovr,macro,133,0.665,0.8435185185185184,,0.6800277777777777,145
inception_full__b3_star_fixed10,participant_outer_oof,participant,macro_average_ovr,macro,134,0.67,0.8435185185185184,,0.6800277777777777,145
inception_full__b3_star_fixed10,participant_outer_oof,participant,macro_average_ovr,macro,135,0.675,0.8435185185185184,,0.6800277777777777,145
inception_full__b3_star_fixed10,participant_outer_oof,participant,macro_average_ovr,macro,136,0.68,0.8435185185185184,,0.6800277777777777,145
inception_full__b3_star_fixed10,participant_outer_oof,participant,macro_average_ovr,macro,137,0.685,0.8490740740740742,,0.6800277777777777,145
inception_full__b3_star_fixed10,participant_outer_oof,participant,macro_average_ovr,macro,138,0.6900000000000001,0.8490740740740742,,0.6800277777777777,145
inception_full__b3_star_fixed10,participant_outer_oof,participant,macro_average_ovr,macro,139,0.6950000000000001,0.8657407407407408,,0.6800277777777777,145
inception_full__b3_star_fixed10,participant_outer_oof,participant,macro_average_ovr,macro,140,0.7000000000000001,0.8657407407407408,,0.6800277777777777,145
inception_full__b3_star_fixed10,participant_outer_oof,participant,macro_average_ovr,macro,141,0.705,0.8657407407407408,,0.6800277777777777,145
inception_full__b3_star_fixed10,participant_outer_oof,participant,macro_average_ovr,macro,142,0.71,0.8712962962962963,,0.6800277777777777,145
inception_full__b3_star_fixed10,participant_outer_oof,participant,macro_average_ovr,macro,143,0.715,0.8712962962962963,,0.6800277777777777,145
inception_full__b3_star_fixed10,participant_outer_oof,participant,macro_average_ovr,macro,144,0.72,0.8712962962962963,,0.6800277777777777,145
inception_full__b3_star_fixed10,participant_outer_oof,participant,macro_average_ovr,macro,145,0.725,0.8712962962962963,,0.6800277777777777,145
inception_full__b3_star_fixed10,participant_outer_oof,participant,macro_average_ovr,macro,146,0.73,0.8787037037037037,,0.6800277777777777,145
inception_full__b3_star_fixed10,participant_outer_oof,participant,macro_average_ovr,macro,147,0.735,0.8787037037037037,,0.6800277777777777,145
inception_full__b3_star_fixed10,participant_outer_oof,participant,macro_average_ovr,macro,148,0.74,0.8787037037037037,,0.6800277777777777,145
inception_full__b3_star_fixed10,participant_outer_oof,participant,macro_average_ovr,macro,149,0.745,0.8787037037037037,,0.6800277777777777,145
inception_full__b3_star_fixed10,participant_outer_oof,participant,macro_average_ovr,macro,150,0.75,0.8787037037037037,,0.6800277777777777,145
inception_full__b3_star_fixed10,participant_outer_oof,participant,macro_average_ovr,macro,151,0.755,0.8787037037037037,,0.6800277777777777,145
inception_full__b3_star_fixed10,participant_outer_oof,participant,macro_average_ovr,macro,152,0.76,0.8787037037037037,,0.6800277777777777,145
inception_full__b3_star_fixed10,participant_outer_oof,participant,macro_average_ovr,macro,153,0.765,0.8925925925925925,,0.6800277777777777,145
inception_full__b3_star_fixed10,participant_outer_oof,participant,macro_average_ovr,macro,154,0.77,0.8925925925925925,,0.6800277777777777,145
inception_full__b3_star_fixed10,participant_outer_oof,participant,macro_average_ovr,macro,155,0.775,0.8925925925925925,,0.6800277777777777,145
inception_full__b3_star_fixed10,participant_outer_oof,participant,macro_average_ovr,macro,156,0.78,0.8925925925925925,,0.6800277777777777,145
inception_full__b3_star_fixed10,participant_outer_oof,participant,macro_average_ovr,macro,157,0.785,0.8925925925925925,,0.6800277777777777,145
inception_full__b3_star_fixed10,participant_outer_oof,participant,macro_average_ovr,macro,158,0.79,0.8925925925925925,,0.6800277777777777,145
inception_full__b3_star_fixed10,participant_outer_oof,participant,macro_average_ovr,macro,159,0.795,0.9009259259259258,,0.6800277777777777,145
inception_full__b3_star_fixed10,participant_outer_oof,participant,macro_average_ovr,macro,160,0.8,0.9175925925925926,,0.6800277777777777,145
inception_full__b3_star_fixed10,participant_outer_oof,participant,macro_average_ovr,macro,161,0.805,0.9175925925925926,,0.6800277777777777,145
inception_full__b3_star_fixed10,participant_outer_oof,participant,macro_average_ovr,macro,162,0.81,0.9250000000000002,,0.6800277777777777,145
inception_full__b3_star_fixed10,participant_outer_oof,participant,macro_average_ovr,macro,163,0.8150000000000001,0.9416666666666668,,0.6800277777777777,145
inception_full__b3_star_fixed10,participant_outer_oof,participant,macro_average_ovr,macro,164,0.8200000000000001,0.9499999999999998,,0.6800277777777777,145
inception_full__b3_star_fixed10,participant_outer_oof,participant,macro_average_ovr,macro,165,0.8250000000000001,0.9499999999999998,,0.6800277777777777,145
inception_full__b3_star_fixed10,participant_outer_oof,participant,macro_average_ovr,macro,166,0.8300000000000001,0.9583333333333334,,0.6800277777777777,145
inception_full__b3_star_fixed10,participant_outer_oof,participant,macro_average_ovr,macro,167,0.835,0.9583333333333334,,0.6800277777777777,145
inception_full__b3_star_fixed10,participant_outer_oof,participant,macro_average_ovr,macro,168,0.84,0.9638888888888889,,0.6800277777777777,145
inception_full__b3_star_fixed10,participant_outer_oof,participant,macro_average_ovr,macro,169,0.845,0.9638888888888889,,0.6800277777777777,145
inception_full__b3_star_fixed10,participant_outer_oof,participant,macro_average_ovr,macro,170,0.85,0.9861111111111112,,0.6800277777777777,145
inception_full__b3_star_fixed10,participant_outer_oof,participant,macro_average_ovr,macro,171,0.855,0.9861111111111112,,0.6800277777777777,145
inception_full__b3_star_fixed10,participant_outer_oof,participant,macro_average_ovr,macro,172,0.86,0.9916666666666667,,0.6800277777777777,145
inception_full__b3_star_fixed10,participant_outer_oof,participant,macro_average_ovr,macro,173,0.865,0.9916666666666667,,0.6800277777777777,145
inception_full__b3_star_fixed10,participant_outer_oof,participant,macro_average_ovr,macro,174,0.87,0.9916666666666667,,0.6800277777777777,145
inception_full__b3_star_fixed10,participant_outer_oof,participant,macro_average_ovr,macro,175,0.875,0.9916666666666667,,0.6800277777777777,145
inception_full__b3_star_fixed10,participant_outer_oof,participant,macro_average_ovr,macro,176,0.88,0.9916666666666667,,0.6800277777777777,145
inception_full__b3_star_fixed10,participant_outer_oof,participant,macro_average_ovr,macro,177,0.885,0.9916666666666667,,0.6800277777777777,145
inception_full__b3_star_fixed10,participant_outer_oof,participant,macro_average_ovr,macro,178,0.89,0.9916666666666667,,0.6800277777777777,145
inception_full__b3_star_fixed10,participant_outer_oof,participant,macro_average_ovr,macro,179,0.895,0.9916666666666667,,0.6800277777777777,145
inception_full__b3_star_fixed10,participant_outer_oof,participant,macro_average_ovr,macro,180,0.9,0.9916666666666667,,0.6800277777777777,145
inception_full__b3_star_fixed10,participant_outer_oof,participant,macro_average_ovr,macro,181,0.905,0.9916666666666667,,0.6800277777777777,145
inception_full__b3_star_fixed10,participant_outer_oof,participant,macro_average_ovr,macro,182,0.91,0.9916666666666667,,0.6800277777777777,145
inception_full__b3_star_fixed10,participant_outer_oof,participant,macro_average_ovr,macro,183,0.915,0.9916666666666667,,0.6800277777777777,145
inception_full__b3_star_fixed10,participant_outer_oof,participant,macro_average_ovr,macro,184,0.92,0.9916666666666667,,0.6800277777777777,145
inception_full__b3_star_fixed10,participant_outer_oof,participant,macro_average_ovr,macro,185,0.925,0.9916666666666667,,0.6800277777777777,145
inception_full__b3_star_fixed10,participant_outer_oof,participant,macro_average_ovr,macro,186,0.93,0.9916666666666667,,0.6800277777777777,145
inception_full__b3_star_fixed10,participant_outer_oof,participant,macro_average_ovr,macro,187,0.935,0.9916666666666667,,0.6800277777777777,145
inception_full__b3_star_fixed10,participant_outer_oof,participant,macro_average_ovr,macro,188,0.9400000000000001,0.9916666666666667,,0.6800277777777777,145
inception_full__b3_star_fixed10,participant_outer_oof,participant,macro_average_ovr,macro,189,0.9450000000000001,0.9916666666666667,,0.6800277777777777,145
inception_full__b3_star_fixed10,participant_outer_oof,participant,macro_average_ovr,macro,190,0.9500000000000001,0.9916666666666667,,0.6800277777777777,145
inception_full__b3_star_fixed10,participant_outer_oof,participant,macro_average_ovr,macro,191,0.9550000000000001,1.0,,0.6800277777777777,145
inception_full__b3_star_fixed10,participant_outer_oof,participant,macro_average_ovr,macro,192,0.96,1.0,,0.6800277777777777,145
inception_full__b3_star_fixed10,participant_outer_oof,participant,macro_average_ovr,macro,193,0.965,1.0,,0.6800277777777777,145
inception_full__b3_star_fixed10,participant_outer_oof,participant,macro_average_ovr,macro,194,0.97,1.0,,0.6800277777777777,145
inception_full__b3_star_fixed10,participant_outer_oof,participant,macro_average_ovr,macro,195,0.975,1.0,,0.6800277777777777,145
inception_full__b3_star_fixed10,participant_outer_oof,participant,macro_average_ovr,macro,196,0.98,1.0,,0.6800277777777777,145
inception_full__b3_star_fixed10,participant_outer_oof,participant,macro_average_ovr,macro,197,0.985,1.0,,0.6800277777777777,145
inception_full__b3_star_fixed10,participant_outer_oof,participant,macro_average_ovr,macro,198,0.99,1.0,,0.6800277777777777,145
inception_full__b3_star_fixed10,participant_outer_oof,participant,macro_average_ovr,macro,199,0.995,1.0,,0.6800277777777777,145
inception_full__b3_star_fixed10,participant_outer_oof,participant,macro_average_ovr,macro,200,1.0,1.0,,0.6800277777777777,145
inception_full__b4_star_fixed10,participant_outer_oof,participant,one_vs_rest,0,0,0.0,0.0,,0.5875555555555555,145
inception_full__b4_star_fixed10,participant_outer_oof,participant,one_vs_rest,0,1,0.01,0.0,0.9930084958835438,0.5875555555555555,145
inception_full__b4_star_fixed10,participant_outer_oof,participant,one_vs_rest,0,2,0.07,0.0,0.9616919012530297,0.5875555555555555,145
inception_full__b4_star_fixed10,participant_outer_oof,participant,one_vs_rest,0,3,0.07,0.044444444444444446,0.9197409727373583,0.5875555555555555,145
inception_full__b4_star_fixed10,participant_outer_oof,participant,one_vs_rest,0,4,0.08,0.044444444444444446,0.9070768004407966,0.5875555555555555,145
inception_full__b4_star_fixed10,participant_outer_oof,participant,one_vs_rest,0,5,0.08,0.17777777777777778,0.8376342671959239,0.5875555555555555,145
inception_full__b4_star_fixed10,participant_outer_oof,participant,one_vs_rest,0,6,0.09,0.17777777777777778,0.8335124750998624,0.5875555555555555,145
inception_full__b4_star_fixed10,participant_outer_oof,participant,one_vs_rest,0,7,0.09,0.2,0.8093288011345962,0.5875555555555555,145
inception_full__b4_star_fixed10,participant_outer_oof,participant,one_vs_rest,0,8,0.14,0.2,0.7889625423726601,0.5875555555555555,145
inception_full__b4_star_fixed10,participant_outer_oof,participant,one_vs_rest,0,9,0.14,0.2222222222222222,0.7812599697828362,0.5875555555555555,145
inception_full__b4_star_fixed10,participant_outer_oof,participant,one_vs_rest,0,10,0.15,0.2222222222222222,0.7795101408263433,0.5875555555555555,145
inception_full__b4_star_fixed10,participant_outer_oof,participant,one_vs_rest,0,11,0.15,0.26666666666666666,0.7551527513337595,0.5875555555555555,145
inception_full__b4_star_fixed10,participant_outer_oof,participant,one_vs_rest,0,12,0.2,0.26666666666666666,0.6785223886423029,0.5875555555555555,145
inception_full__b4_star_fixed10,participant_outer_oof,participant,one_vs_rest,0,13,0.2,0.28888888888888886,0.6726482639746127,0.5875555555555555,145
inception_full__b4_star_fixed10,participant_outer_oof,participant,one_vs_rest,0,14,0.22,0.28888888888888886,0.6687497675909916,0.5875555555555555,145
inception_full__b4_star_fixed10,participant_outer_oof,participant,one_vs_rest,0,15,0.22,0.3333333333333333,0.6291185026804524,0.5875555555555555,145
inception_full__b4_star_fixed10,participant_outer_oof,participant,one_vs_rest,0,16,0.28,0.3333333333333333,0.604432632608088,0.5875555555555555,145
inception_full__b4_star_fixed10,participant_outer_oof,participant,one_vs_rest,0,17,0.28,0.35555555555555557,0.5980627080877977,0.5875555555555555,145
inception_full__b4_star_fixed10,participant_outer_oof,participant,one_vs_rest,0,18,0.29,0.35555555555555557,0.5782757424232725,0.5875555555555555,145
inception_full__b4_star_fixed10,participant_outer_oof,participant,one_vs_rest,0,19,0.29,0.37777777777777777,0.5707384893401698,0.5875555555555555,145
inception_full__b4_star_fixed10,participant_outer_oof,participant,one_vs_rest,0,20,0.3,0.37777777777777777,0.5693149078576587,0.5875555555555555,145
inception_full__b4_star_fixed10,participant_outer_oof,participant,one_vs_rest,0,21,0.3,0.4222222222222222,0.506263219067881,0.5875555555555555,145
inception_full__b4_star_fixed10,participant_outer_oof,participant,one_vs_rest,0,22,0.35,0.4222222222222222,0.40760149933119455,0.5875555555555555,145
inception_full__b4_star_fixed10,participant_outer_oof,participant,one_vs_rest,0,23,0.35,0.4444444444444444,0.389517869068159,0.5875555555555555,145
inception_full__b4_star_fixed10,participant_outer_oof,participant,one_vs_rest,0,24,0.36,0.4444444444444444,0.37702850375196817,0.5875555555555555,145
inception_full__b4_star_fixed10,participant_outer_oof,participant,one_vs_rest,0,25,0.36,0.4666666666666667,0.37552795073526163,0.5875555555555555,145
inception_full__b4_star_fixed10,participant_outer_oof,participant,one_vs_rest,0,26,0.38,0.4666666666666667,0.3601898857040207,0.5875555555555555,145
inception_full__b4_star_fixed10,participant_outer_oof,participant,one_vs_rest,0,27,0.38,0.5777777777777777,0.28029532745348285,0.5875555555555555,145
inception_full__b4_star_fixed10,participant_outer_oof,participant,one_vs_rest,0,28,0.4,0.5777777777777777,0.261803247391921,0.5875555555555555,145
inception_full__b4_star_fixed10,participant_outer_oof,participant,one_vs_rest,0,29,0.4,0.6,0.26101970225997095,0.5875555555555555,145
inception_full__b4_star_fixed10,participant_outer_oof,participant,one_vs_rest,0,30,0.42,0.6,0.24510372687699125,0.5875555555555555,145
inception_full__b4_star_fixed10,participant_outer_oof,participant,one_vs_rest,0,31,0.42,0.6222222222222222,0.24221571884498136,0.5875555555555555,145
inception_full__b4_star_fixed10,participant_outer_oof,participant,one_vs_rest,0,32,0.43,0.6222222222222222,0.2386021903837797,0.5875555555555555,145
inception_full__b4_star_fixed10,participant_outer_oof,participant,one_vs_rest,0,33,0.43,0.6444444444444445,0.2342587925444012,0.5875555555555555,145
inception_full__b4_star_fixed10,participant_outer_oof,participant,one_vs_rest,0,34,0.45,0.6444444444444445,0.22780054202480488,0.5875555555555555,145
inception_full__b4_star_fixed10,participant_outer_oof,participant,one_vs_rest,0,35,0.45,0.6888888888888889,0.2249056773013444,0.5875555555555555,145
inception_full__b4_star_fixed10,participant_outer_oof,participant,one_vs_rest,0,36,0.5,0.6888888888888889,0.18020918371529018,0.5875555555555555,145
inception_full__b4_star_fixed10,participant_outer_oof,participant,one_vs_rest,0,37,0.5,0.7111111111111111,0.17979398334192837,0.5875555555555555,145
inception_full__b4_star_fixed10,participant_outer_oof,participant,one_vs_rest,0,38,0.64,0.7111111111111111,0.07857922952831582,0.5875555555555555,145
inception_full__b4_star_fixed10,participant_outer_oof,participant,one_vs_rest,0,39,0.64,0.7333333333333333,0.0737876191318235,0.5875555555555555,145
inception_full__b4_star_fixed10,participant_outer_oof,participant,one_vs_rest,0,40,0.66,0.7333333333333333,0.05930538163871997,0.5875555555555555,145
inception_full__b4_star_fixed10,participant_outer_oof,participant,one_vs_rest,0,41,0.66,0.7555555555555555,0.05758779071761858,0.5875555555555555,145
inception_full__b4_star_fixed10,participant_outer_oof,participant,one_vs_rest,0,42,0.67,0.7555555555555555,0.05688522533304883,0.5875555555555555,145
inception_full__b4_star_fixed10,participant_outer_oof,participant,one_vs_rest,0,43,0.67,0.8,0.04860249707802085,0.5875555555555555,145
inception_full__b4_star_fixed10,participant_outer_oof,participant,one_vs_rest,0,44,0.71,0.8,0.03601507158625433,0.5875555555555555,145
inception_full__b4_star_fixed10,participant_outer_oof,participant,one_vs_rest,0,45,0.71,0.8222222222222222,0.03413478063981854,0.5875555555555555,145
inception_full__b4_star_fixed10,participant_outer_oof,participant,one_vs_rest,0,46,0.72,0.8222222222222222,0.02826748104288742,0.5875555555555555,145
inception_full__b4_star_fixed10,participant_outer_oof,participant,one_vs_rest,0,47,0.72,0.8444444444444444,0.02630315568360792,0.5875555555555555,145
inception_full__b4_star_fixed10,participant_outer_oof,participant,one_vs_rest,0,48,0.76,0.8444444444444444,0.014937966391118888,0.5875555555555555,145
inception_full__b4_star_fixed10,participant_outer_oof,participant,one_vs_rest,0,49,0.76,0.8666666666666667,0.01407897152131347,0.5875555555555555,145
inception_full__b4_star_fixed10,participant_outer_oof,participant,one_vs_rest,0,50,0.81,0.8666666666666667,0.006096364547702663,0.5875555555555555,145
inception_full__b4_star_fixed10,participant_outer_oof,participant,one_vs_rest,0,51,0.81,0.8888888888888888,0.006049908918587039,0.5875555555555555,145
inception_full__b4_star_fixed10,participant_outer_oof,participant,one_vs_rest,0,52,0.91,0.8888888888888888,0.0009303461581899492,0.5875555555555555,145
inception_full__b4_star_fixed10,participant_outer_oof,participant,one_vs_rest,0,53,0.91,0.9111111111111111,0.0008172364638367513,0.5875555555555555,145
inception_full__b4_star_fixed10,participant_outer_oof,participant,one_vs_rest,0,54,0.92,0.9111111111111111,0.000755294869992422,0.5875555555555555,145
inception_full__b4_star_fixed10,participant_outer_oof,participant,one_vs_rest,0,55,0.92,0.9333333333333333,0.0006321448823264139,0.5875555555555555,145
inception_full__b4_star_fixed10,participant_outer_oof,participant,one_vs_rest,0,56,0.94,0.9333333333333333,0.00039944481354052216,0.5875555555555555,145
inception_full__b4_star_fixed10,participant_outer_oof,participant,one_vs_rest,0,57,0.94,0.9555555555555556,0.000366355136153149,0.5875555555555555,145
inception_full__b4_star_fixed10,participant_outer_oof,participant,one_vs_rest,0,58,0.96,0.9555555555555556,0.00016839935716826131,0.5875555555555555,145
inception_full__b4_star_fixed10,participant_outer_oof,participant,one_vs_rest,0,59,0.96,0.9777777777777777,0.00011287642440456657,0.5875555555555555,145
inception_full__b4_star_fixed10,participant_outer_oof,participant,one_vs_rest,0,60,0.97,0.9777777777777777,0.00011222615459100203,0.5875555555555555,145
inception_full__b4_star_fixed10,participant_outer_oof,participant,one_vs_rest,0,61,0.97,1.0,0.00010446077066217442,0.5875555555555555,145
inception_full__b4_star_fixed10,participant_outer_oof,participant,one_vs_rest,0,62,1.0,1.0,2.9142748575702515e-07,0.5875555555555555,145
inception_full__b4_star_fixed10,participant_outer_oof,participant,one_vs_rest,1,0,0.0,0.0,,0.586078431372549,145
inception_full__b4_star_fixed10,participant_outer_oof,participant,one_vs_rest,1,1,0.011764705882352941,0.0,0.9998796834046599,0.586078431372549,145
inception_full__b4_star_fixed10,participant_outer_oof,participant,one_vs_rest,1,2,0.011764705882352941,0.03333333333333333,0.9959637928858385,0.586078431372549,145
inception_full__b4_star_fixed10,participant_outer_oof,participant,one_vs_rest,1,3,0.023529411764705882,0.03333333333333333,0.9939490269100478,0.586078431372549,145
inception_full__b4_star_fixed10,participant_outer_oof,participant,one_vs_rest,1,4,0.023529411764705882,0.11666666666666667,0.9802163536747411,0.586078431372549,145
inception_full__b4_star_fixed10,participant_outer_oof,participant,one_vs_rest,1,5,0.08235294117647059,0.11666666666666667,0.9657782167889779,0.586078431372549,145
inception_full__b4_star_fixed10,participant_outer_oof,participant,one_vs_rest,1,6,0.08235294117647059,0.16666666666666666,0.9509287579892962,0.586078431372549,145
inception_full__b4_star_fixed10,participant_outer_oof,participant,one_vs_rest,1,7,0.10588235294117647,0.16666666666666666,0.9481739720952367,0.586078431372549,145
inception_full__b4_star_fixed10,participant_outer_oof,participant,one_vs_rest,1,8,0.10588235294117647,0.2,0.9271620931102686,0.586078431372549,145
inception_full__b4_star_fixed10,participant_outer_oof,participant,one_vs_rest,1,9,0.11764705882352941,0.2,0.9222581507797273,0.586078431372549,145
inception_full__b4_star_fixed10,participant_outer_oof,participant,one_vs_rest,1,10,0.11764705882352941,0.25,0.8966065792082748,0.586078431372549,145
inception_full__b4_star_fixed10,participant_outer_oof,participant,one_vs_rest,1,11,0.1411764705882353,0.25,0.8780216033462411,0.586078431372549,145
inception_full__b4_star_fixed10,participant_outer_oof,participant,one_vs_rest,1,12,0.1411764705882353,0.26666666666666666,0.8645253571623587,0.586078431372549,145
inception_full__b4_star_fixed10,participant_outer_oof,participant,one_vs_rest,1,13,0.15294117647058825,0.26666666666666666,0.8553904707814567,0.586078431372549,145
inception_full__b4_star_fixed10,participant_outer_oof,participant,one_vs_rest,1,14,0.15294117647058825,0.2833333333333333,0.8541190777162081,0.586078431372549,145
inception_full__b4_star_fixed10,participant_outer_oof,participant,one_vs_rest,1,15,0.17647058823529413,0.2833333333333333,0.8307621862728636,0.586078431372549,145
inception_full__b4_star_fixed10,participant_outer_oof,participant,one_vs_rest,1,16,0.17647058823529413,0.3,0.8155056883251011,0.586078431372549,145
inception_full__b4_star_fixed10,participant_outer_oof,participant,one_vs_rest,1,17,0.18823529411764706,0.3,0.8141686575121085,0.586078431372549,145
inception_full__b4_star_fixed10,participant_outer_oof,participant,one_vs_rest,1,18,0.18823529411764706,0.31666666666666665,0.8061339302042754,0.586078431372549,145
inception_full__b4_star_fixed10,participant_outer_oof,participant,one_vs_rest,1,19,0.2,0.31666666666666665,0.7977893890230867,0.586078431372549,145
inception_full__b4_star_fixed10,participant_outer_oof,participant,one_vs_rest,1,20,0.2,0.35,0.7767180476114554,0.586078431372549,145
inception_full__b4_star_fixed10,participant_outer_oof,participant,one_vs_rest,1,21,0.2235294117647059,0.35,0.7611681379316628,0.586078431372549,145
inception_full__b4_star_fixed10,participant_outer_oof,participant,one_vs_rest,1,22,0.2235294117647059,0.36666666666666664,0.7548199849765465,0.586078431372549,145
inception_full__b4_star_fixed10,participant_outer_oof,participant,one_vs_rest,1,23,0.24705882352941178,0.36666666666666664,0.7381654159398028,0.586078431372549,145
inception_full__b4_star_fixed10,participant_outer_oof,participant,one_vs_rest,1,24,0.24705882352941178,0.38333333333333336,0.7334040586522418,0.586078431372549,145
inception_full__b4_star_fixed10,participant_outer_oof,participant,one_vs_rest,1,25,0.25882352941176473,0.38333333333333336,0.726773757554787,0.586078431372549,145
inception_full__b4_star_fixed10,participant_outer_oof,participant,one_vs_rest,1,26,0.25882352941176473,0.4166666666666667,0.7223492727034622,0.586078431372549,145
inception_full__b4_star_fixed10,participant_outer_oof,participant,one_vs_rest,1,27,0.2823529411764706,0.4166666666666667,0.71415541440796,0.586078431372549,145
inception_full__b4_star_fixed10,participant_outer_oof,participant,one_vs_rest,1,28,0.2823529411764706,0.43333333333333335,0.7139453633988092,0.586078431372549,145
inception_full__b4_star_fixed10,participant_outer_oof,participant,one_vs_rest,1,29,0.32941176470588235,0.43333333333333335,0.6827151521016369,0.586078431372549,145
inception_full__b4_star_fixed10,participant_outer_oof,participant,one_vs_rest,1,30,0.32941176470588235,0.45,0.6818044722765315,0.586078431372549,145
inception_full__b4_star_fixed10,participant_outer_oof,participant,one_vs_rest,1,31,0.35294117647058826,0.45,0.6229123115999101,0.586078431372549,145
inception_full__b4_star_fixed10,participant_outer_oof,participant,one_vs_rest,1,32,0.35294117647058826,0.4666666666666667,0.6217189307683761,0.586078431372549,145
inception_full__b4_star_fixed10,participant_outer_oof,participant,one_vs_rest,1,33,0.3764705882352941,0.4666666666666667,0.5925957559632856,0.586078431372549,145
inception_full__b4_star_fixed10,participant_outer_oof,participant,one_vs_rest,1,34,0.3764705882352941,0.48333333333333334,0.5889164687588333,0.586078431372549,145
inception_full__b4_star_fixed10,participant_outer_oof,participant,one_vs_rest,1,35,0.38823529411764707,0.48333333333333334,0.5597532208406131,0.586078431372549,145
inception_full__b4_star_fixed10,participant_outer_oof,participant,one_vs_rest,1,36,0.38823529411764707,0.5166666666666667,0.5155868016975035,0.586078431372549,145
inception_full__b4_star_fixed10,participant_outer_oof,participant,one_vs_rest,1,37,0.4117647058823529,0.5166666666666667,0.4305264273444622,0.586078431372549,145
inception_full__b4_star_fixed10,participant_outer_oof,participant,one_vs_rest,1,38,0.4117647058823529,0.5833333333333334,0.3769637381654846,0.586078431372549,145
inception_full__b4_star_fixed10,participant_outer_oof,participant,one_vs_rest,1,39,0.43529411764705883,0.5833333333333334,0.3745614786635776,0.586078431372549,145
inception_full__b4_star_fixed10,participant_outer_oof,participant,one_vs_rest,1,40,0.43529411764705883,0.6,0.37140407694565386,0.586078431372549,145
inception_full__b4_star_fixed10,participant_outer_oof,participant,one_vs_rest,1,41,0.4470588235294118,0.6,0.36820682181602704,0.586078431372549,145
inception_full__b4_star_fixed10,participant_outer_oof,participant,one_vs_rest,1,42,0.4470588235294118,0.6166666666666667,0.3392785708467482,0.586078431372549,145
inception_full__b4_star_fixed10,participant_outer_oof,participant,one_vs_rest,1,43,0.4823529411764706,0.6166666666666667,0.3107197371006739,0.586078431372549,145
inception_full__b4_star_fixed10,participant_outer_oof,participant,one_vs_rest,1,44,0.4823529411764706,0.65,0.30721275494688344,0.586078431372549,145
inception_full__b4_star_fixed10,participant_outer_oof,participant,one_vs_rest,1,45,0.5176470588235295,0.65,0.29358200409324336,0.586078431372549,145
inception_full__b4_star_fixed10,participant_outer_oof,participant,one_vs_rest,1,46,0.5176470588235295,0.6666666666666666,0.28818362963782423,0.586078431372549,145
inception_full__b4_star_fixed10,participant_outer_oof,participant,one_vs_rest,1,47,0.5529411764705883,0.6666666666666666,0.238613248890367,0.586078431372549,145
inception_full__b4_star_fixed10,participant_outer_oof,participant,one_vs_rest,1,48,0.5529411764705883,0.6833333333333333,0.2282917177900623,0.586078431372549,145
inception_full__b4_star_fixed10,participant_outer_oof,participant,one_vs_rest,1,49,0.6,0.6833333333333333,0.20750776624081313,0.586078431372549,145
inception_full__b4_star_fixed10,participant_outer_oof,participant,one_vs_rest,1,50,0.6,0.7333333333333333,0.19619863529340717,0.586078431372549,145
inception_full__b4_star_fixed10,participant_outer_oof,participant,one_vs_rest,1,51,0.611764705882353,0.7333333333333333,0.1880728355992693,0.586078431372549,145
inception_full__b4_star_fixed10,participant_outer_oof,participant,one_vs_rest,1,52,0.611764705882353,0.75,0.18255253308544808,0.586078431372549,145
inception_full__b4_star_fixed10,participant_outer_oof,participant,one_vs_rest,1,53,0.6235294117647059,0.75,0.18248565890241233,0.586078431372549,145
inception_full__b4_star_fixed10,participant_outer_oof,participant,one_vs_rest,1,54,0.6235294117647059,0.7666666666666667,0.16672007764070051,0.586078431372549,145
inception_full__b4_star_fixed10,participant_outer_oof,participant,one_vs_rest,1,55,0.6470588235294118,0.7666666666666667,0.15696773133920966,0.586078431372549,145
inception_full__b4_star_fixed10,participant_outer_oof,participant,one_vs_rest,1,56,0.6470588235294118,0.7833333333333333,0.14429242664902983,0.586078431372549,145
inception_full__b4_star_fixed10,participant_outer_oof,participant,one_vs_rest,1,57,0.6823529411764706,0.7833333333333333,0.1359329226420924,0.586078431372549,145
inception_full__b4_star_fixed10,participant_outer_oof,participant,one_vs_rest,1,58,0.6823529411764706,0.8,0.12435087657312008,0.586078431372549,145
inception_full__b4_star_fixed10,participant_outer_oof,participant,one_vs_rest,1,59,0.7176470588235294,0.8,0.11826446606211131,0.586078431372549,145
inception_full__b4_star_fixed10,participant_outer_oof,participant,one_vs_rest,1,60,0.7176470588235294,0.8166666666666667,0.10951185690531229,0.586078431372549,145
inception_full__b4_star_fixed10,participant_outer_oof,participant,one_vs_rest,1,61,0.7764705882352941,0.8166666666666667,0.06406446866801065,0.586078431372549,145
inception_full__b4_star_fixed10,participant_outer_oof,participant,one_vs_rest,1,62,0.7764705882352941,0.8333333333333334,0.06192584276891342,0.586078431372549,145
inception_full__b4_star_fixed10,participant_outer_oof,participant,one_vs_rest,1,63,0.8,0.8333333333333334,0.038071387229237995,0.586078431372549,145
inception_full__b4_star_fixed10,participant_outer_oof,participant,one_vs_rest,1,64,0.8,0.85,0.03139092183322807,0.586078431372549,145
inception_full__b4_star_fixed10,participant_outer_oof,participant,one_vs_rest,1,65,0.9294117647058824,0.85,0.012335216602981324,0.586078431372549,145
inception_full__b4_star_fixed10,participant_outer_oof,participant,one_vs_rest,1,66,0.9294117647058824,0.9166666666666666,0.01015800269229297,0.586078431372549,145
inception_full__b4_star_fixed10,participant_outer_oof,participant,one_vs_rest,1,67,0.9411764705882353,0.9166666666666666,0.008175982797747198,0.586078431372549,145
inception_full__b4_star_fixed10,participant_outer_oof,participant,one_vs_rest,1,68,0.9411764705882353,0.9333333333333333,0.007433094005879756,0.586078431372549,145
inception_full__b4_star_fixed10,participant_outer_oof,participant,one_vs_rest,1,69,0.9529411764705882,0.9333333333333333,0.006985814978581046,0.586078431372549,145
inception_full__b4_star_fixed10,participant_outer_oof,participant,one_vs_rest,1,70,0.9529411764705882,0.9666666666666667,0.0028472156987215053,0.586078431372549,145
inception_full__b4_star_fixed10,participant_outer_oof,participant,one_vs_rest,1,71,0.9647058823529412,0.9666666666666667,0.0016363642140819871,0.586078431372549,145
inception_full__b4_star_fixed10,participant_outer_oof,participant,one_vs_rest,1,72,0.9647058823529412,1.0,0.00018675901926425335,0.586078431372549,145
inception_full__b4_star_fixed10,participant_outer_oof,participant,one_vs_rest,1,73,1.0,1.0,3.863966805674445e-08,0.586078431372549,145
inception_full__b4_star_fixed10,participant_outer_oof,participant,one_vs_rest,2,0,0.0,0.0,,0.5511904761904762,145
inception_full__b4_star_fixed10,participant_outer_oof,participant,one_vs_rest,2,1,0.0,0.025,0.9999398865995015,0.5511904761904762,145
inception_full__b4_star_fixed10,participant_outer_oof,participant,one_vs_rest,2,2,0.0,0.075,0.9869094885270263,0.5511904761904762,145
inception_full__b4_star_fixed10,participant_outer_oof,participant,one_vs_rest,2,3,0.009523809523809525,0.075,0.9791207065975323,0.5511904761904762,145
inception_full__b4_star_fixed10,participant_outer_oof,participant,one_vs_rest,2,4,0.009523809523809525,0.125,0.9758040648220196,0.5511904761904762,145
inception_full__b4_star_fixed10,participant_outer_oof,participant,one_vs_rest,2,5,0.01904761904761905,0.125,0.973156063369404,0.5511904761904762,145
inception_full__b4_star_fixed10,participant_outer_oof,participant,one_vs_rest,2,6,0.01904761904761905,0.15,0.9400318443150159,0.5511904761904762,145
inception_full__b4_star_fixed10,participant_outer_oof,participant,one_vs_rest,2,7,0.02857142857142857,0.15,0.9352697599783156,0.5511904761904762,145
inception_full__b4_star_fixed10,participant_outer_oof,participant,one_vs_rest,2,8,0.02857142857142857,0.2,0.9158225580129639,0.5511904761904762,145
inception_full__b4_star_fixed10,participant_outer_oof,participant,one_vs_rest,2,9,0.05714285714285714,0.2,0.859623668177791,0.5511904761904762,145
inception_full__b4_star_fixed10,participant_outer_oof,participant,one_vs_rest,2,10,0.05714285714285714,0.225,0.857188613143804,0.5511904761904762,145
inception_full__b4_star_fixed10,participant_outer_oof,participant,one_vs_rest,2,11,0.06666666666666667,0.225,0.8407696069598514,0.5511904761904762,145
inception_full__b4_star_fixed10,participant_outer_oof,participant,one_vs_rest,2,12,0.06666666666666667,0.25,0.8368613680201731,0.5511904761904762,145
inception_full__b4_star_fixed10,participant_outer_oof,participant,one_vs_rest,2,13,0.10476190476190476,0.25,0.7944297715827695,0.5511904761904762,145
inception_full__b4_star_fixed10,participant_outer_oof,participant,one_vs_rest,2,14,0.10476190476190476,0.275,0.7845908447005261,0.5511904761904762,145
inception_full__b4_star_fixed10,participant_outer_oof,participant,one_vs_rest,2,15,0.12380952380952381,0.275,0.759926550379969,0.5511904761904762,145
inception_full__b4_star_fixed10,participant_outer_oof,participant,one_vs_rest,2,16,0.12380952380952381,0.35,0.527086331153079,0.5511904761904762,145
inception_full__b4_star_fixed10,participant_outer_oof,participant,one_vs_rest,2,17,0.1619047619047619,0.35,0.3801320050647847,0.5511904761904762,145
inception_full__b4_star_fixed10,participant_outer_oof,participant,one_vs_rest,2,18,0.1619047619047619,0.375,0.3652231068971387,0.5511904761904762,145
inception_full__b4_star_fixed10,participant_outer_oof,participant,one_vs_rest,2,19,0.19047619047619047,0.375,0.31072982682421707,0.5511904761904762,145
inception_full__b4_star_fixed10,participant_outer_oof,participant,one_vs_rest,2,20,0.19047619047619047,0.425,0.2671298778975103,0.5511904761904762,145
inception_full__b4_star_fixed10,participant_outer_oof,participant,one_vs_rest,2,21,0.20952380952380953,0.425,0.19244640349900338,0.5511904761904762,145
inception_full__b4_star_fixed10,participant_outer_oof,participant,one_vs_rest,2,22,0.20952380952380953,0.45,0.18464650474499922,0.5511904761904762,145
inception_full__b4_star_fixed10,participant_outer_oof,participant,one_vs_rest,2,23,0.24761904761904763,0.45,0.17244078322627776,0.5511904761904762,145
inception_full__b4_star_fixed10,participant_outer_oof,participant,one_vs_rest,2,24,0.24761904761904763,0.5,0.1648511606860556,0.5511904761904762,145
inception_full__b4_star_fixed10,participant_outer_oof,participant,one_vs_rest,2,25,0.3523809523809524,0.5,0.05158579304763876,0.5511904761904762,145
inception_full__b4_star_fixed10,participant_outer_oof,participant,one_vs_rest,2,26,0.3523809523809524,0.525,0.04401505155111602,0.5511904761904762,145
inception_full__b4_star_fixed10,participant_outer_oof,participant,one_vs_rest,2,27,0.41904761904761906,0.525,0.03099735679029002,0.5511904761904762,145
inception_full__b4_star_fixed10,participant_outer_oof,participant,one_vs_rest,2,28,0.41904761904761906,0.55,0.030754434424459166,0.5511904761904762,145
inception_full__b4_star_fixed10,participant_outer_oof,participant,one_vs_rest,2,29,0.4857142857142857,0.55,0.027375813248624696,0.5511904761904762,145
inception_full__b4_star_fixed10,participant_outer_oof,participant,one_vs_rest,2,30,0.4857142857142857,0.575,0.027015172558540742,0.5511904761904762,145
inception_full__b4_star_fixed10,participant_outer_oof,participant,one_vs_rest,2,31,0.49523809523809526,0.575,0.026929906308796766,0.5511904761904762,145
inception_full__b4_star_fixed10,participant_outer_oof,participant,one_vs_rest,2,32,0.49523809523809526,0.6,0.02632377035500959,0.5511904761904762,145
inception_full__b4_star_fixed10,participant_outer_oof,participant,one_vs_rest,2,33,0.8095238095238095,0.6,0.0014736879062576408,0.5511904761904762,145
inception_full__b4_star_fixed10,participant_outer_oof,participant,one_vs_rest,2,34,0.8095238095238095,0.65,0.0013501471430981322,0.5511904761904762,145
inception_full__b4_star_fixed10,participant_outer_oof,participant,one_vs_rest,2,35,0.819047619047619,0.65,0.0013087419380894744,0.5511904761904762,145
inception_full__b4_star_fixed10,participant_outer_oof,participant,one_vs_rest,2,36,0.819047619047619,0.675,0.0012923342604589888,0.5511904761904762,145
inception_full__b4_star_fixed10,participant_outer_oof,participant,one_vs_rest,2,37,0.8666666666666667,0.675,0.0005345350185137948,0.5511904761904762,145
inception_full__b4_star_fixed10,participant_outer_oof,participant,one_vs_rest,2,38,0.8666666666666667,0.775,0.000275121845055925,0.5511904761904762,145
inception_full__b4_star_fixed10,participant_outer_oof,participant,one_vs_rest,2,39,0.8761904761904762,0.775,0.00025082851826214986,0.5511904761904762,145
inception_full__b4_star_fixed10,participant_outer_oof,participant,one_vs_rest,2,40,0.8761904761904762,0.875,0.00015866479787913655,0.5511904761904762,145
inception_full__b4_star_fixed10,participant_outer_oof,participant,one_vs_rest,2,41,0.9047619047619048,0.875,0.0001274829230984317,0.5511904761904762,145
inception_full__b4_star_fixed10,participant_outer_oof,participant,one_vs_rest,2,42,0.9047619047619048,0.9,0.00011969589891231101,0.5511904761904762,145
inception_full__b4_star_fixed10,participant_outer_oof,participant,one_vs_rest,2,43,0.9619047619047619,0.9,6.66865558086207e-05,0.5511904761904762,145
inception_full__b4_star_fixed10,participant_outer_oof,participant,one_vs_rest,2,44,0.9619047619047619,0.925,5.918464812166276e-05,0.5511904761904762,145
inception_full__b4_star_fixed10,participant_outer_oof,participant,one_vs_rest,2,45,0.9809523809523809,0.925,7.440170935479694e-06,0.5511904761904762,145
inception_full__b4_star_fixed10,participant_outer_oof,participant,one_vs_rest,2,46,0.9809523809523809,0.95,5.689137875179281e-06,0.5511904761904762,145
inception_full__b4_star_fixed10,participant_outer_oof,participant,one_vs_rest,2,47,1.0,0.95,9.331357807707046e-07,0.5511904761904762,145
inception_full__b4_star_fixed10,participant_outer_oof,participant,one_vs_rest,2,48,1.0,1.0,7.179788170123112e-09,0.5511904761904762,145
inception_full__b4_star_fixed10,participant_outer_oof,participant,macro_average_ovr,macro,0,0.0,0.024999999999999998,,0.5759976851851851,145
inception_full__b4_star_fixed10,participant_outer_oof,participant,macro_average_ovr,macro,1,0.005,0.024999999999999998,,0.5759976851851851,145
inception_full__b4_star_fixed10,participant_outer_oof,participant,macro_average_ovr,macro,2,0.01,0.041666666666666664,,0.5759976851851851,145
inception_full__b4_star_fixed10,participant_outer_oof,participant,macro_average_ovr,macro,3,0.015,0.05277777777777778,,0.5759976851851851,145
inception_full__b4_star_fixed10,participant_outer_oof,participant,macro_average_ovr,macro,4,0.02,0.06111111111111111,,0.5759976851851851,145
inception_full__b4_star_fixed10,participant_outer_oof,participant,macro_average_ovr,macro,5,0.025,0.08888888888888889,,0.5759976851851851,145
inception_full__b4_star_fixed10,participant_outer_oof,participant,macro_average_ovr,macro,6,0.03,0.10555555555555556,,0.5759976851851851,145
inception_full__b4_star_fixed10,participant_outer_oof,participant,macro_average_ovr,macro,7,0.035,0.10555555555555556,,0.5759976851851851,145
inception_full__b4_star_fixed10,participant_outer_oof,participant,macro_average_ovr,macro,8,0.04,0.10555555555555556,,0.5759976851851851,145
inception_full__b4_star_fixed10,participant_outer_oof,participant,macro_average_ovr,macro,9,0.045,0.10555555555555556,,0.5759976851851851,145
inception_full__b4_star_fixed10,participant_outer_oof,participant,macro_average_ovr,macro,10,0.05,0.10555555555555556,,0.5759976851851851,145
inception_full__b4_star_fixed10,participant_outer_oof,participant,macro_average_ovr,macro,11,0.055,0.10555555555555556,,0.5759976851851851,145
inception_full__b4_star_fixed10,participant_outer_oof,participant,macro_average_ovr,macro,12,0.06,0.11388888888888889,,0.5759976851851851,145
inception_full__b4_star_fixed10,participant_outer_oof,participant,macro_average_ovr,macro,13,0.065,0.11388888888888889,,0.5759976851851851,145
inception_full__b4_star_fixed10,participant_outer_oof,participant,macro_average_ovr,macro,14,0.07,0.13703703703703704,,0.5759976851851851,145
inception_full__b4_star_fixed10,participant_outer_oof,participant,macro_average_ovr,macro,15,0.075,0.13703703703703704,,0.5759976851851851,145
inception_full__b4_star_fixed10,participant_outer_oof,participant,macro_average_ovr,macro,16,0.08,0.1814814814814815,,0.5759976851851851,145
inception_full__b4_star_fixed10,participant_outer_oof,participant,macro_average_ovr,macro,17,0.085,0.19814814814814816,,0.5759976851851851,145
inception_full__b4_star_fixed10,participant_outer_oof,participant,macro_average_ovr,macro,18,0.09,0.20555555555555557,,0.5759976851851851,145
inception_full__b4_star_fixed10,participant_outer_oof,participant,macro_average_ovr,macro,19,0.095,0.20555555555555557,,0.5759976851851851,145
inception_full__b4_star_fixed10,participant_outer_oof,participant,macro_average_ovr,macro,20,0.1,0.20555555555555557,,0.5759976851851851,145
inception_full__b4_star_fixed10,participant_outer_oof,participant,macro_average_ovr,macro,21,0.105,0.2138888888888889,,0.5759976851851851,145
inception_full__b4_star_fixed10,participant_outer_oof,participant,macro_average_ovr,macro,22,0.11,0.225,,0.5759976851851851,145
inception_full__b4_star_fixed10,participant_outer_oof,participant,macro_average_ovr,macro,23,0.115,0.225,,0.5759976851851851,145
inception_full__b4_star_fixed10,participant_outer_oof,participant,macro_average_ovr,macro,24,0.12,0.2416666666666667,,0.5759976851851851,145
inception_full__b4_star_fixed10,participant_outer_oof,participant,macro_average_ovr,macro,25,0.125,0.26666666666666666,,0.5759976851851851,145
inception_full__b4_star_fixed10,participant_outer_oof,participant,macro_average_ovr,macro,26,0.13,0.26666666666666666,,0.5759976851851851,145
inception_full__b4_star_fixed10,participant_outer_oof,participant,macro_average_ovr,macro,27,0.135,0.26666666666666666,,0.5759976851851851,145
inception_full__b4_star_fixed10,participant_outer_oof,participant,macro_average_ovr,macro,28,0.14,0.2740740740740741,,0.5759976851851851,145
inception_full__b4_star_fixed10,participant_outer_oof,participant,macro_average_ovr,macro,29,0.145,0.2796296296296296,,0.5759976851851851,145
inception_full__b4_star_fixed10,participant_outer_oof,participant,macro_average_ovr,macro,30,0.15,0.29444444444444445,,0.5759976851851851,145
inception_full__b4_star_fixed10,participant_outer_oof,participant,macro_average_ovr,macro,31,0.155,0.3,,0.5759976851851851,145
inception_full__b4_star_fixed10,participant_outer_oof,participant,macro_average_ovr,macro,32,0.16,0.3,,0.5759976851851851,145
inception_full__b4_star_fixed10,participant_outer_oof,participant,macro_average_ovr,macro,33,0.165,0.30833333333333335,,0.5759976851851851,145
inception_full__b4_star_fixed10,participant_outer_oof,participant,macro_average_ovr,macro,34,0.17,0.30833333333333335,,0.5759976851851851,145
inception_full__b4_star_fixed10,participant_outer_oof,participant,macro_average_ovr,macro,35,0.17500000000000002,0.30833333333333335,,0.5759976851851851,145
inception_full__b4_star_fixed10,participant_outer_oof,participant,macro_average_ovr,macro,36,0.18,0.3138888888888889,,0.5759976851851851,145
inception_full__b4_star_fixed10,participant_outer_oof,participant,macro_average_ovr,macro,37,0.185,0.3138888888888889,,0.5759976851851851,145
inception_full__b4_star_fixed10,participant_outer_oof,participant,macro_average_ovr,macro,38,0.19,0.3194444444444444,,0.5759976851851851,145
inception_full__b4_star_fixed10,participant_outer_oof,participant,macro_average_ovr,macro,39,0.195,0.3361111111111111,,0.5759976851851851,145
inception_full__b4_star_fixed10,participant_outer_oof,participant,macro_average_ovr,macro,40,0.2,0.35462962962962963,,0.5759976851851851,145
inception_full__b4_star_fixed10,participant_outer_oof,participant,macro_average_ovr,macro,41,0.20500000000000002,0.35462962962962963,,0.5759976851851851,145
inception_full__b4_star_fixed10,participant_outer_oof,participant,macro_average_ovr,macro,42,0.21,0.36296296296296293,,0.5759976851851851,145
inception_full__b4_star_fixed10,participant_outer_oof,participant,macro_average_ovr,macro,43,0.215,0.36296296296296293,,0.5759976851851851,145
inception_full__b4_star_fixed10,participant_outer_oof,participant,macro_average_ovr,macro,44,0.22,0.37777777777777777,,0.5759976851851851,145
inception_full__b4_star_fixed10,participant_outer_oof,participant,macro_average_ovr,macro,45,0.225,0.3833333333333333,,0.5759976851851851,145
inception_full__b4_star_fixed10,participant_outer_oof,participant,macro_average_ovr,macro,46,0.23,0.3833333333333333,,0.5759976851851851,145
inception_full__b4_star_fixed10,participant_outer_oof,participant,macro_average_ovr,macro,47,0.23500000000000001,0.3833333333333333,,0.5759976851851851,145
inception_full__b4_star_fixed10,participant_outer_oof,participant,macro_average_ovr,macro,48,0.24,0.3833333333333333,,0.5759976851851851,145
inception_full__b4_star_fixed10,participant_outer_oof,participant,macro_average_ovr,macro,49,0.245,0.3833333333333333,,0.5759976851851851,145
inception_full__b4_star_fixed10,participant_outer_oof,participant,macro_average_ovr,macro,50,0.25,0.4055555555555556,,0.5759976851851851,145
inception_full__b4_star_fixed10,participant_outer_oof,participant,macro_average_ovr,macro,51,0.255,0.4055555555555556,,0.5759976851851851,145
inception_full__b4_star_fixed10,participant_outer_oof,participant,macro_average_ovr,macro,52,0.26,0.4166666666666667,,0.5759976851851851,145
inception_full__b4_star_fixed10,participant_outer_oof,participant,macro_average_ovr,macro,53,0.265,0.4166666666666667,,0.5759976851851851,145
inception_full__b4_star_fixed10,participant_outer_oof,participant,macro_average_ovr,macro,54,0.27,0.4166666666666667,,0.5759976851851851,145
inception_full__b4_star_fixed10,participant_outer_oof,participant,macro_average_ovr,macro,55,0.275,0.4166666666666667,,0.5759976851851851,145
inception_full__b4_star_fixed10,participant_outer_oof,participant,macro_average_ovr,macro,56,0.28,0.42407407407407405,,0.5759976851851851,145
inception_full__b4_star_fixed10,participant_outer_oof,participant,macro_average_ovr,macro,57,0.28500000000000003,0.42962962962962964,,0.5759976851851851,145
inception_full__b4_star_fixed10,participant_outer_oof,participant,macro_average_ovr,macro,58,0.29,0.43703703703703706,,0.5759976851851851,145
inception_full__b4_star_fixed10,participant_outer_oof,participant,macro_average_ovr,macro,59,0.295,0.43703703703703706,,0.5759976851851851,145
inception_full__b4_star_fixed10,participant_outer_oof,participant,macro_average_ovr,macro,60,0.3,0.4518518518518519,,0.5759976851851851,145
inception_full__b4_star_fixed10,participant_outer_oof,participant,macro_average_ovr,macro,61,0.305,0.4518518518518519,,0.5759976851851851,145
inception_full__b4_star_fixed10,participant_outer_oof,participant,macro_average_ovr,macro,62,0.31,0.4518518518518519,,0.5759976851851851,145
inception_full__b4_star_fixed10,participant_outer_oof,participant,macro_average_ovr,macro,63,0.315,0.4518518518518519,,0.5759976851851851,145
inception_full__b4_star_fixed10,participant_outer_oof,participant,macro_average_ovr,macro,64,0.32,0.4518518518518519,,0.5759976851851851,145
inception_full__b4_star_fixed10,participant_outer_oof,participant,macro_average_ovr,macro,65,0.325,0.4518518518518519,,0.5759976851851851,145
inception_full__b4_star_fixed10,participant_outer_oof,participant,macro_average_ovr,macro,66,0.33,0.45740740740740743,,0.5759976851851851,145
inception_full__b4_star_fixed10,participant_outer_oof,participant,macro_average_ovr,macro,67,0.335,0.45740740740740743,,0.5759976851851851,145
inception_full__b4_star_fixed10,participant_outer_oof,participant,macro_average_ovr,macro,68,0.34,0.45740740740740743,,0.5759976851851851,145
inception_full__b4_star_fixed10,participant_outer_oof,participant,macro_average_ovr,macro,69,0.34500000000000003,0.45740740740740743,,0.5759976851851851,145
inception_full__b4_star_fixed10,participant_outer_oof,participant,macro_average_ovr,macro,70,0.35000000000000003,0.4648148148148148,,0.5759976851851851,145
inception_full__b4_star_fixed10,participant_outer_oof,participant,macro_average_ovr,macro,71,0.355,0.4787037037037037,,0.5759976851851851,145
inception_full__b4_star_fixed10,participant_outer_oof,participant,macro_average_ovr,macro,72,0.36,0.48611111111111116,,0.5759976851851851,145
inception_full__b4_star_fixed10,participant_outer_oof,participant,macro_average_ovr,macro,73,0.365,0.48611111111111116,,0.5759976851851851,145
inception_full__b4_star_fixed10,participant_outer_oof,participant,macro_average_ovr,macro,74,0.37,0.48611111111111116,,0.5759976851851851,145
inception_full__b4_star_fixed10,participant_outer_oof,participant,macro_average_ovr,macro,75,0.375,0.48611111111111116,,0.5759976851851851,145
inception_full__b4_star_fixed10,participant_outer_oof,participant,macro_average_ovr,macro,76,0.38,0.5287037037037038,,0.5759976851851851,145
inception_full__b4_star_fixed10,participant_outer_oof,participant,macro_average_ovr,macro,77,0.385,0.5287037037037038,,0.5759976851851851,145
inception_full__b4_star_fixed10,participant_outer_oof,participant,macro_average_ovr,macro,78,0.39,0.5398148148148149,,0.5759976851851851,145
inception_full__b4_star_fixed10,participant_outer_oof,participant,macro_average_ovr,macro,79,0.395,0.5398148148148149,,0.5759976851851851,145
inception_full__b4_star_fixed10,participant_outer_oof,participant,macro_average_ovr,macro,80,0.4,0.5472222222222222,,0.5759976851851851,145
inception_full__b4_star_fixed10,participant_outer_oof,participant,macro_average_ovr,macro,81,0.405,0.5472222222222222,,0.5759976851851851,145
inception_full__b4_star_fixed10,participant_outer_oof,participant,macro_average_ovr,macro,82,0.41000000000000003,0.5472222222222222,,0.5759976851851851,145
inception_full__b4_star_fixed10,participant_outer_oof,participant,macro_average_ovr,macro,83,0.41500000000000004,0.5694444444444445,,0.5759976851851851,145
inception_full__b4_star_fixed10,participant_outer_oof,participant,macro_average_ovr,macro,84,0.42,0.5851851851851853,,0.5759976851851851,145
inception_full__b4_star_fixed10,participant_outer_oof,participant,macro_average_ovr,macro,85,0.425,0.5851851851851853,,0.5759976851851851,145
inception_full__b4_star_fixed10,participant_outer_oof,participant,macro_average_ovr,macro,86,0.43,0.5925925925925927,,0.5759976851851851,145
inception_full__b4_star_fixed10,participant_outer_oof,participant,macro_average_ovr,macro,87,0.435,0.5925925925925927,,0.5759976851851851,145
inception_full__b4_star_fixed10,participant_outer_oof,participant,macro_average_ovr,macro,88,0.44,0.5981481481481482,,0.5759976851851851,145
inception_full__b4_star_fixed10,participant_outer_oof,participant,macro_average_ovr,macro,89,0.445,0.5981481481481482,,0.5759976851851851,145
inception_full__b4_star_fixed10,participant_outer_oof,participant,macro_average_ovr,macro,90,0.45,0.6185185185185186,,0.5759976851851851,145
inception_full__b4_star_fixed10,participant_outer_oof,participant,macro_average_ovr,macro,91,0.455,0.6185185185185186,,0.5759976851851851,145
inception_full__b4_star_fixed10,participant_outer_oof,participant,macro_average_ovr,macro,92,0.46,0.6185185185185186,,0.5759976851851851,145
inception_full__b4_star_fixed10,participant_outer_oof,participant,macro_average_ovr,macro,93,0.465,0.6185185185185186,,0.5759976851851851,145
inception_full__b4_star_fixed10,participant_outer_oof,participant,macro_average_ovr,macro,94,0.47000000000000003,0.6185185185185186,,0.5759976851851851,145
inception_full__b4_star_fixed10,participant_outer_oof,participant,macro_average_ovr,macro,95,0.47500000000000003,0.6185185185185186,,0.5759976851851851,145
inception_full__b4_star_fixed10,participant_outer_oof,participant,macro_average_ovr,macro,96,0.48,0.6185185185185186,,0.5759976851851851,145
inception_full__b4_star_fixed10,participant_outer_oof,participant,macro_average_ovr,macro,97,0.485,0.6296296296296297,,0.5759976851851851,145
inception_full__b4_star_fixed10,participant_outer_oof,participant,macro_average_ovr,macro,98,0.49,0.637962962962963,,0.5759976851851851,145
inception_full__b4_star_fixed10,participant_outer_oof,participant,macro_average_ovr,macro,99,0.495,0.637962962962963,,0.5759976851851851,145
inception_full__b4_star_fixed10,participant_outer_oof,participant,macro_average_ovr,macro,100,0.5,0.6537037037037038,,0.5759976851851851,145
inception_full__b4_star_fixed10,participant_outer_oof,participant,macro_average_ovr,macro,101,0.505,0.6537037037037038,,0.5759976851851851,145
inception_full__b4_star_fixed10,participant_outer_oof,participant,macro_average_ovr,macro,102,0.51,0.6537037037037038,,0.5759976851851851,145
inception_full__b4_star_fixed10,participant_outer_oof,participant,macro_average_ovr,macro,103,0.515,0.6537037037037038,,0.5759976851851851,145
inception_full__b4_star_fixed10,participant_outer_oof,participant,macro_average_ovr,macro,104,0.52,0.6592592592592593,,0.5759976851851851,145
inception_full__b4_star_fixed10,participant_outer_oof,participant,macro_average_ovr,macro,105,0.525,0.6592592592592593,,0.5759976851851851,145
inception_full__b4_star_fixed10,participant_outer_oof,participant,macro_average_ovr,macro,106,0.53,0.6592592592592593,,0.5759976851851851,145
inception_full__b4_star_fixed10,participant_outer_oof,participant,macro_average_ovr,macro,107,0.535,0.6592592592592593,,0.5759976851851851,145
inception_full__b4_star_fixed10,participant_outer_oof,participant,macro_average_ovr,macro,108,0.54,0.6592592592592593,,0.5759976851851851,145
inception_full__b4_star_fixed10,participant_outer_oof,participant,macro_average_ovr,macro,109,0.545,0.6592592592592593,,0.5759976851851851,145
inception_full__b4_star_fixed10,participant_outer_oof,participant,macro_average_ovr,macro,110,0.55,0.6592592592592593,,0.5759976851851851,145
inception_full__b4_star_fixed10,participant_outer_oof,participant,macro_average_ovr,macro,111,0.555,0.6648148148148149,,0.5759976851851851,145
inception_full__b4_star_fixed10,participant_outer_oof,participant,macro_average_ovr,macro,112,0.56,0.6648148148148149,,0.5759976851851851,145
inception_full__b4_star_fixed10,participant_outer_oof,participant,macro_average_ovr,macro,113,0.5650000000000001,0.6648148148148149,,0.5759976851851851,145
inception_full__b4_star_fixed10,participant_outer_oof,participant,macro_average_ovr,macro,114,0.5700000000000001,0.6648148148148149,,0.5759976851851851,145
inception_full__b4_star_fixed10,participant_outer_oof,participant,macro_average_ovr,macro,115,0.5750000000000001,0.6648148148148149,,0.5759976851851851,145
inception_full__b4_star_fixed10,participant_outer_oof,participant,macro_average_ovr,macro,116,0.58,0.6648148148148149,,0.5759976851851851,145
inception_full__b4_star_fixed10,participant_outer_oof,participant,macro_average_ovr,macro,117,0.585,0.6648148148148149,,0.5759976851851851,145
inception_full__b4_star_fixed10,participant_outer_oof,participant,macro_average_ovr,macro,118,0.59,0.6648148148148149,,0.5759976851851851,145
inception_full__b4_star_fixed10,participant_outer_oof,participant,macro_average_ovr,macro,119,0.595,0.6648148148148149,,0.5759976851851851,145
inception_full__b4_star_fixed10,participant_outer_oof,participant,macro_average_ovr,macro,120,0.6,0.6814814814814815,,0.5759976851851851,145
inception_full__b4_star_fixed10,participant_outer_oof,participant,macro_average_ovr,macro,121,0.605,0.6814814814814815,,0.5759976851851851,145
inception_full__b4_star_fixed10,participant_outer_oof,participant,macro_average_ovr,macro,122,0.61,0.6814814814814815,,0.5759976851851851,145
inception_full__b4_star_fixed10,participant_outer_oof,participant,macro_average_ovr,macro,123,0.615,0.6870370370370371,,0.5759976851851851,145
inception_full__b4_star_fixed10,participant_outer_oof,participant,macro_average_ovr,macro,124,0.62,0.6870370370370371,,0.5759976851851851,145
inception_full__b4_star_fixed10,participant_outer_oof,participant,macro_average_ovr,macro,125,0.625,0.6925925925925926,,0.5759976851851851,145
inception_full__b4_star_fixed10,participant_outer_oof,participant,macro_average_ovr,macro,126,0.63,0.6925925925925926,,0.5759976851851851,145
inception_full__b4_star_fixed10,participant_outer_oof,participant,macro_average_ovr,macro,127,0.635,0.6925925925925926,,0.5759976851851851,145
inception_full__b4_star_fixed10,participant_outer_oof,participant,macro_average_ovr,macro,128,0.64,0.7000000000000001,,0.5759976851851851,145
inception_full__b4_star_fixed10,participant_outer_oof,participant,macro_average_ovr,macro,129,0.645,0.7000000000000001,,0.5759976851851851,145
inception_full__b4_star_fixed10,participant_outer_oof,participant,macro_average_ovr,macro,130,0.65,0.7055555555555556,,0.5759976851851851,145
inception_full__b4_star_fixed10,participant_outer_oof,participant,macro_average_ovr,macro,131,0.655,0.7055555555555556,,0.5759976851851851,145
inception_full__b4_star_fixed10,participant_outer_oof,participant,macro_average_ovr,macro,132,0.66,0.7129629629629629,,0.5759976851851851,145
inception_full__b4_star_fixed10,participant_outer_oof,participant,macro_average_ovr,macro,133,0.665,0.7129629629629629,,0.5759976851851851,145
inception_full__b4_star_fixed10,participant_outer_oof,participant,macro_average_ovr,macro,134,0.67,0.7277777777777779,,0.5759976851851851,145
inception_full__b4_star_fixed10,participant_outer_oof,participant,macro_average_ovr,macro,135,0.675,0.7277777777777779,,0.5759976851851851,145
inception_full__b4_star_fixed10,participant_outer_oof,participant,macro_average_ovr,macro,136,0.68,0.7277777777777779,,0.5759976851851851,145
inception_full__b4_star_fixed10,participant_outer_oof,participant,macro_average_ovr,macro,137,0.685,0.7333333333333334,,0.5759976851851851,145
inception_full__b4_star_fixed10,participant_outer_oof,participant,macro_average_ovr,macro,138,0.6900000000000001,0.7333333333333334,,0.5759976851851851,145
inception_full__b4_star_fixed10,participant_outer_oof,participant,macro_average_ovr,macro,139,0.6950000000000001,0.7333333333333334,,0.5759976851851851,145
inception_full__b4_star_fixed10,participant_outer_oof,participant,macro_average_ovr,macro,140,0.7000000000000001,0.7333333333333334,,0.5759976851851851,145
inception_full__b4_star_fixed10,participant_outer_oof,participant,macro_average_ovr,macro,141,0.705,0.7333333333333334,,0.5759976851851851,145
inception_full__b4_star_fixed10,participant_outer_oof,participant,macro_average_ovr,macro,142,0.71,0.7407407407407408,,0.5759976851851851,145
inception_full__b4_star_fixed10,participant_outer_oof,participant,macro_average_ovr,macro,143,0.715,0.7407407407407408,,0.5759976851851851,145
inception_full__b4_star_fixed10,participant_outer_oof,participant,macro_average_ovr,macro,144,0.72,0.7537037037037037,,0.5759976851851851,145
inception_full__b4_star_fixed10,participant_outer_oof,participant,macro_average_ovr,macro,145,0.725,0.7537037037037037,,0.5759976851851851,145
inception_full__b4_star_fixed10,participant_outer_oof,participant,macro_average_ovr,macro,146,0.73,0.7537037037037037,,0.5759976851851851,145
inception_full__b4_star_fixed10,participant_outer_oof,participant,macro_average_ovr,macro,147,0.735,0.7537037037037037,,0.5759976851851851,145
inception_full__b4_star_fixed10,participant_outer_oof,participant,macro_average_ovr,macro,148,0.74,0.7537037037037037,,0.5759976851851851,145
inception_full__b4_star_fixed10,participant_outer_oof,participant,macro_average_ovr,macro,149,0.745,0.7537037037037037,,0.5759976851851851,145
inception_full__b4_star_fixed10,participant_outer_oof,participant,macro_average_ovr,macro,150,0.75,0.7537037037037037,,0.5759976851851851,145
inception_full__b4_star_fixed10,participant_outer_oof,participant,macro_average_ovr,macro,151,0.755,0.7537037037037037,,0.5759976851851851,145
inception_full__b4_star_fixed10,participant_outer_oof,participant,macro_average_ovr,macro,152,0.76,0.7611111111111111,,0.5759976851851851,145
inception_full__b4_star_fixed10,participant_outer_oof,participant,macro_average_ovr,macro,153,0.765,0.7611111111111111,,0.5759976851851851,145
inception_full__b4_star_fixed10,participant_outer_oof,participant,macro_average_ovr,macro,154,0.77,0.7611111111111111,,0.5759976851851851,145
inception_full__b4_star_fixed10,participant_outer_oof,participant,macro_average_ovr,macro,155,0.775,0.7611111111111111,,0.5759976851851851,145
inception_full__b4_star_fixed10,participant_outer_oof,participant,macro_average_ovr,macro,156,0.78,0.7666666666666667,,0.5759976851851851,145
inception_full__b4_star_fixed10,participant_outer_oof,participant,macro_average_ovr,macro,157,0.785,0.7666666666666667,,0.5759976851851851,145
inception_full__b4_star_fixed10,participant_outer_oof,participant,macro_average_ovr,macro,158,0.79,0.7666666666666667,,0.5759976851851851,145
inception_full__b4_star_fixed10,participant_outer_oof,participant,macro_average_ovr,macro,159,0.795,0.7666666666666667,,0.5759976851851851,145
inception_full__b4_star_fixed10,participant_outer_oof,participant,macro_average_ovr,macro,160,0.8,0.7722222222222223,,0.5759976851851851,145
inception_full__b4_star_fixed10,participant_outer_oof,participant,macro_average_ovr,macro,161,0.805,0.7722222222222223,,0.5759976851851851,145
inception_full__b4_star_fixed10,participant_outer_oof,participant,macro_average_ovr,macro,162,0.81,0.7962962962962963,,0.5759976851851851,145
inception_full__b4_star_fixed10,participant_outer_oof,participant,macro_average_ovr,macro,163,0.8150000000000001,0.7962962962962963,,0.5759976851851851,145
inception_full__b4_star_fixed10,participant_outer_oof,participant,macro_average_ovr,macro,164,0.8200000000000001,0.8046296296296296,,0.5759976851851851,145
inception_full__b4_star_fixed10,participant_outer_oof,participant,macro_average_ovr,macro,165,0.8250000000000001,0.8046296296296296,,0.5759976851851851,145
inception_full__b4_star_fixed10,participant_outer_oof,participant,macro_average_ovr,macro,166,0.8300000000000001,0.8046296296296296,,0.5759976851851851,145
inception_full__b4_star_fixed10,participant_outer_oof,participant,macro_average_ovr,macro,167,0.835,0.8046296296296296,,0.5759976851851851,145
inception_full__b4_star_fixed10,participant_outer_oof,participant,macro_average_ovr,macro,168,0.84,0.8046296296296296,,0.5759976851851851,145
inception_full__b4_star_fixed10,participant_outer_oof,participant,macro_average_ovr,macro,169,0.845,0.8046296296296296,,0.5759976851851851,145
inception_full__b4_star_fixed10,participant_outer_oof,participant,macro_average_ovr,macro,170,0.85,0.8046296296296296,,0.5759976851851851,145
inception_full__b4_star_fixed10,participant_outer_oof,participant,macro_average_ovr,macro,171,0.855,0.8046296296296296,,0.5759976851851851,145
inception_full__b4_star_fixed10,participant_outer_oof,participant,macro_average_ovr,macro,172,0.86,0.8046296296296296,,0.5759976851851851,145
inception_full__b4_star_fixed10,participant_outer_oof,participant,macro_average_ovr,macro,173,0.865,0.8046296296296296,,0.5759976851851851,145
inception_full__b4_star_fixed10,participant_outer_oof,participant,macro_average_ovr,macro,174,0.87,0.8379629629629629,,0.5759976851851851,145
inception_full__b4_star_fixed10,participant_outer_oof,participant,macro_average_ovr,macro,175,0.875,0.8379629629629629,,0.5759976851851851,145
inception_full__b4_star_fixed10,participant_outer_oof,participant,macro_average_ovr,macro,176,0.88,0.8712962962962963,,0.5759976851851851,145
inception_full__b4_star_fixed10,participant_outer_oof,participant,macro_average_ovr,macro,177,0.885,0.8712962962962963,,0.5759976851851851,145
inception_full__b4_star_fixed10,participant_outer_oof,participant,macro_average_ovr,macro,178,0.89,0.8712962962962963,,0.5759976851851851,145
inception_full__b4_star_fixed10,participant_outer_oof,participant,macro_average_ovr,macro,179,0.895,0.8712962962962963,,0.5759976851851851,145
inception_full__b4_star_fixed10,participant_outer_oof,participant,macro_average_ovr,macro,180,0.9,0.8712962962962963,,0.5759976851851851,145
inception_full__b4_star_fixed10,participant_outer_oof,participant,macro_average_ovr,macro,181,0.905,0.8796296296296297,,0.5759976851851851,145
inception_full__b4_star_fixed10,participant_outer_oof,participant,macro_average_ovr,macro,182,0.91,0.887037037037037,,0.5759976851851851,145
inception_full__b4_star_fixed10,participant_outer_oof,participant,macro_average_ovr,macro,183,0.915,0.887037037037037,,0.5759976851851851,145
inception_full__b4_star_fixed10,participant_outer_oof,participant,macro_average_ovr,macro,184,0.92,0.8944444444444444,,0.5759976851851851,145
inception_full__b4_star_fixed10,participant_outer_oof,participant,macro_average_ovr,macro,185,0.925,0.8944444444444444,,0.5759976851851851,145
inception_full__b4_star_fixed10,participant_outer_oof,participant,macro_average_ovr,macro,186,0.93,0.9166666666666666,,0.5759976851851851,145
inception_full__b4_star_fixed10,participant_outer_oof,participant,macro_average_ovr,macro,187,0.935,0.9166666666666666,,0.5759976851851851,145
inception_full__b4_star_fixed10,participant_outer_oof,participant,macro_average_ovr,macro,188,0.9400000000000001,0.924074074074074,,0.5759976851851851,145
inception_full__b4_star_fixed10,participant_outer_oof,participant,macro_average_ovr,macro,189,0.9450000000000001,0.9296296296296296,,0.5759976851851851,145
inception_full__b4_star_fixed10,participant_outer_oof,participant,macro_average_ovr,macro,190,0.9500000000000001,0.9296296296296296,,0.5759976851851851,145
inception_full__b4_star_fixed10,participant_outer_oof,participant,macro_average_ovr,macro,191,0.9550000000000001,0.9407407407407408,,0.5759976851851851,145
inception_full__b4_star_fixed10,participant_outer_oof,participant,macro_average_ovr,macro,192,0.96,0.9481481481481482,,0.5759976851851851,145
inception_full__b4_star_fixed10,participant_outer_oof,participant,macro_average_ovr,macro,193,0.965,0.9675925925925926,,0.5759976851851851,145
inception_full__b4_star_fixed10,participant_outer_oof,participant,macro_average_ovr,macro,194,0.97,0.975,,0.5759976851851851,145
inception_full__b4_star_fixed10,participant_outer_oof,participant,macro_average_ovr,macro,195,0.975,0.975,,0.5759976851851851,145
inception_full__b4_star_fixed10,participant_outer_oof,participant,macro_average_ovr,macro,196,0.98,0.975,,0.5759976851851851,145
inception_full__b4_star_fixed10,participant_outer_oof,participant,macro_average_ovr,macro,197,0.985,0.9833333333333334,,0.5759976851851851,145
inception_full__b4_star_fixed10,participant_outer_oof,participant,macro_average_ovr,macro,198,0.99,0.9833333333333334,,0.5759976851851851,145
inception_full__b4_star_fixed10,participant_outer_oof,participant,macro_average_ovr,macro,199,0.995,0.9833333333333334,,0.5759976851851851,145
inception_full__b4_star_fixed10,participant_outer_oof,participant,macro_average_ovr,macro,200,1.0,1.0,,0.5759976851851851,145
inception_full__b5_star_fixed10,participant_outer_oof,participant,one_vs_rest,0,0,0.0,0.0,,0.7255555555555555,145
inception_full__b5_star_fixed10,participant_outer_oof,participant,one_vs_rest,0,1,0.0,0.022222222222222223,0.9999969031456978,0.7255555555555555,145
inception_full__b5_star_fixed10,participant_outer_oof,participant,one_vs_rest,0,2,0.0,0.13333333333333333,0.9502110796797467,0.7255555555555555,145
inception_full__b5_star_fixed10,participant_outer_oof,participant,one_vs_rest,0,3,0.01,0.13333333333333333,0.9463417482229347,0.7255555555555555,145
inception_full__b5_star_fixed10,participant_outer_oof,participant,one_vs_rest,0,4,0.01,0.17777777777777778,0.9290590709043645,0.7255555555555555,145
inception_full__b5_star_fixed10,participant_outer_oof,participant,one_vs_rest,0,5,0.04,0.17777777777777778,0.8880866873988438,0.7255555555555555,145
inception_full__b5_star_fixed10,participant_outer_oof,participant,one_vs_rest,0,6,0.04,0.2,0.8851811316106243,0.7255555555555555,145
inception_full__b5_star_fixed10,participant_outer_oof,participant,one_vs_rest,0,7,0.05,0.2,0.8702346187313411,0.7255555555555555,145
inception_full__b5_star_fixed10,participant_outer_oof,participant,one_vs_rest,0,8,0.05,0.2222222222222222,0.8666891462049638,0.7255555555555555,145
inception_full__b5_star_fixed10,participant_outer_oof,participant,one_vs_rest,0,9,0.06,0.2222222222222222,0.8611610489548184,0.7255555555555555,145
inception_full__b5_star_fixed10,participant_outer_oof,participant,one_vs_rest,0,10,0.06,0.24444444444444444,0.8588200211009787,0.7255555555555555,145
inception_full__b5_star_fixed10,participant_outer_oof,participant,one_vs_rest,0,11,0.09,0.24444444444444444,0.8257255478432137,0.7255555555555555,145
inception_full__b5_star_fixed10,participant_outer_oof,participant,one_vs_rest,0,12,0.09,0.3111111111111111,0.793788728473469,0.7255555555555555,145
inception_full__b5_star_fixed10,participant_outer_oof,participant,one_vs_rest,0,13,0.11,0.3111111111111111,0.7201183916375588,0.7255555555555555,145
inception_full__b5_star_fixed10,participant_outer_oof,participant,one_vs_rest,0,14,0.11,0.35555555555555557,0.7113663215505001,0.7255555555555555,145
inception_full__b5_star_fixed10,participant_outer_oof,participant,one_vs_rest,0,15,0.12,0.35555555555555557,0.6853994214125831,0.7255555555555555,145
inception_full__b5_star_fixed10,participant_outer_oof,participant,one_vs_rest,0,16,0.12,0.37777777777777777,0.6789359144599649,0.7255555555555555,145
inception_full__b5_star_fixed10,participant_outer_oof,participant,one_vs_rest,0,17,0.14,0.37777777777777777,0.6493519118904507,0.7255555555555555,145
inception_full__b5_star_fixed10,participant_outer_oof,participant,one_vs_rest,0,18,0.14,0.4222222222222222,0.5844797043569854,0.7255555555555555,145
inception_full__b5_star_fixed10,participant_outer_oof,participant,one_vs_rest,0,19,0.16,0.4222222222222222,0.53501219474747,0.7255555555555555,145
inception_full__b5_star_fixed10,participant_outer_oof,participant,one_vs_rest,0,20,0.16,0.4666666666666667,0.5177237196958314,0.7255555555555555,145
inception_full__b5_star_fixed10,participant_outer_oof,participant,one_vs_rest,0,21,0.17,0.4666666666666667,0.5173142685106729,0.7255555555555555,145
inception_full__b5_star_fixed10,participant_outer_oof,participant,one_vs_rest,0,22,0.17,0.4888888888888889,0.5062611452052066,0.7255555555555555,145
inception_full__b5_star_fixed10,participant_outer_oof,participant,one_vs_rest,0,23,0.18,0.4888888888888889,0.5014287307383096,0.7255555555555555,145
inception_full__b5_star_fixed10,participant_outer_oof,participant,one_vs_rest,0,24,0.18,0.5111111111111111,0.5003315893247158,0.7255555555555555,145
inception_full__b5_star_fixed10,participant_outer_oof,participant,one_vs_rest,0,25,0.21,0.5111111111111111,0.47754096175783495,0.7255555555555555,145
inception_full__b5_star_fixed10,participant_outer_oof,participant,one_vs_rest,0,26,0.21,0.5333333333333333,0.4391063687277727,0.7255555555555555,145
inception_full__b5_star_fixed10,participant_outer_oof,participant,one_vs_rest,0,27,0.26,0.5333333333333333,0.3747280206097471,0.7255555555555555,145
inception_full__b5_star_fixed10,participant_outer_oof,participant,one_vs_rest,0,28,0.26,0.5777777777777777,0.3668784556844313,0.7255555555555555,145
inception_full__b5_star_fixed10,participant_outer_oof,participant,one_vs_rest,0,29,0.27,0.5777777777777777,0.3503001051788786,0.7255555555555555,145
inception_full__b5_star_fixed10,participant_outer_oof,participant,one_vs_rest,0,30,0.27,0.6,0.33518675123506436,0.7255555555555555,145
inception_full__b5_star_fixed10,participant_outer_oof,participant,one_vs_rest,0,31,0.3,0.6,0.2861346956926916,0.7255555555555555,145
inception_full__b5_star_fixed10,participant_outer_oof,participant,one_vs_rest,0,32,0.3,0.6444444444444445,0.2734015713885625,0.7255555555555555,145
inception_full__b5_star_fixed10,participant_outer_oof,participant,one_vs_rest,0,33,0.32,0.6444444444444445,0.2694691336165117,0.7255555555555555,145
inception_full__b5_star_fixed10,participant_outer_oof,participant,one_vs_rest,0,34,0.32,0.6666666666666666,0.25605480780500584,0.7255555555555555,145
inception_full__b5_star_fixed10,participant_outer_oof,participant,one_vs_rest,0,35,0.34,0.6666666666666666,0.2025639484643785,0.7255555555555555,145
inception_full__b5_star_fixed10,participant_outer_oof,participant,one_vs_rest,0,36,0.34,0.6888888888888889,0.19831999377834242,0.7255555555555555,145
inception_full__b5_star_fixed10,participant_outer_oof,participant,one_vs_rest,0,37,0.39,0.6888888888888889,0.1635419298426634,0.7255555555555555,145
inception_full__b5_star_fixed10,participant_outer_oof,participant,one_vs_rest,0,38,0.39,0.7111111111111111,0.15663024075580517,0.7255555555555555,145
inception_full__b5_star_fixed10,participant_outer_oof,participant,one_vs_rest,0,39,0.41,0.7111111111111111,0.1526864473253426,0.7255555555555555,145
inception_full__b5_star_fixed10,participant_outer_oof,participant,one_vs_rest,0,40,0.41,0.7555555555555555,0.14070410985928725,0.7255555555555555,145
inception_full__b5_star_fixed10,participant_outer_oof,participant,one_vs_rest,0,41,0.45,0.7555555555555555,0.1054278567444588,0.7255555555555555,145
inception_full__b5_star_fixed10,participant_outer_oof,participant,one_vs_rest,0,42,0.45,0.7777777777777778,0.09709112809262363,0.7255555555555555,145
inception_full__b5_star_fixed10,participant_outer_oof,participant,one_vs_rest,0,43,0.47,0.7777777777777778,0.0921813917741544,0.7255555555555555,145
inception_full__b5_star_fixed10,participant_outer_oof,participant,one_vs_rest,0,44,0.47,0.8,0.0920258730423388,0.7255555555555555,145
inception_full__b5_star_fixed10,participant_outer_oof,participant,one_vs_rest,0,45,0.48,0.8,0.09005527910691812,0.7255555555555555,145
inception_full__b5_star_fixed10,participant_outer_oof,participant,one_vs_rest,0,46,0.48,0.8222222222222222,0.07151644240081924,0.7255555555555555,145
inception_full__b5_star_fixed10,participant_outer_oof,participant,one_vs_rest,0,47,0.49,0.8222222222222222,0.06596118128736052,0.7255555555555555,145
inception_full__b5_star_fixed10,participant_outer_oof,participant,one_vs_rest,0,48,0.49,0.8444444444444444,0.06171543210061956,0.7255555555555555,145
inception_full__b5_star_fixed10,participant_outer_oof,participant,one_vs_rest,0,49,0.59,0.8444444444444444,0.028923588755532532,0.7255555555555555,145
inception_full__b5_star_fixed10,participant_outer_oof,participant,one_vs_rest,0,50,0.59,0.8666666666666667,0.02777017455233006,0.7255555555555555,145
inception_full__b5_star_fixed10,participant_outer_oof,participant,one_vs_rest,0,51,0.61,0.8666666666666667,0.026582596106256507,0.7255555555555555,145
inception_full__b5_star_fixed10,participant_outer_oof,participant,one_vs_rest,0,52,0.61,0.8888888888888888,0.025963967010784426,0.7255555555555555,145
inception_full__b5_star_fixed10,participant_outer_oof,participant,one_vs_rest,0,53,0.76,0.8888888888888888,0.007968563429143182,0.7255555555555555,145
inception_full__b5_star_fixed10,participant_outer_oof,participant,one_vs_rest,0,54,0.76,0.9111111111111111,0.007768322792376983,0.7255555555555555,145
inception_full__b5_star_fixed10,participant_outer_oof,participant,one_vs_rest,0,55,0.78,0.9111111111111111,0.005881370539856776,0.7255555555555555,145
inception_full__b5_star_fixed10,participant_outer_oof,participant,one_vs_rest,0,56,0.78,0.9333333333333333,0.004872086685610438,0.7255555555555555,145
inception_full__b5_star_fixed10,participant_outer_oof,participant,one_vs_rest,0,57,0.81,0.9333333333333333,0.0022699890554510513,0.7255555555555555,145
inception_full__b5_star_fixed10,participant_outer_oof,participant,one_vs_rest,0,58,0.81,0.9555555555555556,0.0014233382999082782,0.7255555555555555,145
inception_full__b5_star_fixed10,participant_outer_oof,participant,one_vs_rest,0,59,0.84,0.9555555555555556,0.0008999699921330514,0.7255555555555555,145
inception_full__b5_star_fixed10,participant_outer_oof,participant,one_vs_rest,0,60,0.84,0.9777777777777777,0.0006771260469287728,0.7255555555555555,145
inception_full__b5_star_fixed10,participant_outer_oof,participant,one_vs_rest,0,61,0.87,0.9777777777777777,0.000247146435860239,0.7255555555555555,145
inception_full__b5_star_fixed10,participant_outer_oof,participant,one_vs_rest,0,62,0.87,1.0,0.0002101904143893692,0.7255555555555555,145
inception_full__b5_star_fixed10,participant_outer_oof,participant,one_vs_rest,0,63,1.0,1.0,8.610783545298358e-09,0.7255555555555555,145
inception_full__b5_star_fixed10,participant_outer_oof,participant,one_vs_rest,1,0,0.0,0.0,,0.536078431372549,145
inception_full__b5_star_fixed10,participant_outer_oof,participant,one_vs_rest,1,1,0.011764705882352941,0.0,0.9957446549551073,0.536078431372549,145
inception_full__b5_star_fixed10,participant_outer_oof,participant,one_vs_rest,1,2,0.011764705882352941,0.016666666666666666,0.9926144511286762,0.536078431372549,145
inception_full__b5_star_fixed10,participant_outer_oof,participant,one_vs_rest,1,3,0.023529411764705882,0.016666666666666666,0.9775254655504819,0.536078431372549,145
inception_full__b5_star_fixed10,participant_outer_oof,participant,one_vs_rest,1,4,0.023529411764705882,0.06666666666666667,0.9705073168313433,0.536078431372549,145
inception_full__b5_star_fixed10,participant_outer_oof,participant,one_vs_rest,1,5,0.047058823529411764,0.06666666666666667,0.9564092761586782,0.536078431372549,145
inception_full__b5_star_fixed10,participant_outer_oof,participant,one_vs_rest,1,6,0.047058823529411764,0.08333333333333333,0.9471201729169083,0.536078431372549,145
inception_full__b5_star_fixed10,participant_outer_oof,participant,one_vs_rest,1,7,0.058823529411764705,0.08333333333333333,0.9382073041598336,0.536078431372549,145
inception_full__b5_star_fixed10,participant_outer_oof,participant,one_vs_rest,1,8,0.058823529411764705,0.1,0.9380673790473525,0.536078431372549,145
inception_full__b5_star_fixed10,participant_outer_oof,participant,one_vs_rest,1,9,0.07058823529411765,0.1,0.9323003131011239,0.536078431372549,145
inception_full__b5_star_fixed10,participant_outer_oof,participant,one_vs_rest,1,10,0.07058823529411765,0.11666666666666667,0.9302335584317927,0.536078431372549,145
inception_full__b5_star_fixed10,participant_outer_oof,participant,one_vs_rest,1,11,0.15294117647058825,0.11666666666666667,0.8767436791674618,0.536078431372549,145
inception_full__b5_star_fixed10,participant_outer_oof,participant,one_vs_rest,1,12,0.15294117647058825,0.13333333333333333,0.8628612943939464,0.536078431372549,145
inception_full__b5_star_fixed10,participant_outer_oof,participant,one_vs_rest,1,13,0.16470588235294117,0.13333333333333333,0.8525182567357703,0.536078431372549,145
inception_full__b5_star_fixed10,participant_outer_oof,participant,one_vs_rest,1,14,0.16470588235294117,0.15,0.8447882843239605,0.536078431372549,145
inception_full__b5_star_fixed10,participant_outer_oof,participant,one_vs_rest,1,15,0.2,0.15,0.8255686036003054,0.536078431372549,145
inception_full__b5_star_fixed10,participant_outer_oof,participant,one_vs_rest,1,16,0.2,0.16666666666666666,0.8244852718075416,0.536078431372549,145
inception_full__b5_star_fixed10,participant_outer_oof,participant,one_vs_rest,1,17,0.21176470588235294,0.16666666666666666,0.8106792376860259,0.536078431372549,145
inception_full__b5_star_fixed10,participant_outer_oof,participant,one_vs_rest,1,18,0.21176470588235294,0.21666666666666667,0.802426722730916,0.536078431372549,145
inception_full__b5_star_fixed10,participant_outer_oof,participant,one_vs_rest,1,19,0.2235294117647059,0.21666666666666667,0.7805618335376512,0.536078431372549,145
inception_full__b5_star_fixed10,participant_outer_oof,participant,one_vs_rest,1,20,0.2235294117647059,0.23333333333333334,0.7481427864083631,0.536078431372549,145
inception_full__b5_star_fixed10,participant_outer_oof,participant,one_vs_rest,1,21,0.23529411764705882,0.23333333333333334,0.7437076788504734,0.536078431372549,145
inception_full__b5_star_fixed10,participant_outer_oof,participant,one_vs_rest,1,22,0.23529411764705882,0.26666666666666666,0.725461990939941,0.536078431372549,145
inception_full__b5_star_fixed10,participant_outer_oof,participant,one_vs_rest,1,23,0.27058823529411763,0.26666666666666666,0.6801483611630051,0.536078431372549,145
inception_full__b5_star_fixed10,participant_outer_oof,participant,one_vs_rest,1,24,0.27058823529411763,0.2833333333333333,0.662025539970157,0.536078431372549,145
inception_full__b5_star_fixed10,participant_outer_oof,participant,one_vs_rest,1,25,0.2823529411764706,0.2833333333333333,0.6577738824489073,0.536078431372549,145
inception_full__b5_star_fixed10,participant_outer_oof,participant,one_vs_rest,1,26,0.2823529411764706,0.3,0.6338237795207721,0.536078431372549,145
inception_full__b5_star_fixed10,participant_outer_oof,participant,one_vs_rest,1,27,0.29411764705882354,0.3,0.623251934423012,0.536078431372549,145
inception_full__b5_star_fixed10,participant_outer_oof,participant,one_vs_rest,1,28,0.29411764705882354,0.31666666666666665,0.6211841825358829,0.536078431372549,145
inception_full__b5_star_fixed10,participant_outer_oof,participant,one_vs_rest,1,29,0.3058823529411765,0.31666666666666665,0.5949739839962376,0.536078431372549,145
inception_full__b5_star_fixed10,participant_outer_oof,participant,one_vs_rest,1,30,0.3058823529411765,0.3333333333333333,0.5888584714078572,0.536078431372549,145
inception_full__b5_star_fixed10,participant_outer_oof,participant,one_vs_rest,1,31,0.38823529411764707,0.3333333333333333,0.5262409767166984,0.536078431372549,145
inception_full__b5_star_fixed10,participant_outer_oof,participant,one_vs_rest,1,32,0.38823529411764707,0.38333333333333336,0.5033148266620748,0.536078431372549,145
inception_full__b5_star_fixed10,participant_outer_oof,participant,one_vs_rest,1,33,0.4,0.38333333333333336,0.4967012877877754,0.536078431372549,145
inception_full__b5_star_fixed10,participant_outer_oof,participant,one_vs_rest,1,34,0.4,0.4166666666666667,0.49533501405190017,0.536078431372549,145
inception_full__b5_star_fixed10,participant_outer_oof,participant,one_vs_rest,1,35,0.4588235294117647,0.4166666666666667,0.4583619703707307,0.536078431372549,145
inception_full__b5_star_fixed10,participant_outer_oof,participant,one_vs_rest,1,36,0.4588235294117647,0.43333333333333335,0.4423322673066089,0.536078431372549,145
inception_full__b5_star_fixed10,participant_outer_oof,participant,one_vs_rest,1,37,0.47058823529411764,0.43333333333333335,0.44225049126532123,0.536078431372549,145
inception_full__b5_star_fixed10,participant_outer_oof,participant,one_vs_rest,1,38,0.47058823529411764,0.48333333333333334,0.3875651838542448,0.536078431372549,145
inception_full__b5_star_fixed10,participant_outer_oof,participant,one_vs_rest,1,39,0.4823529411764706,0.48333333333333334,0.3825810638375925,0.536078431372549,145
inception_full__b5_star_fixed10,participant_outer_oof,participant,one_vs_rest,1,40,0.4823529411764706,0.5,0.37947194093353176,0.536078431372549,145
inception_full__b5_star_fixed10,participant_outer_oof,participant,one_vs_rest,1,41,0.49411764705882355,0.5,0.37332035595931834,0.536078431372549,145
inception_full__b5_star_fixed10,participant_outer_oof,participant,one_vs_rest,1,42,0.49411764705882355,0.55,0.3200969770728103,0.536078431372549,145
inception_full__b5_star_fixed10,participant_outer_oof,participant,one_vs_rest,1,43,0.5058823529411764,0.55,0.3135988641112104,0.536078431372549,145
inception_full__b5_star_fixed10,participant_outer_oof,participant,one_vs_rest,1,44,0.5058823529411764,0.5833333333333334,0.30178979200620343,0.536078431372549,145
inception_full__b5_star_fixed10,participant_outer_oof,participant,one_vs_rest,1,45,0.5176470588235295,0.5833333333333334,0.2973371184660306,0.536078431372549,145
inception_full__b5_star_fixed10,participant_outer_oof,participant,one_vs_rest,1,46,0.5176470588235295,0.6,0.29674671021451493,0.536078431372549,145
inception_full__b5_star_fixed10,participant_outer_oof,participant,one_vs_rest,1,47,0.5411764705882353,0.6,0.28519258386234947,0.536078431372549,145
inception_full__b5_star_fixed10,participant_outer_oof,participant,one_vs_rest,1,48,0.5411764705882353,0.6166666666666667,0.2781653818103174,0.536078431372549,145
inception_full__b5_star_fixed10,participant_outer_oof,participant,one_vs_rest,1,49,0.5647058823529412,0.6166666666666667,0.26168958089500716,0.536078431372549,145
inception_full__b5_star_fixed10,participant_outer_oof,participant,one_vs_rest,1,50,0.5647058823529412,0.6666666666666666,0.23637773177655666,0.536078431372549,145
inception_full__b5_star_fixed10,participant_outer_oof,participant,one_vs_rest,1,51,0.6470588235294118,0.6666666666666666,0.166247785284716,0.536078431372549,145
inception_full__b5_star_fixed10,participant_outer_oof,participant,one_vs_rest,1,52,0.6470588235294118,0.7,0.15924525699691175,0.536078431372549,145
inception_full__b5_star_fixed10,participant_outer_oof,participant,one_vs_rest,1,53,0.6588235294117647,0.7,0.15445088389273354,0.536078431372549,145
inception_full__b5_star_fixed10,participant_outer_oof,participant,one_vs_rest,1,54,0.6588235294117647,0.7333333333333333,0.1416004532877207,0.536078431372549,145
inception_full__b5_star_fixed10,participant_outer_oof,participant,one_vs_rest,1,55,0.6941176470588235,0.7333333333333333,0.13032383601786873,0.536078431372549,145
inception_full__b5_star_fixed10,participant_outer_oof,participant,one_vs_rest,1,56,0.6941176470588235,0.7833333333333333,0.10823615474494942,0.536078431372549,145
inception_full__b5_star_fixed10,participant_outer_oof,participant,one_vs_rest,1,57,0.7176470588235294,0.7833333333333333,0.0960876784767559,0.536078431372549,145
inception_full__b5_star_fixed10,participant_outer_oof,participant,one_vs_rest,1,58,0.7176470588235294,0.8333333333333334,0.07487744127809995,0.536078431372549,145
inception_full__b5_star_fixed10,participant_outer_oof,participant,one_vs_rest,1,59,0.7411764705882353,0.8333333333333334,0.07211228666019724,0.536078431372549,145
inception_full__b5_star_fixed10,participant_outer_oof,participant,one_vs_rest,1,60,0.7411764705882353,0.85,0.07178301802077873,0.536078431372549,145
inception_full__b5_star_fixed10,participant_outer_oof,participant,one_vs_rest,1,61,0.7647058823529411,0.85,0.06876714382386391,0.536078431372549,145
inception_full__b5_star_fixed10,participant_outer_oof,participant,one_vs_rest,1,62,0.7647058823529411,0.8833333333333333,0.06091719802045552,0.536078431372549,145
inception_full__b5_star_fixed10,participant_outer_oof,participant,one_vs_rest,1,63,0.788235294117647,0.8833333333333333,0.039763214480506216,0.536078431372549,145
inception_full__b5_star_fixed10,participant_outer_oof,participant,one_vs_rest,1,64,0.788235294117647,0.9,0.029067997559803733,0.536078431372549,145
inception_full__b5_star_fixed10,participant_outer_oof,participant,one_vs_rest,1,65,0.8117647058823529,0.9,0.024556864055993746,0.536078431372549,145
inception_full__b5_star_fixed10,participant_outer_oof,participant,one_vs_rest,1,66,0.8117647058823529,0.9166666666666666,0.023831634184836675,0.536078431372549,145
inception_full__b5_star_fixed10,participant_outer_oof,participant,one_vs_rest,1,67,0.8470588235294118,0.9166666666666666,0.01778029023676756,0.536078431372549,145
inception_full__b5_star_fixed10,participant_outer_oof,participant,one_vs_rest,1,68,0.8470588235294118,0.95,0.01563431418277571,0.536078431372549,145
inception_full__b5_star_fixed10,participant_outer_oof,participant,one_vs_rest,1,69,0.8588235294117647,0.95,0.008948170697741627,0.536078431372549,145
inception_full__b5_star_fixed10,participant_outer_oof,participant,one_vs_rest,1,70,0.8588235294117647,0.9666666666666667,0.007330014493929919,0.536078431372549,145
inception_full__b5_star_fixed10,participant_outer_oof,participant,one_vs_rest,1,71,0.8705882352941177,0.9666666666666667,0.0052524407476177756,0.536078431372549,145
inception_full__b5_star_fixed10,participant_outer_oof,participant,one_vs_rest,1,72,0.8705882352941177,1.0,0.004026515173447183,0.536078431372549,145
inception_full__b5_star_fixed10,participant_outer_oof,participant,one_vs_rest,1,73,1.0,1.0,1.2763225906812654e-07,0.536078431372549,145
inception_full__b5_star_fixed10,participant_outer_oof,participant,one_vs_rest,2,0,0.0,0.0,,0.8297619047619048,145
inception_full__b5_star_fixed10,participant_outer_oof,participant,one_vs_rest,2,1,0.0,0.025,0.9999946318280946,0.8297619047619048,145
inception_full__b5_star_fixed10,participant_outer_oof,participant,one_vs_rest,2,2,0.0,0.2,0.9783548154773237,0.8297619047619048,145
inception_full__b5_star_fixed10,participant_outer_oof,participant,one_vs_rest,2,3,0.01904761904761905,0.2,0.9740906821389124,0.8297619047619048,145
inception_full__b5_star_fixed10,participant_outer_oof,participant,one_vs_rest,2,4,0.01904761904761905,0.225,0.9695532397758511,0.8297619047619048,145
inception_full__b5_star_fixed10,participant_outer_oof,participant,one_vs_rest,2,5,0.02857142857142857,0.225,0.9629062572389054,0.8297619047619048,145
inception_full__b5_star_fixed10,participant_outer_oof,participant,one_vs_rest,2,6,0.02857142857142857,0.3,0.898870437528104,0.8297619047619048,145
inception_full__b5_star_fixed10,participant_outer_oof,participant,one_vs_rest,2,7,0.0380952380952381,0.3,0.8932568225443249,0.8297619047619048,145
inception_full__b5_star_fixed10,participant_outer_oof,participant,one_vs_rest,2,8,0.0380952380952381,0.475,0.7966948556768304,0.8297619047619048,145
inception_full__b5_star_fixed10,participant_outer_oof,participant,one_vs_rest,2,9,0.05714285714285714,0.475,0.7747935617157278,0.8297619047619048,145
inception_full__b5_star_fixed10,participant_outer_oof,participant,one_vs_rest,2,10,0.05714285714285714,0.5,0.7365234342929557,0.8297619047619048,145
inception_full__b5_star_fixed10,participant_outer_oof,participant,one_vs_rest,2,11,0.06666666666666667,0.5,0.7269572219683049,0.8297619047619048,145
inception_full__b5_star_fixed10,participant_outer_oof,participant,one_vs_rest,2,12,0.06666666666666667,0.525,0.7225347552773773,0.8297619047619048,145
inception_full__b5_star_fixed10,participant_outer_oof,participant,one_vs_rest,2,13,0.13333333333333333,0.525,0.5346537709983429,0.8297619047619048,145
inception_full__b5_star_fixed10,participant_outer_oof,participant,one_vs_rest,2,14,0.13333333333333333,0.55,0.5266862416148863,0.8297619047619048,145
inception_full__b5_star_fixed10,participant_outer_oof,participant,one_vs_rest,2,15,0.14285714285714285,0.55,0.5213451111976751,0.8297619047619048,145
inception_full__b5_star_fixed10,participant_outer_oof,participant,one_vs_rest,2,16,0.14285714285714285,0.575,0.519679967468962,0.8297619047619048,145
inception_full__b5_star_fixed10,participant_outer_oof,participant,one_vs_rest,2,17,0.1523809523809524,0.575,0.5103623648722021,0.8297619047619048,145
inception_full__b5_star_fixed10,participant_outer_oof,participant,one_vs_rest,2,18,0.1523809523809524,0.6,0.507503388244428,0.8297619047619048,145
inception_full__b5_star_fixed10,participant_outer_oof,participant,one_vs_rest,2,19,0.1619047619047619,0.6,0.47865921631588,0.8297619047619048,145
inception_full__b5_star_fixed10,participant_outer_oof,participant,one_vs_rest,2,20,0.1619047619047619,0.65,0.46592048610913855,0.8297619047619048,145
inception_full__b5_star_fixed10,participant_outer_oof,participant,one_vs_rest,2,21,0.18095238095238095,0.65,0.45260921152874134,0.8297619047619048,145
inception_full__b5_star_fixed10,participant_outer_oof,participant,one_vs_rest,2,22,0.18095238095238095,0.675,0.45195082079148613,0.8297619047619048,145
inception_full__b5_star_fixed10,participant_outer_oof,participant,one_vs_rest,2,23,0.2,0.675,0.4111268261141496,0.8297619047619048,145
inception_full__b5_star_fixed10,participant_outer_oof,participant,one_vs_rest,2,24,0.2,0.7,0.3791657951314,0.8297619047619048,145
inception_full__b5_star_fixed10,participant_outer_oof,participant,one_vs_rest,2,25,0.26666666666666666,0.7,0.2357043526346271,0.8297619047619048,145
inception_full__b5_star_fixed10,participant_outer_oof,participant,one_vs_rest,2,26,0.26666666666666666,0.725,0.21919102002648866,0.8297619047619048,145
inception_full__b5_star_fixed10,participant_outer_oof,participant,one_vs_rest,2,27,0.29523809523809524,0.725,0.19636146282072775,0.8297619047619048,145
inception_full__b5_star_fixed10,participant_outer_oof,participant,one_vs_rest,2,28,0.29523809523809524,0.75,0.18931458087038483,0.8297619047619048,145
inception_full__b5_star_fixed10,participant_outer_oof,participant,one_vs_rest,2,29,0.3047619047619048,0.75,0.17914752897770758,0.8297619047619048,145
inception_full__b5_star_fixed10,participant_outer_oof,participant,one_vs_rest,2,30,0.3047619047619048,0.775,0.1612338900013349,0.8297619047619048,145
inception_full__b5_star_fixed10,participant_outer_oof,participant,one_vs_rest,2,31,0.3523809523809524,0.775,0.12727412908659358,0.8297619047619048,145
inception_full__b5_star_fixed10,participant_outer_oof,participant,one_vs_rest,2,32,0.3523809523809524,0.8,0.12323648634023063,0.8297619047619048,145
inception_full__b5_star_fixed10,participant_outer_oof,participant,one_vs_rest,2,33,0.4,0.8,0.09406621993040873,0.8297619047619048,145
inception_full__b5_star_fixed10,participant_outer_oof,participant,one_vs_rest,2,34,0.4,0.85,0.08512849419650989,0.8297619047619048,145
inception_full__b5_star_fixed10,participant_outer_oof,participant,one_vs_rest,2,35,0.4095238095238095,0.85,0.08284531504135251,0.8297619047619048,145
inception_full__b5_star_fixed10,participant_outer_oof,participant,one_vs_rest,2,36,0.4095238095238095,0.875,0.07907153722087477,0.8297619047619048,145
inception_full__b5_star_fixed10,participant_outer_oof,participant,one_vs_rest,2,37,0.45714285714285713,0.875,0.059448280293846356,0.8297619047619048,145
inception_full__b5_star_fixed10,participant_outer_oof,participant,one_vs_rest,2,38,0.45714285714285713,0.9,0.058170776118707426,0.8297619047619048,145
inception_full__b5_star_fixed10,participant_outer_oof,participant,one_vs_rest,2,39,0.47619047619047616,0.9,0.04734202641536768,0.8297619047619048,145
inception_full__b5_star_fixed10,participant_outer_oof,participant,one_vs_rest,2,40,0.47619047619047616,0.925,0.04728808116985522,0.8297619047619048,145
inception_full__b5_star_fixed10,participant_outer_oof,participant,one_vs_rest,2,41,0.49523809523809526,0.925,0.045092300422265454,0.8297619047619048,145
inception_full__b5_star_fixed10,participant_outer_oof,participant,one_vs_rest,2,42,0.49523809523809526,0.95,0.044779405024343834,0.8297619047619048,145
inception_full__b5_star_fixed10,participant_outer_oof,participant,one_vs_rest,2,43,0.5904761904761905,0.95,0.021797408402589355,0.8297619047619048,145
inception_full__b5_star_fixed10,participant_outer_oof,participant,one_vs_rest,2,44,0.5904761904761905,0.975,0.020187123244372097,0.8297619047619048,145
inception_full__b5_star_fixed10,participant_outer_oof,participant,one_vs_rest,2,45,0.7333333333333333,0.975,0.004405969851649844,0.8297619047619048,145
inception_full__b5_star_fixed10,participant_outer_oof,participant,one_vs_rest,2,46,0.7333333333333333,1.0,0.004366541672261087,0.8297619047619048,145
inception_full__b5_star_fixed10,participant_outer_oof,participant,one_vs_rest,2,47,1.0,1.0,2.485716474009355e-06,0.8297619047619048,145
inception_full__b5_star_fixed10,participant_outer_oof,participant,macro_average_ovr,macro,0,0.0,0.11111111111111112,,0.6980185185185185,145
inception_full__b5_star_fixed10,participant_outer_oof,participant,macro_average_ovr,macro,1,0.005,0.11111111111111112,,0.6980185185185185,145
inception_full__b5_star_fixed10,participant_outer_oof,participant,macro_average_ovr,macro,2,0.01,0.1259259259259259,,0.6980185185185185,145
inception_full__b5_star_fixed10,participant_outer_oof,participant,macro_average_ovr,macro,3,0.015,0.1314814814814815,,0.6980185185185185,145
inception_full__b5_star_fixed10,participant_outer_oof,participant,macro_average_ovr,macro,4,0.02,0.1398148148148148,,0.6980185185185185,145
inception_full__b5_star_fixed10,participant_outer_oof,participant,macro_average_ovr,macro,5,0.025,0.15648148148148147,,0.6980185185185185,145
inception_full__b5_star_fixed10,participant_outer_oof,participant,macro_average_ovr,macro,6,0.03,0.1814814814814815,,0.6980185185185185,145
inception_full__b5_star_fixed10,participant_outer_oof,participant,macro_average_ovr,macro,7,0.035,0.1814814814814815,,0.6980185185185185,145
inception_full__b5_star_fixed10,participant_outer_oof,participant,macro_average_ovr,macro,8,0.04,0.24722222222222223,,0.6980185185185185,145
inception_full__b5_star_fixed10,participant_outer_oof,participant,macro_average_ovr,macro,9,0.045,0.24722222222222223,,0.6980185185185185,145
inception_full__b5_star_fixed10,participant_outer_oof,participant,macro_average_ovr,macro,10,0.05,0.26018518518518513,,0.6980185185185185,145
inception_full__b5_star_fixed10,participant_outer_oof,participant,macro_average_ovr,macro,11,0.055,0.26018518518518513,,0.6980185185185185,145
inception_full__b5_star_fixed10,participant_outer_oof,participant,macro_average_ovr,macro,12,0.06,0.2814814814814815,,0.6980185185185185,145
inception_full__b5_star_fixed10,participant_outer_oof,participant,macro_average_ovr,macro,13,0.065,0.2814814814814815,,0.6980185185185185,145
inception_full__b5_star_fixed10,participant_outer_oof,participant,macro_average_ovr,macro,14,0.07,0.2898148148148148,,0.6980185185185185,145
inception_full__b5_star_fixed10,participant_outer_oof,participant,macro_average_ovr,macro,15,0.075,0.29537037037037034,,0.6980185185185185,145
inception_full__b5_star_fixed10,participant_outer_oof,participant,macro_average_ovr,macro,16,0.08,0.29537037037037034,,0.6980185185185185,145
inception_full__b5_star_fixed10,participant_outer_oof,participant,macro_average_ovr,macro,17,0.085,0.29537037037037034,,0.6980185185185185,145
inception_full__b5_star_fixed10,participant_outer_oof,participant,macro_average_ovr,macro,18,0.09,0.3175925925925926,,0.6980185185185185,145
inception_full__b5_star_fixed10,participant_outer_oof,participant,macro_average_ovr,macro,19,0.095,0.3175925925925926,,0.6980185185185185,145
inception_full__b5_star_fixed10,participant_outer_oof,participant,macro_average_ovr,macro,20,0.1,0.3175925925925926,,0.6980185185185185,145
inception_full__b5_star_fixed10,participant_outer_oof,participant,macro_average_ovr,macro,21,0.105,0.3175925925925926,,0.6980185185185185,145
inception_full__b5_star_fixed10,participant_outer_oof,participant,macro_average_ovr,macro,22,0.11,0.33240740740740743,,0.6980185185185185,145
inception_full__b5_star_fixed10,participant_outer_oof,participant,macro_average_ovr,macro,23,0.115,0.33240740740740743,,0.6980185185185185,145
inception_full__b5_star_fixed10,participant_outer_oof,participant,macro_average_ovr,macro,24,0.12,0.3398148148148148,,0.6980185185185185,145
inception_full__b5_star_fixed10,participant_outer_oof,participant,macro_average_ovr,macro,25,0.125,0.3398148148148148,,0.6980185185185185,145
inception_full__b5_star_fixed10,participant_outer_oof,participant,macro_average_ovr,macro,26,0.13,0.3398148148148148,,0.6980185185185185,145
inception_full__b5_star_fixed10,participant_outer_oof,participant,macro_average_ovr,macro,27,0.135,0.34814814814814815,,0.6980185185185185,145
inception_full__b5_star_fixed10,participant_outer_oof,participant,macro_average_ovr,macro,28,0.14,0.362962962962963,,0.6980185185185185,145
inception_full__b5_star_fixed10,participant_outer_oof,participant,macro_average_ovr,macro,29,0.145,0.3712962962962963,,0.6980185185185185,145
inception_full__b5_star_fixed10,participant_outer_oof,participant,macro_average_ovr,macro,30,0.15,0.3712962962962963,,0.6980185185185185,145
inception_full__b5_star_fixed10,participant_outer_oof,participant,macro_average_ovr,macro,31,0.155,0.38518518518518513,,0.6980185185185185,145
inception_full__b5_star_fixed10,participant_outer_oof,participant,macro_average_ovr,macro,32,0.16,0.39999999999999997,,0.6980185185185185,145
inception_full__b5_star_fixed10,participant_outer_oof,participant,macro_average_ovr,macro,33,0.165,0.4222222222222222,,0.6980185185185185,145
inception_full__b5_star_fixed10,participant_outer_oof,participant,macro_average_ovr,macro,34,0.17,0.4296296296296296,,0.6980185185185185,145
inception_full__b5_star_fixed10,participant_outer_oof,participant,macro_average_ovr,macro,35,0.17500000000000002,0.4296296296296296,,0.6980185185185185,145
inception_full__b5_star_fixed10,participant_outer_oof,participant,macro_average_ovr,macro,36,0.18,0.43703703703703706,,0.6980185185185185,145
inception_full__b5_star_fixed10,participant_outer_oof,participant,macro_average_ovr,macro,37,0.185,0.4453703703703704,,0.6980185185185185,145
inception_full__b5_star_fixed10,participant_outer_oof,participant,macro_average_ovr,macro,38,0.19,0.4453703703703704,,0.6980185185185185,145
inception_full__b5_star_fixed10,participant_outer_oof,participant,macro_average_ovr,macro,39,0.195,0.4453703703703704,,0.6980185185185185,145
inception_full__b5_star_fixed10,participant_outer_oof,participant,macro_average_ovr,macro,40,0.2,0.45925925925925926,,0.6980185185185185,145
inception_full__b5_star_fixed10,participant_outer_oof,participant,macro_average_ovr,macro,41,0.20500000000000002,0.45925925925925926,,0.6980185185185185,145
inception_full__b5_star_fixed10,participant_outer_oof,participant,macro_average_ovr,macro,42,0.21,0.4666666666666666,,0.6980185185185185,145
inception_full__b5_star_fixed10,participant_outer_oof,participant,macro_average_ovr,macro,43,0.215,0.48333333333333334,,0.6980185185185185,145
inception_full__b5_star_fixed10,participant_outer_oof,participant,macro_average_ovr,macro,44,0.22,0.48333333333333334,,0.6980185185185185,145
inception_full__b5_star_fixed10,participant_outer_oof,participant,macro_average_ovr,macro,45,0.225,0.4888888888888889,,0.6980185185185185,145
inception_full__b5_star_fixed10,participant_outer_oof,participant,macro_average_ovr,macro,46,0.23,0.4888888888888889,,0.6980185185185185,145
inception_full__b5_star_fixed10,participant_outer_oof,participant,macro_average_ovr,macro,47,0.23500000000000001,0.4888888888888889,,0.6980185185185185,145
inception_full__b5_star_fixed10,participant_outer_oof,participant,macro_average_ovr,macro,48,0.24,0.5,,0.6980185185185185,145
inception_full__b5_star_fixed10,participant_outer_oof,participant,macro_average_ovr,macro,49,0.245,0.5,,0.6980185185185185,145
inception_full__b5_star_fixed10,participant_outer_oof,participant,macro_average_ovr,macro,50,0.25,0.5,,0.6980185185185185,145
inception_full__b5_star_fixed10,participant_outer_oof,participant,macro_average_ovr,macro,51,0.255,0.5,,0.6980185185185185,145
inception_full__b5_star_fixed10,participant_outer_oof,participant,macro_average_ovr,macro,52,0.26,0.5148148148148147,,0.6980185185185185,145
inception_full__b5_star_fixed10,participant_outer_oof,participant,macro_average_ovr,macro,53,0.265,0.5148148148148147,,0.6980185185185185,145
inception_full__b5_star_fixed10,participant_outer_oof,participant,macro_average_ovr,macro,54,0.27,0.5305555555555556,,0.6980185185185185,145
inception_full__b5_star_fixed10,participant_outer_oof,participant,macro_average_ovr,macro,55,0.275,0.5361111111111111,,0.6980185185185185,145
inception_full__b5_star_fixed10,participant_outer_oof,participant,macro_average_ovr,macro,56,0.28,0.5361111111111111,,0.6980185185185185,145
inception_full__b5_star_fixed10,participant_outer_oof,participant,macro_average_ovr,macro,57,0.28500000000000003,0.5416666666666666,,0.6980185185185185,145
inception_full__b5_star_fixed10,participant_outer_oof,participant,macro_average_ovr,macro,58,0.29,0.5416666666666666,,0.6980185185185185,145
inception_full__b5_star_fixed10,participant_outer_oof,participant,macro_average_ovr,macro,59,0.295,0.5472222222222222,,0.6980185185185185,145
inception_full__b5_star_fixed10,participant_outer_oof,participant,macro_average_ovr,macro,60,0.3,0.5703703703703704,,0.6980185185185185,145
inception_full__b5_star_fixed10,participant_outer_oof,participant,macro_average_ovr,macro,61,0.305,0.5787037037037037,,0.6980185185185185,145
inception_full__b5_star_fixed10,participant_outer_oof,participant,macro_average_ovr,macro,62,0.31,0.5842592592592593,,0.6980185185185185,145
inception_full__b5_star_fixed10,participant_outer_oof,participant,macro_average_ovr,macro,63,0.315,0.5842592592592593,,0.6980185185185185,145
inception_full__b5_star_fixed10,participant_outer_oof,participant,macro_average_ovr,macro,64,0.32,0.5916666666666667,,0.6980185185185185,145
inception_full__b5_star_fixed10,participant_outer_oof,participant,macro_average_ovr,macro,65,0.325,0.5916666666666667,,0.6980185185185185,145
inception_full__b5_star_fixed10,participant_outer_oof,participant,macro_average_ovr,macro,66,0.33,0.5916666666666667,,0.6980185185185185,145
inception_full__b5_star_fixed10,participant_outer_oof,participant,macro_average_ovr,macro,67,0.335,0.5916666666666667,,0.6980185185185185,145
inception_full__b5_star_fixed10,participant_outer_oof,participant,macro_average_ovr,macro,68,0.34,0.599074074074074,,0.6980185185185185,145
inception_full__b5_star_fixed10,participant_outer_oof,participant,macro_average_ovr,macro,69,0.34500000000000003,0.599074074074074,,0.6980185185185185,145
inception_full__b5_star_fixed10,participant_outer_oof,participant,macro_average_ovr,macro,70,0.35000000000000003,0.599074074074074,,0.6980185185185185,145
inception_full__b5_star_fixed10,participant_outer_oof,participant,macro_average_ovr,macro,71,0.355,0.6074074074074074,,0.6980185185185185,145
inception_full__b5_star_fixed10,participant_outer_oof,participant,macro_average_ovr,macro,72,0.36,0.6074074074074074,,0.6980185185185185,145
inception_full__b5_star_fixed10,participant_outer_oof,participant,macro_average_ovr,macro,73,0.365,0.6074074074074074,,0.6980185185185185,145
inception_full__b5_star_fixed10,participant_outer_oof,participant,macro_average_ovr,macro,74,0.37,0.6074074074074074,,0.6980185185185185,145
inception_full__b5_star_fixed10,participant_outer_oof,participant,macro_average_ovr,macro,75,0.375,0.6074074074074074,,0.6980185185185185,145
inception_full__b5_star_fixed10,participant_outer_oof,participant,macro_average_ovr,macro,76,0.38,0.6074074074074074,,0.6980185185185185,145
inception_full__b5_star_fixed10,participant_outer_oof,participant,macro_average_ovr,macro,77,0.385,0.6074074074074074,,0.6980185185185185,145
inception_full__b5_star_fixed10,participant_outer_oof,participant,macro_average_ovr,macro,78,0.39,0.6314814814814815,,0.6980185185185185,145
inception_full__b5_star_fixed10,participant_outer_oof,participant,macro_average_ovr,macro,79,0.395,0.6314814814814815,,0.6980185185185185,145
inception_full__b5_star_fixed10,participant_outer_oof,participant,macro_average_ovr,macro,80,0.4,0.6592592592592593,,0.6980185185185185,145
inception_full__b5_star_fixed10,participant_outer_oof,participant,macro_average_ovr,macro,81,0.405,0.6592592592592593,,0.6980185185185185,145
inception_full__b5_star_fixed10,participant_outer_oof,participant,macro_average_ovr,macro,82,0.41000000000000003,0.6824074074074075,,0.6980185185185185,145
inception_full__b5_star_fixed10,participant_outer_oof,participant,macro_average_ovr,macro,83,0.41500000000000004,0.6824074074074075,,0.6980185185185185,145
inception_full__b5_star_fixed10,participant_outer_oof,participant,macro_average_ovr,macro,84,0.42,0.6824074074074075,,0.6980185185185185,145
inception_full__b5_star_fixed10,participant_outer_oof,participant,macro_average_ovr,macro,85,0.425,0.6824074074074075,,0.6980185185185185,145
inception_full__b5_star_fixed10,participant_outer_oof,participant,macro_average_ovr,macro,86,0.43,0.6824074074074075,,0.6980185185185185,145
inception_full__b5_star_fixed10,participant_outer_oof,participant,macro_average_ovr,macro,87,0.435,0.6824074074074075,,0.6980185185185185,145
inception_full__b5_star_fixed10,participant_outer_oof,participant,macro_average_ovr,macro,88,0.44,0.6824074074074075,,0.6980185185185185,145
inception_full__b5_star_fixed10,participant_outer_oof,participant,macro_average_ovr,macro,89,0.445,0.6824074074074075,,0.6980185185185185,145
inception_full__b5_star_fixed10,participant_outer_oof,participant,macro_average_ovr,macro,90,0.45,0.6898148148148149,,0.6980185185185185,145
inception_full__b5_star_fixed10,participant_outer_oof,participant,macro_average_ovr,macro,91,0.455,0.6898148148148149,,0.6980185185185185,145
inception_full__b5_star_fixed10,participant_outer_oof,participant,macro_average_ovr,macro,92,0.46,0.7037037037037037,,0.6980185185185185,145
inception_full__b5_star_fixed10,participant_outer_oof,participant,macro_average_ovr,macro,93,0.465,0.7037037037037037,,0.6980185185185185,145
inception_full__b5_star_fixed10,participant_outer_oof,participant,macro_average_ovr,macro,94,0.47000000000000003,0.7111111111111111,,0.6980185185185185,145
inception_full__b5_star_fixed10,participant_outer_oof,participant,macro_average_ovr,macro,95,0.47500000000000003,0.7277777777777779,,0.6980185185185185,145
inception_full__b5_star_fixed10,participant_outer_oof,participant,macro_average_ovr,macro,96,0.48,0.7435185185185186,,0.6980185185185185,145
inception_full__b5_star_fixed10,participant_outer_oof,participant,macro_average_ovr,macro,97,0.485,0.7490740740740741,,0.6980185185185185,145
inception_full__b5_star_fixed10,participant_outer_oof,participant,macro_average_ovr,macro,98,0.49,0.7564814814814816,,0.6980185185185185,145
inception_full__b5_star_fixed10,participant_outer_oof,participant,macro_average_ovr,macro,99,0.495,0.7731481481481483,,0.6980185185185185,145
inception_full__b5_star_fixed10,participant_outer_oof,participant,macro_average_ovr,macro,100,0.5,0.7814814814814813,,0.6980185185185185,145
inception_full__b5_star_fixed10,participant_outer_oof,participant,macro_average_ovr,macro,101,0.505,0.7814814814814813,,0.6980185185185185,145
inception_full__b5_star_fixed10,participant_outer_oof,participant,macro_average_ovr,macro,102,0.51,0.7925925925925926,,0.6980185185185185,145
inception_full__b5_star_fixed10,participant_outer_oof,participant,macro_average_ovr,macro,103,0.515,0.7925925925925926,,0.6980185185185185,145
inception_full__b5_star_fixed10,participant_outer_oof,participant,macro_average_ovr,macro,104,0.52,0.7981481481481482,,0.6980185185185185,145
inception_full__b5_star_fixed10,participant_outer_oof,participant,macro_average_ovr,macro,105,0.525,0.7981481481481482,,0.6980185185185185,145
inception_full__b5_star_fixed10,participant_outer_oof,participant,macro_average_ovr,macro,106,0.53,0.7981481481481482,,0.6980185185185185,145
inception_full__b5_star_fixed10,participant_outer_oof,participant,macro_average_ovr,macro,107,0.535,0.7981481481481482,,0.6980185185185185,145
inception_full__b5_star_fixed10,participant_outer_oof,participant,macro_average_ovr,macro,108,0.54,0.7981481481481482,,0.6980185185185185,145
inception_full__b5_star_fixed10,participant_outer_oof,participant,macro_average_ovr,macro,109,0.545,0.8037037037037038,,0.6980185185185185,145
inception_full__b5_star_fixed10,participant_outer_oof,participant,macro_average_ovr,macro,110,0.55,0.8037037037037038,,0.6980185185185185,145
inception_full__b5_star_fixed10,participant_outer_oof,participant,macro_average_ovr,macro,111,0.555,0.8037037037037038,,0.6980185185185185,145
inception_full__b5_star_fixed10,participant_outer_oof,participant,macro_average_ovr,macro,112,0.56,0.8037037037037038,,0.6980185185185185,145
inception_full__b5_star_fixed10,participant_outer_oof,participant,macro_average_ovr,macro,113,0.5650000000000001,0.8203703703703704,,0.6980185185185185,145
inception_full__b5_star_fixed10,participant_outer_oof,participant,macro_average_ovr,macro,114,0.5700000000000001,0.8203703703703704,,0.6980185185185185,145
inception_full__b5_star_fixed10,participant_outer_oof,participant,macro_average_ovr,macro,115,0.5750000000000001,0.8203703703703704,,0.6980185185185185,145
inception_full__b5_star_fixed10,participant_outer_oof,participant,macro_average_ovr,macro,116,0.58,0.8203703703703704,,0.6980185185185185,145
inception_full__b5_star_fixed10,participant_outer_oof,participant,macro_average_ovr,macro,117,0.585,0.8203703703703704,,0.6980185185185185,145
inception_full__b5_star_fixed10,participant_outer_oof,participant,macro_average_ovr,macro,118,0.59,0.8277777777777778,,0.6980185185185185,145
inception_full__b5_star_fixed10,participant_outer_oof,participant,macro_average_ovr,macro,119,0.595,0.8361111111111111,,0.6980185185185185,145
inception_full__b5_star_fixed10,participant_outer_oof,participant,macro_average_ovr,macro,120,0.6,0.8361111111111111,,0.6980185185185185,145
inception_full__b5_star_fixed10,participant_outer_oof,participant,macro_average_ovr,macro,121,0.605,0.8361111111111111,,0.6980185185185185,145
inception_full__b5_star_fixed10,participant_outer_oof,participant,macro_average_ovr,macro,122,0.61,0.8435185185185184,,0.6980185185185185,145
inception_full__b5_star_fixed10,participant_outer_oof,participant,macro_average_ovr,macro,123,0.615,0.8435185185185184,,0.6980185185185185,145
inception_full__b5_star_fixed10,participant_outer_oof,participant,macro_average_ovr,macro,124,0.62,0.8435185185185184,,0.6980185185185185,145
inception_full__b5_star_fixed10,participant_outer_oof,participant,macro_average_ovr,macro,125,0.625,0.8435185185185184,,0.6980185185185185,145
inception_full__b5_star_fixed10,participant_outer_oof,participant,macro_average_ovr,macro,126,0.63,0.8435185185185184,,0.6980185185185185,145
inception_full__b5_star_fixed10,participant_outer_oof,participant,macro_average_ovr,macro,127,0.635,0.8435185185185184,,0.6980185185185185,145
inception_full__b5_star_fixed10,participant_outer_oof,participant,macro_average_ovr,macro,128,0.64,0.8435185185185184,,0.6980185185185185,145
inception_full__b5_star_fixed10,participant_outer_oof,participant,macro_average_ovr,macro,129,0.645,0.8435185185185184,,0.6980185185185185,145
inception_full__b5_star_fixed10,participant_outer_oof,participant,macro_average_ovr,macro,130,0.65,0.8546296296296295,,0.6980185185185185,145
inception_full__b5_star_fixed10,participant_outer_oof,participant,macro_average_ovr,macro,131,0.655,0.8546296296296295,,0.6980185185185185,145
inception_full__b5_star_fixed10,participant_outer_oof,participant,macro_average_ovr,macro,132,0.66,0.8657407407407408,,0.6980185185185185,145
inception_full__b5_star_fixed10,participant_outer_oof,participant,macro_average_ovr,macro,133,0.665,0.8657407407407408,,0.6980185185185185,145
inception_full__b5_star_fixed10,participant_outer_oof,participant,macro_average_ovr,macro,134,0.67,0.8657407407407408,,0.6980185185185185,145
inception_full__b5_star_fixed10,participant_outer_oof,participant,macro_average_ovr,macro,135,0.675,0.8657407407407408,,0.6980185185185185,145
inception_full__b5_star_fixed10,participant_outer_oof,participant,macro_average_ovr,macro,136,0.68,0.8657407407407408,,0.6980185185185185,145
inception_full__b5_star_fixed10,participant_outer_oof,participant,macro_average_ovr,macro,137,0.685,0.8657407407407408,,0.6980185185185185,145
inception_full__b5_star_fixed10,participant_outer_oof,participant,macro_average_ovr,macro,138,0.6900000000000001,0.8657407407407408,,0.6980185185185185,145
inception_full__b5_star_fixed10,participant_outer_oof,participant,macro_average_ovr,macro,139,0.6950000000000001,0.8824074074074074,,0.6980185185185185,145
inception_full__b5_star_fixed10,participant_outer_oof,participant,macro_average_ovr,macro,140,0.7000000000000001,0.8824074074074074,,0.6980185185185185,145
inception_full__b5_star_fixed10,participant_outer_oof,participant,macro_average_ovr,macro,141,0.705,0.8824074074074074,,0.6980185185185185,145
inception_full__b5_star_fixed10,participant_outer_oof,participant,macro_average_ovr,macro,142,0.71,0.8824074074074074,,0.6980185185185185,145
inception_full__b5_star_fixed10,participant_outer_oof,participant,macro_average_ovr,macro,143,0.715,0.8824074074074074,,0.6980185185185185,145
inception_full__b5_star_fixed10,participant_outer_oof,participant,macro_average_ovr,macro,144,0.72,0.8990740740740741,,0.6980185185185185,145
inception_full__b5_star_fixed10,participant_outer_oof,participant,macro_average_ovr,macro,145,0.725,0.8990740740740741,,0.6980185185185185,145
inception_full__b5_star_fixed10,participant_outer_oof,participant,macro_average_ovr,macro,146,0.73,0.8990740740740741,,0.6980185185185185,145
inception_full__b5_star_fixed10,participant_outer_oof,participant,macro_average_ovr,macro,147,0.735,0.9074074074074074,,0.6980185185185185,145
inception_full__b5_star_fixed10,participant_outer_oof,participant,macro_average_ovr,macro,148,0.74,0.9074074074074074,,0.6980185185185185,145
inception_full__b5_star_fixed10,participant_outer_oof,participant,macro_average_ovr,macro,149,0.745,0.912962962962963,,0.6980185185185185,145
inception_full__b5_star_fixed10,participant_outer_oof,participant,macro_average_ovr,macro,150,0.75,0.912962962962963,,0.6980185185185185,145
inception_full__b5_star_fixed10,participant_outer_oof,participant,macro_average_ovr,macro,151,0.755,0.912962962962963,,0.6980185185185185,145
inception_full__b5_star_fixed10,participant_outer_oof,participant,macro_average_ovr,macro,152,0.76,0.9203703703703704,,0.6980185185185185,145
inception_full__b5_star_fixed10,participant_outer_oof,participant,macro_average_ovr,macro,153,0.765,0.9314814814814815,,0.6980185185185185,145
inception_full__b5_star_fixed10,participant_outer_oof,participant,macro_average_ovr,macro,154,0.77,0.9314814814814815,,0.6980185185185185,145
inception_full__b5_star_fixed10,participant_outer_oof,participant,macro_average_ovr,macro,155,0.775,0.9314814814814815,,0.6980185185185185,145
inception_full__b5_star_fixed10,participant_outer_oof,participant,macro_average_ovr,macro,156,0.78,0.9388888888888888,,0.6980185185185185,145
inception_full__b5_star_fixed10,participant_outer_oof,participant,macro_average_ovr,macro,157,0.785,0.9388888888888888,,0.6980185185185185,145
inception_full__b5_star_fixed10,participant_outer_oof,participant,macro_average_ovr,macro,158,0.79,0.9444444444444445,,0.6980185185185185,145
inception_full__b5_star_fixed10,participant_outer_oof,participant,macro_average_ovr,macro,159,0.795,0.9444444444444445,,0.6980185185185185,145
inception_full__b5_star_fixed10,participant_outer_oof,participant,macro_average_ovr,macro,160,0.8,0.9444444444444445,,0.6980185185185185,145
inception_full__b5_star_fixed10,participant_outer_oof,participant,macro_average_ovr,macro,161,0.805,0.9444444444444445,,0.6980185185185185,145
inception_full__b5_star_fixed10,participant_outer_oof,participant,macro_average_ovr,macro,162,0.81,0.9518518518518518,,0.6980185185185185,145
inception_full__b5_star_fixed10,participant_outer_oof,participant,macro_average_ovr,macro,163,0.8150000000000001,0.9574074074074074,,0.6980185185185185,145
inception_full__b5_star_fixed10,participant_outer_oof,participant,macro_average_ovr,macro,164,0.8200000000000001,0.9574074074074074,,0.6980185185185185,145
inception_full__b5_star_fixed10,participant_outer_oof,participant,macro_average_ovr,macro,165,0.8250000000000001,0.9574074074074074,,0.6980185185185185,145
inception_full__b5_star_fixed10,participant_outer_oof,participant,macro_average_ovr,macro,166,0.8300000000000001,0.9574074074074074,,0.6980185185185185,145
inception_full__b5_star_fixed10,participant_outer_oof,participant,macro_average_ovr,macro,167,0.835,0.9574074074074074,,0.6980185185185185,145
inception_full__b5_star_fixed10,participant_outer_oof,participant,macro_average_ovr,macro,168,0.84,0.9648148148148148,,0.6980185185185185,145
inception_full__b5_star_fixed10,participant_outer_oof,participant,macro_average_ovr,macro,169,0.845,0.9648148148148148,,0.6980185185185185,145
inception_full__b5_star_fixed10,participant_outer_oof,participant,macro_average_ovr,macro,170,0.85,0.9759259259259259,,0.6980185185185185,145
inception_full__b5_star_fixed10,participant_outer_oof,participant,macro_average_ovr,macro,171,0.855,0.9759259259259259,,0.6980185185185185,145
inception_full__b5_star_fixed10,participant_outer_oof,participant,macro_average_ovr,macro,172,0.86,0.9814814814814815,,0.6980185185185185,145
inception_full__b5_star_fixed10,participant_outer_oof,participant,macro_average_ovr,macro,173,0.865,0.9814814814814815,,0.6980185185185185,145
inception_full__b5_star_fixed10,participant_outer_oof,participant,macro_average_ovr,macro,174,0.87,0.9888888888888889,,0.6980185185185185,145
inception_full__b5_star_fixed10,participant_outer_oof,participant,macro_average_ovr,macro,175,0.875,1.0,,0.6980185185185185,145
inception_full__b5_star_fixed10,participant_outer_oof,participant,macro_average_ovr,macro,176,0.88,1.0,,0.6980185185185185,145
inception_full__b5_star_fixed10,participant_outer_oof,participant,macro_average_ovr,macro,177,0.885,1.0,,0.6980185185185185,145
inception_full__b5_star_fixed10,participant_outer_oof,participant,macro_average_ovr,macro,178,0.89,1.0,,0.6980185185185185,145
inception_full__b5_star_fixed10,participant_outer_oof,participant,macro_average_ovr,macro,179,0.895,1.0,,0.6980185185185185,145
inception_full__b5_star_fixed10,participant_outer_oof,participant,macro_average_ovr,macro,180,0.9,1.0,,0.6980185185185185,145
inception_full__b5_star_fixed10,participant_outer_oof,participant,macro_average_ovr,macro,181,0.905,1.0,,0.6980185185185185,145
inception_full__b5_star_fixed10,participant_outer_oof,participant,macro_average_ovr,macro,182,0.91,1.0,,0.6980185185185185,145
inception_full__b5_star_fixed10,participant_outer_oof,participant,macro_average_ovr,macro,183,0.915,1.0,,0.6980185185185185,145
inception_full__b5_star_fixed10,participant_outer_oof,participant,macro_average_ovr,macro,184,0.92,1.0,,0.6980185185185185,145
inception_full__b5_star_fixed10,participant_outer_oof,participant,macro_average_ovr,macro,185,0.925,1.0,,0.6980185185185185,145
inception_full__b5_star_fixed10,participant_outer_oof,participant,macro_average_ovr,macro,186,0.93,1.0,,0.6980185185185185,145
inception_full__b5_star_fixed10,participant_outer_oof,participant,macro_average_ovr,macro,187,0.935,1.0,,0.6980185185185185,145
inception_full__b5_star_fixed10,participant_outer_oof,participant,macro_average_ovr,macro,188,0.9400000000000001,1.0,,0.6980185185185185,145
inception_full__b5_star_fixed10,participant_outer_oof,participant,macro_average_ovr,macro,189,0.9450000000000001,1.0,,0.6980185185185185,145
inception_full__b5_star_fixed10,participant_outer_oof,participant,macro_average_ovr,macro,190,0.9500000000000001,1.0,,0.6980185185185185,145
inception_full__b5_star_fixed10,participant_outer_oof,participant,macro_average_ovr,macro,191,0.9550000000000001,1.0,,0.6980185185185185,145
inception_full__b5_star_fixed10,participant_outer_oof,participant,macro_average_ovr,macro,192,0.96,1.0,,0.6980185185185185,145
inception_full__b5_star_fixed10,participant_outer_oof,participant,macro_average_ovr,macro,193,0.965,1.0,,0.6980185185185185,145
inception_full__b5_star_fixed10,participant_outer_oof,participant,macro_average_ovr,macro,194,0.97,1.0,,0.6980185185185185,145
inception_full__b5_star_fixed10,participant_outer_oof,participant,macro_average_ovr,macro,195,0.975,1.0,,0.6980185185185185,145
inception_full__b5_star_fixed10,participant_outer_oof,participant,macro_average_ovr,macro,196,0.98,1.0,,0.6980185185185185,145
inception_full__b5_star_fixed10,participant_outer_oof,participant,macro_average_ovr,macro,197,0.985,1.0,,0.6980185185185185,145
inception_full__b5_star_fixed10,participant_outer_oof,participant,macro_average_ovr,macro,198,0.99,1.0,,0.6980185185185185,145
inception_full__b5_star_fixed10,participant_outer_oof,participant,macro_average_ovr,macro,199,0.995,1.0,,0.6980185185185185,145
inception_full__b5_star_fixed10,participant_outer_oof,participant,macro_average_ovr,macro,200,1.0,1.0,,0.6980185185185185,145
inception_full__b6_star_fixed10,participant_outer_oof,participant,one_vs_rest,0,0,0.0,0.0,,0.7724444444444444,145
inception_full__b6_star_fixed10,participant_outer_oof,participant,one_vs_rest,0,1,0.0,0.022222222222222223,0.9999976466021062,0.7724444444444444,145
inception_full__b6_star_fixed10,participant_outer_oof,participant,one_vs_rest,0,2,0.0,0.13333333333333333,0.9754475256911669,0.7724444444444444,145
inception_full__b6_star_fixed10,participant_outer_oof,participant,one_vs_rest,0,3,0.01,0.13333333333333333,0.9171955432740297,0.7724444444444444,145
inception_full__b6_star_fixed10,participant_outer_oof,participant,one_vs_rest,0,4,0.01,0.2,0.8829153628197304,0.7724444444444444,145
inception_full__b6_star_fixed10,participant_outer_oof,participant,one_vs_rest,0,5,0.02,0.2,0.879385957789576,0.7724444444444444,145
inception_full__b6_star_fixed10,participant_outer_oof,participant,one_vs_rest,0,6,0.02,0.24444444444444444,0.8515866327952772,0.7724444444444444,145
inception_full__b6_star_fixed10,participant_outer_oof,participant,one_vs_rest,0,7,0.05,0.24444444444444444,0.8279487357928933,0.7724444444444444,145
inception_full__b6_star_fixed10,participant_outer_oof,participant,one_vs_rest,0,8,0.05,0.28888888888888886,0.8089818512010758,0.7724444444444444,145
inception_full__b6_star_fixed10,participant_outer_oof,participant,one_vs_rest,0,9,0.06,0.28888888888888886,0.8006749306174977,0.7724444444444444,145
inception_full__b6_star_fixed10,participant_outer_oof,participant,one_vs_rest,0,10,0.06,0.3111111111111111,0.7934797769715725,0.7724444444444444,145
inception_full__b6_star_fixed10,participant_outer_oof,participant,one_vs_rest,0,11,0.07,0.3111111111111111,0.783502081971678,0.7724444444444444,145
inception_full__b6_star_fixed10,participant_outer_oof,participant,one_vs_rest,0,12,0.07,0.3333333333333333,0.7715377710495365,0.7724444444444444,145
inception_full__b6_star_fixed10,participant_outer_oof,participant,one_vs_rest,0,13,0.09,0.3333333333333333,0.7488847407100421,0.7724444444444444,145
inception_full__b6_star_fixed10,participant_outer_oof,participant,one_vs_rest,0,14,0.09,0.35555555555555557,0.7467004748036505,0.7724444444444444,145
inception_full__b6_star_fixed10,participant_outer_oof,participant,one_vs_rest,0,15,0.12,0.35555555555555557,0.6894268329400118,0.7724444444444444,145
inception_full__b6_star_fixed10,participant_outer_oof,participant,one_vs_rest,0,16,0.12,0.37777777777777777,0.6882880976918553,0.7724444444444444,145
inception_full__b6_star_fixed10,participant_outer_oof,participant,one_vs_rest,0,17,0.16,0.37777777777777777,0.6651694987877643,0.7724444444444444,145
inception_full__b6_star_fixed10,participant_outer_oof,participant,one_vs_rest,0,18,0.16,0.4888888888888889,0.5736061909540358,0.7724444444444444,145
inception_full__b6_star_fixed10,participant_outer_oof,participant,one_vs_rest,0,19,0.19,0.4888888888888889,0.5331194835157079,0.7724444444444444,145
inception_full__b6_star_fixed10,participant_outer_oof,participant,one_vs_rest,0,20,0.19,0.5111111111111111,0.5248740653240003,0.7724444444444444,145
inception_full__b6_star_fixed10,participant_outer_oof,participant,one_vs_rest,0,21,0.2,0.5111111111111111,0.5145953197072242,0.7724444444444444,145
inception_full__b6_star_fixed10,participant_outer_oof,participant,one_vs_rest,0,22,0.2,0.5333333333333333,0.5118747084377331,0.7724444444444444,145
inception_full__b6_star_fixed10,participant_outer_oof,participant,one_vs_rest,0,23,0.23,0.5333333333333333,0.4779307601208644,0.7724444444444444,145
inception_full__b6_star_fixed10,participant_outer_oof,participant,one_vs_rest,0,24,0.23,0.5777777777777777,0.4443101585972797,0.7724444444444444,145
inception_full__b6_star_fixed10,participant_outer_oof,participant,one_vs_rest,0,25,0.24,0.5777777777777777,0.43347306192221835,0.7724444444444444,145
inception_full__b6_star_fixed10,participant_outer_oof,participant,one_vs_rest,0,26,0.24,0.6222222222222222,0.4051221426825542,0.7724444444444444,145
inception_full__b6_star_fixed10,participant_outer_oof,participant,one_vs_rest,0,27,0.3,0.6222222222222222,0.3369502011158771,0.7724444444444444,145
inception_full__b6_star_fixed10,participant_outer_oof,participant,one_vs_rest,0,28,0.3,0.6666666666666666,0.3257485372777694,0.7724444444444444,145
inception_full__b6_star_fixed10,participant_outer_oof,participant,one_vs_rest,0,29,0.31,0.6666666666666666,0.317005168426266,0.7724444444444444,145
inception_full__b6_star_fixed10,participant_outer_oof,participant,one_vs_rest,0,30,0.31,0.6888888888888889,0.3120495948142629,0.7724444444444444,145
inception_full__b6_star_fixed10,participant_outer_oof,participant,one_vs_rest,0,31,0.32,0.6888888888888889,0.3037797034058615,0.7724444444444444,145
inception_full__b6_star_fixed10,participant_outer_oof,participant,one_vs_rest,0,32,0.32,0.7555555555555555,0.28840046351967474,0.7724444444444444,145
inception_full__b6_star_fixed10,participant_outer_oof,participant,one_vs_rest,0,33,0.4,0.7555555555555555,0.21471296137276039,0.7724444444444444,145
inception_full__b6_star_fixed10,participant_outer_oof,participant,one_vs_rest,0,34,0.4,0.8222222222222222,0.18150480713235495,0.7724444444444444,145
inception_full__b6_star_fixed10,participant_outer_oof,participant,one_vs_rest,0,35,0.42,0.8222222222222222,0.1675647289421605,0.7724444444444444,145
inception_full__b6_star_fixed10,participant_outer_oof,participant,one_vs_rest,0,36,0.42,0.8444444444444444,0.15787844733921014,0.7724444444444444,145
inception_full__b6_star_fixed10,participant_outer_oof,participant,one_vs_rest,0,37,0.47,0.8444444444444444,0.12851819681272802,0.7724444444444444,145
inception_full__b6_star_fixed10,participant_outer_oof,participant,one_vs_rest,0,38,0.47,0.8666666666666667,0.12756446817142703,0.7724444444444444,145
inception_full__b6_star_fixed10,participant_outer_oof,participant,one_vs_rest,0,39,0.48,0.8666666666666667,0.11308879139912177,0.7724444444444444,145
inception_full__b6_star_fixed10,participant_outer_oof,participant,one_vs_rest,0,40,0.48,0.8888888888888888,0.1068561820485164,0.7724444444444444,145
inception_full__b6_star_fixed10,participant_outer_oof,participant,one_vs_rest,0,41,0.5,0.8888888888888888,0.09725381422443274,0.7724444444444444,145
inception_full__b6_star_fixed10,participant_outer_oof,participant,one_vs_rest,0,42,0.5,0.9111111111111111,0.09064738260597963,0.7724444444444444,145
inception_full__b6_star_fixed10,participant_outer_oof,participant,one_vs_rest,0,43,0.51,0.9111111111111111,0.08158989064951534,0.7724444444444444,145
inception_full__b6_star_fixed10,participant_outer_oof,participant,one_vs_rest,0,44,0.51,0.9333333333333333,0.07852266006374455,0.7724444444444444,145
inception_full__b6_star_fixed10,participant_outer_oof,participant,one_vs_rest,0,45,0.54,0.9333333333333333,0.073251558654174,0.7724444444444444,145
inception_full__b6_star_fixed10,participant_outer_oof,participant,one_vs_rest,0,46,0.54,0.9555555555555556,0.07256459123133488,0.7724444444444444,145
inception_full__b6_star_fixed10,participant_outer_oof,participant,one_vs_rest,0,47,0.69,0.9555555555555556,0.03130843109228306,0.7724444444444444,145
inception_full__b6_star_fixed10,participant_outer_oof,participant,one_vs_rest,0,48,0.69,0.9777777777777777,0.03102159575164068,0.7724444444444444,145
inception_full__b6_star_fixed10,participant_outer_oof,participant,one_vs_rest,0,49,0.92,0.9777777777777777,0.00012924150169997062,0.7724444444444444,145
inception_full__b6_star_fixed10,participant_outer_oof,participant,one_vs_rest,0,50,0.92,1.0,0.00012748729146198486,0.7724444444444444,145
inception_full__b6_star_fixed10,participant_outer_oof,participant,one_vs_rest,0,51,1.0,1.0,8.99055190334417e-09,0.7724444444444444,145
inception_full__b6_star_fixed10,participant_outer_oof,participant,one_vs_rest,1,0,0.0,0.0,,0.5837254901960783,145
inception_full__b6_star_fixed10,participant_outer_oof,participant,one_vs_rest,1,1,0.011764705882352941,0.0,0.9872774211413855,0.5837254901960783,145
inception_full__b6_star_fixed10,participant_outer_oof,participant,one_vs_rest,1,2,0.011764705882352941,0.016666666666666666,0.984892434931502,0.5837254901960783,145
inception_full__b6_star_fixed10,participant_outer_oof,participant,one_vs_rest,1,3,0.023529411764705882,0.016666666666666666,0.9827894856174823,0.5837254901960783,145
inception_full__b6_star_fixed10,participant_outer_oof,participant,one_vs_rest,1,4,0.023529411764705882,0.05,0.9596878727824408,0.5837254901960783,145
inception_full__b6_star_fixed10,participant_outer_oof,participant,one_vs_rest,1,5,0.047058823529411764,0.05,0.9532366775222879,0.5837254901960783,145
inception_full__b6_star_fixed10,participant_outer_oof,participant,one_vs_rest,1,6,0.047058823529411764,0.06666666666666667,0.9487535210389865,0.5837254901960783,145
inception_full__b6_star_fixed10,participant_outer_oof,participant,one_vs_rest,1,7,0.058823529411764705,0.06666666666666667,0.9474043276057232,0.5837254901960783,145
inception_full__b6_star_fixed10,participant_outer_oof,participant,one_vs_rest,1,8,0.058823529411764705,0.1,0.8956780628505255,0.5837254901960783,145
inception_full__b6_star_fixed10,participant_outer_oof,participant,one_vs_rest,1,9,0.07058823529411765,0.1,0.8951715764746658,0.5837254901960783,145
inception_full__b6_star_fixed10,participant_outer_oof,participant,one_vs_rest,1,10,0.07058823529411765,0.11666666666666667,0.8929594551693745,0.5837254901960783,145
inception_full__b6_star_fixed10,participant_outer_oof,participant,one_vs_rest,1,11,0.09411764705882353,0.11666666666666667,0.888946764554359,0.5837254901960783,145
inception_full__b6_star_fixed10,participant_outer_oof,participant,one_vs_rest,1,12,0.09411764705882353,0.13333333333333333,0.8794310287849331,0.5837254901960783,145
inception_full__b6_star_fixed10,participant_outer_oof,participant,one_vs_rest,1,13,0.10588235294117647,0.13333333333333333,0.8745104877191657,0.5837254901960783,145
inception_full__b6_star_fixed10,participant_outer_oof,participant,one_vs_rest,1,14,0.10588235294117647,0.18333333333333332,0.8545197618421522,0.5837254901960783,145
inception_full__b6_star_fixed10,participant_outer_oof,participant,one_vs_rest,1,15,0.15294117647058825,0.18333333333333332,0.8177697512144312,0.5837254901960783,145
inception_full__b6_star_fixed10,participant_outer_oof,participant,one_vs_rest,1,16,0.15294117647058825,0.25,0.716207461115693,0.5837254901960783,145
inception_full__b6_star_fixed10,participant_outer_oof,participant,one_vs_rest,1,17,0.16470588235294117,0.25,0.7138571701223895,0.5837254901960783,145
inception_full__b6_star_fixed10,participant_outer_oof,participant,one_vs_rest,1,18,0.16470588235294117,0.26666666666666666,0.7108925702550222,0.5837254901960783,145
inception_full__b6_star_fixed10,participant_outer_oof,participant,one_vs_rest,1,19,0.17647058823529413,0.26666666666666666,0.7063455849402756,0.5837254901960783,145
inception_full__b6_star_fixed10,participant_outer_oof,participant,one_vs_rest,1,20,0.17647058823529413,0.2833333333333333,0.7009029560243262,0.5837254901960783,145
inception_full__b6_star_fixed10,participant_outer_oof,participant,one_vs_rest,1,21,0.23529411764705882,0.2833333333333333,0.6619833642565623,0.5837254901960783,145
inception_full__b6_star_fixed10,participant_outer_oof,participant,one_vs_rest,1,22,0.23529411764705882,0.31666666666666665,0.6408154073362695,0.5837254901960783,145
inception_full__b6_star_fixed10,participant_outer_oof,participant,one_vs_rest,1,23,0.2823529411764706,0.31666666666666665,0.6290205596242181,0.5837254901960783,145
inception_full__b6_star_fixed10,participant_outer_oof,participant,one_vs_rest,1,24,0.2823529411764706,0.36666666666666664,0.6156025034665751,0.5837254901960783,145
inception_full__b6_star_fixed10,participant_outer_oof,participant,one_vs_rest,1,25,0.3058823529411765,0.36666666666666664,0.5849775290785336,0.5837254901960783,145
inception_full__b6_star_fixed10,participant_outer_oof,participant,one_vs_rest,1,26,0.3058823529411765,0.38333333333333336,0.5752131223616747,0.5837254901960783,145
inception_full__b6_star_fixed10,participant_outer_oof,participant,one_vs_rest,1,27,0.3176470588235294,0.38333333333333336,0.5740837821581771,0.5837254901960783,145
inception_full__b6_star_fixed10,participant_outer_oof,participant,one_vs_rest,1,28,0.3176470588235294,0.4166666666666667,0.5660151143639089,0.5837254901960783,145
inception_full__b6_star_fixed10,participant_outer_oof,participant,one_vs_rest,1,29,0.32941176470588235,0.4166666666666667,0.5462384231124714,0.5837254901960783,145
inception_full__b6_star_fixed10,participant_outer_oof,participant,one_vs_rest,1,30,0.32941176470588235,0.45,0.5305211966388393,0.5837254901960783,145
inception_full__b6_star_fixed10,participant_outer_oof,participant,one_vs_rest,1,31,0.36470588235294116,0.45,0.5178313601494351,0.5837254901960783,145
inception_full__b6_star_fixed10,participant_outer_oof,participant,one_vs_rest,1,32,0.36470588235294116,0.4666666666666667,0.5132916169943669,0.5837254901960783,145
inception_full__b6_star_fixed10,participant_outer_oof,participant,one_vs_rest,1,33,0.4,0.4666666666666667,0.47242372751995665,0.5837254901960783,145
inception_full__b6_star_fixed10,participant_outer_oof,participant,one_vs_rest,1,34,0.4,0.5,0.46344067971355196,0.5837254901960783,145
inception_full__b6_star_fixed10,participant_outer_oof,participant,one_vs_rest,1,35,0.4117647058823529,0.5,0.461732630431677,0.5837254901960783,145
inception_full__b6_star_fixed10,participant_outer_oof,participant,one_vs_rest,1,36,0.4117647058823529,0.5166666666666667,0.45746604344259795,0.5837254901960783,145
inception_full__b6_star_fixed10,participant_outer_oof,participant,one_vs_rest,1,37,0.43529411764705883,0.5166666666666667,0.4561215873825605,0.5837254901960783,145
inception_full__b6_star_fixed10,participant_outer_oof,participant,one_vs_rest,1,38,0.43529411764705883,0.5333333333333333,0.44282733075975883,0.5837254901960783,145
inception_full__b6_star_fixed10,participant_outer_oof,participant,one_vs_rest,1,39,0.4470588235294118,0.5333333333333333,0.42585664362319564,0.5837254901960783,145
inception_full__b6_star_fixed10,participant_outer_oof,participant,one_vs_rest,1,40,0.4470588235294118,0.55,0.4244403351934356,0.5837254901960783,145
inception_full__b6_star_fixed10,participant_outer_oof,participant,one_vs_rest,1,41,0.49411764705882355,0.55,0.39413481118139054,0.5837254901960783,145
inception_full__b6_star_fixed10,participant_outer_oof,participant,one_vs_rest,1,42,0.49411764705882355,0.5666666666666667,0.38226313969426584,0.5837254901960783,145
inception_full__b6_star_fixed10,participant_outer_oof,participant,one_vs_rest,1,43,0.5058823529411764,0.5666666666666667,0.3501925011176213,0.5837254901960783,145
inception_full__b6_star_fixed10,participant_outer_oof,participant,one_vs_rest,1,44,0.5058823529411764,0.6,0.33590507352304283,0.5837254901960783,145
inception_full__b6_star_fixed10,participant_outer_oof,participant,one_vs_rest,1,45,0.5176470588235295,0.6,0.33492590029165664,0.5837254901960783,145
inception_full__b6_star_fixed10,participant_outer_oof,participant,one_vs_rest,1,46,0.5176470588235295,0.6166666666666667,0.3331365000283161,0.5837254901960783,145
inception_full__b6_star_fixed10,participant_outer_oof,participant,one_vs_rest,1,47,0.5294117647058824,0.6166666666666667,0.32171853082734225,0.5837254901960783,145
inception_full__b6_star_fixed10,participant_outer_oof,participant,one_vs_rest,1,48,0.5294117647058824,0.6666666666666666,0.3098406130502482,0.5837254901960783,145
inception_full__b6_star_fixed10,participant_outer_oof,participant,one_vs_rest,1,49,0.5411764705882353,0.6666666666666666,0.292190460851547,0.5837254901960783,145
inception_full__b6_star_fixed10,participant_outer_oof,participant,one_vs_rest,1,50,0.5411764705882353,0.6833333333333333,0.28777122345006073,0.5837254901960783,145
inception_full__b6_star_fixed10,participant_outer_oof,participant,one_vs_rest,1,51,0.5882352941176471,0.6833333333333333,0.22648660532667522,0.5837254901960783,145
inception_full__b6_star_fixed10,participant_outer_oof,participant,one_vs_rest,1,52,0.5882352941176471,0.7166666666666667,0.21212209111254265,0.5837254901960783,145
inception_full__b6_star_fixed10,participant_outer_oof,participant,one_vs_rest,1,53,0.611764705882353,0.7166666666666667,0.189181273811257,0.5837254901960783,145
inception_full__b6_star_fixed10,participant_outer_oof,participant,one_vs_rest,1,54,0.611764705882353,0.7333333333333333,0.18324880407575497,0.5837254901960783,145
inception_full__b6_star_fixed10,participant_outer_oof,participant,one_vs_rest,1,55,0.6352941176470588,0.7333333333333333,0.17130101298820594,0.5837254901960783,145
inception_full__b6_star_fixed10,participant_outer_oof,participant,one_vs_rest,1,56,0.6352941176470588,0.75,0.16997267196930438,0.5837254901960783,145
inception_full__b6_star_fixed10,participant_outer_oof,participant,one_vs_rest,1,57,0.6470588235294118,0.75,0.16053520431359244,0.5837254901960783,145
inception_full__b6_star_fixed10,participant_outer_oof,participant,one_vs_rest,1,58,0.6470588235294118,0.7833333333333333,0.15312468711279445,0.5837254901960783,145
inception_full__b6_star_fixed10,participant_outer_oof,participant,one_vs_rest,1,59,0.6823529411764706,0.7833333333333333,0.1341629380267027,0.5837254901960783,145
inception_full__b6_star_fixed10,participant_outer_oof,participant,one_vs_rest,1,60,0.6823529411764706,0.8,0.13114519028369037,0.5837254901960783,145
inception_full__b6_star_fixed10,participant_outer_oof,participant,one_vs_rest,1,61,0.7058823529411765,0.8,0.1155647152688449,0.5837254901960783,145
inception_full__b6_star_fixed10,participant_outer_oof,participant,one_vs_rest,1,62,0.7058823529411765,0.85,0.10729802964078612,0.5837254901960783,145
inception_full__b6_star_fixed10,participant_outer_oof,participant,one_vs_rest,1,63,0.7176470588235294,0.85,0.10577223337794125,0.5837254901960783,145
inception_full__b6_star_fixed10,participant_outer_oof,participant,one_vs_rest,1,64,0.7176470588235294,0.8833333333333333,0.08706697028466144,0.5837254901960783,145
inception_full__b6_star_fixed10,participant_outer_oof,participant,one_vs_rest,1,65,0.7529411764705882,0.8833333333333333,0.07863115652086661,0.5837254901960783,145
inception_full__b6_star_fixed10,participant_outer_oof,participant,one_vs_rest,1,66,0.7529411764705882,0.9,0.07164510166920894,0.5837254901960783,145
inception_full__b6_star_fixed10,participant_outer_oof,participant,one_vs_rest,1,67,0.7647058823529411,0.9,0.06287118861835655,0.5837254901960783,145
inception_full__b6_star_fixed10,participant_outer_oof,participant,one_vs_rest,1,68,0.7647058823529411,0.9166666666666666,0.05014323299510324,0.5837254901960783,145
inception_full__b6_star_fixed10,participant_outer_oof,participant,one_vs_rest,1,69,0.788235294117647,0.9166666666666666,0.043249425763888606,0.5837254901960783,145
inception_full__b6_star_fixed10,participant_outer_oof,participant,one_vs_rest,1,70,0.788235294117647,0.9333333333333333,0.04305257638386172,0.5837254901960783,145
inception_full__b6_star_fixed10,participant_outer_oof,participant,one_vs_rest,1,71,0.8,0.9333333333333333,0.03485174348741166,0.5837254901960783,145
inception_full__b6_star_fixed10,participant_outer_oof,participant,one_vs_rest,1,72,0.8,0.95,0.02792652364651597,0.5837254901960783,145
inception_full__b6_star_fixed10,participant_outer_oof,participant,one_vs_rest,1,73,0.8823529411764706,0.95,0.0056843083520062895,0.5837254901960783,145
inception_full__b6_star_fixed10,participant_outer_oof,participant,one_vs_rest,1,74,0.8823529411764706,0.9666666666666667,0.0037499496684555165,0.5837254901960783,145
inception_full__b6_star_fixed10,participant_outer_oof,participant,one_vs_rest,1,75,0.9176470588235294,0.9666666666666667,0.0023687497428457704,0.5837254901960783,145
inception_full__b6_star_fixed10,participant_outer_oof,participant,one_vs_rest,1,76,0.9176470588235294,0.9833333333333333,0.002023389261083481,0.5837254901960783,145
inception_full__b6_star_fixed10,participant_outer_oof,participant,one_vs_rest,1,77,0.9294117647058824,0.9833333333333333,0.0009880680738068106,0.5837254901960783,145
inception_full__b6_star_fixed10,participant_outer_oof,participant,one_vs_rest,1,78,0.9294117647058824,1.0,0.0008914031829352249,0.5837254901960783,145
inception_full__b6_star_fixed10,participant_outer_oof,participant,one_vs_rest,1,79,1.0,1.0,2.262163812191419e-06,0.5837254901960783,145
inception_full__b6_star_fixed10,participant_outer_oof,participant,one_vs_rest,2,0,0.0,0.0,,0.8209523809523809,145
inception_full__b6_star_fixed10,participant_outer_oof,participant,one_vs_rest,2,1,0.0,0.025,0.9999964165678339,0.8209523809523809,145
inception_full__b6_star_fixed10,participant_outer_oof,participant,one_vs_rest,2,2,0.0,0.225,0.9207555640062377,0.8209523809523809,145
inception_full__b6_star_fixed10,participant_outer_oof,participant,one_vs_rest,2,3,0.009523809523809525,0.225,0.9061072156300028,0.8209523809523809,145
inception_full__b6_star_fixed10,participant_outer_oof,participant,one_vs_rest,2,4,0.009523809523809525,0.275,0.8921719007459769,0.8209523809523809,145
inception_full__b6_star_fixed10,participant_outer_oof,participant,one_vs_rest,2,5,0.01904761904761905,0.275,0.8772784003738001,0.8209523809523809,145
inception_full__b6_star_fixed10,participant_outer_oof,participant,one_vs_rest,2,6,0.01904761904761905,0.3,0.8575978234789107,0.8209523809523809,145
inception_full__b6_star_fixed10,participant_outer_oof,participant,one_vs_rest,2,7,0.02857142857142857,0.3,0.8462314229100156,0.8209523809523809,145
inception_full__b6_star_fixed10,participant_outer_oof,participant,one_vs_rest,2,8,0.02857142857142857,0.375,0.8218008743598872,0.8209523809523809,145
inception_full__b6_star_fixed10,participant_outer_oof,participant,one_vs_rest,2,9,0.0380952380952381,0.375,0.8086851307171553,0.8209523809523809,145
inception_full__b6_star_fixed10,participant_outer_oof,participant,one_vs_rest,2,10,0.0380952380952381,0.475,0.6905359882421322,0.8209523809523809,145
inception_full__b6_star_fixed10,participant_outer_oof,participant,one_vs_rest,2,11,0.047619047619047616,0.475,0.6698013055210504,0.8209523809523809,145
inception_full__b6_star_fixed10,participant_outer_oof,participant,one_vs_rest,2,12,0.047619047619047616,0.5,0.6620617308103162,0.8209523809523809,145
inception_full__b6_star_fixed10,participant_outer_oof,participant,one_vs_rest,2,13,0.08571428571428572,0.5,0.5928617927263817,0.8209523809523809,145
inception_full__b6_star_fixed10,participant_outer_oof,participant,one_vs_rest,2,14,0.08571428571428572,0.55,0.538264819065516,0.8209523809523809,145
inception_full__b6_star_fixed10,participant_outer_oof,participant,one_vs_rest,2,15,0.09523809523809523,0.55,0.5037110437422085,0.8209523809523809,145
inception_full__b6_star_fixed10,participant_outer_oof,participant,one_vs_rest,2,16,0.09523809523809523,0.575,0.48704647361302966,0.8209523809523809,145
inception_full__b6_star_fixed10,participant_outer_oof,participant,one_vs_rest,2,17,0.10476190476190476,0.575,0.4799254090967726,0.8209523809523809,145
inception_full__b6_star_fixed10,participant_outer_oof,participant,one_vs_rest,2,18,0.10476190476190476,0.6,0.4490431548628768,0.8209523809523809,145
inception_full__b6_star_fixed10,participant_outer_oof,participant,one_vs_rest,2,19,0.11428571428571428,0.6,0.4389539928377762,0.8209523809523809,145
inception_full__b6_star_fixed10,participant_outer_oof,participant,one_vs_rest,2,20,0.11428571428571428,0.625,0.43453867455576634,0.8209523809523809,145
inception_full__b6_star_fixed10,participant_outer_oof,participant,one_vs_rest,2,21,0.1523809523809524,0.625,0.37913937029117833,0.8209523809523809,145
inception_full__b6_star_fixed10,participant_outer_oof,participant,one_vs_rest,2,22,0.1523809523809524,0.65,0.3780006602526998,0.8209523809523809,145
inception_full__b6_star_fixed10,participant_outer_oof,participant,one_vs_rest,2,23,0.2,0.65,0.3335184307460483,0.8209523809523809,145
inception_full__b6_star_fixed10,participant_outer_oof,participant,one_vs_rest,2,24,0.2,0.675,0.32672114201039487,0.8209523809523809,145
inception_full__b6_star_fixed10,participant_outer_oof,participant,one_vs_rest,2,25,0.20952380952380953,0.675,0.3023530094744683,0.8209523809523809,145
inception_full__b6_star_fixed10,participant_outer_oof,participant,one_vs_rest,2,26,0.20952380952380953,0.725,0.293543372050161,0.8209523809523809,145
inception_full__b6_star_fixed10,participant_outer_oof,participant,one_vs_rest,2,27,0.2761904761904762,0.725,0.17928664782909406,0.8209523809523809,145
inception_full__b6_star_fixed10,participant_outer_oof,participant,one_vs_rest,2,28,0.2761904761904762,0.75,0.17389524234170128,0.8209523809523809,145
inception_full__b6_star_fixed10,participant_outer_oof,participant,one_vs_rest,2,29,0.3333333333333333,0.75,0.12739073924462865,0.8209523809523809,145
inception_full__b6_star_fixed10,participant_outer_oof,participant,one_vs_rest,2,30,0.3333333333333333,0.775,0.12389795839987601,0.8209523809523809,145
inception_full__b6_star_fixed10,participant_outer_oof,participant,one_vs_rest,2,31,0.4,0.775,0.08613347476307726,0.8209523809523809,145
inception_full__b6_star_fixed10,participant_outer_oof,participant,one_vs_rest,2,32,0.4,0.8,0.08248019770050871,0.8209523809523809,145
inception_full__b6_star_fixed10,participant_outer_oof,participant,one_vs_rest,2,33,0.45714285714285713,0.8,0.047763243016956114,0.8209523809523809,145
inception_full__b6_star_fixed10,participant_outer_oof,participant,one_vs_rest,2,34,0.45714285714285713,0.825,0.045805869065413715,0.8209523809523809,145
inception_full__b6_star_fixed10,participant_outer_oof,participant,one_vs_rest,2,35,0.4666666666666667,0.825,0.0385011664552872,0.8209523809523809,145
inception_full__b6_star_fixed10,participant_outer_oof,participant,one_vs_rest,2,36,0.4666666666666667,0.875,0.035269075510574434,0.8209523809523809,145
inception_full__b6_star_fixed10,participant_outer_oof,participant,one_vs_rest,2,37,0.5238095238095238,0.875,0.02944082451384285,0.8209523809523809,145
inception_full__b6_star_fixed10,participant_outer_oof,participant,one_vs_rest,2,38,0.5238095238095238,0.9,0.02928309291021543,0.8209523809523809,145
inception_full__b6_star_fixed10,participant_outer_oof,participant,one_vs_rest,2,39,0.5619047619047619,0.9,0.019521441456597795,0.8209523809523809,145
inception_full__b6_star_fixed10,participant_outer_oof,participant,one_vs_rest,2,40,0.5619047619047619,0.925,0.016092809815466742,0.8209523809523809,145
inception_full__b6_star_fixed10,participant_outer_oof,participant,one_vs_rest,2,41,0.6285714285714286,0.925,0.00975406029403854,0.8209523809523809,145
inception_full__b6_star_fixed10,participant_outer_oof,participant,one_vs_rest,2,42,0.6285714285714286,0.95,0.0093369684418416,0.8209523809523809,145
inception_full__b6_star_fixed10,participant_outer_oof,participant,one_vs_rest,2,43,0.6761904761904762,0.95,0.00759340429097252,0.8209523809523809,145
inception_full__b6_star_fixed10,participant_outer_oof,participant,one_vs_rest,2,44,0.6761904761904762,0.975,0.006930225924256353,0.8209523809523809,145
inception_full__b6_star_fixed10,participant_outer_oof,participant,one_vs_rest,2,45,0.7904761904761904,0.975,0.0022446971967831205,0.8209523809523809,145
inception_full__b6_star_fixed10,participant_outer_oof,participant,one_vs_rest,2,46,0.7904761904761904,1.0,0.002231131344299717,0.8209523809523809,145
inception_full__b6_star_fixed10,participant_outer_oof,participant,one_vs_rest,2,47,1.0,1.0,9.123408162751553e-08,0.8209523809523809,145
inception_full__b6_star_fixed10,participant_outer_oof,participant,macro_average_ovr,macro,0,0.0,0.11944444444444445,,0.7265856481481481,145
inception_full__b6_star_fixed10,participant_outer_oof,participant,macro_average_ovr,macro,1,0.005,0.11944444444444445,,0.7265856481481481,145
inception_full__b6_star_fixed10,participant_outer_oof,participant,macro_average_ovr,macro,2,0.01,0.15833333333333335,,0.7265856481481481,145
inception_full__b6_star_fixed10,participant_outer_oof,participant,macro_average_ovr,macro,3,0.015,0.1638888888888889,,0.7265856481481481,145
inception_full__b6_star_fixed10,participant_outer_oof,participant,macro_average_ovr,macro,4,0.02,0.18703703703703703,,0.7265856481481481,145
inception_full__b6_star_fixed10,participant_outer_oof,participant,macro_average_ovr,macro,5,0.025,0.19814814814814816,,0.7265856481481481,145
inception_full__b6_star_fixed10,participant_outer_oof,participant,macro_average_ovr,macro,6,0.03,0.22314814814814818,,0.7265856481481481,145
inception_full__b6_star_fixed10,participant_outer_oof,participant,macro_average_ovr,macro,7,0.035,0.22314814814814818,,0.7265856481481481,145
inception_full__b6_star_fixed10,participant_outer_oof,participant,macro_average_ovr,macro,8,0.04,0.2564814814814815,,0.7265856481481481,145
inception_full__b6_star_fixed10,participant_outer_oof,participant,macro_average_ovr,macro,9,0.045,0.2564814814814815,,0.7265856481481481,145
inception_full__b6_star_fixed10,participant_outer_oof,participant,macro_average_ovr,macro,10,0.05,0.28518518518518515,,0.7265856481481481,145
inception_full__b6_star_fixed10,participant_outer_oof,participant,macro_average_ovr,macro,11,0.055,0.28518518518518515,,0.7265856481481481,145
inception_full__b6_star_fixed10,participant_outer_oof,participant,macro_average_ovr,macro,12,0.06,0.3037037037037037,,0.7265856481481481,145
inception_full__b6_star_fixed10,participant_outer_oof,participant,macro_average_ovr,macro,13,0.065,0.3037037037037037,,0.7265856481481481,145
inception_full__b6_star_fixed10,participant_outer_oof,participant,macro_average_ovr,macro,14,0.07,0.3111111111111111,,0.7265856481481481,145
inception_full__b6_star_fixed10,participant_outer_oof,participant,macro_average_ovr,macro,15,0.075,0.31666666666666665,,0.7265856481481481,145
inception_full__b6_star_fixed10,participant_outer_oof,participant,macro_average_ovr,macro,16,0.08,0.31666666666666665,,0.7265856481481481,145
inception_full__b6_star_fixed10,participant_outer_oof,participant,macro_average_ovr,macro,17,0.085,0.31666666666666665,,0.7265856481481481,145
inception_full__b6_star_fixed10,participant_outer_oof,participant,macro_average_ovr,macro,18,0.09,0.34074074074074073,,0.7265856481481481,145
inception_full__b6_star_fixed10,participant_outer_oof,participant,macro_average_ovr,macro,19,0.095,0.3462962962962963,,0.7265856481481481,145
inception_full__b6_star_fixed10,participant_outer_oof,participant,macro_average_ovr,macro,20,0.1,0.35462962962962963,,0.7265856481481481,145
inception_full__b6_star_fixed10,participant_outer_oof,participant,macro_average_ovr,macro,21,0.105,0.362962962962963,,0.7265856481481481,145
inception_full__b6_star_fixed10,participant_outer_oof,participant,macro_average_ovr,macro,22,0.11,0.3796296296296296,,0.7265856481481481,145
inception_full__b6_star_fixed10,participant_outer_oof,participant,macro_average_ovr,macro,23,0.115,0.3879629629629629,,0.7265856481481481,145
inception_full__b6_star_fixed10,participant_outer_oof,participant,macro_average_ovr,macro,24,0.12,0.39537037037037037,,0.7265856481481481,145
inception_full__b6_star_fixed10,participant_outer_oof,participant,macro_average_ovr,macro,25,0.125,0.39537037037037037,,0.7265856481481481,145
inception_full__b6_star_fixed10,participant_outer_oof,participant,macro_average_ovr,macro,26,0.13,0.39537037037037037,,0.7265856481481481,145
inception_full__b6_star_fixed10,participant_outer_oof,participant,macro_average_ovr,macro,27,0.135,0.39537037037037037,,0.7265856481481481,145
inception_full__b6_star_fixed10,participant_outer_oof,participant,macro_average_ovr,macro,28,0.14,0.39537037037037037,,0.7265856481481481,145
inception_full__b6_star_fixed10,participant_outer_oof,participant,macro_average_ovr,macro,29,0.145,0.39537037037037037,,0.7265856481481481,145
inception_full__b6_star_fixed10,participant_outer_oof,participant,macro_average_ovr,macro,30,0.15,0.39537037037037037,,0.7265856481481481,145
inception_full__b6_star_fixed10,participant_outer_oof,participant,macro_average_ovr,macro,31,0.155,0.4259259259259259,,0.7265856481481481,145
inception_full__b6_star_fixed10,participant_outer_oof,participant,macro_average_ovr,macro,32,0.16,0.46296296296296297,,0.7265856481481481,145
inception_full__b6_star_fixed10,participant_outer_oof,participant,macro_average_ovr,macro,33,0.165,0.4685185185185185,,0.7265856481481481,145
inception_full__b6_star_fixed10,participant_outer_oof,participant,macro_average_ovr,macro,34,0.17,0.4685185185185185,,0.7265856481481481,145
inception_full__b6_star_fixed10,participant_outer_oof,participant,macro_average_ovr,macro,35,0.17500000000000002,0.4685185185185185,,0.7265856481481481,145
inception_full__b6_star_fixed10,participant_outer_oof,participant,macro_average_ovr,macro,36,0.18,0.47407407407407404,,0.7265856481481481,145
inception_full__b6_star_fixed10,participant_outer_oof,participant,macro_average_ovr,macro,37,0.185,0.47407407407407404,,0.7265856481481481,145
inception_full__b6_star_fixed10,participant_outer_oof,participant,macro_average_ovr,macro,38,0.19,0.48148148148148145,,0.7265856481481481,145
inception_full__b6_star_fixed10,participant_outer_oof,participant,macro_average_ovr,macro,39,0.195,0.48148148148148145,,0.7265856481481481,145
inception_full__b6_star_fixed10,participant_outer_oof,participant,macro_average_ovr,macro,40,0.2,0.49722222222222223,,0.7265856481481481,145
inception_full__b6_star_fixed10,participant_outer_oof,participant,macro_average_ovr,macro,41,0.20500000000000002,0.49722222222222223,,0.7265856481481481,145
inception_full__b6_star_fixed10,participant_outer_oof,participant,macro_average_ovr,macro,42,0.21,0.5138888888888888,,0.7265856481481481,145
inception_full__b6_star_fixed10,participant_outer_oof,participant,macro_average_ovr,macro,43,0.215,0.5138888888888888,,0.7265856481481481,145
inception_full__b6_star_fixed10,participant_outer_oof,participant,macro_average_ovr,macro,44,0.22,0.5138888888888888,,0.7265856481481481,145
inception_full__b6_star_fixed10,participant_outer_oof,participant,macro_average_ovr,macro,45,0.225,0.5138888888888888,,0.7265856481481481,145
inception_full__b6_star_fixed10,participant_outer_oof,participant,macro_average_ovr,macro,46,0.23,0.5287037037037037,,0.7265856481481481,145
inception_full__b6_star_fixed10,participant_outer_oof,participant,macro_average_ovr,macro,47,0.23500000000000001,0.5287037037037037,,0.7265856481481481,145
inception_full__b6_star_fixed10,participant_outer_oof,participant,macro_average_ovr,macro,48,0.24,0.5546296296296296,,0.7265856481481481,145
inception_full__b6_star_fixed10,participant_outer_oof,participant,macro_average_ovr,macro,49,0.245,0.5546296296296296,,0.7265856481481481,145
inception_full__b6_star_fixed10,participant_outer_oof,participant,macro_average_ovr,macro,50,0.25,0.5546296296296296,,0.7265856481481481,145
inception_full__b6_star_fixed10,participant_outer_oof,participant,macro_average_ovr,macro,51,0.255,0.5546296296296296,,0.7265856481481481,145
inception_full__b6_star_fixed10,participant_outer_oof,participant,macro_average_ovr,macro,52,0.26,0.5546296296296296,,0.7265856481481481,145
inception_full__b6_star_fixed10,participant_outer_oof,participant,macro_average_ovr,macro,53,0.265,0.5546296296296296,,0.7265856481481481,145
inception_full__b6_star_fixed10,participant_outer_oof,participant,macro_average_ovr,macro,54,0.27,0.5546296296296296,,0.7265856481481481,145
inception_full__b6_star_fixed10,participant_outer_oof,participant,macro_average_ovr,macro,55,0.275,0.5546296296296296,,0.7265856481481481,145
inception_full__b6_star_fixed10,participant_outer_oof,participant,macro_average_ovr,macro,56,0.28,0.562962962962963,,0.7265856481481481,145
inception_full__b6_star_fixed10,participant_outer_oof,participant,macro_average_ovr,macro,57,0.28500000000000003,0.5796296296296296,,0.7265856481481481,145
inception_full__b6_star_fixed10,participant_outer_oof,participant,macro_average_ovr,macro,58,0.29,0.5796296296296296,,0.7265856481481481,145
inception_full__b6_star_fixed10,participant_outer_oof,participant,macro_average_ovr,macro,59,0.295,0.5796296296296296,,0.7265856481481481,145
inception_full__b6_star_fixed10,participant_outer_oof,participant,macro_average_ovr,macro,60,0.3,0.5944444444444444,,0.7265856481481481,145
inception_full__b6_star_fixed10,participant_outer_oof,participant,macro_average_ovr,macro,61,0.305,0.5944444444444444,,0.7265856481481481,145
inception_full__b6_star_fixed10,participant_outer_oof,participant,macro_average_ovr,macro,62,0.31,0.6074074074074074,,0.7265856481481481,145
inception_full__b6_star_fixed10,participant_outer_oof,participant,macro_average_ovr,macro,63,0.315,0.6074074074074074,,0.7265856481481481,145
inception_full__b6_star_fixed10,participant_outer_oof,participant,macro_average_ovr,macro,64,0.32,0.6407407407407407,,0.7265856481481481,145
inception_full__b6_star_fixed10,participant_outer_oof,participant,macro_average_ovr,macro,65,0.325,0.6407407407407407,,0.7265856481481481,145
inception_full__b6_star_fixed10,participant_outer_oof,participant,macro_average_ovr,macro,66,0.33,0.6518518518518518,,0.7265856481481481,145
inception_full__b6_star_fixed10,participant_outer_oof,participant,macro_average_ovr,macro,67,0.335,0.6601851851851852,,0.7265856481481481,145
inception_full__b6_star_fixed10,participant_outer_oof,participant,macro_average_ovr,macro,68,0.34,0.6601851851851852,,0.7265856481481481,145
inception_full__b6_star_fixed10,participant_outer_oof,participant,macro_average_ovr,macro,69,0.34500000000000003,0.6601851851851852,,0.7265856481481481,145
inception_full__b6_star_fixed10,participant_outer_oof,participant,macro_average_ovr,macro,70,0.35000000000000003,0.6601851851851852,,0.7265856481481481,145
inception_full__b6_star_fixed10,participant_outer_oof,participant,macro_average_ovr,macro,71,0.355,0.6601851851851852,,0.7265856481481481,145
inception_full__b6_star_fixed10,participant_outer_oof,participant,macro_average_ovr,macro,72,0.36,0.6601851851851852,,0.7265856481481481,145
inception_full__b6_star_fixed10,participant_outer_oof,participant,macro_average_ovr,macro,73,0.365,0.6657407407407407,,0.7265856481481481,145
inception_full__b6_star_fixed10,participant_outer_oof,participant,macro_average_ovr,macro,74,0.37,0.6657407407407407,,0.7265856481481481,145
inception_full__b6_star_fixed10,participant_outer_oof,participant,macro_average_ovr,macro,75,0.375,0.6657407407407407,,0.7265856481481481,145
inception_full__b6_star_fixed10,participant_outer_oof,participant,macro_average_ovr,macro,76,0.38,0.6657407407407407,,0.7265856481481481,145
inception_full__b6_star_fixed10,participant_outer_oof,participant,macro_average_ovr,macro,77,0.385,0.6657407407407407,,0.7265856481481481,145
inception_full__b6_star_fixed10,participant_outer_oof,participant,macro_average_ovr,macro,78,0.39,0.6657407407407407,,0.7265856481481481,145
inception_full__b6_star_fixed10,participant_outer_oof,participant,macro_average_ovr,macro,79,0.395,0.6657407407407407,,0.7265856481481481,145
inception_full__b6_star_fixed10,participant_outer_oof,participant,macro_average_ovr,macro,80,0.4,0.7074074074074074,,0.7265856481481481,145
inception_full__b6_star_fixed10,participant_outer_oof,participant,macro_average_ovr,macro,81,0.405,0.7074074074074074,,0.7265856481481481,145
inception_full__b6_star_fixed10,participant_outer_oof,participant,macro_average_ovr,macro,82,0.41000000000000003,0.7074074074074074,,0.7265856481481481,145
inception_full__b6_star_fixed10,participant_outer_oof,participant,macro_average_ovr,macro,83,0.41500000000000004,0.7129629629629631,,0.7265856481481481,145
inception_full__b6_star_fixed10,participant_outer_oof,participant,macro_average_ovr,macro,84,0.42,0.7203703703703704,,0.7265856481481481,145
inception_full__b6_star_fixed10,participant_outer_oof,participant,macro_average_ovr,macro,85,0.425,0.7203703703703704,,0.7265856481481481,145
inception_full__b6_star_fixed10,participant_outer_oof,participant,macro_average_ovr,macro,86,0.43,0.7203703703703704,,0.7265856481481481,145
inception_full__b6_star_fixed10,participant_outer_oof,participant,macro_average_ovr,macro,87,0.435,0.7203703703703704,,0.7265856481481481,145
inception_full__b6_star_fixed10,participant_outer_oof,participant,macro_average_ovr,macro,88,0.44,0.725925925925926,,0.7265856481481481,145
inception_full__b6_star_fixed10,participant_outer_oof,participant,macro_average_ovr,macro,89,0.445,0.725925925925926,,0.7265856481481481,145
inception_full__b6_star_fixed10,participant_outer_oof,participant,macro_average_ovr,macro,90,0.45,0.7314814814814815,,0.7265856481481481,145
inception_full__b6_star_fixed10,participant_outer_oof,participant,macro_average_ovr,macro,91,0.455,0.7314814814814815,,0.7265856481481481,145
inception_full__b6_star_fixed10,participant_outer_oof,participant,macro_average_ovr,macro,92,0.46,0.7398148148148147,,0.7265856481481481,145
inception_full__b6_star_fixed10,participant_outer_oof,participant,macro_average_ovr,macro,93,0.465,0.7398148148148147,,0.7265856481481481,145
inception_full__b6_star_fixed10,participant_outer_oof,participant,macro_average_ovr,macro,94,0.47000000000000003,0.763888888888889,,0.7265856481481481,145
inception_full__b6_star_fixed10,participant_outer_oof,participant,macro_average_ovr,macro,95,0.47500000000000003,0.763888888888889,,0.7265856481481481,145
inception_full__b6_star_fixed10,participant_outer_oof,participant,macro_average_ovr,macro,96,0.48,0.7712962962962964,,0.7265856481481481,145
inception_full__b6_star_fixed10,participant_outer_oof,participant,macro_average_ovr,macro,97,0.485,0.7712962962962964,,0.7265856481481481,145
inception_full__b6_star_fixed10,participant_outer_oof,participant,macro_average_ovr,macro,98,0.49,0.7712962962962964,,0.7265856481481481,145
inception_full__b6_star_fixed10,participant_outer_oof,participant,macro_average_ovr,macro,99,0.495,0.7768518518518519,,0.7265856481481481,145
inception_full__b6_star_fixed10,participant_outer_oof,participant,macro_average_ovr,macro,100,0.5,0.7842592592592593,,0.7265856481481481,145
inception_full__b6_star_fixed10,participant_outer_oof,participant,macro_average_ovr,macro,101,0.505,0.7842592592592593,,0.7265856481481481,145
inception_full__b6_star_fixed10,participant_outer_oof,participant,macro_average_ovr,macro,102,0.51,0.8027777777777777,,0.7265856481481481,145
inception_full__b6_star_fixed10,participant_outer_oof,participant,macro_average_ovr,macro,103,0.515,0.8027777777777777,,0.7265856481481481,145
inception_full__b6_star_fixed10,participant_outer_oof,participant,macro_average_ovr,macro,104,0.52,0.8083333333333332,,0.7265856481481481,145
inception_full__b6_star_fixed10,participant_outer_oof,participant,macro_average_ovr,macro,105,0.525,0.8166666666666668,,0.7265856481481481,145
inception_full__b6_star_fixed10,participant_outer_oof,participant,macro_average_ovr,macro,106,0.53,0.8333333333333334,,0.7265856481481481,145
inception_full__b6_star_fixed10,participant_outer_oof,participant,macro_average_ovr,macro,107,0.535,0.8333333333333334,,0.7265856481481481,145
inception_full__b6_star_fixed10,participant_outer_oof,participant,macro_average_ovr,macro,108,0.54,0.8407407407407407,,0.7265856481481481,145
inception_full__b6_star_fixed10,participant_outer_oof,participant,macro_average_ovr,macro,109,0.545,0.8462962962962962,,0.7265856481481481,145
inception_full__b6_star_fixed10,participant_outer_oof,participant,macro_average_ovr,macro,110,0.55,0.8462962962962962,,0.7265856481481481,145
inception_full__b6_star_fixed10,participant_outer_oof,participant,macro_average_ovr,macro,111,0.555,0.8462962962962962,,0.7265856481481481,145
inception_full__b6_star_fixed10,participant_outer_oof,participant,macro_average_ovr,macro,112,0.56,0.8462962962962962,,0.7265856481481481,145
inception_full__b6_star_fixed10,participant_outer_oof,participant,macro_average_ovr,macro,113,0.5650000000000001,0.8546296296296297,,0.7265856481481481,145
inception_full__b6_star_fixed10,participant_outer_oof,participant,macro_average_ovr,macro,114,0.5700000000000001,0.8546296296296297,,0.7265856481481481,145
inception_full__b6_star_fixed10,participant_outer_oof,participant,macro_average_ovr,macro,115,0.5750000000000001,0.8546296296296297,,0.7265856481481481,145
inception_full__b6_star_fixed10,participant_outer_oof,participant,macro_average_ovr,macro,116,0.58,0.8546296296296297,,0.7265856481481481,145
inception_full__b6_star_fixed10,participant_outer_oof,participant,macro_average_ovr,macro,117,0.585,0.8546296296296297,,0.7265856481481481,145
inception_full__b6_star_fixed10,participant_outer_oof,participant,macro_average_ovr,macro,118,0.59,0.8657407407407408,,0.7265856481481481,145
inception_full__b6_star_fixed10,participant_outer_oof,participant,macro_average_ovr,macro,119,0.595,0.8657407407407408,,0.7265856481481481,145
inception_full__b6_star_fixed10,participant_outer_oof,participant,macro_average_ovr,macro,120,0.6,0.8657407407407408,,0.7265856481481481,145
inception_full__b6_star_fixed10,participant_outer_oof,participant,macro_average_ovr,macro,121,0.605,0.8657407407407408,,0.7265856481481481,145
inception_full__b6_star_fixed10,participant_outer_oof,participant,macro_average_ovr,macro,122,0.61,0.8657407407407408,,0.7265856481481481,145
inception_full__b6_star_fixed10,participant_outer_oof,participant,macro_average_ovr,macro,123,0.615,0.8712962962962963,,0.7265856481481481,145
inception_full__b6_star_fixed10,participant_outer_oof,participant,macro_average_ovr,macro,124,0.62,0.8712962962962963,,0.7265856481481481,145
inception_full__b6_star_fixed10,participant_outer_oof,participant,macro_average_ovr,macro,125,0.625,0.8712962962962963,,0.7265856481481481,145
inception_full__b6_star_fixed10,participant_outer_oof,participant,macro_average_ovr,macro,126,0.63,0.8796296296296297,,0.7265856481481481,145
inception_full__b6_star_fixed10,participant_outer_oof,participant,macro_average_ovr,macro,127,0.635,0.8796296296296297,,0.7265856481481481,145
inception_full__b6_star_fixed10,participant_outer_oof,participant,macro_average_ovr,macro,128,0.64,0.8851851851851853,,0.7265856481481481,145
inception_full__b6_star_fixed10,participant_outer_oof,participant,macro_average_ovr,macro,129,0.645,0.8851851851851853,,0.7265856481481481,145
inception_full__b6_star_fixed10,participant_outer_oof,participant,macro_average_ovr,macro,130,0.65,0.8962962962962964,,0.7265856481481481,145
inception_full__b6_star_fixed10,participant_outer_oof,participant,macro_average_ovr,macro,131,0.655,0.8962962962962964,,0.7265856481481481,145
inception_full__b6_star_fixed10,participant_outer_oof,participant,macro_average_ovr,macro,132,0.66,0.8962962962962964,,0.7265856481481481,145
inception_full__b6_star_fixed10,participant_outer_oof,participant,macro_average_ovr,macro,133,0.665,0.8962962962962964,,0.7265856481481481,145
inception_full__b6_star_fixed10,participant_outer_oof,participant,macro_average_ovr,macro,134,0.67,0.8962962962962964,,0.7265856481481481,145
inception_full__b6_star_fixed10,participant_outer_oof,participant,macro_average_ovr,macro,135,0.675,0.8962962962962964,,0.7265856481481481,145
inception_full__b6_star_fixed10,participant_outer_oof,participant,macro_average_ovr,macro,136,0.68,0.9046296296296297,,0.7265856481481481,145
inception_full__b6_star_fixed10,participant_outer_oof,participant,macro_average_ovr,macro,137,0.685,0.9101851851851852,,0.7265856481481481,145
inception_full__b6_star_fixed10,participant_outer_oof,participant,macro_average_ovr,macro,138,0.6900000000000001,0.9175925925925926,,0.7265856481481481,145
inception_full__b6_star_fixed10,participant_outer_oof,participant,macro_average_ovr,macro,139,0.6950000000000001,0.9175925925925926,,0.7265856481481481,145
inception_full__b6_star_fixed10,participant_outer_oof,participant,macro_average_ovr,macro,140,0.7000000000000001,0.9175925925925926,,0.7265856481481481,145
inception_full__b6_star_fixed10,participant_outer_oof,participant,macro_average_ovr,macro,141,0.705,0.9175925925925926,,0.7265856481481481,145
inception_full__b6_star_fixed10,participant_outer_oof,participant,macro_average_ovr,macro,142,0.71,0.9342592592592592,,0.7265856481481481,145
inception_full__b6_star_fixed10,participant_outer_oof,participant,macro_average_ovr,macro,143,0.715,0.9342592592592592,,0.7265856481481481,145
inception_full__b6_star_fixed10,participant_outer_oof,participant,macro_average_ovr,macro,144,0.72,0.9453703703703704,,0.7265856481481481,145
inception_full__b6_star_fixed10,participant_outer_oof,participant,macro_average_ovr,macro,145,0.725,0.9453703703703704,,0.7265856481481481,145
inception_full__b6_star_fixed10,participant_outer_oof,participant,macro_average_ovr,macro,146,0.73,0.9453703703703704,,0.7265856481481481,145
inception_full__b6_star_fixed10,participant_outer_oof,participant,macro_average_ovr,macro,147,0.735,0.9453703703703704,,0.7265856481481481,145
inception_full__b6_star_fixed10,participant_outer_oof,participant,macro_average_ovr,macro,148,0.74,0.9453703703703704,,0.7265856481481481,145
inception_full__b6_star_fixed10,participant_outer_oof,participant,macro_average_ovr,macro,149,0.745,0.9453703703703704,,0.7265856481481481,145
inception_full__b6_star_fixed10,participant_outer_oof,participant,macro_average_ovr,macro,150,0.75,0.9453703703703704,,0.7265856481481481,145
inception_full__b6_star_fixed10,participant_outer_oof,participant,macro_average_ovr,macro,151,0.755,0.950925925925926,,0.7265856481481481,145
inception_full__b6_star_fixed10,participant_outer_oof,participant,macro_average_ovr,macro,152,0.76,0.950925925925926,,0.7265856481481481,145
inception_full__b6_star_fixed10,participant_outer_oof,participant,macro_average_ovr,macro,153,0.765,0.9564814814814815,,0.7265856481481481,145
inception_full__b6_star_fixed10,participant_outer_oof,participant,macro_average_ovr,macro,154,0.77,0.9564814814814815,,0.7265856481481481,145
inception_full__b6_star_fixed10,participant_outer_oof,participant,macro_average_ovr,macro,155,0.775,0.9564814814814815,,0.7265856481481481,145
inception_full__b6_star_fixed10,participant_outer_oof,participant,macro_average_ovr,macro,156,0.78,0.9564814814814815,,0.7265856481481481,145
inception_full__b6_star_fixed10,participant_outer_oof,participant,macro_average_ovr,macro,157,0.785,0.9564814814814815,,0.7265856481481481,145
inception_full__b6_star_fixed10,participant_outer_oof,participant,macro_average_ovr,macro,158,0.79,0.962037037037037,,0.7265856481481481,145
inception_full__b6_star_fixed10,participant_outer_oof,participant,macro_average_ovr,macro,159,0.795,0.9703703703703703,,0.7265856481481481,145
inception_full__b6_star_fixed10,participant_outer_oof,participant,macro_average_ovr,macro,160,0.8,0.9759259259259259,,0.7265856481481481,145
inception_full__b6_star_fixed10,participant_outer_oof,participant,macro_average_ovr,macro,161,0.805,0.9759259259259259,,0.7265856481481481,145
inception_full__b6_star_fixed10,participant_outer_oof,participant,macro_average_ovr,macro,162,0.81,0.9759259259259259,,0.7265856481481481,145
inception_full__b6_star_fixed10,participant_outer_oof,participant,macro_average_ovr,macro,163,0.8150000000000001,0.9759259259259259,,0.7265856481481481,145
inception_full__b6_star_fixed10,participant_outer_oof,participant,macro_average_ovr,macro,164,0.8200000000000001,0.9759259259259259,,0.7265856481481481,145
inception_full__b6_star_fixed10,participant_outer_oof,participant,macro_average_ovr,macro,165,0.8250000000000001,0.9759259259259259,,0.7265856481481481,145
inception_full__b6_star_fixed10,participant_outer_oof,participant,macro_average_ovr,macro,166,0.8300000000000001,0.9759259259259259,,0.7265856481481481,145
inception_full__b6_star_fixed10,participant_outer_oof,participant,macro_average_ovr,macro,167,0.835,0.9759259259259259,,0.7265856481481481,145
inception_full__b6_star_fixed10,participant_outer_oof,participant,macro_average_ovr,macro,168,0.84,0.9759259259259259,,0.7265856481481481,145
inception_full__b6_star_fixed10,participant_outer_oof,participant,macro_average_ovr,macro,169,0.845,0.9759259259259259,,0.7265856481481481,145
inception_full__b6_star_fixed10,participant_outer_oof,participant,macro_average_ovr,macro,170,0.85,0.9759259259259259,,0.7265856481481481,145
inception_full__b6_star_fixed10,participant_outer_oof,participant,macro_average_ovr,macro,171,0.855,0.9759259259259259,,0.7265856481481481,145
inception_full__b6_star_fixed10,participant_outer_oof,participant,macro_average_ovr,macro,172,0.86,0.9759259259259259,,0.7265856481481481,145
inception_full__b6_star_fixed10,participant_outer_oof,participant,macro_average_ovr,macro,173,0.865,0.9759259259259259,,0.7265856481481481,145
inception_full__b6_star_fixed10,participant_outer_oof,participant,macro_average_ovr,macro,174,0.87,0.9759259259259259,,0.7265856481481481,145
inception_full__b6_star_fixed10,participant_outer_oof,participant,macro_average_ovr,macro,175,0.875,0.9759259259259259,,0.7265856481481481,145
inception_full__b6_star_fixed10,participant_outer_oof,participant,macro_average_ovr,macro,176,0.88,0.9759259259259259,,0.7265856481481481,145
inception_full__b6_star_fixed10,participant_outer_oof,participant,macro_average_ovr,macro,177,0.885,0.9814814814814815,,0.7265856481481481,145
inception_full__b6_star_fixed10,participant_outer_oof,participant,macro_average_ovr,macro,178,0.89,0.9814814814814815,,0.7265856481481481,145
inception_full__b6_star_fixed10,participant_outer_oof,participant,macro_average_ovr,macro,179,0.895,0.9814814814814815,,0.7265856481481481,145
inception_full__b6_star_fixed10,participant_outer_oof,participant,macro_average_ovr,macro,180,0.9,0.9814814814814815,,0.7265856481481481,145
inception_full__b6_star_fixed10,participant_outer_oof,participant,macro_average_ovr,macro,181,0.905,0.9814814814814815,,0.7265856481481481,145
inception_full__b6_star_fixed10,participant_outer_oof,participant,macro_average_ovr,macro,182,0.91,0.9814814814814815,,0.7265856481481481,145
inception_full__b6_star_fixed10,participant_outer_oof,participant,macro_average_ovr,macro,183,0.915,0.9814814814814815,,0.7265856481481481,145
inception_full__b6_star_fixed10,participant_outer_oof,participant,macro_average_ovr,macro,184,0.92,0.9944444444444445,,0.7265856481481481,145
inception_full__b6_star_fixed10,participant_outer_oof,participant,macro_average_ovr,macro,185,0.925,0.9944444444444445,,0.7265856481481481,145
inception_full__b6_star_fixed10,participant_outer_oof,participant,macro_average_ovr,macro,186,0.93,1.0,,0.7265856481481481,145
inception_full__b6_star_fixed10,participant_outer_oof,participant,macro_average_ovr,macro,187,0.935,1.0,,0.7265856481481481,145
inception_full__b6_star_fixed10,participant_outer_oof,participant,macro_average_ovr,macro,188,0.9400000000000001,1.0,,0.7265856481481481,145
inception_full__b6_star_fixed10,participant_outer_oof,participant,macro_average_ovr,macro,189,0.9450000000000001,1.0,,0.7265856481481481,145
inception_full__b6_star_fixed10,participant_outer_oof,participant,macro_average_ovr,macro,190,0.9500000000000001,1.0,,0.7265856481481481,145
inception_full__b6_star_fixed10,participant_outer_oof,participant,macro_average_ovr,macro,191,0.9550000000000001,1.0,,0.7265856481481481,145
inception_full__b6_star_fixed10,participant_outer_oof,participant,macro_average_ovr,macro,192,0.96,1.0,,0.7265856481481481,145
inception_full__b6_star_fixed10,participant_outer_oof,participant,macro_average_ovr,macro,193,0.965,1.0,,0.7265856481481481,145
inception_full__b6_star_fixed10,participant_outer_oof,participant,macro_average_ovr,macro,194,0.97,1.0,,0.7265856481481481,145
inception_full__b6_star_fixed10,participant_outer_oof,participant,macro_average_ovr,macro,195,0.975,1.0,,0.7265856481481481,145
inception_full__b6_star_fixed10,participant_outer_oof,participant,macro_average_ovr,macro,196,0.98,1.0,,0.7265856481481481,145
inception_full__b6_star_fixed10,participant_outer_oof,participant,macro_average_ovr,macro,197,0.985,1.0,,0.7265856481481481,145
inception_full__b6_star_fixed10,participant_outer_oof,participant,macro_average_ovr,macro,198,0.99,1.0,,0.7265856481481481,145
inception_full__b6_star_fixed10,participant_outer_oof,participant,macro_average_ovr,macro,199,0.995,1.0,,0.7265856481481481,145
inception_full__b6_star_fixed10,participant_outer_oof,participant,macro_average_ovr,macro,200,1.0,1.0,,0.7265856481481481,145
inception_full__b7_star_fixed10,participant_outer_oof,participant,one_vs_rest,0,0,0.0,0.0,,0.7562222222222222,145
inception_full__b7_star_fixed10,participant_outer_oof,participant,one_vs_rest,0,1,0.0,0.022222222222222223,0.9999991852173498,0.7562222222222222,145
inception_full__b7_star_fixed10,participant_outer_oof,participant,one_vs_rest,0,2,0.0,0.06666666666666667,0.9974406656251975,0.7562222222222222,145
inception_full__b7_star_fixed10,participant_outer_oof,participant,one_vs_rest,0,3,0.01,0.06666666666666667,0.98709556262119,0.7562222222222222,145
inception_full__b7_star_fixed10,participant_outer_oof,participant,one_vs_rest,0,4,0.01,0.1111111111111111,0.9781989117712596,0.7562222222222222,145
inception_full__b7_star_fixed10,participant_outer_oof,participant,one_vs_rest,0,5,0.03,0.1111111111111111,0.9650094393204087,0.7562222222222222,145
inception_full__b7_star_fixed10,participant_outer_oof,participant,one_vs_rest,0,6,0.03,0.13333333333333333,0.9622263564101263,0.7562222222222222,145
inception_full__b7_star_fixed10,participant_outer_oof,participant,one_vs_rest,0,7,0.04,0.13333333333333333,0.9496762600361162,0.7562222222222222,145
inception_full__b7_star_fixed10,participant_outer_oof,participant,one_vs_rest,0,8,0.04,0.17777777777777778,0.9395469434405779,0.7562222222222222,145
inception_full__b7_star_fixed10,participant_outer_oof,participant,one_vs_rest,0,9,0.05,0.17777777777777778,0.9311531397847326,0.7562222222222222,145
inception_full__b7_star_fixed10,participant_outer_oof,participant,one_vs_rest,0,10,0.05,0.2,0.9262559905243499,0.7562222222222222,145
inception_full__b7_star_fixed10,participant_outer_oof,participant,one_vs_rest,0,11,0.06,0.2,0.9119878753892576,0.7562222222222222,145
inception_full__b7_star_fixed10,participant_outer_oof,participant,one_vs_rest,0,12,0.06,0.28888888888888886,0.8720023194397605,0.7562222222222222,145
inception_full__b7_star_fixed10,participant_outer_oof,participant,one_vs_rest,0,13,0.07,0.28888888888888886,0.8576447426114437,0.7562222222222222,145
inception_full__b7_star_fixed10,participant_outer_oof,participant,one_vs_rest,0,14,0.07,0.3111111111111111,0.8301414780676108,0.7562222222222222,145
inception_full__b7_star_fixed10,participant_outer_oof,participant,one_vs_rest,0,15,0.08,0.3111111111111111,0.8113513610591084,0.7562222222222222,145
inception_full__b7_star_fixed10,participant_outer_oof,participant,one_vs_rest,0,16,0.08,0.3333333333333333,0.80630568741994,0.7562222222222222,145
inception_full__b7_star_fixed10,participant_outer_oof,participant,one_vs_rest,0,17,0.09,0.3333333333333333,0.7940984956014349,0.7562222222222222,145
inception_full__b7_star_fixed10,participant_outer_oof,participant,one_vs_rest,0,18,0.09,0.35555555555555557,0.7613040047826733,0.7562222222222222,145
inception_full__b7_star_fixed10,participant_outer_oof,participant,one_vs_rest,0,19,0.11,0.35555555555555557,0.741110818556326,0.7562222222222222,145
inception_full__b7_star_fixed10,participant_outer_oof,participant,one_vs_rest,0,20,0.11,0.37777777777777777,0.7292566399280608,0.7562222222222222,145
inception_full__b7_star_fixed10,participant_outer_oof,participant,one_vs_rest,0,21,0.17,0.37777777777777777,0.6745378447536995,0.7562222222222222,145
inception_full__b7_star_fixed10,participant_outer_oof,participant,one_vs_rest,0,22,0.17,0.4888888888888889,0.6130993943741235,0.7562222222222222,145
inception_full__b7_star_fixed10,participant_outer_oof,participant,one_vs_rest,0,23,0.22,0.4888888888888889,0.5551517931292832,0.7562222222222222,145
inception_full__b7_star_fixed10,participant_outer_oof,participant,one_vs_rest,0,24,0.22,0.6,0.4558203334746084,0.7562222222222222,145
inception_full__b7_star_fixed10,participant_outer_oof,participant,one_vs_rest,0,25,0.29,0.6,0.2935838524985869,0.7562222222222222,145
inception_full__b7_star_fixed10,participant_outer_oof,participant,one_vs_rest,0,26,0.29,0.6222222222222222,0.29017481480573803,0.7562222222222222,145
inception_full__b7_star_fixed10,participant_outer_oof,participant,one_vs_rest,0,27,0.34,0.6222222222222222,0.254925172723719,0.7562222222222222,145
inception_full__b7_star_fixed10,participant_outer_oof,participant,one_vs_rest,0,28,0.34,0.7555555555555555,0.19044543986154286,0.7562222222222222,145
inception_full__b7_star_fixed10,participant_outer_oof,participant,one_vs_rest,0,29,0.35,0.7555555555555555,0.16945977067478096,0.7562222222222222,145
inception_full__b7_star_fixed10,participant_outer_oof,participant,one_vs_rest,0,30,0.35,0.8,0.16204326076309328,0.7562222222222222,145
inception_full__b7_star_fixed10,participant_outer_oof,participant,one_vs_rest,0,31,0.37,0.8,0.14899933853695702,0.7562222222222222,145
inception_full__b7_star_fixed10,participant_outer_oof,participant,one_vs_rest,0,32,0.37,0.8222222222222222,0.14284512817104367,0.7562222222222222,145
inception_full__b7_star_fixed10,participant_outer_oof,participant,one_vs_rest,0,33,0.38,0.8222222222222222,0.14175137660572074,0.7562222222222222,145
inception_full__b7_star_fixed10,participant_outer_oof,participant,one_vs_rest,0,34,0.38,0.8444444444444444,0.14136649564498624,0.7562222222222222,145
inception_full__b7_star_fixed10,participant_outer_oof,participant,one_vs_rest,0,35,0.39,0.8444444444444444,0.13332475110102116,0.7562222222222222,145
inception_full__b7_star_fixed10,participant_outer_oof,participant,one_vs_rest,0,36,0.39,0.8666666666666667,0.12157794207770825,0.7562222222222222,145
inception_full__b7_star_fixed10,participant_outer_oof,participant,one_vs_rest,0,37,0.52,0.8666666666666667,0.06531942070253124,0.7562222222222222,145
inception_full__b7_star_fixed10,participant_outer_oof,participant,one_vs_rest,0,38,0.52,0.8888888888888888,0.0650916020124298,0.7562222222222222,145
inception_full__b7_star_fixed10,participant_outer_oof,participant,one_vs_rest,0,39,0.55,0.8888888888888888,0.049213671006902646,0.7562222222222222,145
inception_full__b7_star_fixed10,participant_outer_oof,participant,one_vs_rest,0,40,0.55,0.9111111111111111,0.04918447177624263,0.7562222222222222,145
inception_full__b7_star_fixed10,participant_outer_oof,participant,one_vs_rest,0,41,0.56,0.9111111111111111,0.048577259848310565,0.7562222222222222,145
inception_full__b7_star_fixed10,participant_outer_oof,participant,one_vs_rest,0,42,0.56,0.9333333333333333,0.04757876644295139,0.7562222222222222,145
inception_full__b7_star_fixed10,participant_outer_oof,participant,one_vs_rest,0,43,0.78,0.9333333333333333,0.003477936828579624,0.7562222222222222,145
inception_full__b7_star_fixed10,participant_outer_oof,participant,one_vs_rest,0,44,0.78,0.9555555555555556,0.003157853221228016,0.7562222222222222,145
inception_full__b7_star_fixed10,participant_outer_oof,participant,one_vs_rest,0,45,0.8,0.9555555555555556,0.002468463704171135,0.7562222222222222,145
inception_full__b7_star_fixed10,participant_outer_oof,participant,one_vs_rest,0,46,0.8,0.9777777777777777,0.0024564086239387377,0.7562222222222222,145
inception_full__b7_star_fixed10,participant_outer_oof,participant,one_vs_rest,0,47,0.87,0.9777777777777777,0.00027392460556658265,0.7562222222222222,145
inception_full__b7_star_fixed10,participant_outer_oof,participant,one_vs_rest,0,48,0.87,1.0,8.376059355498064e-05,0.7562222222222222,145
inception_full__b7_star_fixed10,participant_outer_oof,participant,one_vs_rest,0,49,1.0,1.0,5.025079979149144e-09,0.7562222222222222,145
inception_full__b7_star_fixed10,participant_outer_oof,participant,one_vs_rest,1,0,0.0,0.0,,0.6015686274509804,145
inception_full__b7_star_fixed10,participant_outer_oof,participant,one_vs_rest,1,1,0.0,0.016666666666666666,0.9947227718959507,0.6015686274509804,145
inception_full__b7_star_fixed10,participant_outer_oof,participant,one_vs_rest,1,2,0.03529411764705882,0.016666666666666666,0.981748662049485,0.6015686274509804,145
inception_full__b7_star_fixed10,participant_outer_oof,participant,one_vs_rest,1,3,0.03529411764705882,0.05,0.9683674124081885,0.6015686274509804,145
inception_full__b7_star_fixed10,participant_outer_oof,participant,one_vs_rest,1,4,0.047058823529411764,0.05,0.966299192755419,0.6015686274509804,145
inception_full__b7_star_fixed10,participant_outer_oof,participant,one_vs_rest,1,5,0.047058823529411764,0.06666666666666667,0.9633307761418851,0.6015686274509804,145
inception_full__b7_star_fixed10,participant_outer_oof,participant,one_vs_rest,1,6,0.058823529411764705,0.06666666666666667,0.956505381947503,0.6015686274509804,145
inception_full__b7_star_fixed10,participant_outer_oof,participant,one_vs_rest,1,7,0.058823529411764705,0.11666666666666667,0.9010562651053249,0.6015686274509804,145
inception_full__b7_star_fixed10,participant_outer_oof,participant,one_vs_rest,1,8,0.07058823529411765,0.11666666666666667,0.8948983759147866,0.6015686274509804,145
inception_full__b7_star_fixed10,participant_outer_oof,participant,one_vs_rest,1,9,0.07058823529411765,0.18333333333333332,0.8743261548714479,0.6015686274509804,145
inception_full__b7_star_fixed10,participant_outer_oof,participant,one_vs_rest,1,10,0.08235294117647059,0.18333333333333332,0.8529383554546831,0.6015686274509804,145
inception_full__b7_star_fixed10,participant_outer_oof,participant,one_vs_rest,1,11,0.08235294117647059,0.2,0.8396068794818059,0.6015686274509804,145
inception_full__b7_star_fixed10,participant_outer_oof,participant,one_vs_rest,1,12,0.10588235294117647,0.2,0.8342047740152049,0.6015686274509804,145
inception_full__b7_star_fixed10,participant_outer_oof,participant,one_vs_rest,1,13,0.10588235294117647,0.21666666666666667,0.8255580408227218,0.6015686274509804,145
inception_full__b7_star_fixed10,participant_outer_oof,participant,one_vs_rest,1,14,0.11764705882352941,0.21666666666666667,0.8245880416075135,0.6015686274509804,145
inception_full__b7_star_fixed10,participant_outer_oof,participant,one_vs_rest,1,15,0.11764705882352941,0.26666666666666666,0.8049182847715349,0.6015686274509804,145
inception_full__b7_star_fixed10,participant_outer_oof,participant,one_vs_rest,1,16,0.1411764705882353,0.26666666666666666,0.7993754486091951,0.6015686274509804,145
inception_full__b7_star_fixed10,participant_outer_oof,participant,one_vs_rest,1,17,0.1411764705882353,0.3,0.7973913597052313,0.6015686274509804,145
inception_full__b7_star_fixed10,participant_outer_oof,participant,one_vs_rest,1,18,0.16470588235294117,0.3,0.7724929141306698,0.6015686274509804,145
inception_full__b7_star_fixed10,participant_outer_oof,participant,one_vs_rest,1,19,0.16470588235294117,0.31666666666666665,0.7561502518200555,0.6015686274509804,145
inception_full__b7_star_fixed10,participant_outer_oof,participant,one_vs_rest,1,20,0.23529411764705882,0.31666666666666665,0.7072802535502757,0.6015686274509804,145
inception_full__b7_star_fixed10,participant_outer_oof,participant,one_vs_rest,1,21,0.23529411764705882,0.3333333333333333,0.7061852887676442,0.6015686274509804,145
inception_full__b7_star_fixed10,participant_outer_oof,participant,one_vs_rest,1,22,0.27058823529411763,0.3333333333333333,0.6722354165482513,0.6015686274509804,145
inception_full__b7_star_fixed10,participant_outer_oof,participant,one_vs_rest,1,23,0.27058823529411763,0.35,0.6662485610039204,0.6015686274509804,145
inception_full__b7_star_fixed10,participant_outer_oof,participant,one_vs_rest,1,24,0.29411764705882354,0.35,0.6320671324071885,0.6015686274509804,145
inception_full__b7_star_fixed10,participant_outer_oof,participant,one_vs_rest,1,25,0.29411764705882354,0.38333333333333336,0.6231172538527511,0.6015686274509804,145
inception_full__b7_star_fixed10,participant_outer_oof,participant,one_vs_rest,1,26,0.3058823529411765,0.38333333333333336,0.6021176145147784,0.6015686274509804,145
inception_full__b7_star_fixed10,participant_outer_oof,participant,one_vs_rest,1,27,0.3058823529411765,0.4166666666666667,0.59028238260561,0.6015686274509804,145
inception_full__b7_star_fixed10,participant_outer_oof,participant,one_vs_rest,1,28,0.3176470588235294,0.4166666666666667,0.5895387726939167,0.6015686274509804,145
inception_full__b7_star_fixed10,participant_outer_oof,participant,one_vs_rest,1,29,0.3176470588235294,0.45,0.5592948355787326,0.6015686274509804,145
inception_full__b7_star_fixed10,participant_outer_oof,participant,one_vs_rest,1,30,0.32941176470588235,0.45,0.5568037554253271,0.6015686274509804,145
inception_full__b7_star_fixed10,participant_outer_oof,participant,one_vs_rest,1,31,0.32941176470588235,0.4666666666666667,0.5523410281129986,0.6015686274509804,145
inception_full__b7_star_fixed10,participant_outer_oof,participant,one_vs_rest,1,32,0.36470588235294116,0.4666666666666667,0.49741784117060134,0.6015686274509804,145
inception_full__b7_star_fixed10,participant_outer_oof,participant,one_vs_rest,1,33,0.36470588235294116,0.48333333333333334,0.49192167159097105,0.6015686274509804,145
inception_full__b7_star_fixed10,participant_outer_oof,participant,one_vs_rest,1,34,0.4,0.48333333333333334,0.4773254905459757,0.6015686274509804,145
inception_full__b7_star_fixed10,participant_outer_oof,participant,one_vs_rest,1,35,0.4,0.5,0.4628106011349093,0.6015686274509804,145
inception_full__b7_star_fixed10,participant_outer_oof,participant,one_vs_rest,1,36,0.4235294117647059,0.5,0.450828496991027,0.6015686274509804,145
inception_full__b7_star_fixed10,participant_outer_oof,participant,one_vs_rest,1,37,0.4235294117647059,0.5333333333333333,0.43829034905195985,0.6015686274509804,145
inception_full__b7_star_fixed10,participant_outer_oof,participant,one_vs_rest,1,38,0.43529411764705883,0.5333333333333333,0.4324290100224813,0.6015686274509804,145
inception_full__b7_star_fixed10,participant_outer_oof,participant,one_vs_rest,1,39,0.43529411764705883,0.55,0.4314522927149092,0.6015686274509804,145
inception_full__b7_star_fixed10,participant_outer_oof,participant,one_vs_rest,1,40,0.4470588235294118,0.55,0.39272220198297414,0.6015686274509804,145
inception_full__b7_star_fixed10,participant_outer_oof,participant,one_vs_rest,1,41,0.4470588235294118,0.5666666666666667,0.3913178664206841,0.6015686274509804,145
inception_full__b7_star_fixed10,participant_outer_oof,participant,one_vs_rest,1,42,0.4823529411764706,0.5666666666666667,0.3637006525692576,0.6015686274509804,145
inception_full__b7_star_fixed10,participant_outer_oof,participant,one_vs_rest,1,43,0.4823529411764706,0.5833333333333334,0.3587604268781626,0.6015686274509804,145
inception_full__b7_star_fixed10,participant_outer_oof,participant,one_vs_rest,1,44,0.5176470588235295,0.5833333333333334,0.33966051673495806,0.6015686274509804,145
inception_full__b7_star_fixed10,participant_outer_oof,participant,one_vs_rest,1,45,0.5176470588235295,0.6333333333333333,0.2930634602268336,0.6015686274509804,145
inception_full__b7_star_fixed10,participant_outer_oof,participant,one_vs_rest,1,46,0.5647058823529412,0.6333333333333333,0.2674149614423455,0.6015686274509804,145
inception_full__b7_star_fixed10,participant_outer_oof,participant,one_vs_rest,1,47,0.5647058823529412,0.7333333333333333,0.24994860757579707,0.6015686274509804,145
inception_full__b7_star_fixed10,participant_outer_oof,participant,one_vs_rest,1,48,0.5764705882352941,0.7333333333333333,0.23617252098414876,0.6015686274509804,145
inception_full__b7_star_fixed10,participant_outer_oof,participant,one_vs_rest,1,49,0.5764705882352941,0.75,0.22399091597005372,0.6015686274509804,145
inception_full__b7_star_fixed10,participant_outer_oof,participant,one_vs_rest,1,50,0.5882352941176471,0.75,0.21922151456685426,0.6015686274509804,145
inception_full__b7_star_fixed10,participant_outer_oof,participant,one_vs_rest,1,51,0.5882352941176471,0.8,0.16665171544754706,0.6015686274509804,145
inception_full__b7_star_fixed10,participant_outer_oof,participant,one_vs_rest,1,52,0.6588235294117647,0.8,0.09587787925416738,0.6015686274509804,145
inception_full__b7_star_fixed10,participant_outer_oof,participant,one_vs_rest,1,53,0.6588235294117647,0.8166666666666667,0.09515944463225573,0.6015686274509804,145
inception_full__b7_star_fixed10,participant_outer_oof,participant,one_vs_rest,1,54,0.6705882352941176,0.8166666666666667,0.09055300229252523,0.6015686274509804,145
inception_full__b7_star_fixed10,participant_outer_oof,participant,one_vs_rest,1,55,0.6705882352941176,0.85,0.07795307975911389,0.6015686274509804,145
inception_full__b7_star_fixed10,participant_outer_oof,participant,one_vs_rest,1,56,0.6941176470588235,0.85,0.06873968331711075,0.6015686274509804,145
inception_full__b7_star_fixed10,participant_outer_oof,participant,one_vs_rest,1,57,0.6941176470588235,0.8666666666666667,0.06610148739059754,0.6015686274509804,145
inception_full__b7_star_fixed10,participant_outer_oof,participant,one_vs_rest,1,58,0.7294117647058823,0.8666666666666667,0.05962393698012798,0.6015686274509804,145
inception_full__b7_star_fixed10,participant_outer_oof,participant,one_vs_rest,1,59,0.7294117647058823,0.8833333333333333,0.058216446463790164,0.6015686274509804,145
inception_full__b7_star_fixed10,participant_outer_oof,participant,one_vs_rest,1,60,0.8117647058823529,0.8833333333333333,0.029261890763094784,0.6015686274509804,145
inception_full__b7_star_fixed10,participant_outer_oof,participant,one_vs_rest,1,61,0.8117647058823529,0.9,0.028028824085739524,0.6015686274509804,145
inception_full__b7_star_fixed10,participant_outer_oof,participant,one_vs_rest,1,62,0.8235294117647058,0.9,0.027084903786699942,0.6015686274509804,145
inception_full__b7_star_fixed10,participant_outer_oof,participant,one_vs_rest,1,63,0.8235294117647058,0.9333333333333333,0.021829402524485477,0.6015686274509804,145
inception_full__b7_star_fixed10,participant_outer_oof,participant,one_vs_rest,1,64,0.8470588235294118,0.9333333333333333,0.018267318208891423,0.6015686274509804,145
inception_full__b7_star_fixed10,participant_outer_oof,participant,one_vs_rest,1,65,0.8470588235294118,0.9666666666666667,0.016233352674710055,0.6015686274509804,145
inception_full__b7_star_fixed10,participant_outer_oof,participant,one_vs_rest,1,66,0.8823529411764706,0.9666666666666667,0.010776914011714926,0.6015686274509804,145
inception_full__b7_star_fixed10,participant_outer_oof,participant,one_vs_rest,1,67,0.8823529411764706,0.9833333333333333,0.009271077974386947,0.6015686274509804,145
inception_full__b7_star_fixed10,participant_outer_oof,participant,one_vs_rest,1,68,0.9529411764705882,0.9833333333333333,0.00026970640979247327,0.6015686274509804,145
inception_full__b7_star_fixed10,participant_outer_oof,participant,one_vs_rest,1,69,0.9529411764705882,1.0,2.291624423570489e-05,0.6015686274509804,145
inception_full__b7_star_fixed10,participant_outer_oof,participant,one_vs_rest,1,70,1.0,1.0,7.058216043208309e-07,0.6015686274509804,145
inception_full__b7_star_fixed10,participant_outer_oof,participant,one_vs_rest,2,0,0.0,0.0,,0.8321428571428572,145
inception_full__b7_star_fixed10,participant_outer_oof,participant,one_vs_rest,2,1,0.0,0.025,0.9997228524435435,0.8321428571428572,145
inception_full__b7_star_fixed10,participant_outer_oof,participant,one_vs_rest,2,2,0.0,0.325,0.9272701803061011,0.8321428571428572,145
inception_full__b7_star_fixed10,participant_outer_oof,participant,one_vs_rest,2,3,0.01904761904761905,0.325,0.8885951628447875,0.8321428571428572,145
inception_full__b7_star_fixed10,participant_outer_oof,participant,one_vs_rest,2,4,0.01904761904761905,0.475,0.7325790973017311,0.8321428571428572,145
inception_full__b7_star_fixed10,participant_outer_oof,participant,one_vs_rest,2,5,0.02857142857142857,0.475,0.7264429484155369,0.8321428571428572,145
inception_full__b7_star_fixed10,participant_outer_oof,participant,one_vs_rest,2,6,0.02857142857142857,0.525,0.6550472032660957,0.8321428571428572,145
inception_full__b7_star_fixed10,participant_outer_oof,participant,one_vs_rest,2,7,0.047619047619047616,0.525,0.6429311892539529,0.8321428571428572,145
inception_full__b7_star_fixed10,participant_outer_oof,participant,one_vs_rest,2,8,0.047619047619047616,0.625,0.5661812618834954,0.8321428571428572,145
inception_full__b7_star_fixed10,participant_outer_oof,participant,one_vs_rest,2,9,0.08571428571428572,0.625,0.47535738247829473,0.8321428571428572,145
inception_full__b7_star_fixed10,participant_outer_oof,participant,one_vs_rest,2,10,0.08571428571428572,0.65,0.4460027489587173,0.8321428571428572,145
inception_full__b7_star_fixed10,participant_outer_oof,participant,one_vs_rest,2,11,0.13333333333333333,0.65,0.36807952558240853,0.8321428571428572,145
inception_full__b7_star_fixed10,participant_outer_oof,participant,one_vs_rest,2,12,0.13333333333333333,0.675,0.3678552260304947,0.8321428571428572,145
inception_full__b7_star_fixed10,participant_outer_oof,participant,one_vs_rest,2,13,0.19047619047619047,0.675,0.2785801116755061,0.8321428571428572,145
inception_full__b7_star_fixed10,participant_outer_oof,participant,one_vs_rest,2,14,0.19047619047619047,0.75,0.265218740415959,0.8321428571428572,145
inception_full__b7_star_fixed10,participant_outer_oof,participant,one_vs_rest,2,15,0.2761904761904762,0.75,0.18407210187407969,0.8321428571428572,145
inception_full__b7_star_fixed10,participant_outer_oof,participant,one_vs_rest,2,16,0.2761904761904762,0.775,0.17193402156390686,0.8321428571428572,145
inception_full__b7_star_fixed10,participant_outer_oof,participant,one_vs_rest,2,17,0.3238095238095238,0.775,0.14570383771959766,0.8321428571428572,145
inception_full__b7_star_fixed10,participant_outer_oof,participant,one_vs_rest,2,18,0.3238095238095238,0.8,0.12798555292603334,0.8321428571428572,145
inception_full__b7_star_fixed10,participant_outer_oof,participant,one_vs_rest,2,19,0.47619047619047616,0.8,0.0471958127563004,0.8321428571428572,145
inception_full__b7_star_fixed10,participant_outer_oof,participant,one_vs_rest,2,20,0.47619047619047616,0.825,0.04349274925048023,0.8321428571428572,145
inception_full__b7_star_fixed10,participant_outer_oof,participant,one_vs_rest,2,21,0.5904761904761905,0.825,0.019506325380982282,0.8321428571428572,145
inception_full__b7_star_fixed10,participant_outer_oof,participant,one_vs_rest,2,22,0.5904761904761905,0.85,0.018472107431035292,0.8321428571428572,145
inception_full__b7_star_fixed10,participant_outer_oof,participant,one_vs_rest,2,23,0.6,0.85,0.017865256872377205,0.8321428571428572,145
inception_full__b7_star_fixed10,participant_outer_oof,participant,one_vs_rest,2,24,0.6,0.875,0.017851949236099035,0.8321428571428572,145
inception_full__b7_star_fixed10,participant_outer_oof,participant,one_vs_rest,2,25,0.6285714285714286,0.875,0.015394780705971186,0.8321428571428572,145
inception_full__b7_star_fixed10,participant_outer_oof,participant,one_vs_rest,2,26,0.6285714285714286,0.9,0.014818257125481982,0.8321428571428572,145
inception_full__b7_star_fixed10,participant_outer_oof,participant,one_vs_rest,2,27,0.638095238095238,0.9,0.014584083994671685,0.8321428571428572,145
inception_full__b7_star_fixed10,participant_outer_oof,participant,one_vs_rest,2,28,0.638095238095238,0.975,0.011038442176260679,0.8321428571428572,145
inception_full__b7_star_fixed10,participant_outer_oof,participant,one_vs_rest,2,29,0.7523809523809524,0.975,0.0037638498320453303,0.8321428571428572,145
inception_full__b7_star_fixed10,participant_outer_oof,participant,one_vs_rest,2,30,0.7523809523809524,1.0,0.003636600230091992,0.8321428571428572,145
inception_full__b7_star_fixed10,participant_outer_oof,participant,one_vs_rest,2,31,1.0,1.0,1.0896104599000481e-07,0.8321428571428572,145
inception_full__b7_star_fixed10,participant_outer_oof,participant,macro_average_ovr,macro,0,0.0,0.1361111111111111,,0.7308587962962962,145
inception_full__b7_star_fixed10,participant_outer_oof,participant,macro_average_ovr,macro,1,0.005,0.1361111111111111,,0.7308587962962962,145
inception_full__b7_star_fixed10,participant_outer_oof,participant,macro_average_ovr,macro,2,0.01,0.15092592592592594,,0.7308587962962962,145
inception_full__b7_star_fixed10,participant_outer_oof,participant,macro_average_ovr,macro,3,0.015,0.15092592592592594,,0.7308587962962962,145
inception_full__b7_star_fixed10,participant_outer_oof,participant,macro_average_ovr,macro,4,0.02,0.20092592592592592,,0.7308587962962962,145
inception_full__b7_star_fixed10,participant_outer_oof,participant,macro_average_ovr,macro,5,0.025,0.20092592592592592,,0.7308587962962962,145
inception_full__b7_star_fixed10,participant_outer_oof,participant,macro_average_ovr,macro,6,0.03,0.225,,0.7308587962962962,145
inception_full__b7_star_fixed10,participant_outer_oof,participant,macro_average_ovr,macro,7,0.035,0.225,,0.7308587962962962,145
inception_full__b7_star_fixed10,participant_outer_oof,participant,macro_average_ovr,macro,8,0.04,0.25092592592592594,,0.7308587962962962,145
inception_full__b7_star_fixed10,participant_outer_oof,participant,macro_average_ovr,macro,9,0.045,0.25092592592592594,,0.7308587962962962,145
inception_full__b7_star_fixed10,participant_outer_oof,participant,macro_average_ovr,macro,10,0.05,0.2972222222222222,,0.7308587962962962,145
inception_full__b7_star_fixed10,participant_outer_oof,participant,macro_average_ovr,macro,11,0.055,0.2972222222222222,,0.7308587962962962,145
inception_full__b7_star_fixed10,participant_outer_oof,participant,macro_average_ovr,macro,12,0.06,0.3435185185185185,,0.7308587962962962,145
inception_full__b7_star_fixed10,participant_outer_oof,participant,macro_average_ovr,macro,13,0.065,0.3435185185185185,,0.7308587962962962,145
inception_full__b7_star_fixed10,participant_outer_oof,participant,macro_average_ovr,macro,14,0.07,0.3509259259259259,,0.7308587962962962,145
inception_full__b7_star_fixed10,participant_outer_oof,participant,macro_average_ovr,macro,15,0.075,0.3731481481481482,,0.7308587962962962,145
inception_full__b7_star_fixed10,participant_outer_oof,participant,macro_average_ovr,macro,16,0.08,0.38055555555555554,,0.7308587962962962,145
inception_full__b7_star_fixed10,participant_outer_oof,participant,macro_average_ovr,macro,17,0.085,0.38611111111111107,,0.7308587962962962,145
inception_full__b7_star_fixed10,participant_outer_oof,participant,macro_average_ovr,macro,18,0.09,0.4018518518518519,,0.7308587962962962,145
inception_full__b7_star_fixed10,participant_outer_oof,participant,macro_average_ovr,macro,19,0.095,0.4018518518518519,,0.7308587962962962,145
inception_full__b7_star_fixed10,participant_outer_oof,participant,macro_average_ovr,macro,20,0.1,0.4018518518518519,,0.7308587962962962,145
inception_full__b7_star_fixed10,participant_outer_oof,participant,macro_average_ovr,macro,21,0.105,0.4018518518518519,,0.7308587962962962,145
inception_full__b7_star_fixed10,participant_outer_oof,participant,macro_average_ovr,macro,22,0.11,0.4148148148148148,,0.7308587962962962,145
inception_full__b7_star_fixed10,participant_outer_oof,participant,macro_average_ovr,macro,23,0.115,0.4148148148148148,,0.7308587962962962,145
inception_full__b7_star_fixed10,participant_outer_oof,participant,macro_average_ovr,macro,24,0.12,0.4314814814814814,,0.7308587962962962,145
inception_full__b7_star_fixed10,participant_outer_oof,participant,macro_average_ovr,macro,25,0.125,0.4314814814814814,,0.7308587962962962,145
inception_full__b7_star_fixed10,participant_outer_oof,participant,macro_average_ovr,macro,26,0.13,0.4314814814814814,,0.7308587962962962,145
inception_full__b7_star_fixed10,participant_outer_oof,participant,macro_average_ovr,macro,27,0.135,0.4398148148148148,,0.7308587962962962,145
inception_full__b7_star_fixed10,participant_outer_oof,participant,macro_average_ovr,macro,28,0.14,0.4398148148148148,,0.7308587962962962,145
inception_full__b7_star_fixed10,participant_outer_oof,participant,macro_average_ovr,macro,29,0.145,0.45092592592592595,,0.7308587962962962,145
inception_full__b7_star_fixed10,participant_outer_oof,participant,macro_average_ovr,macro,30,0.15,0.45092592592592595,,0.7308587962962962,145
inception_full__b7_star_fixed10,participant_outer_oof,participant,macro_average_ovr,macro,31,0.155,0.45092592592592595,,0.7308587962962962,145
inception_full__b7_star_fixed10,participant_outer_oof,participant,macro_average_ovr,macro,32,0.16,0.45092592592592595,,0.7308587962962962,145
inception_full__b7_star_fixed10,participant_outer_oof,participant,macro_average_ovr,macro,33,0.165,0.4564814814814815,,0.7308587962962962,145
inception_full__b7_star_fixed10,participant_outer_oof,participant,macro_average_ovr,macro,34,0.17,0.4935185185185185,,0.7308587962962962,145
inception_full__b7_star_fixed10,participant_outer_oof,participant,macro_average_ovr,macro,35,0.17500000000000002,0.4935185185185185,,0.7308587962962962,145
inception_full__b7_star_fixed10,participant_outer_oof,participant,macro_average_ovr,macro,36,0.18,0.4935185185185185,,0.7308587962962962,145
inception_full__b7_star_fixed10,participant_outer_oof,participant,macro_average_ovr,macro,37,0.185,0.4935185185185185,,0.7308587962962962,145
inception_full__b7_star_fixed10,participant_outer_oof,participant,macro_average_ovr,macro,38,0.19,0.4935185185185185,,0.7308587962962962,145
inception_full__b7_star_fixed10,participant_outer_oof,participant,macro_average_ovr,macro,39,0.195,0.5185185185185185,,0.7308587962962962,145
inception_full__b7_star_fixed10,participant_outer_oof,participant,macro_average_ovr,macro,40,0.2,0.5185185185185185,,0.7308587962962962,145
inception_full__b7_star_fixed10,participant_outer_oof,participant,macro_average_ovr,macro,41,0.20500000000000002,0.5185185185185185,,0.7308587962962962,145
inception_full__b7_star_fixed10,participant_outer_oof,participant,macro_average_ovr,macro,42,0.21,0.5185185185185185,,0.7308587962962962,145
inception_full__b7_star_fixed10,participant_outer_oof,participant,macro_average_ovr,macro,43,0.215,0.5185185185185185,,0.7308587962962962,145
inception_full__b7_star_fixed10,participant_outer_oof,participant,macro_average_ovr,macro,44,0.22,0.5555555555555555,,0.7308587962962962,145
inception_full__b7_star_fixed10,participant_outer_oof,participant,macro_average_ovr,macro,45,0.225,0.5555555555555555,,0.7308587962962962,145
inception_full__b7_star_fixed10,participant_outer_oof,participant,macro_average_ovr,macro,46,0.23,0.5555555555555555,,0.7308587962962962,145
inception_full__b7_star_fixed10,participant_outer_oof,participant,macro_average_ovr,macro,47,0.23500000000000001,0.5555555555555555,,0.7308587962962962,145
inception_full__b7_star_fixed10,participant_outer_oof,participant,macro_average_ovr,macro,48,0.24,0.5611111111111111,,0.7308587962962962,145
inception_full__b7_star_fixed10,participant_outer_oof,participant,macro_average_ovr,macro,49,0.245,0.5611111111111111,,0.7308587962962962,145
inception_full__b7_star_fixed10,participant_outer_oof,participant,macro_average_ovr,macro,50,0.25,0.5611111111111111,,0.7308587962962962,145
inception_full__b7_star_fixed10,participant_outer_oof,participant,macro_average_ovr,macro,51,0.255,0.5611111111111111,,0.7308587962962962,145
inception_full__b7_star_fixed10,participant_outer_oof,participant,macro_average_ovr,macro,52,0.26,0.5611111111111111,,0.7308587962962962,145
inception_full__b7_star_fixed10,participant_outer_oof,participant,macro_average_ovr,macro,53,0.265,0.5611111111111111,,0.7308587962962962,145
inception_full__b7_star_fixed10,participant_outer_oof,participant,macro_average_ovr,macro,54,0.27,0.5611111111111111,,0.7308587962962962,145
inception_full__b7_star_fixed10,participant_outer_oof,participant,macro_average_ovr,macro,55,0.275,0.5666666666666667,,0.7308587962962962,145
inception_full__b7_star_fixed10,participant_outer_oof,participant,macro_average_ovr,macro,56,0.28,0.5750000000000001,,0.7308587962962962,145
inception_full__b7_star_fixed10,participant_outer_oof,participant,macro_average_ovr,macro,57,0.28500000000000003,0.5750000000000001,,0.7308587962962962,145
inception_full__b7_star_fixed10,participant_outer_oof,participant,macro_average_ovr,macro,58,0.29,0.5824074074074074,,0.7308587962962962,145
inception_full__b7_star_fixed10,participant_outer_oof,participant,macro_average_ovr,macro,59,0.295,0.5935185185185184,,0.7308587962962962,145
inception_full__b7_star_fixed10,participant_outer_oof,participant,macro_average_ovr,macro,60,0.3,0.5935185185185184,,0.7308587962962962,145
inception_full__b7_star_fixed10,participant_outer_oof,participant,macro_average_ovr,macro,61,0.305,0.5935185185185184,,0.7308587962962962,145
inception_full__b7_star_fixed10,participant_outer_oof,participant,macro_average_ovr,macro,62,0.31,0.6046296296296297,,0.7308587962962962,145
inception_full__b7_star_fixed10,participant_outer_oof,participant,macro_average_ovr,macro,63,0.315,0.6046296296296297,,0.7308587962962962,145
inception_full__b7_star_fixed10,participant_outer_oof,participant,macro_average_ovr,macro,64,0.32,0.6157407407407408,,0.7308587962962962,145
inception_full__b7_star_fixed10,participant_outer_oof,participant,macro_average_ovr,macro,65,0.325,0.6240740740740741,,0.7308587962962962,145
inception_full__b7_star_fixed10,participant_outer_oof,participant,macro_average_ovr,macro,66,0.33,0.6296296296296297,,0.7308587962962962,145
inception_full__b7_star_fixed10,participant_outer_oof,participant,macro_average_ovr,macro,67,0.335,0.6296296296296297,,0.7308587962962962,145
inception_full__b7_star_fixed10,participant_outer_oof,participant,macro_average_ovr,macro,68,0.34,0.674074074074074,,0.7308587962962962,145
inception_full__b7_star_fixed10,participant_outer_oof,participant,macro_average_ovr,macro,69,0.34500000000000003,0.674074074074074,,0.7308587962962962,145
inception_full__b7_star_fixed10,participant_outer_oof,participant,macro_average_ovr,macro,70,0.35000000000000003,0.6888888888888888,,0.7308587962962962,145
inception_full__b7_star_fixed10,participant_outer_oof,participant,macro_average_ovr,macro,71,0.355,0.6888888888888888,,0.7308587962962962,145
inception_full__b7_star_fixed10,participant_outer_oof,participant,macro_average_ovr,macro,72,0.36,0.6888888888888888,,0.7308587962962962,145
inception_full__b7_star_fixed10,participant_outer_oof,participant,macro_average_ovr,macro,73,0.365,0.6944444444444445,,0.7308587962962962,145
inception_full__b7_star_fixed10,participant_outer_oof,participant,macro_average_ovr,macro,74,0.37,0.7018518518518518,,0.7308587962962962,145
inception_full__b7_star_fixed10,participant_outer_oof,participant,macro_average_ovr,macro,75,0.375,0.7018518518518518,,0.7308587962962962,145
inception_full__b7_star_fixed10,participant_outer_oof,participant,macro_average_ovr,macro,76,0.38,0.7092592592592593,,0.7308587962962962,145
inception_full__b7_star_fixed10,participant_outer_oof,participant,macro_average_ovr,macro,77,0.385,0.7092592592592593,,0.7308587962962962,145
inception_full__b7_star_fixed10,participant_outer_oof,participant,macro_average_ovr,macro,78,0.39,0.7166666666666668,,0.7308587962962962,145
inception_full__b7_star_fixed10,participant_outer_oof,participant,macro_average_ovr,macro,79,0.395,0.7166666666666668,,0.7308587962962962,145
inception_full__b7_star_fixed10,participant_outer_oof,participant,macro_average_ovr,macro,80,0.4,0.7222222222222223,,0.7308587962962962,145
inception_full__b7_star_fixed10,participant_outer_oof,participant,macro_average_ovr,macro,81,0.405,0.7222222222222223,,0.7308587962962962,145
inception_full__b7_star_fixed10,participant_outer_oof,participant,macro_average_ovr,macro,82,0.41000000000000003,0.7222222222222223,,0.7308587962962962,145
inception_full__b7_star_fixed10,participant_outer_oof,participant,macro_average_ovr,macro,83,0.41500000000000004,0.7222222222222223,,0.7308587962962962,145
inception_full__b7_star_fixed10,participant_outer_oof,participant,macro_average_ovr,macro,84,0.42,0.7222222222222223,,0.7308587962962962,145
inception_full__b7_star_fixed10,participant_outer_oof,participant,macro_average_ovr,macro,85,0.425,0.7333333333333334,,0.7308587962962962,145
inception_full__b7_star_fixed10,participant_outer_oof,participant,macro_average_ovr,macro,86,0.43,0.7333333333333334,,0.7308587962962962,145
inception_full__b7_star_fixed10,participant_outer_oof,participant,macro_average_ovr,macro,87,0.435,0.7333333333333334,,0.7308587962962962,145
inception_full__b7_star_fixed10,participant_outer_oof,participant,macro_average_ovr,macro,88,0.44,0.7388888888888889,,0.7308587962962962,145
inception_full__b7_star_fixed10,participant_outer_oof,participant,macro_average_ovr,macro,89,0.445,0.7388888888888889,,0.7308587962962962,145
inception_full__b7_star_fixed10,participant_outer_oof,participant,macro_average_ovr,macro,90,0.45,0.7444444444444445,,0.7308587962962962,145
inception_full__b7_star_fixed10,participant_outer_oof,participant,macro_average_ovr,macro,91,0.455,0.7444444444444445,,0.7308587962962962,145
inception_full__b7_star_fixed10,participant_outer_oof,participant,macro_average_ovr,macro,92,0.46,0.7444444444444445,,0.7308587962962962,145
inception_full__b7_star_fixed10,participant_outer_oof,participant,macro_average_ovr,macro,93,0.465,0.7444444444444445,,0.7308587962962962,145
inception_full__b7_star_fixed10,participant_outer_oof,participant,macro_average_ovr,macro,94,0.47000000000000003,0.7444444444444445,,0.7308587962962962,145
inception_full__b7_star_fixed10,participant_outer_oof,participant,macro_average_ovr,macro,95,0.47500000000000003,0.7444444444444445,,0.7308587962962962,145
inception_full__b7_star_fixed10,participant_outer_oof,participant,macro_average_ovr,macro,96,0.48,0.7527777777777778,,0.7308587962962962,145
inception_full__b7_star_fixed10,participant_outer_oof,participant,macro_average_ovr,macro,97,0.485,0.7583333333333334,,0.7308587962962962,145
inception_full__b7_star_fixed10,participant_outer_oof,participant,macro_average_ovr,macro,98,0.49,0.7583333333333334,,0.7308587962962962,145
inception_full__b7_star_fixed10,participant_outer_oof,participant,macro_average_ovr,macro,99,0.495,0.7583333333333334,,0.7308587962962962,145
inception_full__b7_star_fixed10,participant_outer_oof,participant,macro_average_ovr,macro,100,0.5,0.7583333333333334,,0.7308587962962962,145
inception_full__b7_star_fixed10,participant_outer_oof,participant,macro_average_ovr,macro,101,0.505,0.7583333333333334,,0.7308587962962962,145
inception_full__b7_star_fixed10,participant_outer_oof,participant,macro_average_ovr,macro,102,0.51,0.7583333333333334,,0.7308587962962962,145
inception_full__b7_star_fixed10,participant_outer_oof,participant,macro_average_ovr,macro,103,0.515,0.7583333333333334,,0.7308587962962962,145
inception_full__b7_star_fixed10,participant_outer_oof,participant,macro_average_ovr,macro,104,0.52,0.7824074074074074,,0.7308587962962962,145
inception_full__b7_star_fixed10,participant_outer_oof,participant,macro_average_ovr,macro,105,0.525,0.7824074074074074,,0.7308587962962962,145
inception_full__b7_star_fixed10,participant_outer_oof,participant,macro_average_ovr,macro,106,0.53,0.7824074074074074,,0.7308587962962962,145
inception_full__b7_star_fixed10,participant_outer_oof,participant,macro_average_ovr,macro,107,0.535,0.7824074074074074,,0.7308587962962962,145
inception_full__b7_star_fixed10,participant_outer_oof,participant,macro_average_ovr,macro,108,0.54,0.7824074074074074,,0.7308587962962962,145
inception_full__b7_star_fixed10,participant_outer_oof,participant,macro_average_ovr,macro,109,0.545,0.7824074074074074,,0.7308587962962962,145
inception_full__b7_star_fixed10,participant_outer_oof,participant,macro_average_ovr,macro,110,0.55,0.7898148148148149,,0.7308587962962962,145
inception_full__b7_star_fixed10,participant_outer_oof,participant,macro_average_ovr,macro,111,0.555,0.7898148148148149,,0.7308587962962962,145
inception_full__b7_star_fixed10,participant_outer_oof,participant,macro_average_ovr,macro,112,0.56,0.7972222222222222,,0.7308587962962962,145
inception_full__b7_star_fixed10,participant_outer_oof,participant,macro_average_ovr,macro,113,0.5650000000000001,0.8305555555555554,,0.7308587962962962,145
inception_full__b7_star_fixed10,participant_outer_oof,participant,macro_average_ovr,macro,114,0.5700000000000001,0.8305555555555554,,0.7308587962962962,145
inception_full__b7_star_fixed10,participant_outer_oof,participant,macro_average_ovr,macro,115,0.5750000000000001,0.8305555555555554,,0.7308587962962962,145
inception_full__b7_star_fixed10,participant_outer_oof,participant,macro_average_ovr,macro,116,0.58,0.8361111111111111,,0.7308587962962962,145
inception_full__b7_star_fixed10,participant_outer_oof,participant,macro_average_ovr,macro,117,0.585,0.8361111111111111,,0.7308587962962962,145
inception_full__b7_star_fixed10,participant_outer_oof,participant,macro_average_ovr,macro,118,0.59,0.8527777777777779,,0.7308587962962962,145
inception_full__b7_star_fixed10,participant_outer_oof,participant,macro_average_ovr,macro,119,0.595,0.8611111111111112,,0.7308587962962962,145
inception_full__b7_star_fixed10,participant_outer_oof,participant,macro_average_ovr,macro,120,0.6,0.8694444444444445,,0.7308587962962962,145
inception_full__b7_star_fixed10,participant_outer_oof,participant,macro_average_ovr,macro,121,0.605,0.8694444444444445,,0.7308587962962962,145
inception_full__b7_star_fixed10,participant_outer_oof,participant,macro_average_ovr,macro,122,0.61,0.8694444444444445,,0.7308587962962962,145
inception_full__b7_star_fixed10,participant_outer_oof,participant,macro_average_ovr,macro,123,0.615,0.8694444444444445,,0.7308587962962962,145
inception_full__b7_star_fixed10,participant_outer_oof,participant,macro_average_ovr,macro,124,0.62,0.8694444444444445,,0.7308587962962962,145
inception_full__b7_star_fixed10,participant_outer_oof,participant,macro_average_ovr,macro,125,0.625,0.8694444444444445,,0.7308587962962962,145
inception_full__b7_star_fixed10,participant_outer_oof,participant,macro_average_ovr,macro,126,0.63,0.8777777777777778,,0.7308587962962962,145
inception_full__b7_star_fixed10,participant_outer_oof,participant,macro_average_ovr,macro,127,0.635,0.8777777777777778,,0.7308587962962962,145
inception_full__b7_star_fixed10,participant_outer_oof,participant,macro_average_ovr,macro,128,0.64,0.9027777777777778,,0.7308587962962962,145
inception_full__b7_star_fixed10,participant_outer_oof,participant,macro_average_ovr,macro,129,0.645,0.9027777777777778,,0.7308587962962962,145
inception_full__b7_star_fixed10,participant_outer_oof,participant,macro_average_ovr,macro,130,0.65,0.9027777777777778,,0.7308587962962962,145
inception_full__b7_star_fixed10,participant_outer_oof,participant,macro_average_ovr,macro,131,0.655,0.9027777777777778,,0.7308587962962962,145
inception_full__b7_star_fixed10,participant_outer_oof,participant,macro_average_ovr,macro,132,0.66,0.9083333333333333,,0.7308587962962962,145
inception_full__b7_star_fixed10,participant_outer_oof,participant,macro_average_ovr,macro,133,0.665,0.9083333333333333,,0.7308587962962962,145
inception_full__b7_star_fixed10,participant_outer_oof,participant,macro_average_ovr,macro,134,0.67,0.9083333333333333,,0.7308587962962962,145
inception_full__b7_star_fixed10,participant_outer_oof,participant,macro_average_ovr,macro,135,0.675,0.9194444444444444,,0.7308587962962962,145
inception_full__b7_star_fixed10,participant_outer_oof,participant,macro_average_ovr,macro,136,0.68,0.9194444444444444,,0.7308587962962962,145
inception_full__b7_star_fixed10,participant_outer_oof,participant,macro_average_ovr,macro,137,0.685,0.9194444444444444,,0.7308587962962962,145
inception_full__b7_star_fixed10,participant_outer_oof,participant,macro_average_ovr,macro,138,0.6900000000000001,0.9194444444444444,,0.7308587962962962,145
inception_full__b7_star_fixed10,participant_outer_oof,participant,macro_average_ovr,macro,139,0.6950000000000001,0.9249999999999999,,0.7308587962962962,145
inception_full__b7_star_fixed10,participant_outer_oof,participant,macro_average_ovr,macro,140,0.7000000000000001,0.9249999999999999,,0.7308587962962962,145
inception_full__b7_star_fixed10,participant_outer_oof,participant,macro_average_ovr,macro,141,0.705,0.9249999999999999,,0.7308587962962962,145
inception_full__b7_star_fixed10,participant_outer_oof,participant,macro_average_ovr,macro,142,0.71,0.9249999999999999,,0.7308587962962962,145
inception_full__b7_star_fixed10,participant_outer_oof,participant,macro_average_ovr,macro,143,0.715,0.9249999999999999,,0.7308587962962962,145
inception_full__b7_star_fixed10,participant_outer_oof,participant,macro_average_ovr,macro,144,0.72,0.9249999999999999,,0.7308587962962962,145
inception_full__b7_star_fixed10,participant_outer_oof,participant,macro_average_ovr,macro,145,0.725,0.9249999999999999,,0.7308587962962962,145
inception_full__b7_star_fixed10,participant_outer_oof,participant,macro_average_ovr,macro,146,0.73,0.9305555555555555,,0.7308587962962962,145
inception_full__b7_star_fixed10,participant_outer_oof,participant,macro_average_ovr,macro,147,0.735,0.9305555555555555,,0.7308587962962962,145
inception_full__b7_star_fixed10,participant_outer_oof,participant,macro_average_ovr,macro,148,0.74,0.9305555555555555,,0.7308587962962962,145
inception_full__b7_star_fixed10,participant_outer_oof,participant,macro_average_ovr,macro,149,0.745,0.9305555555555555,,0.7308587962962962,145
inception_full__b7_star_fixed10,participant_outer_oof,participant,macro_average_ovr,macro,150,0.75,0.9305555555555555,,0.7308587962962962,145
inception_full__b7_star_fixed10,participant_outer_oof,participant,macro_average_ovr,macro,151,0.755,0.9388888888888888,,0.7308587962962962,145
inception_full__b7_star_fixed10,participant_outer_oof,participant,macro_average_ovr,macro,152,0.76,0.9388888888888888,,0.7308587962962962,145
inception_full__b7_star_fixed10,participant_outer_oof,participant,macro_average_ovr,macro,153,0.765,0.9388888888888888,,0.7308587962962962,145
inception_full__b7_star_fixed10,participant_outer_oof,participant,macro_average_ovr,macro,154,0.77,0.9388888888888888,,0.7308587962962962,145
inception_full__b7_star_fixed10,participant_outer_oof,participant,macro_average_ovr,macro,155,0.775,0.9388888888888888,,0.7308587962962962,145
inception_full__b7_star_fixed10,participant_outer_oof,participant,macro_average_ovr,macro,156,0.78,0.9462962962962963,,0.7308587962962962,145
inception_full__b7_star_fixed10,participant_outer_oof,participant,macro_average_ovr,macro,157,0.785,0.9462962962962963,,0.7308587962962962,145
inception_full__b7_star_fixed10,participant_outer_oof,participant,macro_average_ovr,macro,158,0.79,0.9462962962962963,,0.7308587962962962,145
inception_full__b7_star_fixed10,participant_outer_oof,participant,macro_average_ovr,macro,159,0.795,0.9462962962962963,,0.7308587962962962,145
inception_full__b7_star_fixed10,participant_outer_oof,participant,macro_average_ovr,macro,160,0.8,0.9537037037037037,,0.7308587962962962,145
inception_full__b7_star_fixed10,participant_outer_oof,participant,macro_average_ovr,macro,161,0.805,0.9537037037037037,,0.7308587962962962,145
inception_full__b7_star_fixed10,participant_outer_oof,participant,macro_average_ovr,macro,162,0.81,0.9537037037037037,,0.7308587962962962,145
inception_full__b7_star_fixed10,participant_outer_oof,participant,macro_average_ovr,macro,163,0.8150000000000001,0.9592592592592593,,0.7308587962962962,145
inception_full__b7_star_fixed10,participant_outer_oof,participant,macro_average_ovr,macro,164,0.8200000000000001,0.9592592592592593,,0.7308587962962962,145
inception_full__b7_star_fixed10,participant_outer_oof,participant,macro_average_ovr,macro,165,0.8250000000000001,0.9703703703703703,,0.7308587962962962,145
inception_full__b7_star_fixed10,participant_outer_oof,participant,macro_average_ovr,macro,166,0.8300000000000001,0.9703703703703703,,0.7308587962962962,145
inception_full__b7_star_fixed10,participant_outer_oof,participant,macro_average_ovr,macro,167,0.835,0.9703703703703703,,0.7308587962962962,145
inception_full__b7_star_fixed10,participant_outer_oof,participant,macro_average_ovr,macro,168,0.84,0.9703703703703703,,0.7308587962962962,145
inception_full__b7_star_fixed10,participant_outer_oof,participant,macro_average_ovr,macro,169,0.845,0.9703703703703703,,0.7308587962962962,145
inception_full__b7_star_fixed10,participant_outer_oof,participant,macro_average_ovr,macro,170,0.85,0.9814814814814815,,0.7308587962962962,145
inception_full__b7_star_fixed10,participant_outer_oof,participant,macro_average_ovr,macro,171,0.855,0.9814814814814815,,0.7308587962962962,145
inception_full__b7_star_fixed10,participant_outer_oof,participant,macro_average_ovr,macro,172,0.86,0.9814814814814815,,0.7308587962962962,145
inception_full__b7_star_fixed10,participant_outer_oof,participant,macro_average_ovr,macro,173,0.865,0.9814814814814815,,0.7308587962962962,145
inception_full__b7_star_fixed10,participant_outer_oof,participant,macro_average_ovr,macro,174,0.87,0.9888888888888889,,0.7308587962962962,145
inception_full__b7_star_fixed10,participant_outer_oof,participant,macro_average_ovr,macro,175,0.875,0.9888888888888889,,0.7308587962962962,145
inception_full__b7_star_fixed10,participant_outer_oof,participant,macro_average_ovr,macro,176,0.88,0.9888888888888889,,0.7308587962962962,145
inception_full__b7_star_fixed10,participant_outer_oof,participant,macro_average_ovr,macro,177,0.885,0.9944444444444445,,0.7308587962962962,145
inception_full__b7_star_fixed10,participant_outer_oof,participant,macro_average_ovr,macro,178,0.89,0.9944444444444445,,0.7308587962962962,145
inception_full__b7_star_fixed10,participant_outer_oof,participant,macro_average_ovr,macro,179,0.895,0.9944444444444445,,0.7308587962962962,145
inception_full__b7_star_fixed10,participant_outer_oof,participant,macro_average_ovr,macro,180,0.9,0.9944444444444445,,0.7308587962962962,145
inception_full__b7_star_fixed10,participant_outer_oof,participant,macro_average_ovr,macro,181,0.905,0.9944444444444445,,0.7308587962962962,145
inception_full__b7_star_fixed10,participant_outer_oof,participant,macro_average_ovr,macro,182,0.91,0.9944444444444445,,0.7308587962962962,145
inception_full__b7_star_fixed10,participant_outer_oof,participant,macro_average_ovr,macro,183,0.915,0.9944444444444445,,0.7308587962962962,145
inception_full__b7_star_fixed10,participant_outer_oof,participant,macro_average_ovr,macro,184,0.92,0.9944444444444445,,0.7308587962962962,145
inception_full__b7_star_fixed10,participant_outer_oof,participant,macro_average_ovr,macro,185,0.925,0.9944444444444445,,0.7308587962962962,145
inception_full__b7_star_fixed10,participant_outer_oof,participant,macro_average_ovr,macro,186,0.93,0.9944444444444445,,0.7308587962962962,145
inception_full__b7_star_fixed10,participant_outer_oof,participant,macro_average_ovr,macro,187,0.935,0.9944444444444445,,0.7308587962962962,145
inception_full__b7_star_fixed10,participant_outer_oof,participant,macro_average_ovr,macro,188,0.9400000000000001,0.9944444444444445,,0.7308587962962962,145
inception_full__b7_star_fixed10,participant_outer_oof,participant,macro_average_ovr,macro,189,0.9450000000000001,0.9944444444444445,,0.7308587962962962,145
inception_full__b7_star_fixed10,participant_outer_oof,participant,macro_average_ovr,macro,190,0.9500000000000001,0.9944444444444445,,0.7308587962962962,145
inception_full__b7_star_fixed10,participant_outer_oof,participant,macro_average_ovr,macro,191,0.9550000000000001,1.0,,0.7308587962962962,145
inception_full__b7_star_fixed10,participant_outer_oof,participant,macro_average_ovr,macro,192,0.96,1.0,,0.7308587962962962,145
inception_full__b7_star_fixed10,participant_outer_oof,participant,macro_average_ovr,macro,193,0.965,1.0,,0.7308587962962962,145
inception_full__b7_star_fixed10,participant_outer_oof,participant,macro_average_ovr,macro,194,0.97,1.0,,0.7308587962962962,145
inception_full__b7_star_fixed10,participant_outer_oof,participant,macro_average_ovr,macro,195,0.975,1.0,,0.7308587962962962,145
inception_full__b7_star_fixed10,participant_outer_oof,participant,macro_average_ovr,macro,196,0.98,1.0,,0.7308587962962962,145
inception_full__b7_star_fixed10,participant_outer_oof,participant,macro_average_ovr,macro,197,0.985,1.0,,0.7308587962962962,145
inception_full__b7_star_fixed10,participant_outer_oof,participant,macro_average_ovr,macro,198,0.99,1.0,,0.7308587962962962,145
inception_full__b7_star_fixed10,participant_outer_oof,participant,macro_average_ovr,macro,199,0.995,1.0,,0.7308587962962962,145
inception_full__b7_star_fixed10,participant_outer_oof,participant,macro_average_ovr,macro,200,1.0,1.0,,0.7308587962962962,145
