case_id,repeat,fold,balanced_accuracy,macro_f1,abstention_aware_balanced_accuracy,abstention_aware_macro_precision,abstention_aware_macro_recall,abstention_aware_macro_f1,abstention_count,abstention_counts_by_class,abstention_aware_per_class,abstention_probability_metrics_scope,coverage_rate,expected_calibration_error,confusion_matrix,class_order,per_class,status
compact_cnn__b0_star_fixed10,0,0,0.5,0.5,0.5,0.5,0.5,0.5,0.0,"[[0, 0], [1, 0], [2, 0]]","[{""abstention_count"": 0, ""f1"": 0.5, ""false_negative"": 1, ""false_positive"": 1, ""label"": 0, ""precision"": 0.5, ""recall"": 0.5, ""retained_support"": 2, ""support"": 2, ""true_positive"": 1}, {""abstention_count"": 0, ""f1"": 0.5, ""false_negative"": 1, ""false_positive"": 1, ""label"": 1, ""precision"": 0.5, ""recall"": 0.5, ""retained_support"": 2, ""support"": 2, ""true_positive"": 1}, {""abstention_count"": 0, ""f1"": 0.5, ""false_negative"": 1, ""false_positive"": 1, ""label"": 2, ""precision"": 0.5, ""recall"": 0.5, ""retained_support"": 2, ""support"": 2, ""true_positive"": 1}]",retained_only,1.0,0.20331330038127332,"[[1, 0, 1], [1, 1, 0], [0, 1, 1]]","[0, 1, 2]","[{""f1"": 0.5, ""label"": 0, ""precision"": 0.5, ""recall"": 0.5, ""support"": 2}, {""f1"": 0.5, ""label"": 1, ""precision"": 0.5, ""recall"": 0.5, ""support"": 2}, {""f1"": 0.5, ""label"": 2, ""precision"": 0.5, ""recall"": 0.5, ""support"": 2}]",passed
compact_cnn__b0_star_fixed10,0,1,0.611111111111111,0.5,0.611111111111111,0.611111111111111,0.611111111111111,0.5,0.0,"[[0, 0], [1, 0], [2, 0]]","[{""abstention_count"": 0, ""f1"": 0.5, ""false_negative"": 1, ""false_positive"": 1, ""label"": 0, ""precision"": 0.5, ""recall"": 0.5, ""retained_support"": 2, ""support"": 2, ""true_positive"": 1}, {""abstention_count"": 0, ""f1"": 0.5, ""false_negative"": 2, ""false_positive"": 0, ""label"": 1, ""precision"": 1.0, ""recall"": 0.3333333333333333, ""retained_support"": 3, ""support"": 3, ""true_positive"": 1}, {""abstention_count"": 0, ""f1"": 0.5, ""false_negative"": 0, ""false_positive"": 2, ""label"": 2, ""precision"": 0.3333333333333333, ""recall"": 1.0, ""retained_support"": 1, ""support"": 1, ""true_positive"": 1}]",retained_only,1.0,0.32502753759726444,"[[1, 0, 1], [1, 1, 1], [0, 0, 1]]","[0, 1, 2]","[{""f1"": 0.5, ""label"": 0, ""precision"": 0.5, ""recall"": 0.5, ""support"": 2}, {""f1"": 0.5, ""label"": 1, ""precision"": 1.0, ""recall"": 0.3333333333333333, ""support"": 3}, {""f1"": 0.5, ""label"": 2, ""precision"": 0.3333333333333333, ""recall"": 1.0, ""support"": 1}]",passed
compact_cnn__b0_star_fixed10,0,2,0.16666666666666666,0.09523809523809523,0.16666666666666666,0.06666666666666667,0.16666666666666666,0.09523809523809525,0.0,"[[0, 0], [1, 0], [2, 0]]","[{""abstention_count"": 0, ""f1"": 0.0, ""false_negative"": 2, ""false_positive"": 0, ""label"": 0, ""precision"": 0.0, ""recall"": 0.0, ""retained_support"": 2, ""support"": 2, ""true_positive"": 0}, {""abstention_count"": 0, ""f1"": 0.28571428571428575, ""false_negative"": 1, ""false_positive"": 4, ""label"": 1, ""precision"": 0.2, ""recall"": 0.5, ""retained_support"": 2, ""support"": 2, ""true_positive"": 1}, {""abstention_count"": 0, ""f1"": 0.0, ""false_negative"": 2, ""false_positive"": 1, ""label"": 2, ""precision"": 0.0, ""recall"": 0.0, ""retained_support"": 2, ""support"": 2, ""true_positive"": 0}]",retained_only,1.0,0.6131020014585273,"[[0, 2, 0], [0, 1, 1], [0, 2, 0]]","[0, 1, 2]","[{""f1"": 0.0, ""label"": 0, ""precision"": 0.0, ""recall"": 0.0, ""support"": 2}, {""f1"": 0.2857142857142857, ""label"": 1, ""precision"": 0.2, ""recall"": 0.5, ""support"": 2}, {""f1"": 0.0, ""label"": 2, ""precision"": 0.0, ""recall"": 0.0, ""support"": 2}]",passed
compact_cnn__b0_star_fixed10,0,3,0.5,0.5,0.5,0.5,0.5,0.5,0.0,"[[0, 0], [1, 0], [2, 0]]","[{""abstention_count"": 0, ""f1"": 0.5, ""false_negative"": 1, ""false_positive"": 1, ""label"": 0, ""precision"": 0.5, ""recall"": 0.5, ""retained_support"": 2, ""support"": 2, ""true_positive"": 1}, {""abstention_count"": 0, ""f1"": 0.5, ""false_negative"": 1, ""false_positive"": 1, ""label"": 1, ""precision"": 0.5, ""recall"": 0.5, ""retained_support"": 2, ""support"": 2, ""true_positive"": 1}, {""abstention_count"": 0, ""f1"": 0.5, ""false_negative"": 1, ""false_positive"": 1, ""label"": 2, ""precision"": 0.5, ""recall"": 0.5, ""retained_support"": 2, ""support"": 2, ""true_positive"": 1}]",retained_only,1.0,0.3577320497542805,"[[1, 1, 0], [0, 1, 1], [1, 0, 1]]","[0, 1, 2]","[{""f1"": 0.5, ""label"": 0, ""precision"": 0.5, ""recall"": 0.5, ""support"": 2}, {""f1"": 0.5, ""label"": 1, ""precision"": 0.5, ""recall"": 0.5, ""support"": 2}, {""f1"": 0.5, ""label"": 2, ""precision"": 0.5, ""recall"": 0.5, ""support"": 2}]",passed
compact_cnn__b0_star_fixed10,0,4,0.6666666666666666,0.38888888888888884,0.6666666666666666,0.27777777777777773,0.6666666666666666,0.38888888888888884,0.0,"[[0, 0], [1, 0], [2, 0]]","[{""abstention_count"": 0, ""f1"": 0.6666666666666666, ""false_negative"": 0, ""false_positive"": 1, ""label"": 0, ""precision"": 0.5, ""recall"": 1.0, ""retained_support"": 1, ""support"": 1, ""true_positive"": 1}, {""abstention_count"": 0, ""f1"": 0.0, ""false_negative"": 3, ""false_positive"": 0, ""label"": 1, ""precision"": 0.0, ""recall"": 0.0, ""retained_support"": 3, ""support"": 3, ""true_positive"": 0}, {""abstention_count"": 0, ""f1"": 0.5, ""false_negative"": 0, ""false_positive"": 2, ""label"": 2, ""precision"": 0.3333333333333333, ""recall"": 1.0, ""retained_support"": 1, ""support"": 1, ""true_positive"": 1}]",retained_only,1.0,0.30955940990609915,"[[1, 0, 0], [1, 0, 2], [0, 0, 1]]","[0, 1, 2]","[{""f1"": 0.6666666666666666, ""label"": 0, ""precision"": 0.5, ""recall"": 1.0, ""support"": 1}, {""f1"": 0.0, ""label"": 1, ""precision"": 0.0, ""recall"": 0.0, ""support"": 3}, {""f1"": 0.5, ""label"": 2, ""precision"": 0.3333333333333333, ""recall"": 1.0, ""support"": 1}]",passed
compact_cnn__b0_star_fixed10,1,0,0.5,0.4166666666666667,0.5,0.3666666666666667,0.5,0.4166666666666667,0.0,"[[0, 0], [1, 0], [2, 0]]","[{""abstention_count"": 0, ""f1"": 0.5, ""false_negative"": 1, ""false_positive"": 1, ""label"": 0, ""precision"": 0.5, ""recall"": 0.5, ""retained_support"": 2, ""support"": 2, ""true_positive"": 1}, {""abstention_count"": 0, ""f1"": 0.7499999999999999, ""false_negative"": 0, ""false_positive"": 2, ""label"": 1, ""precision"": 0.6, ""recall"": 1.0, ""retained_support"": 3, ""support"": 3, ""true_positive"": 3}, {""abstention_count"": 0, ""f1"": 0.0, ""false_negative"": 2, ""false_positive"": 0, ""label"": 2, ""precision"": 0.0, ""recall"": 0.0, ""retained_support"": 2, ""support"": 2, ""true_positive"": 0}]",retained_only,1.0,0.22571908753467537,"[[1, 1, 0], [0, 3, 0], [1, 1, 0]]","[0, 1, 2]","[{""f1"": 0.5, ""label"": 0, ""precision"": 0.5, ""recall"": 0.5, ""support"": 2}, {""f1"": 0.75, ""label"": 1, ""precision"": 0.6, ""recall"": 1.0, ""support"": 3}, {""f1"": 0.0, ""label"": 2, ""precision"": 0.0, ""recall"": 0.0, ""support"": 2}]",passed
compact_cnn__b0_star_fixed10,1,1,0.7222222222222222,0.6666666666666666,0.7222222222222222,0.7222222222222222,0.7222222222222222,0.6666666666666666,0.0,"[[0, 0], [1, 0], [2, 0]]","[{""abstention_count"": 0, ""f1"": 0.6666666666666666, ""false_negative"": 0, ""false_positive"": 1, ""label"": 0, ""precision"": 0.5, ""recall"": 1.0, ""retained_support"": 1, ""support"": 1, ""true_positive"": 1}, {""abstention_count"": 0, ""f1"": 0.6666666666666666, ""false_negative"": 1, ""false_positive"": 1, ""label"": 1, ""precision"": 0.6666666666666666, ""recall"": 0.6666666666666666, ""retained_support"": 3, ""support"": 3, ""true_positive"": 2}, {""abstention_count"": 0, ""f1"": 0.6666666666666666, ""false_negative"": 1, ""false_positive"": 0, ""label"": 2, ""precision"": 1.0, ""recall"": 0.5, ""retained_support"": 2, ""support"": 2, ""true_positive"": 1}]",retained_only,1.0,0.3200838333712383,"[[1, 0, 0], [1, 2, 0], [0, 1, 1]]","[0, 1, 2]","[{""f1"": 0.6666666666666666, ""label"": 0, ""precision"": 0.5, ""recall"": 1.0, ""support"": 1}, {""f1"": 0.6666666666666666, ""label"": 1, ""precision"": 0.6666666666666666, ""recall"": 0.6666666666666666, ""support"": 3}, {""f1"": 0.6666666666666666, ""label"": 2, ""precision"": 1.0, ""recall"": 0.5, ""support"": 2}]",passed
compact_cnn__b0_star_fixed10,1,2,0.3333333333333333,0.19047619047619047,0.3333333333333333,0.13333333333333333,0.3333333333333333,0.1904761904761905,0.0,"[[0, 0], [1, 0], [2, 0]]","[{""abstention_count"": 0, ""f1"": 0.5714285714285715, ""false_negative"": 0, ""false_positive"": 3, ""label"": 0, ""precision"": 0.4, ""recall"": 1.0, ""retained_support"": 2, ""support"": 2, ""true_positive"": 2}, {""abstention_count"": 0, ""f1"": 0.0, ""false_negative"": 2, ""false_positive"": 1, ""label"": 1, ""precision"": 0.0, ""recall"": 0.0, ""retained_support"": 2, ""support"": 2, ""true_positive"": 0}, {""abstention_count"": 0, ""f1"": 0.0, ""false_negative"": 2, ""false_positive"": 0, ""label"": 2, ""precision"": 0.0, ""recall"": 0.0, ""retained_support"": 2, ""support"": 2, ""true_positive"": 0}]",retained_only,1.0,0.42468029765378246,"[[2, 0, 0], [2, 0, 0], [1, 1, 0]]","[0, 1, 2]","[{""f1"": 0.5714285714285714, ""label"": 0, ""precision"": 0.4, ""recall"": 1.0, ""support"": 2}, {""f1"": 0.0, ""label"": 1, ""precision"": 0.0, ""recall"": 0.0, ""support"": 2}, {""f1"": 0.0, ""label"": 2, ""precision"": 0.0, ""recall"": 0.0, ""support"": 2}]",passed
compact_cnn__b0_star_fixed10,1,3,0.5,0.43333333333333335,0.5,0.38888888888888884,0.5,0.43333333333333335,0.0,"[[0, 0], [1, 0], [2, 0]]","[{""abstention_count"": 0, ""f1"": 0.8, ""false_negative"": 0, ""false_positive"": 1, ""label"": 0, ""precision"": 0.6666666666666666, ""recall"": 1.0, ""retained_support"": 2, ""support"": 2, ""true_positive"": 2}, {""abstention_count"": 0, ""f1"": 0.5, ""false_negative"": 1, ""false_positive"": 1, ""label"": 1, ""precision"": 0.5, ""recall"": 0.5, ""retained_support"": 2, ""support"": 2, ""true_positive"": 1}, {""abstention_count"": 0, ""f1"": 0.0, ""false_negative"": 1, ""false_positive"": 0, ""label"": 2, ""precision"": 0.0, ""recall"": 0.0, ""retained_support"": 1, ""support"": 1, ""true_positive"": 0}]",retained_only,1.0,0.3189682085321802,"[[2, 0, 0], [1, 1, 0], [0, 1, 0]]","[0, 1, 2]","[{""f1"": 0.8, ""label"": 0, ""precision"": 0.6666666666666666, ""recall"": 1.0, ""support"": 2}, {""f1"": 0.5, ""label"": 1, ""precision"": 0.5, ""recall"": 0.5, ""support"": 2}, {""f1"": 0.0, ""label"": 2, ""precision"": 0.0, ""recall"": 0.0, ""support"": 1}]",passed
compact_cnn__b0_star_fixed10,1,4,0.8333333333333334,0.8222222222222223,0.8333333333333334,0.8888888888888888,0.8333333333333334,0.8222222222222223,0.0,"[[0, 0], [1, 0], [2, 0]]","[{""abstention_count"": 0, ""f1"": 0.8, ""false_negative"": 0, ""false_positive"": 1, ""label"": 0, ""precision"": 0.6666666666666666, ""recall"": 1.0, ""retained_support"": 2, ""support"": 2, ""true_positive"": 2}, {""abstention_count"": 0, ""f1"": 0.6666666666666666, ""false_negative"": 1, ""false_positive"": 0, ""label"": 1, ""precision"": 1.0, ""recall"": 0.5, ""retained_support"": 2, ""support"": 2, ""true_positive"": 1}, {""abstention_count"": 0, ""f1"": 1.0, ""false_negative"": 0, ""false_positive"": 0, ""label"": 2, ""precision"": 1.0, ""recall"": 1.0, ""retained_support"": 1, ""support"": 1, ""true_positive"": 1}]",retained_only,1.0,0.32730331045349514,"[[2, 0, 0], [1, 1, 0], [0, 0, 1]]","[0, 1, 2]","[{""f1"": 0.8, ""label"": 0, ""precision"": 0.6666666666666666, ""recall"": 1.0, ""support"": 2}, {""f1"": 0.6666666666666666, ""label"": 1, ""precision"": 1.0, ""recall"": 0.5, ""support"": 2}, {""f1"": 1.0, ""label"": 2, ""precision"": 1.0, ""recall"": 1.0, ""support"": 1}]",passed
compact_cnn__b0_star_fixed10,2,0,0.611111111111111,0.5222222222222221,0.611111111111111,0.75,0.611111111111111,0.5222222222222221,0.0,"[[0, 0], [1, 0], [2, 0]]","[{""abstention_count"": 0, ""f1"": 0.6666666666666666, ""false_negative"": 1, ""false_positive"": 0, ""label"": 0, ""precision"": 1.0, ""recall"": 0.5, ""retained_support"": 2, ""support"": 2, ""true_positive"": 1}, {""abstention_count"": 0, ""f1"": 0.5, ""false_negative"": 2, ""false_positive"": 0, ""label"": 1, ""precision"": 1.0, ""recall"": 0.3333333333333333, ""retained_support"": 3, ""support"": 3, ""true_positive"": 1}, {""abstention_count"": 0, ""f1"": 0.4, ""false_negative"": 0, ""false_positive"": 3, ""label"": 2, ""precision"": 0.25, ""recall"": 1.0, ""retained_support"": 1, ""support"": 1, ""true_positive"": 1}]",retained_only,1.0,0.3355423612661496,"[[1, 0, 1], [0, 1, 2], [0, 0, 1]]","[0, 1, 2]","[{""f1"": 0.6666666666666666, ""label"": 0, ""precision"": 1.0, ""recall"": 0.5, ""support"": 2}, {""f1"": 0.5, ""label"": 1, ""precision"": 1.0, ""recall"": 0.3333333333333333, ""support"": 3}, {""f1"": 0.4, ""label"": 2, ""precision"": 0.25, ""recall"": 1.0, ""support"": 1}]",passed
compact_cnn__b0_star_fixed10,2,1,0.8333333333333334,0.8222222222222223,0.8333333333333334,0.8888888888888888,0.8333333333333334,0.8222222222222223,0.0,"[[0, 0], [1, 0], [2, 0]]","[{""abstention_count"": 0, ""f1"": 0.8, ""false_negative"": 0, ""false_positive"": 1, ""label"": 0, ""precision"": 0.6666666666666666, ""recall"": 1.0, ""retained_support"": 2, ""support"": 2, ""true_positive"": 2}, {""abstention_count"": 0, ""f1"": 0.6666666666666666, ""false_negative"": 1, ""false_positive"": 0, ""label"": 1, ""precision"": 1.0, ""recall"": 0.5, ""retained_support"": 2, ""support"": 2, ""true_positive"": 1}, {""abstention_count"": 0, ""f1"": 1.0, ""false_negative"": 0, ""false_positive"": 0, ""label"": 2, ""precision"": 1.0, ""recall"": 1.0, ""retained_support"": 2, ""support"": 2, ""true_positive"": 2}]",retained_only,1.0,0.20867044924717765,"[[2, 0, 0], [1, 1, 0], [0, 0, 2]]","[0, 1, 2]","[{""f1"": 0.8, ""label"": 0, ""precision"": 0.6666666666666666, ""recall"": 1.0, ""support"": 2}, {""f1"": 0.6666666666666666, ""label"": 1, ""precision"": 1.0, ""recall"": 0.5, ""support"": 2}, {""f1"": 1.0, ""label"": 2, ""precision"": 1.0, ""recall"": 1.0, ""support"": 2}]",passed
compact_cnn__b0_star_fixed10,2,2,0.6666666666666666,0.43333333333333335,0.6666666666666666,0.3333333333333333,0.6666666666666666,0.43333333333333335,0.0,"[[0, 0], [1, 0], [2, 0]]","[{""abstention_count"": 0, ""f1"": 0.5, ""false_negative"": 0, ""false_positive"": 2, ""label"": 0, ""precision"": 0.3333333333333333, ""recall"": 1.0, ""retained_support"": 1, ""support"": 1, ""true_positive"": 1}, {""abstention_count"": 0, ""f1"": 0.0, ""false_negative"": 3, ""false_positive"": 0, ""label"": 1, ""precision"": 0.0, ""recall"": 0.0, ""retained_support"": 3, ""support"": 3, ""true_positive"": 0}, {""abstention_count"": 0, ""f1"": 0.8, ""false_negative"": 0, ""false_positive"": 1, ""label"": 2, ""precision"": 0.6666666666666666, ""recall"": 1.0, ""retained_support"": 2, ""support"": 2, ""true_positive"": 2}]",retained_only,1.0,0.32813615281780956,"[[1, 0, 0], [2, 0, 1], [0, 0, 2]]","[0, 1, 2]","[{""f1"": 0.5, ""label"": 0, ""precision"": 0.3333333333333333, ""recall"": 1.0, ""support"": 1}, {""f1"": 0.0, ""label"": 1, ""precision"": 0.0, ""recall"": 0.0, ""support"": 3}, {""f1"": 0.8, ""label"": 2, ""precision"": 0.6666666666666666, ""recall"": 1.0, ""support"": 2}]",passed
compact_cnn__b0_star_fixed10,2,3,0.6666666666666666,0.6666666666666666,0.6666666666666666,0.8333333333333334,0.6666666666666666,0.6666666666666666,0.0,"[[0, 0], [1, 0], [2, 0]]","[{""abstention_count"": 0, ""f1"": 0.6666666666666666, ""false_negative"": 1, ""false_positive"": 0, ""label"": 0, ""precision"": 1.0, ""recall"": 0.5, ""retained_support"": 2, ""support"": 2, ""true_positive"": 1}, {""abstention_count"": 0, ""f1"": 0.6666666666666666, ""false_negative"": 0, ""false_positive"": 2, ""label"": 1, ""precision"": 0.5, ""recall"": 1.0, ""retained_support"": 2, ""support"": 2, ""true_positive"": 2}, {""abstention_count"": 0, ""f1"": 0.6666666666666666, ""false_negative"": 1, ""false_positive"": 0, ""label"": 2, ""precision"": 1.0, ""recall"": 0.5, ""retained_support"": 2, ""support"": 2, ""true_positive"": 1}]",retained_only,1.0,0.2935543328921514,"[[1, 1, 0], [0, 2, 0], [0, 1, 1]]","[0, 1, 2]","[{""f1"": 0.6666666666666666, ""label"": 0, ""precision"": 1.0, ""recall"": 0.5, ""support"": 2}, {""f1"": 0.6666666666666666, ""label"": 1, ""precision"": 0.5, ""recall"": 1.0, ""support"": 2}, {""f1"": 0.6666666666666666, ""label"": 2, ""precision"": 1.0, ""recall"": 0.5, ""support"": 2}]",passed
compact_cnn__b0_star_fixed10,2,4,0.3333333333333333,0.19047619047619047,0.3333333333333333,0.13333333333333333,0.3333333333333333,0.1904761904761905,0.0,"[[0, 0], [1, 0], [2, 0]]","[{""abstention_count"": 0, ""f1"": 0.0, ""false_negative"": 2, ""false_positive"": 0, ""label"": 0, ""precision"": 0.0, ""recall"": 0.0, ""retained_support"": 2, ""support"": 2, ""true_positive"": 0}, {""abstention_count"": 0, ""f1"": 0.5714285714285715, ""false_negative"": 0, ""false_positive"": 3, ""label"": 1, ""precision"": 0.4, ""recall"": 1.0, ""retained_support"": 2, ""support"": 2, ""true_positive"": 2}, {""abstention_count"": 0, ""f1"": 0.0, ""false_negative"": 1, ""false_positive"": 0, ""label"": 2, ""precision"": 0.0, ""recall"": 0.0, ""retained_support"": 1, ""support"": 1, ""true_positive"": 0}]",retained_only,1.0,0.4965749835306317,"[[0, 2, 0], [0, 2, 0], [0, 1, 0]]","[0, 1, 2]","[{""f1"": 0.0, ""label"": 0, ""precision"": 0.0, ""recall"": 0.0, ""support"": 2}, {""f1"": 0.5714285714285714, ""label"": 1, ""precision"": 0.4, ""recall"": 1.0, ""support"": 2}, {""f1"": 0.0, ""label"": 2, ""precision"": 0.0, ""recall"": 0.0, ""support"": 1}]",passed
compact_cnn__b0_star_fixed10,3,0,0.7777777777777777,0.7222222222222222,0.7777777777777777,0.8333333333333334,0.7777777777777777,0.7222222222222222,0.0,"[[0, 0], [1, 0], [2, 0]]","[{""abstention_count"": 0, ""f1"": 0.6666666666666666, ""false_negative"": 0, ""false_positive"": 2, ""label"": 0, ""precision"": 0.5, ""recall"": 1.0, ""retained_support"": 2, ""support"": 2, ""true_positive"": 2}, {""abstention_count"": 0, ""f1"": 0.5, ""false_negative"": 2, ""false_positive"": 0, ""label"": 1, ""precision"": 1.0, ""recall"": 0.3333333333333333, ""retained_support"": 3, ""support"": 3, ""true_positive"": 1}, {""abstention_count"": 0, ""f1"": 1.0, ""false_negative"": 0, ""false_positive"": 0, ""label"": 2, ""precision"": 1.0, ""recall"": 1.0, ""retained_support"": 1, ""support"": 1, ""true_positive"": 1}]",retained_only,1.0,0.3050430580529318,"[[2, 0, 0], [2, 1, 0], [0, 0, 1]]","[0, 1, 2]","[{""f1"": 0.6666666666666666, ""label"": 0, ""precision"": 0.5, ""recall"": 1.0, ""support"": 2}, {""f1"": 0.5, ""label"": 1, ""precision"": 1.0, ""recall"": 0.3333333333333333, ""support"": 3}, {""f1"": 1.0, ""label"": 2, ""precision"": 1.0, ""recall"": 1.0, ""support"": 1}]",passed
compact_cnn__b0_star_fixed10,3,1,0.5,0.41269841269841273,0.5,0.4666666666666666,0.5,0.41269841269841273,0.0,"[[0, 0], [1, 0], [2, 0]]","[{""abstention_count"": 0, ""f1"": 0.0, ""false_negative"": 2, ""false_positive"": 0, ""label"": 0, ""precision"": 0.0, ""recall"": 0.0, ""retained_support"": 2, ""support"": 2, ""true_positive"": 0}, {""abstention_count"": 0, ""f1"": 0.5714285714285715, ""false_negative"": 0, ""false_positive"": 3, ""label"": 1, ""precision"": 0.4, ""recall"": 1.0, ""retained_support"": 2, ""support"": 2, ""true_positive"": 2}, {""abstention_count"": 0, ""f1"": 0.6666666666666666, ""false_negative"": 1, ""false_positive"": 0, ""label"": 2, ""precision"": 1.0, ""recall"": 0.5, ""retained_support"": 2, ""support"": 2, ""true_positive"": 1}]",retained_only,1.0,0.45920779111073173,"[[0, 2, 0], [0, 2, 0], [0, 1, 1]]","[0, 1, 2]","[{""f1"": 0.0, ""label"": 0, ""precision"": 0.0, ""recall"": 0.0, ""support"": 2}, {""f1"": 0.5714285714285714, ""label"": 1, ""precision"": 0.4, ""recall"": 1.0, ""support"": 2}, {""f1"": 0.6666666666666666, ""label"": 2, ""precision"": 1.0, ""recall"": 0.5, ""support"": 2}]",passed
compact_cnn__b0_star_fixed10,3,2,0.5,0.41269841269841273,0.5,0.4666666666666666,0.5,0.41269841269841273,0.0,"[[0, 0], [1, 0], [2, 0]]","[{""abstention_count"": 0, ""f1"": 0.6666666666666666, ""false_negative"": 1, ""false_positive"": 0, ""label"": 0, ""precision"": 1.0, ""recall"": 0.5, ""retained_support"": 2, ""support"": 2, ""true_positive"": 1}, {""abstention_count"": 0, ""f1"": 0.0, ""false_negative"": 2, ""false_positive"": 0, ""label"": 1, ""precision"": 0.0, ""recall"": 0.0, ""retained_support"": 2, ""support"": 2, ""true_positive"": 0}, {""abstention_count"": 0, ""f1"": 0.5714285714285715, ""false_negative"": 0, ""false_positive"": 3, ""label"": 2, ""precision"": 0.4, ""recall"": 1.0, ""retained_support"": 2, ""support"": 2, ""true_positive"": 2}]",retained_only,1.0,0.3201689481136185,"[[1, 0, 1], [0, 0, 2], [0, 0, 2]]","[0, 1, 2]","[{""f1"": 0.6666666666666666, ""label"": 0, ""precision"": 1.0, ""recall"": 0.5, ""support"": 2}, {""f1"": 0.0, ""label"": 1, ""precision"": 0.0, ""recall"": 0.0, ""support"": 2}, {""f1"": 0.5714285714285714, ""label"": 2, ""precision"": 0.4, ""recall"": 1.0, ""support"": 2}]",passed
compact_cnn__b0_star_fixed10,3,3,0.5,0.4444444444444444,0.5,0.5,0.5,0.4444444444444444,0.0,"[[0, 0], [1, 0], [2, 0]]","[{""abstention_count"": 0, ""f1"": 0.6666666666666666, ""false_negative"": 0, ""false_positive"": 2, ""label"": 0, ""precision"": 0.5, ""recall"": 1.0, ""retained_support"": 2, ""support"": 2, ""true_positive"": 2}, {""abstention_count"": 0, ""f1"": 0.0, ""false_negative"": 2, ""false_positive"": 1, ""label"": 1, ""precision"": 0.0, ""recall"": 0.0, ""retained_support"": 2, ""support"": 2, ""true_positive"": 0}, {""abstention_count"": 0, ""f1"": 0.6666666666666666, ""false_negative"": 1, ""false_positive"": 0, ""label"": 2, ""precision"": 1.0, ""recall"": 0.5, ""retained_support"": 2, ""support"": 2, ""true_positive"": 1}]",retained_only,1.0,0.5435041118682558,"[[2, 0, 0], [2, 0, 0], [0, 1, 1]]","[0, 1, 2]","[{""f1"": 0.6666666666666666, ""label"": 0, ""precision"": 0.5, ""recall"": 1.0, ""support"": 2}, {""f1"": 0.0, ""label"": 1, ""precision"": 0.0, ""recall"": 0.0, ""support"": 2}, {""f1"": 0.6666666666666666, ""label"": 2, ""precision"": 1.0, ""recall"": 0.5, ""support"": 2}]",passed
compact_cnn__b0_star_fixed10,3,4,0.3333333333333333,0.25,0.3333333333333333,0.19999999999999998,0.3333333333333333,0.24999999999999997,0.0,"[[0, 0], [1, 0], [2, 0]]","[{""abstention_count"": 0, ""f1"": 0.0, ""false_negative"": 1, ""false_positive"": 0, ""label"": 0, ""precision"": 0.0, ""recall"": 0.0, ""retained_support"": 1, ""support"": 1, ""true_positive"": 0}, {""abstention_count"": 0, ""f1"": 0.7499999999999999, ""false_negative"": 0, ""false_positive"": 2, ""label"": 1, ""precision"": 0.6, ""recall"": 1.0, ""retained_support"": 3, ""support"": 3, ""true_positive"": 3}, {""abstention_count"": 0, ""f1"": 0.0, ""false_negative"": 1, ""false_positive"": 0, ""label"": 2, ""precision"": 0.0, ""recall"": 0.0, ""retained_support"": 1, ""support"": 1, ""true_positive"": 0}]",retained_only,1.0,0.207019601569075,"[[0, 1, 0], [0, 3, 0], [0, 1, 0]]","[0, 1, 2]","[{""f1"": 0.0, ""label"": 0, ""precision"": 0.0, ""recall"": 0.0, ""support"": 1}, {""f1"": 0.75, ""label"": 1, ""precision"": 0.6, ""recall"": 1.0, ""support"": 3}, {""f1"": 0.0, ""label"": 2, ""precision"": 0.0, ""recall"": 0.0, ""support"": 1}]",passed
compact_cnn__b0_star_fixed10,4,0,0.6666666666666666,0.5555555555555555,0.6666666666666666,0.5,0.6666666666666666,0.5555555555555555,0.0,"[[0, 0], [1, 0], [2, 0]]","[{""abstention_count"": 0, ""f1"": 0.6666666666666666, ""false_negative"": 0, ""false_positive"": 2, ""label"": 0, ""precision"": 0.5, ""recall"": 1.0, ""retained_support"": 2, ""support"": 2, ""true_positive"": 2}, {""abstention_count"": 0, ""f1"": 0.0, ""false_negative"": 2, ""false_positive"": 0, ""label"": 1, ""precision"": 0.0, ""recall"": 0.0, ""retained_support"": 2, ""support"": 2, ""true_positive"": 0}, {""abstention_count"": 0, ""f1"": 1.0, ""false_negative"": 0, ""false_positive"": 0, ""label"": 2, ""precision"": 1.0, ""recall"": 1.0, ""retained_support"": 2, ""support"": 2, ""true_positive"": 2}]",retained_only,1.0,0.37774990224128824,"[[2, 0, 0], [2, 0, 0], [0, 0, 2]]","[0, 1, 2]","[{""f1"": 0.6666666666666666, ""label"": 0, ""precision"": 0.5, ""recall"": 1.0, ""support"": 2}, {""f1"": 0.0, ""label"": 1, ""precision"": 0.0, ""recall"": 0.0, ""support"": 2}, {""f1"": 1.0, ""label"": 2, ""precision"": 1.0, ""recall"": 1.0, ""support"": 2}]",passed
compact_cnn__b0_star_fixed10,4,1,0.4444444444444444,0.35714285714285715,0.4444444444444444,0.4666666666666666,0.4444444444444444,0.3571428571428572,0.0,"[[0, 0], [1, 0], [2, 0]]","[{""abstention_count"": 0, ""f1"": 0.5714285714285715, ""false_negative"": 0, ""false_positive"": 3, ""label"": 0, ""precision"": 0.4, ""recall"": 1.0, ""retained_support"": 2, ""support"": 2, ""true_positive"": 2}, {""abstention_count"": 0, ""f1"": 0.5, ""false_negative"": 2, ""false_positive"": 0, ""label"": 1, ""precision"": 1.0, ""recall"": 0.3333333333333333, ""retained_support"": 3, ""support"": 3, ""true_positive"": 1}, {""abstention_count"": 0, ""f1"": 0.0, ""false_negative"": 1, ""false_positive"": 0, ""label"": 2, ""precision"": 0.0, ""recall"": 0.0, ""retained_support"": 1, ""support"": 1, ""true_positive"": 0}]",retained_only,1.0,0.40271532399689347,"[[2, 0, 0], [2, 1, 0], [1, 0, 0]]","[0, 1, 2]","[{""f1"": 0.5714285714285714, ""label"": 0, ""precision"": 0.4, ""recall"": 1.0, ""support"": 2}, {""f1"": 0.5, ""label"": 1, ""precision"": 1.0, ""recall"": 0.3333333333333333, ""support"": 3}, {""f1"": 0.0, ""label"": 2, ""precision"": 0.0, ""recall"": 0.0, ""support"": 1}]",passed
compact_cnn__b0_star_fixed10,4,2,0.7222222222222222,0.7222222222222222,0.7222222222222222,0.7222222222222222,0.7222222222222222,0.7222222222222222,0.0,"[[0, 0], [1, 0], [2, 0]]","[{""abstention_count"": 0, ""f1"": 0.5, ""false_negative"": 1, ""false_positive"": 1, ""label"": 0, ""precision"": 0.5, ""recall"": 0.5, ""retained_support"": 2, ""support"": 2, ""true_positive"": 1}, {""abstention_count"": 0, ""f1"": 0.6666666666666666, ""false_negative"": 1, ""false_positive"": 1, ""label"": 1, ""precision"": 0.6666666666666666, ""recall"": 0.6666666666666666, ""retained_support"": 3, ""support"": 3, ""true_positive"": 2}, {""abstention_count"": 0, ""f1"": 1.0, ""false_negative"": 0, ""false_positive"": 0, ""label"": 2, ""precision"": 1.0, ""recall"": 1.0, ""retained_support"": 1, ""support"": 1, ""true_positive"": 1}]",retained_only,1.0,0.3479078453495844,"[[1, 1, 0], [1, 2, 0], [0, 0, 1]]","[0, 1, 2]","[{""f1"": 0.5, ""label"": 0, ""precision"": 0.5, ""recall"": 0.5, ""support"": 2}, {""f1"": 0.6666666666666666, ""label"": 1, ""precision"": 0.6666666666666666, ""recall"": 0.6666666666666666, ""support"": 3}, {""f1"": 1.0, ""label"": 2, ""precision"": 1.0, ""recall"": 1.0, ""support"": 1}]",passed
compact_cnn__b0_star_fixed10,4,3,0.3333333333333333,0.19047619047619047,0.3333333333333333,0.13333333333333333,0.3333333333333333,0.1904761904761905,0.0,"[[0, 0], [1, 0], [2, 0]]","[{""abstention_count"": 0, ""f1"": 0.0, ""false_negative"": 1, ""false_positive"": 0, ""label"": 0, ""precision"": 0.0, ""recall"": 0.0, ""retained_support"": 1, ""support"": 1, ""true_positive"": 0}, {""abstention_count"": 0, ""f1"": 0.5714285714285715, ""false_negative"": 0, ""false_positive"": 3, ""label"": 1, ""precision"": 0.4, ""recall"": 1.0, ""retained_support"": 2, ""support"": 2, ""true_positive"": 2}, {""abstention_count"": 0, ""f1"": 0.0, ""false_negative"": 2, ""false_positive"": 0, ""label"": 2, ""precision"": 0.0, ""recall"": 0.0, ""retained_support"": 2, ""support"": 2, ""true_positive"": 0}]",retained_only,1.0,0.614619290684105,"[[0, 1, 0], [0, 2, 0], [0, 2, 0]]","[0, 1, 2]","[{""f1"": 0.0, ""label"": 0, ""precision"": 0.0, ""recall"": 0.0, ""support"": 1}, {""f1"": 0.5714285714285714, ""label"": 1, ""precision"": 0.4, ""recall"": 1.0, ""support"": 2}, {""f1"": 0.0, ""label"": 2, ""precision"": 0.0, ""recall"": 0.0, ""support"": 2}]",passed
compact_cnn__b0_star_fixed10,4,4,0.3333333333333333,0.35555555555555557,0.3333333333333333,0.4444444444444444,0.3333333333333333,0.35555555555555557,0.0,"[[0, 0], [1, 0], [2, 0]]","[{""abstention_count"": 0, ""f1"": 0.6666666666666666, ""false_negative"": 1, ""false_positive"": 0, ""label"": 0, ""precision"": 1.0, ""recall"": 0.5, ""retained_support"": 2, ""support"": 2, ""true_positive"": 1}, {""abstention_count"": 0, ""f1"": 0.0, ""false_negative"": 2, ""false_positive"": 2, ""label"": 1, ""precision"": 0.0, ""recall"": 0.0, ""retained_support"": 2, ""support"": 2, ""true_positive"": 0}, {""abstention_count"": 0, ""f1"": 0.4, ""false_negative"": 1, ""false_positive"": 2, ""label"": 2, ""precision"": 0.3333333333333333, ""recall"": 0.5, ""retained_support"": 2, ""support"": 2, ""true_positive"": 1}]",retained_only,1.0,0.2806168430319727,"[[1, 1, 0], [0, 0, 2], [0, 1, 1]]","[0, 1, 2]","[{""f1"": 0.6666666666666666, ""label"": 0, ""precision"": 1.0, ""recall"": 0.5, ""support"": 2}, {""f1"": 0.0, ""label"": 1, ""precision"": 0.0, ""recall"": 0.0, ""support"": 2}, {""f1"": 0.4, ""label"": 2, ""precision"": 0.3333333333333333, ""recall"": 0.5, ""support"": 2}]",passed
inception_full__b0_star_fixed10,0,0,0.5,0.41269841269841273,0.5,0.4666666666666666,0.5,0.41269841269841273,0.0,"[[0, 0], [1, 0], [2, 0]]","[{""abstention_count"": 0, ""f1"": 0.6666666666666666, ""false_negative"": 1, ""false_positive"": 0, ""label"": 0, ""precision"": 1.0, ""recall"": 0.5, ""retained_support"": 2, ""support"": 2, ""true_positive"": 1}, {""abstention_count"": 0, ""f1"": 0.5714285714285715, ""false_negative"": 0, ""false_positive"": 3, ""label"": 1, ""precision"": 0.4, ""recall"": 1.0, ""retained_support"": 2, ""support"": 2, ""true_positive"": 2}, {""abstention_count"": 0, ""f1"": 0.0, ""false_negative"": 2, ""false_positive"": 0, ""label"": 2, ""precision"": 0.0, ""recall"": 0.0, ""retained_support"": 2, ""support"": 2, ""true_positive"": 0}]",retained_only,1.0,0.355656019870219,"[[1, 1, 0], [0, 2, 0], [0, 2, 0]]","[0, 1, 2]","[{""f1"": 0.6666666666666666, ""label"": 0, ""precision"": 1.0, ""recall"": 0.5, ""support"": 2}, {""f1"": 0.5714285714285714, ""label"": 1, ""precision"": 0.4, ""recall"": 1.0, ""support"": 2}, {""f1"": 0.0, ""label"": 2, ""precision"": 0.0, ""recall"": 0.0, ""support"": 2}]",passed
inception_full__b0_star_fixed10,0,1,0.5555555555555555,0.43333333333333335,0.5555555555555555,0.4444444444444444,0.5555555555555555,0.43333333333333335,0.0,"[[0, 0], [1, 0], [2, 0]]","[{""abstention_count"": 0, ""f1"": 0.0, ""false_negative"": 2, ""false_positive"": 1, ""label"": 0, ""precision"": 0.0, ""recall"": 0.0, ""retained_support"": 2, ""support"": 2, ""true_positive"": 0}, {""abstention_count"": 0, ""f1"": 0.8, ""false_negative"": 1, ""false_positive"": 0, ""label"": 1, ""precision"": 1.0, ""recall"": 0.6666666666666666, ""retained_support"": 3, ""support"": 3, ""true_positive"": 2}, {""abstention_count"": 0, ""f1"": 0.5, ""false_negative"": 0, ""false_positive"": 2, ""label"": 2, ""precision"": 0.3333333333333333, ""recall"": 1.0, ""retained_support"": 1, ""support"": 1, ""true_positive"": 1}]",retained_only,1.0,0.17040713559387563,"[[0, 0, 2], [1, 2, 0], [0, 0, 1]]","[0, 1, 2]","[{""f1"": 0.0, ""label"": 0, ""precision"": 0.0, ""recall"": 0.0, ""support"": 2}, {""f1"": 0.8, ""label"": 1, ""precision"": 1.0, ""recall"": 0.6666666666666666, ""support"": 3}, {""f1"": 0.5, ""label"": 2, ""precision"": 0.3333333333333333, ""recall"": 1.0, ""support"": 1}]",passed
inception_full__b0_star_fixed10,0,2,0.5,0.4000000000000001,0.5,0.3333333333333333,0.5,0.4000000000000001,0.0,"[[0, 0], [1, 0], [2, 0]]","[{""abstention_count"": 0, ""f1"": 0.0, ""false_negative"": 2, ""false_positive"": 0, ""label"": 0, ""precision"": 0.0, ""recall"": 0.0, ""retained_support"": 2, ""support"": 2, ""true_positive"": 0}, {""abstention_count"": 0, ""f1"": 0.4, ""false_negative"": 1, ""false_positive"": 2, ""label"": 1, ""precision"": 0.3333333333333333, ""recall"": 0.5, ""retained_support"": 2, ""support"": 2, ""true_positive"": 1}, {""abstention_count"": 0, ""f1"": 0.8, ""false_negative"": 0, ""false_positive"": 1, ""label"": 2, ""precision"": 0.6666666666666666, ""recall"": 1.0, ""retained_support"": 2, ""support"": 2, ""true_positive"": 2}]",retained_only,1.0,0.4817316292885959,"[[0, 2, 0], [0, 1, 1], [0, 0, 2]]","[0, 1, 2]","[{""f1"": 0.0, ""label"": 0, ""precision"": 0.0, ""recall"": 0.0, ""support"": 2}, {""f1"": 0.4, ""label"": 1, ""precision"": 0.3333333333333333, ""recall"": 0.5, ""support"": 2}, {""f1"": 0.8, ""label"": 2, ""precision"": 0.6666666666666666, ""recall"": 1.0, ""support"": 2}]",passed
inception_full__b0_star_fixed10,0,3,1.0,1.0,1.0,1.0,1.0,1.0,0.0,"[[0, 0], [1, 0], [2, 0]]","[{""abstention_count"": 0, ""f1"": 1.0, ""false_negative"": 0, ""false_positive"": 0, ""label"": 0, ""precision"": 1.0, ""recall"": 1.0, ""retained_support"": 2, ""support"": 2, ""true_positive"": 2}, {""abstention_count"": 0, ""f1"": 1.0, ""false_negative"": 0, ""false_positive"": 0, ""label"": 1, ""precision"": 1.0, ""recall"": 1.0, ""retained_support"": 2, ""support"": 2, ""true_positive"": 2}, {""abstention_count"": 0, ""f1"": 1.0, ""false_negative"": 0, ""false_positive"": 0, ""label"": 2, ""precision"": 1.0, ""recall"": 1.0, ""retained_support"": 2, ""support"": 2, ""true_positive"": 2}]",retained_only,1.0,0.2548915336379704,"[[2, 0, 0], [0, 2, 0], [0, 0, 2]]","[0, 1, 2]","[{""f1"": 1.0, ""label"": 0, ""precision"": 1.0, ""recall"": 1.0, ""support"": 2}, {""f1"": 1.0, ""label"": 1, ""precision"": 1.0, ""recall"": 1.0, ""support"": 2}, {""f1"": 1.0, ""label"": 2, ""precision"": 1.0, ""recall"": 1.0, ""support"": 2}]",passed
inception_full__b0_star_fixed10,0,4,0.4444444444444444,0.3,0.4444444444444444,0.27777777777777773,0.4444444444444444,0.3,0.0,"[[0, 0], [1, 0], [2, 0]]","[{""abstention_count"": 0, ""f1"": 0.5, ""false_negative"": 0, ""false_positive"": 2, ""label"": 0, ""precision"": 0.3333333333333333, ""recall"": 1.0, ""retained_support"": 1, ""support"": 1, ""true_positive"": 1}, {""abstention_count"": 0, ""f1"": 0.4, ""false_negative"": 2, ""false_positive"": 1, ""label"": 1, ""precision"": 0.5, ""recall"": 0.3333333333333333, ""retained_support"": 3, ""support"": 3, ""true_positive"": 1}, {""abstention_count"": 0, ""f1"": 0.0, ""false_negative"": 1, ""false_positive"": 0, ""label"": 2, ""precision"": 0.0, ""recall"": 0.0, ""retained_support"": 1, ""support"": 1, ""true_positive"": 0}]",retained_only,1.0,0.42885127764429676,"[[1, 0, 0], [2, 1, 0], [0, 1, 0]]","[0, 1, 2]","[{""f1"": 0.5, ""label"": 0, ""precision"": 0.3333333333333333, ""recall"": 1.0, ""support"": 1}, {""f1"": 0.4, ""label"": 1, ""precision"": 0.5, ""recall"": 0.3333333333333333, ""support"": 3}, {""f1"": 0.0, ""label"": 2, ""precision"": 0.0, ""recall"": 0.0, ""support"": 1}]",passed
inception_full__b0_star_fixed10,1,0,0.5555555555555555,0.5793650793650794,0.5555555555555555,0.6666666666666666,0.5555555555555555,0.5793650793650794,0.0,"[[0, 0], [1, 0], [2, 0]]","[{""abstention_count"": 0, ""f1"": 0.5, ""false_negative"": 1, ""false_positive"": 1, ""label"": 0, ""precision"": 0.5, ""recall"": 0.5, ""retained_support"": 2, ""support"": 2, ""true_positive"": 1}, {""abstention_count"": 0, ""f1"": 0.5714285714285715, ""false_negative"": 1, ""false_positive"": 2, ""label"": 1, ""precision"": 0.5, ""recall"": 0.6666666666666666, ""retained_support"": 3, ""support"": 3, ""true_positive"": 2}, {""abstention_count"": 0, ""f1"": 0.6666666666666666, ""false_negative"": 1, ""false_positive"": 0, ""label"": 2, ""precision"": 1.0, ""recall"": 0.5, ""retained_support"": 2, ""support"": 2, ""true_positive"": 1}]",retained_only,1.0,0.1443692174120471,"[[1, 1, 0], [1, 2, 0], [0, 1, 1]]","[0, 1, 2]","[{""f1"": 0.5, ""label"": 0, ""precision"": 0.5, ""recall"": 0.5, ""support"": 2}, {""f1"": 0.5714285714285714, ""label"": 1, ""precision"": 0.5, ""recall"": 0.6666666666666666, ""support"": 3}, {""f1"": 0.6666666666666666, ""label"": 2, ""precision"": 1.0, ""recall"": 0.5, ""support"": 2}]",passed
inception_full__b0_star_fixed10,1,1,0.7222222222222222,0.6666666666666666,0.7222222222222222,0.7222222222222222,0.7222222222222222,0.6666666666666666,0.0,"[[0, 0], [1, 0], [2, 0]]","[{""abstention_count"": 0, ""f1"": 0.6666666666666666, ""false_negative"": 0, ""false_positive"": 1, ""label"": 0, ""precision"": 0.5, ""recall"": 1.0, ""retained_support"": 1, ""support"": 1, ""true_positive"": 1}, {""abstention_count"": 0, ""f1"": 0.6666666666666666, ""false_negative"": 1, ""false_positive"": 1, ""label"": 1, ""precision"": 0.6666666666666666, ""recall"": 0.6666666666666666, ""retained_support"": 3, ""support"": 3, ""true_positive"": 2}, {""abstention_count"": 0, ""f1"": 0.6666666666666666, ""false_negative"": 1, ""false_positive"": 0, ""label"": 2, ""precision"": 1.0, ""recall"": 0.5, ""retained_support"": 2, ""support"": 2, ""true_positive"": 1}]",retained_only,1.0,0.3809253956278571,"[[1, 0, 0], [1, 2, 0], [0, 1, 1]]","[0, 1, 2]","[{""f1"": 0.6666666666666666, ""label"": 0, ""precision"": 0.5, ""recall"": 1.0, ""support"": 1}, {""f1"": 0.6666666666666666, ""label"": 1, ""precision"": 0.6666666666666666, ""recall"": 0.6666666666666666, ""support"": 3}, {""f1"": 0.6666666666666666, ""label"": 2, ""precision"": 1.0, ""recall"": 0.5, ""support"": 2}]",passed
inception_full__b0_star_fixed10,1,2,0.5,0.43333333333333335,0.5,0.38888888888888884,0.5,0.43333333333333335,0.0,"[[0, 0], [1, 0], [2, 0]]","[{""abstention_count"": 0, ""f1"": 0.8, ""false_negative"": 0, ""false_positive"": 1, ""label"": 0, ""precision"": 0.6666666666666666, ""recall"": 1.0, ""retained_support"": 2, ""support"": 2, ""true_positive"": 2}, {""abstention_count"": 0, ""f1"": 0.0, ""false_negative"": 2, ""false_positive"": 1, ""label"": 1, ""precision"": 0.0, ""recall"": 0.0, ""retained_support"": 2, ""support"": 2, ""true_positive"": 0}, {""abstention_count"": 0, ""f1"": 0.5, ""false_negative"": 1, ""false_positive"": 1, ""label"": 2, ""precision"": 0.5, ""recall"": 0.5, ""retained_support"": 2, ""support"": 2, ""true_positive"": 1}]",retained_only,1.0,0.3909485944847269,"[[2, 0, 0], [1, 0, 1], [0, 1, 1]]","[0, 1, 2]","[{""f1"": 0.8, ""label"": 0, ""precision"": 0.6666666666666666, ""recall"": 1.0, ""support"": 2}, {""f1"": 0.0, ""label"": 1, ""precision"": 0.0, ""recall"": 0.0, ""support"": 2}, {""f1"": 0.5, ""label"": 2, ""precision"": 0.5, ""recall"": 0.5, ""support"": 2}]",passed
inception_full__b0_star_fixed10,1,3,0.5,0.4666666666666666,0.5,0.4444444444444444,0.5,0.4666666666666666,0.0,"[[0, 0], [1, 0], [2, 0]]","[{""abstention_count"": 0, ""f1"": 0.0, ""false_negative"": 2, ""false_positive"": 1, ""label"": 0, ""precision"": 0.0, ""recall"": 0.0, ""retained_support"": 2, ""support"": 2, ""true_positive"": 0}, {""abstention_count"": 0, ""f1"": 0.4, ""false_negative"": 1, ""false_positive"": 2, ""label"": 1, ""precision"": 0.3333333333333333, ""recall"": 0.5, ""retained_support"": 2, ""support"": 2, ""true_positive"": 1}, {""abstention_count"": 0, ""f1"": 1.0, ""false_negative"": 0, ""false_positive"": 0, ""label"": 2, ""precision"": 1.0, ""recall"": 1.0, ""retained_support"": 1, ""support"": 1, ""true_positive"": 1}]",retained_only,1.0,0.40970024766428015,"[[0, 2, 0], [1, 1, 0], [0, 0, 1]]","[0, 1, 2]","[{""f1"": 0.0, ""label"": 0, ""precision"": 0.0, ""recall"": 0.0, ""support"": 2}, {""f1"": 0.4, ""label"": 1, ""precision"": 0.3333333333333333, ""recall"": 0.5, ""support"": 2}, {""f1"": 1.0, ""label"": 2, ""precision"": 1.0, ""recall"": 1.0, ""support"": 1}]",passed
inception_full__b0_star_fixed10,1,4,0.6666666666666666,0.5555555555555555,0.6666666666666666,0.5,0.6666666666666666,0.5555555555555555,0.0,"[[0, 0], [1, 0], [2, 0]]","[{""abstention_count"": 0, ""f1"": 0.6666666666666666, ""false_negative"": 0, ""false_positive"": 2, ""label"": 0, ""precision"": 0.5, ""recall"": 1.0, ""retained_support"": 2, ""support"": 2, ""true_positive"": 2}, {""abstention_count"": 0, ""f1"": 0.0, ""false_negative"": 2, ""false_positive"": 0, ""label"": 1, ""precision"": 0.0, ""recall"": 0.0, ""retained_support"": 2, ""support"": 2, ""true_positive"": 0}, {""abstention_count"": 0, ""f1"": 1.0, ""false_negative"": 0, ""false_positive"": 0, ""label"": 2, ""precision"": 1.0, ""recall"": 1.0, ""retained_support"": 1, ""support"": 1, ""true_positive"": 1}]",retained_only,1.0,0.3759383091230584,"[[2, 0, 0], [2, 0, 0], [0, 0, 1]]","[0, 1, 2]","[{""f1"": 0.6666666666666666, ""label"": 0, ""precision"": 0.5, ""recall"": 1.0, ""support"": 2}, {""f1"": 0.0, ""label"": 1, ""precision"": 0.0, ""recall"": 0.0, ""support"": 2}, {""f1"": 1.0, ""label"": 2, ""precision"": 1.0, ""recall"": 1.0, ""support"": 1}]",passed
inception_full__b0_star_fixed10,2,0,0.5555555555555555,0.41269841269841273,0.5555555555555555,0.3333333333333333,0.5555555555555555,0.41269841269841273,0.0,"[[0, 0], [1, 0], [2, 0]]","[{""abstention_count"": 0, ""f1"": 0.0, ""false_negative"": 2, ""false_positive"": 0, ""label"": 0, ""precision"": 0.0, ""recall"": 0.0, ""retained_support"": 2, ""support"": 2, ""true_positive"": 0}, {""abstention_count"": 0, ""f1"": 0.5714285714285715, ""false_negative"": 1, ""false_positive"": 2, ""label"": 1, ""precision"": 0.5, ""recall"": 0.6666666666666666, ""retained_support"": 3, ""support"": 3, ""true_positive"": 2}, {""abstention_count"": 0, ""f1"": 0.6666666666666666, ""false_negative"": 0, ""false_positive"": 1, ""label"": 2, ""precision"": 0.5, ""recall"": 1.0, ""retained_support"": 1, ""support"": 1, ""true_positive"": 1}]",retained_only,1.0,0.2755959757616284,"[[0, 2, 0], [0, 2, 1], [0, 0, 1]]","[0, 1, 2]","[{""f1"": 0.0, ""label"": 0, ""precision"": 0.0, ""recall"": 0.0, ""support"": 2}, {""f1"": 0.5714285714285714, ""label"": 1, ""precision"": 0.5, ""recall"": 0.6666666666666666, ""support"": 3}, {""f1"": 0.6666666666666666, ""label"": 2, ""precision"": 0.5, ""recall"": 1.0, ""support"": 1}]",passed
inception_full__b0_star_fixed10,2,1,0.8333333333333334,0.8222222222222223,0.8333333333333334,0.8888888888888888,0.8333333333333334,0.8222222222222223,0.0,"[[0, 0], [1, 0], [2, 0]]","[{""abstention_count"": 0, ""f1"": 0.6666666666666666, ""false_negative"": 1, ""false_positive"": 0, ""label"": 0, ""precision"": 1.0, ""recall"": 0.5, ""retained_support"": 2, ""support"": 2, ""true_positive"": 1}, {""abstention_count"": 0, ""f1"": 0.8, ""false_negative"": 0, ""false_positive"": 1, ""label"": 1, ""precision"": 0.6666666666666666, ""recall"": 1.0, ""retained_support"": 2, ""support"": 2, ""true_positive"": 2}, {""abstention_count"": 0, ""f1"": 1.0, ""false_negative"": 0, ""false_positive"": 0, ""label"": 2, ""precision"": 1.0, ""recall"": 1.0, ""retained_support"": 2, ""support"": 2, ""true_positive"": 2}]",retained_only,1.0,0.3506043214293721,"[[1, 1, 0], [0, 2, 0], [0, 0, 2]]","[0, 1, 2]","[{""f1"": 0.6666666666666666, ""label"": 0, ""precision"": 1.0, ""recall"": 0.5, ""support"": 2}, {""f1"": 0.8, ""label"": 1, ""precision"": 0.6666666666666666, ""recall"": 1.0, ""support"": 2}, {""f1"": 1.0, ""label"": 2, ""precision"": 1.0, ""recall"": 1.0, ""support"": 2}]",passed
inception_full__b0_star_fixed10,2,2,0.5,0.3333333333333333,0.5,0.27777777777777773,0.5,0.3333333333333333,0.0,"[[0, 0], [1, 0], [2, 0]]","[{""abstention_count"": 0, ""f1"": 0.5, ""false_negative"": 0, ""false_positive"": 2, ""label"": 0, ""precision"": 0.3333333333333333, ""recall"": 1.0, ""retained_support"": 1, ""support"": 1, ""true_positive"": 1}, {""abstention_count"": 0, ""f1"": 0.0, ""false_negative"": 3, ""false_positive"": 1, ""label"": 1, ""precision"": 0.0, ""recall"": 0.0, ""retained_support"": 3, ""support"": 3, ""true_positive"": 0}, {""abstention_count"": 0, ""f1"": 0.5, ""false_negative"": 1, ""false_positive"": 1, ""label"": 2, ""precision"": 0.5, ""recall"": 0.5, ""retained_support"": 2, ""support"": 2, ""true_positive"": 1}]",retained_only,1.0,0.49411979665752326,"[[1, 0, 0], [2, 0, 1], [0, 1, 1]]","[0, 1, 2]","[{""f1"": 0.5, ""label"": 0, ""precision"": 0.3333333333333333, ""recall"": 1.0, ""support"": 1}, {""f1"": 0.0, ""label"": 1, ""precision"": 0.0, ""recall"": 0.0, ""support"": 3}, {""f1"": 0.5, ""label"": 2, ""precision"": 0.5, ""recall"": 0.5, ""support"": 2}]",passed
inception_full__b0_star_fixed10,2,3,0.6666666666666666,0.6666666666666666,0.6666666666666666,0.8333333333333334,0.6666666666666666,0.6666666666666666,0.0,"[[0, 0], [1, 0], [2, 0]]","[{""abstention_count"": 0, ""f1"": 0.6666666666666666, ""false_negative"": 1, ""false_positive"": 0, ""label"": 0, ""precision"": 1.0, ""recall"": 0.5, ""retained_support"": 2, ""support"": 2, ""true_positive"": 1}, {""abstention_count"": 0, ""f1"": 0.6666666666666666, ""false_negative"": 0, ""false_positive"": 2, ""label"": 1, ""precision"": 0.5, ""recall"": 1.0, ""retained_support"": 2, ""support"": 2, ""true_positive"": 2}, {""abstention_count"": 0, ""f1"": 0.6666666666666666, ""false_negative"": 1, ""false_positive"": 0, ""label"": 2, ""precision"": 1.0, ""recall"": 0.5, ""retained_support"": 2, ""support"": 2, ""true_positive"": 1}]",retained_only,1.0,0.2747481240188784,"[[1, 1, 0], [0, 2, 0], [0, 1, 1]]","[0, 1, 2]","[{""f1"": 0.6666666666666666, ""label"": 0, ""precision"": 1.0, ""recall"": 0.5, ""support"": 2}, {""f1"": 0.6666666666666666, ""label"": 1, ""precision"": 0.5, ""recall"": 1.0, ""support"": 2}, {""f1"": 0.6666666666666666, ""label"": 2, ""precision"": 1.0, ""recall"": 0.5, ""support"": 2}]",passed
inception_full__b0_star_fixed10,2,4,0.3333333333333333,0.2222222222222222,0.3333333333333333,0.16666666666666666,0.3333333333333333,0.2222222222222222,0.0,"[[0, 0], [1, 0], [2, 0]]","[{""abstention_count"": 0, ""f1"": 0.6666666666666666, ""false_negative"": 0, ""false_positive"": 2, ""label"": 0, ""precision"": 0.5, ""recall"": 1.0, ""retained_support"": 2, ""support"": 2, ""true_positive"": 2}, {""abstention_count"": 0, ""f1"": 0.0, ""false_negative"": 2, ""false_positive"": 1, ""label"": 1, ""precision"": 0.0, ""recall"": 0.0, ""retained_support"": 2, ""support"": 2, ""true_positive"": 0}, {""abstention_count"": 0, ""f1"": 0.0, ""false_negative"": 1, ""false_positive"": 0, ""label"": 2, ""precision"": 0.0, ""recall"": 0.0, ""retained_support"": 1, ""support"": 1, ""true_positive"": 0}]",retained_only,1.0,0.4950719652649616,"[[2, 0, 0], [2, 0, 0], [0, 1, 0]]","[0, 1, 2]","[{""f1"": 0.6666666666666666, ""label"": 0, ""precision"": 0.5, ""recall"": 1.0, ""support"": 2}, {""f1"": 0.0, ""label"": 1, ""precision"": 0.0, ""recall"": 0.0, ""support"": 2}, {""f1"": 0.0, ""label"": 2, ""precision"": 0.0, ""recall"": 0.0, ""support"": 1}]",passed
inception_full__b0_star_fixed10,3,0,0.7777777777777777,0.7222222222222222,0.7777777777777777,0.8333333333333334,0.7777777777777777,0.7222222222222222,0.0,"[[0, 0], [1, 0], [2, 0]]","[{""abstention_count"": 0, ""f1"": 0.6666666666666666, ""false_negative"": 0, ""false_positive"": 2, ""label"": 0, ""precision"": 0.5, ""recall"": 1.0, ""retained_support"": 2, ""support"": 2, ""true_positive"": 2}, {""abstention_count"": 0, ""f1"": 0.5, ""false_negative"": 2, ""false_positive"": 0, ""label"": 1, ""precision"": 1.0, ""recall"": 0.3333333333333333, ""retained_support"": 3, ""support"": 3, ""true_positive"": 1}, {""abstention_count"": 0, ""f1"": 1.0, ""false_negative"": 0, ""false_positive"": 0, ""label"": 2, ""precision"": 1.0, ""recall"": 1.0, ""retained_support"": 1, ""support"": 1, ""true_positive"": 1}]",retained_only,1.0,0.2905827758350127,"[[2, 0, 0], [2, 1, 0], [0, 0, 1]]","[0, 1, 2]","[{""f1"": 0.6666666666666666, ""label"": 0, ""precision"": 0.5, ""recall"": 1.0, ""support"": 2}, {""f1"": 0.5, ""label"": 1, ""precision"": 1.0, ""recall"": 0.3333333333333333, ""support"": 3}, {""f1"": 1.0, ""label"": 2, ""precision"": 1.0, ""recall"": 1.0, ""support"": 1}]",passed
inception_full__b0_star_fixed10,3,1,0.3333333333333333,0.27777777777777773,0.3333333333333333,0.25,0.3333333333333333,0.27777777777777773,0.0,"[[0, 0], [1, 0], [2, 0]]","[{""abstention_count"": 0, ""f1"": 0.0, ""false_negative"": 2, ""false_positive"": 0, ""label"": 0, ""precision"": 0.0, ""recall"": 0.0, ""retained_support"": 2, ""support"": 2, ""true_positive"": 0}, {""abstention_count"": 0, ""f1"": 0.3333333333333333, ""false_negative"": 1, ""false_positive"": 3, ""label"": 1, ""precision"": 0.25, ""recall"": 0.5, ""retained_support"": 2, ""support"": 2, ""true_positive"": 1}, {""abstention_count"": 0, ""f1"": 0.5, ""false_negative"": 1, ""false_positive"": 1, ""label"": 2, ""precision"": 0.5, ""recall"": 0.5, ""retained_support"": 2, ""support"": 2, ""true_positive"": 1}]",retained_only,1.0,0.4719866543131563,"[[0, 2, 0], [0, 1, 1], [0, 1, 1]]","[0, 1, 2]","[{""f1"": 0.0, ""label"": 0, ""precision"": 0.0, ""recall"": 0.0, ""support"": 2}, {""f1"": 0.3333333333333333, ""label"": 1, ""precision"": 0.25, ""recall"": 0.5, ""support"": 2}, {""f1"": 0.5, ""label"": 2, ""precision"": 0.5, ""recall"": 0.5, ""support"": 2}]",passed
inception_full__b0_star_fixed10,3,2,0.6666666666666666,0.6666666666666666,0.6666666666666666,0.6666666666666666,0.6666666666666666,0.6666666666666666,0.0,"[[0, 0], [1, 0], [2, 0]]","[{""abstention_count"": 0, ""f1"": 0.5, ""false_negative"": 1, ""false_positive"": 1, ""label"": 0, ""precision"": 0.5, ""recall"": 0.5, ""retained_support"": 2, ""support"": 2, ""true_positive"": 1}, {""abstention_count"": 0, ""f1"": 0.5, ""false_negative"": 1, ""false_positive"": 1, ""label"": 1, ""precision"": 0.5, ""recall"": 0.5, ""retained_support"": 2, ""support"": 2, ""true_positive"": 1}, {""abstention_count"": 0, ""f1"": 1.0, ""false_negative"": 0, ""false_positive"": 0, ""label"": 2, ""precision"": 1.0, ""recall"": 1.0, ""retained_support"": 2, ""support"": 2, ""true_positive"": 2}]",retained_only,1.0,0.3490592793456462,"[[1, 1, 0], [1, 1, 0], [0, 0, 2]]","[0, 1, 2]","[{""f1"": 0.5, ""label"": 0, ""precision"": 0.5, ""recall"": 0.5, ""support"": 2}, {""f1"": 0.5, ""label"": 1, ""precision"": 0.5, ""recall"": 0.5, ""support"": 2}, {""f1"": 1.0, ""label"": 2, ""precision"": 1.0, ""recall"": 1.0, ""support"": 2}]",passed
inception_full__b0_star_fixed10,3,3,0.5,0.4444444444444444,0.5,0.5,0.5,0.4444444444444444,0.0,"[[0, 0], [1, 0], [2, 0]]","[{""abstention_count"": 0, ""f1"": 0.6666666666666666, ""false_negative"": 0, ""false_positive"": 2, ""label"": 0, ""precision"": 0.5, ""recall"": 1.0, ""retained_support"": 2, ""support"": 2, ""true_positive"": 2}, {""abstention_count"": 0, ""f1"": 0.0, ""false_negative"": 2, ""false_positive"": 1, ""label"": 1, ""precision"": 0.0, ""recall"": 0.0, ""retained_support"": 2, ""support"": 2, ""true_positive"": 0}, {""abstention_count"": 0, ""f1"": 0.6666666666666666, ""false_negative"": 1, ""false_positive"": 0, ""label"": 2, ""precision"": 1.0, ""recall"": 0.5, ""retained_support"": 2, ""support"": 2, ""true_positive"": 1}]",retained_only,1.0,0.2833558079751096,"[[2, 0, 0], [2, 0, 0], [0, 1, 1]]","[0, 1, 2]","[{""f1"": 0.6666666666666666, ""label"": 0, ""precision"": 0.5, ""recall"": 1.0, ""support"": 2}, {""f1"": 0.0, ""label"": 1, ""precision"": 0.0, ""recall"": 0.0, ""support"": 2}, {""f1"": 0.6666666666666666, ""label"": 2, ""precision"": 1.0, ""recall"": 0.5, ""support"": 2}]",passed
inception_full__b0_star_fixed10,3,4,0.6666666666666666,0.6190476190476191,0.6666666666666666,0.5833333333333334,0.6666666666666666,0.6190476190476191,0.0,"[[0, 0], [1, 0], [2, 0]]","[{""abstention_count"": 0, ""f1"": 1.0, ""false_negative"": 0, ""false_positive"": 0, ""label"": 0, ""precision"": 1.0, ""recall"": 1.0, ""retained_support"": 1, ""support"": 1, ""true_positive"": 1}, {""abstention_count"": 0, ""f1"": 0.8571428571428571, ""false_negative"": 0, ""false_positive"": 1, ""label"": 1, ""precision"": 0.75, ""recall"": 1.0, ""retained_support"": 3, ""support"": 3, ""true_positive"": 3}, {""abstention_count"": 0, ""f1"": 0.0, ""false_negative"": 1, ""false_positive"": 0, ""label"": 2, ""precision"": 0.0, ""recall"": 0.0, ""retained_support"": 1, ""support"": 1, ""true_positive"": 0}]",retained_only,1.0,0.4023320295113878,"[[1, 0, 0], [0, 3, 0], [0, 1, 0]]","[0, 1, 2]","[{""f1"": 1.0, ""label"": 0, ""precision"": 1.0, ""recall"": 1.0, ""support"": 1}, {""f1"": 0.8571428571428571, ""label"": 1, ""precision"": 0.75, ""recall"": 1.0, ""support"": 3}, {""f1"": 0.0, ""label"": 2, ""precision"": 0.0, ""recall"": 0.0, ""support"": 1}]",passed
inception_full__b0_star_fixed10,4,0,0.6666666666666666,0.5555555555555555,0.6666666666666666,0.5,0.6666666666666666,0.5555555555555555,0.0,"[[0, 0], [1, 0], [2, 0]]","[{""abstention_count"": 0, ""f1"": 0.6666666666666666, ""false_negative"": 0, ""false_positive"": 2, ""label"": 0, ""precision"": 0.5, ""recall"": 1.0, ""retained_support"": 2, ""support"": 2, ""true_positive"": 2}, {""abstention_count"": 0, ""f1"": 0.0, ""false_negative"": 2, ""false_positive"": 0, ""label"": 1, ""precision"": 0.0, ""recall"": 0.0, ""retained_support"": 2, ""support"": 2, ""true_positive"": 0}, {""abstention_count"": 0, ""f1"": 1.0, ""false_negative"": 0, ""false_positive"": 0, ""label"": 2, ""precision"": 1.0, ""recall"": 1.0, ""retained_support"": 2, ""support"": 2, ""true_positive"": 2}]",retained_only,1.0,0.36952728328807316,"[[2, 0, 0], [2, 0, 0], [0, 0, 2]]","[0, 1, 2]","[{""f1"": 0.6666666666666666, ""label"": 0, ""precision"": 0.5, ""recall"": 1.0, ""support"": 2}, {""f1"": 0.0, ""label"": 1, ""precision"": 0.0, ""recall"": 0.0, ""support"": 2}, {""f1"": 1.0, ""label"": 2, ""precision"": 1.0, ""recall"": 1.0, ""support"": 2}]",passed
inception_full__b0_star_fixed10,4,1,0.38888888888888884,0.35714285714285715,0.38888888888888884,0.3333333333333333,0.38888888888888884,0.3571428571428572,0.0,"[[0, 0], [1, 0], [2, 0]]","[{""abstention_count"": 0, ""f1"": 0.5, ""false_negative"": 1, ""false_positive"": 1, ""label"": 0, ""precision"": 0.5, ""recall"": 0.5, ""retained_support"": 2, ""support"": 2, ""true_positive"": 1}, {""abstention_count"": 0, ""f1"": 0.5714285714285715, ""false_negative"": 1, ""false_positive"": 2, ""label"": 1, ""precision"": 0.5, ""recall"": 0.6666666666666666, ""retained_support"": 3, ""support"": 3, ""true_positive"": 2}, {""abstention_count"": 0, ""f1"": 0.0, ""false_negative"": 1, ""false_positive"": 0, ""label"": 2, ""precision"": 0.0, ""recall"": 0.0, ""retained_support"": 1, ""support"": 1, ""true_positive"": 0}]",retained_only,1.0,0.37289976680205694,"[[1, 1, 0], [1, 2, 0], [0, 1, 0]]","[0, 1, 2]","[{""f1"": 0.5, ""label"": 0, ""precision"": 0.5, ""recall"": 0.5, ""support"": 2}, {""f1"": 0.5714285714285714, ""label"": 1, ""precision"": 0.5, ""recall"": 0.6666666666666666, ""support"": 3}, {""f1"": 0.0, ""label"": 2, ""precision"": 0.0, ""recall"": 0.0, ""support"": 1}]",passed
inception_full__b0_star_fixed10,4,2,0.611111111111111,0.6,0.611111111111111,0.611111111111111,0.611111111111111,0.6,0.0,"[[0, 0], [1, 0], [2, 0]]","[{""abstention_count"": 0, ""f1"": 0.4, ""false_negative"": 1, ""false_positive"": 2, ""label"": 0, ""precision"": 0.3333333333333333, ""recall"": 0.5, ""retained_support"": 2, ""support"": 2, ""true_positive"": 1}, {""abstention_count"": 0, ""f1"": 0.4, ""false_negative"": 2, ""false_positive"": 1, ""label"": 1, ""precision"": 0.5, ""recall"": 0.3333333333333333, ""retained_support"": 3, ""support"": 3, ""true_positive"": 1}, {""abstention_count"": 0, ""f1"": 1.0, ""false_negative"": 0, ""false_positive"": 0, ""label"": 2, ""precision"": 1.0, ""recall"": 1.0, ""retained_support"": 1, ""support"": 1, ""true_positive"": 1}]",retained_only,1.0,0.3398010180940984,"[[1, 1, 0], [2, 1, 0], [0, 0, 1]]","[0, 1, 2]","[{""f1"": 0.4, ""label"": 0, ""precision"": 0.3333333333333333, ""recall"": 0.5, ""support"": 2}, {""f1"": 0.4, ""label"": 1, ""precision"": 0.5, ""recall"": 0.3333333333333333, ""support"": 3}, {""f1"": 1.0, ""label"": 2, ""precision"": 1.0, ""recall"": 1.0, ""support"": 1}]",passed
inception_full__b0_star_fixed10,4,3,0.3333333333333333,0.3,0.3333333333333333,0.27777777777777773,0.3333333333333333,0.3,0.0,"[[0, 0], [1, 0], [2, 0]]","[{""abstention_count"": 0, ""f1"": 0.0, ""false_negative"": 1, ""false_positive"": 0, ""label"": 0, ""precision"": 0.0, ""recall"": 0.0, ""retained_support"": 1, ""support"": 1, ""true_positive"": 0}, {""abstention_count"": 0, ""f1"": 0.4, ""false_negative"": 1, ""false_positive"": 2, ""label"": 1, ""precision"": 0.3333333333333333, ""recall"": 0.5, ""retained_support"": 2, ""support"": 2, ""true_positive"": 1}, {""abstention_count"": 0, ""f1"": 0.5, ""false_negative"": 1, ""false_positive"": 1, ""label"": 2, ""precision"": 0.5, ""recall"": 0.5, ""retained_support"": 2, ""support"": 2, ""true_positive"": 1}]",retained_only,1.0,0.43246067432896934,"[[0, 1, 0], [0, 1, 1], [0, 1, 1]]","[0, 1, 2]","[{""f1"": 0.0, ""label"": 0, ""precision"": 0.0, ""recall"": 0.0, ""support"": 1}, {""f1"": 0.4, ""label"": 1, ""precision"": 0.3333333333333333, ""recall"": 0.5, ""support"": 2}, {""f1"": 0.5, ""label"": 2, ""precision"": 0.5, ""recall"": 0.5, ""support"": 2}]",passed
inception_full__b0_star_fixed10,4,4,0.5,0.5222222222222223,0.5,0.611111111111111,0.5,0.5222222222222223,0.0,"[[0, 0], [1, 0], [2, 0]]","[{""abstention_count"": 0, ""f1"": 0.6666666666666666, ""false_negative"": 1, ""false_positive"": 0, ""label"": 0, ""precision"": 1.0, ""recall"": 0.5, ""retained_support"": 2, ""support"": 2, ""true_positive"": 1}, {""abstention_count"": 0, ""f1"": 0.4, ""false_negative"": 1, ""false_positive"": 2, ""label"": 1, ""precision"": 0.3333333333333333, ""recall"": 0.5, ""retained_support"": 2, ""support"": 2, ""true_positive"": 1}, {""abstention_count"": 0, ""f1"": 0.5, ""false_negative"": 1, ""false_positive"": 1, ""label"": 2, ""precision"": 0.5, ""recall"": 0.5, ""retained_support"": 2, ""support"": 2, ""true_positive"": 1}]",retained_only,1.0,0.2590967287961644,"[[1, 1, 0], [0, 1, 1], [0, 1, 1]]","[0, 1, 2]","[{""f1"": 0.6666666666666666, ""label"": 0, ""precision"": 1.0, ""recall"": 0.5, ""support"": 2}, {""f1"": 0.4, ""label"": 1, ""precision"": 0.3333333333333333, ""recall"": 0.5, ""support"": 2}, {""f1"": 0.5, ""label"": 2, ""precision"": 0.5, ""recall"": 0.5, ""support"": 2}]",passed
compact_cnn__b1_star_fixed10,0,0,0.5,0.4444444444444444,0.5,0.5,0.5,0.4444444444444444,0.0,"[[0, 0], [1, 0], [2, 0]]","[{""abstention_count"": 0, ""f1"": 0.6666666666666666, ""false_negative"": 1, ""false_positive"": 0, ""label"": 0, ""precision"": 1.0, ""recall"": 0.5, ""retained_support"": 2, ""support"": 2, ""true_positive"": 1}, {""abstention_count"": 0, ""f1"": 0.6666666666666666, ""false_negative"": 0, ""false_positive"": 2, ""label"": 1, ""precision"": 0.5, ""recall"": 1.0, ""retained_support"": 2, ""support"": 2, ""true_positive"": 2}, {""abstention_count"": 0, ""f1"": 0.0, ""false_negative"": 2, ""false_positive"": 1, ""label"": 2, ""precision"": 0.0, ""recall"": 0.0, ""retained_support"": 2, ""support"": 2, ""true_positive"": 0}]",retained_only,1.0,0.44618854778904293,"[[1, 0, 1], [0, 2, 0], [0, 2, 0]]","[0, 1, 2]","[{""f1"": 0.6666666666666666, ""label"": 0, ""precision"": 1.0, ""recall"": 0.5, ""support"": 2}, {""f1"": 0.6666666666666666, ""label"": 1, ""precision"": 0.5, ""recall"": 1.0, ""support"": 2}, {""f1"": 0.0, ""label"": 2, ""precision"": 0.0, ""recall"": 0.0, ""support"": 2}]",passed
compact_cnn__b1_star_fixed10,0,1,0.7222222222222222,0.7222222222222222,0.7222222222222222,0.7222222222222222,0.7222222222222222,0.7222222222222222,0.0,"[[0, 0], [1, 0], [2, 0]]","[{""abstention_count"": 0, ""f1"": 0.5, ""false_negative"": 1, ""false_positive"": 1, ""label"": 0, ""precision"": 0.5, ""recall"": 0.5, ""retained_support"": 2, ""support"": 2, ""true_positive"": 1}, {""abstention_count"": 0, ""f1"": 0.6666666666666666, ""false_negative"": 1, ""false_positive"": 1, ""label"": 1, ""precision"": 0.6666666666666666, ""recall"": 0.6666666666666666, ""retained_support"": 3, ""support"": 3, ""true_positive"": 2}, {""abstention_count"": 0, ""f1"": 1.0, ""false_negative"": 0, ""false_positive"": 0, ""label"": 2, ""precision"": 1.0, ""recall"": 1.0, ""retained_support"": 1, ""support"": 1, ""true_positive"": 1}]",retained_only,1.0,0.271593397716287,"[[1, 1, 0], [1, 2, 0], [0, 0, 1]]","[0, 1, 2]","[{""f1"": 0.5, ""label"": 0, ""precision"": 0.5, ""recall"": 0.5, ""support"": 2}, {""f1"": 0.6666666666666666, ""label"": 1, ""precision"": 0.6666666666666666, ""recall"": 0.6666666666666666, ""support"": 3}, {""f1"": 1.0, ""label"": 2, ""precision"": 1.0, ""recall"": 1.0, ""support"": 1}]",passed
compact_cnn__b1_star_fixed10,0,2,0.3333333333333333,0.27777777777777773,0.3333333333333333,0.25,0.3333333333333333,0.27777777777777773,0.0,"[[0, 0], [1, 0], [2, 0]]","[{""abstention_count"": 0, ""f1"": 0.0, ""false_negative"": 2, ""false_positive"": 0, ""label"": 0, ""precision"": 0.0, ""recall"": 0.0, ""retained_support"": 2, ""support"": 2, ""true_positive"": 0}, {""abstention_count"": 0, ""f1"": 0.3333333333333333, ""false_negative"": 1, ""false_positive"": 3, ""label"": 1, ""precision"": 0.25, ""recall"": 0.5, ""retained_support"": 2, ""support"": 2, ""true_positive"": 1}, {""abstention_count"": 0, ""f1"": 0.5, ""false_negative"": 1, ""false_positive"": 1, ""label"": 2, ""precision"": 0.5, ""recall"": 0.5, ""retained_support"": 2, ""support"": 2, ""true_positive"": 1}]",retained_only,1.0,0.6410361418910523,"[[0, 2, 0], [0, 1, 1], [0, 1, 1]]","[0, 1, 2]","[{""f1"": 0.0, ""label"": 0, ""precision"": 0.0, ""recall"": 0.0, ""support"": 2}, {""f1"": 0.3333333333333333, ""label"": 1, ""precision"": 0.25, ""recall"": 0.5, ""support"": 2}, {""f1"": 0.5, ""label"": 2, ""precision"": 0.5, ""recall"": 0.5, ""support"": 2}]",passed
compact_cnn__b1_star_fixed10,0,3,0.8333333333333334,0.8222222222222223,0.8333333333333334,0.8888888888888888,0.8333333333333334,0.8222222222222223,0.0,"[[0, 0], [1, 0], [2, 0]]","[{""abstention_count"": 0, ""f1"": 1.0, ""false_negative"": 0, ""false_positive"": 0, ""label"": 0, ""precision"": 1.0, ""recall"": 1.0, ""retained_support"": 2, ""support"": 2, ""true_positive"": 2}, {""abstention_count"": 0, ""f1"": 0.6666666666666666, ""false_negative"": 1, ""false_positive"": 0, ""label"": 1, ""precision"": 1.0, ""recall"": 0.5, ""retained_support"": 2, ""support"": 2, ""true_positive"": 1}, {""abstention_count"": 0, ""f1"": 0.8, ""false_negative"": 0, ""false_positive"": 1, ""label"": 2, ""precision"": 0.6666666666666666, ""recall"": 1.0, ""retained_support"": 2, ""support"": 2, ""true_positive"": 2}]",retained_only,1.0,0.2679731583626972,"[[2, 0, 0], [0, 1, 1], [0, 0, 2]]","[0, 1, 2]","[{""f1"": 1.0, ""label"": 0, ""precision"": 1.0, ""recall"": 1.0, ""support"": 2}, {""f1"": 0.6666666666666666, ""label"": 1, ""precision"": 1.0, ""recall"": 0.5, ""support"": 2}, {""f1"": 0.8, ""label"": 2, ""precision"": 0.6666666666666666, ""recall"": 1.0, ""support"": 2}]",passed
compact_cnn__b1_star_fixed10,0,4,0.5555555555555555,0.4444444444444444,0.5555555555555555,0.38888888888888884,0.5555555555555555,0.4444444444444444,0.0,"[[0, 0], [1, 0], [2, 0]]","[{""abstention_count"": 0, ""f1"": 0.6666666666666666, ""false_negative"": 0, ""false_positive"": 1, ""label"": 0, ""precision"": 0.5, ""recall"": 1.0, ""retained_support"": 1, ""support"": 1, ""true_positive"": 1}, {""abstention_count"": 0, ""f1"": 0.6666666666666666, ""false_negative"": 1, ""false_positive"": 1, ""label"": 1, ""precision"": 0.6666666666666666, ""recall"": 0.6666666666666666, ""retained_support"": 3, ""support"": 3, ""true_positive"": 2}, {""abstention_count"": 0, ""f1"": 0.0, ""false_negative"": 1, ""false_positive"": 0, ""label"": 2, ""precision"": 0.0, ""recall"": 0.0, ""retained_support"": 1, ""support"": 1, ""true_positive"": 0}]",retained_only,1.0,0.5592842011612849,"[[1, 0, 0], [1, 2, 0], [0, 1, 0]]","[0, 1, 2]","[{""f1"": 0.6666666666666666, ""label"": 0, ""precision"": 0.5, ""recall"": 1.0, ""support"": 1}, {""f1"": 0.6666666666666666, ""label"": 1, ""precision"": 0.6666666666666666, ""recall"": 0.6666666666666666, ""support"": 3}, {""f1"": 0.0, ""label"": 2, ""precision"": 0.0, ""recall"": 0.0, ""support"": 1}]",passed
compact_cnn__b1_star_fixed10,1,0,0.3333333333333333,0.2857142857142857,0.3333333333333333,0.25,0.3333333333333333,0.2857142857142857,0.0,"[[0, 0], [1, 0], [2, 0]]","[{""abstention_count"": 0, ""f1"": 0.0, ""false_negative"": 2, ""false_positive"": 2, ""label"": 0, ""precision"": 0.0, ""recall"": 0.0, ""retained_support"": 2, ""support"": 2, ""true_positive"": 0}, {""abstention_count"": 0, ""f1"": 0.8571428571428571, ""false_negative"": 0, ""false_positive"": 1, ""label"": 1, ""precision"": 0.75, ""recall"": 1.0, ""retained_support"": 3, ""support"": 3, ""true_positive"": 3}, {""abstention_count"": 0, ""f1"": 0.0, ""false_negative"": 2, ""false_positive"": 1, ""label"": 2, ""precision"": 0.0, ""recall"": 0.0, ""retained_support"": 2, ""support"": 2, ""true_positive"": 0}]",retained_only,1.0,0.41042628754737953,"[[0, 1, 1], [0, 3, 0], [2, 0, 0]]","[0, 1, 2]","[{""f1"": 0.0, ""label"": 0, ""precision"": 0.0, ""recall"": 0.0, ""support"": 2}, {""f1"": 0.8571428571428571, ""label"": 1, ""precision"": 0.75, ""recall"": 1.0, ""support"": 3}, {""f1"": 0.0, ""label"": 2, ""precision"": 0.0, ""recall"": 0.0, ""support"": 2}]",passed
compact_cnn__b1_star_fixed10,1,1,0.611111111111111,0.5222222222222223,0.611111111111111,0.5,0.611111111111111,0.5222222222222223,0.0,"[[0, 0], [1, 0], [2, 0]]","[{""abstention_count"": 0, ""f1"": 0.6666666666666666, ""false_negative"": 0, ""false_positive"": 1, ""label"": 0, ""precision"": 0.5, ""recall"": 1.0, ""retained_support"": 1, ""support"": 1, ""true_positive"": 1}, {""abstention_count"": 0, ""f1"": 0.4, ""false_negative"": 2, ""false_positive"": 1, ""label"": 1, ""precision"": 0.5, ""recall"": 0.3333333333333333, ""retained_support"": 3, ""support"": 3, ""true_positive"": 1}, {""abstention_count"": 0, ""f1"": 0.5, ""false_negative"": 1, ""false_positive"": 1, ""label"": 2, ""precision"": 0.5, ""recall"": 0.5, ""retained_support"": 2, ""support"": 2, ""true_positive"": 1}]",retained_only,1.0,0.2518779372429836,"[[1, 0, 0], [1, 1, 1], [0, 1, 1]]","[0, 1, 2]","[{""f1"": 0.6666666666666666, ""label"": 0, ""precision"": 0.5, ""recall"": 1.0, ""support"": 1}, {""f1"": 0.4, ""label"": 1, ""precision"": 0.5, ""recall"": 0.3333333333333333, ""support"": 3}, {""f1"": 0.5, ""label"": 2, ""precision"": 0.5, ""recall"": 0.5, ""support"": 2}]",passed
compact_cnn__b1_star_fixed10,1,2,0.3333333333333333,0.19047619047619047,0.3333333333333333,0.13333333333333333,0.3333333333333333,0.1904761904761905,0.0,"[[0, 0], [1, 0], [2, 0]]","[{""abstention_count"": 0, ""f1"": 0.5714285714285715, ""false_negative"": 0, ""false_positive"": 3, ""label"": 0, ""precision"": 0.4, ""recall"": 1.0, ""retained_support"": 2, ""support"": 2, ""true_positive"": 2}, {""abstention_count"": 0, ""f1"": 0.0, ""false_negative"": 2, ""false_positive"": 0, ""label"": 1, ""precision"": 0.0, ""recall"": 0.0, ""retained_support"": 2, ""support"": 2, ""true_positive"": 0}, {""abstention_count"": 0, ""f1"": 0.0, ""false_negative"": 2, ""false_positive"": 1, ""label"": 2, ""precision"": 0.0, ""recall"": 0.0, ""retained_support"": 2, ""support"": 2, ""true_positive"": 0}]",retained_only,1.0,0.3717398818994381,"[[2, 0, 0], [1, 0, 1], [2, 0, 0]]","[0, 1, 2]","[{""f1"": 0.5714285714285714, ""label"": 0, ""precision"": 0.4, ""recall"": 1.0, ""support"": 2}, {""f1"": 0.0, ""label"": 1, ""precision"": 0.0, ""recall"": 0.0, ""support"": 2}, {""f1"": 0.0, ""label"": 2, ""precision"": 0.0, ""recall"": 0.0, ""support"": 2}]",passed
compact_cnn__b1_star_fixed10,1,3,0.16666666666666666,0.1111111111111111,0.16666666666666666,0.08333333333333333,0.16666666666666666,0.1111111111111111,0.0,"[[0, 0], [1, 0], [2, 0]]","[{""abstention_count"": 0, ""f1"": 0.0, ""false_negative"": 2, ""false_positive"": 1, ""label"": 0, ""precision"": 0.0, ""recall"": 0.0, ""retained_support"": 2, ""support"": 2, ""true_positive"": 0}, {""abstention_count"": 0, ""f1"": 0.3333333333333333, ""false_negative"": 1, ""false_positive"": 3, ""label"": 1, ""precision"": 0.25, ""recall"": 0.5, ""retained_support"": 2, ""support"": 2, ""true_positive"": 1}, {""abstention_count"": 0, ""f1"": 0.0, ""false_negative"": 1, ""false_positive"": 0, ""label"": 2, ""precision"": 0.0, ""recall"": 0.0, ""retained_support"": 1, ""support"": 1, ""true_positive"": 0}]",retained_only,1.0,0.5534944232443494,"[[0, 2, 0], [1, 1, 0], [0, 1, 0]]","[0, 1, 2]","[{""f1"": 0.0, ""label"": 0, ""precision"": 0.0, ""recall"": 0.0, ""support"": 2}, {""f1"": 0.3333333333333333, ""label"": 1, ""precision"": 0.25, ""recall"": 0.5, ""support"": 2}, {""f1"": 0.0, ""label"": 2, ""precision"": 0.0, ""recall"": 0.0, ""support"": 1}]",passed
compact_cnn__b1_star_fixed10,1,4,0.3333333333333333,0.19047619047619047,0.3333333333333333,0.13333333333333333,0.3333333333333333,0.1904761904761905,0.0,"[[0, 0], [1, 0], [2, 0]]","[{""abstention_count"": 0, ""f1"": 0.5714285714285715, ""false_negative"": 0, ""false_positive"": 3, ""label"": 0, ""precision"": 0.4, ""recall"": 1.0, ""retained_support"": 2, ""support"": 2, ""true_positive"": 2}, {""abstention_count"": 0, ""f1"": 0.0, ""false_negative"": 2, ""false_positive"": 0, ""label"": 1, ""precision"": 0.0, ""recall"": 0.0, ""retained_support"": 2, ""support"": 2, ""true_positive"": 0}, {""abstention_count"": 0, ""f1"": 0.0, ""false_negative"": 1, ""false_positive"": 0, ""label"": 2, ""precision"": 0.0, ""recall"": 0.0, ""retained_support"": 1, ""support"": 1, ""true_positive"": 0}]",retained_only,1.0,0.4503685717808329,"[[2, 0, 0], [2, 0, 0], [1, 0, 0]]","[0, 1, 2]","[{""f1"": 0.5714285714285714, ""label"": 0, ""precision"": 0.4, ""recall"": 1.0, ""support"": 2}, {""f1"": 0.0, ""label"": 1, ""precision"": 0.0, ""recall"": 0.0, ""support"": 2}, {""f1"": 0.0, ""label"": 2, ""precision"": 0.0, ""recall"": 0.0, ""support"": 1}]",passed
compact_cnn__b1_star_fixed10,2,0,0.38888888888888884,0.41269841269841273,0.38888888888888884,0.5,0.38888888888888884,0.41269841269841273,0.0,"[[0, 0], [1, 0], [2, 0]]","[{""abstention_count"": 0, ""f1"": 0.6666666666666666, ""false_negative"": 1, ""false_positive"": 0, ""label"": 0, ""precision"": 1.0, ""recall"": 0.5, ""retained_support"": 2, ""support"": 2, ""true_positive"": 1}, {""abstention_count"": 0, ""f1"": 0.5714285714285715, ""false_negative"": 1, ""false_positive"": 2, ""label"": 1, ""precision"": 0.5, ""recall"": 0.6666666666666666, ""retained_support"": 3, ""support"": 3, ""true_positive"": 2}, {""abstention_count"": 0, ""f1"": 0.0, ""false_negative"": 1, ""false_positive"": 1, ""label"": 2, ""precision"": 0.0, ""recall"": 0.0, ""retained_support"": 1, ""support"": 1, ""true_positive"": 0}]",retained_only,1.0,0.2668950393703524,"[[1, 1, 0], [0, 2, 1], [0, 1, 0]]","[0, 1, 2]","[{""f1"": 0.6666666666666666, ""label"": 0, ""precision"": 1.0, ""recall"": 0.5, ""support"": 2}, {""f1"": 0.5714285714285714, ""label"": 1, ""precision"": 0.5, ""recall"": 0.6666666666666666, ""support"": 3}, {""f1"": 0.0, ""label"": 2, ""precision"": 0.0, ""recall"": 0.0, ""support"": 1}]",passed
compact_cnn__b1_star_fixed10,2,1,0.5,0.38888888888888884,0.5,0.3333333333333333,0.5,0.38888888888888884,0.0,"[[0, 0], [1, 0], [2, 0]]","[{""abstention_count"": 0, ""f1"": 0.5, ""false_negative"": 1, ""false_positive"": 1, ""label"": 0, ""precision"": 0.5, ""recall"": 0.5, ""retained_support"": 2, ""support"": 2, ""true_positive"": 1}, {""abstention_count"": 0, ""f1"": 0.6666666666666666, ""false_negative"": 0, ""false_positive"": 2, ""label"": 1, ""precision"": 0.5, ""recall"": 1.0, ""retained_support"": 2, ""support"": 2, ""true_positive"": 2}, {""abstention_count"": 0, ""f1"": 0.0, ""false_negative"": 2, ""false_positive"": 0, ""label"": 2, ""precision"": 0.0, ""recall"": 0.0, ""retained_support"": 2, ""support"": 2, ""true_positive"": 0}]",retained_only,1.0,0.41075492455770846,"[[1, 1, 0], [0, 2, 0], [1, 1, 0]]","[0, 1, 2]","[{""f1"": 0.5, ""label"": 0, ""precision"": 0.5, ""recall"": 0.5, ""support"": 2}, {""f1"": 0.6666666666666666, ""label"": 1, ""precision"": 0.5, ""recall"": 1.0, ""support"": 2}, {""f1"": 0.0, ""label"": 2, ""precision"": 0.0, ""recall"": 0.0, ""support"": 2}]",passed
compact_cnn__b1_star_fixed10,2,2,0.3333333333333333,0.13333333333333333,0.3333333333333333,0.08333333333333333,0.3333333333333333,0.13333333333333333,0.0,"[[0, 0], [1, 0], [2, 0]]","[{""abstention_count"": 0, ""f1"": 0.4, ""false_negative"": 0, ""false_positive"": 3, ""label"": 0, ""precision"": 0.25, ""recall"": 1.0, ""retained_support"": 1, ""support"": 1, ""true_positive"": 1}, {""abstention_count"": 0, ""f1"": 0.0, ""false_negative"": 3, ""false_positive"": 1, ""label"": 1, ""precision"": 0.0, ""recall"": 0.0, ""retained_support"": 3, ""support"": 3, ""true_positive"": 0}, {""abstention_count"": 0, ""f1"": 0.0, ""false_negative"": 2, ""false_positive"": 1, ""label"": 2, ""precision"": 0.0, ""recall"": 0.0, ""retained_support"": 2, ""support"": 2, ""true_positive"": 0}]",retained_only,1.0,0.5236092714433651,"[[1, 0, 0], [2, 0, 1], [1, 1, 0]]","[0, 1, 2]","[{""f1"": 0.4, ""label"": 0, ""precision"": 0.25, ""recall"": 1.0, ""support"": 1}, {""f1"": 0.0, ""label"": 1, ""precision"": 0.0, ""recall"": 0.0, ""support"": 3}, {""f1"": 0.0, ""label"": 2, ""precision"": 0.0, ""recall"": 0.0, ""support"": 2}]",passed
compact_cnn__b1_star_fixed10,2,3,0.5,0.38888888888888884,0.5,0.3333333333333333,0.5,0.38888888888888884,0.0,"[[0, 0], [1, 0], [2, 0]]","[{""abstention_count"": 0, ""f1"": 0.5, ""false_negative"": 1, ""false_positive"": 1, ""label"": 0, ""precision"": 0.5, ""recall"": 0.5, ""retained_support"": 2, ""support"": 2, ""true_positive"": 1}, {""abstention_count"": 0, ""f1"": 0.6666666666666666, ""false_negative"": 0, ""false_positive"": 2, ""label"": 1, ""precision"": 0.5, ""recall"": 1.0, ""retained_support"": 2, ""support"": 2, ""true_positive"": 2}, {""abstention_count"": 0, ""f1"": 0.0, ""false_negative"": 2, ""false_positive"": 0, ""label"": 2, ""precision"": 0.0, ""recall"": 0.0, ""retained_support"": 2, ""support"": 2, ""true_positive"": 0}]",retained_only,1.0,0.41076286334137013,"[[1, 1, 0], [0, 2, 0], [1, 1, 0]]","[0, 1, 2]","[{""f1"": 0.5, ""label"": 0, ""precision"": 0.5, ""recall"": 0.5, ""support"": 2}, {""f1"": 0.6666666666666666, ""label"": 1, ""precision"": 0.5, ""recall"": 1.0, ""support"": 2}, {""f1"": 0.0, ""label"": 2, ""precision"": 0.0, ""recall"": 0.0, ""support"": 2}]",passed
compact_cnn__b1_star_fixed10,2,4,0.5,0.43333333333333335,0.5,0.38888888888888884,0.5,0.43333333333333335,0.0,"[[0, 0], [1, 0], [2, 0]]","[{""abstention_count"": 0, ""f1"": 0.8, ""false_negative"": 0, ""false_positive"": 1, ""label"": 0, ""precision"": 0.6666666666666666, ""recall"": 1.0, ""retained_support"": 2, ""support"": 2, ""true_positive"": 2}, {""abstention_count"": 0, ""f1"": 0.5, ""false_negative"": 1, ""false_positive"": 1, ""label"": 1, ""precision"": 0.5, ""recall"": 0.5, ""retained_support"": 2, ""support"": 2, ""true_positive"": 1}, {""abstention_count"": 0, ""f1"": 0.0, ""false_negative"": 1, ""false_positive"": 0, ""label"": 2, ""precision"": 0.0, ""recall"": 0.0, ""retained_support"": 1, ""support"": 1, ""true_positive"": 0}]",retained_only,1.0,0.3534471718757335,"[[2, 0, 0], [1, 1, 0], [0, 1, 0]]","[0, 1, 2]","[{""f1"": 0.8, ""label"": 0, ""precision"": 0.6666666666666666, ""recall"": 1.0, ""support"": 2}, {""f1"": 0.5, ""label"": 1, ""precision"": 0.5, ""recall"": 0.5, ""support"": 2}, {""f1"": 0.0, ""label"": 2, ""precision"": 0.0, ""recall"": 0.0, ""support"": 1}]",passed
compact_cnn__b1_star_fixed10,3,0,0.6666666666666666,0.4444444444444444,0.6666666666666666,0.3333333333333333,0.6666666666666666,0.4444444444444444,0.0,"[[0, 0], [1, 0], [2, 0]]","[{""abstention_count"": 0, ""f1"": 0.6666666666666666, ""false_negative"": 0, ""false_positive"": 2, ""label"": 0, ""precision"": 0.5, ""recall"": 1.0, ""retained_support"": 2, ""support"": 2, ""true_positive"": 2}, {""abstention_count"": 0, ""f1"": 0.0, ""false_negative"": 3, ""false_positive"": 0, ""label"": 1, ""precision"": 0.0, ""recall"": 0.0, ""retained_support"": 3, ""support"": 3, ""true_positive"": 0}, {""abstention_count"": 0, ""f1"": 0.6666666666666666, ""false_negative"": 0, ""false_positive"": 1, ""label"": 2, ""precision"": 0.5, ""recall"": 1.0, ""retained_support"": 1, ""support"": 1, ""true_positive"": 1}]",retained_only,1.0,0.221296518606447,"[[2, 0, 0], [2, 0, 1], [0, 0, 1]]","[0, 1, 2]","[{""f1"": 0.6666666666666666, ""label"": 0, ""precision"": 0.5, ""recall"": 1.0, ""support"": 2}, {""f1"": 0.0, ""label"": 1, ""precision"": 0.0, ""recall"": 0.0, ""support"": 3}, {""f1"": 0.6666666666666666, ""label"": 2, ""precision"": 0.5, ""recall"": 1.0, ""support"": 1}]",passed
compact_cnn__b1_star_fixed10,3,1,0.5,0.41269841269841273,0.5,0.4666666666666666,0.5,0.41269841269841273,0.0,"[[0, 0], [1, 0], [2, 0]]","[{""abstention_count"": 0, ""f1"": 0.0, ""false_negative"": 2, ""false_positive"": 0, ""label"": 0, ""precision"": 0.0, ""recall"": 0.0, ""retained_support"": 2, ""support"": 2, ""true_positive"": 0}, {""abstention_count"": 0, ""f1"": 0.5714285714285715, ""false_negative"": 0, ""false_positive"": 3, ""label"": 1, ""precision"": 0.4, ""recall"": 1.0, ""retained_support"": 2, ""support"": 2, ""true_positive"": 2}, {""abstention_count"": 0, ""f1"": 0.6666666666666666, ""false_negative"": 1, ""false_positive"": 0, ""label"": 2, ""precision"": 1.0, ""recall"": 0.5, ""retained_support"": 2, ""support"": 2, ""true_positive"": 1}]",retained_only,1.0,0.3195629255262023,"[[0, 2, 0], [0, 2, 0], [0, 1, 1]]","[0, 1, 2]","[{""f1"": 0.0, ""label"": 0, ""precision"": 0.0, ""recall"": 0.0, ""support"": 2}, {""f1"": 0.5714285714285714, ""label"": 1, ""precision"": 0.4, ""recall"": 1.0, ""support"": 2}, {""f1"": 0.6666666666666666, ""label"": 2, ""precision"": 1.0, ""recall"": 0.5, ""support"": 2}]",passed
compact_cnn__b1_star_fixed10,3,2,0.6666666666666666,0.6666666666666666,0.6666666666666666,0.6666666666666666,0.6666666666666666,0.6666666666666666,0.0,"[[0, 0], [1, 0], [2, 0]]","[{""abstention_count"": 0, ""f1"": 0.5, ""false_negative"": 1, ""false_positive"": 1, ""label"": 0, ""precision"": 0.5, ""recall"": 0.5, ""retained_support"": 2, ""support"": 2, ""true_positive"": 1}, {""abstention_count"": 0, ""f1"": 0.5, ""false_negative"": 1, ""false_positive"": 1, ""label"": 1, ""precision"": 0.5, ""recall"": 0.5, ""retained_support"": 2, ""support"": 2, ""true_positive"": 1}, {""abstention_count"": 0, ""f1"": 1.0, ""false_negative"": 0, ""false_positive"": 0, ""label"": 2, ""precision"": 1.0, ""recall"": 1.0, ""retained_support"": 2, ""support"": 2, ""true_positive"": 2}]",retained_only,1.0,0.2753912418378925,"[[1, 1, 0], [1, 1, 0], [0, 0, 2]]","[0, 1, 2]","[{""f1"": 0.5, ""label"": 0, ""precision"": 0.5, ""recall"": 0.5, ""support"": 2}, {""f1"": 0.5, ""label"": 1, ""precision"": 0.5, ""recall"": 0.5, ""support"": 2}, {""f1"": 1.0, ""label"": 2, ""precision"": 1.0, ""recall"": 1.0, ""support"": 2}]",passed
compact_cnn__b1_star_fixed10,3,3,0.3333333333333333,0.27777777777777773,0.3333333333333333,0.25,0.3333333333333333,0.27777777777777773,0.0,"[[0, 0], [1, 0], [2, 0]]","[{""abstention_count"": 0, ""f1"": 0.5, ""false_negative"": 1, ""false_positive"": 1, ""label"": 0, ""precision"": 0.5, ""recall"": 0.5, ""retained_support"": 2, ""support"": 2, ""true_positive"": 1}, {""abstention_count"": 0, ""f1"": 0.3333333333333333, ""false_negative"": 1, ""false_positive"": 3, ""label"": 1, ""precision"": 0.25, ""recall"": 0.5, ""retained_support"": 2, ""support"": 2, ""true_positive"": 1}, {""abstention_count"": 0, ""f1"": 0.0, ""false_negative"": 2, ""false_positive"": 0, ""label"": 2, ""precision"": 0.0, ""recall"": 0.0, ""retained_support"": 2, ""support"": 2, ""true_positive"": 0}]",retained_only,1.0,0.48343516043667767,"[[1, 1, 0], [1, 1, 0], [0, 2, 0]]","[0, 1, 2]","[{""f1"": 0.5, ""label"": 0, ""precision"": 0.5, ""recall"": 0.5, ""support"": 2}, {""f1"": 0.3333333333333333, ""label"": 1, ""precision"": 0.25, ""recall"": 0.5, ""support"": 2}, {""f1"": 0.0, ""label"": 2, ""precision"": 0.0, ""recall"": 0.0, ""support"": 2}]",passed
compact_cnn__b1_star_fixed10,3,4,0.5555555555555555,0.5555555555555555,0.5555555555555555,0.5555555555555555,0.5555555555555555,0.5555555555555555,0.0,"[[0, 0], [1, 0], [2, 0]]","[{""abstention_count"": 0, ""f1"": 1.0, ""false_negative"": 0, ""false_positive"": 0, ""label"": 0, ""precision"": 1.0, ""recall"": 1.0, ""retained_support"": 1, ""support"": 1, ""true_positive"": 1}, {""abstention_count"": 0, ""f1"": 0.6666666666666666, ""false_negative"": 1, ""false_positive"": 1, ""label"": 1, ""precision"": 0.6666666666666666, ""recall"": 0.6666666666666666, ""retained_support"": 3, ""support"": 3, ""true_positive"": 2}, {""abstention_count"": 0, ""f1"": 0.0, ""false_negative"": 1, ""false_positive"": 1, ""label"": 2, ""precision"": 0.0, ""recall"": 0.0, ""retained_support"": 1, ""support"": 1, ""true_positive"": 0}]",retained_only,1.0,0.414690602839238,"[[1, 0, 0], [0, 2, 1], [0, 1, 0]]","[0, 1, 2]","[{""f1"": 1.0, ""label"": 0, ""precision"": 1.0, ""recall"": 1.0, ""support"": 1}, {""f1"": 0.6666666666666666, ""label"": 1, ""precision"": 0.6666666666666666, ""recall"": 0.6666666666666666, ""support"": 3}, {""f1"": 0.0, ""label"": 2, ""precision"": 0.0, ""recall"": 0.0, ""support"": 1}]",passed
compact_cnn__b1_star_fixed10,4,0,0.3333333333333333,0.35555555555555557,0.3333333333333333,0.4444444444444444,0.3333333333333333,0.35555555555555557,0.0,"[[0, 0], [1, 0], [2, 0]]","[{""abstention_count"": 0, ""f1"": 0.4, ""false_negative"": 1, ""false_positive"": 2, ""label"": 0, ""precision"": 0.3333333333333333, ""recall"": 0.5, ""retained_support"": 2, ""support"": 2, ""true_positive"": 1}, {""abstention_count"": 0, ""f1"": 0.0, ""false_negative"": 2, ""false_positive"": 2, ""label"": 1, ""precision"": 0.0, ""recall"": 0.0, ""retained_support"": 2, ""support"": 2, ""true_positive"": 0}, {""abstention_count"": 0, ""f1"": 0.6666666666666666, ""false_negative"": 1, ""false_positive"": 0, ""label"": 2, ""precision"": 1.0, ""recall"": 0.5, ""retained_support"": 2, ""support"": 2, ""true_positive"": 1}]",retained_only,1.0,0.3599798687172985,"[[1, 1, 0], [2, 0, 0], [0, 1, 1]]","[0, 1, 2]","[{""f1"": 0.4, ""label"": 0, ""precision"": 0.3333333333333333, ""recall"": 0.5, ""support"": 2}, {""f1"": 0.0, ""label"": 1, ""precision"": 0.0, ""recall"": 0.0, ""support"": 2}, {""f1"": 0.6666666666666666, ""label"": 2, ""precision"": 1.0, ""recall"": 0.5, ""support"": 2}]",passed
compact_cnn__b1_star_fixed10,4,1,0.5,0.47222222222222215,0.5,0.5333333333333333,0.5,0.47222222222222215,0.0,"[[0, 0], [1, 0], [2, 0]]","[{""abstention_count"": 0, ""f1"": 0.6666666666666666, ""false_negative"": 1, ""false_positive"": 0, ""label"": 0, ""precision"": 1.0, ""recall"": 0.5, ""retained_support"": 2, ""support"": 2, ""true_positive"": 1}, {""abstention_count"": 0, ""f1"": 0.7499999999999999, ""false_negative"": 0, ""false_positive"": 2, ""label"": 1, ""precision"": 0.6, ""recall"": 1.0, ""retained_support"": 3, ""support"": 3, ""true_positive"": 3}, {""abstention_count"": 0, ""f1"": 0.0, ""false_negative"": 1, ""false_positive"": 0, ""label"": 2, ""precision"": 0.0, ""recall"": 0.0, ""retained_support"": 1, ""support"": 1, ""true_positive"": 0}]",retained_only,1.0,0.3833025480586273,"[[1, 1, 0], [0, 3, 0], [0, 1, 0]]","[0, 1, 2]","[{""f1"": 0.6666666666666666, ""label"": 0, ""precision"": 1.0, ""recall"": 0.5, ""support"": 2}, {""f1"": 0.75, ""label"": 1, ""precision"": 0.6, ""recall"": 1.0, ""support"": 3}, {""f1"": 0.0, ""label"": 2, ""precision"": 0.0, ""recall"": 0.0, ""support"": 1}]",passed
compact_cnn__b1_star_fixed10,4,2,0.16666666666666666,0.09523809523809523,0.16666666666666666,0.06666666666666667,0.16666666666666666,0.09523809523809525,0.0,"[[0, 0], [1, 0], [2, 0]]","[{""abstention_count"": 0, ""f1"": 0.28571428571428575, ""false_negative"": 1, ""false_positive"": 4, ""label"": 0, ""precision"": 0.2, ""recall"": 0.5, ""retained_support"": 2, ""support"": 2, ""true_positive"": 1}, {""abstention_count"": 0, ""f1"": 0.0, ""false_negative"": 3, ""false_positive"": 1, ""label"": 1, ""precision"": 0.0, ""recall"": 0.0, ""retained_support"": 3, ""support"": 3, ""true_positive"": 0}, {""abstention_count"": 0, ""f1"": 0.0, ""false_negative"": 1, ""false_positive"": 0, ""label"": 2, ""precision"": 0.0, ""recall"": 0.0, ""retained_support"": 1, ""support"": 1, ""true_positive"": 0}]",retained_only,1.0,0.5503104794576161,"[[1, 1, 0], [3, 0, 0], [1, 0, 0]]","[0, 1, 2]","[{""f1"": 0.2857142857142857, ""label"": 0, ""precision"": 0.2, ""recall"": 0.5, ""support"": 2}, {""f1"": 0.0, ""label"": 1, ""precision"": 0.0, ""recall"": 0.0, ""support"": 3}, {""f1"": 0.0, ""label"": 2, ""precision"": 0.0, ""recall"": 0.0, ""support"": 1}]",passed
compact_cnn__b1_star_fixed10,4,3,0.16666666666666666,0.13333333333333333,0.16666666666666666,0.1111111111111111,0.16666666666666666,0.13333333333333333,0.0,"[[0, 0], [1, 0], [2, 0]]","[{""abstention_count"": 0, ""f1"": 0.0, ""false_negative"": 1, ""false_positive"": 1, ""label"": 0, ""precision"": 0.0, ""recall"": 0.0, ""retained_support"": 1, ""support"": 1, ""true_positive"": 0}, {""abstention_count"": 0, ""f1"": 0.4, ""false_negative"": 1, ""false_positive"": 2, ""label"": 1, ""precision"": 0.3333333333333333, ""recall"": 0.5, ""retained_support"": 2, ""support"": 2, ""true_positive"": 1}, {""abstention_count"": 0, ""f1"": 0.0, ""false_negative"": 2, ""false_positive"": 1, ""label"": 2, ""precision"": 0.0, ""recall"": 0.0, ""retained_support"": 2, ""support"": 2, ""true_positive"": 0}]",retained_only,1.0,0.5090032132664972,"[[0, 1, 0], [0, 1, 1], [1, 1, 0]]","[0, 1, 2]","[{""f1"": 0.0, ""label"": 0, ""precision"": 0.0, ""recall"": 0.0, ""support"": 1}, {""f1"": 0.4, ""label"": 1, ""precision"": 0.3333333333333333, ""recall"": 0.5, ""support"": 2}, {""f1"": 0.0, ""label"": 2, ""precision"": 0.0, ""recall"": 0.0, ""support"": 2}]",passed
compact_cnn__b1_star_fixed10,4,4,0.5,0.5,0.5,0.5,0.5,0.5,0.0,"[[0, 0], [1, 0], [2, 0]]","[{""abstention_count"": 0, ""f1"": 0.5, ""false_negative"": 1, ""false_positive"": 1, ""label"": 0, ""precision"": 0.5, ""recall"": 0.5, ""retained_support"": 2, ""support"": 2, ""true_positive"": 1}, {""abstention_count"": 0, ""f1"": 0.5, ""false_negative"": 1, ""false_positive"": 1, ""label"": 1, ""precision"": 0.5, ""recall"": 0.5, ""retained_support"": 2, ""support"": 2, ""true_positive"": 1}, {""abstention_count"": 0, ""f1"": 0.5, ""false_negative"": 1, ""false_positive"": 1, ""label"": 2, ""precision"": 0.5, ""recall"": 0.5, ""retained_support"": 2, ""support"": 2, ""true_positive"": 1}]",retained_only,1.0,0.23271782624302922,"[[1, 0, 1], [1, 1, 0], [0, 1, 1]]","[0, 1, 2]","[{""f1"": 0.5, ""label"": 0, ""precision"": 0.5, ""recall"": 0.5, ""support"": 2}, {""f1"": 0.5, ""label"": 1, ""precision"": 0.5, ""recall"": 0.5, ""support"": 2}, {""f1"": 0.5, ""label"": 2, ""precision"": 0.5, ""recall"": 0.5, ""support"": 2}]",passed
inception_full__b1_star_fixed10,0,0,0.5,0.4444444444444444,0.5,0.5,0.5,0.4444444444444444,0.0,"[[0, 0], [1, 0], [2, 0]]","[{""abstention_count"": 0, ""f1"": 0.6666666666666666, ""false_negative"": 1, ""false_positive"": 0, ""label"": 0, ""precision"": 1.0, ""recall"": 0.5, ""retained_support"": 2, ""support"": 2, ""true_positive"": 1}, {""abstention_count"": 0, ""f1"": 0.6666666666666666, ""false_negative"": 0, ""false_positive"": 2, ""label"": 1, ""precision"": 0.5, ""recall"": 1.0, ""retained_support"": 2, ""support"": 2, ""true_positive"": 2}, {""abstention_count"": 0, ""f1"": 0.0, ""false_negative"": 2, ""false_positive"": 1, ""label"": 2, ""precision"": 0.0, ""recall"": 0.0, ""retained_support"": 2, ""support"": 2, ""true_positive"": 0}]",retained_only,1.0,0.268740730615214,"[[1, 0, 1], [0, 2, 0], [0, 2, 0]]","[0, 1, 2]","[{""f1"": 0.6666666666666666, ""label"": 0, ""precision"": 1.0, ""recall"": 0.5, ""support"": 2}, {""f1"": 0.6666666666666666, ""label"": 1, ""precision"": 0.5, ""recall"": 1.0, ""support"": 2}, {""f1"": 0.0, ""label"": 2, ""precision"": 0.0, ""recall"": 0.0, ""support"": 2}]",passed
inception_full__b1_star_fixed10,0,1,0.5555555555555555,0.41269841269841273,0.5555555555555555,0.3333333333333333,0.5555555555555555,0.41269841269841273,0.0,"[[0, 0], [1, 0], [2, 0]]","[{""abstention_count"": 0, ""f1"": 0.0, ""false_negative"": 2, ""false_positive"": 0, ""label"": 0, ""precision"": 0.0, ""recall"": 0.0, ""retained_support"": 2, ""support"": 2, ""true_positive"": 0}, {""abstention_count"": 0, ""f1"": 0.5714285714285715, ""false_negative"": 1, ""false_positive"": 2, ""label"": 1, ""precision"": 0.5, ""recall"": 0.6666666666666666, ""retained_support"": 3, ""support"": 3, ""true_positive"": 2}, {""abstention_count"": 0, ""f1"": 0.6666666666666666, ""false_negative"": 0, ""false_positive"": 1, ""label"": 2, ""precision"": 0.5, ""recall"": 1.0, ""retained_support"": 1, ""support"": 1, ""true_positive"": 1}]",retained_only,1.0,0.24177660744013318,"[[0, 2, 0], [0, 2, 1], [0, 0, 1]]","[0, 1, 2]","[{""f1"": 0.0, ""label"": 0, ""precision"": 0.0, ""recall"": 0.0, ""support"": 2}, {""f1"": 0.5714285714285714, ""label"": 1, ""precision"": 0.5, ""recall"": 0.6666666666666666, ""support"": 3}, {""f1"": 0.6666666666666666, ""label"": 2, ""precision"": 0.5, ""recall"": 1.0, ""support"": 1}]",passed
inception_full__b1_star_fixed10,0,2,0.3333333333333333,0.16666666666666666,0.3333333333333333,0.1111111111111111,0.3333333333333333,0.16666666666666666,0.0,"[[0, 0], [1, 0], [2, 0]]","[{""abstention_count"": 0, ""f1"": 0.0, ""false_negative"": 2, ""false_positive"": 0, ""label"": 0, ""precision"": 0.0, ""recall"": 0.0, ""retained_support"": 2, ""support"": 2, ""true_positive"": 0}, {""abstention_count"": 0, ""f1"": 0.5, ""false_negative"": 0, ""false_positive"": 4, ""label"": 1, ""precision"": 0.3333333333333333, ""recall"": 1.0, ""retained_support"": 2, ""support"": 2, ""true_positive"": 2}, {""abstention_count"": 0, ""f1"": 0.0, ""false_negative"": 2, ""false_positive"": 0, ""label"": 2, ""precision"": 0.0, ""recall"": 0.0, ""retained_support"": 2, ""support"": 2, ""true_positive"": 0}]",retained_only,1.0,0.6878230876364785,"[[0, 2, 0], [0, 2, 0], [0, 2, 0]]","[0, 1, 2]","[{""f1"": 0.0, ""label"": 0, ""precision"": 0.0, ""recall"": 0.0, ""support"": 2}, {""f1"": 0.5, ""label"": 1, ""precision"": 0.3333333333333333, ""recall"": 1.0, ""support"": 2}, {""f1"": 0.0, ""label"": 2, ""precision"": 0.0, ""recall"": 0.0, ""support"": 2}]",passed
inception_full__b1_star_fixed10,0,3,0.6666666666666666,0.6555555555555556,0.6666666666666666,0.7222222222222222,0.6666666666666666,0.6555555555555556,0.0,"[[0, 0], [1, 0], [2, 0]]","[{""abstention_count"": 0, ""f1"": 0.8, ""false_negative"": 0, ""false_positive"": 1, ""label"": 0, ""precision"": 0.6666666666666666, ""recall"": 1.0, ""retained_support"": 2, ""support"": 2, ""true_positive"": 2}, {""abstention_count"": 0, ""f1"": 0.6666666666666666, ""false_negative"": 1, ""false_positive"": 0, ""label"": 1, ""precision"": 1.0, ""recall"": 0.5, ""retained_support"": 2, ""support"": 2, ""true_positive"": 1}, {""abstention_count"": 0, ""f1"": 0.5, ""false_negative"": 1, ""false_positive"": 1, ""label"": 2, ""precision"": 0.5, ""recall"": 0.5, ""retained_support"": 2, ""support"": 2, ""true_positive"": 1}]",retained_only,1.0,0.2166738011887221,"[[2, 0, 0], [0, 1, 1], [1, 0, 1]]","[0, 1, 2]","[{""f1"": 0.8, ""label"": 0, ""precision"": 0.6666666666666666, ""recall"": 1.0, ""support"": 2}, {""f1"": 0.6666666666666666, ""label"": 1, ""precision"": 1.0, ""recall"": 0.5, ""support"": 2}, {""f1"": 0.5, ""label"": 2, ""precision"": 0.5, ""recall"": 0.5, ""support"": 2}]",passed
inception_full__b1_star_fixed10,0,4,0.5555555555555555,0.4444444444444444,0.5555555555555555,0.38888888888888884,0.5555555555555555,0.4444444444444444,0.0,"[[0, 0], [1, 0], [2, 0]]","[{""abstention_count"": 0, ""f1"": 0.6666666666666666, ""false_negative"": 0, ""false_positive"": 1, ""label"": 0, ""precision"": 0.5, ""recall"": 1.0, ""retained_support"": 1, ""support"": 1, ""true_positive"": 1}, {""abstention_count"": 0, ""f1"": 0.6666666666666666, ""false_negative"": 1, ""false_positive"": 1, ""label"": 1, ""precision"": 0.6666666666666666, ""recall"": 0.6666666666666666, ""retained_support"": 3, ""support"": 3, ""true_positive"": 2}, {""abstention_count"": 0, ""f1"": 0.0, ""false_negative"": 1, ""false_positive"": 0, ""label"": 2, ""precision"": 0.0, ""recall"": 0.0, ""retained_support"": 1, ""support"": 1, ""true_positive"": 0}]",retained_only,1.0,0.4063384494810098,"[[1, 0, 0], [1, 2, 0], [0, 1, 0]]","[0, 1, 2]","[{""f1"": 0.6666666666666666, ""label"": 0, ""precision"": 0.5, ""recall"": 1.0, ""support"": 1}, {""f1"": 0.6666666666666666, ""label"": 1, ""precision"": 0.6666666666666666, ""recall"": 0.6666666666666666, ""support"": 3}, {""f1"": 0.0, ""label"": 2, ""precision"": 0.0, ""recall"": 0.0, ""support"": 1}]",passed
inception_full__b1_star_fixed10,1,0,0.38888888888888884,0.38888888888888884,0.38888888888888884,0.38888888888888884,0.38888888888888884,0.38888888888888884,0.0,"[[0, 0], [1, 0], [2, 0]]","[{""abstention_count"": 0, ""f1"": 0.0, ""false_negative"": 2, ""false_positive"": 2, ""label"": 0, ""precision"": 0.0, ""recall"": 0.0, ""retained_support"": 2, ""support"": 2, ""true_positive"": 0}, {""abstention_count"": 0, ""f1"": 0.6666666666666666, ""false_negative"": 1, ""false_positive"": 1, ""label"": 1, ""precision"": 0.6666666666666666, ""recall"": 0.6666666666666666, ""retained_support"": 3, ""support"": 3, ""true_positive"": 2}, {""abstention_count"": 0, ""f1"": 0.5, ""false_negative"": 1, ""false_positive"": 1, ""label"": 2, ""precision"": 0.5, ""recall"": 0.5, ""retained_support"": 2, ""support"": 2, ""true_positive"": 1}]",retained_only,1.0,0.3276922736031197,"[[0, 1, 1], [1, 2, 0], [1, 0, 1]]","[0, 1, 2]","[{""f1"": 0.0, ""label"": 0, ""precision"": 0.0, ""recall"": 0.0, ""support"": 2}, {""f1"": 0.6666666666666666, ""label"": 1, ""precision"": 0.6666666666666666, ""recall"": 0.6666666666666666, ""support"": 3}, {""f1"": 0.5, ""label"": 2, ""precision"": 0.5, ""recall"": 0.5, ""support"": 2}]",passed
inception_full__b1_star_fixed10,1,1,0.611111111111111,0.5222222222222223,0.611111111111111,0.5,0.611111111111111,0.5222222222222223,0.0,"[[0, 0], [1, 0], [2, 0]]","[{""abstention_count"": 0, ""f1"": 0.6666666666666666, ""false_negative"": 0, ""false_positive"": 1, ""label"": 0, ""precision"": 0.5, ""recall"": 1.0, ""retained_support"": 1, ""support"": 1, ""true_positive"": 1}, {""abstention_count"": 0, ""f1"": 0.4, ""false_negative"": 2, ""false_positive"": 1, ""label"": 1, ""precision"": 0.5, ""recall"": 0.3333333333333333, ""retained_support"": 3, ""support"": 3, ""true_positive"": 1}, {""abstention_count"": 0, ""f1"": 0.5, ""false_negative"": 1, ""false_positive"": 1, ""label"": 2, ""precision"": 0.5, ""recall"": 0.5, ""retained_support"": 2, ""support"": 2, ""true_positive"": 1}]",retained_only,1.0,0.42565265327510593,"[[1, 0, 0], [1, 1, 1], [0, 1, 1]]","[0, 1, 2]","[{""f1"": 0.6666666666666666, ""label"": 0, ""precision"": 0.5, ""recall"": 1.0, ""support"": 1}, {""f1"": 0.4, ""label"": 1, ""precision"": 0.5, ""recall"": 0.3333333333333333, ""support"": 3}, {""f1"": 0.5, ""label"": 2, ""precision"": 0.5, ""recall"": 0.5, ""support"": 2}]",passed
inception_full__b1_star_fixed10,1,2,0.5,0.41269841269841273,0.5,0.4666666666666666,0.5,0.41269841269841273,0.0,"[[0, 0], [1, 0], [2, 0]]","[{""abstention_count"": 0, ""f1"": 0.5714285714285715, ""false_negative"": 0, ""false_positive"": 3, ""label"": 0, ""precision"": 0.4, ""recall"": 1.0, ""retained_support"": 2, ""support"": 2, ""true_positive"": 2}, {""abstention_count"": 0, ""f1"": 0.0, ""false_negative"": 2, ""false_positive"": 0, ""label"": 1, ""precision"": 0.0, ""recall"": 0.0, ""retained_support"": 2, ""support"": 2, ""true_positive"": 0}, {""abstention_count"": 0, ""f1"": 0.6666666666666666, ""false_negative"": 1, ""false_positive"": 0, ""label"": 2, ""precision"": 1.0, ""recall"": 0.5, ""retained_support"": 2, ""support"": 2, ""true_positive"": 1}]",retained_only,1.0,0.3343488774624218,"[[2, 0, 0], [2, 0, 0], [1, 0, 1]]","[0, 1, 2]","[{""f1"": 0.5714285714285714, ""label"": 0, ""precision"": 0.4, ""recall"": 1.0, ""support"": 2}, {""f1"": 0.0, ""label"": 1, ""precision"": 0.0, ""recall"": 0.0, ""support"": 2}, {""f1"": 0.6666666666666666, ""label"": 2, ""precision"": 1.0, ""recall"": 0.5, ""support"": 2}]",passed
inception_full__b1_star_fixed10,1,3,0.3333333333333333,0.3,0.3333333333333333,0.27777777777777773,0.3333333333333333,0.3,0.0,"[[0, 0], [1, 0], [2, 0]]","[{""abstention_count"": 0, ""f1"": 0.5, ""false_negative"": 1, ""false_positive"": 1, ""label"": 0, ""precision"": 0.5, ""recall"": 0.5, ""retained_support"": 2, ""support"": 2, ""true_positive"": 1}, {""abstention_count"": 0, ""f1"": 0.4, ""false_negative"": 1, ""false_positive"": 2, ""label"": 1, ""precision"": 0.3333333333333333, ""recall"": 0.5, ""retained_support"": 2, ""support"": 2, ""true_positive"": 1}, {""abstention_count"": 0, ""f1"": 0.0, ""false_negative"": 1, ""false_positive"": 0, ""label"": 2, ""precision"": 0.0, ""recall"": 0.0, ""retained_support"": 1, ""support"": 1, ""true_positive"": 0}]",retained_only,1.0,0.37182582832823435,"[[1, 1, 0], [1, 1, 0], [0, 1, 0]]","[0, 1, 2]","[{""f1"": 0.5, ""label"": 0, ""precision"": 0.5, ""recall"": 0.5, ""support"": 2}, {""f1"": 0.4, ""label"": 1, ""precision"": 0.3333333333333333, ""recall"": 0.5, ""support"": 2}, {""f1"": 0.0, ""label"": 2, ""precision"": 0.0, ""recall"": 0.0, ""support"": 1}]",passed
inception_full__b1_star_fixed10,1,4,0.5,0.4444444444444444,0.5,0.5,0.5,0.4444444444444444,0.0,"[[0, 0], [1, 0], [2, 0]]","[{""abstention_count"": 0, ""f1"": 0.6666666666666666, ""false_negative"": 1, ""false_positive"": 0, ""label"": 0, ""precision"": 1.0, ""recall"": 0.5, ""retained_support"": 2, ""support"": 2, ""true_positive"": 1}, {""abstention_count"": 0, ""f1"": 0.6666666666666666, ""false_negative"": 0, ""false_positive"": 2, ""label"": 1, ""precision"": 0.5, ""recall"": 1.0, ""retained_support"": 2, ""support"": 2, ""true_positive"": 2}, {""abstention_count"": 0, ""f1"": 0.0, ""false_negative"": 1, ""false_positive"": 0, ""label"": 2, ""precision"": 0.0, ""recall"": 0.0, ""retained_support"": 1, ""support"": 1, ""true_positive"": 0}]",retained_only,1.0,0.215880380766196,"[[1, 1, 0], [0, 2, 0], [0, 1, 0]]","[0, 1, 2]","[{""f1"": 0.6666666666666666, ""label"": 0, ""precision"": 1.0, ""recall"": 0.5, ""support"": 2}, {""f1"": 0.6666666666666666, ""label"": 1, ""precision"": 0.5, ""recall"": 1.0, ""support"": 2}, {""f1"": 0.0, ""label"": 2, ""precision"": 0.0, ""recall"": 0.0, ""support"": 1}]",passed
inception_full__b1_star_fixed10,2,0,0.611111111111111,0.5222222222222221,0.611111111111111,0.75,0.611111111111111,0.5222222222222221,0.0,"[[0, 0], [1, 0], [2, 0]]","[{""abstention_count"": 0, ""f1"": 0.6666666666666666, ""false_negative"": 1, ""false_positive"": 0, ""label"": 0, ""precision"": 1.0, ""recall"": 0.5, ""retained_support"": 2, ""support"": 2, ""true_positive"": 1}, {""abstention_count"": 0, ""f1"": 0.5, ""false_negative"": 2, ""false_positive"": 0, ""label"": 1, ""precision"": 1.0, ""recall"": 0.3333333333333333, ""retained_support"": 3, ""support"": 3, ""true_positive"": 1}, {""abstention_count"": 0, ""f1"": 0.4, ""false_negative"": 0, ""false_positive"": 3, ""label"": 2, ""precision"": 0.25, ""recall"": 1.0, ""retained_support"": 1, ""support"": 1, ""true_positive"": 1}]",retained_only,1.0,0.30479423587021204,"[[1, 0, 1], [0, 1, 2], [0, 0, 1]]","[0, 1, 2]","[{""f1"": 0.6666666666666666, ""label"": 0, ""precision"": 1.0, ""recall"": 0.5, ""support"": 2}, {""f1"": 0.5, ""label"": 1, ""precision"": 1.0, ""recall"": 0.3333333333333333, ""support"": 3}, {""f1"": 0.4, ""label"": 2, ""precision"": 0.25, ""recall"": 1.0, ""support"": 1}]",passed
inception_full__b1_star_fixed10,2,1,0.6666666666666666,0.5555555555555555,0.6666666666666666,0.5,0.6666666666666666,0.5555555555555555,0.0,"[[0, 0], [1, 0], [2, 0]]","[{""abstention_count"": 0, ""f1"": 0.6666666666666666, ""false_negative"": 0, ""false_positive"": 2, ""label"": 0, ""precision"": 0.5, ""recall"": 1.0, ""retained_support"": 2, ""support"": 2, ""true_positive"": 2}, {""abstention_count"": 0, ""f1"": 0.0, ""false_negative"": 2, ""false_positive"": 0, ""label"": 1, ""precision"": 0.0, ""recall"": 0.0, ""retained_support"": 2, ""support"": 2, ""true_positive"": 0}, {""abstention_count"": 0, ""f1"": 1.0, ""false_negative"": 0, ""false_positive"": 0, ""label"": 2, ""precision"": 1.0, ""recall"": 1.0, ""retained_support"": 2, ""support"": 2, ""true_positive"": 2}]",retained_only,1.0,0.22207219891722185,"[[2, 0, 0], [2, 0, 0], [0, 0, 2]]","[0, 1, 2]","[{""f1"": 0.6666666666666666, ""label"": 0, ""precision"": 0.5, ""recall"": 1.0, ""support"": 2}, {""f1"": 0.0, ""label"": 1, ""precision"": 0.0, ""recall"": 0.0, ""support"": 2}, {""f1"": 1.0, ""label"": 2, ""precision"": 1.0, ""recall"": 1.0, ""support"": 2}]",passed
inception_full__b1_star_fixed10,2,2,0.611111111111111,0.5222222222222223,0.611111111111111,0.611111111111111,0.611111111111111,0.5222222222222223,0.0,"[[0, 0], [1, 0], [2, 0]]","[{""abstention_count"": 0, ""f1"": 0.5, ""false_negative"": 0, ""false_positive"": 2, ""label"": 0, ""precision"": 0.3333333333333333, ""recall"": 1.0, ""retained_support"": 1, ""support"": 1, ""true_positive"": 1}, {""abstention_count"": 0, ""f1"": 0.4, ""false_negative"": 2, ""false_positive"": 1, ""label"": 1, ""precision"": 0.5, ""recall"": 0.3333333333333333, ""retained_support"": 3, ""support"": 3, ""true_positive"": 1}, {""abstention_count"": 0, ""f1"": 0.6666666666666666, ""false_negative"": 1, ""false_positive"": 0, ""label"": 2, ""precision"": 1.0, ""recall"": 0.5, ""retained_support"": 2, ""support"": 2, ""true_positive"": 1}]",retained_only,1.0,0.3983116584145625,"[[1, 0, 0], [2, 1, 0], [0, 1, 1]]","[0, 1, 2]","[{""f1"": 0.5, ""label"": 0, ""precision"": 0.3333333333333333, ""recall"": 1.0, ""support"": 1}, {""f1"": 0.4, ""label"": 1, ""precision"": 0.5, ""recall"": 0.3333333333333333, ""support"": 3}, {""f1"": 0.6666666666666666, ""label"": 2, ""precision"": 1.0, ""recall"": 0.5, ""support"": 2}]",passed
inception_full__b1_star_fixed10,2,3,0.5,0.38888888888888884,0.5,0.3333333333333333,0.5,0.38888888888888884,0.0,"[[0, 0], [1, 0], [2, 0]]","[{""abstention_count"": 0, ""f1"": 0.5, ""false_negative"": 1, ""false_positive"": 1, ""label"": 0, ""precision"": 0.5, ""recall"": 0.5, ""retained_support"": 2, ""support"": 2, ""true_positive"": 1}, {""abstention_count"": 0, ""f1"": 0.6666666666666666, ""false_negative"": 0, ""false_positive"": 2, ""label"": 1, ""precision"": 0.5, ""recall"": 1.0, ""retained_support"": 2, ""support"": 2, ""true_positive"": 2}, {""abstention_count"": 0, ""f1"": 0.0, ""false_negative"": 2, ""false_positive"": 0, ""label"": 2, ""precision"": 0.0, ""recall"": 0.0, ""retained_support"": 2, ""support"": 2, ""true_positive"": 0}]",retained_only,1.0,0.3335694433169875,"[[1, 1, 0], [0, 2, 0], [1, 1, 0]]","[0, 1, 2]","[{""f1"": 0.5, ""label"": 0, ""precision"": 0.5, ""recall"": 0.5, ""support"": 2}, {""f1"": 0.6666666666666666, ""label"": 1, ""precision"": 0.5, ""recall"": 1.0, ""support"": 2}, {""f1"": 0.0, ""label"": 2, ""precision"": 0.0, ""recall"": 0.0, ""support"": 2}]",passed
inception_full__b1_star_fixed10,2,4,0.3333333333333333,0.3,0.3333333333333333,0.27777777777777773,0.3333333333333333,0.3,0.0,"[[0, 0], [1, 0], [2, 0]]","[{""abstention_count"": 0, ""f1"": 0.5, ""false_negative"": 1, ""false_positive"": 1, ""label"": 0, ""precision"": 0.5, ""recall"": 0.5, ""retained_support"": 2, ""support"": 2, ""true_positive"": 1}, {""abstention_count"": 0, ""f1"": 0.4, ""false_negative"": 1, ""false_positive"": 2, ""label"": 1, ""precision"": 0.3333333333333333, ""recall"": 0.5, ""retained_support"": 2, ""support"": 2, ""true_positive"": 1}, {""abstention_count"": 0, ""f1"": 0.0, ""false_negative"": 1, ""false_positive"": 0, ""label"": 2, ""precision"": 0.0, ""recall"": 0.0, ""retained_support"": 1, ""support"": 1, ""true_positive"": 0}]",retained_only,1.0,0.5234248769842029,"[[1, 1, 0], [1, 1, 0], [0, 1, 0]]","[0, 1, 2]","[{""f1"": 0.5, ""label"": 0, ""precision"": 0.5, ""recall"": 0.5, ""support"": 2}, {""f1"": 0.4, ""label"": 1, ""precision"": 0.3333333333333333, ""recall"": 0.5, ""support"": 2}, {""f1"": 0.0, ""label"": 2, ""precision"": 0.0, ""recall"": 0.0, ""support"": 1}]",passed
inception_full__b1_star_fixed10,3,0,0.6666666666666666,0.5833333333333334,0.6666666666666666,0.5333333333333333,0.6666666666666666,0.5833333333333334,0.0,"[[0, 0], [1, 0], [2, 0]]","[{""abstention_count"": 0, ""f1"": 0.0, ""false_negative"": 2, ""false_positive"": 0, ""label"": 0, ""precision"": 0.0, ""recall"": 0.0, ""retained_support"": 2, ""support"": 2, ""true_positive"": 0}, {""abstention_count"": 0, ""f1"": 0.7499999999999999, ""false_negative"": 0, ""false_positive"": 2, ""label"": 1, ""precision"": 0.6, ""recall"": 1.0, ""retained_support"": 3, ""support"": 3, ""true_positive"": 3}, {""abstention_count"": 0, ""f1"": 1.0, ""false_negative"": 0, ""false_positive"": 0, ""label"": 2, ""precision"": 1.0, ""recall"": 1.0, ""retained_support"": 1, ""support"": 1, ""true_positive"": 1}]",retained_only,1.0,0.20906133674765973,"[[0, 2, 0], [0, 3, 0], [0, 0, 1]]","[0, 1, 2]","[{""f1"": 0.0, ""label"": 0, ""precision"": 0.0, ""recall"": 0.0, ""support"": 2}, {""f1"": 0.75, ""label"": 1, ""precision"": 0.6, ""recall"": 1.0, ""support"": 3}, {""f1"": 1.0, ""label"": 2, ""precision"": 1.0, ""recall"": 1.0, ""support"": 1}]",passed
inception_full__b1_star_fixed10,3,1,0.3333333333333333,0.3333333333333333,0.3333333333333333,0.4166666666666667,0.3333333333333333,0.3333333333333333,0.0,"[[0, 0], [1, 0], [2, 0]]","[{""abstention_count"": 0, ""f1"": 0.3333333333333333, ""false_negative"": 1, ""false_positive"": 3, ""label"": 0, ""precision"": 0.25, ""recall"": 0.5, ""retained_support"": 2, ""support"": 2, ""true_positive"": 1}, {""abstention_count"": 0, ""f1"": 0.0, ""false_negative"": 2, ""false_positive"": 1, ""label"": 1, ""precision"": 0.0, ""recall"": 0.0, ""retained_support"": 2, ""support"": 2, ""true_positive"": 0}, {""abstention_count"": 0, ""f1"": 0.6666666666666666, ""false_negative"": 1, ""false_positive"": 0, ""label"": 2, ""precision"": 1.0, ""recall"": 0.5, ""retained_support"": 2, ""support"": 2, ""true_positive"": 1}]",retained_only,1.0,0.3667824889713038,"[[1, 1, 0], [2, 0, 0], [1, 0, 1]]","[0, 1, 2]","[{""f1"": 0.3333333333333333, ""label"": 0, ""precision"": 0.25, ""recall"": 0.5, ""support"": 2}, {""f1"": 0.0, ""label"": 1, ""precision"": 0.0, ""recall"": 0.0, ""support"": 2}, {""f1"": 0.6666666666666666, ""label"": 2, ""precision"": 1.0, ""recall"": 0.5, ""support"": 2}]",passed
inception_full__b1_star_fixed10,3,2,0.6666666666666666,0.6666666666666666,0.6666666666666666,0.6666666666666666,0.6666666666666666,0.6666666666666666,0.0,"[[0, 0], [1, 0], [2, 0]]","[{""abstention_count"": 0, ""f1"": 0.5, ""false_negative"": 1, ""false_positive"": 1, ""label"": 0, ""precision"": 0.5, ""recall"": 0.5, ""retained_support"": 2, ""support"": 2, ""true_positive"": 1}, {""abstention_count"": 0, ""f1"": 0.5, ""false_negative"": 1, ""false_positive"": 1, ""label"": 1, ""precision"": 0.5, ""recall"": 0.5, ""retained_support"": 2, ""support"": 2, ""true_positive"": 1}, {""abstention_count"": 0, ""f1"": 1.0, ""false_negative"": 0, ""false_positive"": 0, ""label"": 2, ""precision"": 1.0, ""recall"": 1.0, ""retained_support"": 2, ""support"": 2, ""true_positive"": 2}]",retained_only,1.0,0.16082033078011335,"[[1, 1, 0], [1, 1, 0], [0, 0, 2]]","[0, 1, 2]","[{""f1"": 0.5, ""label"": 0, ""precision"": 0.5, ""recall"": 0.5, ""support"": 2}, {""f1"": 0.5, ""label"": 1, ""precision"": 0.5, ""recall"": 0.5, ""support"": 2}, {""f1"": 1.0, ""label"": 2, ""precision"": 1.0, ""recall"": 1.0, ""support"": 2}]",passed
inception_full__b1_star_fixed10,3,3,0.3333333333333333,0.27777777777777773,0.3333333333333333,0.25,0.3333333333333333,0.27777777777777773,0.0,"[[0, 0], [1, 0], [2, 0]]","[{""abstention_count"": 0, ""f1"": 0.5, ""false_negative"": 1, ""false_positive"": 1, ""label"": 0, ""precision"": 0.5, ""recall"": 0.5, ""retained_support"": 2, ""support"": 2, ""true_positive"": 1}, {""abstention_count"": 0, ""f1"": 0.3333333333333333, ""false_negative"": 1, ""false_positive"": 3, ""label"": 1, ""precision"": 0.25, ""recall"": 0.5, ""retained_support"": 2, ""support"": 2, ""true_positive"": 1}, {""abstention_count"": 0, ""f1"": 0.0, ""false_negative"": 2, ""false_positive"": 0, ""label"": 2, ""precision"": 0.0, ""recall"": 0.0, ""retained_support"": 2, ""support"": 2, ""true_positive"": 0}]",retained_only,1.0,0.39521538752607793,"[[1, 1, 0], [1, 1, 0], [0, 2, 0]]","[0, 1, 2]","[{""f1"": 0.5, ""label"": 0, ""precision"": 0.5, ""recall"": 0.5, ""support"": 2}, {""f1"": 0.3333333333333333, ""label"": 1, ""precision"": 0.25, ""recall"": 0.5, ""support"": 2}, {""f1"": 0.0, ""label"": 2, ""precision"": 0.0, ""recall"": 0.0, ""support"": 2}]",passed
inception_full__b1_star_fixed10,3,4,0.5555555555555555,0.5555555555555555,0.5555555555555555,0.5555555555555555,0.5555555555555555,0.5555555555555555,0.0,"[[0, 0], [1, 0], [2, 0]]","[{""abstention_count"": 0, ""f1"": 1.0, ""false_negative"": 0, ""false_positive"": 0, ""label"": 0, ""precision"": 1.0, ""recall"": 1.0, ""retained_support"": 1, ""support"": 1, ""true_positive"": 1}, {""abstention_count"": 0, ""f1"": 0.6666666666666666, ""false_negative"": 1, ""false_positive"": 1, ""label"": 1, ""precision"": 0.6666666666666666, ""recall"": 0.6666666666666666, ""retained_support"": 3, ""support"": 3, ""true_positive"": 2}, {""abstention_count"": 0, ""f1"": 0.0, ""false_negative"": 1, ""false_positive"": 1, ""label"": 2, ""precision"": 0.0, ""recall"": 0.0, ""retained_support"": 1, ""support"": 1, ""true_positive"": 0}]",retained_only,1.0,0.42626989325834275,"[[1, 0, 0], [0, 2, 1], [0, 1, 0]]","[0, 1, 2]","[{""f1"": 1.0, ""label"": 0, ""precision"": 1.0, ""recall"": 1.0, ""support"": 1}, {""f1"": 0.6666666666666666, ""label"": 1, ""precision"": 0.6666666666666666, ""recall"": 0.6666666666666666, ""support"": 3}, {""f1"": 0.0, ""label"": 2, ""precision"": 0.0, ""recall"": 0.0, ""support"": 1}]",passed
inception_full__b1_star_fixed10,4,0,0.6666666666666666,0.5555555555555555,0.6666666666666666,0.5,0.6666666666666666,0.5555555555555555,0.0,"[[0, 0], [1, 0], [2, 0]]","[{""abstention_count"": 0, ""f1"": 0.6666666666666666, ""false_negative"": 0, ""false_positive"": 2, ""label"": 0, ""precision"": 0.5, ""recall"": 1.0, ""retained_support"": 2, ""support"": 2, ""true_positive"": 2}, {""abstention_count"": 0, ""f1"": 0.0, ""false_negative"": 2, ""false_positive"": 0, ""label"": 1, ""precision"": 0.0, ""recall"": 0.0, ""retained_support"": 2, ""support"": 2, ""true_positive"": 0}, {""abstention_count"": 0, ""f1"": 1.0, ""false_negative"": 0, ""false_positive"": 0, ""label"": 2, ""precision"": 1.0, ""recall"": 1.0, ""retained_support"": 2, ""support"": 2, ""true_positive"": 2}]",retained_only,1.0,0.21964451484183786,"[[2, 0, 0], [2, 0, 0], [0, 0, 2]]","[0, 1, 2]","[{""f1"": 0.6666666666666666, ""label"": 0, ""precision"": 0.5, ""recall"": 1.0, ""support"": 2}, {""f1"": 0.0, ""label"": 1, ""precision"": 0.0, ""recall"": 0.0, ""support"": 2}, {""f1"": 1.0, ""label"": 2, ""precision"": 1.0, ""recall"": 1.0, ""support"": 2}]",passed
inception_full__b1_star_fixed10,4,1,0.5,0.47222222222222215,0.5,0.5333333333333333,0.5,0.47222222222222215,0.0,"[[0, 0], [1, 0], [2, 0]]","[{""abstention_count"": 0, ""f1"": 0.6666666666666666, ""false_negative"": 1, ""false_positive"": 0, ""label"": 0, ""precision"": 1.0, ""recall"": 0.5, ""retained_support"": 2, ""support"": 2, ""true_positive"": 1}, {""abstention_count"": 0, ""f1"": 0.7499999999999999, ""false_negative"": 0, ""false_positive"": 2, ""label"": 1, ""precision"": 0.6, ""recall"": 1.0, ""retained_support"": 3, ""support"": 3, ""true_positive"": 3}, {""abstention_count"": 0, ""f1"": 0.0, ""false_negative"": 1, ""false_positive"": 0, ""label"": 2, ""precision"": 0.0, ""recall"": 0.0, ""retained_support"": 1, ""support"": 1, ""true_positive"": 0}]",retained_only,1.0,0.47197498795708226,"[[1, 1, 0], [0, 3, 0], [0, 1, 0]]","[0, 1, 2]","[{""f1"": 0.6666666666666666, ""label"": 0, ""precision"": 1.0, ""recall"": 0.5, ""support"": 2}, {""f1"": 0.75, ""label"": 1, ""precision"": 0.6, ""recall"": 1.0, ""support"": 3}, {""f1"": 0.0, ""label"": 2, ""precision"": 0.0, ""recall"": 0.0, ""support"": 1}]",passed
inception_full__b1_star_fixed10,4,2,0.7222222222222222,0.7222222222222222,0.7222222222222222,0.7222222222222222,0.7222222222222222,0.7222222222222222,0.0,"[[0, 0], [1, 0], [2, 0]]","[{""abstention_count"": 0, ""f1"": 0.5, ""false_negative"": 1, ""false_positive"": 1, ""label"": 0, ""precision"": 0.5, ""recall"": 0.5, ""retained_support"": 2, ""support"": 2, ""true_positive"": 1}, {""abstention_count"": 0, ""f1"": 0.6666666666666666, ""false_negative"": 1, ""false_positive"": 1, ""label"": 1, ""precision"": 0.6666666666666666, ""recall"": 0.6666666666666666, ""retained_support"": 3, ""support"": 3, ""true_positive"": 2}, {""abstention_count"": 0, ""f1"": 1.0, ""false_negative"": 0, ""false_positive"": 0, ""label"": 2, ""precision"": 1.0, ""recall"": 1.0, ""retained_support"": 1, ""support"": 1, ""true_positive"": 1}]",retained_only,1.0,0.5126999308460485,"[[1, 1, 0], [1, 2, 0], [0, 0, 1]]","[0, 1, 2]","[{""f1"": 0.5, ""label"": 0, ""precision"": 0.5, ""recall"": 0.5, ""support"": 2}, {""f1"": 0.6666666666666666, ""label"": 1, ""precision"": 0.6666666666666666, ""recall"": 0.6666666666666666, ""support"": 3}, {""f1"": 1.0, ""label"": 2, ""precision"": 1.0, ""recall"": 1.0, ""support"": 1}]",passed
inception_full__b1_star_fixed10,4,3,0.16666666666666666,0.13333333333333333,0.16666666666666666,0.1111111111111111,0.16666666666666666,0.13333333333333333,0.0,"[[0, 0], [1, 0], [2, 0]]","[{""abstention_count"": 0, ""f1"": 0.0, ""false_negative"": 1, ""false_positive"": 1, ""label"": 0, ""precision"": 0.0, ""recall"": 0.0, ""retained_support"": 1, ""support"": 1, ""true_positive"": 0}, {""abstention_count"": 0, ""f1"": 0.4, ""false_negative"": 1, ""false_positive"": 2, ""label"": 1, ""precision"": 0.3333333333333333, ""recall"": 0.5, ""retained_support"": 2, ""support"": 2, ""true_positive"": 1}, {""abstention_count"": 0, ""f1"": 0.0, ""false_negative"": 2, ""false_positive"": 1, ""label"": 2, ""precision"": 0.0, ""recall"": 0.0, ""retained_support"": 2, ""support"": 2, ""true_positive"": 0}]",retained_only,1.0,0.5401261571431439,"[[0, 1, 0], [0, 1, 1], [1, 1, 0]]","[0, 1, 2]","[{""f1"": 0.0, ""label"": 0, ""precision"": 0.0, ""recall"": 0.0, ""support"": 1}, {""f1"": 0.4, ""label"": 1, ""precision"": 0.3333333333333333, ""recall"": 0.5, ""support"": 2}, {""f1"": 0.0, ""label"": 2, ""precision"": 0.0, ""recall"": 0.0, ""support"": 2}]",passed
inception_full__b1_star_fixed10,4,4,0.3333333333333333,0.3333333333333333,0.3333333333333333,0.4166666666666667,0.3333333333333333,0.3333333333333333,0.0,"[[0, 0], [1, 0], [2, 0]]","[{""abstention_count"": 0, ""f1"": 0.6666666666666666, ""false_negative"": 1, ""false_positive"": 0, ""label"": 0, ""precision"": 1.0, ""recall"": 0.5, ""retained_support"": 2, ""support"": 2, ""true_positive"": 1}, {""abstention_count"": 0, ""f1"": 0.0, ""false_negative"": 2, ""false_positive"": 1, ""label"": 1, ""precision"": 0.0, ""recall"": 0.0, ""retained_support"": 2, ""support"": 2, ""true_positive"": 0}, {""abstention_count"": 0, ""f1"": 0.3333333333333333, ""false_negative"": 1, ""false_positive"": 3, ""label"": 2, ""precision"": 0.25, ""recall"": 0.5, ""retained_support"": 2, ""support"": 2, ""true_positive"": 1}]",retained_only,1.0,0.3903715372287883,"[[1, 0, 1], [0, 0, 2], [0, 1, 1]]","[0, 1, 2]","[{""f1"": 0.6666666666666666, ""label"": 0, ""precision"": 1.0, ""recall"": 0.5, ""support"": 2}, {""f1"": 0.0, ""label"": 1, ""precision"": 0.0, ""recall"": 0.0, ""support"": 2}, {""f1"": 0.3333333333333333, ""label"": 2, ""precision"": 0.25, ""recall"": 0.5, ""support"": 2}]",passed
compact_cnn__b2_star_fixed10,0,0,0.16666666666666666,0.09523809523809523,0.16666666666666666,0.06666666666666667,0.16666666666666666,0.09523809523809525,0.0,"[[0, 0], [1, 0], [2, 0]]","[{""abstention_count"": 0, ""f1"": 0.0, ""false_negative"": 2, ""false_positive"": 1, ""label"": 0, ""precision"": 0.0, ""recall"": 0.0, ""retained_support"": 2, ""support"": 2, ""true_positive"": 0}, {""abstention_count"": 0, ""f1"": 0.28571428571428575, ""false_negative"": 1, ""false_positive"": 4, ""label"": 1, ""precision"": 0.2, ""recall"": 0.5, ""retained_support"": 2, ""support"": 2, ""true_positive"": 1}, {""abstention_count"": 0, ""f1"": 0.0, ""false_negative"": 2, ""false_positive"": 0, ""label"": 2, ""precision"": 0.0, ""recall"": 0.0, ""retained_support"": 2, ""support"": 2, ""true_positive"": 0}]",retained_only,1.0,0.5266452319899725,"[[0, 2, 0], [1, 1, 0], [0, 2, 0]]","[0, 1, 2]","[{""f1"": 0.0, ""label"": 0, ""precision"": 0.0, ""recall"": 0.0, ""support"": 2}, {""f1"": 0.2857142857142857, ""label"": 1, ""precision"": 0.2, ""recall"": 0.5, ""support"": 2}, {""f1"": 0.0, ""label"": 2, ""precision"": 0.0, ""recall"": 0.0, ""support"": 2}]",passed
compact_cnn__b2_star_fixed10,0,1,0.7222222222222222,0.7222222222222222,0.7222222222222222,0.7222222222222222,0.7222222222222222,0.7222222222222222,0.0,"[[0, 0], [1, 0], [2, 0]]","[{""abstention_count"": 0, ""f1"": 0.5, ""false_negative"": 1, ""false_positive"": 1, ""label"": 0, ""precision"": 0.5, ""recall"": 0.5, ""retained_support"": 2, ""support"": 2, ""true_positive"": 1}, {""abstention_count"": 0, ""f1"": 0.6666666666666666, ""false_negative"": 1, ""false_positive"": 1, ""label"": 1, ""precision"": 0.6666666666666666, ""recall"": 0.6666666666666666, ""retained_support"": 3, ""support"": 3, ""true_positive"": 2}, {""abstention_count"": 0, ""f1"": 1.0, ""false_negative"": 0, ""false_positive"": 0, ""label"": 2, ""precision"": 1.0, ""recall"": 1.0, ""retained_support"": 1, ""support"": 1, ""true_positive"": 1}]",retained_only,1.0,0.2052737148590243,"[[1, 1, 0], [1, 2, 0], [0, 0, 1]]","[0, 1, 2]","[{""f1"": 0.5, ""label"": 0, ""precision"": 0.5, ""recall"": 0.5, ""support"": 2}, {""f1"": 0.6666666666666666, ""label"": 1, ""precision"": 0.6666666666666666, ""recall"": 0.6666666666666666, ""support"": 3}, {""f1"": 1.0, ""label"": 2, ""precision"": 1.0, ""recall"": 1.0, ""support"": 1}]",passed
compact_cnn__b2_star_fixed10,0,2,0.6666666666666666,0.6555555555555556,0.6666666666666666,0.7222222222222222,0.6666666666666666,0.6555555555555556,0.0,"[[0, 0], [1, 0], [2, 0]]","[{""abstention_count"": 0, ""f1"": 0.6666666666666666, ""false_negative"": 1, ""false_positive"": 0, ""label"": 0, ""precision"": 1.0, ""recall"": 0.5, ""retained_support"": 2, ""support"": 2, ""true_positive"": 1}, {""abstention_count"": 0, ""f1"": 0.5, ""false_negative"": 1, ""false_positive"": 1, ""label"": 1, ""precision"": 0.5, ""recall"": 0.5, ""retained_support"": 2, ""support"": 2, ""true_positive"": 1}, {""abstention_count"": 0, ""f1"": 0.8, ""false_negative"": 0, ""false_positive"": 1, ""label"": 2, ""precision"": 0.6666666666666666, ""recall"": 1.0, ""retained_support"": 2, ""support"": 2, ""true_positive"": 2}]",retained_only,1.0,0.26707529065248914,"[[1, 1, 0], [0, 1, 1], [0, 0, 2]]","[0, 1, 2]","[{""f1"": 0.6666666666666666, ""label"": 0, ""precision"": 1.0, ""recall"": 0.5, ""support"": 2}, {""f1"": 0.5, ""label"": 1, ""precision"": 0.5, ""recall"": 0.5, ""support"": 2}, {""f1"": 0.8, ""label"": 2, ""precision"": 0.6666666666666666, ""recall"": 1.0, ""support"": 2}]",passed
compact_cnn__b2_star_fixed10,0,3,1.0,1.0,1.0,1.0,1.0,1.0,0.0,"[[0, 0], [1, 0], [2, 0]]","[{""abstention_count"": 0, ""f1"": 1.0, ""false_negative"": 0, ""false_positive"": 0, ""label"": 0, ""precision"": 1.0, ""recall"": 1.0, ""retained_support"": 2, ""support"": 2, ""true_positive"": 2}, {""abstention_count"": 0, ""f1"": 1.0, ""false_negative"": 0, ""false_positive"": 0, ""label"": 1, ""precision"": 1.0, ""recall"": 1.0, ""retained_support"": 2, ""support"": 2, ""true_positive"": 2}, {""abstention_count"": 0, ""f1"": 1.0, ""false_negative"": 0, ""false_positive"": 0, ""label"": 2, ""precision"": 1.0, ""recall"": 1.0, ""retained_support"": 2, ""support"": 2, ""true_positive"": 2}]",retained_only,1.0,0.2650847897918675,"[[2, 0, 0], [0, 2, 0], [0, 0, 2]]","[0, 1, 2]","[{""f1"": 1.0, ""label"": 0, ""precision"": 1.0, ""recall"": 1.0, ""support"": 2}, {""f1"": 1.0, ""label"": 1, ""precision"": 1.0, ""recall"": 1.0, ""support"": 2}, {""f1"": 1.0, ""label"": 2, ""precision"": 1.0, ""recall"": 1.0, ""support"": 2}]",passed
compact_cnn__b2_star_fixed10,0,4,0.6666666666666666,0.6190476190476191,0.6666666666666666,0.5833333333333334,0.6666666666666666,0.6190476190476191,0.0,"[[0, 0], [1, 0], [2, 0]]","[{""abstention_count"": 0, ""f1"": 1.0, ""false_negative"": 0, ""false_positive"": 0, ""label"": 0, ""precision"": 1.0, ""recall"": 1.0, ""retained_support"": 1, ""support"": 1, ""true_positive"": 1}, {""abstention_count"": 0, ""f1"": 0.8571428571428571, ""false_negative"": 0, ""false_positive"": 1, ""label"": 1, ""precision"": 0.75, ""recall"": 1.0, ""retained_support"": 3, ""support"": 3, ""true_positive"": 3}, {""abstention_count"": 0, ""f1"": 0.0, ""false_negative"": 1, ""false_positive"": 0, ""label"": 2, ""precision"": 0.0, ""recall"": 0.0, ""retained_support"": 1, ""support"": 1, ""true_positive"": 0}]",retained_only,1.0,0.35203474370264887,"[[1, 0, 0], [0, 3, 0], [0, 1, 0]]","[0, 1, 2]","[{""f1"": 1.0, ""label"": 0, ""precision"": 1.0, ""recall"": 1.0, ""support"": 1}, {""f1"": 0.8571428571428571, ""label"": 1, ""precision"": 0.75, ""recall"": 1.0, ""support"": 3}, {""f1"": 0.0, ""label"": 2, ""precision"": 0.0, ""recall"": 0.0, ""support"": 1}]",passed
compact_cnn__b2_star_fixed10,1,0,0.5,0.47222222222222215,0.5,0.5333333333333333,0.5,0.47222222222222215,0.0,"[[0, 0], [1, 0], [2, 0]]","[{""abstention_count"": 0, ""f1"": 0.0, ""false_negative"": 2, ""false_positive"": 1, ""label"": 0, ""precision"": 0.0, ""recall"": 0.0, ""retained_support"": 2, ""support"": 2, ""true_positive"": 0}, {""abstention_count"": 0, ""f1"": 0.7499999999999999, ""false_negative"": 0, ""false_positive"": 2, ""label"": 1, ""precision"": 0.6, ""recall"": 1.0, ""retained_support"": 3, ""support"": 3, ""true_positive"": 3}, {""abstention_count"": 0, ""f1"": 0.6666666666666666, ""false_negative"": 1, ""false_positive"": 0, ""label"": 2, ""precision"": 1.0, ""recall"": 0.5, ""retained_support"": 2, ""support"": 2, ""true_positive"": 1}]",retained_only,1.0,0.33251163354917346,"[[0, 2, 0], [0, 3, 0], [1, 0, 1]]","[0, 1, 2]","[{""f1"": 0.0, ""label"": 0, ""precision"": 0.0, ""recall"": 0.0, ""support"": 2}, {""f1"": 0.75, ""label"": 1, ""precision"": 0.6, ""recall"": 1.0, ""support"": 3}, {""f1"": 0.6666666666666666, ""label"": 2, ""precision"": 1.0, ""recall"": 0.5, ""support"": 2}]",passed
compact_cnn__b2_star_fixed10,1,1,0.7222222222222222,0.6666666666666666,0.7222222222222222,0.7222222222222222,0.7222222222222222,0.6666666666666666,0.0,"[[0, 0], [1, 0], [2, 0]]","[{""abstention_count"": 0, ""f1"": 0.6666666666666666, ""false_negative"": 0, ""false_positive"": 1, ""label"": 0, ""precision"": 0.5, ""recall"": 1.0, ""retained_support"": 1, ""support"": 1, ""true_positive"": 1}, {""abstention_count"": 0, ""f1"": 0.6666666666666666, ""false_negative"": 1, ""false_positive"": 1, ""label"": 1, ""precision"": 0.6666666666666666, ""recall"": 0.6666666666666666, ""retained_support"": 3, ""support"": 3, ""true_positive"": 2}, {""abstention_count"": 0, ""f1"": 0.6666666666666666, ""false_negative"": 1, ""false_positive"": 0, ""label"": 2, ""precision"": 1.0, ""recall"": 0.5, ""retained_support"": 2, ""support"": 2, ""true_positive"": 1}]",retained_only,1.0,0.3372751853846982,"[[1, 0, 0], [1, 2, 0], [0, 1, 1]]","[0, 1, 2]","[{""f1"": 0.6666666666666666, ""label"": 0, ""precision"": 0.5, ""recall"": 1.0, ""support"": 1}, {""f1"": 0.6666666666666666, ""label"": 1, ""precision"": 0.6666666666666666, ""recall"": 0.6666666666666666, ""support"": 3}, {""f1"": 0.6666666666666666, ""label"": 2, ""precision"": 1.0, ""recall"": 0.5, ""support"": 2}]",passed
compact_cnn__b2_star_fixed10,1,2,0.3333333333333333,0.27777777777777773,0.3333333333333333,0.25,0.3333333333333333,0.27777777777777773,0.0,"[[0, 0], [1, 0], [2, 0]]","[{""abstention_count"": 0, ""f1"": 0.0, ""false_negative"": 2, ""false_positive"": 0, ""label"": 0, ""precision"": 0.0, ""recall"": 0.0, ""retained_support"": 2, ""support"": 2, ""true_positive"": 0}, {""abstention_count"": 0, ""f1"": 0.3333333333333333, ""false_negative"": 1, ""false_positive"": 3, ""label"": 1, ""precision"": 0.25, ""recall"": 0.5, ""retained_support"": 2, ""support"": 2, ""true_positive"": 1}, {""abstention_count"": 0, ""f1"": 0.5, ""false_negative"": 1, ""false_positive"": 1, ""label"": 2, ""precision"": 0.5, ""recall"": 0.5, ""retained_support"": 2, ""support"": 2, ""true_positive"": 1}]",retained_only,1.0,0.6388423525933962,"[[0, 2, 0], [0, 1, 1], [0, 1, 1]]","[0, 1, 2]","[{""f1"": 0.0, ""label"": 0, ""precision"": 0.0, ""recall"": 0.0, ""support"": 2}, {""f1"": 0.3333333333333333, ""label"": 1, ""precision"": 0.25, ""recall"": 0.5, ""support"": 2}, {""f1"": 0.5, ""label"": 2, ""precision"": 0.5, ""recall"": 0.5, ""support"": 2}]",passed
compact_cnn__b2_star_fixed10,1,3,0.6666666666666666,0.6666666666666666,0.6666666666666666,0.6666666666666666,0.6666666666666666,0.6666666666666666,0.0,"[[0, 0], [1, 0], [2, 0]]","[{""abstention_count"": 0, ""f1"": 0.5, ""false_negative"": 1, ""false_positive"": 1, ""label"": 0, ""precision"": 0.5, ""recall"": 0.5, ""retained_support"": 2, ""support"": 2, ""true_positive"": 1}, {""abstention_count"": 0, ""f1"": 0.5, ""false_negative"": 1, ""false_positive"": 1, ""label"": 1, ""precision"": 0.5, ""recall"": 0.5, ""retained_support"": 2, ""support"": 2, ""true_positive"": 1}, {""abstention_count"": 0, ""f1"": 1.0, ""false_negative"": 0, ""false_positive"": 0, ""label"": 2, ""precision"": 1.0, ""recall"": 1.0, ""retained_support"": 1, ""support"": 1, ""true_positive"": 1}]",retained_only,1.0,0.1861710468487403,"[[1, 1, 0], [1, 1, 0], [0, 0, 1]]","[0, 1, 2]","[{""f1"": 0.5, ""label"": 0, ""precision"": 0.5, ""recall"": 0.5, ""support"": 2}, {""f1"": 0.5, ""label"": 1, ""precision"": 0.5, ""recall"": 0.5, ""support"": 2}, {""f1"": 1.0, ""label"": 2, ""precision"": 1.0, ""recall"": 1.0, ""support"": 1}]",passed
compact_cnn__b2_star_fixed10,1,4,0.5,0.4444444444444444,0.5,0.5,0.5,0.4444444444444444,0.0,"[[0, 0], [1, 0], [2, 0]]","[{""abstention_count"": 0, ""f1"": 0.6666666666666666, ""false_negative"": 1, ""false_positive"": 0, ""label"": 0, ""precision"": 1.0, ""recall"": 0.5, ""retained_support"": 2, ""support"": 2, ""true_positive"": 1}, {""abstention_count"": 0, ""f1"": 0.6666666666666666, ""false_negative"": 0, ""false_positive"": 2, ""label"": 1, ""precision"": 0.5, ""recall"": 1.0, ""retained_support"": 2, ""support"": 2, ""true_positive"": 2}, {""abstention_count"": 0, ""f1"": 0.0, ""false_negative"": 1, ""false_positive"": 0, ""label"": 2, ""precision"": 0.0, ""recall"": 0.0, ""retained_support"": 1, ""support"": 1, ""true_positive"": 0}]",retained_only,1.0,0.31877777131778284,"[[1, 1, 0], [0, 2, 0], [0, 1, 0]]","[0, 1, 2]","[{""f1"": 0.6666666666666666, ""label"": 0, ""precision"": 1.0, ""recall"": 0.5, ""support"": 2}, {""f1"": 0.6666666666666666, ""label"": 1, ""precision"": 0.5, ""recall"": 1.0, ""support"": 2}, {""f1"": 0.0, ""label"": 2, ""precision"": 0.0, ""recall"": 0.0, ""support"": 1}]",passed
compact_cnn__b2_star_fixed10,2,0,0.5555555555555555,0.41269841269841273,0.5555555555555555,0.3333333333333333,0.5555555555555555,0.41269841269841273,0.0,"[[0, 0], [1, 0], [2, 0]]","[{""abstention_count"": 0, ""f1"": 0.0, ""false_negative"": 2, ""false_positive"": 0, ""label"": 0, ""precision"": 0.0, ""recall"": 0.0, ""retained_support"": 2, ""support"": 2, ""true_positive"": 0}, {""abstention_count"": 0, ""f1"": 0.5714285714285715, ""false_negative"": 1, ""false_positive"": 2, ""label"": 1, ""precision"": 0.5, ""recall"": 0.6666666666666666, ""retained_support"": 3, ""support"": 3, ""true_positive"": 2}, {""abstention_count"": 0, ""f1"": 0.6666666666666666, ""false_negative"": 0, ""false_positive"": 1, ""label"": 2, ""precision"": 0.5, ""recall"": 1.0, ""retained_support"": 1, ""support"": 1, ""true_positive"": 1}]",retained_only,1.0,0.4198626205463622,"[[0, 2, 0], [0, 2, 1], [0, 0, 1]]","[0, 1, 2]","[{""f1"": 0.0, ""label"": 0, ""precision"": 0.0, ""recall"": 0.0, ""support"": 2}, {""f1"": 0.5714285714285714, ""label"": 1, ""precision"": 0.5, ""recall"": 0.6666666666666666, ""support"": 3}, {""f1"": 0.6666666666666666, ""label"": 2, ""precision"": 0.5, ""recall"": 1.0, ""support"": 1}]",passed
compact_cnn__b2_star_fixed10,2,1,0.5,0.41269841269841273,0.5,0.4666666666666666,0.5,0.41269841269841273,0.0,"[[0, 0], [1, 0], [2, 0]]","[{""abstention_count"": 0, ""f1"": 0.5714285714285715, ""false_negative"": 0, ""false_positive"": 3, ""label"": 0, ""precision"": 0.4, ""recall"": 1.0, ""retained_support"": 2, ""support"": 2, ""true_positive"": 2}, {""abstention_count"": 0, ""f1"": 0.0, ""false_negative"": 2, ""false_positive"": 0, ""label"": 1, ""precision"": 0.0, ""recall"": 0.0, ""retained_support"": 2, ""support"": 2, ""true_positive"": 0}, {""abstention_count"": 0, ""f1"": 0.6666666666666666, ""false_negative"": 1, ""false_positive"": 0, ""label"": 2, ""precision"": 1.0, ""recall"": 0.5, ""retained_support"": 2, ""support"": 2, ""true_positive"": 1}]",retained_only,1.0,0.25182325850934484,"[[2, 0, 0], [2, 0, 0], [1, 0, 1]]","[0, 1, 2]","[{""f1"": 0.5714285714285714, ""label"": 0, ""precision"": 0.4, ""recall"": 1.0, ""support"": 2}, {""f1"": 0.0, ""label"": 1, ""precision"": 0.0, ""recall"": 0.0, ""support"": 2}, {""f1"": 0.6666666666666666, ""label"": 2, ""precision"": 1.0, ""recall"": 0.5, ""support"": 2}]",passed
compact_cnn__b2_star_fixed10,2,2,0.5,0.3333333333333333,0.5,0.27777777777777773,0.5,0.3333333333333333,0.0,"[[0, 0], [1, 0], [2, 0]]","[{""abstention_count"": 0, ""f1"": 0.5, ""false_negative"": 0, ""false_positive"": 2, ""label"": 0, ""precision"": 0.3333333333333333, ""recall"": 1.0, ""retained_support"": 1, ""support"": 1, ""true_positive"": 1}, {""abstention_count"": 0, ""f1"": 0.0, ""false_negative"": 3, ""false_positive"": 1, ""label"": 1, ""precision"": 0.0, ""recall"": 0.0, ""retained_support"": 3, ""support"": 3, ""true_positive"": 0}, {""abstention_count"": 0, ""f1"": 0.5, ""false_negative"": 1, ""false_positive"": 1, ""label"": 2, ""precision"": 0.5, ""recall"": 0.5, ""retained_support"": 2, ""support"": 2, ""true_positive"": 1}]",retained_only,1.0,0.5150735887996467,"[[1, 0, 0], [2, 0, 1], [0, 1, 1]]","[0, 1, 2]","[{""f1"": 0.5, ""label"": 0, ""precision"": 0.3333333333333333, ""recall"": 1.0, ""support"": 1}, {""f1"": 0.0, ""label"": 1, ""precision"": 0.0, ""recall"": 0.0, ""support"": 3}, {""f1"": 0.5, ""label"": 2, ""precision"": 0.5, ""recall"": 0.5, ""support"": 2}]",passed
compact_cnn__b2_star_fixed10,2,3,0.6666666666666666,0.5333333333333333,0.6666666666666666,0.4444444444444444,0.6666666666666666,0.5333333333333333,0.0,"[[0, 0], [1, 0], [2, 0]]","[{""abstention_count"": 0, ""f1"": 0.8, ""false_negative"": 0, ""false_positive"": 1, ""label"": 0, ""precision"": 0.6666666666666666, ""recall"": 1.0, ""retained_support"": 2, ""support"": 2, ""true_positive"": 2}, {""abstention_count"": 0, ""f1"": 0.8, ""false_negative"": 0, ""false_positive"": 1, ""label"": 1, ""precision"": 0.6666666666666666, ""recall"": 1.0, ""retained_support"": 2, ""support"": 2, ""true_positive"": 2}, {""abstention_count"": 0, ""f1"": 0.0, ""false_negative"": 2, ""false_positive"": 0, ""label"": 2, ""precision"": 0.0, ""recall"": 0.0, ""retained_support"": 2, ""support"": 2, ""true_positive"": 0}]",retained_only,1.0,0.3418100612972822,"[[2, 0, 0], [0, 2, 0], [1, 1, 0]]","[0, 1, 2]","[{""f1"": 0.8, ""label"": 0, ""precision"": 0.6666666666666666, ""recall"": 1.0, ""support"": 2}, {""f1"": 0.8, ""label"": 1, ""precision"": 0.6666666666666666, ""recall"": 1.0, ""support"": 2}, {""f1"": 0.0, ""label"": 2, ""precision"": 0.0, ""recall"": 0.0, ""support"": 2}]",passed
compact_cnn__b2_star_fixed10,2,4,0.3333333333333333,0.2222222222222222,0.3333333333333333,0.16666666666666666,0.3333333333333333,0.2222222222222222,0.0,"[[0, 0], [1, 0], [2, 0]]","[{""abstention_count"": 0, ""f1"": 0.6666666666666666, ""false_negative"": 0, ""false_positive"": 2, ""label"": 0, ""precision"": 0.5, ""recall"": 1.0, ""retained_support"": 2, ""support"": 2, ""true_positive"": 2}, {""abstention_count"": 0, ""f1"": 0.0, ""false_negative"": 2, ""false_positive"": 1, ""label"": 1, ""precision"": 0.0, ""recall"": 0.0, ""retained_support"": 2, ""support"": 2, ""true_positive"": 0}, {""abstention_count"": 0, ""f1"": 0.0, ""false_negative"": 1, ""false_positive"": 0, ""label"": 2, ""precision"": 0.0, ""recall"": 0.0, ""retained_support"": 1, ""support"": 1, ""true_positive"": 0}]",retained_only,1.0,0.5818413025890744,"[[2, 0, 0], [2, 0, 0], [0, 1, 0]]","[0, 1, 2]","[{""f1"": 0.6666666666666666, ""label"": 0, ""precision"": 0.5, ""recall"": 1.0, ""support"": 2}, {""f1"": 0.0, ""label"": 1, ""precision"": 0.0, ""recall"": 0.0, ""support"": 2}, {""f1"": 0.0, ""label"": 2, ""precision"": 0.0, ""recall"": 0.0, ""support"": 1}]",passed
compact_cnn__b2_star_fixed10,3,0,0.5555555555555555,0.5238095238095238,0.5555555555555555,0.5,0.5555555555555555,0.5238095238095238,0.0,"[[0, 0], [1, 0], [2, 0]]","[{""abstention_count"": 0, ""f1"": 0.0, ""false_negative"": 2, ""false_positive"": 1, ""label"": 0, ""precision"": 0.0, ""recall"": 0.0, ""retained_support"": 2, ""support"": 2, ""true_positive"": 0}, {""abstention_count"": 0, ""f1"": 0.5714285714285715, ""false_negative"": 1, ""false_positive"": 2, ""label"": 1, ""precision"": 0.5, ""recall"": 0.6666666666666666, ""retained_support"": 3, ""support"": 3, ""true_positive"": 2}, {""abstention_count"": 0, ""f1"": 1.0, ""false_negative"": 0, ""false_positive"": 0, ""label"": 2, ""precision"": 1.0, ""recall"": 1.0, ""retained_support"": 1, ""support"": 1, ""true_positive"": 1}]",retained_only,1.0,0.34772722087255575,"[[0, 2, 0], [1, 2, 0], [0, 0, 1]]","[0, 1, 2]","[{""f1"": 0.0, ""label"": 0, ""precision"": 0.0, ""recall"": 0.0, ""support"": 2}, {""f1"": 0.5714285714285714, ""label"": 1, ""precision"": 0.5, ""recall"": 0.6666666666666666, ""support"": 3}, {""f1"": 1.0, ""label"": 2, ""precision"": 1.0, ""recall"": 1.0, ""support"": 1}]",passed
compact_cnn__b2_star_fixed10,3,1,0.5,0.4444444444444444,0.5,0.5,0.5,0.4444444444444444,0.0,"[[0, 0], [1, 0], [2, 0]]","[{""abstention_count"": 0, ""f1"": 0.0, ""false_negative"": 2, ""false_positive"": 1, ""label"": 0, ""precision"": 0.0, ""recall"": 0.0, ""retained_support"": 2, ""support"": 2, ""true_positive"": 0}, {""abstention_count"": 0, ""f1"": 0.6666666666666666, ""false_negative"": 0, ""false_positive"": 2, ""label"": 1, ""precision"": 0.5, ""recall"": 1.0, ""retained_support"": 2, ""support"": 2, ""true_positive"": 2}, {""abstention_count"": 0, ""f1"": 0.6666666666666666, ""false_negative"": 1, ""false_positive"": 0, ""label"": 2, ""precision"": 1.0, ""recall"": 0.5, ""retained_support"": 2, ""support"": 2, ""true_positive"": 1}]",retained_only,1.0,0.4339553666456669,"[[0, 2, 0], [0, 2, 0], [1, 0, 1]]","[0, 1, 2]","[{""f1"": 0.0, ""label"": 0, ""precision"": 0.0, ""recall"": 0.0, ""support"": 2}, {""f1"": 0.6666666666666666, ""label"": 1, ""precision"": 0.5, ""recall"": 1.0, ""support"": 2}, {""f1"": 0.6666666666666666, ""label"": 2, ""precision"": 1.0, ""recall"": 0.5, ""support"": 2}]",passed
compact_cnn__b2_star_fixed10,3,2,0.6666666666666666,0.6666666666666666,0.6666666666666666,0.8333333333333334,0.6666666666666666,0.6666666666666666,0.0,"[[0, 0], [1, 0], [2, 0]]","[{""abstention_count"": 0, ""f1"": 0.6666666666666666, ""false_negative"": 0, ""false_positive"": 2, ""label"": 0, ""precision"": 0.5, ""recall"": 1.0, ""retained_support"": 2, ""support"": 2, ""true_positive"": 2}, {""abstention_count"": 0, ""f1"": 0.6666666666666666, ""false_negative"": 1, ""false_positive"": 0, ""label"": 1, ""precision"": 1.0, ""recall"": 0.5, ""retained_support"": 2, ""support"": 2, ""true_positive"": 1}, {""abstention_count"": 0, ""f1"": 0.6666666666666666, ""false_negative"": 1, ""false_positive"": 0, ""label"": 2, ""precision"": 1.0, ""recall"": 0.5, ""retained_support"": 2, ""support"": 2, ""true_positive"": 1}]",retained_only,1.0,0.40391975016629,"[[2, 0, 0], [1, 1, 0], [1, 0, 1]]","[0, 1, 2]","[{""f1"": 0.6666666666666666, ""label"": 0, ""precision"": 0.5, ""recall"": 1.0, ""support"": 2}, {""f1"": 0.6666666666666666, ""label"": 1, ""precision"": 1.0, ""recall"": 0.5, ""support"": 2}, {""f1"": 0.6666666666666666, ""label"": 2, ""precision"": 1.0, ""recall"": 0.5, ""support"": 2}]",passed
compact_cnn__b2_star_fixed10,3,3,0.6666666666666666,0.6666666666666666,0.6666666666666666,0.6666666666666666,0.6666666666666666,0.6666666666666666,0.0,"[[0, 0], [1, 0], [2, 0]]","[{""abstention_count"": 0, ""f1"": 0.5, ""false_negative"": 1, ""false_positive"": 1, ""label"": 0, ""precision"": 0.5, ""recall"": 0.5, ""retained_support"": 2, ""support"": 2, ""true_positive"": 1}, {""abstention_count"": 0, ""f1"": 0.5, ""false_negative"": 1, ""false_positive"": 1, ""label"": 1, ""precision"": 0.5, ""recall"": 0.5, ""retained_support"": 2, ""support"": 2, ""true_positive"": 1}, {""abstention_count"": 0, ""f1"": 1.0, ""false_negative"": 0, ""false_positive"": 0, ""label"": 2, ""precision"": 1.0, ""recall"": 1.0, ""retained_support"": 2, ""support"": 2, ""true_positive"": 2}]",retained_only,1.0,0.24384357881907553,"[[1, 1, 0], [1, 1, 0], [0, 0, 2]]","[0, 1, 2]","[{""f1"": 0.5, ""label"": 0, ""precision"": 0.5, ""recall"": 0.5, ""support"": 2}, {""f1"": 0.5, ""label"": 1, ""precision"": 0.5, ""recall"": 0.5, ""support"": 2}, {""f1"": 1.0, ""label"": 2, ""precision"": 1.0, ""recall"": 1.0, ""support"": 2}]",passed
compact_cnn__b2_star_fixed10,3,4,0.3333333333333333,0.25,0.3333333333333333,0.19999999999999998,0.3333333333333333,0.24999999999999997,0.0,"[[0, 0], [1, 0], [2, 0]]","[{""abstention_count"": 0, ""f1"": 0.0, ""false_negative"": 1, ""false_positive"": 0, ""label"": 0, ""precision"": 0.0, ""recall"": 0.0, ""retained_support"": 1, ""support"": 1, ""true_positive"": 0}, {""abstention_count"": 0, ""f1"": 0.7499999999999999, ""false_negative"": 0, ""false_positive"": 2, ""label"": 1, ""precision"": 0.6, ""recall"": 1.0, ""retained_support"": 3, ""support"": 3, ""true_positive"": 3}, {""abstention_count"": 0, ""f1"": 0.0, ""false_negative"": 1, ""false_positive"": 0, ""label"": 2, ""precision"": 0.0, ""recall"": 0.0, ""retained_support"": 1, ""support"": 1, ""true_positive"": 0}]",retained_only,1.0,0.18766032142519345,"[[0, 1, 0], [0, 3, 0], [0, 1, 0]]","[0, 1, 2]","[{""f1"": 0.0, ""label"": 0, ""precision"": 0.0, ""recall"": 0.0, ""support"": 1}, {""f1"": 0.75, ""label"": 1, ""precision"": 0.6, ""recall"": 1.0, ""support"": 3}, {""f1"": 0.0, ""label"": 2, ""precision"": 0.0, ""recall"": 0.0, ""support"": 1}]",passed
compact_cnn__b2_star_fixed10,4,0,0.6666666666666666,0.5555555555555555,0.6666666666666666,0.5,0.6666666666666666,0.5555555555555555,0.0,"[[0, 0], [1, 0], [2, 0]]","[{""abstention_count"": 0, ""f1"": 0.6666666666666666, ""false_negative"": 0, ""false_positive"": 2, ""label"": 0, ""precision"": 0.5, ""recall"": 1.0, ""retained_support"": 2, ""support"": 2, ""true_positive"": 2}, {""abstention_count"": 0, ""f1"": 0.0, ""false_negative"": 2, ""false_positive"": 0, ""label"": 1, ""precision"": 0.0, ""recall"": 0.0, ""retained_support"": 2, ""support"": 2, ""true_positive"": 0}, {""abstention_count"": 0, ""f1"": 1.0, ""false_negative"": 0, ""false_positive"": 0, ""label"": 2, ""precision"": 1.0, ""recall"": 1.0, ""retained_support"": 2, ""support"": 2, ""true_positive"": 2}]",retained_only,1.0,0.30092857476173296,"[[2, 0, 0], [2, 0, 0], [0, 0, 2]]","[0, 1, 2]","[{""f1"": 0.6666666666666666, ""label"": 0, ""precision"": 0.5, ""recall"": 1.0, ""support"": 2}, {""f1"": 0.0, ""label"": 1, ""precision"": 0.0, ""recall"": 0.0, ""support"": 2}, {""f1"": 1.0, ""label"": 2, ""precision"": 1.0, ""recall"": 1.0, ""support"": 2}]",passed
compact_cnn__b2_star_fixed10,4,1,0.5555555555555555,0.48888888888888893,0.5555555555555555,0.4444444444444444,0.5555555555555555,0.48888888888888893,0.0,"[[0, 0], [1, 0], [2, 0]]","[{""abstention_count"": 0, ""f1"": 0.8, ""false_negative"": 0, ""false_positive"": 1, ""label"": 0, ""precision"": 0.6666666666666666, ""recall"": 1.0, ""retained_support"": 2, ""support"": 2, ""true_positive"": 2}, {""abstention_count"": 0, ""f1"": 0.6666666666666666, ""false_negative"": 1, ""false_positive"": 1, ""label"": 1, ""precision"": 0.6666666666666666, ""recall"": 0.6666666666666666, ""retained_support"": 3, ""support"": 3, ""true_positive"": 2}, {""abstention_count"": 0, ""f1"": 0.0, ""false_negative"": 1, ""false_positive"": 0, ""label"": 2, ""precision"": 0.0, ""recall"": 0.0, ""retained_support"": 1, ""support"": 1, ""true_positive"": 0}]",retained_only,1.0,0.43614081333073884,"[[2, 0, 0], [1, 2, 0], [0, 1, 0]]","[0, 1, 2]","[{""f1"": 0.8, ""label"": 0, ""precision"": 0.6666666666666666, ""recall"": 1.0, ""support"": 2}, {""f1"": 0.6666666666666666, ""label"": 1, ""precision"": 0.6666666666666666, ""recall"": 0.6666666666666666, ""support"": 3}, {""f1"": 0.0, ""label"": 2, ""precision"": 0.0, ""recall"": 0.0, ""support"": 1}]",passed
compact_cnn__b2_star_fixed10,4,2,0.7777777777777777,0.7222222222222222,0.7777777777777777,0.8333333333333334,0.7777777777777777,0.7222222222222222,0.0,"[[0, 0], [1, 0], [2, 0]]","[{""abstention_count"": 0, ""f1"": 0.6666666666666666, ""false_negative"": 0, ""false_positive"": 2, ""label"": 0, ""precision"": 0.5, ""recall"": 1.0, ""retained_support"": 2, ""support"": 2, ""true_positive"": 2}, {""abstention_count"": 0, ""f1"": 0.5, ""false_negative"": 2, ""false_positive"": 0, ""label"": 1, ""precision"": 1.0, ""recall"": 0.3333333333333333, ""retained_support"": 3, ""support"": 3, ""true_positive"": 1}, {""abstention_count"": 0, ""f1"": 1.0, ""false_negative"": 0, ""false_positive"": 0, ""label"": 2, ""precision"": 1.0, ""recall"": 1.0, ""retained_support"": 1, ""support"": 1, ""true_positive"": 1}]",retained_only,1.0,0.09409513592158143,"[[2, 0, 0], [2, 1, 0], [0, 0, 1]]","[0, 1, 2]","[{""f1"": 0.6666666666666666, ""label"": 0, ""precision"": 0.5, ""recall"": 1.0, ""support"": 2}, {""f1"": 0.5, ""label"": 1, ""precision"": 1.0, ""recall"": 0.3333333333333333, ""support"": 3}, {""f1"": 1.0, ""label"": 2, ""precision"": 1.0, ""recall"": 1.0, ""support"": 1}]",passed
compact_cnn__b2_star_fixed10,4,3,0.6666666666666666,0.6666666666666666,0.6666666666666666,0.6666666666666666,0.6666666666666666,0.6666666666666666,0.0,"[[0, 0], [1, 0], [2, 0]]","[{""abstention_count"": 0, ""f1"": 1.0, ""false_negative"": 0, ""false_positive"": 0, ""label"": 0, ""precision"": 1.0, ""recall"": 1.0, ""retained_support"": 1, ""support"": 1, ""true_positive"": 1}, {""abstention_count"": 0, ""f1"": 0.5, ""false_negative"": 1, ""false_positive"": 1, ""label"": 1, ""precision"": 0.5, ""recall"": 0.5, ""retained_support"": 2, ""support"": 2, ""true_positive"": 1}, {""abstention_count"": 0, ""f1"": 0.5, ""false_negative"": 1, ""false_positive"": 1, ""label"": 2, ""precision"": 0.5, ""recall"": 0.5, ""retained_support"": 2, ""support"": 2, ""true_positive"": 1}]",retained_only,1.0,0.09338577073235928,"[[1, 0, 0], [0, 1, 1], [0, 1, 1]]","[0, 1, 2]","[{""f1"": 1.0, ""label"": 0, ""precision"": 1.0, ""recall"": 1.0, ""support"": 1}, {""f1"": 0.5, ""label"": 1, ""precision"": 0.5, ""recall"": 0.5, ""support"": 2}, {""f1"": 0.5, ""label"": 2, ""precision"": 0.5, ""recall"": 0.5, ""support"": 2}]",passed
compact_cnn__b2_star_fixed10,4,4,0.3333333333333333,0.27777777777777773,0.3333333333333333,0.25,0.3333333333333333,0.27777777777777773,0.0,"[[0, 0], [1, 0], [2, 0]]","[{""abstention_count"": 0, ""f1"": 0.0, ""false_negative"": 2, ""false_positive"": 0, ""label"": 0, ""precision"": 0.0, ""recall"": 0.0, ""retained_support"": 2, ""support"": 2, ""true_positive"": 0}, {""abstention_count"": 0, ""f1"": 0.3333333333333333, ""false_negative"": 1, ""false_positive"": 3, ""label"": 1, ""precision"": 0.25, ""recall"": 0.5, ""retained_support"": 2, ""support"": 2, ""true_positive"": 1}, {""abstention_count"": 0, ""f1"": 0.5, ""false_negative"": 1, ""false_positive"": 1, ""label"": 2, ""precision"": 0.5, ""recall"": 0.5, ""retained_support"": 2, ""support"": 2, ""true_positive"": 1}]",retained_only,1.0,0.3628825513309909,"[[0, 2, 0], [0, 1, 1], [0, 1, 1]]","[0, 1, 2]","[{""f1"": 0.0, ""label"": 0, ""precision"": 0.0, ""recall"": 0.0, ""support"": 2}, {""f1"": 0.3333333333333333, ""label"": 1, ""precision"": 0.25, ""recall"": 0.5, ""support"": 2}, {""f1"": 0.5, ""label"": 2, ""precision"": 0.5, ""recall"": 0.5, ""support"": 2}]",passed
inception_full__b2_star_fixed10,0,0,0.16666666666666666,0.09523809523809523,0.16666666666666666,0.06666666666666667,0.16666666666666666,0.09523809523809525,0.0,"[[0, 0], [1, 0], [2, 0]]","[{""abstention_count"": 0, ""f1"": 0.0, ""false_negative"": 2, ""false_positive"": 1, ""label"": 0, ""precision"": 0.0, ""recall"": 0.0, ""retained_support"": 2, ""support"": 2, ""true_positive"": 0}, {""abstention_count"": 0, ""f1"": 0.28571428571428575, ""false_negative"": 1, ""false_positive"": 4, ""label"": 1, ""precision"": 0.2, ""recall"": 0.5, ""retained_support"": 2, ""support"": 2, ""true_positive"": 1}, {""abstention_count"": 0, ""f1"": 0.0, ""false_negative"": 2, ""false_positive"": 0, ""label"": 2, ""precision"": 0.0, ""recall"": 0.0, ""retained_support"": 2, ""support"": 2, ""true_positive"": 0}]",retained_only,1.0,0.53934803796003,"[[0, 2, 0], [1, 1, 0], [0, 2, 0]]","[0, 1, 2]","[{""f1"": 0.0, ""label"": 0, ""precision"": 0.0, ""recall"": 0.0, ""support"": 2}, {""f1"": 0.2857142857142857, ""label"": 1, ""precision"": 0.2, ""recall"": 0.5, ""support"": 2}, {""f1"": 0.0, ""label"": 2, ""precision"": 0.0, ""recall"": 0.0, ""support"": 2}]",passed
inception_full__b2_star_fixed10,0,1,0.5555555555555555,0.5238095238095238,0.5555555555555555,0.5,0.5555555555555555,0.5238095238095238,0.0,"[[0, 0], [1, 0], [2, 0]]","[{""abstention_count"": 0, ""f1"": 0.0, ""false_negative"": 2, ""false_positive"": 1, ""label"": 0, ""precision"": 0.0, ""recall"": 0.0, ""retained_support"": 2, ""support"": 2, ""true_positive"": 0}, {""abstention_count"": 0, ""f1"": 0.5714285714285715, ""false_negative"": 1, ""false_positive"": 2, ""label"": 1, ""precision"": 0.5, ""recall"": 0.6666666666666666, ""retained_support"": 3, ""support"": 3, ""true_positive"": 2}, {""abstention_count"": 0, ""f1"": 1.0, ""false_negative"": 0, ""false_positive"": 0, ""label"": 2, ""precision"": 1.0, ""recall"": 1.0, ""retained_support"": 1, ""support"": 1, ""true_positive"": 1}]",retained_only,1.0,0.24495922038491008,"[[0, 2, 0], [1, 2, 0], [0, 0, 1]]","[0, 1, 2]","[{""f1"": 0.0, ""label"": 0, ""precision"": 0.0, ""recall"": 0.0, ""support"": 2}, {""f1"": 0.5714285714285714, ""label"": 1, ""precision"": 0.5, ""recall"": 0.6666666666666666, ""support"": 3}, {""f1"": 1.0, ""label"": 2, ""precision"": 1.0, ""recall"": 1.0, ""support"": 1}]",passed
inception_full__b2_star_fixed10,0,2,0.5,0.41269841269841273,0.5,0.4666666666666666,0.5,0.41269841269841273,0.0,"[[0, 0], [1, 0], [2, 0]]","[{""abstention_count"": 0, ""f1"": 0.0, ""false_negative"": 2, ""false_positive"": 0, ""label"": 0, ""precision"": 0.0, ""recall"": 0.0, ""retained_support"": 2, ""support"": 2, ""true_positive"": 0}, {""abstention_count"": 0, ""f1"": 0.5714285714285715, ""false_negative"": 0, ""false_positive"": 3, ""label"": 1, ""precision"": 0.4, ""recall"": 1.0, ""retained_support"": 2, ""support"": 2, ""true_positive"": 2}, {""abstention_count"": 0, ""f1"": 0.6666666666666666, ""false_negative"": 1, ""false_positive"": 0, ""label"": 2, ""precision"": 1.0, ""recall"": 0.5, ""retained_support"": 2, ""support"": 2, ""true_positive"": 1}]",retained_only,1.0,0.3463259280887102,"[[0, 2, 0], [0, 2, 0], [0, 1, 1]]","[0, 1, 2]","[{""f1"": 0.0, ""label"": 0, ""precision"": 0.0, ""recall"": 0.0, ""support"": 2}, {""f1"": 0.5714285714285714, ""label"": 1, ""precision"": 0.4, ""recall"": 1.0, ""support"": 2}, {""f1"": 0.6666666666666666, ""label"": 2, ""precision"": 1.0, ""recall"": 0.5, ""support"": 2}]",passed
inception_full__b2_star_fixed10,0,3,0.6666666666666666,0.6666666666666666,0.6666666666666666,0.8333333333333334,0.6666666666666666,0.6666666666666666,0.0,"[[0, 0], [1, 0], [2, 0]]","[{""abstention_count"": 0, ""f1"": 0.6666666666666666, ""false_negative"": 0, ""false_positive"": 2, ""label"": 0, ""precision"": 0.5, ""recall"": 1.0, ""retained_support"": 2, ""support"": 2, ""true_positive"": 2}, {""abstention_count"": 0, ""f1"": 0.6666666666666666, ""false_negative"": 1, ""false_positive"": 0, ""label"": 1, ""precision"": 1.0, ""recall"": 0.5, ""retained_support"": 2, ""support"": 2, ""true_positive"": 1}, {""abstention_count"": 0, ""f1"": 0.6666666666666666, ""false_negative"": 1, ""false_positive"": 0, ""label"": 2, ""precision"": 1.0, ""recall"": 0.5, ""retained_support"": 2, ""support"": 2, ""true_positive"": 1}]",retained_only,1.0,0.3484304734831784,"[[2, 0, 0], [1, 1, 0], [1, 0, 1]]","[0, 1, 2]","[{""f1"": 0.6666666666666666, ""label"": 0, ""precision"": 0.5, ""recall"": 1.0, ""support"": 2}, {""f1"": 0.6666666666666666, ""label"": 1, ""precision"": 1.0, ""recall"": 0.5, ""support"": 2}, {""f1"": 0.6666666666666666, ""label"": 2, ""precision"": 1.0, ""recall"": 0.5, ""support"": 2}]",passed
inception_full__b2_star_fixed10,0,4,0.4444444444444444,0.3,0.4444444444444444,0.27777777777777773,0.4444444444444444,0.3,0.0,"[[0, 0], [1, 0], [2, 0]]","[{""abstention_count"": 0, ""f1"": 0.5, ""false_negative"": 0, ""false_positive"": 2, ""label"": 0, ""precision"": 0.3333333333333333, ""recall"": 1.0, ""retained_support"": 1, ""support"": 1, ""true_positive"": 1}, {""abstention_count"": 0, ""f1"": 0.4, ""false_negative"": 2, ""false_positive"": 1, ""label"": 1, ""precision"": 0.5, ""recall"": 0.3333333333333333, ""retained_support"": 3, ""support"": 3, ""true_positive"": 1}, {""abstention_count"": 0, ""f1"": 0.0, ""false_negative"": 1, ""false_positive"": 0, ""label"": 2, ""precision"": 0.0, ""recall"": 0.0, ""retained_support"": 1, ""support"": 1, ""true_positive"": 0}]",retained_only,1.0,0.5402485917384754,"[[1, 0, 0], [2, 1, 0], [0, 1, 0]]","[0, 1, 2]","[{""f1"": 0.5, ""label"": 0, ""precision"": 0.3333333333333333, ""recall"": 1.0, ""support"": 1}, {""f1"": 0.4, ""label"": 1, ""precision"": 0.5, ""recall"": 0.3333333333333333, ""support"": 3}, {""f1"": 0.0, ""label"": 2, ""precision"": 0.0, ""recall"": 0.0, ""support"": 1}]",passed
inception_full__b2_star_fixed10,1,0,0.5,0.4444444444444444,0.5,0.5,0.5,0.4444444444444444,0.0,"[[0, 0], [1, 0], [2, 0]]","[{""abstention_count"": 0, ""f1"": 0.0, ""false_negative"": 2, ""false_positive"": 0, ""label"": 0, ""precision"": 0.0, ""recall"": 0.0, ""retained_support"": 2, ""support"": 2, ""true_positive"": 0}, {""abstention_count"": 0, ""f1"": 0.6666666666666666, ""false_negative"": 0, ""false_positive"": 3, ""label"": 1, ""precision"": 0.5, ""recall"": 1.0, ""retained_support"": 3, ""support"": 3, ""true_positive"": 3}, {""abstention_count"": 0, ""f1"": 0.6666666666666666, ""false_negative"": 1, ""false_positive"": 0, ""label"": 2, ""precision"": 1.0, ""recall"": 0.5, ""retained_support"": 2, ""support"": 2, ""true_positive"": 1}]",retained_only,1.0,0.3878261175905494,"[[0, 2, 0], [0, 3, 0], [0, 1, 1]]","[0, 1, 2]","[{""f1"": 0.0, ""label"": 0, ""precision"": 0.0, ""recall"": 0.0, ""support"": 2}, {""f1"": 0.6666666666666666, ""label"": 1, ""precision"": 0.5, ""recall"": 1.0, ""support"": 3}, {""f1"": 0.6666666666666666, ""label"": 2, ""precision"": 1.0, ""recall"": 0.5, ""support"": 2}]",passed
inception_full__b2_star_fixed10,1,1,0.7222222222222222,0.6666666666666666,0.7222222222222222,0.7222222222222222,0.7222222222222222,0.6666666666666666,0.0,"[[0, 0], [1, 0], [2, 0]]","[{""abstention_count"": 0, ""f1"": 0.6666666666666666, ""false_negative"": 0, ""false_positive"": 1, ""label"": 0, ""precision"": 0.5, ""recall"": 1.0, ""retained_support"": 1, ""support"": 1, ""true_positive"": 1}, {""abstention_count"": 0, ""f1"": 0.6666666666666666, ""false_negative"": 1, ""false_positive"": 1, ""label"": 1, ""precision"": 0.6666666666666666, ""recall"": 0.6666666666666666, ""retained_support"": 3, ""support"": 3, ""true_positive"": 2}, {""abstention_count"": 0, ""f1"": 0.6666666666666666, ""false_negative"": 1, ""false_positive"": 0, ""label"": 2, ""precision"": 1.0, ""recall"": 0.5, ""retained_support"": 2, ""support"": 2, ""true_positive"": 1}]",retained_only,1.0,0.563443523618508,"[[1, 0, 0], [1, 2, 0], [0, 1, 1]]","[0, 1, 2]","[{""f1"": 0.6666666666666666, ""label"": 0, ""precision"": 0.5, ""recall"": 1.0, ""support"": 1}, {""f1"": 0.6666666666666666, ""label"": 1, ""precision"": 0.6666666666666666, ""recall"": 0.6666666666666666, ""support"": 3}, {""f1"": 0.6666666666666666, ""label"": 2, ""precision"": 1.0, ""recall"": 0.5, ""support"": 2}]",passed
inception_full__b2_star_fixed10,1,2,0.3333333333333333,0.27777777777777773,0.3333333333333333,0.25,0.3333333333333333,0.27777777777777773,0.0,"[[0, 0], [1, 0], [2, 0]]","[{""abstention_count"": 0, ""f1"": 0.0, ""false_negative"": 2, ""false_positive"": 0, ""label"": 0, ""precision"": 0.0, ""recall"": 0.0, ""retained_support"": 2, ""support"": 2, ""true_positive"": 0}, {""abstention_count"": 0, ""f1"": 0.3333333333333333, ""false_negative"": 1, ""false_positive"": 3, ""label"": 1, ""precision"": 0.25, ""recall"": 0.5, ""retained_support"": 2, ""support"": 2, ""true_positive"": 1}, {""abstention_count"": 0, ""f1"": 0.5, ""false_negative"": 1, ""false_positive"": 1, ""label"": 2, ""precision"": 0.5, ""recall"": 0.5, ""retained_support"": 2, ""support"": 2, ""true_positive"": 1}]",retained_only,1.0,0.45527077231748797,"[[0, 2, 0], [0, 1, 1], [0, 1, 1]]","[0, 1, 2]","[{""f1"": 0.0, ""label"": 0, ""precision"": 0.0, ""recall"": 0.0, ""support"": 2}, {""f1"": 0.3333333333333333, ""label"": 1, ""precision"": 0.25, ""recall"": 0.5, ""support"": 2}, {""f1"": 0.5, ""label"": 2, ""precision"": 0.5, ""recall"": 0.5, ""support"": 2}]",passed
inception_full__b2_star_fixed10,1,3,0.3333333333333333,0.19047619047619047,0.3333333333333333,0.13333333333333333,0.3333333333333333,0.1904761904761905,0.0,"[[0, 0], [1, 0], [2, 0]]","[{""abstention_count"": 0, ""f1"": 0.0, ""false_negative"": 2, ""false_positive"": 0, ""label"": 0, ""precision"": 0.0, ""recall"": 0.0, ""retained_support"": 2, ""support"": 2, ""true_positive"": 0}, {""abstention_count"": 0, ""f1"": 0.5714285714285715, ""false_negative"": 0, ""false_positive"": 3, ""label"": 1, ""precision"": 0.4, ""recall"": 1.0, ""retained_support"": 2, ""support"": 2, ""true_positive"": 2}, {""abstention_count"": 0, ""f1"": 0.0, ""false_negative"": 1, ""false_positive"": 0, ""label"": 2, ""precision"": 0.0, ""recall"": 0.0, ""retained_support"": 1, ""support"": 1, ""true_positive"": 0}]",retained_only,1.0,0.3602888089557367,"[[0, 2, 0], [0, 2, 0], [0, 1, 0]]","[0, 1, 2]","[{""f1"": 0.0, ""label"": 0, ""precision"": 0.0, ""recall"": 0.0, ""support"": 2}, {""f1"": 0.5714285714285714, ""label"": 1, ""precision"": 0.4, ""recall"": 1.0, ""support"": 2}, {""f1"": 0.0, ""label"": 2, ""precision"": 0.0, ""recall"": 0.0, ""support"": 1}]",passed
inception_full__b2_star_fixed10,1,4,0.8333333333333334,0.8222222222222223,0.8333333333333334,0.8888888888888888,0.8333333333333334,0.8222222222222223,0.0,"[[0, 0], [1, 0], [2, 0]]","[{""abstention_count"": 0, ""f1"": 0.8, ""false_negative"": 0, ""false_positive"": 1, ""label"": 0, ""precision"": 0.6666666666666666, ""recall"": 1.0, ""retained_support"": 2, ""support"": 2, ""true_positive"": 2}, {""abstention_count"": 0, ""f1"": 0.6666666666666666, ""false_negative"": 1, ""false_positive"": 0, ""label"": 1, ""precision"": 1.0, ""recall"": 0.5, ""retained_support"": 2, ""support"": 2, ""true_positive"": 1}, {""abstention_count"": 0, ""f1"": 1.0, ""false_negative"": 0, ""false_positive"": 0, ""label"": 2, ""precision"": 1.0, ""recall"": 1.0, ""retained_support"": 1, ""support"": 1, ""true_positive"": 1}]",retained_only,1.0,0.3543954513815489,"[[2, 0, 0], [1, 1, 0], [0, 0, 1]]","[0, 1, 2]","[{""f1"": 0.8, ""label"": 0, ""precision"": 0.6666666666666666, ""recall"": 1.0, ""support"": 2}, {""f1"": 0.6666666666666666, ""label"": 1, ""precision"": 1.0, ""recall"": 0.5, ""support"": 2}, {""f1"": 1.0, ""label"": 2, ""precision"": 1.0, ""recall"": 1.0, ""support"": 1}]",passed
inception_full__b2_star_fixed10,2,0,0.5555555555555555,0.41269841269841273,0.5555555555555555,0.3333333333333333,0.5555555555555555,0.41269841269841273,0.0,"[[0, 0], [1, 0], [2, 0]]","[{""abstention_count"": 0, ""f1"": 0.0, ""false_negative"": 2, ""false_positive"": 0, ""label"": 0, ""precision"": 0.0, ""recall"": 0.0, ""retained_support"": 2, ""support"": 2, ""true_positive"": 0}, {""abstention_count"": 0, ""f1"": 0.5714285714285715, ""false_negative"": 1, ""false_positive"": 2, ""label"": 1, ""precision"": 0.5, ""recall"": 0.6666666666666666, ""retained_support"": 3, ""support"": 3, ""true_positive"": 2}, {""abstention_count"": 0, ""f1"": 0.6666666666666666, ""false_negative"": 0, ""false_positive"": 1, ""label"": 2, ""precision"": 0.5, ""recall"": 1.0, ""retained_support"": 1, ""support"": 1, ""true_positive"": 1}]",retained_only,1.0,0.2195268717064788,"[[0, 2, 0], [0, 2, 1], [0, 0, 1]]","[0, 1, 2]","[{""f1"": 0.0, ""label"": 0, ""precision"": 0.0, ""recall"": 0.0, ""support"": 2}, {""f1"": 0.5714285714285714, ""label"": 1, ""precision"": 0.5, ""recall"": 0.6666666666666666, ""support"": 3}, {""f1"": 0.6666666666666666, ""label"": 2, ""precision"": 0.5, ""recall"": 1.0, ""support"": 1}]",passed
inception_full__b2_star_fixed10,2,1,0.6666666666666666,0.6666666666666666,0.6666666666666666,0.8333333333333334,0.6666666666666666,0.6666666666666666,0.0,"[[0, 0], [1, 0], [2, 0]]","[{""abstention_count"": 0, ""f1"": 0.6666666666666666, ""false_negative"": 1, ""false_positive"": 0, ""label"": 0, ""precision"": 1.0, ""recall"": 0.5, ""retained_support"": 2, ""support"": 2, ""true_positive"": 1}, {""abstention_count"": 0, ""f1"": 0.6666666666666666, ""false_negative"": 0, ""false_positive"": 2, ""label"": 1, ""precision"": 0.5, ""recall"": 1.0, ""retained_support"": 2, ""support"": 2, ""true_positive"": 2}, {""abstention_count"": 0, ""f1"": 0.6666666666666666, ""false_negative"": 1, ""false_positive"": 0, ""label"": 2, ""precision"": 1.0, ""recall"": 0.5, ""retained_support"": 2, ""support"": 2, ""true_positive"": 1}]",retained_only,1.0,0.27660949789089045,"[[1, 1, 0], [0, 2, 0], [0, 1, 1]]","[0, 1, 2]","[{""f1"": 0.6666666666666666, ""label"": 0, ""precision"": 1.0, ""recall"": 0.5, ""support"": 2}, {""f1"": 0.6666666666666666, ""label"": 1, ""precision"": 0.5, ""recall"": 1.0, ""support"": 2}, {""f1"": 0.6666666666666666, ""label"": 2, ""precision"": 1.0, ""recall"": 0.5, ""support"": 2}]",passed
inception_full__b2_star_fixed10,2,2,0.6666666666666666,0.43333333333333335,0.6666666666666666,0.3333333333333333,0.6666666666666666,0.43333333333333335,0.0,"[[0, 0], [1, 0], [2, 0]]","[{""abstention_count"": 0, ""f1"": 0.5, ""false_negative"": 0, ""false_positive"": 2, ""label"": 0, ""precision"": 0.3333333333333333, ""recall"": 1.0, ""retained_support"": 1, ""support"": 1, ""true_positive"": 1}, {""abstention_count"": 0, ""f1"": 0.0, ""false_negative"": 3, ""false_positive"": 0, ""label"": 1, ""precision"": 0.0, ""recall"": 0.0, ""retained_support"": 3, ""support"": 3, ""true_positive"": 0}, {""abstention_count"": 0, ""f1"": 0.8, ""false_negative"": 0, ""false_positive"": 1, ""label"": 2, ""precision"": 0.6666666666666666, ""recall"": 1.0, ""retained_support"": 2, ""support"": 2, ""true_positive"": 2}]",retained_only,1.0,0.2775326689208976,"[[1, 0, 0], [2, 0, 1], [0, 0, 2]]","[0, 1, 2]","[{""f1"": 0.5, ""label"": 0, ""precision"": 0.3333333333333333, ""recall"": 1.0, ""support"": 1}, {""f1"": 0.0, ""label"": 1, ""precision"": 0.0, ""recall"": 0.0, ""support"": 3}, {""f1"": 0.8, ""label"": 2, ""precision"": 0.6666666666666666, ""recall"": 1.0, ""support"": 2}]",passed
inception_full__b2_star_fixed10,2,3,0.6666666666666666,0.5555555555555555,0.6666666666666666,0.5,0.6666666666666666,0.5555555555555555,0.0,"[[0, 0], [1, 0], [2, 0]]","[{""abstention_count"": 0, ""f1"": 0.6666666666666666, ""false_negative"": 0, ""false_positive"": 2, ""label"": 0, ""precision"": 0.5, ""recall"": 1.0, ""retained_support"": 2, ""support"": 2, ""true_positive"": 2}, {""abstention_count"": 0, ""f1"": 1.0, ""false_negative"": 0, ""false_positive"": 0, ""label"": 1, ""precision"": 1.0, ""recall"": 1.0, ""retained_support"": 2, ""support"": 2, ""true_positive"": 2}, {""abstention_count"": 0, ""f1"": 0.0, ""false_negative"": 2, ""false_positive"": 0, ""label"": 2, ""precision"": 0.0, ""recall"": 0.0, ""retained_support"": 2, ""support"": 2, ""true_positive"": 0}]",retained_only,1.0,0.2153750925046635,"[[2, 0, 0], [0, 2, 0], [2, 0, 0]]","[0, 1, 2]","[{""f1"": 0.6666666666666666, ""label"": 0, ""precision"": 0.5, ""recall"": 1.0, ""support"": 2}, {""f1"": 1.0, ""label"": 1, ""precision"": 1.0, ""recall"": 1.0, ""support"": 2}, {""f1"": 0.0, ""label"": 2, ""precision"": 0.0, ""recall"": 0.0, ""support"": 2}]",passed
inception_full__b2_star_fixed10,2,4,0.5,0.4444444444444444,0.5,0.5,0.5,0.4444444444444444,0.0,"[[0, 0], [1, 0], [2, 0]]","[{""abstention_count"": 0, ""f1"": 0.6666666666666666, ""false_negative"": 1, ""false_positive"": 0, ""label"": 0, ""precision"": 1.0, ""recall"": 0.5, ""retained_support"": 2, ""support"": 2, ""true_positive"": 1}, {""abstention_count"": 0, ""f1"": 0.6666666666666666, ""false_negative"": 0, ""false_positive"": 2, ""label"": 1, ""precision"": 0.5, ""recall"": 1.0, ""retained_support"": 2, ""support"": 2, ""true_positive"": 2}, {""abstention_count"": 0, ""f1"": 0.0, ""false_negative"": 1, ""false_positive"": 0, ""label"": 2, ""precision"": 0.0, ""recall"": 0.0, ""retained_support"": 1, ""support"": 1, ""true_positive"": 0}]",retained_only,1.0,0.558859785874622,"[[1, 1, 0], [0, 2, 0], [0, 1, 0]]","[0, 1, 2]","[{""f1"": 0.6666666666666666, ""label"": 0, ""precision"": 1.0, ""recall"": 0.5, ""support"": 2}, {""f1"": 0.6666666666666666, ""label"": 1, ""precision"": 0.5, ""recall"": 1.0, ""support"": 2}, {""f1"": 0.0, ""label"": 2, ""precision"": 0.0, ""recall"": 0.0, ""support"": 1}]",passed
inception_full__b2_star_fixed10,3,0,0.7222222222222222,0.7222222222222222,0.7222222222222222,0.7222222222222222,0.7222222222222222,0.7222222222222222,0.0,"[[0, 0], [1, 0], [2, 0]]","[{""abstention_count"": 0, ""f1"": 0.5, ""false_negative"": 1, ""false_positive"": 1, ""label"": 0, ""precision"": 0.5, ""recall"": 0.5, ""retained_support"": 2, ""support"": 2, ""true_positive"": 1}, {""abstention_count"": 0, ""f1"": 0.6666666666666666, ""false_negative"": 1, ""false_positive"": 1, ""label"": 1, ""precision"": 0.6666666666666666, ""recall"": 0.6666666666666666, ""retained_support"": 3, ""support"": 3, ""true_positive"": 2}, {""abstention_count"": 0, ""f1"": 1.0, ""false_negative"": 0, ""false_positive"": 0, ""label"": 2, ""precision"": 1.0, ""recall"": 1.0, ""retained_support"": 1, ""support"": 1, ""true_positive"": 1}]",retained_only,1.0,0.23613718699041783,"[[1, 1, 0], [1, 2, 0], [0, 0, 1]]","[0, 1, 2]","[{""f1"": 0.5, ""label"": 0, ""precision"": 0.5, ""recall"": 0.5, ""support"": 2}, {""f1"": 0.6666666666666666, ""label"": 1, ""precision"": 0.6666666666666666, ""recall"": 0.6666666666666666, ""support"": 3}, {""f1"": 1.0, ""label"": 2, ""precision"": 1.0, ""recall"": 1.0, ""support"": 1}]",passed
inception_full__b2_star_fixed10,3,1,0.3333333333333333,0.27777777777777773,0.3333333333333333,0.25,0.3333333333333333,0.27777777777777773,0.0,"[[0, 0], [1, 0], [2, 0]]","[{""abstention_count"": 0, ""f1"": 0.0, ""false_negative"": 2, ""false_positive"": 0, ""label"": 0, ""precision"": 0.0, ""recall"": 0.0, ""retained_support"": 2, ""support"": 2, ""true_positive"": 0}, {""abstention_count"": 0, ""f1"": 0.3333333333333333, ""false_negative"": 1, ""false_positive"": 3, ""label"": 1, ""precision"": 0.25, ""recall"": 0.5, ""retained_support"": 2, ""support"": 2, ""true_positive"": 1}, {""abstention_count"": 0, ""f1"": 0.5, ""false_negative"": 1, ""false_positive"": 1, ""label"": 2, ""precision"": 0.5, ""recall"": 0.5, ""retained_support"": 2, ""support"": 2, ""true_positive"": 1}]",retained_only,1.0,0.35513152004904136,"[[0, 2, 0], [0, 1, 1], [0, 1, 1]]","[0, 1, 2]","[{""f1"": 0.0, ""label"": 0, ""precision"": 0.0, ""recall"": 0.0, ""support"": 2}, {""f1"": 0.3333333333333333, ""label"": 1, ""precision"": 0.25, ""recall"": 0.5, ""support"": 2}, {""f1"": 0.5, ""label"": 2, ""precision"": 0.5, ""recall"": 0.5, ""support"": 2}]",passed
inception_full__b2_star_fixed10,3,2,0.5,0.38888888888888884,0.5,0.3333333333333333,0.5,0.38888888888888884,0.0,"[[0, 0], [1, 0], [2, 0]]","[{""abstention_count"": 0, ""f1"": 0.5, ""false_negative"": 1, ""false_positive"": 1, ""label"": 0, ""precision"": 0.5, ""recall"": 0.5, ""retained_support"": 2, ""support"": 2, ""true_positive"": 1}, {""abstention_count"": 0, ""f1"": 0.0, ""false_negative"": 2, ""false_positive"": 0, ""label"": 1, ""precision"": 0.0, ""recall"": 0.0, ""retained_support"": 2, ""support"": 2, ""true_positive"": 0}, {""abstention_count"": 0, ""f1"": 0.6666666666666666, ""false_negative"": 0, ""false_positive"": 2, ""label"": 2, ""precision"": 0.5, ""recall"": 1.0, ""retained_support"": 2, ""support"": 2, ""true_positive"": 2}]",retained_only,1.0,0.3529521345798498,"[[1, 0, 1], [1, 0, 1], [0, 0, 2]]","[0, 1, 2]","[{""f1"": 0.5, ""label"": 0, ""precision"": 0.5, ""recall"": 0.5, ""support"": 2}, {""f1"": 0.0, ""label"": 1, ""precision"": 0.0, ""recall"": 0.0, ""support"": 2}, {""f1"": 0.6666666666666666, ""label"": 2, ""precision"": 0.5, ""recall"": 1.0, ""support"": 2}]",passed
inception_full__b2_star_fixed10,3,3,0.5,0.5222222222222223,0.5,0.611111111111111,0.5,0.5222222222222223,0.0,"[[0, 0], [1, 0], [2, 0]]","[{""abstention_count"": 0, ""f1"": 0.5, ""false_negative"": 1, ""false_positive"": 1, ""label"": 0, ""precision"": 0.5, ""recall"": 0.5, ""retained_support"": 2, ""support"": 2, ""true_positive"": 1}, {""abstention_count"": 0, ""f1"": 0.4, ""false_negative"": 1, ""false_positive"": 2, ""label"": 1, ""precision"": 0.3333333333333333, ""recall"": 0.5, ""retained_support"": 2, ""support"": 2, ""true_positive"": 1}, {""abstention_count"": 0, ""f1"": 0.6666666666666666, ""false_negative"": 1, ""false_positive"": 0, ""label"": 2, ""precision"": 1.0, ""recall"": 0.5, ""retained_support"": 2, ""support"": 2, ""true_positive"": 1}]",retained_only,1.0,0.45666582700875047,"[[1, 1, 0], [1, 1, 0], [0, 1, 1]]","[0, 1, 2]","[{""f1"": 0.5, ""label"": 0, ""precision"": 0.5, ""recall"": 0.5, ""support"": 2}, {""f1"": 0.4, ""label"": 1, ""precision"": 0.3333333333333333, ""recall"": 0.5, ""support"": 2}, {""f1"": 0.6666666666666666, ""label"": 2, ""precision"": 1.0, ""recall"": 0.5, ""support"": 2}]",passed
inception_full__b2_star_fixed10,3,4,0.3333333333333333,0.25,0.3333333333333333,0.19999999999999998,0.3333333333333333,0.24999999999999997,0.0,"[[0, 0], [1, 0], [2, 0]]","[{""abstention_count"": 0, ""f1"": 0.0, ""false_negative"": 1, ""false_positive"": 0, ""label"": 0, ""precision"": 0.0, ""recall"": 0.0, ""retained_support"": 1, ""support"": 1, ""true_positive"": 0}, {""abstention_count"": 0, ""f1"": 0.7499999999999999, ""false_negative"": 0, ""false_positive"": 2, ""label"": 1, ""precision"": 0.6, ""recall"": 1.0, ""retained_support"": 3, ""support"": 3, ""true_positive"": 3}, {""abstention_count"": 0, ""f1"": 0.0, ""false_negative"": 1, ""false_positive"": 0, ""label"": 2, ""precision"": 0.0, ""recall"": 0.0, ""retained_support"": 1, ""support"": 1, ""true_positive"": 0}]",retained_only,1.0,0.30618793822969753,"[[0, 1, 0], [0, 3, 0], [0, 1, 0]]","[0, 1, 2]","[{""f1"": 0.0, ""label"": 0, ""precision"": 0.0, ""recall"": 0.0, ""support"": 1}, {""f1"": 0.75, ""label"": 1, ""precision"": 0.6, ""recall"": 1.0, ""support"": 3}, {""f1"": 0.0, ""label"": 2, ""precision"": 0.0, ""recall"": 0.0, ""support"": 1}]",passed
inception_full__b2_star_fixed10,4,0,0.5,0.4444444444444444,0.5,0.5,0.5,0.4444444444444444,0.0,"[[0, 0], [1, 0], [2, 0]]","[{""abstention_count"": 0, ""f1"": 0.6666666666666666, ""false_negative"": 0, ""false_positive"": 2, ""label"": 0, ""precision"": 0.5, ""recall"": 1.0, ""retained_support"": 2, ""support"": 2, ""true_positive"": 2}, {""abstention_count"": 0, ""f1"": 0.0, ""false_negative"": 2, ""false_positive"": 1, ""label"": 1, ""precision"": 0.0, ""recall"": 0.0, ""retained_support"": 2, ""support"": 2, ""true_positive"": 0}, {""abstention_count"": 0, ""f1"": 0.6666666666666666, ""false_negative"": 1, ""false_positive"": 0, ""label"": 2, ""precision"": 1.0, ""recall"": 0.5, ""retained_support"": 2, ""support"": 2, ""true_positive"": 1}]",retained_only,1.0,0.14614206223440895,"[[2, 0, 0], [2, 0, 0], [0, 1, 1]]","[0, 1, 2]","[{""f1"": 0.6666666666666666, ""label"": 0, ""precision"": 0.5, ""recall"": 1.0, ""support"": 2}, {""f1"": 0.0, ""label"": 1, ""precision"": 0.0, ""recall"": 0.0, ""support"": 2}, {""f1"": 0.6666666666666666, ""label"": 2, ""precision"": 1.0, ""recall"": 0.5, ""support"": 2}]",passed
inception_full__b2_star_fixed10,4,1,0.5555555555555555,0.48888888888888893,0.5555555555555555,0.4444444444444444,0.5555555555555555,0.48888888888888893,0.0,"[[0, 0], [1, 0], [2, 0]]","[{""abstention_count"": 0, ""f1"": 0.8, ""false_negative"": 0, ""false_positive"": 1, ""label"": 0, ""precision"": 0.6666666666666666, ""recall"": 1.0, ""retained_support"": 2, ""support"": 2, ""true_positive"": 2}, {""abstention_count"": 0, ""f1"": 0.6666666666666666, ""false_negative"": 1, ""false_positive"": 1, ""label"": 1, ""precision"": 0.6666666666666666, ""recall"": 0.6666666666666666, ""retained_support"": 3, ""support"": 3, ""true_positive"": 2}, {""abstention_count"": 0, ""f1"": 0.0, ""false_negative"": 1, ""false_positive"": 0, ""label"": 2, ""precision"": 0.0, ""recall"": 0.0, ""retained_support"": 1, ""support"": 1, ""true_positive"": 0}]",retained_only,1.0,0.3284125041809616,"[[2, 0, 0], [1, 2, 0], [0, 1, 0]]","[0, 1, 2]","[{""f1"": 0.8, ""label"": 0, ""precision"": 0.6666666666666666, ""recall"": 1.0, ""support"": 2}, {""f1"": 0.6666666666666666, ""label"": 1, ""precision"": 0.6666666666666666, ""recall"": 0.6666666666666666, ""support"": 3}, {""f1"": 0.0, ""label"": 2, ""precision"": 0.0, ""recall"": 0.0, ""support"": 1}]",passed
inception_full__b2_star_fixed10,4,2,0.16666666666666666,0.1111111111111111,0.16666666666666666,0.08333333333333333,0.16666666666666666,0.1111111111111111,0.0,"[[0, 0], [1, 0], [2, 0]]","[{""abstention_count"": 0, ""f1"": 0.3333333333333333, ""false_negative"": 1, ""false_positive"": 3, ""label"": 0, ""precision"": 0.25, ""recall"": 0.5, ""retained_support"": 2, ""support"": 2, ""true_positive"": 1}, {""abstention_count"": 0, ""f1"": 0.0, ""false_negative"": 3, ""false_positive"": 2, ""label"": 1, ""precision"": 0.0, ""recall"": 0.0, ""retained_support"": 3, ""support"": 3, ""true_positive"": 0}, {""abstention_count"": 0, ""f1"": 0.0, ""false_negative"": 1, ""false_positive"": 0, ""label"": 2, ""precision"": 0.0, ""recall"": 0.0, ""retained_support"": 1, ""support"": 1, ""true_positive"": 0}]",retained_only,1.0,0.5680715316860518,"[[1, 1, 0], [3, 0, 0], [0, 1, 0]]","[0, 1, 2]","[{""f1"": 0.3333333333333333, ""label"": 0, ""precision"": 0.25, ""recall"": 0.5, ""support"": 2}, {""f1"": 0.0, ""label"": 1, ""precision"": 0.0, ""recall"": 0.0, ""support"": 3}, {""f1"": 0.0, ""label"": 2, ""precision"": 0.0, ""recall"": 0.0, ""support"": 1}]",passed
inception_full__b2_star_fixed10,4,3,0.6666666666666666,0.611111111111111,0.6666666666666666,0.7777777777777777,0.6666666666666666,0.611111111111111,0.0,"[[0, 0], [1, 0], [2, 0]]","[{""abstention_count"": 0, ""f1"": 0.5, ""false_negative"": 0, ""false_positive"": 2, ""label"": 0, ""precision"": 0.3333333333333333, ""recall"": 1.0, ""retained_support"": 1, ""support"": 1, ""true_positive"": 1}, {""abstention_count"": 0, ""f1"": 0.6666666666666666, ""false_negative"": 1, ""false_positive"": 0, ""label"": 1, ""precision"": 1.0, ""recall"": 0.5, ""retained_support"": 2, ""support"": 2, ""true_positive"": 1}, {""abstention_count"": 0, ""f1"": 0.6666666666666666, ""false_negative"": 1, ""false_positive"": 0, ""label"": 2, ""precision"": 1.0, ""recall"": 0.5, ""retained_support"": 2, ""support"": 2, ""true_positive"": 1}]",retained_only,1.0,0.3554940416497745,"[[1, 0, 0], [1, 1, 0], [1, 0, 1]]","[0, 1, 2]","[{""f1"": 0.5, ""label"": 0, ""precision"": 0.3333333333333333, ""recall"": 1.0, ""support"": 1}, {""f1"": 0.6666666666666666, ""label"": 1, ""precision"": 1.0, ""recall"": 0.5, ""support"": 2}, {""f1"": 0.6666666666666666, ""label"": 2, ""precision"": 1.0, ""recall"": 0.5, ""support"": 2}]",passed
inception_full__b2_star_fixed10,4,4,0.5,0.4000000000000001,0.5,0.3333333333333333,0.5,0.4000000000000001,0.0,"[[0, 0], [1, 0], [2, 0]]","[{""abstention_count"": 0, ""f1"": 0.0, ""false_negative"": 2, ""false_positive"": 0, ""label"": 0, ""precision"": 0.0, ""recall"": 0.0, ""retained_support"": 2, ""support"": 2, ""true_positive"": 0}, {""abstention_count"": 0, ""f1"": 0.4, ""false_negative"": 1, ""false_positive"": 2, ""label"": 1, ""precision"": 0.3333333333333333, ""recall"": 0.5, ""retained_support"": 2, ""support"": 2, ""true_positive"": 1}, {""abstention_count"": 0, ""f1"": 0.8, ""false_negative"": 0, ""false_positive"": 1, ""label"": 2, ""precision"": 0.6666666666666666, ""recall"": 1.0, ""retained_support"": 2, ""support"": 2, ""true_positive"": 2}]",retained_only,1.0,0.4683467166649298,"[[0, 2, 0], [0, 1, 1], [0, 0, 2]]","[0, 1, 2]","[{""f1"": 0.0, ""label"": 0, ""precision"": 0.0, ""recall"": 0.0, ""support"": 2}, {""f1"": 0.4, ""label"": 1, ""precision"": 0.3333333333333333, ""recall"": 0.5, ""support"": 2}, {""f1"": 0.8, ""label"": 2, ""precision"": 0.6666666666666666, ""recall"": 1.0, ""support"": 2}]",passed
compact_cnn__b3_star_fixed10,0,0,0.3333333333333333,0.19047619047619047,0.3333333333333333,0.13333333333333333,0.3333333333333333,0.1904761904761905,0.0,"[[0, 0], [1, 0], [2, 0]]","[{""abstention_count"": 0, ""f1"": 0.0, ""false_negative"": 2, ""false_positive"": 1, ""label"": 0, ""precision"": 0.0, ""recall"": 0.0, ""retained_support"": 2, ""support"": 2, ""true_positive"": 0}, {""abstention_count"": 0, ""f1"": 0.5714285714285715, ""false_negative"": 0, ""false_positive"": 3, ""label"": 1, ""precision"": 0.4, ""recall"": 1.0, ""retained_support"": 2, ""support"": 2, ""true_positive"": 2}, {""abstention_count"": 0, ""f1"": 0.0, ""false_negative"": 2, ""false_positive"": 0, ""label"": 2, ""precision"": 0.0, ""recall"": 0.0, ""retained_support"": 2, ""support"": 2, ""true_positive"": 0}]",retained_only,1.0,0.6402763842177264,"[[0, 2, 0], [0, 2, 0], [1, 1, 0]]","[0, 1, 2]","[{""f1"": 0.0, ""label"": 0, ""precision"": 0.0, ""recall"": 0.0, ""support"": 2}, {""f1"": 0.5714285714285714, ""label"": 1, ""precision"": 0.4, ""recall"": 1.0, ""support"": 2}, {""f1"": 0.0, ""label"": 2, ""precision"": 0.0, ""recall"": 0.0, ""support"": 2}]",passed
compact_cnn__b3_star_fixed10,0,1,0.7222222222222222,0.7222222222222222,0.7222222222222222,0.7222222222222222,0.7222222222222222,0.7222222222222222,0.0,"[[0, 0], [1, 0], [2, 0]]","[{""abstention_count"": 0, ""f1"": 0.5, ""false_negative"": 1, ""false_positive"": 1, ""label"": 0, ""precision"": 0.5, ""recall"": 0.5, ""retained_support"": 2, ""support"": 2, ""true_positive"": 1}, {""abstention_count"": 0, ""f1"": 0.6666666666666666, ""false_negative"": 1, ""false_positive"": 1, ""label"": 1, ""precision"": 0.6666666666666666, ""recall"": 0.6666666666666666, ""retained_support"": 3, ""support"": 3, ""true_positive"": 2}, {""abstention_count"": 0, ""f1"": 1.0, ""false_negative"": 0, ""false_positive"": 0, ""label"": 2, ""precision"": 1.0, ""recall"": 1.0, ""retained_support"": 1, ""support"": 1, ""true_positive"": 1}]",retained_only,1.0,0.27189709478113927,"[[1, 1, 0], [1, 2, 0], [0, 0, 1]]","[0, 1, 2]","[{""f1"": 0.5, ""label"": 0, ""precision"": 0.5, ""recall"": 0.5, ""support"": 2}, {""f1"": 0.6666666666666666, ""label"": 1, ""precision"": 0.6666666666666666, ""recall"": 0.6666666666666666, ""support"": 3}, {""f1"": 1.0, ""label"": 2, ""precision"": 1.0, ""recall"": 1.0, ""support"": 1}]",passed
compact_cnn__b3_star_fixed10,0,2,0.16666666666666666,0.09523809523809523,0.16666666666666666,0.06666666666666667,0.16666666666666666,0.09523809523809525,0.0,"[[0, 0], [1, 0], [2, 0]]","[{""abstention_count"": 0, ""f1"": 0.0, ""false_negative"": 2, ""false_positive"": 0, ""label"": 0, ""precision"": 0.0, ""recall"": 0.0, ""retained_support"": 2, ""support"": 2, ""true_positive"": 0}, {""abstention_count"": 0, ""f1"": 0.28571428571428575, ""false_negative"": 1, ""false_positive"": 4, ""label"": 1, ""precision"": 0.2, ""recall"": 0.5, ""retained_support"": 2, ""support"": 2, ""true_positive"": 1}, {""abstention_count"": 0, ""f1"": 0.0, ""false_negative"": 2, ""false_positive"": 1, ""label"": 2, ""precision"": 0.0, ""recall"": 0.0, ""retained_support"": 2, ""support"": 2, ""true_positive"": 0}]",retained_only,1.0,0.5476346397239892,"[[0, 2, 0], [0, 1, 1], [0, 2, 0]]","[0, 1, 2]","[{""f1"": 0.0, ""label"": 0, ""precision"": 0.0, ""recall"": 0.0, ""support"": 2}, {""f1"": 0.2857142857142857, ""label"": 1, ""precision"": 0.2, ""recall"": 0.5, ""support"": 2}, {""f1"": 0.0, ""label"": 2, ""precision"": 0.0, ""recall"": 0.0, ""support"": 2}]",passed
compact_cnn__b3_star_fixed10,0,3,0.6666666666666666,0.6555555555555556,0.6666666666666666,0.7222222222222222,0.6666666666666666,0.6555555555555556,0.0,"[[0, 0], [1, 0], [2, 0]]","[{""abstention_count"": 0, ""f1"": 0.5, ""false_negative"": 1, ""false_positive"": 1, ""label"": 0, ""precision"": 0.5, ""recall"": 0.5, ""retained_support"": 2, ""support"": 2, ""true_positive"": 1}, {""abstention_count"": 0, ""f1"": 0.8, ""false_negative"": 0, ""false_positive"": 1, ""label"": 1, ""precision"": 0.6666666666666666, ""recall"": 1.0, ""retained_support"": 2, ""support"": 2, ""true_positive"": 2}, {""abstention_count"": 0, ""f1"": 0.6666666666666666, ""false_negative"": 1, ""false_positive"": 0, ""label"": 2, ""precision"": 1.0, ""recall"": 0.5, ""retained_support"": 2, ""support"": 2, ""true_positive"": 1}]",retained_only,1.0,0.39256965260964305,"[[1, 1, 0], [0, 2, 0], [1, 0, 1]]","[0, 1, 2]","[{""f1"": 0.5, ""label"": 0, ""precision"": 0.5, ""recall"": 0.5, ""support"": 2}, {""f1"": 0.8, ""label"": 1, ""precision"": 0.6666666666666666, ""recall"": 1.0, ""support"": 2}, {""f1"": 0.6666666666666666, ""label"": 2, ""precision"": 1.0, ""recall"": 0.5, ""support"": 2}]",passed
compact_cnn__b3_star_fixed10,0,4,0.5555555555555555,0.4444444444444444,0.5555555555555555,0.38888888888888884,0.5555555555555555,0.4444444444444444,0.0,"[[0, 0], [1, 0], [2, 0]]","[{""abstention_count"": 0, ""f1"": 0.6666666666666666, ""false_negative"": 0, ""false_positive"": 1, ""label"": 0, ""precision"": 0.5, ""recall"": 1.0, ""retained_support"": 1, ""support"": 1, ""true_positive"": 1}, {""abstention_count"": 0, ""f1"": 0.6666666666666666, ""false_negative"": 1, ""false_positive"": 1, ""label"": 1, ""precision"": 0.6666666666666666, ""recall"": 0.6666666666666666, ""retained_support"": 3, ""support"": 3, ""true_positive"": 2}, {""abstention_count"": 0, ""f1"": 0.0, ""false_negative"": 1, ""false_positive"": 0, ""label"": 2, ""precision"": 0.0, ""recall"": 0.0, ""retained_support"": 1, ""support"": 1, ""true_positive"": 0}]",retained_only,1.0,0.48490094293037556,"[[1, 0, 0], [1, 2, 0], [0, 1, 0]]","[0, 1, 2]","[{""f1"": 0.6666666666666666, ""label"": 0, ""precision"": 0.5, ""recall"": 1.0, ""support"": 1}, {""f1"": 0.6666666666666666, ""label"": 1, ""precision"": 0.6666666666666666, ""recall"": 0.6666666666666666, ""support"": 3}, {""f1"": 0.0, ""label"": 2, ""precision"": 0.0, ""recall"": 0.0, ""support"": 1}]",passed
compact_cnn__b3_star_fixed10,1,0,0.27777777777777773,0.22857142857142856,0.27777777777777773,0.2333333333333333,0.27777777777777773,0.22857142857142856,0.0,"[[0, 0], [1, 0], [2, 0]]","[{""abstention_count"": 0, ""f1"": 0.28571428571428575, ""false_negative"": 1, ""false_positive"": 4, ""label"": 0, ""precision"": 0.2, ""recall"": 0.5, ""retained_support"": 2, ""support"": 2, ""true_positive"": 1}, {""abstention_count"": 0, ""f1"": 0.4, ""false_negative"": 2, ""false_positive"": 1, ""label"": 1, ""precision"": 0.5, ""recall"": 0.3333333333333333, ""retained_support"": 3, ""support"": 3, ""true_positive"": 1}, {""abstention_count"": 0, ""f1"": 0.0, ""false_negative"": 2, ""false_positive"": 0, ""label"": 2, ""precision"": 0.0, ""recall"": 0.0, ""retained_support"": 2, ""support"": 2, ""true_positive"": 0}]",retained_only,1.0,0.5114728977195051,"[[1, 1, 0], [2, 1, 0], [2, 0, 0]]","[0, 1, 2]","[{""f1"": 0.2857142857142857, ""label"": 0, ""precision"": 0.2, ""recall"": 0.5, ""support"": 2}, {""f1"": 0.4, ""label"": 1, ""precision"": 0.5, ""recall"": 0.3333333333333333, ""support"": 3}, {""f1"": 0.0, ""label"": 2, ""precision"": 0.0, ""recall"": 0.0, ""support"": 2}]",passed
compact_cnn__b3_star_fixed10,1,1,0.27777777777777773,0.27777777777777773,0.27777777777777773,0.27777777777777773,0.27777777777777773,0.27777777777777773,0.0,"[[0, 0], [1, 0], [2, 0]]","[{""abstention_count"": 0, ""f1"": 0.0, ""false_negative"": 1, ""false_positive"": 1, ""label"": 0, ""precision"": 0.0, ""recall"": 0.0, ""retained_support"": 1, ""support"": 1, ""true_positive"": 0}, {""abstention_count"": 0, ""f1"": 0.3333333333333333, ""false_negative"": 2, ""false_positive"": 2, ""label"": 1, ""precision"": 0.3333333333333333, ""recall"": 0.3333333333333333, ""retained_support"": 3, ""support"": 3, ""true_positive"": 1}, {""abstention_count"": 0, ""f1"": 0.5, ""false_negative"": 1, ""false_positive"": 1, ""label"": 2, ""precision"": 0.5, ""recall"": 0.5, ""retained_support"": 2, ""support"": 2, ""true_positive"": 1}]",retained_only,1.0,0.4170550119763021,"[[0, 1, 0], [1, 1, 1], [0, 1, 1]]","[0, 1, 2]","[{""f1"": 0.0, ""label"": 0, ""precision"": 0.0, ""recall"": 0.0, ""support"": 1}, {""f1"": 0.3333333333333333, ""label"": 1, ""precision"": 0.3333333333333333, ""recall"": 0.3333333333333333, ""support"": 3}, {""f1"": 0.5, ""label"": 2, ""precision"": 0.5, ""recall"": 0.5, ""support"": 2}]",passed
compact_cnn__b3_star_fixed10,1,2,0.16666666666666666,0.16666666666666666,0.16666666666666666,0.16666666666666666,0.16666666666666666,0.16666666666666666,0.0,"[[0, 0], [1, 0], [2, 0]]","[{""abstention_count"": 0, ""f1"": 0.0, ""false_negative"": 2, ""false_positive"": 1, ""label"": 0, ""precision"": 0.0, ""recall"": 0.0, ""retained_support"": 2, ""support"": 2, ""true_positive"": 0}, {""abstention_count"": 0, ""f1"": 0.0, ""false_negative"": 2, ""false_positive"": 3, ""label"": 1, ""precision"": 0.0, ""recall"": 0.0, ""retained_support"": 2, ""support"": 2, ""true_positive"": 0}, {""abstention_count"": 0, ""f1"": 0.5, ""false_negative"": 1, ""false_positive"": 1, ""label"": 2, ""precision"": 0.5, ""recall"": 0.5, ""retained_support"": 2, ""support"": 2, ""true_positive"": 1}]",retained_only,1.0,0.6162576939710036,"[[0, 2, 0], [1, 0, 1], [0, 1, 1]]","[0, 1, 2]","[{""f1"": 0.0, ""label"": 0, ""precision"": 0.0, ""recall"": 0.0, ""support"": 2}, {""f1"": 0.0, ""label"": 1, ""precision"": 0.0, ""recall"": 0.0, ""support"": 2}, {""f1"": 0.5, ""label"": 2, ""precision"": 0.5, ""recall"": 0.5, ""support"": 2}]",passed
compact_cnn__b3_star_fixed10,1,3,0.16666666666666666,0.1111111111111111,0.16666666666666666,0.08333333333333333,0.16666666666666666,0.1111111111111111,0.0,"[[0, 0], [1, 0], [2, 0]]","[{""abstention_count"": 0, ""f1"": 0.0, ""false_negative"": 2, ""false_positive"": 1, ""label"": 0, ""precision"": 0.0, ""recall"": 0.0, ""retained_support"": 2, ""support"": 2, ""true_positive"": 0}, {""abstention_count"": 0, ""f1"": 0.3333333333333333, ""false_negative"": 1, ""false_positive"": 3, ""label"": 1, ""precision"": 0.25, ""recall"": 0.5, ""retained_support"": 2, ""support"": 2, ""true_positive"": 1}, {""abstention_count"": 0, ""f1"": 0.0, ""false_negative"": 1, ""false_positive"": 0, ""label"": 2, ""precision"": 0.0, ""recall"": 0.0, ""retained_support"": 1, ""support"": 1, ""true_positive"": 0}]",retained_only,1.0,0.5744365380178458,"[[0, 2, 0], [1, 1, 0], [0, 1, 0]]","[0, 1, 2]","[{""f1"": 0.0, ""label"": 0, ""precision"": 0.0, ""recall"": 0.0, ""support"": 2}, {""f1"": 0.3333333333333333, ""label"": 1, ""precision"": 0.25, ""recall"": 0.5, ""support"": 2}, {""f1"": 0.0, ""label"": 2, ""precision"": 0.0, ""recall"": 0.0, ""support"": 1}]",passed
compact_cnn__b3_star_fixed10,1,4,0.6666666666666666,0.48888888888888893,0.6666666666666666,0.38888888888888884,0.6666666666666666,0.48888888888888893,0.0,"[[0, 0], [1, 0], [2, 0]]","[{""abstention_count"": 0, ""f1"": 0.8, ""false_negative"": 0, ""false_positive"": 1, ""label"": 0, ""precision"": 0.6666666666666666, ""recall"": 1.0, ""retained_support"": 2, ""support"": 2, ""true_positive"": 2}, {""abstention_count"": 0, ""f1"": 0.0, ""false_negative"": 2, ""false_positive"": 0, ""label"": 1, ""precision"": 0.0, ""recall"": 0.0, ""retained_support"": 2, ""support"": 2, ""true_positive"": 0}, {""abstention_count"": 0, ""f1"": 0.6666666666666666, ""false_negative"": 0, ""false_positive"": 1, ""label"": 2, ""precision"": 0.5, ""recall"": 1.0, ""retained_support"": 1, ""support"": 1, ""true_positive"": 1}]",retained_only,1.0,0.3065975419315763,"[[2, 0, 0], [1, 0, 1], [0, 0, 1]]","[0, 1, 2]","[{""f1"": 0.8, ""label"": 0, ""precision"": 0.6666666666666666, ""recall"": 1.0, ""support"": 2}, {""f1"": 0.0, ""label"": 1, ""precision"": 0.0, ""recall"": 0.0, ""support"": 2}, {""f1"": 0.6666666666666666, ""label"": 2, ""precision"": 0.5, ""recall"": 1.0, ""support"": 1}]",passed
compact_cnn__b3_star_fixed10,2,0,0.6666666666666666,0.5833333333333334,0.6666666666666666,0.5333333333333333,0.6666666666666666,0.5833333333333334,0.0,"[[0, 0], [1, 0], [2, 0]]","[{""abstention_count"": 0, ""f1"": 0.0, ""false_negative"": 2, ""false_positive"": 0, ""label"": 0, ""precision"": 0.0, ""recall"": 0.0, ""retained_support"": 2, ""support"": 2, ""true_positive"": 0}, {""abstention_count"": 0, ""f1"": 0.7499999999999999, ""false_negative"": 0, ""false_positive"": 2, ""label"": 1, ""precision"": 0.6, ""recall"": 1.0, ""retained_support"": 3, ""support"": 3, ""true_positive"": 3}, {""abstention_count"": 0, ""f1"": 1.0, ""false_negative"": 0, ""false_positive"": 0, ""label"": 2, ""precision"": 1.0, ""recall"": 1.0, ""retained_support"": 1, ""support"": 1, ""true_positive"": 1}]",retained_only,1.0,0.44784193925102794,"[[0, 2, 0], [0, 3, 0], [0, 0, 1]]","[0, 1, 2]","[{""f1"": 0.0, ""label"": 0, ""precision"": 0.0, ""recall"": 0.0, ""support"": 2}, {""f1"": 0.75, ""label"": 1, ""precision"": 0.6, ""recall"": 1.0, ""support"": 3}, {""f1"": 1.0, ""label"": 2, ""precision"": 1.0, ""recall"": 1.0, ""support"": 1}]",passed
compact_cnn__b3_star_fixed10,2,1,0.8333333333333334,0.8222222222222223,0.8333333333333334,0.8888888888888888,0.8333333333333334,0.8222222222222223,0.0,"[[0, 0], [1, 0], [2, 0]]","[{""abstention_count"": 0, ""f1"": 1.0, ""false_negative"": 0, ""false_positive"": 0, ""label"": 0, ""precision"": 1.0, ""recall"": 1.0, ""retained_support"": 2, ""support"": 2, ""true_positive"": 2}, {""abstention_count"": 0, ""f1"": 0.8, ""false_negative"": 0, ""false_positive"": 1, ""label"": 1, ""precision"": 0.6666666666666666, ""recall"": 1.0, ""retained_support"": 2, ""support"": 2, ""true_positive"": 2}, {""abstention_count"": 0, ""f1"": 0.6666666666666666, ""false_negative"": 1, ""false_positive"": 0, ""label"": 2, ""precision"": 1.0, ""recall"": 0.5, ""retained_support"": 2, ""support"": 2, ""true_positive"": 1}]",retained_only,1.0,0.18540442359071133,"[[2, 0, 0], [0, 2, 0], [0, 1, 1]]","[0, 1, 2]","[{""f1"": 1.0, ""label"": 0, ""precision"": 1.0, ""recall"": 1.0, ""support"": 2}, {""f1"": 0.8, ""label"": 1, ""precision"": 0.6666666666666666, ""recall"": 1.0, ""support"": 2}, {""f1"": 0.6666666666666666, ""label"": 2, ""precision"": 1.0, ""recall"": 0.5, ""support"": 2}]",passed
compact_cnn__b3_star_fixed10,2,2,0.3333333333333333,0.13333333333333333,0.3333333333333333,0.08333333333333333,0.3333333333333333,0.13333333333333333,0.0,"[[0, 0], [1, 0], [2, 0]]","[{""abstention_count"": 0, ""f1"": 0.4, ""false_negative"": 0, ""false_positive"": 3, ""label"": 0, ""precision"": 0.25, ""recall"": 1.0, ""retained_support"": 1, ""support"": 1, ""true_positive"": 1}, {""abstention_count"": 0, ""f1"": 0.0, ""false_negative"": 3, ""false_positive"": 1, ""label"": 1, ""precision"": 0.0, ""recall"": 0.0, ""retained_support"": 3, ""support"": 3, ""true_positive"": 0}, {""abstention_count"": 0, ""f1"": 0.0, ""false_negative"": 2, ""false_positive"": 1, ""label"": 2, ""precision"": 0.0, ""recall"": 0.0, ""retained_support"": 2, ""support"": 2, ""true_positive"": 0}]",retained_only,1.0,0.5054218729903901,"[[1, 0, 0], [2, 0, 1], [1, 1, 0]]","[0, 1, 2]","[{""f1"": 0.4, ""label"": 0, ""precision"": 0.25, ""recall"": 1.0, ""support"": 1}, {""f1"": 0.0, ""label"": 1, ""precision"": 0.0, ""recall"": 0.0, ""support"": 3}, {""f1"": 0.0, ""label"": 2, ""precision"": 0.0, ""recall"": 0.0, ""support"": 2}]",passed
compact_cnn__b3_star_fixed10,2,3,0.6666666666666666,0.5333333333333333,0.6666666666666666,0.4444444444444444,0.6666666666666666,0.5333333333333333,0.0,"[[0, 0], [1, 0], [2, 0]]","[{""abstention_count"": 0, ""f1"": 0.8, ""false_negative"": 0, ""false_positive"": 1, ""label"": 0, ""precision"": 0.6666666666666666, ""recall"": 1.0, ""retained_support"": 2, ""support"": 2, ""true_positive"": 2}, {""abstention_count"": 0, ""f1"": 0.8, ""false_negative"": 0, ""false_positive"": 1, ""label"": 1, ""precision"": 0.6666666666666666, ""recall"": 1.0, ""retained_support"": 2, ""support"": 2, ""true_positive"": 2}, {""abstention_count"": 0, ""f1"": 0.0, ""false_negative"": 2, ""false_positive"": 0, ""label"": 2, ""precision"": 0.0, ""recall"": 0.0, ""retained_support"": 2, ""support"": 2, ""true_positive"": 0}]",retained_only,1.0,0.30331569568303335,"[[2, 0, 0], [0, 2, 0], [1, 1, 0]]","[0, 1, 2]","[{""f1"": 0.8, ""label"": 0, ""precision"": 0.6666666666666666, ""recall"": 1.0, ""support"": 2}, {""f1"": 0.8, ""label"": 1, ""precision"": 0.6666666666666666, ""recall"": 1.0, ""support"": 2}, {""f1"": 0.0, ""label"": 2, ""precision"": 0.0, ""recall"": 0.0, ""support"": 2}]",passed
compact_cnn__b3_star_fixed10,2,4,0.3333333333333333,0.2222222222222222,0.3333333333333333,0.16666666666666666,0.3333333333333333,0.2222222222222222,0.0,"[[0, 0], [1, 0], [2, 0]]","[{""abstention_count"": 0, ""f1"": 0.6666666666666666, ""false_negative"": 0, ""false_positive"": 2, ""label"": 0, ""precision"": 0.5, ""recall"": 1.0, ""retained_support"": 2, ""support"": 2, ""true_positive"": 2}, {""abstention_count"": 0, ""f1"": 0.0, ""false_negative"": 2, ""false_positive"": 1, ""label"": 1, ""precision"": 0.0, ""recall"": 0.0, ""retained_support"": 2, ""support"": 2, ""true_positive"": 0}, {""abstention_count"": 0, ""f1"": 0.0, ""false_negative"": 1, ""false_positive"": 0, ""label"": 2, ""precision"": 0.0, ""recall"": 0.0, ""retained_support"": 1, ""support"": 1, ""true_positive"": 0}]",retained_only,1.0,0.6349796853918398,"[[2, 0, 0], [2, 0, 0], [0, 1, 0]]","[0, 1, 2]","[{""f1"": 0.6666666666666666, ""label"": 0, ""precision"": 0.5, ""recall"": 1.0, ""support"": 2}, {""f1"": 0.0, ""label"": 1, ""precision"": 0.0, ""recall"": 0.0, ""support"": 2}, {""f1"": 0.0, ""label"": 2, ""precision"": 0.0, ""recall"": 0.0, ""support"": 1}]",passed
compact_cnn__b3_star_fixed10,3,0,0.5555555555555555,0.5238095238095238,0.5555555555555555,0.5,0.5555555555555555,0.5238095238095238,0.0,"[[0, 0], [1, 0], [2, 0]]","[{""abstention_count"": 0, ""f1"": 0.0, ""false_negative"": 2, ""false_positive"": 1, ""label"": 0, ""precision"": 0.0, ""recall"": 0.0, ""retained_support"": 2, ""support"": 2, ""true_positive"": 0}, {""abstention_count"": 0, ""f1"": 0.5714285714285715, ""false_negative"": 1, ""false_positive"": 2, ""label"": 1, ""precision"": 0.5, ""recall"": 0.6666666666666666, ""retained_support"": 3, ""support"": 3, ""true_positive"": 2}, {""abstention_count"": 0, ""f1"": 1.0, ""false_negative"": 0, ""false_positive"": 0, ""label"": 2, ""precision"": 1.0, ""recall"": 1.0, ""retained_support"": 1, ""support"": 1, ""true_positive"": 1}]",retained_only,1.0,0.295522392669629,"[[0, 2, 0], [1, 2, 0], [0, 0, 1]]","[0, 1, 2]","[{""f1"": 0.0, ""label"": 0, ""precision"": 0.0, ""recall"": 0.0, ""support"": 2}, {""f1"": 0.5714285714285714, ""label"": 1, ""precision"": 0.5, ""recall"": 0.6666666666666666, ""support"": 3}, {""f1"": 1.0, ""label"": 2, ""precision"": 1.0, ""recall"": 1.0, ""support"": 1}]",passed
compact_cnn__b3_star_fixed10,3,1,0.5,0.41269841269841273,0.5,0.4666666666666666,0.5,0.41269841269841273,0.0,"[[0, 0], [1, 0], [2, 0]]","[{""abstention_count"": 0, ""f1"": 0.0, ""false_negative"": 2, ""false_positive"": 0, ""label"": 0, ""precision"": 0.0, ""recall"": 0.0, ""retained_support"": 2, ""support"": 2, ""true_positive"": 0}, {""abstention_count"": 0, ""f1"": 0.5714285714285715, ""false_negative"": 0, ""false_positive"": 3, ""label"": 1, ""precision"": 0.4, ""recall"": 1.0, ""retained_support"": 2, ""support"": 2, ""true_positive"": 2}, {""abstention_count"": 0, ""f1"": 0.6666666666666666, ""false_negative"": 1, ""false_positive"": 0, ""label"": 2, ""precision"": 1.0, ""recall"": 0.5, ""retained_support"": 2, ""support"": 2, ""true_positive"": 1}]",retained_only,1.0,0.54698016265212,"[[0, 2, 0], [0, 2, 0], [0, 1, 1]]","[0, 1, 2]","[{""f1"": 0.0, ""label"": 0, ""precision"": 0.0, ""recall"": 0.0, ""support"": 2}, {""f1"": 0.5714285714285714, ""label"": 1, ""precision"": 0.4, ""recall"": 1.0, ""support"": 2}, {""f1"": 0.6666666666666666, ""label"": 2, ""precision"": 1.0, ""recall"": 0.5, ""support"": 2}]",passed
compact_cnn__b3_star_fixed10,3,2,0.6666666666666666,0.5333333333333333,0.6666666666666666,0.4444444444444444,0.6666666666666666,0.5333333333333333,0.0,"[[0, 0], [1, 0], [2, 0]]","[{""abstention_count"": 0, ""f1"": 0.8, ""false_negative"": 0, ""false_positive"": 1, ""label"": 0, ""precision"": 0.6666666666666666, ""recall"": 1.0, ""retained_support"": 2, ""support"": 2, ""true_positive"": 2}, {""abstention_count"": 0, ""f1"": 0.0, ""false_negative"": 2, ""false_positive"": 0, ""label"": 1, ""precision"": 0.0, ""recall"": 0.0, ""retained_support"": 2, ""support"": 2, ""true_positive"": 0}, {""abstention_count"": 0, ""f1"": 0.8, ""false_negative"": 0, ""false_positive"": 1, ""label"": 2, ""precision"": 0.6666666666666666, ""recall"": 1.0, ""retained_support"": 2, ""support"": 2, ""true_positive"": 2}]",retained_only,1.0,0.2308288657964991,"[[2, 0, 0], [1, 0, 1], [0, 0, 2]]","[0, 1, 2]","[{""f1"": 0.8, ""label"": 0, ""precision"": 0.6666666666666666, ""recall"": 1.0, ""support"": 2}, {""f1"": 0.0, ""label"": 1, ""precision"": 0.0, ""recall"": 0.0, ""support"": 2}, {""f1"": 0.8, ""label"": 2, ""precision"": 0.6666666666666666, ""recall"": 1.0, ""support"": 2}]",passed
compact_cnn__b3_star_fixed10,3,3,0.5,0.5222222222222223,0.5,0.611111111111111,0.5,0.5222222222222223,0.0,"[[0, 0], [1, 0], [2, 0]]","[{""abstention_count"": 0, ""f1"": 0.5, ""false_negative"": 1, ""false_positive"": 1, ""label"": 0, ""precision"": 0.5, ""recall"": 0.5, ""retained_support"": 2, ""support"": 2, ""true_positive"": 1}, {""abstention_count"": 0, ""f1"": 0.4, ""false_negative"": 1, ""false_positive"": 2, ""label"": 1, ""precision"": 0.3333333333333333, ""recall"": 0.5, ""retained_support"": 2, ""support"": 2, ""true_positive"": 1}, {""abstention_count"": 0, ""f1"": 0.6666666666666666, ""false_negative"": 1, ""false_positive"": 0, ""label"": 2, ""precision"": 1.0, ""recall"": 0.5, ""retained_support"": 2, ""support"": 2, ""true_positive"": 1}]",retained_only,1.0,0.39054870672619046,"[[1, 1, 0], [1, 1, 0], [0, 1, 1]]","[0, 1, 2]","[{""f1"": 0.5, ""label"": 0, ""precision"": 0.5, ""recall"": 0.5, ""support"": 2}, {""f1"": 0.4, ""label"": 1, ""precision"": 0.3333333333333333, ""recall"": 0.5, ""support"": 2}, {""f1"": 0.6666666666666666, ""label"": 2, ""precision"": 1.0, ""recall"": 0.5, ""support"": 2}]",passed
compact_cnn__b3_star_fixed10,3,4,0.3333333333333333,0.25,0.3333333333333333,0.19999999999999998,0.3333333333333333,0.24999999999999997,0.0,"[[0, 0], [1, 0], [2, 0]]","[{""abstention_count"": 0, ""f1"": 0.0, ""false_negative"": 1, ""false_positive"": 0, ""label"": 0, ""precision"": 0.0, ""recall"": 0.0, ""retained_support"": 1, ""support"": 1, ""true_positive"": 0}, {""abstention_count"": 0, ""f1"": 0.7499999999999999, ""false_negative"": 0, ""false_positive"": 2, ""label"": 1, ""precision"": 0.6, ""recall"": 1.0, ""retained_support"": 3, ""support"": 3, ""true_positive"": 3}, {""abstention_count"": 0, ""f1"": 0.0, ""false_negative"": 1, ""false_positive"": 0, ""label"": 2, ""precision"": 0.0, ""recall"": 0.0, ""retained_support"": 1, ""support"": 1, ""true_positive"": 0}]",retained_only,1.0,0.38422858820262146,"[[0, 1, 0], [0, 3, 0], [0, 1, 0]]","[0, 1, 2]","[{""f1"": 0.0, ""label"": 0, ""precision"": 0.0, ""recall"": 0.0, ""support"": 1}, {""f1"": 0.75, ""label"": 1, ""precision"": 0.6, ""recall"": 1.0, ""support"": 3}, {""f1"": 0.0, ""label"": 2, ""precision"": 0.0, ""recall"": 0.0, ""support"": 1}]",passed
compact_cnn__b3_star_fixed10,4,0,0.6666666666666666,0.5555555555555555,0.6666666666666666,0.5,0.6666666666666666,0.5555555555555555,0.0,"[[0, 0], [1, 0], [2, 0]]","[{""abstention_count"": 0, ""f1"": 0.6666666666666666, ""false_negative"": 0, ""false_positive"": 2, ""label"": 0, ""precision"": 0.5, ""recall"": 1.0, ""retained_support"": 2, ""support"": 2, ""true_positive"": 2}, {""abstention_count"": 0, ""f1"": 0.0, ""false_negative"": 2, ""false_positive"": 0, ""label"": 1, ""precision"": 0.0, ""recall"": 0.0, ""retained_support"": 2, ""support"": 2, ""true_positive"": 0}, {""abstention_count"": 0, ""f1"": 1.0, ""false_negative"": 0, ""false_positive"": 0, ""label"": 2, ""precision"": 1.0, ""recall"": 1.0, ""retained_support"": 2, ""support"": 2, ""true_positive"": 2}]",retained_only,1.0,0.3001014359409243,"[[2, 0, 0], [2, 0, 0], [0, 0, 2]]","[0, 1, 2]","[{""f1"": 0.6666666666666666, ""label"": 0, ""precision"": 0.5, ""recall"": 1.0, ""support"": 2}, {""f1"": 0.0, ""label"": 1, ""precision"": 0.0, ""recall"": 0.0, ""support"": 2}, {""f1"": 1.0, ""label"": 2, ""precision"": 1.0, ""recall"": 1.0, ""support"": 2}]",passed
compact_cnn__b3_star_fixed10,4,1,0.3333333333333333,0.16666666666666666,0.3333333333333333,0.1111111111111111,0.3333333333333333,0.16666666666666666,0.0,"[[0, 0], [1, 0], [2, 0]]","[{""abstention_count"": 0, ""f1"": 0.5, ""false_negative"": 0, ""false_positive"": 4, ""label"": 0, ""precision"": 0.3333333333333333, ""recall"": 1.0, ""retained_support"": 2, ""support"": 2, ""true_positive"": 2}, {""abstention_count"": 0, ""f1"": 0.0, ""false_negative"": 3, ""false_positive"": 0, ""label"": 1, ""precision"": 0.0, ""recall"": 0.0, ""retained_support"": 3, ""support"": 3, ""true_positive"": 0}, {""abstention_count"": 0, ""f1"": 0.0, ""false_negative"": 1, ""false_positive"": 0, ""label"": 2, ""precision"": 0.0, ""recall"": 0.0, ""retained_support"": 1, ""support"": 1, ""true_positive"": 0}]",retained_only,1.0,0.5802661556467766,"[[2, 0, 0], [3, 0, 0], [1, 0, 0]]","[0, 1, 2]","[{""f1"": 0.5, ""label"": 0, ""precision"": 0.3333333333333333, ""recall"": 1.0, ""support"": 2}, {""f1"": 0.0, ""label"": 1, ""precision"": 0.0, ""recall"": 0.0, ""support"": 3}, {""f1"": 0.0, ""label"": 2, ""precision"": 0.0, ""recall"": 0.0, ""support"": 1}]",passed
compact_cnn__b3_star_fixed10,4,2,0.7222222222222222,0.7222222222222222,0.7222222222222222,0.7222222222222222,0.7222222222222222,0.7222222222222222,0.0,"[[0, 0], [1, 0], [2, 0]]","[{""abstention_count"": 0, ""f1"": 0.5, ""false_negative"": 1, ""false_positive"": 1, ""label"": 0, ""precision"": 0.5, ""recall"": 0.5, ""retained_support"": 2, ""support"": 2, ""true_positive"": 1}, {""abstention_count"": 0, ""f1"": 0.6666666666666666, ""false_negative"": 1, ""false_positive"": 1, ""label"": 1, ""precision"": 0.6666666666666666, ""recall"": 0.6666666666666666, ""retained_support"": 3, ""support"": 3, ""true_positive"": 2}, {""abstention_count"": 0, ""f1"": 1.0, ""false_negative"": 0, ""false_positive"": 0, ""label"": 2, ""precision"": 1.0, ""recall"": 1.0, ""retained_support"": 1, ""support"": 1, ""true_positive"": 1}]",retained_only,1.0,0.3626421034624905,"[[1, 1, 0], [1, 2, 0], [0, 0, 1]]","[0, 1, 2]","[{""f1"": 0.5, ""label"": 0, ""precision"": 0.5, ""recall"": 0.5, ""support"": 2}, {""f1"": 0.6666666666666666, ""label"": 1, ""precision"": 0.6666666666666666, ""recall"": 0.6666666666666666, ""support"": 3}, {""f1"": 1.0, ""label"": 2, ""precision"": 1.0, ""recall"": 1.0, ""support"": 1}]",passed
compact_cnn__b3_star_fixed10,4,3,0.3333333333333333,0.19047619047619047,0.3333333333333333,0.13333333333333333,0.3333333333333333,0.1904761904761905,0.0,"[[0, 0], [1, 0], [2, 0]]","[{""abstention_count"": 0, ""f1"": 0.0, ""false_negative"": 1, ""false_positive"": 0, ""label"": 0, ""precision"": 0.0, ""recall"": 0.0, ""retained_support"": 1, ""support"": 1, ""true_positive"": 0}, {""abstention_count"": 0, ""f1"": 0.5714285714285715, ""false_negative"": 0, ""false_positive"": 3, ""label"": 1, ""precision"": 0.4, ""recall"": 1.0, ""retained_support"": 2, ""support"": 2, ""true_positive"": 2}, {""abstention_count"": 0, ""f1"": 0.0, ""false_negative"": 2, ""false_positive"": 0, ""label"": 2, ""precision"": 0.0, ""recall"": 0.0, ""retained_support"": 2, ""support"": 2, ""true_positive"": 0}]",retained_only,1.0,0.5946301735901472,"[[0, 1, 0], [0, 2, 0], [0, 2, 0]]","[0, 1, 2]","[{""f1"": 0.0, ""label"": 0, ""precision"": 0.0, ""recall"": 0.0, ""support"": 1}, {""f1"": 0.5714285714285714, ""label"": 1, ""precision"": 0.4, ""recall"": 1.0, ""support"": 2}, {""f1"": 0.0, ""label"": 2, ""precision"": 0.0, ""recall"": 0.0, ""support"": 2}]",passed
compact_cnn__b3_star_fixed10,4,4,0.5,0.41269841269841273,0.5,0.4666666666666666,0.5,0.41269841269841273,0.0,"[[0, 0], [1, 0], [2, 0]]","[{""abstention_count"": 0, ""f1"": 0.0, ""false_negative"": 2, ""false_positive"": 0, ""label"": 0, ""precision"": 0.0, ""recall"": 0.0, ""retained_support"": 2, ""support"": 2, ""true_positive"": 0}, {""abstention_count"": 0, ""f1"": 0.5714285714285715, ""false_negative"": 0, ""false_positive"": 3, ""label"": 1, ""precision"": 0.4, ""recall"": 1.0, ""retained_support"": 2, ""support"": 2, ""true_positive"": 2}, {""abstention_count"": 0, ""f1"": 0.6666666666666666, ""false_negative"": 1, ""false_positive"": 0, ""label"": 2, ""precision"": 1.0, ""recall"": 0.5, ""retained_support"": 2, ""support"": 2, ""true_positive"": 1}]",retained_only,1.0,0.5798181114992544,"[[0, 2, 0], [0, 2, 0], [0, 1, 1]]","[0, 1, 2]","[{""f1"": 0.0, ""label"": 0, ""precision"": 0.0, ""recall"": 0.0, ""support"": 2}, {""f1"": 0.5714285714285714, ""label"": 1, ""precision"": 0.4, ""recall"": 1.0, ""support"": 2}, {""f1"": 0.6666666666666666, ""label"": 2, ""precision"": 1.0, ""recall"": 0.5, ""support"": 2}]",passed
inception_full__b3_star_fixed10,0,0,0.5,0.38888888888888884,0.5,0.3333333333333333,0.5,0.38888888888888884,0.0,"[[0, 0], [1, 0], [2, 0]]","[{""abstention_count"": 0, ""f1"": 0.5, ""false_negative"": 1, ""false_positive"": 1, ""label"": 0, ""precision"": 0.5, ""recall"": 0.5, ""retained_support"": 2, ""support"": 2, ""true_positive"": 1}, {""abstention_count"": 0, ""f1"": 0.6666666666666666, ""false_negative"": 0, ""false_positive"": 2, ""label"": 1, ""precision"": 0.5, ""recall"": 1.0, ""retained_support"": 2, ""support"": 2, ""true_positive"": 2}, {""abstention_count"": 0, ""f1"": 0.0, ""false_negative"": 2, ""false_positive"": 0, ""label"": 2, ""precision"": 0.0, ""recall"": 0.0, ""retained_support"": 2, ""support"": 2, ""true_positive"": 0}]",retained_only,1.0,0.39709617598268415,"[[1, 1, 0], [0, 2, 0], [1, 1, 0]]","[0, 1, 2]","[{""f1"": 0.5, ""label"": 0, ""precision"": 0.5, ""recall"": 0.5, ""support"": 2}, {""f1"": 0.6666666666666666, ""label"": 1, ""precision"": 0.5, ""recall"": 1.0, ""support"": 2}, {""f1"": 0.0, ""label"": 2, ""precision"": 0.0, ""recall"": 0.0, ""support"": 2}]",passed
inception_full__b3_star_fixed10,0,1,0.5,0.3,0.5,0.2222222222222222,0.5,0.3,0.0,"[[0, 0], [1, 0], [2, 0]]","[{""abstention_count"": 0, ""f1"": 0.4, ""false_negative"": 1, ""false_positive"": 2, ""label"": 0, ""precision"": 0.3333333333333333, ""recall"": 0.5, ""retained_support"": 2, ""support"": 2, ""true_positive"": 1}, {""abstention_count"": 0, ""f1"": 0.0, ""false_negative"": 3, ""false_positive"": 0, ""label"": 1, ""precision"": 0.0, ""recall"": 0.0, ""retained_support"": 3, ""support"": 3, ""true_positive"": 0}, {""abstention_count"": 0, ""f1"": 0.5, ""false_negative"": 0, ""false_positive"": 2, ""label"": 2, ""precision"": 0.3333333333333333, ""recall"": 1.0, ""retained_support"": 1, ""support"": 1, ""true_positive"": 1}]",retained_only,1.0,0.3873448556769057,"[[1, 0, 1], [2, 0, 1], [0, 0, 1]]","[0, 1, 2]","[{""f1"": 0.4, ""label"": 0, ""precision"": 0.3333333333333333, ""recall"": 0.5, ""support"": 2}, {""f1"": 0.0, ""label"": 1, ""precision"": 0.0, ""recall"": 0.0, ""support"": 3}, {""f1"": 0.5, ""label"": 2, ""precision"": 0.3333333333333333, ""recall"": 1.0, ""support"": 1}]",passed
inception_full__b3_star_fixed10,0,2,0.3333333333333333,0.27777777777777773,0.3333333333333333,0.25,0.3333333333333333,0.27777777777777773,0.0,"[[0, 0], [1, 0], [2, 0]]","[{""abstention_count"": 0, ""f1"": 0.0, ""false_negative"": 2, ""false_positive"": 0, ""label"": 0, ""precision"": 0.0, ""recall"": 0.0, ""retained_support"": 2, ""support"": 2, ""true_positive"": 0}, {""abstention_count"": 0, ""f1"": 0.3333333333333333, ""false_negative"": 1, ""false_positive"": 3, ""label"": 1, ""precision"": 0.25, ""recall"": 0.5, ""retained_support"": 2, ""support"": 2, ""true_positive"": 1}, {""abstention_count"": 0, ""f1"": 0.5, ""false_negative"": 1, ""false_positive"": 1, ""label"": 2, ""precision"": 0.5, ""recall"": 0.5, ""retained_support"": 2, ""support"": 2, ""true_positive"": 1}]",retained_only,1.0,0.5099091809719271,"[[0, 2, 0], [0, 1, 1], [0, 1, 1]]","[0, 1, 2]","[{""f1"": 0.0, ""label"": 0, ""precision"": 0.0, ""recall"": 0.0, ""support"": 2}, {""f1"": 0.3333333333333333, ""label"": 1, ""precision"": 0.25, ""recall"": 0.5, ""support"": 2}, {""f1"": 0.5, ""label"": 2, ""precision"": 0.5, ""recall"": 0.5, ""support"": 2}]",passed
inception_full__b3_star_fixed10,0,3,0.6666666666666666,0.5333333333333333,0.6666666666666666,0.4444444444444444,0.6666666666666666,0.5333333333333333,0.0,"[[0, 0], [1, 0], [2, 0]]","[{""abstention_count"": 0, ""f1"": 0.8, ""false_negative"": 0, ""false_positive"": 1, ""label"": 0, ""precision"": 0.6666666666666666, ""recall"": 1.0, ""retained_support"": 2, ""support"": 2, ""true_positive"": 2}, {""abstention_count"": 0, ""f1"": 0.0, ""false_negative"": 2, ""false_positive"": 0, ""label"": 1, ""precision"": 0.0, ""recall"": 0.0, ""retained_support"": 2, ""support"": 2, ""true_positive"": 0}, {""abstention_count"": 0, ""f1"": 0.8, ""false_negative"": 0, ""false_positive"": 1, ""label"": 2, ""precision"": 0.6666666666666666, ""recall"": 1.0, ""retained_support"": 2, ""support"": 2, ""true_positive"": 2}]",retained_only,1.0,0.19665823282120887,"[[2, 0, 0], [1, 0, 1], [0, 0, 2]]","[0, 1, 2]","[{""f1"": 0.8, ""label"": 0, ""precision"": 0.6666666666666666, ""recall"": 1.0, ""support"": 2}, {""f1"": 0.0, ""label"": 1, ""precision"": 0.0, ""recall"": 0.0, ""support"": 2}, {""f1"": 0.8, ""label"": 2, ""precision"": 0.6666666666666666, ""recall"": 1.0, ""support"": 2}]",passed
inception_full__b3_star_fixed10,0,4,0.3333333333333333,0.13333333333333333,0.3333333333333333,0.08333333333333333,0.3333333333333333,0.13333333333333333,0.0,"[[0, 0], [1, 0], [2, 0]]","[{""abstention_count"": 0, ""f1"": 0.4, ""false_negative"": 0, ""false_positive"": 3, ""label"": 0, ""precision"": 0.25, ""recall"": 1.0, ""retained_support"": 1, ""support"": 1, ""true_positive"": 1}, {""abstention_count"": 0, ""f1"": 0.0, ""false_negative"": 3, ""false_positive"": 1, ""label"": 1, ""precision"": 0.0, ""recall"": 0.0, ""retained_support"": 3, ""support"": 3, ""true_positive"": 0}, {""abstention_count"": 0, ""f1"": 0.0, ""false_negative"": 1, ""false_positive"": 0, ""label"": 2, ""precision"": 0.0, ""recall"": 0.0, ""retained_support"": 1, ""support"": 1, ""true_positive"": 0}]",retained_only,1.0,0.563684042953618,"[[1, 0, 0], [3, 0, 0], [0, 1, 0]]","[0, 1, 2]","[{""f1"": 0.4, ""label"": 0, ""precision"": 0.25, ""recall"": 1.0, ""support"": 1}, {""f1"": 0.0, ""label"": 1, ""precision"": 0.0, ""recall"": 0.0, ""support"": 3}, {""f1"": 0.0, ""label"": 2, ""precision"": 0.0, ""recall"": 0.0, ""support"": 1}]",passed
inception_full__b3_star_fixed10,1,0,0.5,0.47222222222222215,0.5,0.5333333333333333,0.5,0.47222222222222215,0.0,"[[0, 0], [1, 0], [2, 0]]","[{""abstention_count"": 0, ""f1"": 0.0, ""false_negative"": 2, ""false_positive"": 1, ""label"": 0, ""precision"": 0.0, ""recall"": 0.0, ""retained_support"": 2, ""support"": 2, ""true_positive"": 0}, {""abstention_count"": 0, ""f1"": 0.7499999999999999, ""false_negative"": 0, ""false_positive"": 2, ""label"": 1, ""precision"": 0.6, ""recall"": 1.0, ""retained_support"": 3, ""support"": 3, ""true_positive"": 3}, {""abstention_count"": 0, ""f1"": 0.6666666666666666, ""false_negative"": 1, ""false_positive"": 0, ""label"": 2, ""precision"": 1.0, ""recall"": 0.5, ""retained_support"": 2, ""support"": 2, ""true_positive"": 1}]",retained_only,1.0,0.2232055622468377,"[[0, 2, 0], [0, 3, 0], [1, 0, 1]]","[0, 1, 2]","[{""f1"": 0.0, ""label"": 0, ""precision"": 0.0, ""recall"": 0.0, ""support"": 2}, {""f1"": 0.75, ""label"": 1, ""precision"": 0.6, ""recall"": 1.0, ""support"": 3}, {""f1"": 0.6666666666666666, ""label"": 2, ""precision"": 1.0, ""recall"": 0.5, ""support"": 2}]",passed
inception_full__b3_star_fixed10,1,1,0.38888888888888884,0.35714285714285715,0.38888888888888884,0.3333333333333333,0.38888888888888884,0.3571428571428572,0.0,"[[0, 0], [1, 0], [2, 0]]","[{""abstention_count"": 0, ""f1"": 0.0, ""false_negative"": 1, ""false_positive"": 0, ""label"": 0, ""precision"": 0.0, ""recall"": 0.0, ""retained_support"": 1, ""support"": 1, ""true_positive"": 0}, {""abstention_count"": 0, ""f1"": 0.5714285714285715, ""false_negative"": 1, ""false_positive"": 2, ""label"": 1, ""precision"": 0.5, ""recall"": 0.6666666666666666, ""retained_support"": 3, ""support"": 3, ""true_positive"": 2}, {""abstention_count"": 0, ""f1"": 0.5, ""false_negative"": 1, ""false_positive"": 1, ""label"": 2, ""precision"": 0.5, ""recall"": 0.5, ""retained_support"": 2, ""support"": 2, ""true_positive"": 1}]",retained_only,1.0,0.3494679224617653,"[[0, 1, 0], [0, 2, 1], [0, 1, 1]]","[0, 1, 2]","[{""f1"": 0.0, ""label"": 0, ""precision"": 0.0, ""recall"": 0.0, ""support"": 1}, {""f1"": 0.5714285714285714, ""label"": 1, ""precision"": 0.5, ""recall"": 0.6666666666666666, ""support"": 3}, {""f1"": 0.5, ""label"": 2, ""precision"": 0.5, ""recall"": 0.5, ""support"": 2}]",passed
inception_full__b3_star_fixed10,1,2,0.6666666666666666,0.6555555555555556,0.6666666666666666,0.7222222222222222,0.6666666666666666,0.6555555555555556,0.0,"[[0, 0], [1, 0], [2, 0]]","[{""abstention_count"": 0, ""f1"": 0.8, ""false_negative"": 0, ""false_positive"": 1, ""label"": 0, ""precision"": 0.6666666666666666, ""recall"": 1.0, ""retained_support"": 2, ""support"": 2, ""true_positive"": 2}, {""abstention_count"": 0, ""f1"": 0.5, ""false_negative"": 1, ""false_positive"": 1, ""label"": 1, ""precision"": 0.5, ""recall"": 0.5, ""retained_support"": 2, ""support"": 2, ""true_positive"": 1}, {""abstention_count"": 0, ""f1"": 0.6666666666666666, ""false_negative"": 1, ""false_positive"": 0, ""label"": 2, ""precision"": 1.0, ""recall"": 0.5, ""retained_support"": 2, ""support"": 2, ""true_positive"": 1}]",retained_only,1.0,0.4913971781146821,"[[2, 0, 0], [1, 1, 0], [0, 1, 1]]","[0, 1, 2]","[{""f1"": 0.8, ""label"": 0, ""precision"": 0.6666666666666666, ""recall"": 1.0, ""support"": 2}, {""f1"": 0.5, ""label"": 1, ""precision"": 0.5, ""recall"": 0.5, ""support"": 2}, {""f1"": 0.6666666666666666, ""label"": 2, ""precision"": 1.0, ""recall"": 0.5, ""support"": 2}]",passed
inception_full__b3_star_fixed10,1,3,0.6666666666666666,0.5555555555555555,0.6666666666666666,0.5,0.6666666666666666,0.5555555555555555,0.0,"[[0, 0], [1, 0], [2, 0]]","[{""abstention_count"": 0, ""f1"": 0.0, ""false_negative"": 2, ""false_positive"": 0, ""label"": 0, ""precision"": 0.0, ""recall"": 0.0, ""retained_support"": 2, ""support"": 2, ""true_positive"": 0}, {""abstention_count"": 0, ""f1"": 0.6666666666666666, ""false_negative"": 0, ""false_positive"": 2, ""label"": 1, ""precision"": 0.5, ""recall"": 1.0, ""retained_support"": 2, ""support"": 2, ""true_positive"": 2}, {""abstention_count"": 0, ""f1"": 1.0, ""false_negative"": 0, ""false_positive"": 0, ""label"": 2, ""precision"": 1.0, ""recall"": 1.0, ""retained_support"": 1, ""support"": 1, ""true_positive"": 1}]",retained_only,1.0,0.33313897792903435,"[[0, 2, 0], [0, 2, 0], [0, 0, 1]]","[0, 1, 2]","[{""f1"": 0.0, ""label"": 0, ""precision"": 0.0, ""recall"": 0.0, ""support"": 2}, {""f1"": 0.6666666666666666, ""label"": 1, ""precision"": 0.5, ""recall"": 1.0, ""support"": 2}, {""f1"": 1.0, ""label"": 2, ""precision"": 1.0, ""recall"": 1.0, ""support"": 1}]",passed
inception_full__b3_star_fixed10,1,4,0.6666666666666666,0.5555555555555555,0.6666666666666666,0.5,0.6666666666666666,0.5555555555555555,0.0,"[[0, 0], [1, 0], [2, 0]]","[{""abstention_count"": 0, ""f1"": 0.6666666666666666, ""false_negative"": 0, ""false_positive"": 2, ""label"": 0, ""precision"": 0.5, ""recall"": 1.0, ""retained_support"": 2, ""support"": 2, ""true_positive"": 2}, {""abstention_count"": 0, ""f1"": 0.0, ""false_negative"": 2, ""false_positive"": 0, ""label"": 1, ""precision"": 0.0, ""recall"": 0.0, ""retained_support"": 2, ""support"": 2, ""true_positive"": 0}, {""abstention_count"": 0, ""f1"": 1.0, ""false_negative"": 0, ""false_positive"": 0, ""label"": 2, ""precision"": 1.0, ""recall"": 1.0, ""retained_support"": 1, ""support"": 1, ""true_positive"": 1}]",retained_only,1.0,0.1757855811294053,"[[2, 0, 0], [2, 0, 0], [0, 0, 1]]","[0, 1, 2]","[{""f1"": 0.6666666666666666, ""label"": 0, ""precision"": 0.5, ""recall"": 1.0, ""support"": 2}, {""f1"": 0.0, ""label"": 1, ""precision"": 0.0, ""recall"": 0.0, ""support"": 2}, {""f1"": 1.0, ""label"": 2, ""precision"": 1.0, ""recall"": 1.0, ""support"": 1}]",passed
inception_full__b3_star_fixed10,2,0,0.5555555555555555,0.41269841269841273,0.5555555555555555,0.3333333333333333,0.5555555555555555,0.41269841269841273,0.0,"[[0, 0], [1, 0], [2, 0]]","[{""abstention_count"": 0, ""f1"": 0.0, ""false_negative"": 2, ""false_positive"": 0, ""label"": 0, ""precision"": 0.0, ""recall"": 0.0, ""retained_support"": 2, ""support"": 2, ""true_positive"": 0}, {""abstention_count"": 0, ""f1"": 0.5714285714285715, ""false_negative"": 1, ""false_positive"": 2, ""label"": 1, ""precision"": 0.5, ""recall"": 0.6666666666666666, ""retained_support"": 3, ""support"": 3, ""true_positive"": 2}, {""abstention_count"": 0, ""f1"": 0.6666666666666666, ""false_negative"": 0, ""false_positive"": 1, ""label"": 2, ""precision"": 0.5, ""recall"": 1.0, ""retained_support"": 1, ""support"": 1, ""true_positive"": 1}]",retained_only,1.0,0.300708174951266,"[[0, 2, 0], [0, 2, 1], [0, 0, 1]]","[0, 1, 2]","[{""f1"": 0.0, ""label"": 0, ""precision"": 0.0, ""recall"": 0.0, ""support"": 2}, {""f1"": 0.5714285714285714, ""label"": 1, ""precision"": 0.5, ""recall"": 0.6666666666666666, ""support"": 3}, {""f1"": 0.6666666666666666, ""label"": 2, ""precision"": 0.5, ""recall"": 1.0, ""support"": 1}]",passed
inception_full__b3_star_fixed10,2,1,0.5,0.4444444444444444,0.5,0.5,0.5,0.4444444444444444,0.0,"[[0, 0], [1, 0], [2, 0]]","[{""abstention_count"": 0, ""f1"": 0.6666666666666666, ""false_negative"": 0, ""false_positive"": 2, ""label"": 0, ""precision"": 0.5, ""recall"": 1.0, ""retained_support"": 2, ""support"": 2, ""true_positive"": 2}, {""abstention_count"": 0, ""f1"": 0.0, ""false_negative"": 2, ""false_positive"": 1, ""label"": 1, ""precision"": 0.0, ""recall"": 0.0, ""retained_support"": 2, ""support"": 2, ""true_positive"": 0}, {""abstention_count"": 0, ""f1"": 0.6666666666666666, ""false_negative"": 1, ""false_positive"": 0, ""label"": 2, ""precision"": 1.0, ""recall"": 0.5, ""retained_support"": 2, ""support"": 2, ""true_positive"": 1}]",retained_only,1.0,0.36299255467765845,"[[2, 0, 0], [2, 0, 0], [0, 1, 1]]","[0, 1, 2]","[{""f1"": 0.6666666666666666, ""label"": 0, ""precision"": 0.5, ""recall"": 1.0, ""support"": 2}, {""f1"": 0.0, ""label"": 1, ""precision"": 0.0, ""recall"": 0.0, ""support"": 2}, {""f1"": 0.6666666666666666, ""label"": 2, ""precision"": 1.0, ""recall"": 0.5, ""support"": 2}]",passed
inception_full__b3_star_fixed10,2,2,0.3333333333333333,0.16666666666666666,0.3333333333333333,0.1111111111111111,0.3333333333333333,0.16666666666666666,0.0,"[[0, 0], [1, 0], [2, 0]]","[{""abstention_count"": 0, ""f1"": 0.5, ""false_negative"": 0, ""false_positive"": 2, ""label"": 0, ""precision"": 0.3333333333333333, ""recall"": 1.0, ""retained_support"": 1, ""support"": 1, ""true_positive"": 1}, {""abstention_count"": 0, ""f1"": 0.0, ""false_negative"": 3, ""false_positive"": 2, ""label"": 1, ""precision"": 0.0, ""recall"": 0.0, ""retained_support"": 3, ""support"": 3, ""true_positive"": 0}, {""abstention_count"": 0, ""f1"": 0.0, ""false_negative"": 2, ""false_positive"": 1, ""label"": 2, ""precision"": 0.0, ""recall"": 0.0, ""retained_support"": 2, ""support"": 2, ""true_positive"": 0}]",retained_only,1.0,0.5756931883375309,"[[1, 0, 0], [2, 0, 1], [0, 2, 0]]","[0, 1, 2]","[{""f1"": 0.5, ""label"": 0, ""precision"": 0.3333333333333333, ""recall"": 1.0, ""support"": 1}, {""f1"": 0.0, ""label"": 1, ""precision"": 0.0, ""recall"": 0.0, ""support"": 3}, {""f1"": 0.0, ""label"": 2, ""precision"": 0.0, ""recall"": 0.0, ""support"": 2}]",passed
inception_full__b3_star_fixed10,2,3,0.6666666666666666,0.5333333333333333,0.6666666666666666,0.4444444444444444,0.6666666666666666,0.5333333333333333,0.0,"[[0, 0], [1, 0], [2, 0]]","[{""abstention_count"": 0, ""f1"": 0.8, ""false_negative"": 0, ""false_positive"": 1, ""label"": 0, ""precision"": 0.6666666666666666, ""recall"": 1.0, ""retained_support"": 2, ""support"": 2, ""true_positive"": 2}, {""abstention_count"": 0, ""f1"": 0.8, ""false_negative"": 0, ""false_positive"": 1, ""label"": 1, ""precision"": 0.6666666666666666, ""recall"": 1.0, ""retained_support"": 2, ""support"": 2, ""true_positive"": 2}, {""abstention_count"": 0, ""f1"": 0.0, ""false_negative"": 2, ""false_positive"": 0, ""label"": 2, ""precision"": 0.0, ""recall"": 0.0, ""retained_support"": 2, ""support"": 2, ""true_positive"": 0}]",retained_only,1.0,0.3178413783338087,"[[2, 0, 0], [0, 2, 0], [1, 1, 0]]","[0, 1, 2]","[{""f1"": 0.8, ""label"": 0, ""precision"": 0.6666666666666666, ""recall"": 1.0, ""support"": 2}, {""f1"": 0.8, ""label"": 1, ""precision"": 0.6666666666666666, ""recall"": 1.0, ""support"": 2}, {""f1"": 0.0, ""label"": 2, ""precision"": 0.0, ""recall"": 0.0, ""support"": 2}]",passed
inception_full__b3_star_fixed10,2,4,0.3333333333333333,0.3,0.3333333333333333,0.27777777777777773,0.3333333333333333,0.3,0.0,"[[0, 0], [1, 0], [2, 0]]","[{""abstention_count"": 0, ""f1"": 0.5, ""false_negative"": 1, ""false_positive"": 1, ""label"": 0, ""precision"": 0.5, ""recall"": 0.5, ""retained_support"": 2, ""support"": 2, ""true_positive"": 1}, {""abstention_count"": 0, ""f1"": 0.4, ""false_negative"": 1, ""false_positive"": 2, ""label"": 1, ""precision"": 0.3333333333333333, ""recall"": 0.5, ""retained_support"": 2, ""support"": 2, ""true_positive"": 1}, {""abstention_count"": 0, ""f1"": 0.0, ""false_negative"": 1, ""false_positive"": 0, ""label"": 2, ""precision"": 0.0, ""recall"": 0.0, ""retained_support"": 1, ""support"": 1, ""true_positive"": 0}]",retained_only,1.0,0.6087068093804403,"[[1, 1, 0], [1, 1, 0], [0, 1, 0]]","[0, 1, 2]","[{""f1"": 0.5, ""label"": 0, ""precision"": 0.5, ""recall"": 0.5, ""support"": 2}, {""f1"": 0.4, ""label"": 1, ""precision"": 0.3333333333333333, ""recall"": 0.5, ""support"": 2}, {""f1"": 0.0, ""label"": 2, ""precision"": 0.0, ""recall"": 0.0, ""support"": 1}]",passed
inception_full__b3_star_fixed10,3,0,0.7222222222222222,0.7222222222222222,0.7222222222222222,0.7222222222222222,0.7222222222222222,0.7222222222222222,0.0,"[[0, 0], [1, 0], [2, 0]]","[{""abstention_count"": 0, ""f1"": 0.5, ""false_negative"": 1, ""false_positive"": 1, ""label"": 0, ""precision"": 0.5, ""recall"": 0.5, ""retained_support"": 2, ""support"": 2, ""true_positive"": 1}, {""abstention_count"": 0, ""f1"": 0.6666666666666666, ""false_negative"": 1, ""false_positive"": 1, ""label"": 1, ""precision"": 0.6666666666666666, ""recall"": 0.6666666666666666, ""retained_support"": 3, ""support"": 3, ""true_positive"": 2}, {""abstention_count"": 0, ""f1"": 1.0, ""false_negative"": 0, ""false_positive"": 0, ""label"": 2, ""precision"": 1.0, ""recall"": 1.0, ""retained_support"": 1, ""support"": 1, ""true_positive"": 1}]",retained_only,1.0,0.25826879384586166,"[[1, 1, 0], [1, 2, 0], [0, 0, 1]]","[0, 1, 2]","[{""f1"": 0.5, ""label"": 0, ""precision"": 0.5, ""recall"": 0.5, ""support"": 2}, {""f1"": 0.6666666666666666, ""label"": 1, ""precision"": 0.6666666666666666, ""recall"": 0.6666666666666666, ""support"": 3}, {""f1"": 1.0, ""label"": 2, ""precision"": 1.0, ""recall"": 1.0, ""support"": 1}]",passed
inception_full__b3_star_fixed10,3,1,0.5,0.41269841269841273,0.5,0.4666666666666666,0.5,0.41269841269841273,0.0,"[[0, 0], [1, 0], [2, 0]]","[{""abstention_count"": 0, ""f1"": 0.0, ""false_negative"": 2, ""false_positive"": 0, ""label"": 0, ""precision"": 0.0, ""recall"": 0.0, ""retained_support"": 2, ""support"": 2, ""true_positive"": 0}, {""abstention_count"": 0, ""f1"": 0.5714285714285715, ""false_negative"": 0, ""false_positive"": 3, ""label"": 1, ""precision"": 0.4, ""recall"": 1.0, ""retained_support"": 2, ""support"": 2, ""true_positive"": 2}, {""abstention_count"": 0, ""f1"": 0.6666666666666666, ""false_negative"": 1, ""false_positive"": 0, ""label"": 2, ""precision"": 1.0, ""recall"": 0.5, ""retained_support"": 2, ""support"": 2, ""true_positive"": 1}]",retained_only,1.0,0.4123695265826827,"[[0, 2, 0], [0, 2, 0], [0, 1, 1]]","[0, 1, 2]","[{""f1"": 0.0, ""label"": 0, ""precision"": 0.0, ""recall"": 0.0, ""support"": 2}, {""f1"": 0.5714285714285714, ""label"": 1, ""precision"": 0.4, ""recall"": 1.0, ""support"": 2}, {""f1"": 0.6666666666666666, ""label"": 2, ""precision"": 1.0, ""recall"": 0.5, ""support"": 2}]",passed
inception_full__b3_star_fixed10,3,2,0.5,0.43333333333333335,0.5,0.38888888888888884,0.5,0.43333333333333335,0.0,"[[0, 0], [1, 0], [2, 0]]","[{""abstention_count"": 0, ""f1"": 0.5, ""false_negative"": 1, ""false_positive"": 1, ""label"": 0, ""precision"": 0.5, ""recall"": 0.5, ""retained_support"": 2, ""support"": 2, ""true_positive"": 1}, {""abstention_count"": 0, ""f1"": 0.0, ""false_negative"": 2, ""false_positive"": 1, ""label"": 1, ""precision"": 0.0, ""recall"": 0.0, ""retained_support"": 2, ""support"": 2, ""true_positive"": 0}, {""abstention_count"": 0, ""f1"": 0.8, ""false_negative"": 0, ""false_positive"": 1, ""label"": 2, ""precision"": 0.6666666666666666, ""recall"": 1.0, ""retained_support"": 2, ""support"": 2, ""true_positive"": 2}]",retained_only,1.0,0.43187245500949467,"[[1, 1, 0], [1, 0, 1], [0, 0, 2]]","[0, 1, 2]","[{""f1"": 0.5, ""label"": 0, ""precision"": 0.5, ""recall"": 0.5, ""support"": 2}, {""f1"": 0.0, ""label"": 1, ""precision"": 0.0, ""recall"": 0.0, ""support"": 2}, {""f1"": 0.8, ""label"": 2, ""precision"": 0.6666666666666666, ""recall"": 1.0, ""support"": 2}]",passed
inception_full__b3_star_fixed10,3,3,0.3333333333333333,0.2222222222222222,0.3333333333333333,0.16666666666666666,0.3333333333333333,0.2222222222222222,0.0,"[[0, 0], [1, 0], [2, 0]]","[{""abstention_count"": 0, ""f1"": 0.6666666666666666, ""false_negative"": 0, ""false_positive"": 2, ""label"": 0, ""precision"": 0.5, ""recall"": 1.0, ""retained_support"": 2, ""support"": 2, ""true_positive"": 2}, {""abstention_count"": 0, ""f1"": 0.0, ""false_negative"": 2, ""false_positive"": 2, ""label"": 1, ""precision"": 0.0, ""recall"": 0.0, ""retained_support"": 2, ""support"": 2, ""true_positive"": 0}, {""abstention_count"": 0, ""f1"": 0.0, ""false_negative"": 2, ""false_positive"": 0, ""label"": 2, ""precision"": 0.0, ""recall"": 0.0, ""retained_support"": 2, ""support"": 2, ""true_positive"": 0}]",retained_only,1.0,0.6437456918792924,"[[2, 0, 0], [2, 0, 0], [0, 2, 0]]","[0, 1, 2]","[{""f1"": 0.6666666666666666, ""label"": 0, ""precision"": 0.5, ""recall"": 1.0, ""support"": 2}, {""f1"": 0.0, ""label"": 1, ""precision"": 0.0, ""recall"": 0.0, ""support"": 2}, {""f1"": 0.0, ""label"": 2, ""precision"": 0.0, ""recall"": 0.0, ""support"": 2}]",passed
inception_full__b3_star_fixed10,3,4,0.3333333333333333,0.25,0.3333333333333333,0.19999999999999998,0.3333333333333333,0.24999999999999997,0.0,"[[0, 0], [1, 0], [2, 0]]","[{""abstention_count"": 0, ""f1"": 0.0, ""false_negative"": 1, ""false_positive"": 0, ""label"": 0, ""precision"": 0.0, ""recall"": 0.0, ""retained_support"": 1, ""support"": 1, ""true_positive"": 0}, {""abstention_count"": 0, ""f1"": 0.7499999999999999, ""false_negative"": 0, ""false_positive"": 2, ""label"": 1, ""precision"": 0.6, ""recall"": 1.0, ""retained_support"": 3, ""support"": 3, ""true_positive"": 3}, {""abstention_count"": 0, ""f1"": 0.0, ""false_negative"": 1, ""false_positive"": 0, ""label"": 2, ""precision"": 0.0, ""recall"": 0.0, ""retained_support"": 1, ""support"": 1, ""true_positive"": 0}]",retained_only,1.0,0.36022072794476734,"[[0, 1, 0], [0, 3, 0], [0, 1, 0]]","[0, 1, 2]","[{""f1"": 0.0, ""label"": 0, ""precision"": 0.0, ""recall"": 0.0, ""support"": 1}, {""f1"": 0.75, ""label"": 1, ""precision"": 0.6, ""recall"": 1.0, ""support"": 3}, {""f1"": 0.0, ""label"": 2, ""precision"": 0.0, ""recall"": 0.0, ""support"": 1}]",passed
inception_full__b3_star_fixed10,4,0,0.6666666666666666,0.5555555555555555,0.6666666666666666,0.5,0.6666666666666666,0.5555555555555555,0.0,"[[0, 0], [1, 0], [2, 0]]","[{""abstention_count"": 0, ""f1"": 0.6666666666666666, ""false_negative"": 0, ""false_positive"": 2, ""label"": 0, ""precision"": 0.5, ""recall"": 1.0, ""retained_support"": 2, ""support"": 2, ""true_positive"": 2}, {""abstention_count"": 0, ""f1"": 0.0, ""false_negative"": 2, ""false_positive"": 0, ""label"": 1, ""precision"": 0.0, ""recall"": 0.0, ""retained_support"": 2, ""support"": 2, ""true_positive"": 0}, {""abstention_count"": 0, ""f1"": 1.0, ""false_negative"": 0, ""false_positive"": 0, ""label"": 2, ""precision"": 1.0, ""recall"": 1.0, ""retained_support"": 2, ""support"": 2, ""true_positive"": 2}]",retained_only,1.0,0.28243748727466117,"[[2, 0, 0], [2, 0, 0], [0, 0, 2]]","[0, 1, 2]","[{""f1"": 0.6666666666666666, ""label"": 0, ""precision"": 0.5, ""recall"": 1.0, ""support"": 2}, {""f1"": 0.0, ""label"": 1, ""precision"": 0.0, ""recall"": 0.0, ""support"": 2}, {""f1"": 1.0, ""label"": 2, ""precision"": 1.0, ""recall"": 1.0, ""support"": 2}]",passed
inception_full__b3_star_fixed10,4,1,0.27777777777777773,0.24444444444444446,0.27777777777777773,0.25,0.27777777777777773,0.24444444444444446,0.0,"[[0, 0], [1, 0], [2, 0]]","[{""abstention_count"": 0, ""f1"": 0.3333333333333333, ""false_negative"": 1, ""false_positive"": 3, ""label"": 0, ""precision"": 0.25, ""recall"": 0.5, ""retained_support"": 2, ""support"": 2, ""true_positive"": 1}, {""abstention_count"": 0, ""f1"": 0.4, ""false_negative"": 2, ""false_positive"": 1, ""label"": 1, ""precision"": 0.5, ""recall"": 0.3333333333333333, ""retained_support"": 3, ""support"": 3, ""true_positive"": 1}, {""abstention_count"": 0, ""f1"": 0.0, ""false_negative"": 1, ""false_positive"": 0, ""label"": 2, ""precision"": 0.0, ""recall"": 0.0, ""retained_support"": 1, ""support"": 1, ""true_positive"": 0}]",retained_only,1.0,0.5405699489483414,"[[1, 1, 0], [2, 1, 0], [1, 0, 0]]","[0, 1, 2]","[{""f1"": 0.3333333333333333, ""label"": 0, ""precision"": 0.25, ""recall"": 0.5, ""support"": 2}, {""f1"": 0.4, ""label"": 1, ""precision"": 0.5, ""recall"": 0.3333333333333333, ""support"": 3}, {""f1"": 0.0, ""label"": 2, ""precision"": 0.0, ""recall"": 0.0, ""support"": 1}]",passed
inception_full__b3_star_fixed10,4,2,0.7222222222222222,0.7222222222222222,0.7222222222222222,0.7222222222222222,0.7222222222222222,0.7222222222222222,0.0,"[[0, 0], [1, 0], [2, 0]]","[{""abstention_count"": 0, ""f1"": 0.5, ""false_negative"": 1, ""false_positive"": 1, ""label"": 0, ""precision"": 0.5, ""recall"": 0.5, ""retained_support"": 2, ""support"": 2, ""true_positive"": 1}, {""abstention_count"": 0, ""f1"": 0.6666666666666666, ""false_negative"": 1, ""false_positive"": 1, ""label"": 1, ""precision"": 0.6666666666666666, ""recall"": 0.6666666666666666, ""retained_support"": 3, ""support"": 3, ""true_positive"": 2}, {""abstention_count"": 0, ""f1"": 1.0, ""false_negative"": 0, ""false_positive"": 0, ""label"": 2, ""precision"": 1.0, ""recall"": 1.0, ""retained_support"": 1, ""support"": 1, ""true_positive"": 1}]",retained_only,1.0,0.25066915780002075,"[[1, 1, 0], [1, 2, 0], [0, 0, 1]]","[0, 1, 2]","[{""f1"": 0.5, ""label"": 0, ""precision"": 0.5, ""recall"": 0.5, ""support"": 2}, {""f1"": 0.6666666666666666, ""label"": 1, ""precision"": 0.6666666666666666, ""recall"": 0.6666666666666666, ""support"": 3}, {""f1"": 1.0, ""label"": 2, ""precision"": 1.0, ""recall"": 1.0, ""support"": 1}]",passed
inception_full__b3_star_fixed10,4,3,0.8333333333333334,0.8222222222222223,0.8333333333333334,0.8888888888888888,0.8333333333333334,0.8222222222222223,0.0,"[[0, 0], [1, 0], [2, 0]]","[{""abstention_count"": 0, ""f1"": 1.0, ""false_negative"": 0, ""false_positive"": 0, ""label"": 0, ""precision"": 1.0, ""recall"": 1.0, ""retained_support"": 1, ""support"": 1, ""true_positive"": 1}, {""abstention_count"": 0, ""f1"": 0.8, ""false_negative"": 0, ""false_positive"": 1, ""label"": 1, ""precision"": 0.6666666666666666, ""recall"": 1.0, ""retained_support"": 2, ""support"": 2, ""true_positive"": 2}, {""abstention_count"": 0, ""f1"": 0.6666666666666666, ""false_negative"": 1, ""false_positive"": 0, ""label"": 2, ""precision"": 1.0, ""recall"": 0.5, ""retained_support"": 2, ""support"": 2, ""true_positive"": 1}]",retained_only,1.0,0.4015100522831156,"[[1, 0, 0], [0, 2, 0], [0, 1, 1]]","[0, 1, 2]","[{""f1"": 1.0, ""label"": 0, ""precision"": 1.0, ""recall"": 1.0, ""support"": 1}, {""f1"": 0.8, ""label"": 1, ""precision"": 0.6666666666666666, ""recall"": 1.0, ""support"": 2}, {""f1"": 0.6666666666666666, ""label"": 2, ""precision"": 1.0, ""recall"": 0.5, ""support"": 2}]",passed
inception_full__b3_star_fixed10,4,4,0.16666666666666666,0.1111111111111111,0.16666666666666666,0.08333333333333333,0.16666666666666666,0.1111111111111111,0.0,"[[0, 0], [1, 0], [2, 0]]","[{""abstention_count"": 0, ""f1"": 0.0, ""false_negative"": 2, ""false_positive"": 2, ""label"": 0, ""precision"": 0.0, ""recall"": 0.0, ""retained_support"": 2, ""support"": 2, ""true_positive"": 0}, {""abstention_count"": 0, ""f1"": 0.3333333333333333, ""false_negative"": 1, ""false_positive"": 3, ""label"": 1, ""precision"": 0.25, ""recall"": 0.5, ""retained_support"": 2, ""support"": 2, ""true_positive"": 1}, {""abstention_count"": 0, ""f1"": 0.0, ""false_negative"": 2, ""false_positive"": 0, ""label"": 2, ""precision"": 0.0, ""recall"": 0.0, ""retained_support"": 2, ""support"": 2, ""true_positive"": 0}]",retained_only,1.0,0.6495773196147102,"[[0, 2, 0], [1, 1, 0], [1, 1, 0]]","[0, 1, 2]","[{""f1"": 0.0, ""label"": 0, ""precision"": 0.0, ""recall"": 0.0, ""support"": 2}, {""f1"": 0.3333333333333333, ""label"": 1, ""precision"": 0.25, ""recall"": 0.5, ""support"": 2}, {""f1"": 0.0, ""label"": 2, ""precision"": 0.0, ""recall"": 0.0, ""support"": 2}]",passed
compact_cnn__b4_star_fixed10,0,0,0.16666666666666666,0.13333333333333333,0.16666666666666666,0.1111111111111111,0.16666666666666666,0.13333333333333333,0.0,"[[0, 0], [1, 0], [2, 0]]","[{""abstention_count"": 0, ""f1"": 0.0, ""false_negative"": 2, ""false_positive"": 2, ""label"": 0, ""precision"": 0.0, ""recall"": 0.0, ""retained_support"": 2, ""support"": 2, ""true_positive"": 0}, {""abstention_count"": 0, ""f1"": 0.0, ""false_negative"": 2, ""false_positive"": 1, ""label"": 1, ""precision"": 0.0, ""recall"": 0.0, ""retained_support"": 2, ""support"": 2, ""true_positive"": 0}, {""abstention_count"": 0, ""f1"": 0.4, ""false_negative"": 1, ""false_positive"": 2, ""label"": 2, ""precision"": 0.3333333333333333, ""recall"": 0.5, ""retained_support"": 2, ""support"": 2, ""true_positive"": 1}]",retained_only,1.0,0.4195557641814102,"[[0, 1, 1], [1, 0, 1], [1, 0, 1]]","[0, 1, 2]","[{""f1"": 0.0, ""label"": 0, ""precision"": 0.0, ""recall"": 0.0, ""support"": 2}, {""f1"": 0.0, ""label"": 1, ""precision"": 0.0, ""recall"": 0.0, ""support"": 2}, {""f1"": 0.4, ""label"": 2, ""precision"": 0.3333333333333333, ""recall"": 0.5, ""support"": 2}]",passed
compact_cnn__b4_star_fixed10,0,1,0.7222222222222222,0.7222222222222222,0.7222222222222222,0.7222222222222222,0.7222222222222222,0.7222222222222222,0.0,"[[0, 0], [1, 0], [2, 0]]","[{""abstention_count"": 0, ""f1"": 0.5, ""false_negative"": 1, ""false_positive"": 1, ""label"": 0, ""precision"": 0.5, ""recall"": 0.5, ""retained_support"": 2, ""support"": 2, ""true_positive"": 1}, {""abstention_count"": 0, ""f1"": 0.6666666666666666, ""false_negative"": 1, ""false_positive"": 1, ""label"": 1, ""precision"": 0.6666666666666666, ""recall"": 0.6666666666666666, ""retained_support"": 3, ""support"": 3, ""true_positive"": 2}, {""abstention_count"": 0, ""f1"": 1.0, ""false_negative"": 0, ""false_positive"": 0, ""label"": 2, ""precision"": 1.0, ""recall"": 1.0, ""retained_support"": 1, ""support"": 1, ""true_positive"": 1}]",retained_only,1.0,0.24409978466021487,"[[1, 1, 0], [1, 2, 0], [0, 0, 1]]","[0, 1, 2]","[{""f1"": 0.5, ""label"": 0, ""precision"": 0.5, ""recall"": 0.5, ""support"": 2}, {""f1"": 0.6666666666666666, ""label"": 1, ""precision"": 0.6666666666666666, ""recall"": 0.6666666666666666, ""support"": 3}, {""f1"": 1.0, ""label"": 2, ""precision"": 1.0, ""recall"": 1.0, ""support"": 1}]",passed
compact_cnn__b4_star_fixed10,0,2,0.5,0.5222222222222223,0.5,0.611111111111111,0.5,0.5222222222222223,0.0,"[[0, 0], [1, 0], [2, 0]]","[{""abstention_count"": 0, ""f1"": 0.6666666666666666, ""false_negative"": 1, ""false_positive"": 0, ""label"": 0, ""precision"": 1.0, ""recall"": 0.5, ""retained_support"": 2, ""support"": 2, ""true_positive"": 1}, {""abstention_count"": 0, ""f1"": 0.4, ""false_negative"": 1, ""false_positive"": 2, ""label"": 1, ""precision"": 0.3333333333333333, ""recall"": 0.5, ""retained_support"": 2, ""support"": 2, ""true_positive"": 1}, {""abstention_count"": 0, ""f1"": 0.5, ""false_negative"": 1, ""false_positive"": 1, ""label"": 2, ""precision"": 0.5, ""recall"": 0.5, ""retained_support"": 2, ""support"": 2, ""true_positive"": 1}]",retained_only,1.0,0.5405523506886551,"[[1, 1, 0], [0, 1, 1], [0, 1, 1]]","[0, 1, 2]","[{""f1"": 0.6666666666666666, ""label"": 0, ""precision"": 1.0, ""recall"": 0.5, ""support"": 2}, {""f1"": 0.4, ""label"": 1, ""precision"": 0.3333333333333333, ""recall"": 0.5, ""support"": 2}, {""f1"": 0.5, ""label"": 2, ""precision"": 0.5, ""recall"": 0.5, ""support"": 2}]",passed
compact_cnn__b4_star_fixed10,0,3,0.3333333333333333,0.35555555555555557,0.3333333333333333,0.4444444444444444,0.3333333333333333,0.35555555555555557,0.0,"[[0, 0], [1, 0], [2, 0]]","[{""abstention_count"": 0, ""f1"": 0.0, ""false_negative"": 2, ""false_positive"": 2, ""label"": 0, ""precision"": 0.0, ""recall"": 0.0, ""retained_support"": 2, ""support"": 2, ""true_positive"": 0}, {""abstention_count"": 0, ""f1"": 0.4, ""false_negative"": 1, ""false_positive"": 2, ""label"": 1, ""precision"": 0.3333333333333333, ""recall"": 0.5, ""retained_support"": 2, ""support"": 2, ""true_positive"": 1}, {""abstention_count"": 0, ""f1"": 0.6666666666666666, ""false_negative"": 1, ""false_positive"": 0, ""label"": 2, ""precision"": 1.0, ""recall"": 0.5, ""retained_support"": 2, ""support"": 2, ""true_positive"": 1}]",retained_only,1.0,0.5921190679321663,"[[0, 2, 0], [1, 1, 0], [1, 0, 1]]","[0, 1, 2]","[{""f1"": 0.0, ""label"": 0, ""precision"": 0.0, ""recall"": 0.0, ""support"": 2}, {""f1"": 0.4, ""label"": 1, ""precision"": 0.3333333333333333, ""recall"": 0.5, ""support"": 2}, {""f1"": 0.6666666666666666, ""label"": 2, ""precision"": 1.0, ""recall"": 0.5, ""support"": 2}]",passed
compact_cnn__b4_star_fixed10,0,4,0.3333333333333333,0.16666666666666666,0.3333333333333333,0.1111111111111111,0.3333333333333333,0.16666666666666666,0.0,"[[0, 0], [1, 0], [2, 0]]","[{""abstention_count"": 0, ""f1"": 0.5, ""false_negative"": 0, ""false_positive"": 2, ""label"": 0, ""precision"": 0.3333333333333333, ""recall"": 1.0, ""retained_support"": 1, ""support"": 1, ""true_positive"": 1}, {""abstention_count"": 0, ""f1"": 0.0, ""false_negative"": 3, ""false_positive"": 1, ""label"": 1, ""precision"": 0.0, ""recall"": 0.0, ""retained_support"": 3, ""support"": 3, ""true_positive"": 0}, {""abstention_count"": 0, ""f1"": 0.0, ""false_negative"": 1, ""false_positive"": 1, ""label"": 2, ""precision"": 0.0, ""recall"": 0.0, ""retained_support"": 1, ""support"": 1, ""true_positive"": 0}]",retained_only,1.0,0.4924719059744064,"[[1, 0, 0], [2, 0, 1], [0, 1, 0]]","[0, 1, 2]","[{""f1"": 0.5, ""label"": 0, ""precision"": 0.3333333333333333, ""recall"": 1.0, ""support"": 1}, {""f1"": 0.0, ""label"": 1, ""precision"": 0.0, ""recall"": 0.0, ""support"": 3}, {""f1"": 0.0, ""label"": 2, ""precision"": 0.0, ""recall"": 0.0, ""support"": 1}]",passed
compact_cnn__b4_star_fixed10,1,0,0.5,0.4523809523809524,0.5,0.4166666666666667,0.5,0.4523809523809524,0.0,"[[0, 0], [1, 0], [2, 0]]","[{""abstention_count"": 0, ""f1"": 0.5, ""false_negative"": 1, ""false_positive"": 1, ""label"": 0, ""precision"": 0.5, ""recall"": 0.5, ""retained_support"": 2, ""support"": 2, ""true_positive"": 1}, {""abstention_count"": 0, ""f1"": 0.8571428571428571, ""false_negative"": 0, ""false_positive"": 1, ""label"": 1, ""precision"": 0.75, ""recall"": 1.0, ""retained_support"": 3, ""support"": 3, ""true_positive"": 3}, {""abstention_count"": 0, ""f1"": 0.0, ""false_negative"": 2, ""false_positive"": 1, ""label"": 2, ""precision"": 0.0, ""recall"": 0.0, ""retained_support"": 2, ""support"": 2, ""true_positive"": 0}]",retained_only,1.0,0.4124584782098446,"[[1, 0, 1], [0, 3, 0], [1, 1, 0]]","[0, 1, 2]","[{""f1"": 0.5, ""label"": 0, ""precision"": 0.5, ""recall"": 0.5, ""support"": 2}, {""f1"": 0.8571428571428571, ""label"": 1, ""precision"": 0.75, ""recall"": 1.0, ""support"": 3}, {""f1"": 0.0, ""label"": 2, ""precision"": 0.0, ""recall"": 0.0, ""support"": 2}]",passed
compact_cnn__b4_star_fixed10,1,1,0.38888888888888884,0.41269841269841273,0.38888888888888884,0.5,0.38888888888888884,0.41269841269841273,0.0,"[[0, 0], [1, 0], [2, 0]]","[{""abstention_count"": 0, ""f1"": 0.0, ""false_negative"": 1, ""false_positive"": 1, ""label"": 0, ""precision"": 0.0, ""recall"": 0.0, ""retained_support"": 1, ""support"": 1, ""true_positive"": 0}, {""abstention_count"": 0, ""f1"": 0.5714285714285715, ""false_negative"": 1, ""false_positive"": 2, ""label"": 1, ""precision"": 0.5, ""recall"": 0.6666666666666666, ""retained_support"": 3, ""support"": 3, ""true_positive"": 2}, {""abstention_count"": 0, ""f1"": 0.6666666666666666, ""false_negative"": 1, ""false_positive"": 0, ""label"": 2, ""precision"": 1.0, ""recall"": 0.5, ""retained_support"": 2, ""support"": 2, ""true_positive"": 1}]",retained_only,1.0,0.31931706088532547,"[[0, 1, 0], [1, 2, 0], [0, 1, 1]]","[0, 1, 2]","[{""f1"": 0.0, ""label"": 0, ""precision"": 0.0, ""recall"": 0.0, ""support"": 1}, {""f1"": 0.5714285714285714, ""label"": 1, ""precision"": 0.5, ""recall"": 0.6666666666666666, ""support"": 3}, {""f1"": 0.6666666666666666, ""label"": 2, ""precision"": 1.0, ""recall"": 0.5, ""support"": 2}]",passed
compact_cnn__b4_star_fixed10,1,2,0.3333333333333333,0.3,0.3333333333333333,0.27777777777777773,0.3333333333333333,0.3,0.0,"[[0, 0], [1, 0], [2, 0]]","[{""abstention_count"": 0, ""f1"": 0.5, ""false_negative"": 1, ""false_positive"": 1, ""label"": 0, ""precision"": 0.5, ""recall"": 0.5, ""retained_support"": 2, ""support"": 2, ""true_positive"": 1}, {""abstention_count"": 0, ""f1"": 0.0, ""false_negative"": 2, ""false_positive"": 1, ""label"": 1, ""precision"": 0.0, ""recall"": 0.0, ""retained_support"": 2, ""support"": 2, ""true_positive"": 0}, {""abstention_count"": 0, ""f1"": 0.4, ""false_negative"": 1, ""false_positive"": 2, ""label"": 2, ""precision"": 0.3333333333333333, ""recall"": 0.5, ""retained_support"": 2, ""support"": 2, ""true_positive"": 1}]",retained_only,1.0,0.4173669628977916,"[[1, 0, 1], [1, 0, 1], [0, 1, 1]]","[0, 1, 2]","[{""f1"": 0.5, ""label"": 0, ""precision"": 0.5, ""recall"": 0.5, ""support"": 2}, {""f1"": 0.0, ""label"": 1, ""precision"": 0.0, ""recall"": 0.0, ""support"": 2}, {""f1"": 0.4, ""label"": 2, ""precision"": 0.3333333333333333, ""recall"": 0.5, ""support"": 2}]",passed
compact_cnn__b4_star_fixed10,1,3,0.5,0.4666666666666666,0.5,0.4444444444444444,0.5,0.4666666666666666,0.0,"[[0, 0], [1, 0], [2, 0]]","[{""abstention_count"": 0, ""f1"": 0.0, ""false_negative"": 2, ""false_positive"": 1, ""label"": 0, ""precision"": 0.0, ""recall"": 0.0, ""retained_support"": 2, ""support"": 2, ""true_positive"": 0}, {""abstention_count"": 0, ""f1"": 0.4, ""false_negative"": 1, ""false_positive"": 2, ""label"": 1, ""precision"": 0.3333333333333333, ""recall"": 0.5, ""retained_support"": 2, ""support"": 2, ""true_positive"": 1}, {""abstention_count"": 0, ""f1"": 1.0, ""false_negative"": 0, ""false_positive"": 0, ""label"": 2, ""precision"": 1.0, ""recall"": 1.0, ""retained_support"": 1, ""support"": 1, ""true_positive"": 1}]",retained_only,1.0,0.472669286227901,"[[0, 2, 0], [1, 1, 0], [0, 0, 1]]","[0, 1, 2]","[{""f1"": 0.0, ""label"": 0, ""precision"": 0.0, ""recall"": 0.0, ""support"": 2}, {""f1"": 0.4, ""label"": 1, ""precision"": 0.3333333333333333, ""recall"": 0.5, ""support"": 2}, {""f1"": 1.0, ""label"": 2, ""precision"": 1.0, ""recall"": 1.0, ""support"": 1}]",passed
compact_cnn__b4_star_fixed10,1,4,0.5,0.43333333333333335,0.5,0.38888888888888884,0.5,0.43333333333333335,0.0,"[[0, 0], [1, 0], [2, 0]]","[{""abstention_count"": 0, ""f1"": 0.8, ""false_negative"": 0, ""false_positive"": 1, ""label"": 0, ""precision"": 0.6666666666666666, ""recall"": 1.0, ""retained_support"": 2, ""support"": 2, ""true_positive"": 2}, {""abstention_count"": 0, ""f1"": 0.5, ""false_negative"": 1, ""false_positive"": 1, ""label"": 1, ""precision"": 0.5, ""recall"": 0.5, ""retained_support"": 2, ""support"": 2, ""true_positive"": 1}, {""abstention_count"": 0, ""f1"": 0.0, ""false_negative"": 1, ""false_positive"": 0, ""label"": 2, ""precision"": 0.0, ""recall"": 0.0, ""retained_support"": 1, ""support"": 1, ""true_positive"": 0}]",retained_only,1.0,0.47603058863530895,"[[2, 0, 0], [1, 1, 0], [0, 1, 0]]","[0, 1, 2]","[{""f1"": 0.8, ""label"": 0, ""precision"": 0.6666666666666666, ""recall"": 1.0, ""support"": 2}, {""f1"": 0.5, ""label"": 1, ""precision"": 0.5, ""recall"": 0.5, ""support"": 2}, {""f1"": 0.0, ""label"": 2, ""precision"": 0.0, ""recall"": 0.0, ""support"": 1}]",passed
compact_cnn__b4_star_fixed10,2,0,0.5555555555555555,0.38888888888888884,0.5555555555555555,0.3333333333333333,0.5555555555555555,0.38888888888888884,0.0,"[[0, 0], [1, 0], [2, 0]]","[{""abstention_count"": 0, ""f1"": 0.0, ""false_negative"": 2, ""false_positive"": 0, ""label"": 0, ""precision"": 0.0, ""recall"": 0.0, ""retained_support"": 2, ""support"": 2, ""true_positive"": 0}, {""abstention_count"": 0, ""f1"": 0.6666666666666666, ""false_negative"": 1, ""false_positive"": 1, ""label"": 1, ""precision"": 0.6666666666666666, ""recall"": 0.6666666666666666, ""retained_support"": 3, ""support"": 3, ""true_positive"": 2}, {""abstention_count"": 0, ""f1"": 0.5, ""false_negative"": 0, ""false_positive"": 2, ""label"": 2, ""precision"": 0.3333333333333333, ""recall"": 1.0, ""retained_support"": 1, ""support"": 1, ""true_positive"": 1}]",retained_only,1.0,0.40163977417290314,"[[0, 1, 1], [0, 2, 1], [0, 0, 1]]","[0, 1, 2]","[{""f1"": 0.0, ""label"": 0, ""precision"": 0.0, ""recall"": 0.0, ""support"": 2}, {""f1"": 0.6666666666666666, ""label"": 1, ""precision"": 0.6666666666666666, ""recall"": 0.6666666666666666, ""support"": 3}, {""f1"": 0.5, ""label"": 2, ""precision"": 0.3333333333333333, ""recall"": 1.0, ""support"": 1}]",passed
compact_cnn__b4_star_fixed10,2,1,0.5,0.5222222222222223,0.5,0.611111111111111,0.5,0.5222222222222223,0.0,"[[0, 0], [1, 0], [2, 0]]","[{""abstention_count"": 0, ""f1"": 0.5, ""false_negative"": 1, ""false_positive"": 1, ""label"": 0, ""precision"": 0.5, ""recall"": 0.5, ""retained_support"": 2, ""support"": 2, ""true_positive"": 1}, {""abstention_count"": 0, ""f1"": 0.4, ""false_negative"": 1, ""false_positive"": 2, ""label"": 1, ""precision"": 0.3333333333333333, ""recall"": 0.5, ""retained_support"": 2, ""support"": 2, ""true_positive"": 1}, {""abstention_count"": 0, ""f1"": 0.6666666666666666, ""false_negative"": 1, ""false_positive"": 0, ""label"": 2, ""precision"": 1.0, ""recall"": 0.5, ""retained_support"": 2, ""support"": 2, ""true_positive"": 1}]",retained_only,1.0,0.5817613700477777,"[[1, 1, 0], [1, 1, 0], [0, 1, 1]]","[0, 1, 2]","[{""f1"": 0.5, ""label"": 0, ""precision"": 0.5, ""recall"": 0.5, ""support"": 2}, {""f1"": 0.4, ""label"": 1, ""precision"": 0.3333333333333333, ""recall"": 0.5, ""support"": 2}, {""f1"": 0.6666666666666666, ""label"": 2, ""precision"": 1.0, ""recall"": 0.5, ""support"": 2}]",passed
compact_cnn__b4_star_fixed10,2,2,0.611111111111111,0.5,0.611111111111111,0.611111111111111,0.611111111111111,0.5,0.0,"[[0, 0], [1, 0], [2, 0]]","[{""abstention_count"": 0, ""f1"": 0.5, ""false_negative"": 0, ""false_positive"": 2, ""label"": 0, ""precision"": 0.3333333333333333, ""recall"": 1.0, ""retained_support"": 1, ""support"": 1, ""true_positive"": 1}, {""abstention_count"": 0, ""f1"": 0.5, ""false_negative"": 2, ""false_positive"": 0, ""label"": 1, ""precision"": 1.0, ""recall"": 0.3333333333333333, ""retained_support"": 3, ""support"": 3, ""true_positive"": 1}, {""abstention_count"": 0, ""f1"": 0.5, ""false_negative"": 1, ""false_positive"": 1, ""label"": 2, ""precision"": 0.5, ""recall"": 0.5, ""retained_support"": 2, ""support"": 2, ""true_positive"": 1}]",retained_only,1.0,0.3404862272955635,"[[1, 0, 0], [1, 1, 1], [1, 0, 1]]","[0, 1, 2]","[{""f1"": 0.5, ""label"": 0, ""precision"": 0.3333333333333333, ""recall"": 1.0, ""support"": 1}, {""f1"": 0.5, ""label"": 1, ""precision"": 1.0, ""recall"": 0.3333333333333333, ""support"": 3}, {""f1"": 0.5, ""label"": 2, ""precision"": 0.5, ""recall"": 0.5, ""support"": 2}]",passed
compact_cnn__b4_star_fixed10,2,3,0.3333333333333333,0.26666666666666666,0.3333333333333333,0.2222222222222222,0.3333333333333333,0.26666666666666666,0.0,"[[0, 0], [1, 0], [2, 0]]","[{""abstention_count"": 0, ""f1"": 0.4, ""false_negative"": 1, ""false_positive"": 2, ""label"": 0, ""precision"": 0.3333333333333333, ""recall"": 0.5, ""retained_support"": 2, ""support"": 2, ""true_positive"": 1}, {""abstention_count"": 0, ""f1"": 0.4, ""false_negative"": 1, ""false_positive"": 2, ""label"": 1, ""precision"": 0.3333333333333333, ""recall"": 0.5, ""retained_support"": 2, ""support"": 2, ""true_positive"": 1}, {""abstention_count"": 0, ""f1"": 0.0, ""false_negative"": 2, ""false_positive"": 0, ""label"": 2, ""precision"": 0.0, ""recall"": 0.0, ""retained_support"": 2, ""support"": 2, ""true_positive"": 0}]",retained_only,1.0,0.4837087855340408,"[[1, 1, 0], [1, 1, 0], [1, 1, 0]]","[0, 1, 2]","[{""f1"": 0.4, ""label"": 0, ""precision"": 0.3333333333333333, ""recall"": 0.5, ""support"": 2}, {""f1"": 0.4, ""label"": 1, ""precision"": 0.3333333333333333, ""recall"": 0.5, ""support"": 2}, {""f1"": 0.0, ""label"": 2, ""precision"": 0.0, ""recall"": 0.0, ""support"": 2}]",passed
compact_cnn__b4_star_fixed10,2,4,0.3333333333333333,0.19047619047619047,0.3333333333333333,0.13333333333333333,0.3333333333333333,0.1904761904761905,0.0,"[[0, 0], [1, 0], [2, 0]]","[{""abstention_count"": 0, ""f1"": 0.0, ""false_negative"": 2, ""false_positive"": 0, ""label"": 0, ""precision"": 0.0, ""recall"": 0.0, ""retained_support"": 2, ""support"": 2, ""true_positive"": 0}, {""abstention_count"": 0, ""f1"": 0.5714285714285715, ""false_negative"": 0, ""false_positive"": 3, ""label"": 1, ""precision"": 0.4, ""recall"": 1.0, ""retained_support"": 2, ""support"": 2, ""true_positive"": 2}, {""abstention_count"": 0, ""f1"": 0.0, ""false_negative"": 1, ""false_positive"": 0, ""label"": 2, ""precision"": 0.0, ""recall"": 0.0, ""retained_support"": 1, ""support"": 1, ""true_positive"": 0}]",retained_only,1.0,0.3370836855644433,"[[0, 2, 0], [0, 2, 0], [0, 1, 0]]","[0, 1, 2]","[{""f1"": 0.0, ""label"": 0, ""precision"": 0.0, ""recall"": 0.0, ""support"": 2}, {""f1"": 0.5714285714285714, ""label"": 1, ""precision"": 0.4, ""recall"": 1.0, ""support"": 2}, {""f1"": 0.0, ""label"": 2, ""precision"": 0.0, ""recall"": 0.0, ""support"": 1}]",passed
compact_cnn__b4_star_fixed10,3,0,0.7777777777777777,0.7222222222222222,0.7777777777777777,0.8333333333333334,0.7777777777777777,0.7222222222222222,0.0,"[[0, 0], [1, 0], [2, 0]]","[{""abstention_count"": 0, ""f1"": 0.6666666666666666, ""false_negative"": 0, ""false_positive"": 2, ""label"": 0, ""precision"": 0.5, ""recall"": 1.0, ""retained_support"": 2, ""support"": 2, ""true_positive"": 2}, {""abstention_count"": 0, ""f1"": 0.5, ""false_negative"": 2, ""false_positive"": 0, ""label"": 1, ""precision"": 1.0, ""recall"": 0.3333333333333333, ""retained_support"": 3, ""support"": 3, ""true_positive"": 1}, {""abstention_count"": 0, ""f1"": 1.0, ""false_negative"": 0, ""false_positive"": 0, ""label"": 2, ""precision"": 1.0, ""recall"": 1.0, ""retained_support"": 1, ""support"": 1, ""true_positive"": 1}]",retained_only,1.0,0.27248609723999434,"[[2, 0, 0], [2, 1, 0], [0, 0, 1]]","[0, 1, 2]","[{""f1"": 0.6666666666666666, ""label"": 0, ""precision"": 0.5, ""recall"": 1.0, ""support"": 2}, {""f1"": 0.5, ""label"": 1, ""precision"": 1.0, ""recall"": 0.3333333333333333, ""support"": 3}, {""f1"": 1.0, ""label"": 2, ""precision"": 1.0, ""recall"": 1.0, ""support"": 1}]",passed
compact_cnn__b4_star_fixed10,3,1,0.3333333333333333,0.27777777777777773,0.3333333333333333,0.25,0.3333333333333333,0.27777777777777773,0.0,"[[0, 0], [1, 0], [2, 0]]","[{""abstention_count"": 0, ""f1"": 0.3333333333333333, ""false_negative"": 1, ""false_positive"": 3, ""label"": 0, ""precision"": 0.25, ""recall"": 0.5, ""retained_support"": 2, ""support"": 2, ""true_positive"": 1}, {""abstention_count"": 0, ""f1"": 0.0, ""false_negative"": 2, ""false_positive"": 0, ""label"": 1, ""precision"": 0.0, ""recall"": 0.0, ""retained_support"": 2, ""support"": 2, ""true_positive"": 0}, {""abstention_count"": 0, ""f1"": 0.5, ""false_negative"": 1, ""false_positive"": 1, ""label"": 2, ""precision"": 0.5, ""recall"": 0.5, ""retained_support"": 2, ""support"": 2, ""true_positive"": 1}]",retained_only,1.0,0.40493250519648594,"[[1, 0, 1], [2, 0, 0], [1, 0, 1]]","[0, 1, 2]","[{""f1"": 0.3333333333333333, ""label"": 0, ""precision"": 0.25, ""recall"": 0.5, ""support"": 2}, {""f1"": 0.0, ""label"": 1, ""precision"": 0.0, ""recall"": 0.0, ""support"": 2}, {""f1"": 0.5, ""label"": 2, ""precision"": 0.5, ""recall"": 0.5, ""support"": 2}]",passed
compact_cnn__b4_star_fixed10,3,2,0.3333333333333333,0.3,0.3333333333333333,0.27777777777777773,0.3333333333333333,0.3,0.0,"[[0, 0], [1, 0], [2, 0]]","[{""abstention_count"": 0, ""f1"": 0.4, ""false_negative"": 1, ""false_positive"": 2, ""label"": 0, ""precision"": 0.3333333333333333, ""recall"": 0.5, ""retained_support"": 2, ""support"": 2, ""true_positive"": 1}, {""abstention_count"": 0, ""f1"": 0.0, ""false_negative"": 2, ""false_positive"": 1, ""label"": 1, ""precision"": 0.0, ""recall"": 0.0, ""retained_support"": 2, ""support"": 2, ""true_positive"": 0}, {""abstention_count"": 0, ""f1"": 0.5, ""false_negative"": 1, ""false_positive"": 1, ""label"": 2, ""precision"": 0.5, ""recall"": 0.5, ""retained_support"": 2, ""support"": 2, ""true_positive"": 1}]",retained_only,1.0,0.46980732404530345,"[[1, 1, 0], [1, 0, 1], [1, 0, 1]]","[0, 1, 2]","[{""f1"": 0.4, ""label"": 0, ""precision"": 0.3333333333333333, ""recall"": 0.5, ""support"": 2}, {""f1"": 0.0, ""label"": 1, ""precision"": 0.0, ""recall"": 0.0, ""support"": 2}, {""f1"": 0.5, ""label"": 2, ""precision"": 0.5, ""recall"": 0.5, ""support"": 2}]",passed
compact_cnn__b4_star_fixed10,3,3,0.3333333333333333,0.19047619047619047,0.3333333333333333,0.13333333333333333,0.3333333333333333,0.1904761904761905,0.0,"[[0, 0], [1, 0], [2, 0]]","[{""abstention_count"": 0, ""f1"": 0.5714285714285715, ""false_negative"": 0, ""false_positive"": 3, ""label"": 0, ""precision"": 0.4, ""recall"": 1.0, ""retained_support"": 2, ""support"": 2, ""true_positive"": 2}, {""abstention_count"": 0, ""f1"": 0.0, ""false_negative"": 2, ""false_positive"": 1, ""label"": 1, ""precision"": 0.0, ""recall"": 0.0, ""retained_support"": 2, ""support"": 2, ""true_positive"": 0}, {""abstention_count"": 0, ""f1"": 0.0, ""false_negative"": 2, ""false_positive"": 0, ""label"": 2, ""precision"": 0.0, ""recall"": 0.0, ""retained_support"": 2, ""support"": 2, ""true_positive"": 0}]",retained_only,1.0,0.519875418112945,"[[2, 0, 0], [2, 0, 0], [1, 1, 0]]","[0, 1, 2]","[{""f1"": 0.5714285714285714, ""label"": 0, ""precision"": 0.4, ""recall"": 1.0, ""support"": 2}, {""f1"": 0.0, ""label"": 1, ""precision"": 0.0, ""recall"": 0.0, ""support"": 2}, {""f1"": 0.0, ""label"": 2, ""precision"": 0.0, ""recall"": 0.0, ""support"": 2}]",passed
compact_cnn__b4_star_fixed10,3,4,0.5555555555555555,0.4444444444444444,0.5555555555555555,0.38888888888888884,0.5555555555555555,0.4444444444444444,0.0,"[[0, 0], [1, 0], [2, 0]]","[{""abstention_count"": 0, ""f1"": 0.0, ""false_negative"": 1, ""false_positive"": 0, ""label"": 0, ""precision"": 0.0, ""recall"": 0.0, ""retained_support"": 1, ""support"": 1, ""true_positive"": 0}, {""abstention_count"": 0, ""f1"": 0.6666666666666666, ""false_negative"": 1, ""false_positive"": 1, ""label"": 1, ""precision"": 0.6666666666666666, ""recall"": 0.6666666666666666, ""retained_support"": 3, ""support"": 3, ""true_positive"": 2}, {""abstention_count"": 0, ""f1"": 0.6666666666666666, ""false_negative"": 0, ""false_positive"": 1, ""label"": 2, ""precision"": 0.5, ""recall"": 1.0, ""retained_support"": 1, ""support"": 1, ""true_positive"": 1}]",retained_only,1.0,0.29199186795415716,"[[0, 1, 0], [0, 2, 1], [0, 0, 1]]","[0, 1, 2]","[{""f1"": 0.0, ""label"": 0, ""precision"": 0.0, ""recall"": 0.0, ""support"": 1}, {""f1"": 0.6666666666666666, ""label"": 1, ""precision"": 0.6666666666666666, ""recall"": 0.6666666666666666, ""support"": 3}, {""f1"": 0.6666666666666666, ""label"": 2, ""precision"": 0.5, ""recall"": 1.0, ""support"": 1}]",passed
compact_cnn__b4_star_fixed10,4,0,0.5,0.38888888888888884,0.5,0.3333333333333333,0.5,0.38888888888888884,0.0,"[[0, 0], [1, 0], [2, 0]]","[{""abstention_count"": 0, ""f1"": 0.6666666666666666, ""false_negative"": 0, ""false_positive"": 2, ""label"": 0, ""precision"": 0.5, ""recall"": 1.0, ""retained_support"": 2, ""support"": 2, ""true_positive"": 2}, {""abstention_count"": 0, ""f1"": 0.5, ""false_negative"": 1, ""false_positive"": 1, ""label"": 1, ""precision"": 0.5, ""recall"": 0.5, ""retained_support"": 2, ""support"": 2, ""true_positive"": 1}, {""abstention_count"": 0, ""f1"": 0.0, ""false_negative"": 2, ""false_positive"": 0, ""label"": 2, ""precision"": 0.0, ""recall"": 0.0, ""retained_support"": 2, ""support"": 2, ""true_positive"": 0}]",retained_only,1.0,0.3685815090389001,"[[2, 0, 0], [1, 1, 0], [1, 1, 0]]","[0, 1, 2]","[{""f1"": 0.6666666666666666, ""label"": 0, ""precision"": 0.5, ""recall"": 1.0, ""support"": 2}, {""f1"": 0.5, ""label"": 1, ""precision"": 0.5, ""recall"": 0.5, ""support"": 2}, {""f1"": 0.0, ""label"": 2, ""precision"": 0.0, ""recall"": 0.0, ""support"": 2}]",passed
compact_cnn__b4_star_fixed10,4,1,0.27777777777777773,0.26666666666666666,0.27777777777777773,0.27777777777777773,0.27777777777777773,0.26666666666666666,0.0,"[[0, 0], [1, 0], [2, 0]]","[{""abstention_count"": 0, ""f1"": 0.4, ""false_negative"": 1, ""false_positive"": 2, ""label"": 0, ""precision"": 0.3333333333333333, ""recall"": 0.5, ""retained_support"": 2, ""support"": 2, ""true_positive"": 1}, {""abstention_count"": 0, ""f1"": 0.4, ""false_negative"": 2, ""false_positive"": 1, ""label"": 1, ""precision"": 0.5, ""recall"": 0.3333333333333333, ""retained_support"": 3, ""support"": 3, ""true_positive"": 1}, {""abstention_count"": 0, ""f1"": 0.0, ""false_negative"": 1, ""false_positive"": 1, ""label"": 2, ""precision"": 0.0, ""recall"": 0.0, ""retained_support"": 1, ""support"": 1, ""true_positive"": 0}]",retained_only,1.0,0.46500265920871786,"[[1, 1, 0], [1, 1, 1], [1, 0, 0]]","[0, 1, 2]","[{""f1"": 0.4, ""label"": 0, ""precision"": 0.3333333333333333, ""recall"": 0.5, ""support"": 2}, {""f1"": 0.4, ""label"": 1, ""precision"": 0.5, ""recall"": 0.3333333333333333, ""support"": 3}, {""f1"": 0.0, ""label"": 2, ""precision"": 0.0, ""recall"": 0.0, ""support"": 1}]",passed
compact_cnn__b4_star_fixed10,4,2,0.611111111111111,0.6,0.611111111111111,0.611111111111111,0.611111111111111,0.6,0.0,"[[0, 0], [1, 0], [2, 0]]","[{""abstention_count"": 0, ""f1"": 0.4, ""false_negative"": 1, ""false_positive"": 2, ""label"": 0, ""precision"": 0.3333333333333333, ""recall"": 0.5, ""retained_support"": 2, ""support"": 2, ""true_positive"": 1}, {""abstention_count"": 0, ""f1"": 0.4, ""false_negative"": 2, ""false_positive"": 1, ""label"": 1, ""precision"": 0.5, ""recall"": 0.3333333333333333, ""retained_support"": 3, ""support"": 3, ""true_positive"": 1}, {""abstention_count"": 0, ""f1"": 1.0, ""false_negative"": 0, ""false_positive"": 0, ""label"": 2, ""precision"": 1.0, ""recall"": 1.0, ""retained_support"": 1, ""support"": 1, ""true_positive"": 1}]",retained_only,1.0,0.4670941736662507,"[[1, 1, 0], [2, 1, 0], [0, 0, 1]]","[0, 1, 2]","[{""f1"": 0.4, ""label"": 0, ""precision"": 0.3333333333333333, ""recall"": 0.5, ""support"": 2}, {""f1"": 0.4, ""label"": 1, ""precision"": 0.5, ""recall"": 0.3333333333333333, ""support"": 3}, {""f1"": 1.0, ""label"": 2, ""precision"": 1.0, ""recall"": 1.0, ""support"": 1}]",passed
compact_cnn__b4_star_fixed10,4,3,0.8333333333333334,0.7777777777777777,0.8333333333333334,0.8333333333333334,0.8333333333333334,0.7777777777777777,0.0,"[[0, 0], [1, 0], [2, 0]]","[{""abstention_count"": 0, ""f1"": 0.6666666666666666, ""false_negative"": 0, ""false_positive"": 1, ""label"": 0, ""precision"": 0.5, ""recall"": 1.0, ""retained_support"": 1, ""support"": 1, ""true_positive"": 1}, {""abstention_count"": 0, ""f1"": 1.0, ""false_negative"": 0, ""false_positive"": 0, ""label"": 1, ""precision"": 1.0, ""recall"": 1.0, ""retained_support"": 2, ""support"": 2, ""true_positive"": 2}, {""abstention_count"": 0, ""f1"": 0.6666666666666666, ""false_negative"": 1, ""false_positive"": 0, ""label"": 2, ""precision"": 1.0, ""recall"": 0.5, ""retained_support"": 2, ""support"": 2, ""true_positive"": 1}]",retained_only,1.0,0.2581229718485695,"[[1, 0, 0], [0, 2, 0], [1, 0, 1]]","[0, 1, 2]","[{""f1"": 0.6666666666666666, ""label"": 0, ""precision"": 0.5, ""recall"": 1.0, ""support"": 1}, {""f1"": 1.0, ""label"": 1, ""precision"": 1.0, ""recall"": 1.0, ""support"": 2}, {""f1"": 0.6666666666666666, ""label"": 2, ""precision"": 1.0, ""recall"": 0.5, ""support"": 2}]",passed
compact_cnn__b4_star_fixed10,4,4,0.0,0.0,0.0,0.0,0.0,0.0,0.0,"[[0, 0], [1, 0], [2, 0]]","[{""abstention_count"": 0, ""f1"": 0.0, ""false_negative"": 2, ""false_positive"": 0, ""label"": 0, ""precision"": 0.0, ""recall"": 0.0, ""retained_support"": 2, ""support"": 2, ""true_positive"": 0}, {""abstention_count"": 0, ""f1"": 0.0, ""false_negative"": 2, ""false_positive"": 3, ""label"": 1, ""precision"": 0.0, ""recall"": 0.0, ""retained_support"": 2, ""support"": 2, ""true_positive"": 0}, {""abstention_count"": 0, ""f1"": 0.0, ""false_negative"": 2, ""false_positive"": 3, ""label"": 2, ""precision"": 0.0, ""recall"": 0.0, ""retained_support"": 2, ""support"": 2, ""true_positive"": 0}]",retained_only,1.0,0.6928216367113377,"[[0, 1, 1], [0, 0, 2], [0, 2, 0]]","[0, 1, 2]","[{""f1"": 0.0, ""label"": 0, ""precision"": 0.0, ""recall"": 0.0, ""support"": 2}, {""f1"": 0.0, ""label"": 1, ""precision"": 0.0, ""recall"": 0.0, ""support"": 2}, {""f1"": 0.0, ""label"": 2, ""precision"": 0.0, ""recall"": 0.0, ""support"": 2}]",passed
inception_full__b4_star_fixed10,0,0,0.0,0.0,0.0,0.0,0.0,0.0,0.0,"[[0, 0], [1, 0], [2, 0]]","[{""abstention_count"": 0, ""f1"": 0.0, ""false_negative"": 2, ""false_positive"": 3, ""label"": 0, ""precision"": 0.0, ""recall"": 0.0, ""retained_support"": 2, ""support"": 2, ""true_positive"": 0}, {""abstention_count"": 0, ""f1"": 0.0, ""false_negative"": 2, ""false_positive"": 2, ""label"": 1, ""precision"": 0.0, ""recall"": 0.0, ""retained_support"": 2, ""support"": 2, ""true_positive"": 0}, {""abstention_count"": 0, ""f1"": 0.0, ""false_negative"": 2, ""false_positive"": 1, ""label"": 2, ""precision"": 0.0, ""recall"": 0.0, ""retained_support"": 2, ""support"": 2, ""true_positive"": 0}]",retained_only,1.0,0.7564362114555638,"[[0, 1, 1], [2, 0, 0], [1, 1, 0]]","[0, 1, 2]","[{""f1"": 0.0, ""label"": 0, ""precision"": 0.0, ""recall"": 0.0, ""support"": 2}, {""f1"": 0.0, ""label"": 1, ""precision"": 0.0, ""recall"": 0.0, ""support"": 2}, {""f1"": 0.0, ""label"": 2, ""precision"": 0.0, ""recall"": 0.0, ""support"": 2}]",passed
inception_full__b4_star_fixed10,0,1,0.5555555555555555,0.4444444444444444,0.5555555555555555,0.38888888888888884,0.5555555555555555,0.4444444444444444,0.0,"[[0, 0], [1, 0], [2, 0]]","[{""abstention_count"": 0, ""f1"": 0.0, ""false_negative"": 2, ""false_positive"": 1, ""label"": 0, ""precision"": 0.0, ""recall"": 0.0, ""retained_support"": 2, ""support"": 2, ""true_positive"": 0}, {""abstention_count"": 0, ""f1"": 0.6666666666666666, ""false_negative"": 1, ""false_positive"": 1, ""label"": 1, ""precision"": 0.6666666666666666, ""recall"": 0.6666666666666666, ""retained_support"": 3, ""support"": 3, ""true_positive"": 2}, {""abstention_count"": 0, ""f1"": 0.6666666666666666, ""false_negative"": 0, ""false_positive"": 1, ""label"": 2, ""precision"": 0.5, ""recall"": 1.0, ""retained_support"": 1, ""support"": 1, ""true_positive"": 1}]",retained_only,1.0,0.41526426814088524,"[[0, 1, 1], [1, 2, 0], [0, 0, 1]]","[0, 1, 2]","[{""f1"": 0.0, ""label"": 0, ""precision"": 0.0, ""recall"": 0.0, ""support"": 2}, {""f1"": 0.6666666666666666, ""label"": 1, ""precision"": 0.6666666666666666, ""recall"": 0.6666666666666666, ""support"": 3}, {""f1"": 0.6666666666666666, ""label"": 2, ""precision"": 0.5, ""recall"": 1.0, ""support"": 1}]",passed
inception_full__b4_star_fixed10,0,2,0.5,0.5222222222222223,0.5,0.611111111111111,0.5,0.5222222222222223,0.0,"[[0, 0], [1, 0], [2, 0]]","[{""abstention_count"": 0, ""f1"": 0.6666666666666666, ""false_negative"": 1, ""false_positive"": 0, ""label"": 0, ""precision"": 1.0, ""recall"": 0.5, ""retained_support"": 2, ""support"": 2, ""true_positive"": 1}, {""abstention_count"": 0, ""f1"": 0.4, ""false_negative"": 1, ""false_positive"": 2, ""label"": 1, ""precision"": 0.3333333333333333, ""recall"": 0.5, ""retained_support"": 2, ""support"": 2, ""true_positive"": 1}, {""abstention_count"": 0, ""f1"": 0.5, ""false_negative"": 1, ""false_positive"": 1, ""label"": 2, ""precision"": 0.5, ""recall"": 0.5, ""retained_support"": 2, ""support"": 2, ""true_positive"": 1}]",retained_only,1.0,0.4090987627632868,"[[1, 1, 0], [0, 1, 1], [0, 1, 1]]","[0, 1, 2]","[{""f1"": 0.6666666666666666, ""label"": 0, ""precision"": 1.0, ""recall"": 0.5, ""support"": 2}, {""f1"": 0.4, ""label"": 1, ""precision"": 0.3333333333333333, ""recall"": 0.5, ""support"": 2}, {""f1"": 0.5, ""label"": 2, ""precision"": 0.5, ""recall"": 0.5, ""support"": 2}]",passed
inception_full__b4_star_fixed10,0,3,0.5,0.4444444444444444,0.5,0.5,0.5,0.4444444444444444,0.0,"[[0, 0], [1, 0], [2, 0]]","[{""abstention_count"": 0, ""f1"": 0.0, ""false_negative"": 2, ""false_positive"": 1, ""label"": 0, ""precision"": 0.0, ""recall"": 0.0, ""retained_support"": 2, ""support"": 2, ""true_positive"": 0}, {""abstention_count"": 0, ""f1"": 0.6666666666666666, ""false_negative"": 0, ""false_positive"": 2, ""label"": 1, ""precision"": 0.5, ""recall"": 1.0, ""retained_support"": 2, ""support"": 2, ""true_positive"": 2}, {""abstention_count"": 0, ""f1"": 0.6666666666666666, ""false_negative"": 1, ""false_positive"": 0, ""label"": 2, ""precision"": 1.0, ""recall"": 0.5, ""retained_support"": 2, ""support"": 2, ""true_positive"": 1}]",retained_only,1.0,0.6036919994147258,"[[0, 2, 0], [0, 2, 0], [1, 0, 1]]","[0, 1, 2]","[{""f1"": 0.0, ""label"": 0, ""precision"": 0.0, ""recall"": 0.0, ""support"": 2}, {""f1"": 0.6666666666666666, ""label"": 1, ""precision"": 0.5, ""recall"": 1.0, ""support"": 2}, {""f1"": 0.6666666666666666, ""label"": 2, ""precision"": 1.0, ""recall"": 0.5, ""support"": 2}]",passed
inception_full__b4_star_fixed10,0,4,0.4444444444444444,0.3,0.4444444444444444,0.27777777777777773,0.4444444444444444,0.3,0.0,"[[0, 0], [1, 0], [2, 0]]","[{""abstention_count"": 0, ""f1"": 0.5, ""false_negative"": 0, ""false_positive"": 2, ""label"": 0, ""precision"": 0.3333333333333333, ""recall"": 1.0, ""retained_support"": 1, ""support"": 1, ""true_positive"": 1}, {""abstention_count"": 0, ""f1"": 0.4, ""false_negative"": 2, ""false_positive"": 1, ""label"": 1, ""precision"": 0.5, ""recall"": 0.3333333333333333, ""retained_support"": 3, ""support"": 3, ""true_positive"": 1}, {""abstention_count"": 0, ""f1"": 0.0, ""false_negative"": 1, ""false_positive"": 0, ""label"": 2, ""precision"": 0.0, ""recall"": 0.0, ""retained_support"": 1, ""support"": 1, ""true_positive"": 0}]",retained_only,1.0,0.38453952092358956,"[[1, 0, 0], [2, 1, 0], [0, 1, 0]]","[0, 1, 2]","[{""f1"": 0.5, ""label"": 0, ""precision"": 0.3333333333333333, ""recall"": 1.0, ""support"": 1}, {""f1"": 0.4, ""label"": 1, ""precision"": 0.5, ""recall"": 0.3333333333333333, ""support"": 3}, {""f1"": 0.0, ""label"": 2, ""precision"": 0.0, ""recall"": 0.0, ""support"": 1}]",passed
inception_full__b4_star_fixed10,1,0,0.2222222222222222,0.19047619047619047,0.2222222222222222,0.16666666666666666,0.2222222222222222,0.1904761904761905,0.0,"[[0, 0], [1, 0], [2, 0]]","[{""abstention_count"": 0, ""f1"": 0.0, ""false_negative"": 2, ""false_positive"": 2, ""label"": 0, ""precision"": 0.0, ""recall"": 0.0, ""retained_support"": 2, ""support"": 2, ""true_positive"": 0}, {""abstention_count"": 0, ""f1"": 0.5714285714285715, ""false_negative"": 1, ""false_positive"": 2, ""label"": 1, ""precision"": 0.5, ""recall"": 0.6666666666666666, ""retained_support"": 3, ""support"": 3, ""true_positive"": 2}, {""abstention_count"": 0, ""f1"": 0.0, ""false_negative"": 2, ""false_positive"": 1, ""label"": 2, ""precision"": 0.0, ""recall"": 0.0, ""retained_support"": 2, ""support"": 2, ""true_positive"": 0}]",retained_only,1.0,0.5262075417198131,"[[0, 1, 1], [1, 2, 0], [1, 1, 0]]","[0, 1, 2]","[{""f1"": 0.0, ""label"": 0, ""precision"": 0.0, ""recall"": 0.0, ""support"": 2}, {""f1"": 0.5714285714285714, ""label"": 1, ""precision"": 0.5, ""recall"": 0.6666666666666666, ""support"": 3}, {""f1"": 0.0, ""label"": 2, ""precision"": 0.0, ""recall"": 0.0, ""support"": 2}]",passed
inception_full__b4_star_fixed10,1,1,0.38888888888888884,0.41269841269841273,0.38888888888888884,0.5,0.38888888888888884,0.41269841269841273,0.0,"[[0, 0], [1, 0], [2, 0]]","[{""abstention_count"": 0, ""f1"": 0.0, ""false_negative"": 1, ""false_positive"": 1, ""label"": 0, ""precision"": 0.0, ""recall"": 0.0, ""retained_support"": 1, ""support"": 1, ""true_positive"": 0}, {""abstention_count"": 0, ""f1"": 0.5714285714285715, ""false_negative"": 1, ""false_positive"": 2, ""label"": 1, ""precision"": 0.5, ""recall"": 0.6666666666666666, ""retained_support"": 3, ""support"": 3, ""true_positive"": 2}, {""abstention_count"": 0, ""f1"": 0.6666666666666666, ""false_negative"": 1, ""false_positive"": 0, ""label"": 2, ""precision"": 1.0, ""recall"": 0.5, ""retained_support"": 2, ""support"": 2, ""true_positive"": 1}]",retained_only,1.0,0.40411003043925253,"[[0, 1, 0], [1, 2, 0], [0, 1, 1]]","[0, 1, 2]","[{""f1"": 0.0, ""label"": 0, ""precision"": 0.0, ""recall"": 0.0, ""support"": 1}, {""f1"": 0.5714285714285714, ""label"": 1, ""precision"": 0.5, ""recall"": 0.6666666666666666, ""support"": 3}, {""f1"": 0.6666666666666666, ""label"": 2, ""precision"": 1.0, ""recall"": 0.5, ""support"": 2}]",passed
inception_full__b4_star_fixed10,1,2,0.5,0.38888888888888884,0.5,0.3333333333333333,0.5,0.38888888888888884,0.0,"[[0, 0], [1, 0], [2, 0]]","[{""abstention_count"": 0, ""f1"": 0.6666666666666666, ""false_negative"": 0, ""false_positive"": 2, ""label"": 0, ""precision"": 0.5, ""recall"": 1.0, ""retained_support"": 2, ""support"": 2, ""true_positive"": 2}, {""abstention_count"": 0, ""f1"": 0.0, ""false_negative"": 2, ""false_positive"": 0, ""label"": 1, ""precision"": 0.0, ""recall"": 0.0, ""retained_support"": 2, ""support"": 2, ""true_positive"": 0}, {""abstention_count"": 0, ""f1"": 0.5, ""false_negative"": 1, ""false_positive"": 1, ""label"": 2, ""precision"": 0.5, ""recall"": 0.5, ""retained_support"": 2, ""support"": 2, ""true_positive"": 1}]",retained_only,1.0,0.25938506053849675,"[[2, 0, 0], [1, 0, 1], [1, 0, 1]]","[0, 1, 2]","[{""f1"": 0.6666666666666666, ""label"": 0, ""precision"": 0.5, ""recall"": 1.0, ""support"": 2}, {""f1"": 0.0, ""label"": 1, ""precision"": 0.0, ""recall"": 0.0, ""support"": 2}, {""f1"": 0.5, ""label"": 2, ""precision"": 0.5, ""recall"": 0.5, ""support"": 2}]",passed
inception_full__b4_star_fixed10,1,3,0.16666666666666666,0.13333333333333333,0.16666666666666666,0.1111111111111111,0.16666666666666666,0.13333333333333333,0.0,"[[0, 0], [1, 0], [2, 0]]","[{""abstention_count"": 0, ""f1"": 0.0, ""false_negative"": 2, ""false_positive"": 2, ""label"": 0, ""precision"": 0.0, ""recall"": 0.0, ""retained_support"": 2, ""support"": 2, ""true_positive"": 0}, {""abstention_count"": 0, ""f1"": 0.4, ""false_negative"": 1, ""false_positive"": 2, ""label"": 1, ""precision"": 0.3333333333333333, ""recall"": 0.5, ""retained_support"": 2, ""support"": 2, ""true_positive"": 1}, {""abstention_count"": 0, ""f1"": 0.0, ""false_negative"": 1, ""false_positive"": 0, ""label"": 2, ""precision"": 0.0, ""recall"": 0.0, ""retained_support"": 1, ""support"": 1, ""true_positive"": 0}]",retained_only,1.0,0.6584724466073038,"[[0, 2, 0], [1, 1, 0], [1, 0, 0]]","[0, 1, 2]","[{""f1"": 0.0, ""label"": 0, ""precision"": 0.0, ""recall"": 0.0, ""support"": 2}, {""f1"": 0.4, ""label"": 1, ""precision"": 0.3333333333333333, ""recall"": 0.5, ""support"": 2}, {""f1"": 0.0, ""label"": 2, ""precision"": 0.0, ""recall"": 0.0, ""support"": 1}]",passed
inception_full__b4_star_fixed10,1,4,0.3333333333333333,0.3,0.3333333333333333,0.27777777777777773,0.3333333333333333,0.3,0.0,"[[0, 0], [1, 0], [2, 0]]","[{""abstention_count"": 0, ""f1"": 0.5, ""false_negative"": 1, ""false_positive"": 1, ""label"": 0, ""precision"": 0.5, ""recall"": 0.5, ""retained_support"": 2, ""support"": 2, ""true_positive"": 1}, {""abstention_count"": 0, ""f1"": 0.4, ""false_negative"": 1, ""false_positive"": 2, ""label"": 1, ""precision"": 0.3333333333333333, ""recall"": 0.5, ""retained_support"": 2, ""support"": 2, ""true_positive"": 1}, {""abstention_count"": 0, ""f1"": 0.0, ""false_negative"": 1, ""false_positive"": 0, ""label"": 2, ""precision"": 0.0, ""recall"": 0.0, ""retained_support"": 1, ""support"": 1, ""true_positive"": 0}]",retained_only,1.0,0.3596734323027204,"[[1, 1, 0], [1, 1, 0], [0, 1, 0]]","[0, 1, 2]","[{""f1"": 0.5, ""label"": 0, ""precision"": 0.5, ""recall"": 0.5, ""support"": 2}, {""f1"": 0.4, ""label"": 1, ""precision"": 0.3333333333333333, ""recall"": 0.5, ""support"": 2}, {""f1"": 0.0, ""label"": 2, ""precision"": 0.0, ""recall"": 0.0, ""support"": 1}]",passed
inception_full__b4_star_fixed10,2,0,0.5555555555555555,0.38888888888888884,0.5555555555555555,0.3333333333333333,0.5555555555555555,0.38888888888888884,0.0,"[[0, 0], [1, 0], [2, 0]]","[{""abstention_count"": 0, ""f1"": 0.0, ""false_negative"": 2, ""false_positive"": 0, ""label"": 0, ""precision"": 0.0, ""recall"": 0.0, ""retained_support"": 2, ""support"": 2, ""true_positive"": 0}, {""abstention_count"": 0, ""f1"": 0.6666666666666666, ""false_negative"": 1, ""false_positive"": 1, ""label"": 1, ""precision"": 0.6666666666666666, ""recall"": 0.6666666666666666, ""retained_support"": 3, ""support"": 3, ""true_positive"": 2}, {""abstention_count"": 0, ""f1"": 0.5, ""false_negative"": 0, ""false_positive"": 2, ""label"": 2, ""precision"": 0.3333333333333333, ""recall"": 1.0, ""retained_support"": 1, ""support"": 1, ""true_positive"": 1}]",retained_only,1.0,0.41155029790891684,"[[0, 1, 1], [0, 2, 1], [0, 0, 1]]","[0, 1, 2]","[{""f1"": 0.0, ""label"": 0, ""precision"": 0.0, ""recall"": 0.0, ""support"": 2}, {""f1"": 0.6666666666666666, ""label"": 1, ""precision"": 0.6666666666666666, ""recall"": 0.6666666666666666, ""support"": 3}, {""f1"": 0.5, ""label"": 2, ""precision"": 0.3333333333333333, ""recall"": 1.0, ""support"": 1}]",passed
inception_full__b4_star_fixed10,2,1,0.6666666666666666,0.6666666666666666,0.6666666666666666,0.8333333333333334,0.6666666666666666,0.6666666666666666,0.0,"[[0, 0], [1, 0], [2, 0]]","[{""abstention_count"": 0, ""f1"": 0.6666666666666666, ""false_negative"": 1, ""false_positive"": 0, ""label"": 0, ""precision"": 1.0, ""recall"": 0.5, ""retained_support"": 2, ""support"": 2, ""true_positive"": 1}, {""abstention_count"": 0, ""f1"": 0.6666666666666666, ""false_negative"": 0, ""false_positive"": 2, ""label"": 1, ""precision"": 0.5, ""recall"": 1.0, ""retained_support"": 2, ""support"": 2, ""true_positive"": 2}, {""abstention_count"": 0, ""f1"": 0.6666666666666666, ""false_negative"": 1, ""false_positive"": 0, ""label"": 2, ""precision"": 1.0, ""recall"": 0.5, ""retained_support"": 2, ""support"": 2, ""true_positive"": 1}]",retained_only,1.0,0.4971379846435605,"[[1, 1, 0], [0, 2, 0], [0, 1, 1]]","[0, 1, 2]","[{""f1"": 0.6666666666666666, ""label"": 0, ""precision"": 1.0, ""recall"": 0.5, ""support"": 2}, {""f1"": 0.6666666666666666, ""label"": 1, ""precision"": 0.5, ""recall"": 1.0, ""support"": 2}, {""f1"": 0.6666666666666666, ""label"": 2, ""precision"": 1.0, ""recall"": 0.5, ""support"": 2}]",passed
inception_full__b4_star_fixed10,2,2,0.611111111111111,0.5222222222222223,0.611111111111111,0.75,0.611111111111111,0.5222222222222223,0.0,"[[0, 0], [1, 0], [2, 0]]","[{""abstention_count"": 0, ""f1"": 0.4, ""false_negative"": 0, ""false_positive"": 3, ""label"": 0, ""precision"": 0.25, ""recall"": 1.0, ""retained_support"": 1, ""support"": 1, ""true_positive"": 1}, {""abstention_count"": 0, ""f1"": 0.5, ""false_negative"": 2, ""false_positive"": 0, ""label"": 1, ""precision"": 1.0, ""recall"": 0.3333333333333333, ""retained_support"": 3, ""support"": 3, ""true_positive"": 1}, {""abstention_count"": 0, ""f1"": 0.6666666666666666, ""false_negative"": 1, ""false_positive"": 0, ""label"": 2, ""precision"": 1.0, ""recall"": 0.5, ""retained_support"": 2, ""support"": 2, ""true_positive"": 1}]",retained_only,1.0,0.5226855196689683,"[[1, 0, 0], [2, 1, 0], [1, 0, 1]]","[0, 1, 2]","[{""f1"": 0.4, ""label"": 0, ""precision"": 0.25, ""recall"": 1.0, ""support"": 1}, {""f1"": 0.5, ""label"": 1, ""precision"": 1.0, ""recall"": 0.3333333333333333, ""support"": 3}, {""f1"": 0.6666666666666666, ""label"": 2, ""precision"": 1.0, ""recall"": 0.5, ""support"": 2}]",passed
inception_full__b4_star_fixed10,2,3,0.3333333333333333,0.26666666666666666,0.3333333333333333,0.2222222222222222,0.3333333333333333,0.26666666666666666,0.0,"[[0, 0], [1, 0], [2, 0]]","[{""abstention_count"": 0, ""f1"": 0.4, ""false_negative"": 1, ""false_positive"": 2, ""label"": 0, ""precision"": 0.3333333333333333, ""recall"": 0.5, ""retained_support"": 2, ""support"": 2, ""true_positive"": 1}, {""abstention_count"": 0, ""f1"": 0.4, ""false_negative"": 1, ""false_positive"": 2, ""label"": 1, ""precision"": 0.3333333333333333, ""recall"": 0.5, ""retained_support"": 2, ""support"": 2, ""true_positive"": 1}, {""abstention_count"": 0, ""f1"": 0.0, ""false_negative"": 2, ""false_positive"": 0, ""label"": 2, ""precision"": 0.0, ""recall"": 0.0, ""retained_support"": 2, ""support"": 2, ""true_positive"": 0}]",retained_only,1.0,0.5275992583375286,"[[1, 1, 0], [1, 1, 0], [1, 1, 0]]","[0, 1, 2]","[{""f1"": 0.4, ""label"": 0, ""precision"": 0.3333333333333333, ""recall"": 0.5, ""support"": 2}, {""f1"": 0.4, ""label"": 1, ""precision"": 0.3333333333333333, ""recall"": 0.5, ""support"": 2}, {""f1"": 0.0, ""label"": 2, ""precision"": 0.0, ""recall"": 0.0, ""support"": 2}]",passed
inception_full__b4_star_fixed10,2,4,0.5,0.4444444444444444,0.5,0.5,0.5,0.4444444444444444,0.0,"[[0, 0], [1, 0], [2, 0]]","[{""abstention_count"": 0, ""f1"": 0.6666666666666666, ""false_negative"": 1, ""false_positive"": 0, ""label"": 0, ""precision"": 1.0, ""recall"": 0.5, ""retained_support"": 2, ""support"": 2, ""true_positive"": 1}, {""abstention_count"": 0, ""f1"": 0.6666666666666666, ""false_negative"": 0, ""false_positive"": 2, ""label"": 1, ""precision"": 0.5, ""recall"": 1.0, ""retained_support"": 2, ""support"": 2, ""true_positive"": 2}, {""abstention_count"": 0, ""f1"": 0.0, ""false_negative"": 1, ""false_positive"": 0, ""label"": 2, ""precision"": 0.0, ""recall"": 0.0, ""retained_support"": 1, ""support"": 1, ""true_positive"": 0}]",retained_only,1.0,0.32345072701722766,"[[1, 1, 0], [0, 2, 0], [0, 1, 0]]","[0, 1, 2]","[{""f1"": 0.6666666666666666, ""label"": 0, ""precision"": 1.0, ""recall"": 0.5, ""support"": 2}, {""f1"": 0.6666666666666666, ""label"": 1, ""precision"": 0.5, ""recall"": 1.0, ""support"": 2}, {""f1"": 0.0, ""label"": 2, ""precision"": 0.0, ""recall"": 0.0, ""support"": 1}]",passed
inception_full__b4_star_fixed10,3,0,0.611111111111111,0.5222222222222223,0.611111111111111,0.611111111111111,0.611111111111111,0.5222222222222223,0.0,"[[0, 0], [1, 0], [2, 0]]","[{""abstention_count"": 0, ""f1"": 0.4, ""false_negative"": 1, ""false_positive"": 2, ""label"": 0, ""precision"": 0.3333333333333333, ""recall"": 0.5, ""retained_support"": 2, ""support"": 2, ""true_positive"": 1}, {""abstention_count"": 0, ""f1"": 0.5, ""false_negative"": 2, ""false_positive"": 0, ""label"": 1, ""precision"": 1.0, ""recall"": 0.3333333333333333, ""retained_support"": 3, ""support"": 3, ""true_positive"": 1}, {""abstention_count"": 0, ""f1"": 0.6666666666666666, ""false_negative"": 0, ""false_positive"": 1, ""label"": 2, ""precision"": 0.5, ""recall"": 1.0, ""retained_support"": 1, ""support"": 1, ""true_positive"": 1}]",retained_only,1.0,0.2998294174744924,"[[1, 0, 1], [2, 1, 0], [0, 0, 1]]","[0, 1, 2]","[{""f1"": 0.4, ""label"": 0, ""precision"": 0.3333333333333333, ""recall"": 0.5, ""support"": 2}, {""f1"": 0.5, ""label"": 1, ""precision"": 1.0, ""recall"": 0.3333333333333333, ""support"": 3}, {""f1"": 0.6666666666666666, ""label"": 2, ""precision"": 0.5, ""recall"": 1.0, ""support"": 1}]",passed
inception_full__b4_star_fixed10,3,1,0.5,0.5222222222222223,0.5,0.611111111111111,0.5,0.5222222222222223,0.0,"[[0, 0], [1, 0], [2, 0]]","[{""abstention_count"": 0, ""f1"": 0.4, ""false_negative"": 1, ""false_positive"": 2, ""label"": 0, ""precision"": 0.3333333333333333, ""recall"": 0.5, ""retained_support"": 2, ""support"": 2, ""true_positive"": 1}, {""abstention_count"": 0, ""f1"": 0.6666666666666666, ""false_negative"": 1, ""false_positive"": 0, ""label"": 1, ""precision"": 1.0, ""recall"": 0.5, ""retained_support"": 2, ""support"": 2, ""true_positive"": 1}, {""abstention_count"": 0, ""f1"": 0.5, ""false_negative"": 1, ""false_positive"": 1, ""label"": 2, ""precision"": 0.5, ""recall"": 0.5, ""retained_support"": 2, ""support"": 2, ""true_positive"": 1}]",retained_only,1.0,0.3369332531384277,"[[1, 0, 1], [1, 1, 0], [1, 0, 1]]","[0, 1, 2]","[{""f1"": 0.4, ""label"": 0, ""precision"": 0.3333333333333333, ""recall"": 0.5, ""support"": 2}, {""f1"": 0.6666666666666666, ""label"": 1, ""precision"": 1.0, ""recall"": 0.5, ""support"": 2}, {""f1"": 0.5, ""label"": 2, ""precision"": 0.5, ""recall"": 0.5, ""support"": 2}]",passed
inception_full__b4_star_fixed10,3,2,0.6666666666666666,0.6666666666666666,0.6666666666666666,0.8333333333333334,0.6666666666666666,0.6666666666666666,0.0,"[[0, 0], [1, 0], [2, 0]]","[{""abstention_count"": 0, ""f1"": 0.6666666666666666, ""false_negative"": 1, ""false_positive"": 0, ""label"": 0, ""precision"": 1.0, ""recall"": 0.5, ""retained_support"": 2, ""support"": 2, ""true_positive"": 1}, {""abstention_count"": 0, ""f1"": 0.6666666666666666, ""false_negative"": 0, ""false_positive"": 2, ""label"": 1, ""precision"": 0.5, ""recall"": 1.0, ""retained_support"": 2, ""support"": 2, ""true_positive"": 2}, {""abstention_count"": 0, ""f1"": 0.6666666666666666, ""false_negative"": 1, ""false_positive"": 0, ""label"": 2, ""precision"": 1.0, ""recall"": 0.5, ""retained_support"": 2, ""support"": 2, ""true_positive"": 1}]",retained_only,1.0,0.24515663408354632,"[[1, 1, 0], [0, 2, 0], [0, 1, 1]]","[0, 1, 2]","[{""f1"": 0.6666666666666666, ""label"": 0, ""precision"": 1.0, ""recall"": 0.5, ""support"": 2}, {""f1"": 0.6666666666666666, ""label"": 1, ""precision"": 0.5, ""recall"": 1.0, ""support"": 2}, {""f1"": 0.6666666666666666, ""label"": 2, ""precision"": 1.0, ""recall"": 0.5, ""support"": 2}]",passed
inception_full__b4_star_fixed10,3,3,0.3333333333333333,0.2222222222222222,0.3333333333333333,0.16666666666666666,0.3333333333333333,0.2222222222222222,0.0,"[[0, 0], [1, 0], [2, 0]]","[{""abstention_count"": 0, ""f1"": 0.6666666666666666, ""false_negative"": 0, ""false_positive"": 2, ""label"": 0, ""precision"": 0.5, ""recall"": 1.0, ""retained_support"": 2, ""support"": 2, ""true_positive"": 2}, {""abstention_count"": 0, ""f1"": 0.0, ""false_negative"": 2, ""false_positive"": 2, ""label"": 1, ""precision"": 0.0, ""recall"": 0.0, ""retained_support"": 2, ""support"": 2, ""true_positive"": 0}, {""abstention_count"": 0, ""f1"": 0.0, ""false_negative"": 2, ""false_positive"": 0, ""label"": 2, ""precision"": 0.0, ""recall"": 0.0, ""retained_support"": 2, ""support"": 2, ""true_positive"": 0}]",retained_only,1.0,0.4636322947384539,"[[2, 0, 0], [2, 0, 0], [0, 2, 0]]","[0, 1, 2]","[{""f1"": 0.6666666666666666, ""label"": 0, ""precision"": 0.5, ""recall"": 1.0, ""support"": 2}, {""f1"": 0.0, ""label"": 1, ""precision"": 0.0, ""recall"": 0.0, ""support"": 2}, {""f1"": 0.0, ""label"": 2, ""precision"": 0.0, ""recall"": 0.0, ""support"": 2}]",passed
inception_full__b4_star_fixed10,3,4,0.5555555555555555,0.4444444444444444,0.5555555555555555,0.38888888888888884,0.5555555555555555,0.4444444444444444,0.0,"[[0, 0], [1, 0], [2, 0]]","[{""abstention_count"": 0, ""f1"": 0.0, ""false_negative"": 1, ""false_positive"": 0, ""label"": 0, ""precision"": 0.0, ""recall"": 0.0, ""retained_support"": 1, ""support"": 1, ""true_positive"": 0}, {""abstention_count"": 0, ""f1"": 0.6666666666666666, ""false_negative"": 1, ""false_positive"": 1, ""label"": 1, ""precision"": 0.6666666666666666, ""recall"": 0.6666666666666666, ""retained_support"": 3, ""support"": 3, ""true_positive"": 2}, {""abstention_count"": 0, ""f1"": 0.6666666666666666, ""false_negative"": 0, ""false_positive"": 1, ""label"": 2, ""precision"": 0.5, ""recall"": 1.0, ""retained_support"": 1, ""support"": 1, ""true_positive"": 1}]",retained_only,1.0,0.3619832740459458,"[[0, 1, 0], [0, 2, 1], [0, 0, 1]]","[0, 1, 2]","[{""f1"": 0.0, ""label"": 0, ""precision"": 0.0, ""recall"": 0.0, ""support"": 1}, {""f1"": 0.6666666666666666, ""label"": 1, ""precision"": 0.6666666666666666, ""recall"": 0.6666666666666666, ""support"": 3}, {""f1"": 0.6666666666666666, ""label"": 2, ""precision"": 0.5, ""recall"": 1.0, ""support"": 1}]",passed
inception_full__b4_star_fixed10,4,0,0.5,0.38888888888888884,0.5,0.3333333333333333,0.5,0.38888888888888884,0.0,"[[0, 0], [1, 0], [2, 0]]","[{""abstention_count"": 0, ""f1"": 0.6666666666666666, ""false_negative"": 0, ""false_positive"": 2, ""label"": 0, ""precision"": 0.5, ""recall"": 1.0, ""retained_support"": 2, ""support"": 2, ""true_positive"": 2}, {""abstention_count"": 0, ""f1"": 0.5, ""false_negative"": 1, ""false_positive"": 1, ""label"": 1, ""precision"": 0.5, ""recall"": 0.5, ""retained_support"": 2, ""support"": 2, ""true_positive"": 1}, {""abstention_count"": 0, ""f1"": 0.0, ""false_negative"": 2, ""false_positive"": 0, ""label"": 2, ""precision"": 0.0, ""recall"": 0.0, ""retained_support"": 2, ""support"": 2, ""true_positive"": 0}]",retained_only,1.0,0.44030325658273695,"[[2, 0, 0], [1, 1, 0], [1, 1, 0]]","[0, 1, 2]","[{""f1"": 0.6666666666666666, ""label"": 0, ""precision"": 0.5, ""recall"": 1.0, ""support"": 2}, {""f1"": 0.5, ""label"": 1, ""precision"": 0.5, ""recall"": 0.5, ""support"": 2}, {""f1"": 0.0, ""label"": 2, ""precision"": 0.0, ""recall"": 0.0, ""support"": 2}]",passed
inception_full__b4_star_fixed10,4,1,0.27777777777777773,0.3,0.27777777777777773,0.3333333333333333,0.27777777777777773,0.3,0.0,"[[0, 0], [1, 0], [2, 0]]","[{""abstention_count"": 0, ""f1"": 0.5, ""false_negative"": 1, ""false_positive"": 1, ""label"": 0, ""precision"": 0.5, ""recall"": 0.5, ""retained_support"": 2, ""support"": 2, ""true_positive"": 1}, {""abstention_count"": 0, ""f1"": 0.4, ""false_negative"": 2, ""false_positive"": 1, ""label"": 1, ""precision"": 0.5, ""recall"": 0.3333333333333333, ""retained_support"": 3, ""support"": 3, ""true_positive"": 1}, {""abstention_count"": 0, ""f1"": 0.0, ""false_negative"": 1, ""false_positive"": 2, ""label"": 2, ""precision"": 0.0, ""recall"": 0.0, ""retained_support"": 1, ""support"": 1, ""true_positive"": 0}]",retained_only,1.0,0.5197092122992585,"[[1, 1, 0], [0, 1, 2], [1, 0, 0]]","[0, 1, 2]","[{""f1"": 0.5, ""label"": 0, ""precision"": 0.5, ""recall"": 0.5, ""support"": 2}, {""f1"": 0.4, ""label"": 1, ""precision"": 0.5, ""recall"": 0.3333333333333333, ""support"": 3}, {""f1"": 0.0, ""label"": 2, ""precision"": 0.0, ""recall"": 0.0, ""support"": 1}]",passed
inception_full__b4_star_fixed10,4,2,0.611111111111111,0.6,0.611111111111111,0.611111111111111,0.611111111111111,0.6,0.0,"[[0, 0], [1, 0], [2, 0]]","[{""abstention_count"": 0, ""f1"": 0.4, ""false_negative"": 1, ""false_positive"": 2, ""label"": 0, ""precision"": 0.3333333333333333, ""recall"": 0.5, ""retained_support"": 2, ""support"": 2, ""true_positive"": 1}, {""abstention_count"": 0, ""f1"": 0.4, ""false_negative"": 2, ""false_positive"": 1, ""label"": 1, ""precision"": 0.5, ""recall"": 0.3333333333333333, ""retained_support"": 3, ""support"": 3, ""true_positive"": 1}, {""abstention_count"": 0, ""f1"": 1.0, ""false_negative"": 0, ""false_positive"": 0, ""label"": 2, ""precision"": 1.0, ""recall"": 1.0, ""retained_support"": 1, ""support"": 1, ""true_positive"": 1}]",retained_only,1.0,0.4623678074818149,"[[1, 1, 0], [2, 1, 0], [0, 0, 1]]","[0, 1, 2]","[{""f1"": 0.4, ""label"": 0, ""precision"": 0.3333333333333333, ""recall"": 0.5, ""support"": 2}, {""f1"": 0.4, ""label"": 1, ""precision"": 0.5, ""recall"": 0.3333333333333333, ""support"": 3}, {""f1"": 1.0, ""label"": 2, ""precision"": 1.0, ""recall"": 1.0, ""support"": 1}]",passed
inception_full__b4_star_fixed10,4,3,0.5,0.48888888888888893,0.5,0.5555555555555555,0.5,0.48888888888888893,0.0,"[[0, 0], [1, 0], [2, 0]]","[{""abstention_count"": 0, ""f1"": 0.0, ""false_negative"": 1, ""false_positive"": 1, ""label"": 0, ""precision"": 0.0, ""recall"": 0.0, ""retained_support"": 1, ""support"": 1, ""true_positive"": 0}, {""abstention_count"": 0, ""f1"": 0.8, ""false_negative"": 0, ""false_positive"": 1, ""label"": 1, ""precision"": 0.6666666666666666, ""recall"": 1.0, ""retained_support"": 2, ""support"": 2, ""true_positive"": 2}, {""abstention_count"": 0, ""f1"": 0.6666666666666666, ""false_negative"": 1, ""false_positive"": 0, ""label"": 2, ""precision"": 1.0, ""recall"": 0.5, ""retained_support"": 2, ""support"": 2, ""true_positive"": 1}]",retained_only,1.0,0.29278238771604886,"[[0, 1, 0], [0, 2, 0], [1, 0, 1]]","[0, 1, 2]","[{""f1"": 0.0, ""label"": 0, ""precision"": 0.0, ""recall"": 0.0, ""support"": 1}, {""f1"": 0.8, ""label"": 1, ""precision"": 0.6666666666666666, ""recall"": 1.0, ""support"": 2}, {""f1"": 0.6666666666666666, ""label"": 2, ""precision"": 1.0, ""recall"": 0.5, ""support"": 2}]",passed
inception_full__b4_star_fixed10,4,4,0.16666666666666666,0.2222222222222222,0.16666666666666666,0.3333333333333333,0.16666666666666666,0.2222222222222222,0.0,"[[0, 0], [1, 0], [2, 0]]","[{""abstention_count"": 0, ""f1"": 0.6666666666666666, ""false_negative"": 1, ""false_positive"": 0, ""label"": 0, ""precision"": 1.0, ""recall"": 0.5, ""retained_support"": 2, ""support"": 2, ""true_positive"": 1}, {""abstention_count"": 0, ""f1"": 0.0, ""false_negative"": 2, ""false_positive"": 2, ""label"": 1, ""precision"": 0.0, ""recall"": 0.0, ""retained_support"": 2, ""support"": 2, ""true_positive"": 0}, {""abstention_count"": 0, ""f1"": 0.0, ""false_negative"": 2, ""false_positive"": 3, ""label"": 2, ""precision"": 0.0, ""recall"": 0.0, ""retained_support"": 2, ""support"": 2, ""true_positive"": 0}]",retained_only,1.0,0.6246882174505566,"[[1, 0, 1], [0, 0, 2], [0, 2, 0]]","[0, 1, 2]","[{""f1"": 0.6666666666666666, ""label"": 0, ""precision"": 1.0, ""recall"": 0.5, ""support"": 2}, {""f1"": 0.0, ""label"": 1, ""precision"": 0.0, ""recall"": 0.0, ""support"": 2}, {""f1"": 0.0, ""label"": 2, ""precision"": 0.0, ""recall"": 0.0, ""support"": 2}]",passed
compact_cnn__b5_star_fixed10,0,0,0.3333333333333333,0.26666666666666666,0.3333333333333333,0.2222222222222222,0.3333333333333333,0.26666666666666666,0.0,"[[0, 0], [1, 0], [2, 0]]","[{""abstention_count"": 0, ""f1"": 0.4, ""false_negative"": 1, ""false_positive"": 2, ""label"": 0, ""precision"": 0.3333333333333333, ""recall"": 0.5, ""retained_support"": 2, ""support"": 2, ""true_positive"": 1}, {""abstention_count"": 0, ""f1"": 0.4, ""false_negative"": 1, ""false_positive"": 2, ""label"": 1, ""precision"": 0.3333333333333333, ""recall"": 0.5, ""retained_support"": 2, ""support"": 2, ""true_positive"": 1}, {""abstention_count"": 0, ""f1"": 0.0, ""false_negative"": 2, ""false_positive"": 0, ""label"": 2, ""precision"": 0.0, ""recall"": 0.0, ""retained_support"": 2, ""support"": 2, ""true_positive"": 0}]",retained_only,1.0,0.5220360565483159,"[[1, 1, 0], [1, 1, 0], [1, 1, 0]]","[0, 1, 2]","[{""f1"": 0.4, ""label"": 0, ""precision"": 0.3333333333333333, ""recall"": 0.5, ""support"": 2}, {""f1"": 0.4, ""label"": 1, ""precision"": 0.3333333333333333, ""recall"": 0.5, ""support"": 2}, {""f1"": 0.0, ""label"": 2, ""precision"": 0.0, ""recall"": 0.0, ""support"": 2}]",passed
compact_cnn__b5_star_fixed10,0,1,0.5555555555555555,0.5238095238095238,0.5555555555555555,0.5,0.5555555555555555,0.5238095238095238,0.0,"[[0, 0], [1, 0], [2, 0]]","[{""abstention_count"": 0, ""f1"": 0.0, ""false_negative"": 2, ""false_positive"": 1, ""label"": 0, ""precision"": 0.0, ""recall"": 0.0, ""retained_support"": 2, ""support"": 2, ""true_positive"": 0}, {""abstention_count"": 0, ""f1"": 0.5714285714285715, ""false_negative"": 1, ""false_positive"": 2, ""label"": 1, ""precision"": 0.5, ""recall"": 0.6666666666666666, ""retained_support"": 3, ""support"": 3, ""true_positive"": 2}, {""abstention_count"": 0, ""f1"": 1.0, ""false_negative"": 0, ""false_positive"": 0, ""label"": 2, ""precision"": 1.0, ""recall"": 1.0, ""retained_support"": 1, ""support"": 1, ""true_positive"": 1}]",retained_only,1.0,0.3329522291271193,"[[0, 2, 0], [1, 2, 0], [0, 0, 1]]","[0, 1, 2]","[{""f1"": 0.0, ""label"": 0, ""precision"": 0.0, ""recall"": 0.0, ""support"": 2}, {""f1"": 0.5714285714285714, ""label"": 1, ""precision"": 0.5, ""recall"": 0.6666666666666666, ""support"": 3}, {""f1"": 1.0, ""label"": 2, ""precision"": 1.0, ""recall"": 1.0, ""support"": 1}]",passed
compact_cnn__b5_star_fixed10,0,2,0.5,0.4000000000000001,0.5,0.3333333333333333,0.5,0.4000000000000001,0.0,"[[0, 0], [1, 0], [2, 0]]","[{""abstention_count"": 0, ""f1"": 0.0, ""false_negative"": 2, ""false_positive"": 0, ""label"": 0, ""precision"": 0.0, ""recall"": 0.0, ""retained_support"": 2, ""support"": 2, ""true_positive"": 0}, {""abstention_count"": 0, ""f1"": 0.4, ""false_negative"": 1, ""false_positive"": 2, ""label"": 1, ""precision"": 0.3333333333333333, ""recall"": 0.5, ""retained_support"": 2, ""support"": 2, ""true_positive"": 1}, {""abstention_count"": 0, ""f1"": 0.8, ""false_negative"": 0, ""false_positive"": 1, ""label"": 2, ""precision"": 0.6666666666666666, ""recall"": 1.0, ""retained_support"": 2, ""support"": 2, ""true_positive"": 2}]",retained_only,1.0,0.4649399338793848,"[[0, 2, 0], [0, 1, 1], [0, 0, 2]]","[0, 1, 2]","[{""f1"": 0.0, ""label"": 0, ""precision"": 0.0, ""recall"": 0.0, ""support"": 2}, {""f1"": 0.4, ""label"": 1, ""precision"": 0.3333333333333333, ""recall"": 0.5, ""support"": 2}, {""f1"": 0.8, ""label"": 2, ""precision"": 0.6666666666666666, ""recall"": 1.0, ""support"": 2}]",passed
compact_cnn__b5_star_fixed10,0,3,0.6666666666666666,0.5555555555555555,0.6666666666666666,0.5,0.6666666666666666,0.5555555555555555,0.0,"[[0, 0], [1, 0], [2, 0]]","[{""abstention_count"": 0, ""f1"": 1.0, ""false_negative"": 0, ""false_positive"": 0, ""label"": 0, ""precision"": 1.0, ""recall"": 1.0, ""retained_support"": 2, ""support"": 2, ""true_positive"": 2}, {""abstention_count"": 0, ""f1"": 0.0, ""false_negative"": 2, ""false_positive"": 0, ""label"": 1, ""precision"": 0.0, ""recall"": 0.0, ""retained_support"": 2, ""support"": 2, ""true_positive"": 0}, {""abstention_count"": 0, ""f1"": 0.6666666666666666, ""false_negative"": 0, ""false_positive"": 2, ""label"": 2, ""precision"": 0.5, ""recall"": 1.0, ""retained_support"": 2, ""support"": 2, ""true_positive"": 2}]",retained_only,1.0,0.304649072686855,"[[2, 0, 0], [0, 0, 2], [0, 0, 2]]","[0, 1, 2]","[{""f1"": 1.0, ""label"": 0, ""precision"": 1.0, ""recall"": 1.0, ""support"": 2}, {""f1"": 0.0, ""label"": 1, ""precision"": 0.0, ""recall"": 0.0, ""support"": 2}, {""f1"": 0.6666666666666666, ""label"": 2, ""precision"": 0.5, ""recall"": 1.0, ""support"": 2}]",passed
compact_cnn__b5_star_fixed10,0,4,0.4444444444444444,0.3,0.4444444444444444,0.27777777777777773,0.4444444444444444,0.3,0.0,"[[0, 0], [1, 0], [2, 0]]","[{""abstention_count"": 0, ""f1"": 0.5, ""false_negative"": 0, ""false_positive"": 2, ""label"": 0, ""precision"": 0.3333333333333333, ""recall"": 1.0, ""retained_support"": 1, ""support"": 1, ""true_positive"": 1}, {""abstention_count"": 0, ""f1"": 0.4, ""false_negative"": 2, ""false_positive"": 1, ""label"": 1, ""precision"": 0.5, ""recall"": 0.3333333333333333, ""retained_support"": 3, ""support"": 3, ""true_positive"": 1}, {""abstention_count"": 0, ""f1"": 0.0, ""false_negative"": 1, ""false_positive"": 0, ""label"": 2, ""precision"": 0.0, ""recall"": 0.0, ""retained_support"": 1, ""support"": 1, ""true_positive"": 0}]",retained_only,1.0,0.6355896930156113,"[[1, 0, 0], [2, 1, 0], [0, 1, 0]]","[0, 1, 2]","[{""f1"": 0.5, ""label"": 0, ""precision"": 0.3333333333333333, ""recall"": 1.0, ""support"": 1}, {""f1"": 0.4, ""label"": 1, ""precision"": 0.5, ""recall"": 0.3333333333333333, ""support"": 3}, {""f1"": 0.0, ""label"": 2, ""precision"": 0.0, ""recall"": 0.0, ""support"": 1}]",passed
compact_cnn__b5_star_fixed10,1,0,0.5,0.4444444444444444,0.5,0.5,0.5,0.4444444444444444,0.0,"[[0, 0], [1, 0], [2, 0]]","[{""abstention_count"": 0, ""f1"": 0.0, ""false_negative"": 2, ""false_positive"": 0, ""label"": 0, ""precision"": 0.0, ""recall"": 0.0, ""retained_support"": 2, ""support"": 2, ""true_positive"": 0}, {""abstention_count"": 0, ""f1"": 0.6666666666666666, ""false_negative"": 0, ""false_positive"": 3, ""label"": 1, ""precision"": 0.5, ""recall"": 1.0, ""retained_support"": 3, ""support"": 3, ""true_positive"": 3}, {""abstention_count"": 0, ""f1"": 0.6666666666666666, ""false_negative"": 1, ""false_positive"": 0, ""label"": 2, ""precision"": 1.0, ""recall"": 0.5, ""retained_support"": 2, ""support"": 2, ""true_positive"": 1}]",retained_only,1.0,0.3021451705987553,"[[0, 2, 0], [0, 3, 0], [0, 1, 1]]","[0, 1, 2]","[{""f1"": 0.0, ""label"": 0, ""precision"": 0.0, ""recall"": 0.0, ""support"": 2}, {""f1"": 0.6666666666666666, ""label"": 1, ""precision"": 0.5, ""recall"": 1.0, ""support"": 3}, {""f1"": 0.6666666666666666, ""label"": 2, ""precision"": 1.0, ""recall"": 0.5, ""support"": 2}]",passed
compact_cnn__b5_star_fixed10,1,1,0.5,0.47222222222222215,0.5,0.5333333333333333,0.5,0.47222222222222215,0.0,"[[0, 0], [1, 0], [2, 0]]","[{""abstention_count"": 0, ""f1"": 0.0, ""false_negative"": 1, ""false_positive"": 0, ""label"": 0, ""precision"": 0.0, ""recall"": 0.0, ""retained_support"": 1, ""support"": 1, ""true_positive"": 0}, {""abstention_count"": 0, ""f1"": 0.7499999999999999, ""false_negative"": 0, ""false_positive"": 2, ""label"": 1, ""precision"": 0.6, ""recall"": 1.0, ""retained_support"": 3, ""support"": 3, ""true_positive"": 3}, {""abstention_count"": 0, ""f1"": 0.6666666666666666, ""false_negative"": 1, ""false_positive"": 0, ""label"": 2, ""precision"": 1.0, ""recall"": 0.5, ""retained_support"": 2, ""support"": 2, ""true_positive"": 1}]",retained_only,1.0,0.4323698252941792,"[[0, 1, 0], [0, 3, 0], [0, 1, 1]]","[0, 1, 2]","[{""f1"": 0.0, ""label"": 0, ""precision"": 0.0, ""recall"": 0.0, ""support"": 1}, {""f1"": 0.75, ""label"": 1, ""precision"": 0.6, ""recall"": 1.0, ""support"": 3}, {""f1"": 0.6666666666666666, ""label"": 2, ""precision"": 1.0, ""recall"": 0.5, ""support"": 2}]",passed
compact_cnn__b5_star_fixed10,1,2,0.5,0.4666666666666666,0.5,0.4444444444444444,0.5,0.4666666666666666,0.0,"[[0, 0], [1, 0], [2, 0]]","[{""abstention_count"": 0, ""f1"": 1.0, ""false_negative"": 0, ""false_positive"": 0, ""label"": 0, ""precision"": 1.0, ""recall"": 1.0, ""retained_support"": 2, ""support"": 2, ""true_positive"": 2}, {""abstention_count"": 0, ""f1"": 0.0, ""false_negative"": 2, ""false_positive"": 1, ""label"": 1, ""precision"": 0.0, ""recall"": 0.0, ""retained_support"": 2, ""support"": 2, ""true_positive"": 0}, {""abstention_count"": 0, ""f1"": 0.4, ""false_negative"": 1, ""false_positive"": 2, ""label"": 2, ""precision"": 0.3333333333333333, ""recall"": 0.5, ""retained_support"": 2, ""support"": 2, ""true_positive"": 1}]",retained_only,1.0,0.3805336804626484,"[[2, 0, 0], [0, 0, 2], [0, 1, 1]]","[0, 1, 2]","[{""f1"": 1.0, ""label"": 0, ""precision"": 1.0, ""recall"": 1.0, ""support"": 2}, {""f1"": 0.0, ""label"": 1, ""precision"": 0.0, ""recall"": 0.0, ""support"": 2}, {""f1"": 0.4, ""label"": 2, ""precision"": 0.3333333333333333, ""recall"": 0.5, ""support"": 2}]",passed
compact_cnn__b5_star_fixed10,1,3,0.3333333333333333,0.3,0.3333333333333333,0.27777777777777773,0.3333333333333333,0.3,0.0,"[[0, 0], [1, 0], [2, 0]]","[{""abstention_count"": 0, ""f1"": 0.5, ""false_negative"": 1, ""false_positive"": 1, ""label"": 0, ""precision"": 0.5, ""recall"": 0.5, ""retained_support"": 2, ""support"": 2, ""true_positive"": 1}, {""abstention_count"": 0, ""f1"": 0.4, ""false_negative"": 1, ""false_positive"": 2, ""label"": 1, ""precision"": 0.3333333333333333, ""recall"": 0.5, ""retained_support"": 2, ""support"": 2, ""true_positive"": 1}, {""abstention_count"": 0, ""f1"": 0.0, ""false_negative"": 1, ""false_positive"": 0, ""label"": 2, ""precision"": 0.0, ""recall"": 0.0, ""retained_support"": 1, ""support"": 1, ""true_positive"": 0}]",retained_only,1.0,0.3276268650055254,"[[1, 1, 0], [1, 1, 0], [0, 1, 0]]","[0, 1, 2]","[{""f1"": 0.5, ""label"": 0, ""precision"": 0.5, ""recall"": 0.5, ""support"": 2}, {""f1"": 0.4, ""label"": 1, ""precision"": 0.3333333333333333, ""recall"": 0.5, ""support"": 2}, {""f1"": 0.0, ""label"": 2, ""precision"": 0.0, ""recall"": 0.0, ""support"": 1}]",passed
compact_cnn__b5_star_fixed10,1,4,0.5,0.43333333333333335,0.5,0.38888888888888884,0.5,0.43333333333333335,0.0,"[[0, 0], [1, 0], [2, 0]]","[{""abstention_count"": 0, ""f1"": 0.8, ""false_negative"": 0, ""false_positive"": 1, ""label"": 0, ""precision"": 0.6666666666666666, ""recall"": 1.0, ""retained_support"": 2, ""support"": 2, ""true_positive"": 2}, {""abstention_count"": 0, ""f1"": 0.5, ""false_negative"": 1, ""false_positive"": 1, ""label"": 1, ""precision"": 0.5, ""recall"": 0.5, ""retained_support"": 2, ""support"": 2, ""true_positive"": 1}, {""abstention_count"": 0, ""f1"": 0.0, ""false_negative"": 1, ""false_positive"": 0, ""label"": 2, ""precision"": 0.0, ""recall"": 0.0, ""retained_support"": 1, ""support"": 1, ""true_positive"": 0}]",retained_only,1.0,0.4861037107822759,"[[2, 0, 0], [1, 1, 0], [0, 1, 0]]","[0, 1, 2]","[{""f1"": 0.8, ""label"": 0, ""precision"": 0.6666666666666666, ""recall"": 1.0, ""support"": 2}, {""f1"": 0.5, ""label"": 1, ""precision"": 0.5, ""recall"": 0.5, ""support"": 2}, {""f1"": 0.0, ""label"": 2, ""precision"": 0.0, ""recall"": 0.0, ""support"": 1}]",passed
compact_cnn__b5_star_fixed10,2,0,0.611111111111111,0.5222222222222221,0.611111111111111,0.75,0.611111111111111,0.5222222222222221,0.0,"[[0, 0], [1, 0], [2, 0]]","[{""abstention_count"": 0, ""f1"": 0.6666666666666666, ""false_negative"": 1, ""false_positive"": 0, ""label"": 0, ""precision"": 1.0, ""recall"": 0.5, ""retained_support"": 2, ""support"": 2, ""true_positive"": 1}, {""abstention_count"": 0, ""f1"": 0.5, ""false_negative"": 2, ""false_positive"": 0, ""label"": 1, ""precision"": 1.0, ""recall"": 0.3333333333333333, ""retained_support"": 3, ""support"": 3, ""true_positive"": 1}, {""abstention_count"": 0, ""f1"": 0.4, ""false_negative"": 0, ""false_positive"": 3, ""label"": 2, ""precision"": 0.25, ""recall"": 1.0, ""retained_support"": 1, ""support"": 1, ""true_positive"": 1}]",retained_only,1.0,0.4662501522342174,"[[1, 0, 1], [0, 1, 2], [0, 0, 1]]","[0, 1, 2]","[{""f1"": 0.6666666666666666, ""label"": 0, ""precision"": 1.0, ""recall"": 0.5, ""support"": 2}, {""f1"": 0.5, ""label"": 1, ""precision"": 1.0, ""recall"": 0.3333333333333333, ""support"": 3}, {""f1"": 0.4, ""label"": 2, ""precision"": 0.25, ""recall"": 1.0, ""support"": 1}]",passed
compact_cnn__b5_star_fixed10,2,1,0.6666666666666666,0.5555555555555555,0.6666666666666666,0.5,0.6666666666666666,0.5555555555555555,0.0,"[[0, 0], [1, 0], [2, 0]]","[{""abstention_count"": 0, ""f1"": 0.6666666666666666, ""false_negative"": 0, ""false_positive"": 2, ""label"": 0, ""precision"": 0.5, ""recall"": 1.0, ""retained_support"": 2, ""support"": 2, ""true_positive"": 2}, {""abstention_count"": 0, ""f1"": 0.0, ""false_negative"": 2, ""false_positive"": 0, ""label"": 1, ""precision"": 0.0, ""recall"": 0.0, ""retained_support"": 2, ""support"": 2, ""true_positive"": 0}, {""abstention_count"": 0, ""f1"": 1.0, ""false_negative"": 0, ""false_positive"": 0, ""label"": 2, ""precision"": 1.0, ""recall"": 1.0, ""retained_support"": 2, ""support"": 2, ""true_positive"": 2}]",retained_only,1.0,0.2902623015484228,"[[2, 0, 0], [2, 0, 0], [0, 0, 2]]","[0, 1, 2]","[{""f1"": 0.6666666666666666, ""label"": 0, ""precision"": 0.5, ""recall"": 1.0, ""support"": 2}, {""f1"": 0.0, ""label"": 1, ""precision"": 0.0, ""recall"": 0.0, ""support"": 2}, {""f1"": 1.0, ""label"": 2, ""precision"": 1.0, ""recall"": 1.0, ""support"": 2}]",passed
compact_cnn__b5_star_fixed10,2,2,0.5555555555555555,0.41269841269841273,0.5555555555555555,0.3333333333333333,0.5555555555555555,0.41269841269841273,0.0,"[[0, 0], [1, 0], [2, 0]]","[{""abstention_count"": 0, ""f1"": 0.6666666666666666, ""false_negative"": 0, ""false_positive"": 1, ""label"": 0, ""precision"": 0.5, ""recall"": 1.0, ""retained_support"": 1, ""support"": 1, ""true_positive"": 1}, {""abstention_count"": 0, ""f1"": 0.5714285714285715, ""false_negative"": 1, ""false_positive"": 2, ""label"": 1, ""precision"": 0.5, ""recall"": 0.6666666666666666, ""retained_support"": 3, ""support"": 3, ""true_positive"": 2}, {""abstention_count"": 0, ""f1"": 0.0, ""false_negative"": 2, ""false_positive"": 0, ""label"": 2, ""precision"": 0.0, ""recall"": 0.0, ""retained_support"": 2, ""support"": 2, ""true_positive"": 0}]",retained_only,1.0,0.38984884413567156,"[[1, 0, 0], [1, 2, 0], [0, 2, 0]]","[0, 1, 2]","[{""f1"": 0.6666666666666666, ""label"": 0, ""precision"": 0.5, ""recall"": 1.0, ""support"": 1}, {""f1"": 0.5714285714285714, ""label"": 1, ""precision"": 0.5, ""recall"": 0.6666666666666666, ""support"": 3}, {""f1"": 0.0, ""label"": 2, ""precision"": 0.0, ""recall"": 0.0, ""support"": 2}]",passed
compact_cnn__b5_star_fixed10,2,3,0.6666666666666666,0.6666666666666666,0.6666666666666666,0.8333333333333334,0.6666666666666666,0.6666666666666666,0.0,"[[0, 0], [1, 0], [2, 0]]","[{""abstention_count"": 0, ""f1"": 0.6666666666666666, ""false_negative"": 1, ""false_positive"": 0, ""label"": 0, ""precision"": 1.0, ""recall"": 0.5, ""retained_support"": 2, ""support"": 2, ""true_positive"": 1}, {""abstention_count"": 0, ""f1"": 0.6666666666666666, ""false_negative"": 0, ""false_positive"": 2, ""label"": 1, ""precision"": 0.5, ""recall"": 1.0, ""retained_support"": 2, ""support"": 2, ""true_positive"": 2}, {""abstention_count"": 0, ""f1"": 0.6666666666666666, ""false_negative"": 1, ""false_positive"": 0, ""label"": 2, ""precision"": 1.0, ""recall"": 0.5, ""retained_support"": 2, ""support"": 2, ""true_positive"": 1}]",retained_only,1.0,0.41446131005821285,"[[1, 1, 0], [0, 2, 0], [0, 1, 1]]","[0, 1, 2]","[{""f1"": 0.6666666666666666, ""label"": 0, ""precision"": 1.0, ""recall"": 0.5, ""support"": 2}, {""f1"": 0.6666666666666666, ""label"": 1, ""precision"": 0.5, ""recall"": 1.0, ""support"": 2}, {""f1"": 0.6666666666666666, ""label"": 2, ""precision"": 1.0, ""recall"": 0.5, ""support"": 2}]",passed
compact_cnn__b5_star_fixed10,2,4,0.0,0.0,0.0,0.0,0.0,0.0,0.0,"[[0, 0], [1, 0], [2, 0]]","[{""abstention_count"": 0, ""f1"": 0.0, ""false_negative"": 2, ""false_positive"": 2, ""label"": 0, ""precision"": 0.0, ""recall"": 0.0, ""retained_support"": 2, ""support"": 2, ""true_positive"": 0}, {""abstention_count"": 0, ""f1"": 0.0, ""false_negative"": 2, ""false_positive"": 3, ""label"": 1, ""precision"": 0.0, ""recall"": 0.0, ""retained_support"": 2, ""support"": 2, ""true_positive"": 0}, {""abstention_count"": 0, ""f1"": 0.0, ""false_negative"": 1, ""false_positive"": 0, ""label"": 2, ""precision"": 0.0, ""recall"": 0.0, ""retained_support"": 1, ""support"": 1, ""true_positive"": 0}]",retained_only,1.0,0.7556187083984424,"[[0, 2, 0], [2, 0, 0], [0, 1, 0]]","[0, 1, 2]","[{""f1"": 0.0, ""label"": 0, ""precision"": 0.0, ""recall"": 0.0, ""support"": 2}, {""f1"": 0.0, ""label"": 1, ""precision"": 0.0, ""recall"": 0.0, ""support"": 2}, {""f1"": 0.0, ""label"": 2, ""precision"": 0.0, ""recall"": 0.0, ""support"": 1}]",passed
compact_cnn__b5_star_fixed10,3,0,0.5555555555555555,0.5238095238095238,0.5555555555555555,0.5,0.5555555555555555,0.5238095238095238,0.0,"[[0, 0], [1, 0], [2, 0]]","[{""abstention_count"": 0, ""f1"": 0.0, ""false_negative"": 2, ""false_positive"": 1, ""label"": 0, ""precision"": 0.0, ""recall"": 0.0, ""retained_support"": 2, ""support"": 2, ""true_positive"": 0}, {""abstention_count"": 0, ""f1"": 0.5714285714285715, ""false_negative"": 1, ""false_positive"": 2, ""label"": 1, ""precision"": 0.5, ""recall"": 0.6666666666666666, ""retained_support"": 3, ""support"": 3, ""true_positive"": 2}, {""abstention_count"": 0, ""f1"": 1.0, ""false_negative"": 0, ""false_positive"": 0, ""label"": 2, ""precision"": 1.0, ""recall"": 1.0, ""retained_support"": 1, ""support"": 1, ""true_positive"": 1}]",retained_only,1.0,0.3428651409674638,"[[0, 2, 0], [1, 2, 0], [0, 0, 1]]","[0, 1, 2]","[{""f1"": 0.0, ""label"": 0, ""precision"": 0.0, ""recall"": 0.0, ""support"": 2}, {""f1"": 0.5714285714285714, ""label"": 1, ""precision"": 0.5, ""recall"": 0.6666666666666666, ""support"": 3}, {""f1"": 1.0, ""label"": 2, ""precision"": 1.0, ""recall"": 1.0, ""support"": 1}]",passed
compact_cnn__b5_star_fixed10,3,1,0.3333333333333333,0.3333333333333333,0.3333333333333333,0.4166666666666667,0.3333333333333333,0.3333333333333333,0.0,"[[0, 0], [1, 0], [2, 0]]","[{""abstention_count"": 0, ""f1"": 0.0, ""false_negative"": 2, ""false_positive"": 1, ""label"": 0, ""precision"": 0.0, ""recall"": 0.0, ""retained_support"": 2, ""support"": 2, ""true_positive"": 0}, {""abstention_count"": 0, ""f1"": 0.3333333333333333, ""false_negative"": 1, ""false_positive"": 3, ""label"": 1, ""precision"": 0.25, ""recall"": 0.5, ""retained_support"": 2, ""support"": 2, ""true_positive"": 1}, {""abstention_count"": 0, ""f1"": 0.6666666666666666, ""false_negative"": 1, ""false_positive"": 0, ""label"": 2, ""precision"": 1.0, ""recall"": 0.5, ""retained_support"": 2, ""support"": 2, ""true_positive"": 1}]",retained_only,1.0,0.4364840177808683,"[[0, 2, 0], [1, 1, 0], [0, 1, 1]]","[0, 1, 2]","[{""f1"": 0.0, ""label"": 0, ""precision"": 0.0, ""recall"": 0.0, ""support"": 2}, {""f1"": 0.3333333333333333, ""label"": 1, ""precision"": 0.25, ""recall"": 0.5, ""support"": 2}, {""f1"": 0.6666666666666666, ""label"": 2, ""precision"": 1.0, ""recall"": 0.5, ""support"": 2}]",passed
compact_cnn__b5_star_fixed10,3,2,0.8333333333333334,0.8222222222222223,0.8333333333333334,0.8888888888888888,0.8333333333333334,0.8222222222222223,0.0,"[[0, 0], [1, 0], [2, 0]]","[{""abstention_count"": 0, ""f1"": 0.8, ""false_negative"": 0, ""false_positive"": 1, ""label"": 0, ""precision"": 0.6666666666666666, ""recall"": 1.0, ""retained_support"": 2, ""support"": 2, ""true_positive"": 2}, {""abstention_count"": 0, ""f1"": 0.6666666666666666, ""false_negative"": 1, ""false_positive"": 0, ""label"": 1, ""precision"": 1.0, ""recall"": 0.5, ""retained_support"": 2, ""support"": 2, ""true_positive"": 1}, {""abstention_count"": 0, ""f1"": 1.0, ""false_negative"": 0, ""false_positive"": 0, ""label"": 2, ""precision"": 1.0, ""recall"": 1.0, ""retained_support"": 2, ""support"": 2, ""true_positive"": 2}]",retained_only,1.0,0.3070370882635014,"[[2, 0, 0], [1, 1, 0], [0, 0, 2]]","[0, 1, 2]","[{""f1"": 0.8, ""label"": 0, ""precision"": 0.6666666666666666, ""recall"": 1.0, ""support"": 2}, {""f1"": 0.6666666666666666, ""label"": 1, ""precision"": 1.0, ""recall"": 0.5, ""support"": 2}, {""f1"": 1.0, ""label"": 2, ""precision"": 1.0, ""recall"": 1.0, ""support"": 2}]",passed
compact_cnn__b5_star_fixed10,3,3,0.6666666666666666,0.6666666666666666,0.6666666666666666,0.8333333333333334,0.6666666666666666,0.6666666666666666,0.0,"[[0, 0], [1, 0], [2, 0]]","[{""abstention_count"": 0, ""f1"": 0.6666666666666666, ""false_negative"": 1, ""false_positive"": 0, ""label"": 0, ""precision"": 1.0, ""recall"": 0.5, ""retained_support"": 2, ""support"": 2, ""true_positive"": 1}, {""abstention_count"": 0, ""f1"": 0.6666666666666666, ""false_negative"": 0, ""false_positive"": 2, ""label"": 1, ""precision"": 0.5, ""recall"": 1.0, ""retained_support"": 2, ""support"": 2, ""true_positive"": 2}, {""abstention_count"": 0, ""f1"": 0.6666666666666666, ""false_negative"": 1, ""false_positive"": 0, ""label"": 2, ""precision"": 1.0, ""recall"": 0.5, ""retained_support"": 2, ""support"": 2, ""true_positive"": 1}]",retained_only,1.0,0.4456815983910247,"[[1, 1, 0], [0, 2, 0], [0, 1, 1]]","[0, 1, 2]","[{""f1"": 0.6666666666666666, ""label"": 0, ""precision"": 1.0, ""recall"": 0.5, ""support"": 2}, {""f1"": 0.6666666666666666, ""label"": 1, ""precision"": 0.5, ""recall"": 1.0, ""support"": 2}, {""f1"": 0.6666666666666666, ""label"": 2, ""precision"": 1.0, ""recall"": 0.5, ""support"": 2}]",passed
compact_cnn__b5_star_fixed10,3,4,0.5555555555555555,0.4444444444444444,0.5555555555555555,0.38888888888888884,0.5555555555555555,0.4444444444444444,0.0,"[[0, 0], [1, 0], [2, 0]]","[{""abstention_count"": 0, ""f1"": 0.6666666666666666, ""false_negative"": 0, ""false_positive"": 1, ""label"": 0, ""precision"": 0.5, ""recall"": 1.0, ""retained_support"": 1, ""support"": 1, ""true_positive"": 1}, {""abstention_count"": 0, ""f1"": 0.6666666666666666, ""false_negative"": 1, ""false_positive"": 1, ""label"": 1, ""precision"": 0.6666666666666666, ""recall"": 0.6666666666666666, ""retained_support"": 3, ""support"": 3, ""true_positive"": 2}, {""abstention_count"": 0, ""f1"": 0.0, ""false_negative"": 1, ""false_positive"": 0, ""label"": 2, ""precision"": 0.0, ""recall"": 0.0, ""retained_support"": 1, ""support"": 1, ""true_positive"": 0}]",retained_only,1.0,0.36526242824233524,"[[1, 0, 0], [1, 2, 0], [0, 1, 0]]","[0, 1, 2]","[{""f1"": 0.6666666666666666, ""label"": 0, ""precision"": 0.5, ""recall"": 1.0, ""support"": 1}, {""f1"": 0.6666666666666666, ""label"": 1, ""precision"": 0.6666666666666666, ""recall"": 0.6666666666666666, ""support"": 3}, {""f1"": 0.0, ""label"": 2, ""precision"": 0.0, ""recall"": 0.0, ""support"": 1}]",passed
compact_cnn__b5_star_fixed10,4,0,0.6666666666666666,0.5555555555555555,0.6666666666666666,0.5,0.6666666666666666,0.5555555555555555,0.0,"[[0, 0], [1, 0], [2, 0]]","[{""abstention_count"": 0, ""f1"": 0.6666666666666666, ""false_negative"": 0, ""false_positive"": 2, ""label"": 0, ""precision"": 0.5, ""recall"": 1.0, ""retained_support"": 2, ""support"": 2, ""true_positive"": 2}, {""abstention_count"": 0, ""f1"": 0.0, ""false_negative"": 2, ""false_positive"": 0, ""label"": 1, ""precision"": 0.0, ""recall"": 0.0, ""retained_support"": 2, ""support"": 2, ""true_positive"": 0}, {""abstention_count"": 0, ""f1"": 1.0, ""false_negative"": 0, ""false_positive"": 0, ""label"": 2, ""precision"": 1.0, ""recall"": 1.0, ""retained_support"": 2, ""support"": 2, ""true_positive"": 2}]",retained_only,1.0,0.23045019379573642,"[[2, 0, 0], [2, 0, 0], [0, 0, 2]]","[0, 1, 2]","[{""f1"": 0.6666666666666666, ""label"": 0, ""precision"": 0.5, ""recall"": 1.0, ""support"": 2}, {""f1"": 0.0, ""label"": 1, ""precision"": 0.0, ""recall"": 0.0, ""support"": 2}, {""f1"": 1.0, ""label"": 2, ""precision"": 1.0, ""recall"": 1.0, ""support"": 2}]",passed
compact_cnn__b5_star_fixed10,4,1,0.27777777777777773,0.26666666666666666,0.27777777777777773,0.27777777777777773,0.27777777777777773,0.26666666666666666,0.0,"[[0, 0], [1, 0], [2, 0]]","[{""abstention_count"": 0, ""f1"": 0.4, ""false_negative"": 1, ""false_positive"": 2, ""label"": 0, ""precision"": 0.3333333333333333, ""recall"": 0.5, ""retained_support"": 2, ""support"": 2, ""true_positive"": 1}, {""abstention_count"": 0, ""f1"": 0.4, ""false_negative"": 2, ""false_positive"": 1, ""label"": 1, ""precision"": 0.5, ""recall"": 0.3333333333333333, ""retained_support"": 3, ""support"": 3, ""true_positive"": 1}, {""abstention_count"": 0, ""f1"": 0.0, ""false_negative"": 1, ""false_positive"": 1, ""label"": 2, ""precision"": 0.0, ""recall"": 0.0, ""retained_support"": 1, ""support"": 1, ""true_positive"": 0}]",retained_only,1.0,0.37361476624883483,"[[1, 1, 0], [1, 1, 1], [1, 0, 0]]","[0, 1, 2]","[{""f1"": 0.4, ""label"": 0, ""precision"": 0.3333333333333333, ""recall"": 0.5, ""support"": 2}, {""f1"": 0.4, ""label"": 1, ""precision"": 0.5, ""recall"": 0.3333333333333333, ""support"": 3}, {""f1"": 0.0, ""label"": 2, ""precision"": 0.0, ""recall"": 0.0, ""support"": 1}]",passed
compact_cnn__b5_star_fixed10,4,2,0.611111111111111,0.6,0.611111111111111,0.611111111111111,0.611111111111111,0.6,0.0,"[[0, 0], [1, 0], [2, 0]]","[{""abstention_count"": 0, ""f1"": 0.4, ""false_negative"": 1, ""false_positive"": 2, ""label"": 0, ""precision"": 0.3333333333333333, ""recall"": 0.5, ""retained_support"": 2, ""support"": 2, ""true_positive"": 1}, {""abstention_count"": 0, ""f1"": 0.4, ""false_negative"": 2, ""false_positive"": 1, ""label"": 1, ""precision"": 0.5, ""recall"": 0.3333333333333333, ""retained_support"": 3, ""support"": 3, ""true_positive"": 1}, {""abstention_count"": 0, ""f1"": 1.0, ""false_negative"": 0, ""false_positive"": 0, ""label"": 2, ""precision"": 1.0, ""recall"": 1.0, ""retained_support"": 1, ""support"": 1, ""true_positive"": 1}]",retained_only,1.0,0.4317827370319603,"[[1, 1, 0], [2, 1, 0], [0, 0, 1]]","[0, 1, 2]","[{""f1"": 0.4, ""label"": 0, ""precision"": 0.3333333333333333, ""recall"": 0.5, ""support"": 2}, {""f1"": 0.4, ""label"": 1, ""precision"": 0.5, ""recall"": 0.3333333333333333, ""support"": 3}, {""f1"": 1.0, ""label"": 2, ""precision"": 1.0, ""recall"": 1.0, ""support"": 1}]",passed
compact_cnn__b5_star_fixed10,4,3,0.6666666666666666,0.5555555555555555,0.6666666666666666,0.5,0.6666666666666666,0.5555555555555555,0.0,"[[0, 0], [1, 0], [2, 0]]","[{""abstention_count"": 0, ""f1"": 1.0, ""false_negative"": 0, ""false_positive"": 0, ""label"": 0, ""precision"": 1.0, ""recall"": 1.0, ""retained_support"": 1, ""support"": 1, ""true_positive"": 1}, {""abstention_count"": 0, ""f1"": 0.6666666666666666, ""false_negative"": 0, ""false_positive"": 2, ""label"": 1, ""precision"": 0.5, ""recall"": 1.0, ""retained_support"": 2, ""support"": 2, ""true_positive"": 2}, {""abstention_count"": 0, ""f1"": 0.0, ""false_negative"": 2, ""false_positive"": 0, ""label"": 2, ""precision"": 0.0, ""recall"": 0.0, ""retained_support"": 2, ""support"": 2, ""true_positive"": 0}]",retained_only,1.0,0.4416233588476618,"[[1, 0, 0], [0, 2, 0], [0, 2, 0]]","[0, 1, 2]","[{""f1"": 1.0, ""label"": 0, ""precision"": 1.0, ""recall"": 1.0, ""support"": 1}, {""f1"": 0.6666666666666666, ""label"": 1, ""precision"": 0.5, ""recall"": 1.0, ""support"": 2}, {""f1"": 0.0, ""label"": 2, ""precision"": 0.0, ""recall"": 0.0, ""support"": 2}]",passed
compact_cnn__b5_star_fixed10,4,4,0.5,0.41269841269841273,0.5,0.4666666666666666,0.5,0.41269841269841273,0.0,"[[0, 0], [1, 0], [2, 0]]","[{""abstention_count"": 0, ""f1"": 0.0, ""false_negative"": 2, ""false_positive"": 0, ""label"": 0, ""precision"": 0.0, ""recall"": 0.0, ""retained_support"": 2, ""support"": 2, ""true_positive"": 0}, {""abstention_count"": 0, ""f1"": 0.5714285714285715, ""false_negative"": 0, ""false_positive"": 3, ""label"": 1, ""precision"": 0.4, ""recall"": 1.0, ""retained_support"": 2, ""support"": 2, ""true_positive"": 2}, {""abstention_count"": 0, ""f1"": 0.6666666666666666, ""false_negative"": 1, ""false_positive"": 0, ""label"": 2, ""precision"": 1.0, ""recall"": 0.5, ""retained_support"": 2, ""support"": 2, ""true_positive"": 1}]",retained_only,1.0,0.36332530382279843,"[[0, 2, 0], [0, 2, 0], [0, 1, 1]]","[0, 1, 2]","[{""f1"": 0.0, ""label"": 0, ""precision"": 0.0, ""recall"": 0.0, ""support"": 2}, {""f1"": 0.5714285714285714, ""label"": 1, ""precision"": 0.4, ""recall"": 1.0, ""support"": 2}, {""f1"": 0.6666666666666666, ""label"": 2, ""precision"": 1.0, ""recall"": 0.5, ""support"": 2}]",passed
inception_full__b5_star_fixed10,0,0,0.3333333333333333,0.3333333333333333,0.3333333333333333,0.4166666666666667,0.3333333333333333,0.3333333333333333,0.0,"[[0, 0], [1, 0], [2, 0]]","[{""abstention_count"": 0, ""f1"": 0.6666666666666666, ""false_negative"": 1, ""false_positive"": 0, ""label"": 0, ""precision"": 1.0, ""recall"": 0.5, ""retained_support"": 2, ""support"": 2, ""true_positive"": 1}, {""abstention_count"": 0, ""f1"": 0.3333333333333333, ""false_negative"": 1, ""false_positive"": 3, ""label"": 1, ""precision"": 0.25, ""recall"": 0.5, ""retained_support"": 2, ""support"": 2, ""true_positive"": 1}, {""abstention_count"": 0, ""f1"": 0.0, ""false_negative"": 2, ""false_positive"": 1, ""label"": 2, ""precision"": 0.0, ""recall"": 0.0, ""retained_support"": 2, ""support"": 2, ""true_positive"": 0}]",retained_only,1.0,0.25524848328873584,"[[1, 1, 0], [0, 1, 1], [0, 2, 0]]","[0, 1, 2]","[{""f1"": 0.6666666666666666, ""label"": 0, ""precision"": 1.0, ""recall"": 0.5, ""support"": 2}, {""f1"": 0.3333333333333333, ""label"": 1, ""precision"": 0.25, ""recall"": 0.5, ""support"": 2}, {""f1"": 0.0, ""label"": 2, ""precision"": 0.0, ""recall"": 0.0, ""support"": 2}]",passed
inception_full__b5_star_fixed10,0,1,0.5555555555555555,0.5238095238095238,0.5555555555555555,0.5,0.5555555555555555,0.5238095238095238,0.0,"[[0, 0], [1, 0], [2, 0]]","[{""abstention_count"": 0, ""f1"": 0.0, ""false_negative"": 2, ""false_positive"": 1, ""label"": 0, ""precision"": 0.0, ""recall"": 0.0, ""retained_support"": 2, ""support"": 2, ""true_positive"": 0}, {""abstention_count"": 0, ""f1"": 0.5714285714285715, ""false_negative"": 1, ""false_positive"": 2, ""label"": 1, ""precision"": 0.5, ""recall"": 0.6666666666666666, ""retained_support"": 3, ""support"": 3, ""true_positive"": 2}, {""abstention_count"": 0, ""f1"": 1.0, ""false_negative"": 0, ""false_positive"": 0, ""label"": 2, ""precision"": 1.0, ""recall"": 1.0, ""retained_support"": 1, ""support"": 1, ""true_positive"": 1}]",retained_only,1.0,0.4402577632294823,"[[0, 2, 0], [1, 2, 0], [0, 0, 1]]","[0, 1, 2]","[{""f1"": 0.0, ""label"": 0, ""precision"": 0.0, ""recall"": 0.0, ""support"": 2}, {""f1"": 0.5714285714285714, ""label"": 1, ""precision"": 0.5, ""recall"": 0.6666666666666666, ""support"": 3}, {""f1"": 1.0, ""label"": 2, ""precision"": 1.0, ""recall"": 1.0, ""support"": 1}]",passed
inception_full__b5_star_fixed10,0,2,0.5,0.4000000000000001,0.5,0.3333333333333333,0.5,0.4000000000000001,0.0,"[[0, 0], [1, 0], [2, 0]]","[{""abstention_count"": 0, ""f1"": 0.0, ""false_negative"": 2, ""false_positive"": 0, ""label"": 0, ""precision"": 0.0, ""recall"": 0.0, ""retained_support"": 2, ""support"": 2, ""true_positive"": 0}, {""abstention_count"": 0, ""f1"": 0.4, ""false_negative"": 1, ""false_positive"": 2, ""label"": 1, ""precision"": 0.3333333333333333, ""recall"": 0.5, ""retained_support"": 2, ""support"": 2, ""true_positive"": 1}, {""abstention_count"": 0, ""f1"": 0.8, ""false_negative"": 0, ""false_positive"": 1, ""label"": 2, ""precision"": 0.6666666666666666, ""recall"": 1.0, ""retained_support"": 2, ""support"": 2, ""true_positive"": 2}]",retained_only,1.0,0.38480130950477803,"[[0, 2, 0], [0, 1, 1], [0, 0, 2]]","[0, 1, 2]","[{""f1"": 0.0, ""label"": 0, ""precision"": 0.0, ""recall"": 0.0, ""support"": 2}, {""f1"": 0.4, ""label"": 1, ""precision"": 0.3333333333333333, ""recall"": 0.5, ""support"": 2}, {""f1"": 0.8, ""label"": 2, ""precision"": 0.6666666666666666, ""recall"": 1.0, ""support"": 2}]",passed
inception_full__b5_star_fixed10,0,3,0.8333333333333334,0.8222222222222223,0.8333333333333334,0.8888888888888888,0.8333333333333334,0.8222222222222223,0.0,"[[0, 0], [1, 0], [2, 0]]","[{""abstention_count"": 0, ""f1"": 1.0, ""false_negative"": 0, ""false_positive"": 0, ""label"": 0, ""precision"": 1.0, ""recall"": 1.0, ""retained_support"": 2, ""support"": 2, ""true_positive"": 2}, {""abstention_count"": 0, ""f1"": 0.6666666666666666, ""false_negative"": 1, ""false_positive"": 0, ""label"": 1, ""precision"": 1.0, ""recall"": 0.5, ""retained_support"": 2, ""support"": 2, ""true_positive"": 1}, {""abstention_count"": 0, ""f1"": 0.8, ""false_negative"": 0, ""false_positive"": 1, ""label"": 2, ""precision"": 0.6666666666666666, ""recall"": 1.0, ""retained_support"": 2, ""support"": 2, ""true_positive"": 2}]",retained_only,1.0,0.07797164977822749,"[[2, 0, 0], [0, 1, 1], [0, 0, 2]]","[0, 1, 2]","[{""f1"": 1.0, ""label"": 0, ""precision"": 1.0, ""recall"": 1.0, ""support"": 2}, {""f1"": 0.6666666666666666, ""label"": 1, ""precision"": 1.0, ""recall"": 0.5, ""support"": 2}, {""f1"": 0.8, ""label"": 2, ""precision"": 0.6666666666666666, ""recall"": 1.0, ""support"": 2}]",passed
inception_full__b5_star_fixed10,0,4,0.4444444444444444,0.3,0.4444444444444444,0.27777777777777773,0.4444444444444444,0.3,0.0,"[[0, 0], [1, 0], [2, 0]]","[{""abstention_count"": 0, ""f1"": 0.5, ""false_negative"": 0, ""false_positive"": 2, ""label"": 0, ""precision"": 0.3333333333333333, ""recall"": 1.0, ""retained_support"": 1, ""support"": 1, ""true_positive"": 1}, {""abstention_count"": 0, ""f1"": 0.4, ""false_negative"": 2, ""false_positive"": 1, ""label"": 1, ""precision"": 0.5, ""recall"": 0.3333333333333333, ""retained_support"": 3, ""support"": 3, ""true_positive"": 1}, {""abstention_count"": 0, ""f1"": 0.0, ""false_negative"": 1, ""false_positive"": 0, ""label"": 2, ""precision"": 0.0, ""recall"": 0.0, ""retained_support"": 1, ""support"": 1, ""true_positive"": 0}]",retained_only,1.0,0.4135053636003392,"[[1, 0, 0], [2, 1, 0], [0, 1, 0]]","[0, 1, 2]","[{""f1"": 0.5, ""label"": 0, ""precision"": 0.3333333333333333, ""recall"": 1.0, ""support"": 1}, {""f1"": 0.4, ""label"": 1, ""precision"": 0.5, ""recall"": 0.3333333333333333, ""support"": 3}, {""f1"": 0.0, ""label"": 2, ""precision"": 0.0, ""recall"": 0.0, ""support"": 1}]",passed
inception_full__b5_star_fixed10,1,0,0.3333333333333333,0.14814814814814814,0.3333333333333333,0.09523809523809523,0.3333333333333333,0.14814814814814817,0.0,"[[0, 0], [1, 0], [2, 0]]","[{""abstention_count"": 0, ""f1"": 0.0, ""false_negative"": 2, ""false_positive"": 0, ""label"": 0, ""precision"": 0.0, ""recall"": 0.0, ""retained_support"": 2, ""support"": 2, ""true_positive"": 0}, {""abstention_count"": 0, ""f1"": 0.0, ""false_negative"": 3, ""false_positive"": 0, ""label"": 1, ""precision"": 0.0, ""recall"": 0.0, ""retained_support"": 3, ""support"": 3, ""true_positive"": 0}, {""abstention_count"": 0, ""f1"": 0.4444444444444445, ""false_negative"": 0, ""false_positive"": 5, ""label"": 2, ""precision"": 0.2857142857142857, ""recall"": 1.0, ""retained_support"": 2, ""support"": 2, ""true_positive"": 2}]",retained_only,1.0,0.6341860456759076,"[[0, 0, 2], [0, 0, 3], [0, 0, 2]]","[0, 1, 2]","[{""f1"": 0.0, ""label"": 0, ""precision"": 0.0, ""recall"": 0.0, ""support"": 2}, {""f1"": 0.0, ""label"": 1, ""precision"": 0.0, ""recall"": 0.0, ""support"": 3}, {""f1"": 0.4444444444444444, ""label"": 2, ""precision"": 0.2857142857142857, ""recall"": 1.0, ""support"": 2}]",passed
inception_full__b5_star_fixed10,1,1,0.7222222222222222,0.6666666666666666,0.7222222222222222,0.7222222222222222,0.7222222222222222,0.6666666666666666,0.0,"[[0, 0], [1, 0], [2, 0]]","[{""abstention_count"": 0, ""f1"": 0.6666666666666666, ""false_negative"": 0, ""false_positive"": 1, ""label"": 0, ""precision"": 0.5, ""recall"": 1.0, ""retained_support"": 1, ""support"": 1, ""true_positive"": 1}, {""abstention_count"": 0, ""f1"": 0.6666666666666666, ""false_negative"": 1, ""false_positive"": 1, ""label"": 1, ""precision"": 0.6666666666666666, ""recall"": 0.6666666666666666, ""retained_support"": 3, ""support"": 3, ""true_positive"": 2}, {""abstention_count"": 0, ""f1"": 0.6666666666666666, ""false_negative"": 1, ""false_positive"": 0, ""label"": 2, ""precision"": 1.0, ""recall"": 0.5, ""retained_support"": 2, ""support"": 2, ""true_positive"": 1}]",retained_only,1.0,0.04610566411261996,"[[1, 0, 0], [1, 2, 0], [0, 1, 1]]","[0, 1, 2]","[{""f1"": 0.6666666666666666, ""label"": 0, ""precision"": 0.5, ""recall"": 1.0, ""support"": 1}, {""f1"": 0.6666666666666666, ""label"": 1, ""precision"": 0.6666666666666666, ""recall"": 0.6666666666666666, ""support"": 3}, {""f1"": 0.6666666666666666, ""label"": 2, ""precision"": 1.0, ""recall"": 0.5, ""support"": 2}]",passed
inception_full__b5_star_fixed10,1,2,0.5,0.43333333333333335,0.5,0.38888888888888884,0.5,0.43333333333333335,0.0,"[[0, 0], [1, 0], [2, 0]]","[{""abstention_count"": 0, ""f1"": 0.8, ""false_negative"": 0, ""false_positive"": 1, ""label"": 0, ""precision"": 0.6666666666666666, ""recall"": 1.0, ""retained_support"": 2, ""support"": 2, ""true_positive"": 2}, {""abstention_count"": 0, ""f1"": 0.0, ""false_negative"": 2, ""false_positive"": 1, ""label"": 1, ""precision"": 0.0, ""recall"": 0.0, ""retained_support"": 2, ""support"": 2, ""true_positive"": 0}, {""abstention_count"": 0, ""f1"": 0.5, ""false_negative"": 1, ""false_positive"": 1, ""label"": 2, ""precision"": 0.5, ""recall"": 0.5, ""retained_support"": 2, ""support"": 2, ""true_positive"": 1}]",retained_only,1.0,0.34283943213034085,"[[2, 0, 0], [1, 0, 1], [0, 1, 1]]","[0, 1, 2]","[{""f1"": 0.8, ""label"": 0, ""precision"": 0.6666666666666666, ""recall"": 1.0, ""support"": 2}, {""f1"": 0.0, ""label"": 1, ""precision"": 0.0, ""recall"": 0.0, ""support"": 2}, {""f1"": 0.5, ""label"": 2, ""precision"": 0.5, ""recall"": 0.5, ""support"": 2}]",passed
inception_full__b5_star_fixed10,1,3,0.5,0.4666666666666666,0.5,0.4444444444444444,0.5,0.4666666666666666,0.0,"[[0, 0], [1, 0], [2, 0]]","[{""abstention_count"": 0, ""f1"": 0.0, ""false_negative"": 2, ""false_positive"": 1, ""label"": 0, ""precision"": 0.0, ""recall"": 0.0, ""retained_support"": 2, ""support"": 2, ""true_positive"": 0}, {""abstention_count"": 0, ""f1"": 0.4, ""false_negative"": 1, ""false_positive"": 2, ""label"": 1, ""precision"": 0.3333333333333333, ""recall"": 0.5, ""retained_support"": 2, ""support"": 2, ""true_positive"": 1}, {""abstention_count"": 0, ""f1"": 1.0, ""false_negative"": 0, ""false_positive"": 0, ""label"": 2, ""precision"": 1.0, ""recall"": 1.0, ""retained_support"": 1, ""support"": 1, ""true_positive"": 1}]",retained_only,1.0,0.47400268872236145,"[[0, 2, 0], [1, 1, 0], [0, 0, 1]]","[0, 1, 2]","[{""f1"": 0.0, ""label"": 0, ""precision"": 0.0, ""recall"": 0.0, ""support"": 2}, {""f1"": 0.4, ""label"": 1, ""precision"": 0.3333333333333333, ""recall"": 0.5, ""support"": 2}, {""f1"": 1.0, ""label"": 2, ""precision"": 1.0, ""recall"": 1.0, ""support"": 1}]",passed
inception_full__b5_star_fixed10,1,4,0.8333333333333334,0.8222222222222223,0.8333333333333334,0.8888888888888888,0.8333333333333334,0.8222222222222223,0.0,"[[0, 0], [1, 0], [2, 0]]","[{""abstention_count"": 0, ""f1"": 0.8, ""false_negative"": 0, ""false_positive"": 1, ""label"": 0, ""precision"": 0.6666666666666666, ""recall"": 1.0, ""retained_support"": 2, ""support"": 2, ""true_positive"": 2}, {""abstention_count"": 0, ""f1"": 0.6666666666666666, ""false_negative"": 1, ""false_positive"": 0, ""label"": 1, ""precision"": 1.0, ""recall"": 0.5, ""retained_support"": 2, ""support"": 2, ""true_positive"": 1}, {""abstention_count"": 0, ""f1"": 1.0, ""false_negative"": 0, ""false_positive"": 0, ""label"": 2, ""precision"": 1.0, ""recall"": 1.0, ""retained_support"": 1, ""support"": 1, ""true_positive"": 1}]",retained_only,1.0,0.405427877308168,"[[2, 0, 0], [1, 1, 0], [0, 0, 1]]","[0, 1, 2]","[{""f1"": 0.8, ""label"": 0, ""precision"": 0.6666666666666666, ""recall"": 1.0, ""support"": 2}, {""f1"": 0.6666666666666666, ""label"": 1, ""precision"": 1.0, ""recall"": 0.5, ""support"": 2}, {""f1"": 1.0, ""label"": 2, ""precision"": 1.0, ""recall"": 1.0, ""support"": 1}]",passed
inception_full__b5_star_fixed10,2,0,0.7222222222222222,0.6666666666666666,0.7222222222222222,0.7222222222222222,0.7222222222222222,0.6666666666666666,0.0,"[[0, 0], [1, 0], [2, 0]]","[{""abstention_count"": 0, ""f1"": 0.6666666666666666, ""false_negative"": 1, ""false_positive"": 0, ""label"": 0, ""precision"": 1.0, ""recall"": 0.5, ""retained_support"": 2, ""support"": 2, ""true_positive"": 1}, {""abstention_count"": 0, ""f1"": 0.6666666666666666, ""false_negative"": 1, ""false_positive"": 1, ""label"": 1, ""precision"": 0.6666666666666666, ""recall"": 0.6666666666666666, ""retained_support"": 3, ""support"": 3, ""true_positive"": 2}, {""abstention_count"": 0, ""f1"": 0.6666666666666666, ""false_negative"": 0, ""false_positive"": 1, ""label"": 2, ""precision"": 0.5, ""recall"": 1.0, ""retained_support"": 1, ""support"": 1, ""true_positive"": 1}]",retained_only,1.0,0.29514398165787764,"[[1, 1, 0], [0, 2, 1], [0, 0, 1]]","[0, 1, 2]","[{""f1"": 0.6666666666666666, ""label"": 0, ""precision"": 1.0, ""recall"": 0.5, ""support"": 2}, {""f1"": 0.6666666666666666, ""label"": 1, ""precision"": 0.6666666666666666, ""recall"": 0.6666666666666666, ""support"": 3}, {""f1"": 0.6666666666666666, ""label"": 2, ""precision"": 0.5, ""recall"": 1.0, ""support"": 1}]",passed
inception_full__b5_star_fixed10,2,1,0.5,0.41269841269841273,0.5,0.4666666666666666,0.5,0.41269841269841273,0.0,"[[0, 0], [1, 0], [2, 0]]","[{""abstention_count"": 0, ""f1"": 0.6666666666666666, ""false_negative"": 1, ""false_positive"": 0, ""label"": 0, ""precision"": 1.0, ""recall"": 0.5, ""retained_support"": 2, ""support"": 2, ""true_positive"": 1}, {""abstention_count"": 0, ""f1"": 0.0, ""false_negative"": 2, ""false_positive"": 0, ""label"": 1, ""precision"": 0.0, ""recall"": 0.0, ""retained_support"": 2, ""support"": 2, ""true_positive"": 0}, {""abstention_count"": 0, ""f1"": 0.5714285714285715, ""false_negative"": 0, ""false_positive"": 3, ""label"": 2, ""precision"": 0.4, ""recall"": 1.0, ""retained_support"": 2, ""support"": 2, ""true_positive"": 2}]",retained_only,1.0,0.32942029023375524,"[[1, 0, 1], [0, 0, 2], [0, 0, 2]]","[0, 1, 2]","[{""f1"": 0.6666666666666666, ""label"": 0, ""precision"": 1.0, ""recall"": 0.5, ""support"": 2}, {""f1"": 0.0, ""label"": 1, ""precision"": 0.0, ""recall"": 0.0, ""support"": 2}, {""f1"": 0.5714285714285714, ""label"": 2, ""precision"": 0.4, ""recall"": 1.0, ""support"": 2}]",passed
inception_full__b5_star_fixed10,2,2,0.611111111111111,0.5222222222222223,0.611111111111111,0.611111111111111,0.611111111111111,0.5222222222222223,0.0,"[[0, 0], [1, 0], [2, 0]]","[{""abstention_count"": 0, ""f1"": 0.5, ""false_negative"": 0, ""false_positive"": 2, ""label"": 0, ""precision"": 0.3333333333333333, ""recall"": 1.0, ""retained_support"": 1, ""support"": 1, ""true_positive"": 1}, {""abstention_count"": 0, ""f1"": 0.4, ""false_negative"": 2, ""false_positive"": 1, ""label"": 1, ""precision"": 0.5, ""recall"": 0.3333333333333333, ""retained_support"": 3, ""support"": 3, ""true_positive"": 1}, {""abstention_count"": 0, ""f1"": 0.6666666666666666, ""false_negative"": 1, ""false_positive"": 0, ""label"": 2, ""precision"": 1.0, ""recall"": 0.5, ""retained_support"": 2, ""support"": 2, ""true_positive"": 1}]",retained_only,1.0,0.4332641512305316,"[[1, 0, 0], [2, 1, 0], [0, 1, 1]]","[0, 1, 2]","[{""f1"": 0.5, ""label"": 0, ""precision"": 0.3333333333333333, ""recall"": 1.0, ""support"": 1}, {""f1"": 0.4, ""label"": 1, ""precision"": 0.5, ""recall"": 0.3333333333333333, ""support"": 3}, {""f1"": 0.6666666666666666, ""label"": 2, ""precision"": 1.0, ""recall"": 0.5, ""support"": 2}]",passed
inception_full__b5_star_fixed10,2,3,0.6666666666666666,0.6666666666666666,0.6666666666666666,0.8333333333333334,0.6666666666666666,0.6666666666666666,0.0,"[[0, 0], [1, 0], [2, 0]]","[{""abstention_count"": 0, ""f1"": 0.6666666666666666, ""false_negative"": 1, ""false_positive"": 0, ""label"": 0, ""precision"": 1.0, ""recall"": 0.5, ""retained_support"": 2, ""support"": 2, ""true_positive"": 1}, {""abstention_count"": 0, ""f1"": 0.6666666666666666, ""false_negative"": 0, ""false_positive"": 2, ""label"": 1, ""precision"": 0.5, ""recall"": 1.0, ""retained_support"": 2, ""support"": 2, ""true_positive"": 2}, {""abstention_count"": 0, ""f1"": 0.6666666666666666, ""false_negative"": 1, ""false_positive"": 0, ""label"": 2, ""precision"": 1.0, ""recall"": 0.5, ""retained_support"": 2, ""support"": 2, ""true_positive"": 1}]",retained_only,1.0,0.35237017242192215,"[[1, 1, 0], [0, 2, 0], [0, 1, 1]]","[0, 1, 2]","[{""f1"": 0.6666666666666666, ""label"": 0, ""precision"": 1.0, ""recall"": 0.5, ""support"": 2}, {""f1"": 0.6666666666666666, ""label"": 1, ""precision"": 0.5, ""recall"": 1.0, ""support"": 2}, {""f1"": 0.6666666666666666, ""label"": 2, ""precision"": 1.0, ""recall"": 0.5, ""support"": 2}]",passed
inception_full__b5_star_fixed10,2,4,0.3333333333333333,0.3,0.3333333333333333,0.27777777777777773,0.3333333333333333,0.3,0.0,"[[0, 0], [1, 0], [2, 0]]","[{""abstention_count"": 0, ""f1"": 0.5, ""false_negative"": 1, ""false_positive"": 1, ""label"": 0, ""precision"": 0.5, ""recall"": 0.5, ""retained_support"": 2, ""support"": 2, ""true_positive"": 1}, {""abstention_count"": 0, ""f1"": 0.4, ""false_negative"": 1, ""false_positive"": 2, ""label"": 1, ""precision"": 0.3333333333333333, ""recall"": 0.5, ""retained_support"": 2, ""support"": 2, ""true_positive"": 1}, {""abstention_count"": 0, ""f1"": 0.0, ""false_negative"": 1, ""false_positive"": 0, ""label"": 2, ""precision"": 0.0, ""recall"": 0.0, ""retained_support"": 1, ""support"": 1, ""true_positive"": 0}]",retained_only,1.0,0.6347275846386575,"[[1, 1, 0], [1, 1, 0], [0, 1, 0]]","[0, 1, 2]","[{""f1"": 0.5, ""label"": 0, ""precision"": 0.5, ""recall"": 0.5, ""support"": 2}, {""f1"": 0.4, ""label"": 1, ""precision"": 0.3333333333333333, ""recall"": 0.5, ""support"": 2}, {""f1"": 0.0, ""label"": 2, ""precision"": 0.0, ""recall"": 0.0, ""support"": 1}]",passed
inception_full__b5_star_fixed10,3,0,0.611111111111111,0.6,0.611111111111111,0.611111111111111,0.611111111111111,0.6,0.0,"[[0, 0], [1, 0], [2, 0]]","[{""abstention_count"": 0, ""f1"": 0.4, ""false_negative"": 1, ""false_positive"": 2, ""label"": 0, ""precision"": 0.3333333333333333, ""recall"": 0.5, ""retained_support"": 2, ""support"": 2, ""true_positive"": 1}, {""abstention_count"": 0, ""f1"": 0.4, ""false_negative"": 2, ""false_positive"": 1, ""label"": 1, ""precision"": 0.5, ""recall"": 0.3333333333333333, ""retained_support"": 3, ""support"": 3, ""true_positive"": 1}, {""abstention_count"": 0, ""f1"": 1.0, ""false_negative"": 0, ""false_positive"": 0, ""label"": 2, ""precision"": 1.0, ""recall"": 1.0, ""retained_support"": 1, ""support"": 1, ""true_positive"": 1}]",retained_only,1.0,0.44310394674812204,"[[1, 1, 0], [2, 1, 0], [0, 0, 1]]","[0, 1, 2]","[{""f1"": 0.4, ""label"": 0, ""precision"": 0.3333333333333333, ""recall"": 0.5, ""support"": 2}, {""f1"": 0.4, ""label"": 1, ""precision"": 0.5, ""recall"": 0.3333333333333333, ""support"": 3}, {""f1"": 1.0, ""label"": 2, ""precision"": 1.0, ""recall"": 1.0, ""support"": 1}]",passed
inception_full__b5_star_fixed10,3,1,0.3333333333333333,0.27777777777777773,0.3333333333333333,0.25,0.3333333333333333,0.27777777777777773,0.0,"[[0, 0], [1, 0], [2, 0]]","[{""abstention_count"": 0, ""f1"": 0.0, ""false_negative"": 2, ""false_positive"": 0, ""label"": 0, ""precision"": 0.0, ""recall"": 0.0, ""retained_support"": 2, ""support"": 2, ""true_positive"": 0}, {""abstention_count"": 0, ""f1"": 0.3333333333333333, ""false_negative"": 1, ""false_positive"": 3, ""label"": 1, ""precision"": 0.25, ""recall"": 0.5, ""retained_support"": 2, ""support"": 2, ""true_positive"": 1}, {""abstention_count"": 0, ""f1"": 0.5, ""false_negative"": 1, ""false_positive"": 1, ""label"": 2, ""precision"": 0.5, ""recall"": 0.5, ""retained_support"": 2, ""support"": 2, ""true_positive"": 1}]",retained_only,1.0,0.5702384039167513,"[[0, 2, 0], [0, 1, 1], [0, 1, 1]]","[0, 1, 2]","[{""f1"": 0.0, ""label"": 0, ""precision"": 0.0, ""recall"": 0.0, ""support"": 2}, {""f1"": 0.3333333333333333, ""label"": 1, ""precision"": 0.25, ""recall"": 0.5, ""support"": 2}, {""f1"": 0.5, ""label"": 2, ""precision"": 0.5, ""recall"": 0.5, ""support"": 2}]",passed
inception_full__b5_star_fixed10,3,2,0.3333333333333333,0.3333333333333333,0.3333333333333333,0.4166666666666667,0.3333333333333333,0.3333333333333333,0.0,"[[0, 0], [1, 0], [2, 0]]","[{""abstention_count"": 0, ""f1"": 0.0, ""false_negative"": 2, ""false_positive"": 1, ""label"": 0, ""precision"": 0.0, ""recall"": 0.0, ""retained_support"": 2, ""support"": 2, ""true_positive"": 0}, {""abstention_count"": 0, ""f1"": 0.3333333333333333, ""false_negative"": 1, ""false_positive"": 3, ""label"": 1, ""precision"": 0.25, ""recall"": 0.5, ""retained_support"": 2, ""support"": 2, ""true_positive"": 1}, {""abstention_count"": 0, ""f1"": 0.6666666666666666, ""false_negative"": 1, ""false_positive"": 0, ""label"": 2, ""precision"": 1.0, ""recall"": 0.5, ""retained_support"": 2, ""support"": 2, ""true_positive"": 1}]",retained_only,1.0,0.4468678843776574,"[[0, 2, 0], [1, 1, 0], [0, 1, 1]]","[0, 1, 2]","[{""f1"": 0.0, ""label"": 0, ""precision"": 0.0, ""recall"": 0.0, ""support"": 2}, {""f1"": 0.3333333333333333, ""label"": 1, ""precision"": 0.25, ""recall"": 0.5, ""support"": 2}, {""f1"": 0.6666666666666666, ""label"": 2, ""precision"": 1.0, ""recall"": 0.5, ""support"": 2}]",passed
inception_full__b5_star_fixed10,3,3,0.6666666666666666,0.6555555555555556,0.6666666666666666,0.7222222222222222,0.6666666666666666,0.6555555555555556,0.0,"[[0, 0], [1, 0], [2, 0]]","[{""abstention_count"": 0, ""f1"": 0.8, ""false_negative"": 0, ""false_positive"": 1, ""label"": 0, ""precision"": 0.6666666666666666, ""recall"": 1.0, ""retained_support"": 2, ""support"": 2, ""true_positive"": 2}, {""abstention_count"": 0, ""f1"": 0.5, ""false_negative"": 1, ""false_positive"": 1, ""label"": 1, ""precision"": 0.5, ""recall"": 0.5, ""retained_support"": 2, ""support"": 2, ""true_positive"": 1}, {""abstention_count"": 0, ""f1"": 0.6666666666666666, ""false_negative"": 1, ""false_positive"": 0, ""label"": 2, ""precision"": 1.0, ""recall"": 0.5, ""retained_support"": 2, ""support"": 2, ""true_positive"": 1}]",retained_only,1.0,0.28170340714821795,"[[2, 0, 0], [1, 1, 0], [0, 1, 1]]","[0, 1, 2]","[{""f1"": 0.8, ""label"": 0, ""precision"": 0.6666666666666666, ""recall"": 1.0, ""support"": 2}, {""f1"": 0.5, ""label"": 1, ""precision"": 0.5, ""recall"": 0.5, ""support"": 2}, {""f1"": 0.6666666666666666, ""label"": 2, ""precision"": 1.0, ""recall"": 0.5, ""support"": 2}]",passed
inception_full__b5_star_fixed10,3,4,0.7777777777777777,0.6666666666666666,0.7777777777777777,0.7777777777777777,0.7777777777777777,0.6666666666666666,0.0,"[[0, 0], [1, 0], [2, 0]]","[{""abstention_count"": 0, ""f1"": 0.5, ""false_negative"": 0, ""false_positive"": 2, ""label"": 0, ""precision"": 0.3333333333333333, ""recall"": 1.0, ""retained_support"": 1, ""support"": 1, ""true_positive"": 1}, {""abstention_count"": 0, ""f1"": 0.5, ""false_negative"": 2, ""false_positive"": 0, ""label"": 1, ""precision"": 1.0, ""recall"": 0.3333333333333333, ""retained_support"": 3, ""support"": 3, ""true_positive"": 1}, {""abstention_count"": 0, ""f1"": 1.0, ""false_negative"": 0, ""false_positive"": 0, ""label"": 2, ""precision"": 1.0, ""recall"": 1.0, ""retained_support"": 1, ""support"": 1, ""true_positive"": 1}]",retained_only,1.0,0.19974462640553992,"[[1, 0, 0], [2, 1, 0], [0, 0, 1]]","[0, 1, 2]","[{""f1"": 0.5, ""label"": 0, ""precision"": 0.3333333333333333, ""recall"": 1.0, ""support"": 1}, {""f1"": 0.5, ""label"": 1, ""precision"": 1.0, ""recall"": 0.3333333333333333, ""support"": 3}, {""f1"": 1.0, ""label"": 2, ""precision"": 1.0, ""recall"": 1.0, ""support"": 1}]",passed
inception_full__b5_star_fixed10,4,0,0.6666666666666666,0.5555555555555555,0.6666666666666666,0.5,0.6666666666666666,0.5555555555555555,0.0,"[[0, 0], [1, 0], [2, 0]]","[{""abstention_count"": 0, ""f1"": 0.6666666666666666, ""false_negative"": 0, ""false_positive"": 2, ""label"": 0, ""precision"": 0.5, ""recall"": 1.0, ""retained_support"": 2, ""support"": 2, ""true_positive"": 2}, {""abstention_count"": 0, ""f1"": 0.0, ""false_negative"": 2, ""false_positive"": 0, ""label"": 1, ""precision"": 0.0, ""recall"": 0.0, ""retained_support"": 2, ""support"": 2, ""true_positive"": 0}, {""abstention_count"": 0, ""f1"": 1.0, ""false_negative"": 0, ""false_positive"": 0, ""label"": 2, ""precision"": 1.0, ""recall"": 1.0, ""retained_support"": 2, ""support"": 2, ""true_positive"": 2}]",retained_only,1.0,0.292122209341958,"[[2, 0, 0], [2, 0, 0], [0, 0, 2]]","[0, 1, 2]","[{""f1"": 0.6666666666666666, ""label"": 0, ""precision"": 0.5, ""recall"": 1.0, ""support"": 2}, {""f1"": 0.0, ""label"": 1, ""precision"": 0.0, ""recall"": 0.0, ""support"": 2}, {""f1"": 1.0, ""label"": 2, ""precision"": 1.0, ""recall"": 1.0, ""support"": 2}]",passed
inception_full__b5_star_fixed10,4,1,0.27777777777777773,0.27777777777777773,0.27777777777777773,0.27777777777777773,0.27777777777777773,0.27777777777777773,0.0,"[[0, 0], [1, 0], [2, 0]]","[{""abstention_count"": 0, ""f1"": 0.5, ""false_negative"": 1, ""false_positive"": 1, ""label"": 0, ""precision"": 0.5, ""recall"": 0.5, ""retained_support"": 2, ""support"": 2, ""true_positive"": 1}, {""abstention_count"": 0, ""f1"": 0.3333333333333333, ""false_negative"": 2, ""false_positive"": 2, ""label"": 1, ""precision"": 0.3333333333333333, ""recall"": 0.3333333333333333, ""retained_support"": 3, ""support"": 3, ""true_positive"": 1}, {""abstention_count"": 0, ""f1"": 0.0, ""false_negative"": 1, ""false_positive"": 1, ""label"": 2, ""precision"": 0.0, ""recall"": 0.0, ""retained_support"": 1, ""support"": 1, ""true_positive"": 0}]",retained_only,1.0,0.4504599622389313,"[[1, 1, 0], [1, 1, 1], [0, 1, 0]]","[0, 1, 2]","[{""f1"": 0.5, ""label"": 0, ""precision"": 0.5, ""recall"": 0.5, ""support"": 2}, {""f1"": 0.3333333333333333, ""label"": 1, ""precision"": 0.3333333333333333, ""recall"": 0.3333333333333333, ""support"": 3}, {""f1"": 0.0, ""label"": 2, ""precision"": 0.0, ""recall"": 0.0, ""support"": 1}]",passed
inception_full__b5_star_fixed10,4,2,0.5,0.3,0.5,0.25,0.5,0.3,0.0,"[[0, 0], [1, 0], [2, 0]]","[{""abstention_count"": 0, ""f1"": 0.5, ""false_negative"": 1, ""false_positive"": 1, ""label"": 0, ""precision"": 0.5, ""recall"": 0.5, ""retained_support"": 2, ""support"": 2, ""true_positive"": 1}, {""abstention_count"": 0, ""f1"": 0.0, ""false_negative"": 3, ""false_positive"": 0, ""label"": 1, ""precision"": 0.0, ""recall"": 0.0, ""retained_support"": 3, ""support"": 3, ""true_positive"": 0}, {""abstention_count"": 0, ""f1"": 0.4, ""false_negative"": 0, ""false_positive"": 3, ""label"": 2, ""precision"": 0.25, ""recall"": 1.0, ""retained_support"": 1, ""support"": 1, ""true_positive"": 1}]",retained_only,1.0,0.4690023227946246,"[[1, 0, 1], [1, 0, 2], [0, 0, 1]]","[0, 1, 2]","[{""f1"": 0.5, ""label"": 0, ""precision"": 0.5, ""recall"": 0.5, ""support"": 2}, {""f1"": 0.0, ""label"": 1, ""precision"": 0.0, ""recall"": 0.0, ""support"": 3}, {""f1"": 0.4, ""label"": 2, ""precision"": 0.25, ""recall"": 1.0, ""support"": 1}]",passed
inception_full__b5_star_fixed10,4,3,0.5,0.4666666666666666,0.5,0.4444444444444444,0.5,0.4666666666666666,0.0,"[[0, 0], [1, 0], [2, 0]]","[{""abstention_count"": 0, ""f1"": 1.0, ""false_negative"": 0, ""false_positive"": 0, ""label"": 0, ""precision"": 1.0, ""recall"": 1.0, ""retained_support"": 1, ""support"": 1, ""true_positive"": 1}, {""abstention_count"": 0, ""f1"": 0.4, ""false_negative"": 1, ""false_positive"": 2, ""label"": 1, ""precision"": 0.3333333333333333, ""recall"": 0.5, ""retained_support"": 2, ""support"": 2, ""true_positive"": 1}, {""abstention_count"": 0, ""f1"": 0.0, ""false_negative"": 2, ""false_positive"": 1, ""label"": 2, ""precision"": 0.0, ""recall"": 0.0, ""retained_support"": 2, ""support"": 2, ""true_positive"": 0}]",retained_only,1.0,0.3425258495347284,"[[1, 0, 0], [0, 1, 1], [0, 2, 0]]","[0, 1, 2]","[{""f1"": 1.0, ""label"": 0, ""precision"": 1.0, ""recall"": 1.0, ""support"": 1}, {""f1"": 0.4, ""label"": 1, ""precision"": 0.3333333333333333, ""recall"": 0.5, ""support"": 2}, {""f1"": 0.0, ""label"": 2, ""precision"": 0.0, ""recall"": 0.0, ""support"": 2}]",passed
inception_full__b5_star_fixed10,4,4,0.5,0.41269841269841273,0.5,0.4666666666666666,0.5,0.41269841269841273,0.0,"[[0, 0], [1, 0], [2, 0]]","[{""abstention_count"": 0, ""f1"": 0.0, ""false_negative"": 2, ""false_positive"": 0, ""label"": 0, ""precision"": 0.0, ""recall"": 0.0, ""retained_support"": 2, ""support"": 2, ""true_positive"": 0}, {""abstention_count"": 0, ""f1"": 0.5714285714285715, ""false_negative"": 0, ""false_positive"": 3, ""label"": 1, ""precision"": 0.4, ""recall"": 1.0, ""retained_support"": 2, ""support"": 2, ""true_positive"": 2}, {""abstention_count"": 0, ""f1"": 0.6666666666666666, ""false_negative"": 1, ""false_positive"": 0, ""label"": 2, ""precision"": 1.0, ""recall"": 0.5, ""retained_support"": 2, ""support"": 2, ""true_positive"": 1}]",retained_only,1.0,0.4340689081394764,"[[0, 2, 0], [0, 2, 0], [0, 1, 1]]","[0, 1, 2]","[{""f1"": 0.0, ""label"": 0, ""precision"": 0.0, ""recall"": 0.0, ""support"": 2}, {""f1"": 0.5714285714285714, ""label"": 1, ""precision"": 0.4, ""recall"": 1.0, ""support"": 2}, {""f1"": 0.6666666666666666, ""label"": 2, ""precision"": 1.0, ""recall"": 0.5, ""support"": 2}]",passed
compact_cnn__b6_star_fixed10,0,0,0.5,0.4444444444444444,0.5,0.5,0.5,0.4444444444444444,0.0,"[[0, 0], [1, 0], [2, 0]]","[{""abstention_count"": 0, ""f1"": 0.6666666666666666, ""false_negative"": 1, ""false_positive"": 0, ""label"": 0, ""precision"": 1.0, ""recall"": 0.5, ""retained_support"": 2, ""support"": 2, ""true_positive"": 1}, {""abstention_count"": 0, ""f1"": 0.6666666666666666, ""false_negative"": 0, ""false_positive"": 2, ""label"": 1, ""precision"": 0.5, ""recall"": 1.0, ""retained_support"": 2, ""support"": 2, ""true_positive"": 2}, {""abstention_count"": 0, ""f1"": 0.0, ""false_negative"": 2, ""false_positive"": 1, ""label"": 2, ""precision"": 0.0, ""recall"": 0.0, ""retained_support"": 2, ""support"": 2, ""true_positive"": 0}]",retained_only,1.0,0.14118067110281443,"[[1, 0, 1], [0, 2, 0], [0, 2, 0]]","[0, 1, 2]","[{""f1"": 0.6666666666666666, ""label"": 0, ""precision"": 1.0, ""recall"": 0.5, ""support"": 2}, {""f1"": 0.6666666666666666, ""label"": 1, ""precision"": 0.5, ""recall"": 1.0, ""support"": 2}, {""f1"": 0.0, ""label"": 2, ""precision"": 0.0, ""recall"": 0.0, ""support"": 2}]",passed
compact_cnn__b6_star_fixed10,0,1,0.611111111111111,0.6,0.611111111111111,0.611111111111111,0.611111111111111,0.6,0.0,"[[0, 0], [1, 0], [2, 0]]","[{""abstention_count"": 0, ""f1"": 0.4, ""false_negative"": 1, ""false_positive"": 2, ""label"": 0, ""precision"": 0.3333333333333333, ""recall"": 0.5, ""retained_support"": 2, ""support"": 2, ""true_positive"": 1}, {""abstention_count"": 0, ""f1"": 0.4, ""false_negative"": 2, ""false_positive"": 1, ""label"": 1, ""precision"": 0.5, ""recall"": 0.3333333333333333, ""retained_support"": 3, ""support"": 3, ""true_positive"": 1}, {""abstention_count"": 0, ""f1"": 1.0, ""false_negative"": 0, ""false_positive"": 0, ""label"": 2, ""precision"": 1.0, ""recall"": 1.0, ""retained_support"": 1, ""support"": 1, ""true_positive"": 1}]",retained_only,1.0,0.3961100756967882,"[[1, 1, 0], [2, 1, 0], [0, 0, 1]]","[0, 1, 2]","[{""f1"": 0.4, ""label"": 0, ""precision"": 0.3333333333333333, ""recall"": 0.5, ""support"": 2}, {""f1"": 0.4, ""label"": 1, ""precision"": 0.5, ""recall"": 0.3333333333333333, ""support"": 3}, {""f1"": 1.0, ""label"": 2, ""precision"": 1.0, ""recall"": 1.0, ""support"": 1}]",passed
compact_cnn__b6_star_fixed10,0,2,0.16666666666666666,0.09523809523809523,0.16666666666666666,0.06666666666666667,0.16666666666666666,0.09523809523809525,0.0,"[[0, 0], [1, 0], [2, 0]]","[{""abstention_count"": 0, ""f1"": 0.0, ""false_negative"": 2, ""false_positive"": 0, ""label"": 0, ""precision"": 0.0, ""recall"": 0.0, ""retained_support"": 2, ""support"": 2, ""true_positive"": 0}, {""abstention_count"": 0, ""f1"": 0.28571428571428575, ""false_negative"": 1, ""false_positive"": 4, ""label"": 1, ""precision"": 0.2, ""recall"": 0.5, ""retained_support"": 2, ""support"": 2, ""true_positive"": 1}, {""abstention_count"": 0, ""f1"": 0.0, ""false_negative"": 2, ""false_positive"": 1, ""label"": 2, ""precision"": 0.0, ""recall"": 0.0, ""retained_support"": 2, ""support"": 2, ""true_positive"": 0}]",retained_only,1.0,0.6328973606222146,"[[0, 2, 0], [0, 1, 1], [0, 2, 0]]","[0, 1, 2]","[{""f1"": 0.0, ""label"": 0, ""precision"": 0.0, ""recall"": 0.0, ""support"": 2}, {""f1"": 0.2857142857142857, ""label"": 1, ""precision"": 0.2, ""recall"": 0.5, ""support"": 2}, {""f1"": 0.0, ""label"": 2, ""precision"": 0.0, ""recall"": 0.0, ""support"": 2}]",passed
compact_cnn__b6_star_fixed10,0,3,0.6666666666666666,0.6666666666666666,0.6666666666666666,0.8333333333333334,0.6666666666666666,0.6666666666666666,0.0,"[[0, 0], [1, 0], [2, 0]]","[{""abstention_count"": 0, ""f1"": 0.6666666666666666, ""false_negative"": 0, ""false_positive"": 2, ""label"": 0, ""precision"": 0.5, ""recall"": 1.0, ""retained_support"": 2, ""support"": 2, ""true_positive"": 2}, {""abstention_count"": 0, ""f1"": 0.6666666666666666, ""false_negative"": 1, ""false_positive"": 0, ""label"": 1, ""precision"": 1.0, ""recall"": 0.5, ""retained_support"": 2, ""support"": 2, ""true_positive"": 1}, {""abstention_count"": 0, ""f1"": 0.6666666666666666, ""false_negative"": 1, ""false_positive"": 0, ""label"": 2, ""precision"": 1.0, ""recall"": 0.5, ""retained_support"": 2, ""support"": 2, ""true_positive"": 1}]",retained_only,1.0,0.19225348521918276,"[[2, 0, 0], [1, 1, 0], [1, 0, 1]]","[0, 1, 2]","[{""f1"": 0.6666666666666666, ""label"": 0, ""precision"": 0.5, ""recall"": 1.0, ""support"": 2}, {""f1"": 0.6666666666666666, ""label"": 1, ""precision"": 1.0, ""recall"": 0.5, ""support"": 2}, {""f1"": 0.6666666666666666, ""label"": 2, ""precision"": 1.0, ""recall"": 0.5, ""support"": 2}]",passed
compact_cnn__b6_star_fixed10,0,4,0.6666666666666666,0.38888888888888884,0.6666666666666666,0.27777777777777773,0.6666666666666666,0.38888888888888884,0.0,"[[0, 0], [1, 0], [2, 0]]","[{""abstention_count"": 0, ""f1"": 0.5, ""false_negative"": 0, ""false_positive"": 2, ""label"": 0, ""precision"": 0.3333333333333333, ""recall"": 1.0, ""retained_support"": 1, ""support"": 1, ""true_positive"": 1}, {""abstention_count"": 0, ""f1"": 0.0, ""false_negative"": 3, ""false_positive"": 0, ""label"": 1, ""precision"": 0.0, ""recall"": 0.0, ""retained_support"": 3, ""support"": 3, ""true_positive"": 0}, {""abstention_count"": 0, ""f1"": 0.6666666666666666, ""false_negative"": 0, ""false_positive"": 1, ""label"": 2, ""precision"": 0.5, ""recall"": 1.0, ""retained_support"": 1, ""support"": 1, ""true_positive"": 1}]",retained_only,1.0,0.5169126406061778,"[[1, 0, 0], [2, 0, 1], [0, 0, 1]]","[0, 1, 2]","[{""f1"": 0.5, ""label"": 0, ""precision"": 0.3333333333333333, ""recall"": 1.0, ""support"": 1}, {""f1"": 0.0, ""label"": 1, ""precision"": 0.0, ""recall"": 0.0, ""support"": 3}, {""f1"": 0.6666666666666666, ""label"": 2, ""precision"": 0.5, ""recall"": 1.0, ""support"": 1}]",passed
compact_cnn__b6_star_fixed10,1,0,0.16666666666666666,0.08333333333333333,0.16666666666666666,0.05555555555555555,0.16666666666666666,0.08333333333333333,0.0,"[[0, 0], [1, 0], [2, 0]]","[{""abstention_count"": 0, ""f1"": 0.25, ""false_negative"": 1, ""false_positive"": 5, ""label"": 0, ""precision"": 0.16666666666666666, ""recall"": 0.5, ""retained_support"": 2, ""support"": 2, ""true_positive"": 1}, {""abstention_count"": 0, ""f1"": 0.0, ""false_negative"": 3, ""false_positive"": 1, ""label"": 1, ""precision"": 0.0, ""recall"": 0.0, ""retained_support"": 3, ""support"": 3, ""true_positive"": 0}, {""abstention_count"": 0, ""f1"": 0.0, ""false_negative"": 2, ""false_positive"": 0, ""label"": 2, ""precision"": 0.0, ""recall"": 0.0, ""retained_support"": 2, ""support"": 2, ""true_positive"": 0}]",retained_only,1.0,0.6461544688893935,"[[1, 1, 0], [3, 0, 0], [2, 0, 0]]","[0, 1, 2]","[{""f1"": 0.25, ""label"": 0, ""precision"": 0.16666666666666666, ""recall"": 0.5, ""support"": 2}, {""f1"": 0.0, ""label"": 1, ""precision"": 0.0, ""recall"": 0.0, ""support"": 3}, {""f1"": 0.0, ""label"": 2, ""precision"": 0.0, ""recall"": 0.0, ""support"": 2}]",passed
compact_cnn__b6_star_fixed10,1,1,0.7222222222222222,0.6666666666666666,0.7222222222222222,0.7222222222222222,0.7222222222222222,0.6666666666666666,0.0,"[[0, 0], [1, 0], [2, 0]]","[{""abstention_count"": 0, ""f1"": 0.6666666666666666, ""false_negative"": 0, ""false_positive"": 1, ""label"": 0, ""precision"": 0.5, ""recall"": 1.0, ""retained_support"": 1, ""support"": 1, ""true_positive"": 1}, {""abstention_count"": 0, ""f1"": 0.6666666666666666, ""false_negative"": 1, ""false_positive"": 1, ""label"": 1, ""precision"": 0.6666666666666666, ""recall"": 0.6666666666666666, ""retained_support"": 3, ""support"": 3, ""true_positive"": 2}, {""abstention_count"": 0, ""f1"": 0.6666666666666666, ""false_negative"": 1, ""false_positive"": 0, ""label"": 2, ""precision"": 1.0, ""recall"": 0.5, ""retained_support"": 2, ""support"": 2, ""true_positive"": 1}]",retained_only,1.0,0.33461380787788436,"[[1, 0, 0], [1, 2, 0], [0, 1, 1]]","[0, 1, 2]","[{""f1"": 0.6666666666666666, ""label"": 0, ""precision"": 0.5, ""recall"": 1.0, ""support"": 1}, {""f1"": 0.6666666666666666, ""label"": 1, ""precision"": 0.6666666666666666, ""recall"": 0.6666666666666666, ""support"": 3}, {""f1"": 0.6666666666666666, ""label"": 2, ""precision"": 1.0, ""recall"": 0.5, ""support"": 2}]",passed
compact_cnn__b6_star_fixed10,1,2,0.3333333333333333,0.2222222222222222,0.3333333333333333,0.16666666666666666,0.3333333333333333,0.2222222222222222,0.0,"[[0, 0], [1, 0], [2, 0]]","[{""abstention_count"": 0, ""f1"": 0.6666666666666666, ""false_negative"": 0, ""false_positive"": 2, ""label"": 0, ""precision"": 0.5, ""recall"": 1.0, ""retained_support"": 2, ""support"": 2, ""true_positive"": 2}, {""abstention_count"": 0, ""f1"": 0.0, ""false_negative"": 2, ""false_positive"": 1, ""label"": 1, ""precision"": 0.0, ""recall"": 0.0, ""retained_support"": 2, ""support"": 2, ""true_positive"": 0}, {""abstention_count"": 0, ""f1"": 0.0, ""false_negative"": 2, ""false_positive"": 1, ""label"": 2, ""precision"": 0.0, ""recall"": 0.0, ""retained_support"": 2, ""support"": 2, ""true_positive"": 0}]",retained_only,1.0,0.4688545874501017,"[[2, 0, 0], [1, 0, 1], [1, 1, 0]]","[0, 1, 2]","[{""f1"": 0.6666666666666666, ""label"": 0, ""precision"": 0.5, ""recall"": 1.0, ""support"": 2}, {""f1"": 0.0, ""label"": 1, ""precision"": 0.0, ""recall"": 0.0, ""support"": 2}, {""f1"": 0.0, ""label"": 2, ""precision"": 0.0, ""recall"": 0.0, ""support"": 2}]",passed
compact_cnn__b6_star_fixed10,1,3,0.5,0.4666666666666666,0.5,0.4444444444444444,0.5,0.4666666666666666,0.0,"[[0, 0], [1, 0], [2, 0]]","[{""abstention_count"": 0, ""f1"": 0.0, ""false_negative"": 2, ""false_positive"": 1, ""label"": 0, ""precision"": 0.0, ""recall"": 0.0, ""retained_support"": 2, ""support"": 2, ""true_positive"": 0}, {""abstention_count"": 0, ""f1"": 0.4, ""false_negative"": 1, ""false_positive"": 2, ""label"": 1, ""precision"": 0.3333333333333333, ""recall"": 0.5, ""retained_support"": 2, ""support"": 2, ""true_positive"": 1}, {""abstention_count"": 0, ""f1"": 1.0, ""false_negative"": 0, ""false_positive"": 0, ""label"": 2, ""precision"": 1.0, ""recall"": 1.0, ""retained_support"": 1, ""support"": 1, ""true_positive"": 1}]",retained_only,1.0,0.3293268897630961,"[[0, 2, 0], [1, 1, 0], [0, 0, 1]]","[0, 1, 2]","[{""f1"": 0.0, ""label"": 0, ""precision"": 0.0, ""recall"": 0.0, ""support"": 2}, {""f1"": 0.4, ""label"": 1, ""precision"": 0.3333333333333333, ""recall"": 0.5, ""support"": 2}, {""f1"": 1.0, ""label"": 2, ""precision"": 1.0, ""recall"": 1.0, ""support"": 1}]",passed
compact_cnn__b6_star_fixed10,1,4,0.6666666666666666,0.5,0.6666666666666666,0.4444444444444444,0.6666666666666666,0.5,0.0,"[[0, 0], [1, 0], [2, 0]]","[{""abstention_count"": 0, ""f1"": 1.0, ""false_negative"": 0, ""false_positive"": 0, ""label"": 0, ""precision"": 1.0, ""recall"": 1.0, ""retained_support"": 2, ""support"": 2, ""true_positive"": 2}, {""abstention_count"": 0, ""f1"": 0.0, ""false_negative"": 2, ""false_positive"": 0, ""label"": 1, ""precision"": 0.0, ""recall"": 0.0, ""retained_support"": 2, ""support"": 2, ""true_positive"": 0}, {""abstention_count"": 0, ""f1"": 0.5, ""false_negative"": 0, ""false_positive"": 2, ""label"": 2, ""precision"": 0.3333333333333333, ""recall"": 1.0, ""retained_support"": 1, ""support"": 1, ""true_positive"": 1}]",retained_only,1.0,0.5008163829054696,"[[2, 0, 0], [0, 0, 2], [0, 0, 1]]","[0, 1, 2]","[{""f1"": 1.0, ""label"": 0, ""precision"": 1.0, ""recall"": 1.0, ""support"": 2}, {""f1"": 0.0, ""label"": 1, ""precision"": 0.0, ""recall"": 0.0, ""support"": 2}, {""f1"": 0.5, ""label"": 2, ""precision"": 0.3333333333333333, ""recall"": 1.0, ""support"": 1}]",passed
compact_cnn__b6_star_fixed10,2,0,0.611111111111111,0.5,0.611111111111111,0.611111111111111,0.611111111111111,0.5,0.0,"[[0, 0], [1, 0], [2, 0]]","[{""abstention_count"": 0, ""f1"": 0.5, ""false_negative"": 1, ""false_positive"": 1, ""label"": 0, ""precision"": 0.5, ""recall"": 0.5, ""retained_support"": 2, ""support"": 2, ""true_positive"": 1}, {""abstention_count"": 0, ""f1"": 0.5, ""false_negative"": 2, ""false_positive"": 0, ""label"": 1, ""precision"": 1.0, ""recall"": 0.3333333333333333, ""retained_support"": 3, ""support"": 3, ""true_positive"": 1}, {""abstention_count"": 0, ""f1"": 0.5, ""false_negative"": 0, ""false_positive"": 2, ""label"": 2, ""precision"": 0.3333333333333333, ""recall"": 1.0, ""retained_support"": 1, ""support"": 1, ""true_positive"": 1}]",retained_only,1.0,0.34969929175675446,"[[1, 0, 1], [1, 1, 1], [0, 0, 1]]","[0, 1, 2]","[{""f1"": 0.5, ""label"": 0, ""precision"": 0.5, ""recall"": 0.5, ""support"": 2}, {""f1"": 0.5, ""label"": 1, ""precision"": 1.0, ""recall"": 0.3333333333333333, ""support"": 3}, {""f1"": 0.5, ""label"": 2, ""precision"": 0.3333333333333333, ""recall"": 1.0, ""support"": 1}]",passed
compact_cnn__b6_star_fixed10,2,1,0.8333333333333334,0.8222222222222223,0.8333333333333334,0.8888888888888888,0.8333333333333334,0.8222222222222223,0.0,"[[0, 0], [1, 0], [2, 0]]","[{""abstention_count"": 0, ""f1"": 1.0, ""false_negative"": 0, ""false_positive"": 0, ""label"": 0, ""precision"": 1.0, ""recall"": 1.0, ""retained_support"": 2, ""support"": 2, ""true_positive"": 2}, {""abstention_count"": 0, ""f1"": 0.8, ""false_negative"": 0, ""false_positive"": 1, ""label"": 1, ""precision"": 0.6666666666666666, ""recall"": 1.0, ""retained_support"": 2, ""support"": 2, ""true_positive"": 2}, {""abstention_count"": 0, ""f1"": 0.6666666666666666, ""false_negative"": 1, ""false_positive"": 0, ""label"": 2, ""precision"": 1.0, ""recall"": 0.5, ""retained_support"": 2, ""support"": 2, ""true_positive"": 1}]",retained_only,1.0,0.21220577449877265,"[[2, 0, 0], [0, 2, 0], [0, 1, 1]]","[0, 1, 2]","[{""f1"": 1.0, ""label"": 0, ""precision"": 1.0, ""recall"": 1.0, ""support"": 2}, {""f1"": 0.8, ""label"": 1, ""precision"": 0.6666666666666666, ""recall"": 1.0, ""support"": 2}, {""f1"": 0.6666666666666666, ""label"": 2, ""precision"": 1.0, ""recall"": 0.5, ""support"": 2}]",passed
compact_cnn__b6_star_fixed10,2,2,0.6666666666666666,0.43333333333333335,0.6666666666666666,0.3333333333333333,0.6666666666666666,0.43333333333333335,0.0,"[[0, 0], [1, 0], [2, 0]]","[{""abstention_count"": 0, ""f1"": 0.5, ""false_negative"": 0, ""false_positive"": 2, ""label"": 0, ""precision"": 0.3333333333333333, ""recall"": 1.0, ""retained_support"": 1, ""support"": 1, ""true_positive"": 1}, {""abstention_count"": 0, ""f1"": 0.0, ""false_negative"": 3, ""false_positive"": 0, ""label"": 1, ""precision"": 0.0, ""recall"": 0.0, ""retained_support"": 3, ""support"": 3, ""true_positive"": 0}, {""abstention_count"": 0, ""f1"": 0.8, ""false_negative"": 0, ""false_positive"": 1, ""label"": 2, ""precision"": 0.6666666666666666, ""recall"": 1.0, ""retained_support"": 2, ""support"": 2, ""true_positive"": 2}]",retained_only,1.0,0.4753398356378123,"[[1, 0, 0], [2, 0, 1], [0, 0, 2]]","[0, 1, 2]","[{""f1"": 0.5, ""label"": 0, ""precision"": 0.3333333333333333, ""recall"": 1.0, ""support"": 1}, {""f1"": 0.0, ""label"": 1, ""precision"": 0.0, ""recall"": 0.0, ""support"": 3}, {""f1"": 0.8, ""label"": 2, ""precision"": 0.6666666666666666, ""recall"": 1.0, ""support"": 2}]",passed
compact_cnn__b6_star_fixed10,2,3,0.6666666666666666,0.6666666666666666,0.6666666666666666,0.8333333333333334,0.6666666666666666,0.6666666666666666,0.0,"[[0, 0], [1, 0], [2, 0]]","[{""abstention_count"": 0, ""f1"": 0.6666666666666666, ""false_negative"": 1, ""false_positive"": 0, ""label"": 0, ""precision"": 1.0, ""recall"": 0.5, ""retained_support"": 2, ""support"": 2, ""true_positive"": 1}, {""abstention_count"": 0, ""f1"": 0.6666666666666666, ""false_negative"": 0, ""false_positive"": 2, ""label"": 1, ""precision"": 0.5, ""recall"": 1.0, ""retained_support"": 2, ""support"": 2, ""true_positive"": 2}, {""abstention_count"": 0, ""f1"": 0.6666666666666666, ""false_negative"": 1, ""false_positive"": 0, ""label"": 2, ""precision"": 1.0, ""recall"": 0.5, ""retained_support"": 2, ""support"": 2, ""true_positive"": 1}]",retained_only,1.0,0.2384844874425155,"[[1, 1, 0], [0, 2, 0], [0, 1, 1]]","[0, 1, 2]","[{""f1"": 0.6666666666666666, ""label"": 0, ""precision"": 1.0, ""recall"": 0.5, ""support"": 2}, {""f1"": 0.6666666666666666, ""label"": 1, ""precision"": 0.5, ""recall"": 1.0, ""support"": 2}, {""f1"": 0.6666666666666666, ""label"": 2, ""precision"": 1.0, ""recall"": 0.5, ""support"": 2}]",passed
compact_cnn__b6_star_fixed10,2,4,0.3333333333333333,0.2222222222222222,0.3333333333333333,0.16666666666666666,0.3333333333333333,0.2222222222222222,0.0,"[[0, 0], [1, 0], [2, 0]]","[{""abstention_count"": 0, ""f1"": 0.6666666666666666, ""false_negative"": 0, ""false_positive"": 2, ""label"": 0, ""precision"": 0.5, ""recall"": 1.0, ""retained_support"": 2, ""support"": 2, ""true_positive"": 2}, {""abstention_count"": 0, ""f1"": 0.0, ""false_negative"": 2, ""false_positive"": 1, ""label"": 1, ""precision"": 0.0, ""recall"": 0.0, ""retained_support"": 2, ""support"": 2, ""true_positive"": 0}, {""abstention_count"": 0, ""f1"": 0.0, ""false_negative"": 1, ""false_positive"": 0, ""label"": 2, ""precision"": 0.0, ""recall"": 0.0, ""retained_support"": 1, ""support"": 1, ""true_positive"": 0}]",retained_only,1.0,0.6266194674477474,"[[2, 0, 0], [2, 0, 0], [0, 1, 0]]","[0, 1, 2]","[{""f1"": 0.6666666666666666, ""label"": 0, ""precision"": 0.5, ""recall"": 1.0, ""support"": 2}, {""f1"": 0.0, ""label"": 1, ""precision"": 0.0, ""recall"": 0.0, ""support"": 2}, {""f1"": 0.0, ""label"": 2, ""precision"": 0.0, ""recall"": 0.0, ""support"": 1}]",passed
compact_cnn__b6_star_fixed10,3,0,0.7777777777777777,0.7222222222222222,0.7777777777777777,0.8333333333333334,0.7777777777777777,0.7222222222222222,0.0,"[[0, 0], [1, 0], [2, 0]]","[{""abstention_count"": 0, ""f1"": 0.6666666666666666, ""false_negative"": 0, ""false_positive"": 2, ""label"": 0, ""precision"": 0.5, ""recall"": 1.0, ""retained_support"": 2, ""support"": 2, ""true_positive"": 2}, {""abstention_count"": 0, ""f1"": 0.5, ""false_negative"": 2, ""false_positive"": 0, ""label"": 1, ""precision"": 1.0, ""recall"": 0.3333333333333333, ""retained_support"": 3, ""support"": 3, ""true_positive"": 1}, {""abstention_count"": 0, ""f1"": 1.0, ""false_negative"": 0, ""false_positive"": 0, ""label"": 2, ""precision"": 1.0, ""recall"": 1.0, ""retained_support"": 1, ""support"": 1, ""true_positive"": 1}]",retained_only,1.0,0.358364366069186,"[[2, 0, 0], [2, 1, 0], [0, 0, 1]]","[0, 1, 2]","[{""f1"": 0.6666666666666666, ""label"": 0, ""precision"": 0.5, ""recall"": 1.0, ""support"": 2}, {""f1"": 0.5, ""label"": 1, ""precision"": 1.0, ""recall"": 0.3333333333333333, ""support"": 3}, {""f1"": 1.0, ""label"": 2, ""precision"": 1.0, ""recall"": 1.0, ""support"": 1}]",passed
compact_cnn__b6_star_fixed10,3,1,0.3333333333333333,0.3,0.3333333333333333,0.27777777777777773,0.3333333333333333,0.3,0.0,"[[0, 0], [1, 0], [2, 0]]","[{""abstention_count"": 0, ""f1"": 0.0, ""false_negative"": 2, ""false_positive"": 1, ""label"": 0, ""precision"": 0.0, ""recall"": 0.0, ""retained_support"": 2, ""support"": 2, ""true_positive"": 0}, {""abstention_count"": 0, ""f1"": 0.4, ""false_negative"": 1, ""false_positive"": 2, ""label"": 1, ""precision"": 0.3333333333333333, ""recall"": 0.5, ""retained_support"": 2, ""support"": 2, ""true_positive"": 1}, {""abstention_count"": 0, ""f1"": 0.5, ""false_negative"": 1, ""false_positive"": 1, ""label"": 2, ""precision"": 0.5, ""recall"": 0.5, ""retained_support"": 2, ""support"": 2, ""true_positive"": 1}]",retained_only,1.0,0.2958410691047056,"[[0, 1, 1], [1, 1, 0], [0, 1, 1]]","[0, 1, 2]","[{""f1"": 0.0, ""label"": 0, ""precision"": 0.0, ""recall"": 0.0, ""support"": 2}, {""f1"": 0.4, ""label"": 1, ""precision"": 0.3333333333333333, ""recall"": 0.5, ""support"": 2}, {""f1"": 0.5, ""label"": 2, ""precision"": 0.5, ""recall"": 0.5, ""support"": 2}]",passed
compact_cnn__b6_star_fixed10,3,2,0.5,0.38888888888888884,0.5,0.3333333333333333,0.5,0.38888888888888884,0.0,"[[0, 0], [1, 0], [2, 0]]","[{""abstention_count"": 0, ""f1"": 0.5, ""false_negative"": 1, ""false_positive"": 1, ""label"": 0, ""precision"": 0.5, ""recall"": 0.5, ""retained_support"": 2, ""support"": 2, ""true_positive"": 1}, {""abstention_count"": 0, ""f1"": 0.0, ""false_negative"": 2, ""false_positive"": 0, ""label"": 1, ""precision"": 0.0, ""recall"": 0.0, ""retained_support"": 2, ""support"": 2, ""true_positive"": 0}, {""abstention_count"": 0, ""f1"": 0.6666666666666666, ""false_negative"": 0, ""false_positive"": 2, ""label"": 2, ""precision"": 0.5, ""recall"": 1.0, ""retained_support"": 2, ""support"": 2, ""true_positive"": 2}]",retained_only,1.0,0.33652134218301977,"[[1, 0, 1], [1, 0, 1], [0, 0, 2]]","[0, 1, 2]","[{""f1"": 0.5, ""label"": 0, ""precision"": 0.5, ""recall"": 0.5, ""support"": 2}, {""f1"": 0.0, ""label"": 1, ""precision"": 0.0, ""recall"": 0.0, ""support"": 2}, {""f1"": 0.6666666666666666, ""label"": 2, ""precision"": 0.5, ""recall"": 1.0, ""support"": 2}]",passed
compact_cnn__b6_star_fixed10,3,3,0.3333333333333333,0.27777777777777773,0.3333333333333333,0.25,0.3333333333333333,0.27777777777777773,0.0,"[[0, 0], [1, 0], [2, 0]]","[{""abstention_count"": 0, ""f1"": 0.5, ""false_negative"": 1, ""false_positive"": 1, ""label"": 0, ""precision"": 0.5, ""recall"": 0.5, ""retained_support"": 2, ""support"": 2, ""true_positive"": 1}, {""abstention_count"": 0, ""f1"": 0.3333333333333333, ""false_negative"": 1, ""false_positive"": 3, ""label"": 1, ""precision"": 0.25, ""recall"": 0.5, ""retained_support"": 2, ""support"": 2, ""true_positive"": 1}, {""abstention_count"": 0, ""f1"": 0.0, ""false_negative"": 2, ""false_positive"": 0, ""label"": 2, ""precision"": 0.0, ""recall"": 0.0, ""retained_support"": 2, ""support"": 2, ""true_positive"": 0}]",retained_only,1.0,0.37894818565105515,"[[1, 1, 0], [1, 1, 0], [0, 2, 0]]","[0, 1, 2]","[{""f1"": 0.5, ""label"": 0, ""precision"": 0.5, ""recall"": 0.5, ""support"": 2}, {""f1"": 0.3333333333333333, ""label"": 1, ""precision"": 0.25, ""recall"": 0.5, ""support"": 2}, {""f1"": 0.0, ""label"": 2, ""precision"": 0.0, ""recall"": 0.0, ""support"": 2}]",passed
compact_cnn__b6_star_fixed10,3,4,0.3333333333333333,0.25,0.3333333333333333,0.19999999999999998,0.3333333333333333,0.24999999999999997,0.0,"[[0, 0], [1, 0], [2, 0]]","[{""abstention_count"": 0, ""f1"": 0.0, ""false_negative"": 1, ""false_positive"": 0, ""label"": 0, ""precision"": 0.0, ""recall"": 0.0, ""retained_support"": 1, ""support"": 1, ""true_positive"": 0}, {""abstention_count"": 0, ""f1"": 0.7499999999999999, ""false_negative"": 0, ""false_positive"": 2, ""label"": 1, ""precision"": 0.6, ""recall"": 1.0, ""retained_support"": 3, ""support"": 3, ""true_positive"": 3}, {""abstention_count"": 0, ""f1"": 0.0, ""false_negative"": 1, ""false_positive"": 0, ""label"": 2, ""precision"": 0.0, ""recall"": 0.0, ""retained_support"": 1, ""support"": 1, ""true_positive"": 0}]",retained_only,1.0,0.3563022952830248,"[[0, 1, 0], [0, 3, 0], [0, 1, 0]]","[0, 1, 2]","[{""f1"": 0.0, ""label"": 0, ""precision"": 0.0, ""recall"": 0.0, ""support"": 1}, {""f1"": 0.75, ""label"": 1, ""precision"": 0.6, ""recall"": 1.0, ""support"": 3}, {""f1"": 0.0, ""label"": 2, ""precision"": 0.0, ""recall"": 0.0, ""support"": 1}]",passed
compact_cnn__b6_star_fixed10,4,0,0.6666666666666666,0.5555555555555555,0.6666666666666666,0.5,0.6666666666666666,0.5555555555555555,0.0,"[[0, 0], [1, 0], [2, 0]]","[{""abstention_count"": 0, ""f1"": 0.6666666666666666, ""false_negative"": 0, ""false_positive"": 2, ""label"": 0, ""precision"": 0.5, ""recall"": 1.0, ""retained_support"": 2, ""support"": 2, ""true_positive"": 2}, {""abstention_count"": 0, ""f1"": 0.0, ""false_negative"": 2, ""false_positive"": 0, ""label"": 1, ""precision"": 0.0, ""recall"": 0.0, ""retained_support"": 2, ""support"": 2, ""true_positive"": 0}, {""abstention_count"": 0, ""f1"": 1.0, ""false_negative"": 0, ""false_positive"": 0, ""label"": 2, ""precision"": 1.0, ""recall"": 1.0, ""retained_support"": 2, ""support"": 2, ""true_positive"": 2}]",retained_only,1.0,0.2504057716199196,"[[2, 0, 0], [2, 0, 0], [0, 0, 2]]","[0, 1, 2]","[{""f1"": 0.6666666666666666, ""label"": 0, ""precision"": 0.5, ""recall"": 1.0, ""support"": 2}, {""f1"": 0.0, ""label"": 1, ""precision"": 0.0, ""recall"": 0.0, ""support"": 2}, {""f1"": 1.0, ""label"": 2, ""precision"": 1.0, ""recall"": 1.0, ""support"": 2}]",passed
compact_cnn__b6_star_fixed10,4,1,0.3333333333333333,0.19047619047619047,0.3333333333333333,0.13333333333333333,0.3333333333333333,0.1904761904761905,0.0,"[[0, 0], [1, 0], [2, 0]]","[{""abstention_count"": 0, ""f1"": 0.5714285714285715, ""false_negative"": 0, ""false_positive"": 3, ""label"": 0, ""precision"": 0.4, ""recall"": 1.0, ""retained_support"": 2, ""support"": 2, ""true_positive"": 2}, {""abstention_count"": 0, ""f1"": 0.0, ""false_negative"": 3, ""false_positive"": 0, ""label"": 1, ""precision"": 0.0, ""recall"": 0.0, ""retained_support"": 3, ""support"": 3, ""true_positive"": 0}, {""abstention_count"": 0, ""f1"": 0.0, ""false_negative"": 1, ""false_positive"": 1, ""label"": 2, ""precision"": 0.0, ""recall"": 0.0, ""retained_support"": 1, ""support"": 1, ""true_positive"": 0}]",retained_only,1.0,0.3847149248487022,"[[2, 0, 0], [2, 0, 1], [1, 0, 0]]","[0, 1, 2]","[{""f1"": 0.5714285714285714, ""label"": 0, ""precision"": 0.4, ""recall"": 1.0, ""support"": 2}, {""f1"": 0.0, ""label"": 1, ""precision"": 0.0, ""recall"": 0.0, ""support"": 3}, {""f1"": 0.0, ""label"": 2, ""precision"": 0.0, ""recall"": 0.0, ""support"": 1}]",passed
compact_cnn__b6_star_fixed10,4,2,0.7222222222222222,0.7222222222222222,0.7222222222222222,0.7222222222222222,0.7222222222222222,0.7222222222222222,0.0,"[[0, 0], [1, 0], [2, 0]]","[{""abstention_count"": 0, ""f1"": 0.5, ""false_negative"": 1, ""false_positive"": 1, ""label"": 0, ""precision"": 0.5, ""recall"": 0.5, ""retained_support"": 2, ""support"": 2, ""true_positive"": 1}, {""abstention_count"": 0, ""f1"": 0.6666666666666666, ""false_negative"": 1, ""false_positive"": 1, ""label"": 1, ""precision"": 0.6666666666666666, ""recall"": 0.6666666666666666, ""retained_support"": 3, ""support"": 3, ""true_positive"": 2}, {""abstention_count"": 0, ""f1"": 1.0, ""false_negative"": 0, ""false_positive"": 0, ""label"": 2, ""precision"": 1.0, ""recall"": 1.0, ""retained_support"": 1, ""support"": 1, ""true_positive"": 1}]",retained_only,1.0,0.2279199566525608,"[[1, 1, 0], [1, 2, 0], [0, 0, 1]]","[0, 1, 2]","[{""f1"": 0.5, ""label"": 0, ""precision"": 0.5, ""recall"": 0.5, ""support"": 2}, {""f1"": 0.6666666666666666, ""label"": 1, ""precision"": 0.6666666666666666, ""recall"": 0.6666666666666666, ""support"": 3}, {""f1"": 1.0, ""label"": 2, ""precision"": 1.0, ""recall"": 1.0, ""support"": 1}]",passed
compact_cnn__b6_star_fixed10,4,3,0.3333333333333333,0.19047619047619047,0.3333333333333333,0.13333333333333333,0.3333333333333333,0.1904761904761905,0.0,"[[0, 0], [1, 0], [2, 0]]","[{""abstention_count"": 0, ""f1"": 0.0, ""false_negative"": 1, ""false_positive"": 0, ""label"": 0, ""precision"": 0.0, ""recall"": 0.0, ""retained_support"": 1, ""support"": 1, ""true_positive"": 0}, {""abstention_count"": 0, ""f1"": 0.5714285714285715, ""false_negative"": 0, ""false_positive"": 3, ""label"": 1, ""precision"": 0.4, ""recall"": 1.0, ""retained_support"": 2, ""support"": 2, ""true_positive"": 2}, {""abstention_count"": 0, ""f1"": 0.0, ""false_negative"": 2, ""false_positive"": 0, ""label"": 2, ""precision"": 0.0, ""recall"": 0.0, ""retained_support"": 2, ""support"": 2, ""true_positive"": 0}]",retained_only,1.0,0.5609706658605659,"[[0, 1, 0], [0, 2, 0], [0, 2, 0]]","[0, 1, 2]","[{""f1"": 0.0, ""label"": 0, ""precision"": 0.0, ""recall"": 0.0, ""support"": 1}, {""f1"": 0.5714285714285714, ""label"": 1, ""precision"": 0.4, ""recall"": 1.0, ""support"": 2}, {""f1"": 0.0, ""label"": 2, ""precision"": 0.0, ""recall"": 0.0, ""support"": 2}]",passed
compact_cnn__b6_star_fixed10,4,4,0.3333333333333333,0.3333333333333333,0.3333333333333333,0.4166666666666667,0.3333333333333333,0.3333333333333333,0.0,"[[0, 0], [1, 0], [2, 0]]","[{""abstention_count"": 0, ""f1"": 0.0, ""false_negative"": 2, ""false_positive"": 1, ""label"": 0, ""precision"": 0.0, ""recall"": 0.0, ""retained_support"": 2, ""support"": 2, ""true_positive"": 0}, {""abstention_count"": 0, ""f1"": 0.3333333333333333, ""false_negative"": 1, ""false_positive"": 3, ""label"": 1, ""precision"": 0.25, ""recall"": 0.5, ""retained_support"": 2, ""support"": 2, ""true_positive"": 1}, {""abstention_count"": 0, ""f1"": 0.6666666666666666, ""false_negative"": 1, ""false_positive"": 0, ""label"": 2, ""precision"": 1.0, ""recall"": 0.5, ""retained_support"": 2, ""support"": 2, ""true_positive"": 1}]",retained_only,1.0,0.4186924680754972,"[[0, 2, 0], [1, 1, 0], [0, 1, 1]]","[0, 1, 2]","[{""f1"": 0.0, ""label"": 0, ""precision"": 0.0, ""recall"": 0.0, ""support"": 2}, {""f1"": 0.3333333333333333, ""label"": 1, ""precision"": 0.25, ""recall"": 0.5, ""support"": 2}, {""f1"": 0.6666666666666666, ""label"": 2, ""precision"": 1.0, ""recall"": 0.5, ""support"": 2}]",passed
inception_full__b6_star_fixed10,0,0,0.5,0.38888888888888884,0.5,0.3333333333333333,0.5,0.38888888888888884,0.0,"[[0, 0], [1, 0], [2, 0]]","[{""abstention_count"": 0, ""f1"": 0.5, ""false_negative"": 1, ""false_positive"": 1, ""label"": 0, ""precision"": 0.5, ""recall"": 0.5, ""retained_support"": 2, ""support"": 2, ""true_positive"": 1}, {""abstention_count"": 0, ""f1"": 0.6666666666666666, ""false_negative"": 0, ""false_positive"": 2, ""label"": 1, ""precision"": 0.5, ""recall"": 1.0, ""retained_support"": 2, ""support"": 2, ""true_positive"": 2}, {""abstention_count"": 0, ""f1"": 0.0, ""false_negative"": 2, ""false_positive"": 0, ""label"": 2, ""precision"": 0.0, ""recall"": 0.0, ""retained_support"": 2, ""support"": 2, ""true_positive"": 0}]",retained_only,1.0,0.24868841692100158,"[[1, 1, 0], [0, 2, 0], [1, 1, 0]]","[0, 1, 2]","[{""f1"": 0.5, ""label"": 0, ""precision"": 0.5, ""recall"": 0.5, ""support"": 2}, {""f1"": 0.6666666666666666, ""label"": 1, ""precision"": 0.5, ""recall"": 1.0, ""support"": 2}, {""f1"": 0.0, ""label"": 2, ""precision"": 0.0, ""recall"": 0.0, ""support"": 2}]",passed
inception_full__b6_star_fixed10,0,1,0.5,0.3333333333333333,0.5,0.39999999999999997,0.5,0.3333333333333333,0.0,"[[0, 0], [1, 0], [2, 0]]","[{""abstention_count"": 0, ""f1"": 0.6666666666666666, ""false_negative"": 1, ""false_positive"": 0, ""label"": 0, ""precision"": 1.0, ""recall"": 0.5, ""retained_support"": 2, ""support"": 2, ""true_positive"": 1}, {""abstention_count"": 0, ""f1"": 0.0, ""false_negative"": 3, ""false_positive"": 0, ""label"": 1, ""precision"": 0.0, ""recall"": 0.0, ""retained_support"": 3, ""support"": 3, ""true_positive"": 0}, {""abstention_count"": 0, ""f1"": 0.33333333333333337, ""false_negative"": 0, ""false_positive"": 4, ""label"": 2, ""precision"": 0.2, ""recall"": 1.0, ""retained_support"": 1, ""support"": 1, ""true_positive"": 1}]",retained_only,1.0,0.4306548440855778,"[[1, 0, 1], [0, 0, 3], [0, 0, 1]]","[0, 1, 2]","[{""f1"": 0.6666666666666666, ""label"": 0, ""precision"": 1.0, ""recall"": 0.5, ""support"": 2}, {""f1"": 0.0, ""label"": 1, ""precision"": 0.0, ""recall"": 0.0, ""support"": 3}, {""f1"": 0.3333333333333333, ""label"": 2, ""precision"": 0.2, ""recall"": 1.0, ""support"": 1}]",passed
inception_full__b6_star_fixed10,0,2,0.5,0.4000000000000001,0.5,0.3333333333333333,0.5,0.4000000000000001,0.0,"[[0, 0], [1, 0], [2, 0]]","[{""abstention_count"": 0, ""f1"": 0.0, ""false_negative"": 2, ""false_positive"": 0, ""label"": 0, ""precision"": 0.0, ""recall"": 0.0, ""retained_support"": 2, ""support"": 2, ""true_positive"": 0}, {""abstention_count"": 0, ""f1"": 0.4, ""false_negative"": 1, ""false_positive"": 2, ""label"": 1, ""precision"": 0.3333333333333333, ""recall"": 0.5, ""retained_support"": 2, ""support"": 2, ""true_positive"": 1}, {""abstention_count"": 0, ""f1"": 0.8, ""false_negative"": 0, ""false_positive"": 1, ""label"": 2, ""precision"": 0.6666666666666666, ""recall"": 1.0, ""retained_support"": 2, ""support"": 2, ""true_positive"": 2}]",retained_only,1.0,0.5304871494123915,"[[0, 2, 0], [0, 1, 1], [0, 0, 2]]","[0, 1, 2]","[{""f1"": 0.0, ""label"": 0, ""precision"": 0.0, ""recall"": 0.0, ""support"": 2}, {""f1"": 0.4, ""label"": 1, ""precision"": 0.3333333333333333, ""recall"": 0.5, ""support"": 2}, {""f1"": 0.8, ""label"": 2, ""precision"": 0.6666666666666666, ""recall"": 1.0, ""support"": 2}]",passed
inception_full__b6_star_fixed10,0,3,0.6666666666666666,0.5555555555555555,0.6666666666666666,0.5,0.6666666666666666,0.5555555555555555,0.0,"[[0, 0], [1, 0], [2, 0]]","[{""abstention_count"": 0, ""f1"": 0.6666666666666666, ""false_negative"": 0, ""false_positive"": 2, ""label"": 0, ""precision"": 0.5, ""recall"": 1.0, ""retained_support"": 2, ""support"": 2, ""true_positive"": 2}, {""abstention_count"": 0, ""f1"": 0.0, ""false_negative"": 2, ""false_positive"": 0, ""label"": 1, ""precision"": 0.0, ""recall"": 0.0, ""retained_support"": 2, ""support"": 2, ""true_positive"": 0}, {""abstention_count"": 0, ""f1"": 1.0, ""false_negative"": 0, ""false_positive"": 0, ""label"": 2, ""precision"": 1.0, ""recall"": 1.0, ""retained_support"": 2, ""support"": 2, ""true_positive"": 2}]",retained_only,1.0,0.3525705108205531,"[[2, 0, 0], [2, 0, 0], [0, 0, 2]]","[0, 1, 2]","[{""f1"": 0.6666666666666666, ""label"": 0, ""precision"": 0.5, ""recall"": 1.0, ""support"": 2}, {""f1"": 0.0, ""label"": 1, ""precision"": 0.0, ""recall"": 0.0, ""support"": 2}, {""f1"": 1.0, ""label"": 2, ""precision"": 1.0, ""recall"": 1.0, ""support"": 2}]",passed
inception_full__b6_star_fixed10,0,4,0.4444444444444444,0.3,0.4444444444444444,0.27777777777777773,0.4444444444444444,0.3,0.0,"[[0, 0], [1, 0], [2, 0]]","[{""abstention_count"": 0, ""f1"": 0.5, ""false_negative"": 0, ""false_positive"": 2, ""label"": 0, ""precision"": 0.3333333333333333, ""recall"": 1.0, ""retained_support"": 1, ""support"": 1, ""true_positive"": 1}, {""abstention_count"": 0, ""f1"": 0.4, ""false_negative"": 2, ""false_positive"": 1, ""label"": 1, ""precision"": 0.5, ""recall"": 0.3333333333333333, ""retained_support"": 3, ""support"": 3, ""true_positive"": 1}, {""abstention_count"": 0, ""f1"": 0.0, ""false_negative"": 1, ""false_positive"": 0, ""label"": 2, ""precision"": 0.0, ""recall"": 0.0, ""retained_support"": 1, ""support"": 1, ""true_positive"": 0}]",retained_only,1.0,0.49279442320422806,"[[1, 0, 0], [2, 1, 0], [0, 1, 0]]","[0, 1, 2]","[{""f1"": 0.5, ""label"": 0, ""precision"": 0.3333333333333333, ""recall"": 1.0, ""support"": 1}, {""f1"": 0.4, ""label"": 1, ""precision"": 0.5, ""recall"": 0.3333333333333333, ""support"": 3}, {""f1"": 0.0, ""label"": 2, ""precision"": 0.0, ""recall"": 0.0, ""support"": 1}]",passed
inception_full__b6_star_fixed10,1,0,0.5555555555555555,0.5777777777777778,0.5555555555555555,0.6666666666666666,0.5555555555555555,0.5777777777777778,0.0,"[[0, 0], [1, 0], [2, 0]]","[{""abstention_count"": 0, ""f1"": 0.4, ""false_negative"": 1, ""false_positive"": 2, ""label"": 0, ""precision"": 0.3333333333333333, ""recall"": 0.5, ""retained_support"": 2, ""support"": 2, ""true_positive"": 1}, {""abstention_count"": 0, ""f1"": 0.6666666666666666, ""false_negative"": 1, ""false_positive"": 1, ""label"": 1, ""precision"": 0.6666666666666666, ""recall"": 0.6666666666666666, ""retained_support"": 3, ""support"": 3, ""true_positive"": 2}, {""abstention_count"": 0, ""f1"": 0.6666666666666666, ""false_negative"": 1, ""false_positive"": 0, ""label"": 2, ""precision"": 1.0, ""recall"": 0.5, ""retained_support"": 2, ""support"": 2, ""true_positive"": 1}]",retained_only,1.0,0.3759183361426353,"[[1, 1, 0], [1, 2, 0], [1, 0, 1]]","[0, 1, 2]","[{""f1"": 0.4, ""label"": 0, ""precision"": 0.3333333333333333, ""recall"": 0.5, ""support"": 2}, {""f1"": 0.6666666666666666, ""label"": 1, ""precision"": 0.6666666666666666, ""recall"": 0.6666666666666666, ""support"": 3}, {""f1"": 0.6666666666666666, ""label"": 2, ""precision"": 1.0, ""recall"": 0.5, ""support"": 2}]",passed
inception_full__b6_star_fixed10,1,1,0.38888888888888884,0.35714285714285715,0.38888888888888884,0.3333333333333333,0.38888888888888884,0.3571428571428572,0.0,"[[0, 0], [1, 0], [2, 0]]","[{""abstention_count"": 0, ""f1"": 0.0, ""false_negative"": 1, ""false_positive"": 0, ""label"": 0, ""precision"": 0.0, ""recall"": 0.0, ""retained_support"": 1, ""support"": 1, ""true_positive"": 0}, {""abstention_count"": 0, ""f1"": 0.5714285714285715, ""false_negative"": 1, ""false_positive"": 2, ""label"": 1, ""precision"": 0.5, ""recall"": 0.6666666666666666, ""retained_support"": 3, ""support"": 3, ""true_positive"": 2}, {""abstention_count"": 0, ""f1"": 0.5, ""false_negative"": 1, ""false_positive"": 1, ""label"": 2, ""precision"": 0.5, ""recall"": 0.5, ""retained_support"": 2, ""support"": 2, ""true_positive"": 1}]",retained_only,1.0,0.29766882947075435,"[[0, 1, 0], [0, 2, 1], [0, 1, 1]]","[0, 1, 2]","[{""f1"": 0.0, ""label"": 0, ""precision"": 0.0, ""recall"": 0.0, ""support"": 1}, {""f1"": 0.5714285714285714, ""label"": 1, ""precision"": 0.5, ""recall"": 0.6666666666666666, ""support"": 3}, {""f1"": 0.5, ""label"": 2, ""precision"": 0.5, ""recall"": 0.5, ""support"": 2}]",passed
inception_full__b6_star_fixed10,1,2,0.6666666666666666,0.6555555555555556,0.6666666666666666,0.7222222222222222,0.6666666666666666,0.6555555555555556,0.0,"[[0, 0], [1, 0], [2, 0]]","[{""abstention_count"": 0, ""f1"": 0.8, ""false_negative"": 0, ""false_positive"": 1, ""label"": 0, ""precision"": 0.6666666666666666, ""recall"": 1.0, ""retained_support"": 2, ""support"": 2, ""true_positive"": 2}, {""abstention_count"": 0, ""f1"": 0.5, ""false_negative"": 1, ""false_positive"": 1, ""label"": 1, ""precision"": 0.5, ""recall"": 0.5, ""retained_support"": 2, ""support"": 2, ""true_positive"": 1}, {""abstention_count"": 0, ""f1"": 0.6666666666666666, ""false_negative"": 1, ""false_positive"": 0, ""label"": 2, ""precision"": 1.0, ""recall"": 0.5, ""retained_support"": 2, ""support"": 2, ""true_positive"": 1}]",retained_only,1.0,0.5509017043772404,"[[2, 0, 0], [1, 1, 0], [0, 1, 1]]","[0, 1, 2]","[{""f1"": 0.8, ""label"": 0, ""precision"": 0.6666666666666666, ""recall"": 1.0, ""support"": 2}, {""f1"": 0.5, ""label"": 1, ""precision"": 0.5, ""recall"": 0.5, ""support"": 2}, {""f1"": 0.6666666666666666, ""label"": 2, ""precision"": 1.0, ""recall"": 0.5, ""support"": 2}]",passed
inception_full__b6_star_fixed10,1,3,0.5,0.4666666666666666,0.5,0.4444444444444444,0.5,0.4666666666666666,0.0,"[[0, 0], [1, 0], [2, 0]]","[{""abstention_count"": 0, ""f1"": 0.0, ""false_negative"": 2, ""false_positive"": 1, ""label"": 0, ""precision"": 0.0, ""recall"": 0.0, ""retained_support"": 2, ""support"": 2, ""true_positive"": 0}, {""abstention_count"": 0, ""f1"": 0.4, ""false_negative"": 1, ""false_positive"": 2, ""label"": 1, ""precision"": 0.3333333333333333, ""recall"": 0.5, ""retained_support"": 2, ""support"": 2, ""true_positive"": 1}, {""abstention_count"": 0, ""f1"": 1.0, ""false_negative"": 0, ""false_positive"": 0, ""label"": 2, ""precision"": 1.0, ""recall"": 1.0, ""retained_support"": 1, ""support"": 1, ""true_positive"": 1}]",retained_only,1.0,0.34390638549489705,"[[0, 2, 0], [1, 1, 0], [0, 0, 1]]","[0, 1, 2]","[{""f1"": 0.0, ""label"": 0, ""precision"": 0.0, ""recall"": 0.0, ""support"": 2}, {""f1"": 0.4, ""label"": 1, ""precision"": 0.3333333333333333, ""recall"": 0.5, ""support"": 2}, {""f1"": 1.0, ""label"": 2, ""precision"": 1.0, ""recall"": 1.0, ""support"": 1}]",passed
inception_full__b6_star_fixed10,1,4,0.6666666666666666,0.48888888888888893,0.6666666666666666,0.38888888888888884,0.6666666666666666,0.48888888888888893,0.0,"[[0, 0], [1, 0], [2, 0]]","[{""abstention_count"": 0, ""f1"": 0.8, ""false_negative"": 0, ""false_positive"": 1, ""label"": 0, ""precision"": 0.6666666666666666, ""recall"": 1.0, ""retained_support"": 2, ""support"": 2, ""true_positive"": 2}, {""abstention_count"": 0, ""f1"": 0.0, ""false_negative"": 2, ""false_positive"": 0, ""label"": 1, ""precision"": 0.0, ""recall"": 0.0, ""retained_support"": 2, ""support"": 2, ""true_positive"": 0}, {""abstention_count"": 0, ""f1"": 0.6666666666666666, ""false_negative"": 0, ""false_positive"": 1, ""label"": 2, ""precision"": 0.5, ""recall"": 1.0, ""retained_support"": 1, ""support"": 1, ""true_positive"": 1}]",retained_only,1.0,0.2924141382320075,"[[2, 0, 0], [1, 0, 1], [0, 0, 1]]","[0, 1, 2]","[{""f1"": 0.8, ""label"": 0, ""precision"": 0.6666666666666666, ""recall"": 1.0, ""support"": 2}, {""f1"": 0.0, ""label"": 1, ""precision"": 0.0, ""recall"": 0.0, ""support"": 2}, {""f1"": 0.6666666666666666, ""label"": 2, ""precision"": 0.5, ""recall"": 1.0, ""support"": 1}]",passed
inception_full__b6_star_fixed10,2,0,0.7222222222222222,0.6666666666666666,0.7222222222222222,0.7222222222222222,0.7222222222222222,0.6666666666666666,0.0,"[[0, 0], [1, 0], [2, 0]]","[{""abstention_count"": 0, ""f1"": 0.6666666666666666, ""false_negative"": 1, ""false_positive"": 0, ""label"": 0, ""precision"": 1.0, ""recall"": 0.5, ""retained_support"": 2, ""support"": 2, ""true_positive"": 1}, {""abstention_count"": 0, ""f1"": 0.6666666666666666, ""false_negative"": 1, ""false_positive"": 1, ""label"": 1, ""precision"": 0.6666666666666666, ""recall"": 0.6666666666666666, ""retained_support"": 3, ""support"": 3, ""true_positive"": 2}, {""abstention_count"": 0, ""f1"": 0.6666666666666666, ""false_negative"": 0, ""false_positive"": 1, ""label"": 2, ""precision"": 0.5, ""recall"": 1.0, ""retained_support"": 1, ""support"": 1, ""true_positive"": 1}]",retained_only,1.0,0.11089797674405902,"[[1, 1, 0], [0, 2, 1], [0, 0, 1]]","[0, 1, 2]","[{""f1"": 0.6666666666666666, ""label"": 0, ""precision"": 1.0, ""recall"": 0.5, ""support"": 2}, {""f1"": 0.6666666666666666, ""label"": 1, ""precision"": 0.6666666666666666, ""recall"": 0.6666666666666666, ""support"": 3}, {""f1"": 0.6666666666666666, ""label"": 2, ""precision"": 0.5, ""recall"": 1.0, ""support"": 1}]",passed
inception_full__b6_star_fixed10,2,1,0.6666666666666666,0.5555555555555555,0.6666666666666666,0.5,0.6666666666666666,0.5555555555555555,0.0,"[[0, 0], [1, 0], [2, 0]]","[{""abstention_count"": 0, ""f1"": 0.0, ""false_negative"": 2, ""false_positive"": 0, ""label"": 0, ""precision"": 0.0, ""recall"": 0.0, ""retained_support"": 2, ""support"": 2, ""true_positive"": 0}, {""abstention_count"": 0, ""f1"": 0.6666666666666666, ""false_negative"": 0, ""false_positive"": 2, ""label"": 1, ""precision"": 0.5, ""recall"": 1.0, ""retained_support"": 2, ""support"": 2, ""true_positive"": 2}, {""abstention_count"": 0, ""f1"": 1.0, ""false_negative"": 0, ""false_positive"": 0, ""label"": 2, ""precision"": 1.0, ""recall"": 1.0, ""retained_support"": 2, ""support"": 2, ""true_positive"": 2}]",retained_only,1.0,0.12626047549595487,"[[0, 2, 0], [0, 2, 0], [0, 0, 2]]","[0, 1, 2]","[{""f1"": 0.0, ""label"": 0, ""precision"": 0.0, ""recall"": 0.0, ""support"": 2}, {""f1"": 0.6666666666666666, ""label"": 1, ""precision"": 0.5, ""recall"": 1.0, ""support"": 2}, {""f1"": 1.0, ""label"": 2, ""precision"": 1.0, ""recall"": 1.0, ""support"": 2}]",passed
inception_full__b6_star_fixed10,2,2,0.6666666666666666,0.43333333333333335,0.6666666666666666,0.3333333333333333,0.6666666666666666,0.43333333333333335,0.0,"[[0, 0], [1, 0], [2, 0]]","[{""abstention_count"": 0, ""f1"": 0.5, ""false_negative"": 0, ""false_positive"": 2, ""label"": 0, ""precision"": 0.3333333333333333, ""recall"": 1.0, ""retained_support"": 1, ""support"": 1, ""true_positive"": 1}, {""abstention_count"": 0, ""f1"": 0.0, ""false_negative"": 3, ""false_positive"": 0, ""label"": 1, ""precision"": 0.0, ""recall"": 0.0, ""retained_support"": 3, ""support"": 3, ""true_positive"": 0}, {""abstention_count"": 0, ""f1"": 0.8, ""false_negative"": 0, ""false_positive"": 1, ""label"": 2, ""precision"": 0.6666666666666666, ""recall"": 1.0, ""retained_support"": 2, ""support"": 2, ""true_positive"": 2}]",retained_only,1.0,0.3821819284141732,"[[1, 0, 0], [2, 0, 1], [0, 0, 2]]","[0, 1, 2]","[{""f1"": 0.5, ""label"": 0, ""precision"": 0.3333333333333333, ""recall"": 1.0, ""support"": 1}, {""f1"": 0.0, ""label"": 1, ""precision"": 0.0, ""recall"": 0.0, ""support"": 3}, {""f1"": 0.8, ""label"": 2, ""precision"": 0.6666666666666666, ""recall"": 1.0, ""support"": 2}]",passed
inception_full__b6_star_fixed10,2,3,0.8333333333333334,0.8222222222222223,0.8333333333333334,0.8888888888888888,0.8333333333333334,0.8222222222222223,0.0,"[[0, 0], [1, 0], [2, 0]]","[{""abstention_count"": 0, ""f1"": 1.0, ""false_negative"": 0, ""false_positive"": 0, ""label"": 0, ""precision"": 1.0, ""recall"": 1.0, ""retained_support"": 2, ""support"": 2, ""true_positive"": 2}, {""abstention_count"": 0, ""f1"": 0.8, ""false_negative"": 0, ""false_positive"": 1, ""label"": 1, ""precision"": 0.6666666666666666, ""recall"": 1.0, ""retained_support"": 2, ""support"": 2, ""true_positive"": 2}, {""abstention_count"": 0, ""f1"": 0.6666666666666666, ""false_negative"": 1, ""false_positive"": 0, ""label"": 2, ""precision"": 1.0, ""recall"": 0.5, ""retained_support"": 2, ""support"": 2, ""true_positive"": 1}]",retained_only,1.0,0.25670789983110487,"[[2, 0, 0], [0, 2, 0], [0, 1, 1]]","[0, 1, 2]","[{""f1"": 1.0, ""label"": 0, ""precision"": 1.0, ""recall"": 1.0, ""support"": 2}, {""f1"": 0.8, ""label"": 1, ""precision"": 0.6666666666666666, ""recall"": 1.0, ""support"": 2}, {""f1"": 0.6666666666666666, ""label"": 2, ""precision"": 1.0, ""recall"": 0.5, ""support"": 2}]",passed
inception_full__b6_star_fixed10,2,4,0.16666666666666666,0.13333333333333333,0.16666666666666666,0.1111111111111111,0.16666666666666666,0.13333333333333333,0.0,"[[0, 0], [1, 0], [2, 0]]","[{""abstention_count"": 0, ""f1"": 0.4, ""false_negative"": 1, ""false_positive"": 2, ""label"": 0, ""precision"": 0.3333333333333333, ""recall"": 0.5, ""retained_support"": 2, ""support"": 2, ""true_positive"": 1}, {""abstention_count"": 0, ""f1"": 0.0, ""false_negative"": 2, ""false_positive"": 2, ""label"": 1, ""precision"": 0.0, ""recall"": 0.0, ""retained_support"": 2, ""support"": 2, ""true_positive"": 0}, {""abstention_count"": 0, ""f1"": 0.0, ""false_negative"": 1, ""false_positive"": 0, ""label"": 2, ""precision"": 0.0, ""recall"": 0.0, ""retained_support"": 1, ""support"": 1, ""true_positive"": 0}]",retained_only,1.0,0.5772680271193122,"[[1, 1, 0], [2, 0, 0], [0, 1, 0]]","[0, 1, 2]","[{""f1"": 0.4, ""label"": 0, ""precision"": 0.3333333333333333, ""recall"": 0.5, ""support"": 2}, {""f1"": 0.0, ""label"": 1, ""precision"": 0.0, ""recall"": 0.0, ""support"": 2}, {""f1"": 0.0, ""label"": 2, ""precision"": 0.0, ""recall"": 0.0, ""support"": 1}]",passed
inception_full__b6_star_fixed10,3,0,0.7777777777777777,0.7222222222222222,0.7777777777777777,0.8333333333333334,0.7777777777777777,0.7222222222222222,0.0,"[[0, 0], [1, 0], [2, 0]]","[{""abstention_count"": 0, ""f1"": 0.6666666666666666, ""false_negative"": 0, ""false_positive"": 2, ""label"": 0, ""precision"": 0.5, ""recall"": 1.0, ""retained_support"": 2, ""support"": 2, ""true_positive"": 2}, {""abstention_count"": 0, ""f1"": 0.5, ""false_negative"": 2, ""false_positive"": 0, ""label"": 1, ""precision"": 1.0, ""recall"": 0.3333333333333333, ""retained_support"": 3, ""support"": 3, ""true_positive"": 1}, {""abstention_count"": 0, ""f1"": 1.0, ""false_negative"": 0, ""false_positive"": 0, ""label"": 2, ""precision"": 1.0, ""recall"": 1.0, ""retained_support"": 1, ""support"": 1, ""true_positive"": 1}]",retained_only,1.0,0.26792044493309397,"[[2, 0, 0], [2, 1, 0], [0, 0, 1]]","[0, 1, 2]","[{""f1"": 0.6666666666666666, ""label"": 0, ""precision"": 0.5, ""recall"": 1.0, ""support"": 2}, {""f1"": 0.5, ""label"": 1, ""precision"": 1.0, ""recall"": 0.3333333333333333, ""support"": 3}, {""f1"": 1.0, ""label"": 2, ""precision"": 1.0, ""recall"": 1.0, ""support"": 1}]",passed
inception_full__b6_star_fixed10,3,1,0.5,0.41269841269841273,0.5,0.4666666666666666,0.5,0.41269841269841273,0.0,"[[0, 0], [1, 0], [2, 0]]","[{""abstention_count"": 0, ""f1"": 0.0, ""false_negative"": 2, ""false_positive"": 0, ""label"": 0, ""precision"": 0.0, ""recall"": 0.0, ""retained_support"": 2, ""support"": 2, ""true_positive"": 0}, {""abstention_count"": 0, ""f1"": 0.5714285714285715, ""false_negative"": 0, ""false_positive"": 3, ""label"": 1, ""precision"": 0.4, ""recall"": 1.0, ""retained_support"": 2, ""support"": 2, ""true_positive"": 2}, {""abstention_count"": 0, ""f1"": 0.6666666666666666, ""false_negative"": 1, ""false_positive"": 0, ""label"": 2, ""precision"": 1.0, ""recall"": 0.5, ""retained_support"": 2, ""support"": 2, ""true_positive"": 1}]",retained_only,1.0,0.39960517521440275,"[[0, 2, 0], [0, 2, 0], [0, 1, 1]]","[0, 1, 2]","[{""f1"": 0.0, ""label"": 0, ""precision"": 0.0, ""recall"": 0.0, ""support"": 2}, {""f1"": 0.5714285714285714, ""label"": 1, ""precision"": 0.4, ""recall"": 1.0, ""support"": 2}, {""f1"": 0.6666666666666666, ""label"": 2, ""precision"": 1.0, ""recall"": 0.5, ""support"": 2}]",passed
inception_full__b6_star_fixed10,3,2,0.5,0.38888888888888884,0.5,0.3333333333333333,0.5,0.38888888888888884,0.0,"[[0, 0], [1, 0], [2, 0]]","[{""abstention_count"": 0, ""f1"": 0.5, ""false_negative"": 1, ""false_positive"": 1, ""label"": 0, ""precision"": 0.5, ""recall"": 0.5, ""retained_support"": 2, ""support"": 2, ""true_positive"": 1}, {""abstention_count"": 0, ""f1"": 0.0, ""false_negative"": 2, ""false_positive"": 0, ""label"": 1, ""precision"": 0.0, ""recall"": 0.0, ""retained_support"": 2, ""support"": 2, ""true_positive"": 0}, {""abstention_count"": 0, ""f1"": 0.6666666666666666, ""false_negative"": 0, ""false_positive"": 2, ""label"": 2, ""precision"": 0.5, ""recall"": 1.0, ""retained_support"": 2, ""support"": 2, ""true_positive"": 2}]",retained_only,1.0,0.3399632531413535,"[[1, 0, 1], [1, 0, 1], [0, 0, 2]]","[0, 1, 2]","[{""f1"": 0.5, ""label"": 0, ""precision"": 0.5, ""recall"": 0.5, ""support"": 2}, {""f1"": 0.0, ""label"": 1, ""precision"": 0.0, ""recall"": 0.0, ""support"": 2}, {""f1"": 0.6666666666666666, ""label"": 2, ""precision"": 0.5, ""recall"": 1.0, ""support"": 2}]",passed
inception_full__b6_star_fixed10,3,3,0.3333333333333333,0.27777777777777773,0.3333333333333333,0.25,0.3333333333333333,0.27777777777777773,0.0,"[[0, 0], [1, 0], [2, 0]]","[{""abstention_count"": 0, ""f1"": 0.5, ""false_negative"": 1, ""false_positive"": 1, ""label"": 0, ""precision"": 0.5, ""recall"": 0.5, ""retained_support"": 2, ""support"": 2, ""true_positive"": 1}, {""abstention_count"": 0, ""f1"": 0.3333333333333333, ""false_negative"": 1, ""false_positive"": 3, ""label"": 1, ""precision"": 0.25, ""recall"": 0.5, ""retained_support"": 2, ""support"": 2, ""true_positive"": 1}, {""abstention_count"": 0, ""f1"": 0.0, ""false_negative"": 2, ""false_positive"": 0, ""label"": 2, ""precision"": 0.0, ""recall"": 0.0, ""retained_support"": 2, ""support"": 2, ""true_positive"": 0}]",retained_only,1.0,0.5805381089443618,"[[1, 1, 0], [1, 1, 0], [0, 2, 0]]","[0, 1, 2]","[{""f1"": 0.5, ""label"": 0, ""precision"": 0.5, ""recall"": 0.5, ""support"": 2}, {""f1"": 0.3333333333333333, ""label"": 1, ""precision"": 0.25, ""recall"": 0.5, ""support"": 2}, {""f1"": 0.0, ""label"": 2, ""precision"": 0.0, ""recall"": 0.0, ""support"": 2}]",passed
inception_full__b6_star_fixed10,3,4,0.6666666666666666,0.6190476190476191,0.6666666666666666,0.5833333333333334,0.6666666666666666,0.6190476190476191,0.0,"[[0, 0], [1, 0], [2, 0]]","[{""abstention_count"": 0, ""f1"": 1.0, ""false_negative"": 0, ""false_positive"": 0, ""label"": 0, ""precision"": 1.0, ""recall"": 1.0, ""retained_support"": 1, ""support"": 1, ""true_positive"": 1}, {""abstention_count"": 0, ""f1"": 0.8571428571428571, ""false_negative"": 0, ""false_positive"": 1, ""label"": 1, ""precision"": 0.75, ""recall"": 1.0, ""retained_support"": 3, ""support"": 3, ""true_positive"": 3}, {""abstention_count"": 0, ""f1"": 0.0, ""false_negative"": 1, ""false_positive"": 0, ""label"": 2, ""precision"": 0.0, ""recall"": 0.0, ""retained_support"": 1, ""support"": 1, ""true_positive"": 0}]",retained_only,1.0,0.11769754349236537,"[[1, 0, 0], [0, 3, 0], [0, 1, 0]]","[0, 1, 2]","[{""f1"": 1.0, ""label"": 0, ""precision"": 1.0, ""recall"": 1.0, ""support"": 1}, {""f1"": 0.8571428571428571, ""label"": 1, ""precision"": 0.75, ""recall"": 1.0, ""support"": 3}, {""f1"": 0.0, ""label"": 2, ""precision"": 0.0, ""recall"": 0.0, ""support"": 1}]",passed
inception_full__b6_star_fixed10,4,0,0.6666666666666666,0.5555555555555555,0.6666666666666666,0.5,0.6666666666666666,0.5555555555555555,0.0,"[[0, 0], [1, 0], [2, 0]]","[{""abstention_count"": 0, ""f1"": 0.6666666666666666, ""false_negative"": 0, ""false_positive"": 2, ""label"": 0, ""precision"": 0.5, ""recall"": 1.0, ""retained_support"": 2, ""support"": 2, ""true_positive"": 2}, {""abstention_count"": 0, ""f1"": 0.0, ""false_negative"": 2, ""false_positive"": 0, ""label"": 1, ""precision"": 0.0, ""recall"": 0.0, ""retained_support"": 2, ""support"": 2, ""true_positive"": 0}, {""abstention_count"": 0, ""f1"": 1.0, ""false_negative"": 0, ""false_positive"": 0, ""label"": 2, ""precision"": 1.0, ""recall"": 1.0, ""retained_support"": 2, ""support"": 2, ""true_positive"": 2}]",retained_only,1.0,0.28962040834940017,"[[2, 0, 0], [2, 0, 0], [0, 0, 2]]","[0, 1, 2]","[{""f1"": 0.6666666666666666, ""label"": 0, ""precision"": 0.5, ""recall"": 1.0, ""support"": 2}, {""f1"": 0.0, ""label"": 1, ""precision"": 0.0, ""recall"": 0.0, ""support"": 2}, {""f1"": 1.0, ""label"": 2, ""precision"": 1.0, ""recall"": 1.0, ""support"": 2}]",passed
inception_full__b6_star_fixed10,4,1,0.38888888888888884,0.35714285714285715,0.38888888888888884,0.3333333333333333,0.38888888888888884,0.3571428571428572,0.0,"[[0, 0], [1, 0], [2, 0]]","[{""abstention_count"": 0, ""f1"": 0.5, ""false_negative"": 1, ""false_positive"": 1, ""label"": 0, ""precision"": 0.5, ""recall"": 0.5, ""retained_support"": 2, ""support"": 2, ""true_positive"": 1}, {""abstention_count"": 0, ""f1"": 0.5714285714285715, ""false_negative"": 1, ""false_positive"": 2, ""label"": 1, ""precision"": 0.5, ""recall"": 0.6666666666666666, ""retained_support"": 3, ""support"": 3, ""true_positive"": 2}, {""abstention_count"": 0, ""f1"": 0.0, ""false_negative"": 1, ""false_positive"": 0, ""label"": 2, ""precision"": 0.0, ""recall"": 0.0, ""retained_support"": 1, ""support"": 1, ""true_positive"": 0}]",retained_only,1.0,0.34659164101057116,"[[1, 1, 0], [1, 2, 0], [0, 1, 0]]","[0, 1, 2]","[{""f1"": 0.5, ""label"": 0, ""precision"": 0.5, ""recall"": 0.5, ""support"": 2}, {""f1"": 0.5714285714285714, ""label"": 1, ""precision"": 0.5, ""recall"": 0.6666666666666666, ""support"": 3}, {""f1"": 0.0, ""label"": 2, ""precision"": 0.0, ""recall"": 0.0, ""support"": 1}]",passed
inception_full__b6_star_fixed10,4,2,0.7222222222222222,0.7222222222222222,0.7222222222222222,0.7222222222222222,0.7222222222222222,0.7222222222222222,0.0,"[[0, 0], [1, 0], [2, 0]]","[{""abstention_count"": 0, ""f1"": 0.5, ""false_negative"": 1, ""false_positive"": 1, ""label"": 0, ""precision"": 0.5, ""recall"": 0.5, ""retained_support"": 2, ""support"": 2, ""true_positive"": 1}, {""abstention_count"": 0, ""f1"": 0.6666666666666666, ""false_negative"": 1, ""false_positive"": 1, ""label"": 1, ""precision"": 0.6666666666666666, ""recall"": 0.6666666666666666, ""retained_support"": 3, ""support"": 3, ""true_positive"": 2}, {""abstention_count"": 0, ""f1"": 1.0, ""false_negative"": 0, ""false_positive"": 0, ""label"": 2, ""precision"": 1.0, ""recall"": 1.0, ""retained_support"": 1, ""support"": 1, ""true_positive"": 1}]",retained_only,1.0,0.28953694618609305,"[[1, 1, 0], [1, 2, 0], [0, 0, 1]]","[0, 1, 2]","[{""f1"": 0.5, ""label"": 0, ""precision"": 0.5, ""recall"": 0.5, ""support"": 2}, {""f1"": 0.6666666666666666, ""label"": 1, ""precision"": 0.6666666666666666, ""recall"": 0.6666666666666666, ""support"": 3}, {""f1"": 1.0, ""label"": 2, ""precision"": 1.0, ""recall"": 1.0, ""support"": 1}]",passed
inception_full__b6_star_fixed10,4,3,0.6666666666666666,0.6666666666666666,0.6666666666666666,0.6666666666666666,0.6666666666666666,0.6666666666666666,0.0,"[[0, 0], [1, 0], [2, 0]]","[{""abstention_count"": 0, ""f1"": 1.0, ""false_negative"": 0, ""false_positive"": 0, ""label"": 0, ""precision"": 1.0, ""recall"": 1.0, ""retained_support"": 1, ""support"": 1, ""true_positive"": 1}, {""abstention_count"": 0, ""f1"": 0.5, ""false_negative"": 1, ""false_positive"": 1, ""label"": 1, ""precision"": 0.5, ""recall"": 0.5, ""retained_support"": 2, ""support"": 2, ""true_positive"": 1}, {""abstention_count"": 0, ""f1"": 0.5, ""false_negative"": 1, ""false_positive"": 1, ""label"": 2, ""precision"": 0.5, ""recall"": 0.5, ""retained_support"": 2, ""support"": 2, ""true_positive"": 1}]",retained_only,1.0,0.4077993597562306,"[[1, 0, 0], [0, 1, 1], [0, 1, 1]]","[0, 1, 2]","[{""f1"": 1.0, ""label"": 0, ""precision"": 1.0, ""recall"": 1.0, ""support"": 1}, {""f1"": 0.5, ""label"": 1, ""precision"": 0.5, ""recall"": 0.5, ""support"": 2}, {""f1"": 0.5, ""label"": 2, ""precision"": 0.5, ""recall"": 0.5, ""support"": 2}]",passed
inception_full__b6_star_fixed10,4,4,0.5,0.41269841269841273,0.5,0.4666666666666666,0.5,0.41269841269841273,0.0,"[[0, 0], [1, 0], [2, 0]]","[{""abstention_count"": 0, ""f1"": 0.0, ""false_negative"": 2, ""false_positive"": 0, ""label"": 0, ""precision"": 0.0, ""recall"": 0.0, ""retained_support"": 2, ""support"": 2, ""true_positive"": 0}, {""abstention_count"": 0, ""f1"": 0.5714285714285715, ""false_negative"": 0, ""false_positive"": 3, ""label"": 1, ""precision"": 0.4, ""recall"": 1.0, ""retained_support"": 2, ""support"": 2, ""true_positive"": 2}, {""abstention_count"": 0, ""f1"": 0.6666666666666666, ""false_negative"": 1, ""false_positive"": 0, ""label"": 2, ""precision"": 1.0, ""recall"": 0.5, ""retained_support"": 2, ""support"": 2, ""true_positive"": 1}]",retained_only,1.0,0.481203455680426,"[[0, 2, 0], [0, 2, 0], [0, 1, 1]]","[0, 1, 2]","[{""f1"": 0.0, ""label"": 0, ""precision"": 0.0, ""recall"": 0.0, ""support"": 2}, {""f1"": 0.5714285714285714, ""label"": 1, ""precision"": 0.4, ""recall"": 1.0, ""support"": 2}, {""f1"": 0.6666666666666666, ""label"": 2, ""precision"": 1.0, ""recall"": 0.5, ""support"": 2}]",passed
compact_cnn__b7_star_fixed10,0,0,0.5,0.5,0.5,0.5,0.5,0.5,0.0,"[[0, 0], [1, 0], [2, 0]]","[{""abstention_count"": 0, ""f1"": 0.5, ""false_negative"": 1, ""false_positive"": 1, ""label"": 0, ""precision"": 0.5, ""recall"": 0.5, ""retained_support"": 2, ""support"": 2, ""true_positive"": 1}, {""abstention_count"": 0, ""f1"": 0.5, ""false_negative"": 1, ""false_positive"": 1, ""label"": 1, ""precision"": 0.5, ""recall"": 0.5, ""retained_support"": 2, ""support"": 2, ""true_positive"": 1}, {""abstention_count"": 0, ""f1"": 0.5, ""false_negative"": 1, ""false_positive"": 1, ""label"": 2, ""precision"": 0.5, ""recall"": 0.5, ""retained_support"": 2, ""support"": 2, ""true_positive"": 1}]",retained_only,1.0,0.20331330038127332,"[[1, 0, 1], [1, 1, 0], [0, 1, 1]]","[0, 1, 2]","[{""f1"": 0.5, ""label"": 0, ""precision"": 0.5, ""recall"": 0.5, ""support"": 2}, {""f1"": 0.5, ""label"": 1, ""precision"": 0.5, ""recall"": 0.5, ""support"": 2}, {""f1"": 0.5, ""label"": 2, ""precision"": 0.5, ""recall"": 0.5, ""support"": 2}]",passed
compact_cnn__b7_star_fixed10,0,1,0.611111111111111,0.5,0.611111111111111,0.611111111111111,0.611111111111111,0.5,0.0,"[[0, 0], [1, 0], [2, 0]]","[{""abstention_count"": 0, ""f1"": 0.5, ""false_negative"": 1, ""false_positive"": 1, ""label"": 0, ""precision"": 0.5, ""recall"": 0.5, ""retained_support"": 2, ""support"": 2, ""true_positive"": 1}, {""abstention_count"": 0, ""f1"": 0.5, ""false_negative"": 2, ""false_positive"": 0, ""label"": 1, ""precision"": 1.0, ""recall"": 0.3333333333333333, ""retained_support"": 3, ""support"": 3, ""true_positive"": 1}, {""abstention_count"": 0, ""f1"": 0.5, ""false_negative"": 0, ""false_positive"": 2, ""label"": 2, ""precision"": 0.3333333333333333, ""recall"": 1.0, ""retained_support"": 1, ""support"": 1, ""true_positive"": 1}]",retained_only,1.0,0.32502753759726444,"[[1, 0, 1], [1, 1, 1], [0, 0, 1]]","[0, 1, 2]","[{""f1"": 0.5, ""label"": 0, ""precision"": 0.5, ""recall"": 0.5, ""support"": 2}, {""f1"": 0.5, ""label"": 1, ""precision"": 1.0, ""recall"": 0.3333333333333333, ""support"": 3}, {""f1"": 0.5, ""label"": 2, ""precision"": 0.3333333333333333, ""recall"": 1.0, ""support"": 1}]",passed
compact_cnn__b7_star_fixed10,0,2,0.16666666666666666,0.09523809523809523,0.16666666666666666,0.06666666666666667,0.16666666666666666,0.09523809523809525,0.0,"[[0, 0], [1, 0], [2, 0]]","[{""abstention_count"": 0, ""f1"": 0.0, ""false_negative"": 2, ""false_positive"": 0, ""label"": 0, ""precision"": 0.0, ""recall"": 0.0, ""retained_support"": 2, ""support"": 2, ""true_positive"": 0}, {""abstention_count"": 0, ""f1"": 0.28571428571428575, ""false_negative"": 1, ""false_positive"": 4, ""label"": 1, ""precision"": 0.2, ""recall"": 0.5, ""retained_support"": 2, ""support"": 2, ""true_positive"": 1}, {""abstention_count"": 0, ""f1"": 0.0, ""false_negative"": 2, ""false_positive"": 1, ""label"": 2, ""precision"": 0.0, ""recall"": 0.0, ""retained_support"": 2, ""support"": 2, ""true_positive"": 0}]",retained_only,1.0,0.6131020014585273,"[[0, 2, 0], [0, 1, 1], [0, 2, 0]]","[0, 1, 2]","[{""f1"": 0.0, ""label"": 0, ""precision"": 0.0, ""recall"": 0.0, ""support"": 2}, {""f1"": 0.2857142857142857, ""label"": 1, ""precision"": 0.2, ""recall"": 0.5, ""support"": 2}, {""f1"": 0.0, ""label"": 2, ""precision"": 0.0, ""recall"": 0.0, ""support"": 2}]",passed
compact_cnn__b7_star_fixed10,0,3,0.5,0.5,0.5,0.5,0.5,0.5,0.0,"[[0, 0], [1, 0], [2, 0]]","[{""abstention_count"": 0, ""f1"": 0.5, ""false_negative"": 1, ""false_positive"": 1, ""label"": 0, ""precision"": 0.5, ""recall"": 0.5, ""retained_support"": 2, ""support"": 2, ""true_positive"": 1}, {""abstention_count"": 0, ""f1"": 0.5, ""false_negative"": 1, ""false_positive"": 1, ""label"": 1, ""precision"": 0.5, ""recall"": 0.5, ""retained_support"": 2, ""support"": 2, ""true_positive"": 1}, {""abstention_count"": 0, ""f1"": 0.5, ""false_negative"": 1, ""false_positive"": 1, ""label"": 2, ""precision"": 0.5, ""recall"": 0.5, ""retained_support"": 2, ""support"": 2, ""true_positive"": 1}]",retained_only,1.0,0.3577320497542805,"[[1, 1, 0], [0, 1, 1], [1, 0, 1]]","[0, 1, 2]","[{""f1"": 0.5, ""label"": 0, ""precision"": 0.5, ""recall"": 0.5, ""support"": 2}, {""f1"": 0.5, ""label"": 1, ""precision"": 0.5, ""recall"": 0.5, ""support"": 2}, {""f1"": 0.5, ""label"": 2, ""precision"": 0.5, ""recall"": 0.5, ""support"": 2}]",passed
compact_cnn__b7_star_fixed10,0,4,0.6666666666666666,0.38888888888888884,0.6666666666666666,0.27777777777777773,0.6666666666666666,0.38888888888888884,0.0,"[[0, 0], [1, 0], [2, 0]]","[{""abstention_count"": 0, ""f1"": 0.6666666666666666, ""false_negative"": 0, ""false_positive"": 1, ""label"": 0, ""precision"": 0.5, ""recall"": 1.0, ""retained_support"": 1, ""support"": 1, ""true_positive"": 1}, {""abstention_count"": 0, ""f1"": 0.0, ""false_negative"": 3, ""false_positive"": 0, ""label"": 1, ""precision"": 0.0, ""recall"": 0.0, ""retained_support"": 3, ""support"": 3, ""true_positive"": 0}, {""abstention_count"": 0, ""f1"": 0.5, ""false_negative"": 0, ""false_positive"": 2, ""label"": 2, ""precision"": 0.3333333333333333, ""recall"": 1.0, ""retained_support"": 1, ""support"": 1, ""true_positive"": 1}]",retained_only,1.0,0.30955940990609915,"[[1, 0, 0], [1, 0, 2], [0, 0, 1]]","[0, 1, 2]","[{""f1"": 0.6666666666666666, ""label"": 0, ""precision"": 0.5, ""recall"": 1.0, ""support"": 1}, {""f1"": 0.0, ""label"": 1, ""precision"": 0.0, ""recall"": 0.0, ""support"": 3}, {""f1"": 0.5, ""label"": 2, ""precision"": 0.3333333333333333, ""recall"": 1.0, ""support"": 1}]",passed
compact_cnn__b7_star_fixed10,1,0,0.5,0.4166666666666667,0.5,0.3666666666666667,0.5,0.4166666666666667,0.0,"[[0, 0], [1, 0], [2, 0]]","[{""abstention_count"": 0, ""f1"": 0.5, ""false_negative"": 1, ""false_positive"": 1, ""label"": 0, ""precision"": 0.5, ""recall"": 0.5, ""retained_support"": 2, ""support"": 2, ""true_positive"": 1}, {""abstention_count"": 0, ""f1"": 0.7499999999999999, ""false_negative"": 0, ""false_positive"": 2, ""label"": 1, ""precision"": 0.6, ""recall"": 1.0, ""retained_support"": 3, ""support"": 3, ""true_positive"": 3}, {""abstention_count"": 0, ""f1"": 0.0, ""false_negative"": 2, ""false_positive"": 0, ""label"": 2, ""precision"": 0.0, ""recall"": 0.0, ""retained_support"": 2, ""support"": 2, ""true_positive"": 0}]",retained_only,1.0,0.22571908753467537,"[[1, 1, 0], [0, 3, 0], [1, 1, 0]]","[0, 1, 2]","[{""f1"": 0.5, ""label"": 0, ""precision"": 0.5, ""recall"": 0.5, ""support"": 2}, {""f1"": 0.75, ""label"": 1, ""precision"": 0.6, ""recall"": 1.0, ""support"": 3}, {""f1"": 0.0, ""label"": 2, ""precision"": 0.0, ""recall"": 0.0, ""support"": 2}]",passed
compact_cnn__b7_star_fixed10,1,1,0.7222222222222222,0.6666666666666666,0.7222222222222222,0.7222222222222222,0.7222222222222222,0.6666666666666666,0.0,"[[0, 0], [1, 0], [2, 0]]","[{""abstention_count"": 0, ""f1"": 0.6666666666666666, ""false_negative"": 0, ""false_positive"": 1, ""label"": 0, ""precision"": 0.5, ""recall"": 1.0, ""retained_support"": 1, ""support"": 1, ""true_positive"": 1}, {""abstention_count"": 0, ""f1"": 0.6666666666666666, ""false_negative"": 1, ""false_positive"": 1, ""label"": 1, ""precision"": 0.6666666666666666, ""recall"": 0.6666666666666666, ""retained_support"": 3, ""support"": 3, ""true_positive"": 2}, {""abstention_count"": 0, ""f1"": 0.6666666666666666, ""false_negative"": 1, ""false_positive"": 0, ""label"": 2, ""precision"": 1.0, ""recall"": 0.5, ""retained_support"": 2, ""support"": 2, ""true_positive"": 1}]",retained_only,1.0,0.3200838333712383,"[[1, 0, 0], [1, 2, 0], [0, 1, 1]]","[0, 1, 2]","[{""f1"": 0.6666666666666666, ""label"": 0, ""precision"": 0.5, ""recall"": 1.0, ""support"": 1}, {""f1"": 0.6666666666666666, ""label"": 1, ""precision"": 0.6666666666666666, ""recall"": 0.6666666666666666, ""support"": 3}, {""f1"": 0.6666666666666666, ""label"": 2, ""precision"": 1.0, ""recall"": 0.5, ""support"": 2}]",passed
compact_cnn__b7_star_fixed10,1,2,0.3333333333333333,0.19047619047619047,0.3333333333333333,0.13333333333333333,0.3333333333333333,0.1904761904761905,0.0,"[[0, 0], [1, 0], [2, 0]]","[{""abstention_count"": 0, ""f1"": 0.5714285714285715, ""false_negative"": 0, ""false_positive"": 3, ""label"": 0, ""precision"": 0.4, ""recall"": 1.0, ""retained_support"": 2, ""support"": 2, ""true_positive"": 2}, {""abstention_count"": 0, ""f1"": 0.0, ""false_negative"": 2, ""false_positive"": 1, ""label"": 1, ""precision"": 0.0, ""recall"": 0.0, ""retained_support"": 2, ""support"": 2, ""true_positive"": 0}, {""abstention_count"": 0, ""f1"": 0.0, ""false_negative"": 2, ""false_positive"": 0, ""label"": 2, ""precision"": 0.0, ""recall"": 0.0, ""retained_support"": 2, ""support"": 2, ""true_positive"": 0}]",retained_only,1.0,0.42468029765378246,"[[2, 0, 0], [2, 0, 0], [1, 1, 0]]","[0, 1, 2]","[{""f1"": 0.5714285714285714, ""label"": 0, ""precision"": 0.4, ""recall"": 1.0, ""support"": 2}, {""f1"": 0.0, ""label"": 1, ""precision"": 0.0, ""recall"": 0.0, ""support"": 2}, {""f1"": 0.0, ""label"": 2, ""precision"": 0.0, ""recall"": 0.0, ""support"": 2}]",passed
compact_cnn__b7_star_fixed10,1,3,0.5,0.43333333333333335,0.5,0.38888888888888884,0.5,0.43333333333333335,0.0,"[[0, 0], [1, 0], [2, 0]]","[{""abstention_count"": 0, ""f1"": 0.8, ""false_negative"": 0, ""false_positive"": 1, ""label"": 0, ""precision"": 0.6666666666666666, ""recall"": 1.0, ""retained_support"": 2, ""support"": 2, ""true_positive"": 2}, {""abstention_count"": 0, ""f1"": 0.5, ""false_negative"": 1, ""false_positive"": 1, ""label"": 1, ""precision"": 0.5, ""recall"": 0.5, ""retained_support"": 2, ""support"": 2, ""true_positive"": 1}, {""abstention_count"": 0, ""f1"": 0.0, ""false_negative"": 1, ""false_positive"": 0, ""label"": 2, ""precision"": 0.0, ""recall"": 0.0, ""retained_support"": 1, ""support"": 1, ""true_positive"": 0}]",retained_only,1.0,0.3189682085321802,"[[2, 0, 0], [1, 1, 0], [0, 1, 0]]","[0, 1, 2]","[{""f1"": 0.8, ""label"": 0, ""precision"": 0.6666666666666666, ""recall"": 1.0, ""support"": 2}, {""f1"": 0.5, ""label"": 1, ""precision"": 0.5, ""recall"": 0.5, ""support"": 2}, {""f1"": 0.0, ""label"": 2, ""precision"": 0.0, ""recall"": 0.0, ""support"": 1}]",passed
compact_cnn__b7_star_fixed10,1,4,0.8333333333333334,0.8222222222222223,0.8333333333333334,0.8888888888888888,0.8333333333333334,0.8222222222222223,0.0,"[[0, 0], [1, 0], [2, 0]]","[{""abstention_count"": 0, ""f1"": 0.8, ""false_negative"": 0, ""false_positive"": 1, ""label"": 0, ""precision"": 0.6666666666666666, ""recall"": 1.0, ""retained_support"": 2, ""support"": 2, ""true_positive"": 2}, {""abstention_count"": 0, ""f1"": 0.6666666666666666, ""false_negative"": 1, ""false_positive"": 0, ""label"": 1, ""precision"": 1.0, ""recall"": 0.5, ""retained_support"": 2, ""support"": 2, ""true_positive"": 1}, {""abstention_count"": 0, ""f1"": 1.0, ""false_negative"": 0, ""false_positive"": 0, ""label"": 2, ""precision"": 1.0, ""recall"": 1.0, ""retained_support"": 1, ""support"": 1, ""true_positive"": 1}]",retained_only,1.0,0.32730331045349514,"[[2, 0, 0], [1, 1, 0], [0, 0, 1]]","[0, 1, 2]","[{""f1"": 0.8, ""label"": 0, ""precision"": 0.6666666666666666, ""recall"": 1.0, ""support"": 2}, {""f1"": 0.6666666666666666, ""label"": 1, ""precision"": 1.0, ""recall"": 0.5, ""support"": 2}, {""f1"": 1.0, ""label"": 2, ""precision"": 1.0, ""recall"": 1.0, ""support"": 1}]",passed
compact_cnn__b7_star_fixed10,2,0,0.611111111111111,0.5222222222222221,0.611111111111111,0.75,0.611111111111111,0.5222222222222221,0.0,"[[0, 0], [1, 0], [2, 0]]","[{""abstention_count"": 0, ""f1"": 0.6666666666666666, ""false_negative"": 1, ""false_positive"": 0, ""label"": 0, ""precision"": 1.0, ""recall"": 0.5, ""retained_support"": 2, ""support"": 2, ""true_positive"": 1}, {""abstention_count"": 0, ""f1"": 0.5, ""false_negative"": 2, ""false_positive"": 0, ""label"": 1, ""precision"": 1.0, ""recall"": 0.3333333333333333, ""retained_support"": 3, ""support"": 3, ""true_positive"": 1}, {""abstention_count"": 0, ""f1"": 0.4, ""false_negative"": 0, ""false_positive"": 3, ""label"": 2, ""precision"": 0.25, ""recall"": 1.0, ""retained_support"": 1, ""support"": 1, ""true_positive"": 1}]",retained_only,1.0,0.3355423612661496,"[[1, 0, 1], [0, 1, 2], [0, 0, 1]]","[0, 1, 2]","[{""f1"": 0.6666666666666666, ""label"": 0, ""precision"": 1.0, ""recall"": 0.5, ""support"": 2}, {""f1"": 0.5, ""label"": 1, ""precision"": 1.0, ""recall"": 0.3333333333333333, ""support"": 3}, {""f1"": 0.4, ""label"": 2, ""precision"": 0.25, ""recall"": 1.0, ""support"": 1}]",passed
compact_cnn__b7_star_fixed10,2,1,0.8333333333333334,0.8222222222222223,0.8333333333333334,0.8888888888888888,0.8333333333333334,0.8222222222222223,0.0,"[[0, 0], [1, 0], [2, 0]]","[{""abstention_count"": 0, ""f1"": 0.8, ""false_negative"": 0, ""false_positive"": 1, ""label"": 0, ""precision"": 0.6666666666666666, ""recall"": 1.0, ""retained_support"": 2, ""support"": 2, ""true_positive"": 2}, {""abstention_count"": 0, ""f1"": 0.6666666666666666, ""false_negative"": 1, ""false_positive"": 0, ""label"": 1, ""precision"": 1.0, ""recall"": 0.5, ""retained_support"": 2, ""support"": 2, ""true_positive"": 1}, {""abstention_count"": 0, ""f1"": 1.0, ""false_negative"": 0, ""false_positive"": 0, ""label"": 2, ""precision"": 1.0, ""recall"": 1.0, ""retained_support"": 2, ""support"": 2, ""true_positive"": 2}]",retained_only,1.0,0.20867044924717765,"[[2, 0, 0], [1, 1, 0], [0, 0, 2]]","[0, 1, 2]","[{""f1"": 0.8, ""label"": 0, ""precision"": 0.6666666666666666, ""recall"": 1.0, ""support"": 2}, {""f1"": 0.6666666666666666, ""label"": 1, ""precision"": 1.0, ""recall"": 0.5, ""support"": 2}, {""f1"": 1.0, ""label"": 2, ""precision"": 1.0, ""recall"": 1.0, ""support"": 2}]",passed
compact_cnn__b7_star_fixed10,2,2,0.6666666666666666,0.43333333333333335,0.6666666666666666,0.3333333333333333,0.6666666666666666,0.43333333333333335,0.0,"[[0, 0], [1, 0], [2, 0]]","[{""abstention_count"": 0, ""f1"": 0.5, ""false_negative"": 0, ""false_positive"": 2, ""label"": 0, ""precision"": 0.3333333333333333, ""recall"": 1.0, ""retained_support"": 1, ""support"": 1, ""true_positive"": 1}, {""abstention_count"": 0, ""f1"": 0.0, ""false_negative"": 3, ""false_positive"": 0, ""label"": 1, ""precision"": 0.0, ""recall"": 0.0, ""retained_support"": 3, ""support"": 3, ""true_positive"": 0}, {""abstention_count"": 0, ""f1"": 0.8, ""false_negative"": 0, ""false_positive"": 1, ""label"": 2, ""precision"": 0.6666666666666666, ""recall"": 1.0, ""retained_support"": 2, ""support"": 2, ""true_positive"": 2}]",retained_only,1.0,0.32813615281780956,"[[1, 0, 0], [2, 0, 1], [0, 0, 2]]","[0, 1, 2]","[{""f1"": 0.5, ""label"": 0, ""precision"": 0.3333333333333333, ""recall"": 1.0, ""support"": 1}, {""f1"": 0.0, ""label"": 1, ""precision"": 0.0, ""recall"": 0.0, ""support"": 3}, {""f1"": 0.8, ""label"": 2, ""precision"": 0.6666666666666666, ""recall"": 1.0, ""support"": 2}]",passed
compact_cnn__b7_star_fixed10,2,3,0.6666666666666666,0.6666666666666666,0.6666666666666666,0.8333333333333334,0.6666666666666666,0.6666666666666666,0.0,"[[0, 0], [1, 0], [2, 0]]","[{""abstention_count"": 0, ""f1"": 0.6666666666666666, ""false_negative"": 1, ""false_positive"": 0, ""label"": 0, ""precision"": 1.0, ""recall"": 0.5, ""retained_support"": 2, ""support"": 2, ""true_positive"": 1}, {""abstention_count"": 0, ""f1"": 0.6666666666666666, ""false_negative"": 0, ""false_positive"": 2, ""label"": 1, ""precision"": 0.5, ""recall"": 1.0, ""retained_support"": 2, ""support"": 2, ""true_positive"": 2}, {""abstention_count"": 0, ""f1"": 0.6666666666666666, ""false_negative"": 1, ""false_positive"": 0, ""label"": 2, ""precision"": 1.0, ""recall"": 0.5, ""retained_support"": 2, ""support"": 2, ""true_positive"": 1}]",retained_only,1.0,0.2935543328921514,"[[1, 1, 0], [0, 2, 0], [0, 1, 1]]","[0, 1, 2]","[{""f1"": 0.6666666666666666, ""label"": 0, ""precision"": 1.0, ""recall"": 0.5, ""support"": 2}, {""f1"": 0.6666666666666666, ""label"": 1, ""precision"": 0.5, ""recall"": 1.0, ""support"": 2}, {""f1"": 0.6666666666666666, ""label"": 2, ""precision"": 1.0, ""recall"": 0.5, ""support"": 2}]",passed
compact_cnn__b7_star_fixed10,2,4,0.3333333333333333,0.19047619047619047,0.3333333333333333,0.13333333333333333,0.3333333333333333,0.1904761904761905,0.0,"[[0, 0], [1, 0], [2, 0]]","[{""abstention_count"": 0, ""f1"": 0.0, ""false_negative"": 2, ""false_positive"": 0, ""label"": 0, ""precision"": 0.0, ""recall"": 0.0, ""retained_support"": 2, ""support"": 2, ""true_positive"": 0}, {""abstention_count"": 0, ""f1"": 0.5714285714285715, ""false_negative"": 0, ""false_positive"": 3, ""label"": 1, ""precision"": 0.4, ""recall"": 1.0, ""retained_support"": 2, ""support"": 2, ""true_positive"": 2}, {""abstention_count"": 0, ""f1"": 0.0, ""false_negative"": 1, ""false_positive"": 0, ""label"": 2, ""precision"": 0.0, ""recall"": 0.0, ""retained_support"": 1, ""support"": 1, ""true_positive"": 0}]",retained_only,1.0,0.4965749835306317,"[[0, 2, 0], [0, 2, 0], [0, 1, 0]]","[0, 1, 2]","[{""f1"": 0.0, ""label"": 0, ""precision"": 0.0, ""recall"": 0.0, ""support"": 2}, {""f1"": 0.5714285714285714, ""label"": 1, ""precision"": 0.4, ""recall"": 1.0, ""support"": 2}, {""f1"": 0.0, ""label"": 2, ""precision"": 0.0, ""recall"": 0.0, ""support"": 1}]",passed
compact_cnn__b7_star_fixed10,3,0,0.7777777777777777,0.7222222222222222,0.7777777777777777,0.8333333333333334,0.7777777777777777,0.7222222222222222,0.0,"[[0, 0], [1, 0], [2, 0]]","[{""abstention_count"": 0, ""f1"": 0.6666666666666666, ""false_negative"": 0, ""false_positive"": 2, ""label"": 0, ""precision"": 0.5, ""recall"": 1.0, ""retained_support"": 2, ""support"": 2, ""true_positive"": 2}, {""abstention_count"": 0, ""f1"": 0.5, ""false_negative"": 2, ""false_positive"": 0, ""label"": 1, ""precision"": 1.0, ""recall"": 0.3333333333333333, ""retained_support"": 3, ""support"": 3, ""true_positive"": 1}, {""abstention_count"": 0, ""f1"": 1.0, ""false_negative"": 0, ""false_positive"": 0, ""label"": 2, ""precision"": 1.0, ""recall"": 1.0, ""retained_support"": 1, ""support"": 1, ""true_positive"": 1}]",retained_only,1.0,0.3050430580529318,"[[2, 0, 0], [2, 1, 0], [0, 0, 1]]","[0, 1, 2]","[{""f1"": 0.6666666666666666, ""label"": 0, ""precision"": 0.5, ""recall"": 1.0, ""support"": 2}, {""f1"": 0.5, ""label"": 1, ""precision"": 1.0, ""recall"": 0.3333333333333333, ""support"": 3}, {""f1"": 1.0, ""label"": 2, ""precision"": 1.0, ""recall"": 1.0, ""support"": 1}]",passed
compact_cnn__b7_star_fixed10,3,1,0.5,0.41269841269841273,0.5,0.4666666666666666,0.5,0.41269841269841273,0.0,"[[0, 0], [1, 0], [2, 0]]","[{""abstention_count"": 0, ""f1"": 0.0, ""false_negative"": 2, ""false_positive"": 0, ""label"": 0, ""precision"": 0.0, ""recall"": 0.0, ""retained_support"": 2, ""support"": 2, ""true_positive"": 0}, {""abstention_count"": 0, ""f1"": 0.5714285714285715, ""false_negative"": 0, ""false_positive"": 3, ""label"": 1, ""precision"": 0.4, ""recall"": 1.0, ""retained_support"": 2, ""support"": 2, ""true_positive"": 2}, {""abstention_count"": 0, ""f1"": 0.6666666666666666, ""false_negative"": 1, ""false_positive"": 0, ""label"": 2, ""precision"": 1.0, ""recall"": 0.5, ""retained_support"": 2, ""support"": 2, ""true_positive"": 1}]",retained_only,1.0,0.45920779111073173,"[[0, 2, 0], [0, 2, 0], [0, 1, 1]]","[0, 1, 2]","[{""f1"": 0.0, ""label"": 0, ""precision"": 0.0, ""recall"": 0.0, ""support"": 2}, {""f1"": 0.5714285714285714, ""label"": 1, ""precision"": 0.4, ""recall"": 1.0, ""support"": 2}, {""f1"": 0.6666666666666666, ""label"": 2, ""precision"": 1.0, ""recall"": 0.5, ""support"": 2}]",passed
compact_cnn__b7_star_fixed10,3,2,0.5,0.41269841269841273,0.5,0.4666666666666666,0.5,0.41269841269841273,0.0,"[[0, 0], [1, 0], [2, 0]]","[{""abstention_count"": 0, ""f1"": 0.6666666666666666, ""false_negative"": 1, ""false_positive"": 0, ""label"": 0, ""precision"": 1.0, ""recall"": 0.5, ""retained_support"": 2, ""support"": 2, ""true_positive"": 1}, {""abstention_count"": 0, ""f1"": 0.0, ""false_negative"": 2, ""false_positive"": 0, ""label"": 1, ""precision"": 0.0, ""recall"": 0.0, ""retained_support"": 2, ""support"": 2, ""true_positive"": 0}, {""abstention_count"": 0, ""f1"": 0.5714285714285715, ""false_negative"": 0, ""false_positive"": 3, ""label"": 2, ""precision"": 0.4, ""recall"": 1.0, ""retained_support"": 2, ""support"": 2, ""true_positive"": 2}]",retained_only,1.0,0.3201689481136185,"[[1, 0, 1], [0, 0, 2], [0, 0, 2]]","[0, 1, 2]","[{""f1"": 0.6666666666666666, ""label"": 0, ""precision"": 1.0, ""recall"": 0.5, ""support"": 2}, {""f1"": 0.0, ""label"": 1, ""precision"": 0.0, ""recall"": 0.0, ""support"": 2}, {""f1"": 0.5714285714285714, ""label"": 2, ""precision"": 0.4, ""recall"": 1.0, ""support"": 2}]",passed
compact_cnn__b7_star_fixed10,3,3,0.5,0.4444444444444444,0.5,0.5,0.5,0.4444444444444444,0.0,"[[0, 0], [1, 0], [2, 0]]","[{""abstention_count"": 0, ""f1"": 0.6666666666666666, ""false_negative"": 0, ""false_positive"": 2, ""label"": 0, ""precision"": 0.5, ""recall"": 1.0, ""retained_support"": 2, ""support"": 2, ""true_positive"": 2}, {""abstention_count"": 0, ""f1"": 0.0, ""false_negative"": 2, ""false_positive"": 1, ""label"": 1, ""precision"": 0.0, ""recall"": 0.0, ""retained_support"": 2, ""support"": 2, ""true_positive"": 0}, {""abstention_count"": 0, ""f1"": 0.6666666666666666, ""false_negative"": 1, ""false_positive"": 0, ""label"": 2, ""precision"": 1.0, ""recall"": 0.5, ""retained_support"": 2, ""support"": 2, ""true_positive"": 1}]",retained_only,1.0,0.5435041118682558,"[[2, 0, 0], [2, 0, 0], [0, 1, 1]]","[0, 1, 2]","[{""f1"": 0.6666666666666666, ""label"": 0, ""precision"": 0.5, ""recall"": 1.0, ""support"": 2}, {""f1"": 0.0, ""label"": 1, ""precision"": 0.0, ""recall"": 0.0, ""support"": 2}, {""f1"": 0.6666666666666666, ""label"": 2, ""precision"": 1.0, ""recall"": 0.5, ""support"": 2}]",passed
compact_cnn__b7_star_fixed10,3,4,0.3333333333333333,0.25,0.3333333333333333,0.19999999999999998,0.3333333333333333,0.24999999999999997,0.0,"[[0, 0], [1, 0], [2, 0]]","[{""abstention_count"": 0, ""f1"": 0.0, ""false_negative"": 1, ""false_positive"": 0, ""label"": 0, ""precision"": 0.0, ""recall"": 0.0, ""retained_support"": 1, ""support"": 1, ""true_positive"": 0}, {""abstention_count"": 0, ""f1"": 0.7499999999999999, ""false_negative"": 0, ""false_positive"": 2, ""label"": 1, ""precision"": 0.6, ""recall"": 1.0, ""retained_support"": 3, ""support"": 3, ""true_positive"": 3}, {""abstention_count"": 0, ""f1"": 0.0, ""false_negative"": 1, ""false_positive"": 0, ""label"": 2, ""precision"": 0.0, ""recall"": 0.0, ""retained_support"": 1, ""support"": 1, ""true_positive"": 0}]",retained_only,1.0,0.207019601569075,"[[0, 1, 0], [0, 3, 0], [0, 1, 0]]","[0, 1, 2]","[{""f1"": 0.0, ""label"": 0, ""precision"": 0.0, ""recall"": 0.0, ""support"": 1}, {""f1"": 0.75, ""label"": 1, ""precision"": 0.6, ""recall"": 1.0, ""support"": 3}, {""f1"": 0.0, ""label"": 2, ""precision"": 0.0, ""recall"": 0.0, ""support"": 1}]",passed
compact_cnn__b7_star_fixed10,4,0,0.6666666666666666,0.5555555555555555,0.6666666666666666,0.5,0.6666666666666666,0.5555555555555555,0.0,"[[0, 0], [1, 0], [2, 0]]","[{""abstention_count"": 0, ""f1"": 0.6666666666666666, ""false_negative"": 0, ""false_positive"": 2, ""label"": 0, ""precision"": 0.5, ""recall"": 1.0, ""retained_support"": 2, ""support"": 2, ""true_positive"": 2}, {""abstention_count"": 0, ""f1"": 0.0, ""false_negative"": 2, ""false_positive"": 0, ""label"": 1, ""precision"": 0.0, ""recall"": 0.0, ""retained_support"": 2, ""support"": 2, ""true_positive"": 0}, {""abstention_count"": 0, ""f1"": 1.0, ""false_negative"": 0, ""false_positive"": 0, ""label"": 2, ""precision"": 1.0, ""recall"": 1.0, ""retained_support"": 2, ""support"": 2, ""true_positive"": 2}]",retained_only,1.0,0.37774990224128824,"[[2, 0, 0], [2, 0, 0], [0, 0, 2]]","[0, 1, 2]","[{""f1"": 0.6666666666666666, ""label"": 0, ""precision"": 0.5, ""recall"": 1.0, ""support"": 2}, {""f1"": 0.0, ""label"": 1, ""precision"": 0.0, ""recall"": 0.0, ""support"": 2}, {""f1"": 1.0, ""label"": 2, ""precision"": 1.0, ""recall"": 1.0, ""support"": 2}]",passed
compact_cnn__b7_star_fixed10,4,1,0.4444444444444444,0.35714285714285715,0.4444444444444444,0.4666666666666666,0.4444444444444444,0.3571428571428572,0.0,"[[0, 0], [1, 0], [2, 0]]","[{""abstention_count"": 0, ""f1"": 0.5714285714285715, ""false_negative"": 0, ""false_positive"": 3, ""label"": 0, ""precision"": 0.4, ""recall"": 1.0, ""retained_support"": 2, ""support"": 2, ""true_positive"": 2}, {""abstention_count"": 0, ""f1"": 0.5, ""false_negative"": 2, ""false_positive"": 0, ""label"": 1, ""precision"": 1.0, ""recall"": 0.3333333333333333, ""retained_support"": 3, ""support"": 3, ""true_positive"": 1}, {""abstention_count"": 0, ""f1"": 0.0, ""false_negative"": 1, ""false_positive"": 0, ""label"": 2, ""precision"": 0.0, ""recall"": 0.0, ""retained_support"": 1, ""support"": 1, ""true_positive"": 0}]",retained_only,1.0,0.40271532399689347,"[[2, 0, 0], [2, 1, 0], [1, 0, 0]]","[0, 1, 2]","[{""f1"": 0.5714285714285714, ""label"": 0, ""precision"": 0.4, ""recall"": 1.0, ""support"": 2}, {""f1"": 0.5, ""label"": 1, ""precision"": 1.0, ""recall"": 0.3333333333333333, ""support"": 3}, {""f1"": 0.0, ""label"": 2, ""precision"": 0.0, ""recall"": 0.0, ""support"": 1}]",passed
compact_cnn__b7_star_fixed10,4,2,0.7222222222222222,0.7222222222222222,0.7222222222222222,0.7222222222222222,0.7222222222222222,0.7222222222222222,0.0,"[[0, 0], [1, 0], [2, 0]]","[{""abstention_count"": 0, ""f1"": 0.5, ""false_negative"": 1, ""false_positive"": 1, ""label"": 0, ""precision"": 0.5, ""recall"": 0.5, ""retained_support"": 2, ""support"": 2, ""true_positive"": 1}, {""abstention_count"": 0, ""f1"": 0.6666666666666666, ""false_negative"": 1, ""false_positive"": 1, ""label"": 1, ""precision"": 0.6666666666666666, ""recall"": 0.6666666666666666, ""retained_support"": 3, ""support"": 3, ""true_positive"": 2}, {""abstention_count"": 0, ""f1"": 1.0, ""false_negative"": 0, ""false_positive"": 0, ""label"": 2, ""precision"": 1.0, ""recall"": 1.0, ""retained_support"": 1, ""support"": 1, ""true_positive"": 1}]",retained_only,1.0,0.3479078453495844,"[[1, 1, 0], [1, 2, 0], [0, 0, 1]]","[0, 1, 2]","[{""f1"": 0.5, ""label"": 0, ""precision"": 0.5, ""recall"": 0.5, ""support"": 2}, {""f1"": 0.6666666666666666, ""label"": 1, ""precision"": 0.6666666666666666, ""recall"": 0.6666666666666666, ""support"": 3}, {""f1"": 1.0, ""label"": 2, ""precision"": 1.0, ""recall"": 1.0, ""support"": 1}]",passed
compact_cnn__b7_star_fixed10,4,3,0.3333333333333333,0.19047619047619047,0.3333333333333333,0.13333333333333333,0.3333333333333333,0.1904761904761905,0.0,"[[0, 0], [1, 0], [2, 0]]","[{""abstention_count"": 0, ""f1"": 0.0, ""false_negative"": 1, ""false_positive"": 0, ""label"": 0, ""precision"": 0.0, ""recall"": 0.0, ""retained_support"": 1, ""support"": 1, ""true_positive"": 0}, {""abstention_count"": 0, ""f1"": 0.5714285714285715, ""false_negative"": 0, ""false_positive"": 3, ""label"": 1, ""precision"": 0.4, ""recall"": 1.0, ""retained_support"": 2, ""support"": 2, ""true_positive"": 2}, {""abstention_count"": 0, ""f1"": 0.0, ""false_negative"": 2, ""false_positive"": 0, ""label"": 2, ""precision"": 0.0, ""recall"": 0.0, ""retained_support"": 2, ""support"": 2, ""true_positive"": 0}]",retained_only,1.0,0.614619290684105,"[[0, 1, 0], [0, 2, 0], [0, 2, 0]]","[0, 1, 2]","[{""f1"": 0.0, ""label"": 0, ""precision"": 0.0, ""recall"": 0.0, ""support"": 1}, {""f1"": 0.5714285714285714, ""label"": 1, ""precision"": 0.4, ""recall"": 1.0, ""support"": 2}, {""f1"": 0.0, ""label"": 2, ""precision"": 0.0, ""recall"": 0.0, ""support"": 2}]",passed
compact_cnn__b7_star_fixed10,4,4,0.3333333333333333,0.35555555555555557,0.3333333333333333,0.4444444444444444,0.3333333333333333,0.35555555555555557,0.0,"[[0, 0], [1, 0], [2, 0]]","[{""abstention_count"": 0, ""f1"": 0.6666666666666666, ""false_negative"": 1, ""false_positive"": 0, ""label"": 0, ""precision"": 1.0, ""recall"": 0.5, ""retained_support"": 2, ""support"": 2, ""true_positive"": 1}, {""abstention_count"": 0, ""f1"": 0.0, ""false_negative"": 2, ""false_positive"": 2, ""label"": 1, ""precision"": 0.0, ""recall"": 0.0, ""retained_support"": 2, ""support"": 2, ""true_positive"": 0}, {""abstention_count"": 0, ""f1"": 0.4, ""false_negative"": 1, ""false_positive"": 2, ""label"": 2, ""precision"": 0.3333333333333333, ""recall"": 0.5, ""retained_support"": 2, ""support"": 2, ""true_positive"": 1}]",retained_only,1.0,0.2806168430319727,"[[1, 1, 0], [0, 0, 2], [0, 1, 1]]","[0, 1, 2]","[{""f1"": 0.6666666666666666, ""label"": 0, ""precision"": 1.0, ""recall"": 0.5, ""support"": 2}, {""f1"": 0.0, ""label"": 1, ""precision"": 0.0, ""recall"": 0.0, ""support"": 2}, {""f1"": 0.4, ""label"": 2, ""precision"": 0.3333333333333333, ""recall"": 0.5, ""support"": 2}]",passed
inception_full__b7_star_fixed10,0,0,0.5,0.41269841269841273,0.5,0.4666666666666666,0.5,0.41269841269841273,0.0,"[[0, 0], [1, 0], [2, 0]]","[{""abstention_count"": 0, ""f1"": 0.6666666666666666, ""false_negative"": 1, ""false_positive"": 0, ""label"": 0, ""precision"": 1.0, ""recall"": 0.5, ""retained_support"": 2, ""support"": 2, ""true_positive"": 1}, {""abstention_count"": 0, ""f1"": 0.5714285714285715, ""false_negative"": 0, ""false_positive"": 3, ""label"": 1, ""precision"": 0.4, ""recall"": 1.0, ""retained_support"": 2, ""support"": 2, ""true_positive"": 2}, {""abstention_count"": 0, ""f1"": 0.0, ""false_negative"": 2, ""false_positive"": 0, ""label"": 2, ""precision"": 0.0, ""recall"": 0.0, ""retained_support"": 2, ""support"": 2, ""true_positive"": 0}]",retained_only,1.0,0.355656019870219,"[[1, 1, 0], [0, 2, 0], [0, 2, 0]]","[0, 1, 2]","[{""f1"": 0.6666666666666666, ""label"": 0, ""precision"": 1.0, ""recall"": 0.5, ""support"": 2}, {""f1"": 0.5714285714285714, ""label"": 1, ""precision"": 0.4, ""recall"": 1.0, ""support"": 2}, {""f1"": 0.0, ""label"": 2, ""precision"": 0.0, ""recall"": 0.0, ""support"": 2}]",passed
inception_full__b7_star_fixed10,0,1,0.5555555555555555,0.43333333333333335,0.5555555555555555,0.4444444444444444,0.5555555555555555,0.43333333333333335,0.0,"[[0, 0], [1, 0], [2, 0]]","[{""abstention_count"": 0, ""f1"": 0.0, ""false_negative"": 2, ""false_positive"": 1, ""label"": 0, ""precision"": 0.0, ""recall"": 0.0, ""retained_support"": 2, ""support"": 2, ""true_positive"": 0}, {""abstention_count"": 0, ""f1"": 0.8, ""false_negative"": 1, ""false_positive"": 0, ""label"": 1, ""precision"": 1.0, ""recall"": 0.6666666666666666, ""retained_support"": 3, ""support"": 3, ""true_positive"": 2}, {""abstention_count"": 0, ""f1"": 0.5, ""false_negative"": 0, ""false_positive"": 2, ""label"": 2, ""precision"": 0.3333333333333333, ""recall"": 1.0, ""retained_support"": 1, ""support"": 1, ""true_positive"": 1}]",retained_only,1.0,0.17040713559387563,"[[0, 0, 2], [1, 2, 0], [0, 0, 1]]","[0, 1, 2]","[{""f1"": 0.0, ""label"": 0, ""precision"": 0.0, ""recall"": 0.0, ""support"": 2}, {""f1"": 0.8, ""label"": 1, ""precision"": 1.0, ""recall"": 0.6666666666666666, ""support"": 3}, {""f1"": 0.5, ""label"": 2, ""precision"": 0.3333333333333333, ""recall"": 1.0, ""support"": 1}]",passed
inception_full__b7_star_fixed10,0,2,0.5,0.4000000000000001,0.5,0.3333333333333333,0.5,0.4000000000000001,0.0,"[[0, 0], [1, 0], [2, 0]]","[{""abstention_count"": 0, ""f1"": 0.0, ""false_negative"": 2, ""false_positive"": 0, ""label"": 0, ""precision"": 0.0, ""recall"": 0.0, ""retained_support"": 2, ""support"": 2, ""true_positive"": 0}, {""abstention_count"": 0, ""f1"": 0.4, ""false_negative"": 1, ""false_positive"": 2, ""label"": 1, ""precision"": 0.3333333333333333, ""recall"": 0.5, ""retained_support"": 2, ""support"": 2, ""true_positive"": 1}, {""abstention_count"": 0, ""f1"": 0.8, ""false_negative"": 0, ""false_positive"": 1, ""label"": 2, ""precision"": 0.6666666666666666, ""recall"": 1.0, ""retained_support"": 2, ""support"": 2, ""true_positive"": 2}]",retained_only,1.0,0.4817316292885959,"[[0, 2, 0], [0, 1, 1], [0, 0, 2]]","[0, 1, 2]","[{""f1"": 0.0, ""label"": 0, ""precision"": 0.0, ""recall"": 0.0, ""support"": 2}, {""f1"": 0.4, ""label"": 1, ""precision"": 0.3333333333333333, ""recall"": 0.5, ""support"": 2}, {""f1"": 0.8, ""label"": 2, ""precision"": 0.6666666666666666, ""recall"": 1.0, ""support"": 2}]",passed
inception_full__b7_star_fixed10,0,3,1.0,1.0,1.0,1.0,1.0,1.0,0.0,"[[0, 0], [1, 0], [2, 0]]","[{""abstention_count"": 0, ""f1"": 1.0, ""false_negative"": 0, ""false_positive"": 0, ""label"": 0, ""precision"": 1.0, ""recall"": 1.0, ""retained_support"": 2, ""support"": 2, ""true_positive"": 2}, {""abstention_count"": 0, ""f1"": 1.0, ""false_negative"": 0, ""false_positive"": 0, ""label"": 1, ""precision"": 1.0, ""recall"": 1.0, ""retained_support"": 2, ""support"": 2, ""true_positive"": 2}, {""abstention_count"": 0, ""f1"": 1.0, ""false_negative"": 0, ""false_positive"": 0, ""label"": 2, ""precision"": 1.0, ""recall"": 1.0, ""retained_support"": 2, ""support"": 2, ""true_positive"": 2}]",retained_only,1.0,0.2548915336379704,"[[2, 0, 0], [0, 2, 0], [0, 0, 2]]","[0, 1, 2]","[{""f1"": 1.0, ""label"": 0, ""precision"": 1.0, ""recall"": 1.0, ""support"": 2}, {""f1"": 1.0, ""label"": 1, ""precision"": 1.0, ""recall"": 1.0, ""support"": 2}, {""f1"": 1.0, ""label"": 2, ""precision"": 1.0, ""recall"": 1.0, ""support"": 2}]",passed
inception_full__b7_star_fixed10,0,4,0.4444444444444444,0.3,0.4444444444444444,0.27777777777777773,0.4444444444444444,0.3,0.0,"[[0, 0], [1, 0], [2, 0]]","[{""abstention_count"": 0, ""f1"": 0.5, ""false_negative"": 0, ""false_positive"": 2, ""label"": 0, ""precision"": 0.3333333333333333, ""recall"": 1.0, ""retained_support"": 1, ""support"": 1, ""true_positive"": 1}, {""abstention_count"": 0, ""f1"": 0.4, ""false_negative"": 2, ""false_positive"": 1, ""label"": 1, ""precision"": 0.5, ""recall"": 0.3333333333333333, ""retained_support"": 3, ""support"": 3, ""true_positive"": 1}, {""abstention_count"": 0, ""f1"": 0.0, ""false_negative"": 1, ""false_positive"": 0, ""label"": 2, ""precision"": 0.0, ""recall"": 0.0, ""retained_support"": 1, ""support"": 1, ""true_positive"": 0}]",retained_only,1.0,0.42885127764429676,"[[1, 0, 0], [2, 1, 0], [0, 1, 0]]","[0, 1, 2]","[{""f1"": 0.5, ""label"": 0, ""precision"": 0.3333333333333333, ""recall"": 1.0, ""support"": 1}, {""f1"": 0.4, ""label"": 1, ""precision"": 0.5, ""recall"": 0.3333333333333333, ""support"": 3}, {""f1"": 0.0, ""label"": 2, ""precision"": 0.0, ""recall"": 0.0, ""support"": 1}]",passed
inception_full__b7_star_fixed10,1,0,0.5555555555555555,0.5793650793650794,0.5555555555555555,0.6666666666666666,0.5555555555555555,0.5793650793650794,0.0,"[[0, 0], [1, 0], [2, 0]]","[{""abstention_count"": 0, ""f1"": 0.5, ""false_negative"": 1, ""false_positive"": 1, ""label"": 0, ""precision"": 0.5, ""recall"": 0.5, ""retained_support"": 2, ""support"": 2, ""true_positive"": 1}, {""abstention_count"": 0, ""f1"": 0.5714285714285715, ""false_negative"": 1, ""false_positive"": 2, ""label"": 1, ""precision"": 0.5, ""recall"": 0.6666666666666666, ""retained_support"": 3, ""support"": 3, ""true_positive"": 2}, {""abstention_count"": 0, ""f1"": 0.6666666666666666, ""false_negative"": 1, ""false_positive"": 0, ""label"": 2, ""precision"": 1.0, ""recall"": 0.5, ""retained_support"": 2, ""support"": 2, ""true_positive"": 1}]",retained_only,1.0,0.1443692174120471,"[[1, 1, 0], [1, 2, 0], [0, 1, 1]]","[0, 1, 2]","[{""f1"": 0.5, ""label"": 0, ""precision"": 0.5, ""recall"": 0.5, ""support"": 2}, {""f1"": 0.5714285714285714, ""label"": 1, ""precision"": 0.5, ""recall"": 0.6666666666666666, ""support"": 3}, {""f1"": 0.6666666666666666, ""label"": 2, ""precision"": 1.0, ""recall"": 0.5, ""support"": 2}]",passed
inception_full__b7_star_fixed10,1,1,0.7222222222222222,0.6666666666666666,0.7222222222222222,0.7222222222222222,0.7222222222222222,0.6666666666666666,0.0,"[[0, 0], [1, 0], [2, 0]]","[{""abstention_count"": 0, ""f1"": 0.6666666666666666, ""false_negative"": 0, ""false_positive"": 1, ""label"": 0, ""precision"": 0.5, ""recall"": 1.0, ""retained_support"": 1, ""support"": 1, ""true_positive"": 1}, {""abstention_count"": 0, ""f1"": 0.6666666666666666, ""false_negative"": 1, ""false_positive"": 1, ""label"": 1, ""precision"": 0.6666666666666666, ""recall"": 0.6666666666666666, ""retained_support"": 3, ""support"": 3, ""true_positive"": 2}, {""abstention_count"": 0, ""f1"": 0.6666666666666666, ""false_negative"": 1, ""false_positive"": 0, ""label"": 2, ""precision"": 1.0, ""recall"": 0.5, ""retained_support"": 2, ""support"": 2, ""true_positive"": 1}]",retained_only,1.0,0.3809253956278571,"[[1, 0, 0], [1, 2, 0], [0, 1, 1]]","[0, 1, 2]","[{""f1"": 0.6666666666666666, ""label"": 0, ""precision"": 0.5, ""recall"": 1.0, ""support"": 1}, {""f1"": 0.6666666666666666, ""label"": 1, ""precision"": 0.6666666666666666, ""recall"": 0.6666666666666666, ""support"": 3}, {""f1"": 0.6666666666666666, ""label"": 2, ""precision"": 1.0, ""recall"": 0.5, ""support"": 2}]",passed
inception_full__b7_star_fixed10,1,2,0.5,0.43333333333333335,0.5,0.38888888888888884,0.5,0.43333333333333335,0.0,"[[0, 0], [1, 0], [2, 0]]","[{""abstention_count"": 0, ""f1"": 0.8, ""false_negative"": 0, ""false_positive"": 1, ""label"": 0, ""precision"": 0.6666666666666666, ""recall"": 1.0, ""retained_support"": 2, ""support"": 2, ""true_positive"": 2}, {""abstention_count"": 0, ""f1"": 0.0, ""false_negative"": 2, ""false_positive"": 1, ""label"": 1, ""precision"": 0.0, ""recall"": 0.0, ""retained_support"": 2, ""support"": 2, ""true_positive"": 0}, {""abstention_count"": 0, ""f1"": 0.5, ""false_negative"": 1, ""false_positive"": 1, ""label"": 2, ""precision"": 0.5, ""recall"": 0.5, ""retained_support"": 2, ""support"": 2, ""true_positive"": 1}]",retained_only,1.0,0.3909485944847269,"[[2, 0, 0], [1, 0, 1], [0, 1, 1]]","[0, 1, 2]","[{""f1"": 0.8, ""label"": 0, ""precision"": 0.6666666666666666, ""recall"": 1.0, ""support"": 2}, {""f1"": 0.0, ""label"": 1, ""precision"": 0.0, ""recall"": 0.0, ""support"": 2}, {""f1"": 0.5, ""label"": 2, ""precision"": 0.5, ""recall"": 0.5, ""support"": 2}]",passed
inception_full__b7_star_fixed10,1,3,0.5,0.4666666666666666,0.5,0.4444444444444444,0.5,0.4666666666666666,0.0,"[[0, 0], [1, 0], [2, 0]]","[{""abstention_count"": 0, ""f1"": 0.0, ""false_negative"": 2, ""false_positive"": 1, ""label"": 0, ""precision"": 0.0, ""recall"": 0.0, ""retained_support"": 2, ""support"": 2, ""true_positive"": 0}, {""abstention_count"": 0, ""f1"": 0.4, ""false_negative"": 1, ""false_positive"": 2, ""label"": 1, ""precision"": 0.3333333333333333, ""recall"": 0.5, ""retained_support"": 2, ""support"": 2, ""true_positive"": 1}, {""abstention_count"": 0, ""f1"": 1.0, ""false_negative"": 0, ""false_positive"": 0, ""label"": 2, ""precision"": 1.0, ""recall"": 1.0, ""retained_support"": 1, ""support"": 1, ""true_positive"": 1}]",retained_only,1.0,0.40970024766428015,"[[0, 2, 0], [1, 1, 0], [0, 0, 1]]","[0, 1, 2]","[{""f1"": 0.0, ""label"": 0, ""precision"": 0.0, ""recall"": 0.0, ""support"": 2}, {""f1"": 0.4, ""label"": 1, ""precision"": 0.3333333333333333, ""recall"": 0.5, ""support"": 2}, {""f1"": 1.0, ""label"": 2, ""precision"": 1.0, ""recall"": 1.0, ""support"": 1}]",passed
inception_full__b7_star_fixed10,1,4,0.6666666666666666,0.5555555555555555,0.6666666666666666,0.5,0.6666666666666666,0.5555555555555555,0.0,"[[0, 0], [1, 0], [2, 0]]","[{""abstention_count"": 0, ""f1"": 0.6666666666666666, ""false_negative"": 0, ""false_positive"": 2, ""label"": 0, ""precision"": 0.5, ""recall"": 1.0, ""retained_support"": 2, ""support"": 2, ""true_positive"": 2}, {""abstention_count"": 0, ""f1"": 0.0, ""false_negative"": 2, ""false_positive"": 0, ""label"": 1, ""precision"": 0.0, ""recall"": 0.0, ""retained_support"": 2, ""support"": 2, ""true_positive"": 0}, {""abstention_count"": 0, ""f1"": 1.0, ""false_negative"": 0, ""false_positive"": 0, ""label"": 2, ""precision"": 1.0, ""recall"": 1.0, ""retained_support"": 1, ""support"": 1, ""true_positive"": 1}]",retained_only,1.0,0.3759383091230584,"[[2, 0, 0], [2, 0, 0], [0, 0, 1]]","[0, 1, 2]","[{""f1"": 0.6666666666666666, ""label"": 0, ""precision"": 0.5, ""recall"": 1.0, ""support"": 2}, {""f1"": 0.0, ""label"": 1, ""precision"": 0.0, ""recall"": 0.0, ""support"": 2}, {""f1"": 1.0, ""label"": 2, ""precision"": 1.0, ""recall"": 1.0, ""support"": 1}]",passed
inception_full__b7_star_fixed10,2,0,0.5555555555555555,0.41269841269841273,0.5555555555555555,0.3333333333333333,0.5555555555555555,0.41269841269841273,0.0,"[[0, 0], [1, 0], [2, 0]]","[{""abstention_count"": 0, ""f1"": 0.0, ""false_negative"": 2, ""false_positive"": 0, ""label"": 0, ""precision"": 0.0, ""recall"": 0.0, ""retained_support"": 2, ""support"": 2, ""true_positive"": 0}, {""abstention_count"": 0, ""f1"": 0.5714285714285715, ""false_negative"": 1, ""false_positive"": 2, ""label"": 1, ""precision"": 0.5, ""recall"": 0.6666666666666666, ""retained_support"": 3, ""support"": 3, ""true_positive"": 2}, {""abstention_count"": 0, ""f1"": 0.6666666666666666, ""false_negative"": 0, ""false_positive"": 1, ""label"": 2, ""precision"": 0.5, ""recall"": 1.0, ""retained_support"": 1, ""support"": 1, ""true_positive"": 1}]",retained_only,1.0,0.2755959757616284,"[[0, 2, 0], [0, 2, 1], [0, 0, 1]]","[0, 1, 2]","[{""f1"": 0.0, ""label"": 0, ""precision"": 0.0, ""recall"": 0.0, ""support"": 2}, {""f1"": 0.5714285714285714, ""label"": 1, ""precision"": 0.5, ""recall"": 0.6666666666666666, ""support"": 3}, {""f1"": 0.6666666666666666, ""label"": 2, ""precision"": 0.5, ""recall"": 1.0, ""support"": 1}]",passed
inception_full__b7_star_fixed10,2,1,0.8333333333333334,0.8222222222222223,0.8333333333333334,0.8888888888888888,0.8333333333333334,0.8222222222222223,0.0,"[[0, 0], [1, 0], [2, 0]]","[{""abstention_count"": 0, ""f1"": 0.6666666666666666, ""false_negative"": 1, ""false_positive"": 0, ""label"": 0, ""precision"": 1.0, ""recall"": 0.5, ""retained_support"": 2, ""support"": 2, ""true_positive"": 1}, {""abstention_count"": 0, ""f1"": 0.8, ""false_negative"": 0, ""false_positive"": 1, ""label"": 1, ""precision"": 0.6666666666666666, ""recall"": 1.0, ""retained_support"": 2, ""support"": 2, ""true_positive"": 2}, {""abstention_count"": 0, ""f1"": 1.0, ""false_negative"": 0, ""false_positive"": 0, ""label"": 2, ""precision"": 1.0, ""recall"": 1.0, ""retained_support"": 2, ""support"": 2, ""true_positive"": 2}]",retained_only,1.0,0.3506043214293721,"[[1, 1, 0], [0, 2, 0], [0, 0, 2]]","[0, 1, 2]","[{""f1"": 0.6666666666666666, ""label"": 0, ""precision"": 1.0, ""recall"": 0.5, ""support"": 2}, {""f1"": 0.8, ""label"": 1, ""precision"": 0.6666666666666666, ""recall"": 1.0, ""support"": 2}, {""f1"": 1.0, ""label"": 2, ""precision"": 1.0, ""recall"": 1.0, ""support"": 2}]",passed
inception_full__b7_star_fixed10,2,2,0.5,0.3333333333333333,0.5,0.27777777777777773,0.5,0.3333333333333333,0.0,"[[0, 0], [1, 0], [2, 0]]","[{""abstention_count"": 0, ""f1"": 0.5, ""false_negative"": 0, ""false_positive"": 2, ""label"": 0, ""precision"": 0.3333333333333333, ""recall"": 1.0, ""retained_support"": 1, ""support"": 1, ""true_positive"": 1}, {""abstention_count"": 0, ""f1"": 0.0, ""false_negative"": 3, ""false_positive"": 1, ""label"": 1, ""precision"": 0.0, ""recall"": 0.0, ""retained_support"": 3, ""support"": 3, ""true_positive"": 0}, {""abstention_count"": 0, ""f1"": 0.5, ""false_negative"": 1, ""false_positive"": 1, ""label"": 2, ""precision"": 0.5, ""recall"": 0.5, ""retained_support"": 2, ""support"": 2, ""true_positive"": 1}]",retained_only,1.0,0.49411979665752326,"[[1, 0, 0], [2, 0, 1], [0, 1, 1]]","[0, 1, 2]","[{""f1"": 0.5, ""label"": 0, ""precision"": 0.3333333333333333, ""recall"": 1.0, ""support"": 1}, {""f1"": 0.0, ""label"": 1, ""precision"": 0.0, ""recall"": 0.0, ""support"": 3}, {""f1"": 0.5, ""label"": 2, ""precision"": 0.5, ""recall"": 0.5, ""support"": 2}]",passed
inception_full__b7_star_fixed10,2,3,0.6666666666666666,0.6666666666666666,0.6666666666666666,0.8333333333333334,0.6666666666666666,0.6666666666666666,0.0,"[[0, 0], [1, 0], [2, 0]]","[{""abstention_count"": 0, ""f1"": 0.6666666666666666, ""false_negative"": 1, ""false_positive"": 0, ""label"": 0, ""precision"": 1.0, ""recall"": 0.5, ""retained_support"": 2, ""support"": 2, ""true_positive"": 1}, {""abstention_count"": 0, ""f1"": 0.6666666666666666, ""false_negative"": 0, ""false_positive"": 2, ""label"": 1, ""precision"": 0.5, ""recall"": 1.0, ""retained_support"": 2, ""support"": 2, ""true_positive"": 2}, {""abstention_count"": 0, ""f1"": 0.6666666666666666, ""false_negative"": 1, ""false_positive"": 0, ""label"": 2, ""precision"": 1.0, ""recall"": 0.5, ""retained_support"": 2, ""support"": 2, ""true_positive"": 1}]",retained_only,1.0,0.2747481240188784,"[[1, 1, 0], [0, 2, 0], [0, 1, 1]]","[0, 1, 2]","[{""f1"": 0.6666666666666666, ""label"": 0, ""precision"": 1.0, ""recall"": 0.5, ""support"": 2}, {""f1"": 0.6666666666666666, ""label"": 1, ""precision"": 0.5, ""recall"": 1.0, ""support"": 2}, {""f1"": 0.6666666666666666, ""label"": 2, ""precision"": 1.0, ""recall"": 0.5, ""support"": 2}]",passed
inception_full__b7_star_fixed10,2,4,0.3333333333333333,0.2222222222222222,0.3333333333333333,0.16666666666666666,0.3333333333333333,0.2222222222222222,0.0,"[[0, 0], [1, 0], [2, 0]]","[{""abstention_count"": 0, ""f1"": 0.6666666666666666, ""false_negative"": 0, ""false_positive"": 2, ""label"": 0, ""precision"": 0.5, ""recall"": 1.0, ""retained_support"": 2, ""support"": 2, ""true_positive"": 2}, {""abstention_count"": 0, ""f1"": 0.0, ""false_negative"": 2, ""false_positive"": 1, ""label"": 1, ""precision"": 0.0, ""recall"": 0.0, ""retained_support"": 2, ""support"": 2, ""true_positive"": 0}, {""abstention_count"": 0, ""f1"": 0.0, ""false_negative"": 1, ""false_positive"": 0, ""label"": 2, ""precision"": 0.0, ""recall"": 0.0, ""retained_support"": 1, ""support"": 1, ""true_positive"": 0}]",retained_only,1.0,0.4950719652649616,"[[2, 0, 0], [2, 0, 0], [0, 1, 0]]","[0, 1, 2]","[{""f1"": 0.6666666666666666, ""label"": 0, ""precision"": 0.5, ""recall"": 1.0, ""support"": 2}, {""f1"": 0.0, ""label"": 1, ""precision"": 0.0, ""recall"": 0.0, ""support"": 2}, {""f1"": 0.0, ""label"": 2, ""precision"": 0.0, ""recall"": 0.0, ""support"": 1}]",passed
inception_full__b7_star_fixed10,3,0,0.7777777777777777,0.7222222222222222,0.7777777777777777,0.8333333333333334,0.7777777777777777,0.7222222222222222,0.0,"[[0, 0], [1, 0], [2, 0]]","[{""abstention_count"": 0, ""f1"": 0.6666666666666666, ""false_negative"": 0, ""false_positive"": 2, ""label"": 0, ""precision"": 0.5, ""recall"": 1.0, ""retained_support"": 2, ""support"": 2, ""true_positive"": 2}, {""abstention_count"": 0, ""f1"": 0.5, ""false_negative"": 2, ""false_positive"": 0, ""label"": 1, ""precision"": 1.0, ""recall"": 0.3333333333333333, ""retained_support"": 3, ""support"": 3, ""true_positive"": 1}, {""abstention_count"": 0, ""f1"": 1.0, ""false_negative"": 0, ""false_positive"": 0, ""label"": 2, ""precision"": 1.0, ""recall"": 1.0, ""retained_support"": 1, ""support"": 1, ""true_positive"": 1}]",retained_only,1.0,0.2905827758350127,"[[2, 0, 0], [2, 1, 0], [0, 0, 1]]","[0, 1, 2]","[{""f1"": 0.6666666666666666, ""label"": 0, ""precision"": 0.5, ""recall"": 1.0, ""support"": 2}, {""f1"": 0.5, ""label"": 1, ""precision"": 1.0, ""recall"": 0.3333333333333333, ""support"": 3}, {""f1"": 1.0, ""label"": 2, ""precision"": 1.0, ""recall"": 1.0, ""support"": 1}]",passed
inception_full__b7_star_fixed10,3,1,0.3333333333333333,0.27777777777777773,0.3333333333333333,0.25,0.3333333333333333,0.27777777777777773,0.0,"[[0, 0], [1, 0], [2, 0]]","[{""abstention_count"": 0, ""f1"": 0.0, ""false_negative"": 2, ""false_positive"": 0, ""label"": 0, ""precision"": 0.0, ""recall"": 0.0, ""retained_support"": 2, ""support"": 2, ""true_positive"": 0}, {""abstention_count"": 0, ""f1"": 0.3333333333333333, ""false_negative"": 1, ""false_positive"": 3, ""label"": 1, ""precision"": 0.25, ""recall"": 0.5, ""retained_support"": 2, ""support"": 2, ""true_positive"": 1}, {""abstention_count"": 0, ""f1"": 0.5, ""false_negative"": 1, ""false_positive"": 1, ""label"": 2, ""precision"": 0.5, ""recall"": 0.5, ""retained_support"": 2, ""support"": 2, ""true_positive"": 1}]",retained_only,1.0,0.4719866543131563,"[[0, 2, 0], [0, 1, 1], [0, 1, 1]]","[0, 1, 2]","[{""f1"": 0.0, ""label"": 0, ""precision"": 0.0, ""recall"": 0.0, ""support"": 2}, {""f1"": 0.3333333333333333, ""label"": 1, ""precision"": 0.25, ""recall"": 0.5, ""support"": 2}, {""f1"": 0.5, ""label"": 2, ""precision"": 0.5, ""recall"": 0.5, ""support"": 2}]",passed
inception_full__b7_star_fixed10,3,2,0.6666666666666666,0.6666666666666666,0.6666666666666666,0.6666666666666666,0.6666666666666666,0.6666666666666666,0.0,"[[0, 0], [1, 0], [2, 0]]","[{""abstention_count"": 0, ""f1"": 0.5, ""false_negative"": 1, ""false_positive"": 1, ""label"": 0, ""precision"": 0.5, ""recall"": 0.5, ""retained_support"": 2, ""support"": 2, ""true_positive"": 1}, {""abstention_count"": 0, ""f1"": 0.5, ""false_negative"": 1, ""false_positive"": 1, ""label"": 1, ""precision"": 0.5, ""recall"": 0.5, ""retained_support"": 2, ""support"": 2, ""true_positive"": 1}, {""abstention_count"": 0, ""f1"": 1.0, ""false_negative"": 0, ""false_positive"": 0, ""label"": 2, ""precision"": 1.0, ""recall"": 1.0, ""retained_support"": 2, ""support"": 2, ""true_positive"": 2}]",retained_only,1.0,0.3490592793456462,"[[1, 1, 0], [1, 1, 0], [0, 0, 2]]","[0, 1, 2]","[{""f1"": 0.5, ""label"": 0, ""precision"": 0.5, ""recall"": 0.5, ""support"": 2}, {""f1"": 0.5, ""label"": 1, ""precision"": 0.5, ""recall"": 0.5, ""support"": 2}, {""f1"": 1.0, ""label"": 2, ""precision"": 1.0, ""recall"": 1.0, ""support"": 2}]",passed
inception_full__b7_star_fixed10,3,3,0.5,0.4444444444444444,0.5,0.5,0.5,0.4444444444444444,0.0,"[[0, 0], [1, 0], [2, 0]]","[{""abstention_count"": 0, ""f1"": 0.6666666666666666, ""false_negative"": 0, ""false_positive"": 2, ""label"": 0, ""precision"": 0.5, ""recall"": 1.0, ""retained_support"": 2, ""support"": 2, ""true_positive"": 2}, {""abstention_count"": 0, ""f1"": 0.0, ""false_negative"": 2, ""false_positive"": 1, ""label"": 1, ""precision"": 0.0, ""recall"": 0.0, ""retained_support"": 2, ""support"": 2, ""true_positive"": 0}, {""abstention_count"": 0, ""f1"": 0.6666666666666666, ""false_negative"": 1, ""false_positive"": 0, ""label"": 2, ""precision"": 1.0, ""recall"": 0.5, ""retained_support"": 2, ""support"": 2, ""true_positive"": 1}]",retained_only,1.0,0.2833558079751096,"[[2, 0, 0], [2, 0, 0], [0, 1, 1]]","[0, 1, 2]","[{""f1"": 0.6666666666666666, ""label"": 0, ""precision"": 0.5, ""recall"": 1.0, ""support"": 2}, {""f1"": 0.0, ""label"": 1, ""precision"": 0.0, ""recall"": 0.0, ""support"": 2}, {""f1"": 0.6666666666666666, ""label"": 2, ""precision"": 1.0, ""recall"": 0.5, ""support"": 2}]",passed
inception_full__b7_star_fixed10,3,4,0.6666666666666666,0.6190476190476191,0.6666666666666666,0.5833333333333334,0.6666666666666666,0.6190476190476191,0.0,"[[0, 0], [1, 0], [2, 0]]","[{""abstention_count"": 0, ""f1"": 1.0, ""false_negative"": 0, ""false_positive"": 0, ""label"": 0, ""precision"": 1.0, ""recall"": 1.0, ""retained_support"": 1, ""support"": 1, ""true_positive"": 1}, {""abstention_count"": 0, ""f1"": 0.8571428571428571, ""false_negative"": 0, ""false_positive"": 1, ""label"": 1, ""precision"": 0.75, ""recall"": 1.0, ""retained_support"": 3, ""support"": 3, ""true_positive"": 3}, {""abstention_count"": 0, ""f1"": 0.0, ""false_negative"": 1, ""false_positive"": 0, ""label"": 2, ""precision"": 0.0, ""recall"": 0.0, ""retained_support"": 1, ""support"": 1, ""true_positive"": 0}]",retained_only,1.0,0.4023320295113878,"[[1, 0, 0], [0, 3, 0], [0, 1, 0]]","[0, 1, 2]","[{""f1"": 1.0, ""label"": 0, ""precision"": 1.0, ""recall"": 1.0, ""support"": 1}, {""f1"": 0.8571428571428571, ""label"": 1, ""precision"": 0.75, ""recall"": 1.0, ""support"": 3}, {""f1"": 0.0, ""label"": 2, ""precision"": 0.0, ""recall"": 0.0, ""support"": 1}]",passed
inception_full__b7_star_fixed10,4,0,0.6666666666666666,0.5555555555555555,0.6666666666666666,0.5,0.6666666666666666,0.5555555555555555,0.0,"[[0, 0], [1, 0], [2, 0]]","[{""abstention_count"": 0, ""f1"": 0.6666666666666666, ""false_negative"": 0, ""false_positive"": 2, ""label"": 0, ""precision"": 0.5, ""recall"": 1.0, ""retained_support"": 2, ""support"": 2, ""true_positive"": 2}, {""abstention_count"": 0, ""f1"": 0.0, ""false_negative"": 2, ""false_positive"": 0, ""label"": 1, ""precision"": 0.0, ""recall"": 0.0, ""retained_support"": 2, ""support"": 2, ""true_positive"": 0}, {""abstention_count"": 0, ""f1"": 1.0, ""false_negative"": 0, ""false_positive"": 0, ""label"": 2, ""precision"": 1.0, ""recall"": 1.0, ""retained_support"": 2, ""support"": 2, ""true_positive"": 2}]",retained_only,1.0,0.36952728328807316,"[[2, 0, 0], [2, 0, 0], [0, 0, 2]]","[0, 1, 2]","[{""f1"": 0.6666666666666666, ""label"": 0, ""precision"": 0.5, ""recall"": 1.0, ""support"": 2}, {""f1"": 0.0, ""label"": 1, ""precision"": 0.0, ""recall"": 0.0, ""support"": 2}, {""f1"": 1.0, ""label"": 2, ""precision"": 1.0, ""recall"": 1.0, ""support"": 2}]",passed
inception_full__b7_star_fixed10,4,1,0.38888888888888884,0.35714285714285715,0.38888888888888884,0.3333333333333333,0.38888888888888884,0.3571428571428572,0.0,"[[0, 0], [1, 0], [2, 0]]","[{""abstention_count"": 0, ""f1"": 0.5, ""false_negative"": 1, ""false_positive"": 1, ""label"": 0, ""precision"": 0.5, ""recall"": 0.5, ""retained_support"": 2, ""support"": 2, ""true_positive"": 1}, {""abstention_count"": 0, ""f1"": 0.5714285714285715, ""false_negative"": 1, ""false_positive"": 2, ""label"": 1, ""precision"": 0.5, ""recall"": 0.6666666666666666, ""retained_support"": 3, ""support"": 3, ""true_positive"": 2}, {""abstention_count"": 0, ""f1"": 0.0, ""false_negative"": 1, ""false_positive"": 0, ""label"": 2, ""precision"": 0.0, ""recall"": 0.0, ""retained_support"": 1, ""support"": 1, ""true_positive"": 0}]",retained_only,1.0,0.37289976680205694,"[[1, 1, 0], [1, 2, 0], [0, 1, 0]]","[0, 1, 2]","[{""f1"": 0.5, ""label"": 0, ""precision"": 0.5, ""recall"": 0.5, ""support"": 2}, {""f1"": 0.5714285714285714, ""label"": 1, ""precision"": 0.5, ""recall"": 0.6666666666666666, ""support"": 3}, {""f1"": 0.0, ""label"": 2, ""precision"": 0.0, ""recall"": 0.0, ""support"": 1}]",passed
inception_full__b7_star_fixed10,4,2,0.611111111111111,0.6,0.611111111111111,0.611111111111111,0.611111111111111,0.6,0.0,"[[0, 0], [1, 0], [2, 0]]","[{""abstention_count"": 0, ""f1"": 0.4, ""false_negative"": 1, ""false_positive"": 2, ""label"": 0, ""precision"": 0.3333333333333333, ""recall"": 0.5, ""retained_support"": 2, ""support"": 2, ""true_positive"": 1}, {""abstention_count"": 0, ""f1"": 0.4, ""false_negative"": 2, ""false_positive"": 1, ""label"": 1, ""precision"": 0.5, ""recall"": 0.3333333333333333, ""retained_support"": 3, ""support"": 3, ""true_positive"": 1}, {""abstention_count"": 0, ""f1"": 1.0, ""false_negative"": 0, ""false_positive"": 0, ""label"": 2, ""precision"": 1.0, ""recall"": 1.0, ""retained_support"": 1, ""support"": 1, ""true_positive"": 1}]",retained_only,1.0,0.3398010180940984,"[[1, 1, 0], [2, 1, 0], [0, 0, 1]]","[0, 1, 2]","[{""f1"": 0.4, ""label"": 0, ""precision"": 0.3333333333333333, ""recall"": 0.5, ""support"": 2}, {""f1"": 0.4, ""label"": 1, ""precision"": 0.5, ""recall"": 0.3333333333333333, ""support"": 3}, {""f1"": 1.0, ""label"": 2, ""precision"": 1.0, ""recall"": 1.0, ""support"": 1}]",passed
inception_full__b7_star_fixed10,4,3,0.3333333333333333,0.3,0.3333333333333333,0.27777777777777773,0.3333333333333333,0.3,0.0,"[[0, 0], [1, 0], [2, 0]]","[{""abstention_count"": 0, ""f1"": 0.0, ""false_negative"": 1, ""false_positive"": 0, ""label"": 0, ""precision"": 0.0, ""recall"": 0.0, ""retained_support"": 1, ""support"": 1, ""true_positive"": 0}, {""abstention_count"": 0, ""f1"": 0.4, ""false_negative"": 1, ""false_positive"": 2, ""label"": 1, ""precision"": 0.3333333333333333, ""recall"": 0.5, ""retained_support"": 2, ""support"": 2, ""true_positive"": 1}, {""abstention_count"": 0, ""f1"": 0.5, ""false_negative"": 1, ""false_positive"": 1, ""label"": 2, ""precision"": 0.5, ""recall"": 0.5, ""retained_support"": 2, ""support"": 2, ""true_positive"": 1}]",retained_only,1.0,0.43246067432896934,"[[0, 1, 0], [0, 1, 1], [0, 1, 1]]","[0, 1, 2]","[{""f1"": 0.0, ""label"": 0, ""precision"": 0.0, ""recall"": 0.0, ""support"": 1}, {""f1"": 0.4, ""label"": 1, ""precision"": 0.3333333333333333, ""recall"": 0.5, ""support"": 2}, {""f1"": 0.5, ""label"": 2, ""precision"": 0.5, ""recall"": 0.5, ""support"": 2}]",passed
inception_full__b7_star_fixed10,4,4,0.5,0.5222222222222223,0.5,0.611111111111111,0.5,0.5222222222222223,0.0,"[[0, 0], [1, 0], [2, 0]]","[{""abstention_count"": 0, ""f1"": 0.6666666666666666, ""false_negative"": 1, ""false_positive"": 0, ""label"": 0, ""precision"": 1.0, ""recall"": 0.5, ""retained_support"": 2, ""support"": 2, ""true_positive"": 1}, {""abstention_count"": 0, ""f1"": 0.4, ""false_negative"": 1, ""false_positive"": 2, ""label"": 1, ""precision"": 0.3333333333333333, ""recall"": 0.5, ""retained_support"": 2, ""support"": 2, ""true_positive"": 1}, {""abstention_count"": 0, ""f1"": 0.5, ""false_negative"": 1, ""false_positive"": 1, ""label"": 2, ""precision"": 0.5, ""recall"": 0.5, ""retained_support"": 2, ""support"": 2, ""true_positive"": 1}]",retained_only,1.0,0.2590967287961644,"[[1, 1, 0], [0, 1, 1], [0, 1, 1]]","[0, 1, 2]","[{""f1"": 0.6666666666666666, ""label"": 0, ""precision"": 1.0, ""recall"": 0.5, ""support"": 2}, {""f1"": 0.4, ""label"": 1, ""precision"": 0.3333333333333333, ""recall"": 0.5, ""support"": 2}, {""f1"": 0.5, ""label"": 2, ""precision"": 0.5, ""recall"": 0.5, ""support"": 2}]",passed
