classifier_id,evaluation_id,aggregation_level,curve,class_label,point_index,false_positive_rate,true_positive_rate,score_threshold,roc_auc,observation_count
frailty29_trained_motion_detector,frailty29_outer_oof,file,one_vs_rest,0,0,0.0,0.0,,0.9625970798384592,256
frailty29_trained_motion_detector,frailty29_outer_oof,file,one_vs_rest,0,1,0.0,0.006896551724137931,0.9999999774398862,0.9625970798384592,256
frailty29_trained_motion_detector,frailty29_outer_oof,file,one_vs_rest,0,2,0.0,0.19310344827586207,0.999998399068545,0.9625970798384592,256
frailty29_trained_motion_detector,frailty29_outer_oof,file,one_vs_rest,0,3,0.009009009009009009,0.19310344827586207,0.9999983224586231,0.9625970798384592,256
frailty29_trained_motion_detector,frailty29_outer_oof,file,one_vs_rest,0,4,0.009009009009009009,0.21379310344827587,0.9999980901841354,0.9625970798384592,256
frailty29_trained_motion_detector,frailty29_outer_oof,file,one_vs_rest,0,5,0.018018018018018018,0.21379310344827587,0.9999980738248411,0.9625970798384592,256
frailty29_trained_motion_detector,frailty29_outer_oof,file,one_vs_rest,0,6,0.018018018018018018,0.8,0.9998364423809107,0.9625970798384592,256
frailty29_trained_motion_detector,frailty29_outer_oof,file,one_vs_rest,0,7,0.02702702702702703,0.8,0.9998244933813112,0.9625970798384592,256
frailty29_trained_motion_detector,frailty29_outer_oof,file,one_vs_rest,0,8,0.02702702702702703,0.9586206896551724,0.9416709896177053,0.9625970798384592,256
frailty29_trained_motion_detector,frailty29_outer_oof,file,one_vs_rest,0,9,0.036036036036036036,0.9586206896551724,0.8468659967184067,0.9625970798384592,256
frailty29_trained_motion_detector,frailty29_outer_oof,file,one_vs_rest,0,10,0.036036036036036036,0.9724137931034482,0.5734114795923233,0.9625970798384592,256
frailty29_trained_motion_detector,frailty29_outer_oof,file,one_vs_rest,0,11,0.17117117117117117,0.9724137931034482,0.0016419589519500732,0.9625970798384592,256
frailty29_trained_motion_detector,frailty29_outer_oof,file,one_vs_rest,0,12,0.17117117117117117,0.9793103448275862,0.0013135671615600586,0.9625970798384592,256
frailty29_trained_motion_detector,frailty29_outer_oof,file,one_vs_rest,0,13,0.5855855855855856,0.9793103448275862,9.059906005859375e-06,0.9625970798384592,256
frailty29_trained_motion_detector,frailty29_outer_oof,file,one_vs_rest,0,14,0.6036036036036037,0.9793103448275862,8.225440979003906e-06,0.9625970798384592,256
frailty29_trained_motion_detector,frailty29_outer_oof,file,one_vs_rest,0,15,0.6576576576576577,0.9793103448275862,3.3974647521972656e-06,0.9625970798384592,256
frailty29_trained_motion_detector,frailty29_outer_oof,file,one_vs_rest,0,16,0.6756756756756757,0.9793103448275862,2.384185791015625e-06,0.9625970798384592,256
frailty29_trained_motion_detector,frailty29_outer_oof,file,one_vs_rest,0,17,0.6846846846846847,0.9793103448275862,2.1457672119140625e-06,0.9625970798384592,256
frailty29_trained_motion_detector,frailty29_outer_oof,file,one_vs_rest,0,18,0.7027027027027027,0.9793103448275862,2.0265579223632812e-06,0.9625970798384592,256
frailty29_trained_motion_detector,frailty29_outer_oof,file,one_vs_rest,0,19,0.7207207207207207,0.9793103448275862,1.8477439880371094e-06,0.9625970798384592,256
frailty29_trained_motion_detector,frailty29_outer_oof,file,one_vs_rest,0,20,0.7567567567567568,0.9793103448275862,9.5367431640625e-07,0.9625970798384592,256
frailty29_trained_motion_detector,frailty29_outer_oof,file,one_vs_rest,0,21,0.7657657657657657,0.9793103448275862,7.748603820800781e-07,0.9625970798384592,256
frailty29_trained_motion_detector,frailty29_outer_oof,file,one_vs_rest,0,22,0.8018018018018018,0.9793103448275862,7.152557373046875e-07,0.9625970798384592,256
frailty29_trained_motion_detector,frailty29_outer_oof,file,one_vs_rest,0,23,0.8378378378378378,0.9793103448275862,5.364418029785156e-07,0.9625970798384592,256
frailty29_trained_motion_detector,frailty29_outer_oof,file,one_vs_rest,0,24,0.8648648648648649,0.9793103448275862,4.76837158203125e-07,0.9625970798384592,256
frailty29_trained_motion_detector,frailty29_outer_oof,file,one_vs_rest,0,25,0.9099099099099099,0.9793103448275862,3.5762786865234375e-07,0.9625970798384592,256
frailty29_trained_motion_detector,frailty29_outer_oof,file,one_vs_rest,0,26,0.9279279279279279,0.9793103448275862,2.980232238769531e-07,0.9625970798384592,256
frailty29_trained_motion_detector,frailty29_outer_oof,file,one_vs_rest,0,27,0.954954954954955,0.9793103448275862,2.384185791015625e-07,0.9625970798384592,256
frailty29_trained_motion_detector,frailty29_outer_oof,file,one_vs_rest,0,28,1.0,0.9793103448275862,1.1920928955078125e-07,0.9625970798384592,256
frailty29_trained_motion_detector,frailty29_outer_oof,file,one_vs_rest,0,29,1.0,1.0,0.0,0.9625970798384592,256
frailty29_trained_motion_detector,frailty29_outer_oof,file,one_vs_rest,1,0,0.0,0.0,,0.9625970798384592,256
frailty29_trained_motion_detector,frailty29_outer_oof,file,one_vs_rest,1,1,0.020689655172413793,0.0,1.0,0.9625970798384592,256
frailty29_trained_motion_detector,frailty29_outer_oof,file,one_vs_rest,1,2,0.020689655172413793,0.04504504504504504,0.9999998807907104,0.9625970798384592,256
frailty29_trained_motion_detector,frailty29_outer_oof,file,one_vs_rest,1,3,0.020689655172413793,0.07207207207207207,0.9999997615814209,0.9625970798384592,256
frailty29_trained_motion_detector,frailty29_outer_oof,file,one_vs_rest,1,4,0.020689655172413793,0.09009009009009009,0.9999997019767761,0.9625970798384592,256
frailty29_trained_motion_detector,frailty29_outer_oof,file,one_vs_rest,1,5,0.020689655172413793,0.13513513513513514,0.9999996423721313,0.9625970798384592,256
frailty29_trained_motion_detector,frailty29_outer_oof,file,one_vs_rest,1,6,0.020689655172413793,0.16216216216216217,0.9999995231628418,0.9625970798384592,256
frailty29_trained_motion_detector,frailty29_outer_oof,file,one_vs_rest,1,7,0.020689655172413793,0.1981981981981982,0.9999994039535522,0.9625970798384592,256
frailty29_trained_motion_detector,frailty29_outer_oof,file,one_vs_rest,1,8,0.020689655172413793,0.23423423423423423,0.9999992847442627,0.9625970798384592,256
frailty29_trained_motion_detector,frailty29_outer_oof,file,one_vs_rest,1,9,0.020689655172413793,0.24324324324324326,0.9999992251396179,0.9625970798384592,256
frailty29_trained_motion_detector,frailty29_outer_oof,file,one_vs_rest,1,10,0.020689655172413793,0.27927927927927926,0.9999988079071045,0.9625970798384592,256
frailty29_trained_motion_detector,frailty29_outer_oof,file,one_vs_rest,1,11,0.020689655172413793,0.2972972972972973,0.9999980926513672,0.9625970798384592,256
frailty29_trained_motion_detector,frailty29_outer_oof,file,one_vs_rest,1,12,0.020689655172413793,0.3153153153153153,0.9999979734420776,0.9625970798384592,256
frailty29_trained_motion_detector,frailty29_outer_oof,file,one_vs_rest,1,13,0.020689655172413793,0.32432432432432434,0.9999978542327881,0.9625970798384592,256
frailty29_trained_motion_detector,frailty29_outer_oof,file,one_vs_rest,1,14,0.020689655172413793,0.34234234234234234,0.999997615814209,0.9625970798384592,256
frailty29_trained_motion_detector,frailty29_outer_oof,file,one_vs_rest,1,15,0.020689655172413793,0.3963963963963964,0.999992847442627,0.9625970798384592,256
frailty29_trained_motion_detector,frailty29_outer_oof,file,one_vs_rest,1,16,0.020689655172413793,0.4144144144144144,0.999991774559021,0.9625970798384592,256
frailty29_trained_motion_detector,frailty29_outer_oof,file,one_vs_rest,1,17,0.020689655172413793,0.8288288288288288,0.9987062513828278,0.9625970798384592,256
frailty29_trained_motion_detector,frailty29_outer_oof,file,one_vs_rest,1,18,0.027586206896551724,0.8288288288288288,0.9986864328384399,0.9625970798384592,256
frailty29_trained_motion_detector,frailty29_outer_oof,file,one_vs_rest,1,19,0.027586206896551724,0.963963963963964,0.6594482064247131,0.9625970798384592,256
frailty29_trained_motion_detector,frailty29_outer_oof,file,one_vs_rest,1,20,0.041379310344827586,0.963963963963964,0.282341793179512,0.9625970798384592,256
frailty29_trained_motion_detector,frailty29_outer_oof,file,one_vs_rest,1,21,0.041379310344827586,0.972972972972973,0.15313400328159332,0.9625970798384592,256
frailty29_trained_motion_detector,frailty29_outer_oof,file,one_vs_rest,1,22,0.2,0.972972972972973,0.00021747485880041495,0.9625970798384592,256
frailty29_trained_motion_detector,frailty29_outer_oof,file,one_vs_rest,1,23,0.2,0.9819819819819819,0.00017550661868881434,0.9625970798384592,256
frailty29_trained_motion_detector,frailty29_outer_oof,file,one_vs_rest,1,24,0.7862068965517242,0.9819819819819819,2.1409998680610443e-06,0.9625970798384592,256
frailty29_trained_motion_detector,frailty29_outer_oof,file,one_vs_rest,1,25,0.7862068965517242,0.990990990990991,1.926175158928345e-06,0.9625970798384592,256
frailty29_trained_motion_detector,frailty29_outer_oof,file,one_vs_rest,1,26,0.8068965517241379,0.990990990990991,1.8687196643440984e-06,0.9625970798384592,256
frailty29_trained_motion_detector,frailty29_outer_oof,file,one_vs_rest,1,27,0.8068965517241379,1.0,1.677541376920999e-06,0.9625970798384592,256
frailty29_trained_motion_detector,frailty29_outer_oof,file,one_vs_rest,1,28,1.0,1.0,2.2560113777103652e-08,0.9625970798384592,256
frailty29_trained_motion_detector,frailty29_outer_oof,file,macro_average_ovr,macro,0,0.0,0.09655172413793103,,0.9619914569742154,256
frailty29_trained_motion_detector,frailty29_outer_oof,file,macro_average_ovr,macro,1,0.005,0.09655172413793103,,0.9619914569742154,256
frailty29_trained_motion_detector,frailty29_outer_oof,file,macro_average_ovr,macro,2,0.01,0.10689655172413794,,0.9619914569742154,256
frailty29_trained_motion_detector,frailty29_outer_oof,file,macro_average_ovr,macro,3,0.015,0.10689655172413794,,0.9619914569742154,256
frailty29_trained_motion_detector,frailty29_outer_oof,file,macro_average_ovr,macro,4,0.02,0.4,,0.9619914569742154,256
frailty29_trained_motion_detector,frailty29_outer_oof,file,macro_average_ovr,macro,5,0.025,0.8144144144144144,,0.9619914569742154,256
frailty29_trained_motion_detector,frailty29_outer_oof,file,macro_average_ovr,macro,6,0.03,0.9612923268095682,,0.9619914569742154,256
frailty29_trained_motion_detector,frailty29_outer_oof,file,macro_average_ovr,macro,7,0.035,0.9612923268095682,,0.9619914569742154,256
frailty29_trained_motion_detector,frailty29_outer_oof,file,macro_average_ovr,macro,8,0.04,0.968188878533706,,0.9619914569742154,256
frailty29_trained_motion_detector,frailty29_outer_oof,file,macro_average_ovr,macro,9,0.045,0.9726933830382106,,0.9619914569742154,256
frailty29_trained_motion_detector,frailty29_outer_oof,file,macro_average_ovr,macro,10,0.05,0.9726933830382106,,0.9619914569742154,256
frailty29_trained_motion_detector,frailty29_outer_oof,file,macro_average_ovr,macro,11,0.055,0.9726933830382106,,0.9619914569742154,256
frailty29_trained_motion_detector,frailty29_outer_oof,file,macro_average_ovr,macro,12,0.06,0.9726933830382106,,0.9619914569742154,256
frailty29_trained_motion_detector,frailty29_outer_oof,file,macro_average_ovr,macro,13,0.065,0.9726933830382106,,0.9619914569742154,256
frailty29_trained_motion_detector,frailty29_outer_oof,file,macro_average_ovr,macro,14,0.07,0.9726933830382106,,0.9619914569742154,256
frailty29_trained_motion_detector,frailty29_outer_oof,file,macro_average_ovr,macro,15,0.075,0.9726933830382106,,0.9619914569742154,256
frailty29_trained_motion_detector,frailty29_outer_oof,file,macro_average_ovr,macro,16,0.08,0.9726933830382106,,0.9619914569742154,256
frailty29_trained_motion_detector,frailty29_outer_oof,file,macro_average_ovr,macro,17,0.085,0.9726933830382106,,0.9619914569742154,256
frailty29_trained_motion_detector,frailty29_outer_oof,file,macro_average_ovr,macro,18,0.09,0.9726933830382106,,0.9619914569742154,256
frailty29_trained_motion_detector,frailty29_outer_oof,file,macro_average_ovr,macro,19,0.095,0.9726933830382106,,0.9619914569742154,256
frailty29_trained_motion_detector,frailty29_outer_oof,file,macro_average_ovr,macro,20,0.1,0.9726933830382106,,0.9619914569742154,256
frailty29_trained_motion_detector,frailty29_outer_oof,file,macro_average_ovr,macro,21,0.105,0.9726933830382106,,0.9619914569742154,256
frailty29_trained_motion_detector,frailty29_outer_oof,file,macro_average_ovr,macro,22,0.11,0.9726933830382106,,0.9619914569742154,256
frailty29_trained_motion_detector,frailty29_outer_oof,file,macro_average_ovr,macro,23,0.115,0.9726933830382106,,0.9619914569742154,256
frailty29_trained_motion_detector,frailty29_outer_oof,file,macro_average_ovr,macro,24,0.12,0.9726933830382106,,0.9619914569742154,256
frailty29_trained_motion_detector,frailty29_outer_oof,file,macro_average_ovr,macro,25,0.125,0.9726933830382106,,0.9619914569742154,256
frailty29_trained_motion_detector,frailty29_outer_oof,file,macro_average_ovr,macro,26,0.13,0.9726933830382106,,0.9619914569742154,256
frailty29_trained_motion_detector,frailty29_outer_oof,file,macro_average_ovr,macro,27,0.135,0.9726933830382106,,0.9619914569742154,256
frailty29_trained_motion_detector,frailty29_outer_oof,file,macro_average_ovr,macro,28,0.14,0.9726933830382106,,0.9619914569742154,256
frailty29_trained_motion_detector,frailty29_outer_oof,file,macro_average_ovr,macro,29,0.145,0.9726933830382106,,0.9619914569742154,256
frailty29_trained_motion_detector,frailty29_outer_oof,file,macro_average_ovr,macro,30,0.15,0.9726933830382106,,0.9619914569742154,256
frailty29_trained_motion_detector,frailty29_outer_oof,file,macro_average_ovr,macro,31,0.155,0.9726933830382106,,0.9619914569742154,256
frailty29_trained_motion_detector,frailty29_outer_oof,file,macro_average_ovr,macro,32,0.16,0.9726933830382106,,0.9619914569742154,256
frailty29_trained_motion_detector,frailty29_outer_oof,file,macro_average_ovr,macro,33,0.165,0.9726933830382106,,0.9619914569742154,256
frailty29_trained_motion_detector,frailty29_outer_oof,file,macro_average_ovr,macro,34,0.17,0.9726933830382106,,0.9619914569742154,256
frailty29_trained_motion_detector,frailty29_outer_oof,file,macro_average_ovr,macro,35,0.17500000000000002,0.9761416589002796,,0.9619914569742154,256
frailty29_trained_motion_detector,frailty29_outer_oof,file,macro_average_ovr,macro,36,0.18,0.9761416589002796,,0.9619914569742154,256
frailty29_trained_motion_detector,frailty29_outer_oof,file,macro_average_ovr,macro,37,0.185,0.9761416589002796,,0.9619914569742154,256
frailty29_trained_motion_detector,frailty29_outer_oof,file,macro_average_ovr,macro,38,0.19,0.9761416589002796,,0.9619914569742154,256
frailty29_trained_motion_detector,frailty29_outer_oof,file,macro_average_ovr,macro,39,0.195,0.9761416589002796,,0.9619914569742154,256
frailty29_trained_motion_detector,frailty29_outer_oof,file,macro_average_ovr,macro,40,0.2,0.980646163404784,,0.9619914569742154,256
frailty29_trained_motion_detector,frailty29_outer_oof,file,macro_average_ovr,macro,41,0.20500000000000002,0.980646163404784,,0.9619914569742154,256
frailty29_trained_motion_detector,frailty29_outer_oof,file,macro_average_ovr,macro,42,0.21,0.980646163404784,,0.9619914569742154,256
frailty29_trained_motion_detector,frailty29_outer_oof,file,macro_average_ovr,macro,43,0.215,0.980646163404784,,0.9619914569742154,256
frailty29_trained_motion_detector,frailty29_outer_oof,file,macro_average_ovr,macro,44,0.22,0.980646163404784,,0.9619914569742154,256
frailty29_trained_motion_detector,frailty29_outer_oof,file,macro_average_ovr,macro,45,0.225,0.980646163404784,,0.9619914569742154,256
frailty29_trained_motion_detector,frailty29_outer_oof,file,macro_average_ovr,macro,46,0.23,0.980646163404784,,0.9619914569742154,256
frailty29_trained_motion_detector,frailty29_outer_oof,file,macro_average_ovr,macro,47,0.23500000000000001,0.980646163404784,,0.9619914569742154,256
frailty29_trained_motion_detector,frailty29_outer_oof,file,macro_average_ovr,macro,48,0.24,0.980646163404784,,0.9619914569742154,256
frailty29_trained_motion_detector,frailty29_outer_oof,file,macro_average_ovr,macro,49,0.245,0.980646163404784,,0.9619914569742154,256
frailty29_trained_motion_detector,frailty29_outer_oof,file,macro_average_ovr,macro,50,0.25,0.980646163404784,,0.9619914569742154,256
frailty29_trained_motion_detector,frailty29_outer_oof,file,macro_average_ovr,macro,51,0.255,0.980646163404784,,0.9619914569742154,256
frailty29_trained_motion_detector,frailty29_outer_oof,file,macro_average_ovr,macro,52,0.26,0.980646163404784,,0.9619914569742154,256
frailty29_trained_motion_detector,frailty29_outer_oof,file,macro_average_ovr,macro,53,0.265,0.980646163404784,,0.9619914569742154,256
frailty29_trained_motion_detector,frailty29_outer_oof,file,macro_average_ovr,macro,54,0.27,0.980646163404784,,0.9619914569742154,256
frailty29_trained_motion_detector,frailty29_outer_oof,file,macro_average_ovr,macro,55,0.275,0.980646163404784,,0.9619914569742154,256
frailty29_trained_motion_detector,frailty29_outer_oof,file,macro_average_ovr,macro,56,0.28,0.980646163404784,,0.9619914569742154,256
frailty29_trained_motion_detector,frailty29_outer_oof,file,macro_average_ovr,macro,57,0.28500000000000003,0.980646163404784,,0.9619914569742154,256
frailty29_trained_motion_detector,frailty29_outer_oof,file,macro_average_ovr,macro,58,0.29,0.980646163404784,,0.9619914569742154,256
frailty29_trained_motion_detector,frailty29_outer_oof,file,macro_average_ovr,macro,59,0.295,0.980646163404784,,0.9619914569742154,256
frailty29_trained_motion_detector,frailty29_outer_oof,file,macro_average_ovr,macro,60,0.3,0.980646163404784,,0.9619914569742154,256
frailty29_trained_motion_detector,frailty29_outer_oof,file,macro_average_ovr,macro,61,0.305,0.980646163404784,,0.9619914569742154,256
frailty29_trained_motion_detector,frailty29_outer_oof,file,macro_average_ovr,macro,62,0.31,0.980646163404784,,0.9619914569742154,256
frailty29_trained_motion_detector,frailty29_outer_oof,file,macro_average_ovr,macro,63,0.315,0.980646163404784,,0.9619914569742154,256
frailty29_trained_motion_detector,frailty29_outer_oof,file,macro_average_ovr,macro,64,0.32,0.980646163404784,,0.9619914569742154,256
frailty29_trained_motion_detector,frailty29_outer_oof,file,macro_average_ovr,macro,65,0.325,0.980646163404784,,0.9619914569742154,256
frailty29_trained_motion_detector,frailty29_outer_oof,file,macro_average_ovr,macro,66,0.33,0.980646163404784,,0.9619914569742154,256
frailty29_trained_motion_detector,frailty29_outer_oof,file,macro_average_ovr,macro,67,0.335,0.980646163404784,,0.9619914569742154,256
frailty29_trained_motion_detector,frailty29_outer_oof,file,macro_average_ovr,macro,68,0.34,0.980646163404784,,0.9619914569742154,256
frailty29_trained_motion_detector,frailty29_outer_oof,file,macro_average_ovr,macro,69,0.34500000000000003,0.980646163404784,,0.9619914569742154,256
frailty29_trained_motion_detector,frailty29_outer_oof,file,macro_average_ovr,macro,70,0.35000000000000003,0.980646163404784,,0.9619914569742154,256
frailty29_trained_motion_detector,frailty29_outer_oof,file,macro_average_ovr,macro,71,0.355,0.980646163404784,,0.9619914569742154,256
frailty29_trained_motion_detector,frailty29_outer_oof,file,macro_average_ovr,macro,72,0.36,0.980646163404784,,0.9619914569742154,256
frailty29_trained_motion_detector,frailty29_outer_oof,file,macro_average_ovr,macro,73,0.365,0.980646163404784,,0.9619914569742154,256
frailty29_trained_motion_detector,frailty29_outer_oof,file,macro_average_ovr,macro,74,0.37,0.980646163404784,,0.9619914569742154,256
frailty29_trained_motion_detector,frailty29_outer_oof,file,macro_average_ovr,macro,75,0.375,0.980646163404784,,0.9619914569742154,256
frailty29_trained_motion_detector,frailty29_outer_oof,file,macro_average_ovr,macro,76,0.38,0.980646163404784,,0.9619914569742154,256
frailty29_trained_motion_detector,frailty29_outer_oof,file,macro_average_ovr,macro,77,0.385,0.980646163404784,,0.9619914569742154,256
frailty29_trained_motion_detector,frailty29_outer_oof,file,macro_average_ovr,macro,78,0.39,0.980646163404784,,0.9619914569742154,256
frailty29_trained_motion_detector,frailty29_outer_oof,file,macro_average_ovr,macro,79,0.395,0.980646163404784,,0.9619914569742154,256
frailty29_trained_motion_detector,frailty29_outer_oof,file,macro_average_ovr,macro,80,0.4,0.980646163404784,,0.9619914569742154,256
frailty29_trained_motion_detector,frailty29_outer_oof,file,macro_average_ovr,macro,81,0.405,0.980646163404784,,0.9619914569742154,256
frailty29_trained_motion_detector,frailty29_outer_oof,file,macro_average_ovr,macro,82,0.41000000000000003,0.980646163404784,,0.9619914569742154,256
frailty29_trained_motion_detector,frailty29_outer_oof,file,macro_average_ovr,macro,83,0.41500000000000004,0.980646163404784,,0.9619914569742154,256
frailty29_trained_motion_detector,frailty29_outer_oof,file,macro_average_ovr,macro,84,0.42,0.980646163404784,,0.9619914569742154,256
frailty29_trained_motion_detector,frailty29_outer_oof,file,macro_average_ovr,macro,85,0.425,0.980646163404784,,0.9619914569742154,256
frailty29_trained_motion_detector,frailty29_outer_oof,file,macro_average_ovr,macro,86,0.43,0.980646163404784,,0.9619914569742154,256
frailty29_trained_motion_detector,frailty29_outer_oof,file,macro_average_ovr,macro,87,0.435,0.980646163404784,,0.9619914569742154,256
frailty29_trained_motion_detector,frailty29_outer_oof,file,macro_average_ovr,macro,88,0.44,0.980646163404784,,0.9619914569742154,256
frailty29_trained_motion_detector,frailty29_outer_oof,file,macro_average_ovr,macro,89,0.445,0.980646163404784,,0.9619914569742154,256
frailty29_trained_motion_detector,frailty29_outer_oof,file,macro_average_ovr,macro,90,0.45,0.980646163404784,,0.9619914569742154,256
frailty29_trained_motion_detector,frailty29_outer_oof,file,macro_average_ovr,macro,91,0.455,0.980646163404784,,0.9619914569742154,256
frailty29_trained_motion_detector,frailty29_outer_oof,file,macro_average_ovr,macro,92,0.46,0.980646163404784,,0.9619914569742154,256
frailty29_trained_motion_detector,frailty29_outer_oof,file,macro_average_ovr,macro,93,0.465,0.980646163404784,,0.9619914569742154,256
frailty29_trained_motion_detector,frailty29_outer_oof,file,macro_average_ovr,macro,94,0.47000000000000003,0.980646163404784,,0.9619914569742154,256
frailty29_trained_motion_detector,frailty29_outer_oof,file,macro_average_ovr,macro,95,0.47500000000000003,0.980646163404784,,0.9619914569742154,256
frailty29_trained_motion_detector,frailty29_outer_oof,file,macro_average_ovr,macro,96,0.48,0.980646163404784,,0.9619914569742154,256
frailty29_trained_motion_detector,frailty29_outer_oof,file,macro_average_ovr,macro,97,0.485,0.980646163404784,,0.9619914569742154,256
frailty29_trained_motion_detector,frailty29_outer_oof,file,macro_average_ovr,macro,98,0.49,0.980646163404784,,0.9619914569742154,256
frailty29_trained_motion_detector,frailty29_outer_oof,file,macro_average_ovr,macro,99,0.495,0.980646163404784,,0.9619914569742154,256
frailty29_trained_motion_detector,frailty29_outer_oof,file,macro_average_ovr,macro,100,0.5,0.980646163404784,,0.9619914569742154,256
frailty29_trained_motion_detector,frailty29_outer_oof,file,macro_average_ovr,macro,101,0.505,0.980646163404784,,0.9619914569742154,256
frailty29_trained_motion_detector,frailty29_outer_oof,file,macro_average_ovr,macro,102,0.51,0.980646163404784,,0.9619914569742154,256
frailty29_trained_motion_detector,frailty29_outer_oof,file,macro_average_ovr,macro,103,0.515,0.980646163404784,,0.9619914569742154,256
frailty29_trained_motion_detector,frailty29_outer_oof,file,macro_average_ovr,macro,104,0.52,0.980646163404784,,0.9619914569742154,256
frailty29_trained_motion_detector,frailty29_outer_oof,file,macro_average_ovr,macro,105,0.525,0.980646163404784,,0.9619914569742154,256
frailty29_trained_motion_detector,frailty29_outer_oof,file,macro_average_ovr,macro,106,0.53,0.980646163404784,,0.9619914569742154,256
frailty29_trained_motion_detector,frailty29_outer_oof,file,macro_average_ovr,macro,107,0.535,0.980646163404784,,0.9619914569742154,256
frailty29_trained_motion_detector,frailty29_outer_oof,file,macro_average_ovr,macro,108,0.54,0.980646163404784,,0.9619914569742154,256
frailty29_trained_motion_detector,frailty29_outer_oof,file,macro_average_ovr,macro,109,0.545,0.980646163404784,,0.9619914569742154,256
frailty29_trained_motion_detector,frailty29_outer_oof,file,macro_average_ovr,macro,110,0.55,0.980646163404784,,0.9619914569742154,256
frailty29_trained_motion_detector,frailty29_outer_oof,file,macro_average_ovr,macro,111,0.555,0.980646163404784,,0.9619914569742154,256
frailty29_trained_motion_detector,frailty29_outer_oof,file,macro_average_ovr,macro,112,0.56,0.980646163404784,,0.9619914569742154,256
frailty29_trained_motion_detector,frailty29_outer_oof,file,macro_average_ovr,macro,113,0.5650000000000001,0.980646163404784,,0.9619914569742154,256
frailty29_trained_motion_detector,frailty29_outer_oof,file,macro_average_ovr,macro,114,0.5700000000000001,0.980646163404784,,0.9619914569742154,256
frailty29_trained_motion_detector,frailty29_outer_oof,file,macro_average_ovr,macro,115,0.5750000000000001,0.980646163404784,,0.9619914569742154,256
frailty29_trained_motion_detector,frailty29_outer_oof,file,macro_average_ovr,macro,116,0.58,0.980646163404784,,0.9619914569742154,256
frailty29_trained_motion_detector,frailty29_outer_oof,file,macro_average_ovr,macro,117,0.585,0.980646163404784,,0.9619914569742154,256
frailty29_trained_motion_detector,frailty29_outer_oof,file,macro_average_ovr,macro,118,0.59,0.980646163404784,,0.9619914569742154,256
frailty29_trained_motion_detector,frailty29_outer_oof,file,macro_average_ovr,macro,119,0.595,0.980646163404784,,0.9619914569742154,256
frailty29_trained_motion_detector,frailty29_outer_oof,file,macro_average_ovr,macro,120,0.6,0.980646163404784,,0.9619914569742154,256
frailty29_trained_motion_detector,frailty29_outer_oof,file,macro_average_ovr,macro,121,0.605,0.980646163404784,,0.9619914569742154,256
frailty29_trained_motion_detector,frailty29_outer_oof,file,macro_average_ovr,macro,122,0.61,0.980646163404784,,0.9619914569742154,256
frailty29_trained_motion_detector,frailty29_outer_oof,file,macro_average_ovr,macro,123,0.615,0.980646163404784,,0.9619914569742154,256
frailty29_trained_motion_detector,frailty29_outer_oof,file,macro_average_ovr,macro,124,0.62,0.980646163404784,,0.9619914569742154,256
frailty29_trained_motion_detector,frailty29_outer_oof,file,macro_average_ovr,macro,125,0.625,0.980646163404784,,0.9619914569742154,256
frailty29_trained_motion_detector,frailty29_outer_oof,file,macro_average_ovr,macro,126,0.63,0.980646163404784,,0.9619914569742154,256
frailty29_trained_motion_detector,frailty29_outer_oof,file,macro_average_ovr,macro,127,0.635,0.980646163404784,,0.9619914569742154,256
frailty29_trained_motion_detector,frailty29_outer_oof,file,macro_average_ovr,macro,128,0.64,0.980646163404784,,0.9619914569742154,256
frailty29_trained_motion_detector,frailty29_outer_oof,file,macro_average_ovr,macro,129,0.645,0.980646163404784,,0.9619914569742154,256
frailty29_trained_motion_detector,frailty29_outer_oof,file,macro_average_ovr,macro,130,0.65,0.980646163404784,,0.9619914569742154,256
frailty29_trained_motion_detector,frailty29_outer_oof,file,macro_average_ovr,macro,131,0.655,0.980646163404784,,0.9619914569742154,256
frailty29_trained_motion_detector,frailty29_outer_oof,file,macro_average_ovr,macro,132,0.66,0.980646163404784,,0.9619914569742154,256
frailty29_trained_motion_detector,frailty29_outer_oof,file,macro_average_ovr,macro,133,0.665,0.980646163404784,,0.9619914569742154,256
frailty29_trained_motion_detector,frailty29_outer_oof,file,macro_average_ovr,macro,134,0.67,0.980646163404784,,0.9619914569742154,256
frailty29_trained_motion_detector,frailty29_outer_oof,file,macro_average_ovr,macro,135,0.675,0.980646163404784,,0.9619914569742154,256
frailty29_trained_motion_detector,frailty29_outer_oof,file,macro_average_ovr,macro,136,0.68,0.980646163404784,,0.9619914569742154,256
frailty29_trained_motion_detector,frailty29_outer_oof,file,macro_average_ovr,macro,137,0.685,0.980646163404784,,0.9619914569742154,256
frailty29_trained_motion_detector,frailty29_outer_oof,file,macro_average_ovr,macro,138,0.6900000000000001,0.980646163404784,,0.9619914569742154,256
frailty29_trained_motion_detector,frailty29_outer_oof,file,macro_average_ovr,macro,139,0.6950000000000001,0.980646163404784,,0.9619914569742154,256
frailty29_trained_motion_detector,frailty29_outer_oof,file,macro_average_ovr,macro,140,0.7000000000000001,0.980646163404784,,0.9619914569742154,256
frailty29_trained_motion_detector,frailty29_outer_oof,file,macro_average_ovr,macro,141,0.705,0.980646163404784,,0.9619914569742154,256
frailty29_trained_motion_detector,frailty29_outer_oof,file,macro_average_ovr,macro,142,0.71,0.980646163404784,,0.9619914569742154,256
frailty29_trained_motion_detector,frailty29_outer_oof,file,macro_average_ovr,macro,143,0.715,0.980646163404784,,0.9619914569742154,256
frailty29_trained_motion_detector,frailty29_outer_oof,file,macro_average_ovr,macro,144,0.72,0.980646163404784,,0.9619914569742154,256
frailty29_trained_motion_detector,frailty29_outer_oof,file,macro_average_ovr,macro,145,0.725,0.980646163404784,,0.9619914569742154,256
frailty29_trained_motion_detector,frailty29_outer_oof,file,macro_average_ovr,macro,146,0.73,0.980646163404784,,0.9619914569742154,256
frailty29_trained_motion_detector,frailty29_outer_oof,file,macro_average_ovr,macro,147,0.735,0.980646163404784,,0.9619914569742154,256
frailty29_trained_motion_detector,frailty29_outer_oof,file,macro_average_ovr,macro,148,0.74,0.980646163404784,,0.9619914569742154,256
frailty29_trained_motion_detector,frailty29_outer_oof,file,macro_average_ovr,macro,149,0.745,0.980646163404784,,0.9619914569742154,256
frailty29_trained_motion_detector,frailty29_outer_oof,file,macro_average_ovr,macro,150,0.75,0.980646163404784,,0.9619914569742154,256
frailty29_trained_motion_detector,frailty29_outer_oof,file,macro_average_ovr,macro,151,0.755,0.980646163404784,,0.9619914569742154,256
frailty29_trained_motion_detector,frailty29_outer_oof,file,macro_average_ovr,macro,152,0.76,0.980646163404784,,0.9619914569742154,256
frailty29_trained_motion_detector,frailty29_outer_oof,file,macro_average_ovr,macro,153,0.765,0.980646163404784,,0.9619914569742154,256
frailty29_trained_motion_detector,frailty29_outer_oof,file,macro_average_ovr,macro,154,0.77,0.980646163404784,,0.9619914569742154,256
frailty29_trained_motion_detector,frailty29_outer_oof,file,macro_average_ovr,macro,155,0.775,0.980646163404784,,0.9619914569742154,256
frailty29_trained_motion_detector,frailty29_outer_oof,file,macro_average_ovr,macro,156,0.78,0.980646163404784,,0.9619914569742154,256
frailty29_trained_motion_detector,frailty29_outer_oof,file,macro_average_ovr,macro,157,0.785,0.980646163404784,,0.9619914569742154,256
frailty29_trained_motion_detector,frailty29_outer_oof,file,macro_average_ovr,macro,158,0.79,0.9851506679092885,,0.9619914569742154,256
frailty29_trained_motion_detector,frailty29_outer_oof,file,macro_average_ovr,macro,159,0.795,0.9851506679092885,,0.9619914569742154,256
frailty29_trained_motion_detector,frailty29_outer_oof,file,macro_average_ovr,macro,160,0.8,0.9851506679092885,,0.9619914569742154,256
frailty29_trained_motion_detector,frailty29_outer_oof,file,macro_average_ovr,macro,161,0.805,0.9851506679092885,,0.9619914569742154,256
frailty29_trained_motion_detector,frailty29_outer_oof,file,macro_average_ovr,macro,162,0.81,0.9896551724137931,,0.9619914569742154,256
frailty29_trained_motion_detector,frailty29_outer_oof,file,macro_average_ovr,macro,163,0.8150000000000001,0.9896551724137931,,0.9619914569742154,256
frailty29_trained_motion_detector,frailty29_outer_oof,file,macro_average_ovr,macro,164,0.8200000000000001,0.9896551724137931,,0.9619914569742154,256
frailty29_trained_motion_detector,frailty29_outer_oof,file,macro_average_ovr,macro,165,0.8250000000000001,0.9896551724137931,,0.9619914569742154,256
frailty29_trained_motion_detector,frailty29_outer_oof,file,macro_average_ovr,macro,166,0.8300000000000001,0.9896551724137931,,0.9619914569742154,256
frailty29_trained_motion_detector,frailty29_outer_oof,file,macro_average_ovr,macro,167,0.835,0.9896551724137931,,0.9619914569742154,256
frailty29_trained_motion_detector,frailty29_outer_oof,file,macro_average_ovr,macro,168,0.84,0.9896551724137931,,0.9619914569742154,256
frailty29_trained_motion_detector,frailty29_outer_oof,file,macro_average_ovr,macro,169,0.845,0.9896551724137931,,0.9619914569742154,256
frailty29_trained_motion_detector,frailty29_outer_oof,file,macro_average_ovr,macro,170,0.85,0.9896551724137931,,0.9619914569742154,256
frailty29_trained_motion_detector,frailty29_outer_oof,file,macro_average_ovr,macro,171,0.855,0.9896551724137931,,0.9619914569742154,256
frailty29_trained_motion_detector,frailty29_outer_oof,file,macro_average_ovr,macro,172,0.86,0.9896551724137931,,0.9619914569742154,256
frailty29_trained_motion_detector,frailty29_outer_oof,file,macro_average_ovr,macro,173,0.865,0.9896551724137931,,0.9619914569742154,256
frailty29_trained_motion_detector,frailty29_outer_oof,file,macro_average_ovr,macro,174,0.87,0.9896551724137931,,0.9619914569742154,256
frailty29_trained_motion_detector,frailty29_outer_oof,file,macro_average_ovr,macro,175,0.875,0.9896551724137931,,0.9619914569742154,256
frailty29_trained_motion_detector,frailty29_outer_oof,file,macro_average_ovr,macro,176,0.88,0.9896551724137931,,0.9619914569742154,256
frailty29_trained_motion_detector,frailty29_outer_oof,file,macro_average_ovr,macro,177,0.885,0.9896551724137931,,0.9619914569742154,256
frailty29_trained_motion_detector,frailty29_outer_oof,file,macro_average_ovr,macro,178,0.89,0.9896551724137931,,0.9619914569742154,256
frailty29_trained_motion_detector,frailty29_outer_oof,file,macro_average_ovr,macro,179,0.895,0.9896551724137931,,0.9619914569742154,256
frailty29_trained_motion_detector,frailty29_outer_oof,file,macro_average_ovr,macro,180,0.9,0.9896551724137931,,0.9619914569742154,256
frailty29_trained_motion_detector,frailty29_outer_oof,file,macro_average_ovr,macro,181,0.905,0.9896551724137931,,0.9619914569742154,256
frailty29_trained_motion_detector,frailty29_outer_oof,file,macro_average_ovr,macro,182,0.91,0.9896551724137931,,0.9619914569742154,256
frailty29_trained_motion_detector,frailty29_outer_oof,file,macro_average_ovr,macro,183,0.915,0.9896551724137931,,0.9619914569742154,256
frailty29_trained_motion_detector,frailty29_outer_oof,file,macro_average_ovr,macro,184,0.92,0.9896551724137931,,0.9619914569742154,256
frailty29_trained_motion_detector,frailty29_outer_oof,file,macro_average_ovr,macro,185,0.925,0.9896551724137931,,0.9619914569742154,256
frailty29_trained_motion_detector,frailty29_outer_oof,file,macro_average_ovr,macro,186,0.93,0.9896551724137931,,0.9619914569742154,256
frailty29_trained_motion_detector,frailty29_outer_oof,file,macro_average_ovr,macro,187,0.935,0.9896551724137931,,0.9619914569742154,256
frailty29_trained_motion_detector,frailty29_outer_oof,file,macro_average_ovr,macro,188,0.9400000000000001,0.9896551724137931,,0.9619914569742154,256
frailty29_trained_motion_detector,frailty29_outer_oof,file,macro_average_ovr,macro,189,0.9450000000000001,0.9896551724137931,,0.9619914569742154,256
frailty29_trained_motion_detector,frailty29_outer_oof,file,macro_average_ovr,macro,190,0.9500000000000001,0.9896551724137931,,0.9619914569742154,256
frailty29_trained_motion_detector,frailty29_outer_oof,file,macro_average_ovr,macro,191,0.9550000000000001,0.9896551724137931,,0.9619914569742154,256
frailty29_trained_motion_detector,frailty29_outer_oof,file,macro_average_ovr,macro,192,0.96,0.9896551724137931,,0.9619914569742154,256
frailty29_trained_motion_detector,frailty29_outer_oof,file,macro_average_ovr,macro,193,0.965,0.9896551724137931,,0.9619914569742154,256
frailty29_trained_motion_detector,frailty29_outer_oof,file,macro_average_ovr,macro,194,0.97,0.9896551724137931,,0.9619914569742154,256
frailty29_trained_motion_detector,frailty29_outer_oof,file,macro_average_ovr,macro,195,0.975,0.9896551724137931,,0.9619914569742154,256
frailty29_trained_motion_detector,frailty29_outer_oof,file,macro_average_ovr,macro,196,0.98,0.9896551724137931,,0.9619914569742154,256
frailty29_trained_motion_detector,frailty29_outer_oof,file,macro_average_ovr,macro,197,0.985,0.9896551724137931,,0.9619914569742154,256
frailty29_trained_motion_detector,frailty29_outer_oof,file,macro_average_ovr,macro,198,0.99,0.9896551724137931,,0.9619914569742154,256
frailty29_trained_motion_detector,frailty29_outer_oof,file,macro_average_ovr,macro,199,0.995,0.9896551724137931,,0.9619914569742154,256
frailty29_trained_motion_detector,frailty29_outer_oof,file,macro_average_ovr,macro,200,1.0,1.0,,0.9619914569742154,256
frailty29_trained_motion_detector,frailty29_outer_oof,window,one_vs_rest,0,0,0.0,0.0,,0.9611526767684195,21785
frailty29_trained_motion_detector,frailty29_outer_oof,window,one_vs_rest,0,1,0.0,4.702120656416044e-05,0.9999999810386431,0.9611526767684195,21785
frailty29_trained_motion_detector,frailty29_outer_oof,window,one_vs_rest,0,2,0.0,0.01636337988432783,0.9999999637915771,0.9611526767684195,21785
frailty29_trained_motion_detector,frailty29_outer_oof,window,one_vs_rest,0,3,0.0,0.016457422297456153,0.9999999637696817,0.9611526767684195,21785
frailty29_trained_motion_detector,frailty29_outer_oof,window,one_vs_rest,0,4,0.0,0.017774016081252644,0.999999963423484,0.9611526767684195,21785
frailty29_trained_motion_detector,frailty29_outer_oof,window,one_vs_rest,0,5,0.0,0.017868058494380966,0.9999999634077135,0.9611526767684195,21785
frailty29_trained_motion_detector,frailty29_outer_oof,window,one_vs_rest,0,6,0.0,0.08929327126534067,0.9999997562029819,0.9611526767684195,21785
frailty29_trained_motion_detector,frailty29_outer_oof,window,one_vs_rest,0,7,0.0019305019305019305,0.08929327126534067,0.9999997556993492,0.9611526767684195,21785
frailty29_trained_motion_detector,frailty29_outer_oof,window,one_vs_rest,0,8,0.0019305019305019305,0.08938731367846899,0.9999997548142687,0.9611526767684195,21785
frailty29_trained_motion_detector,frailty29_outer_oof,window,one_vs_rest,0,9,0.003861003861003861,0.08938731367846899,0.9999997542892345,0.9611526767684195,21785
frailty29_trained_motion_detector,frailty29_outer_oof,window,one_vs_rest,0,10,0.003861003861003861,0.09399539192175671,0.9999997167257391,0.9611526767684195,21785
frailty29_trained_motion_detector,frailty29_outer_oof,window,one_vs_rest,0,11,0.005791505791505791,0.09399539192175671,0.9999997166189871,0.9611526767684195,21785
frailty29_trained_motion_detector,frailty29_outer_oof,window,one_vs_rest,0,12,0.005791505791505791,0.09592326139088729,0.9999997011629205,0.9611526767684195,21785
frailty29_trained_motion_detector,frailty29_outer_oof,window,one_vs_rest,0,13,0.007722007722007722,0.09592326139088729,0.9999996999872849,0.9611526767684195,21785
frailty29_trained_motion_detector,frailty29_outer_oof,window,one_vs_rest,0,14,0.007722007722007722,0.10598579959561763,0.9999995913203463,0.9611526767684195,21785
frailty29_trained_motion_detector,frailty29_outer_oof,window,one_vs_rest,0,15,0.009652509652509652,0.10598579959561763,0.9999995903510808,0.9611526767684195,21785
frailty29_trained_motion_detector,frailty29_outer_oof,window,one_vs_rest,0,16,0.009652509652509652,0.14802275826397707,0.9999991036871734,0.9611526767684195,21785
frailty29_trained_motion_detector,frailty29_outer_oof,window,one_vs_rest,0,17,0.009652509652509652,0.14811680067710536,0.9999991031484683,0.9611526767684195,21785
frailty29_trained_motion_detector,frailty29_outer_oof,window,one_vs_rest,0,18,0.009652509652509652,0.16339869281045752,0.9999989627191326,0.9611526767684195,21785
frailty29_trained_motion_detector,frailty29_outer_oof,window,one_vs_rest,0,19,0.009652509652509652,0.16349273522358584,0.9999989621996974,0.9611526767684195,21785
frailty29_trained_motion_detector,frailty29_outer_oof,window,one_vs_rest,0,20,0.009652509652509652,0.19814736446137207,0.9999983721983199,0.9611526767684195,21785
frailty29_trained_motion_detector,frailty29_outer_oof,window,one_vs_rest,0,21,0.009652509652509652,0.1982414068745004,0.9999983721176022,0.9611526767684195,21785
frailty29_trained_motion_detector,frailty29_outer_oof,window,one_vs_rest,0,22,0.009652509652509652,0.20078055202896505,0.9999983224698781,0.9611526767684195,21785
frailty29_trained_motion_detector,frailty29_outer_oof,window,one_vs_rest,0,23,0.011583011583011582,0.20078055202896505,0.9999983224586231,0.9611526767684195,21785
frailty29_trained_motion_detector,frailty29_outer_oof,window,one_vs_rest,0,24,0.011583011583011582,0.22532562185545682,0.9999976847295784,0.9611526767684195,21785
frailty29_trained_motion_detector,frailty29_outer_oof,window,one_vs_rest,0,25,0.011583011583011582,0.22541966426858512,0.9999976832848461,0.9611526767684195,21785
frailty29_trained_motion_detector,frailty29_outer_oof,window,one_vs_rest,0,26,0.011583011583011582,0.25880472092913903,0.9999964484482007,0.9611526767684195,21785
frailty29_trained_motion_detector,frailty29_outer_oof,window,one_vs_rest,0,27,0.013513513513513514,0.25880472092913903,0.9999964476623973,0.9611526767684195,21785
frailty29_trained_motion_detector,frailty29_outer_oof,window,one_vs_rest,0,28,0.013513513513513514,0.32971270042789297,0.9999906442108113,0.9611526767684195,21785
frailty29_trained_motion_detector,frailty29_outer_oof,window,one_vs_rest,0,29,0.013513513513513514,0.3298067428410213,0.999990644175341,0.9611526767684195,21785
frailty29_trained_motion_detector,frailty29_outer_oof,window,one_vs_rest,0,30,0.013513513513513514,0.38834814501340104,0.9999869940120334,0.9611526767684195,21785
frailty29_trained_motion_detector,frailty29_outer_oof,window,one_vs_rest,0,31,0.013513513513513514,0.38844218742652936,0.9999869933426453,0.9611526767684195,21785
frailty29_trained_motion_detector,frailty29_outer_oof,window,one_vs_rest,0,32,0.013513513513513514,0.3985047256312597,0.9999864539768168,0.9611526767684195,21785
frailty29_trained_motion_detector,frailty29_outer_oof,window,one_vs_rest,0,33,0.013513513513513514,0.39859876804438804,0.9999864464170969,0.9611526767684195,21785
frailty29_trained_motion_detector,frailty29_outer_oof,window,one_vs_rest,0,34,0.013513513513513514,0.39977429820849203,0.9999863520561121,0.9611526767684195,21785
frailty29_trained_motion_detector,frailty29_outer_oof,window,one_vs_rest,0,35,0.013513513513513514,0.39986834062162036,0.9999863509892748,0.9611526767684195,21785
frailty29_trained_motion_detector,frailty29_outer_oof,window,one_vs_rest,0,36,0.013513513513513514,0.4600084638171815,0.999982351606377,0.9611526767684195,21785
frailty29_trained_motion_detector,frailty29_outer_oof,window,one_vs_rest,0,37,0.013513513513513514,0.46010250623030985,0.9999823414364073,0.9611526767684195,21785
frailty29_trained_motion_detector,frailty29_outer_oof,window,one_vs_rest,0,38,0.013513513513513514,0.49861287440635726,0.9999791706795804,0.9611526767684195,21785
frailty29_trained_motion_detector,frailty29_outer_oof,window,one_vs_rest,0,39,0.013513513513513514,0.4987069168194856,0.9999791668851685,0.9611526767684195,21785
frailty29_trained_motion_detector,frailty29_outer_oof,window,one_vs_rest,0,40,0.013513513513513514,0.5188319932289462,0.9999763185533084,0.9611526767684195,21785
frailty29_trained_motion_detector,frailty29_outer_oof,window,one_vs_rest,0,41,0.013513513513513514,0.5189260356420746,0.9999763004598208,0.9611526767684195,21785
frailty29_trained_motion_detector,frailty29_outer_oof,window,one_vs_rest,0,42,0.013513513513513514,0.537217284995533,0.9999732370488346,0.9611526767684195,21785
frailty29_trained_motion_detector,frailty29_outer_oof,window,one_vs_rest,0,43,0.013513513513513514,0.5373113274086613,0.999973230103933,0.9611526767684195,21785
frailty29_trained_motion_detector,frailty29_outer_oof,window,one_vs_rest,0,44,0.013513513513513514,0.5409319603141016,0.9999726934620412,0.9611526767684195,21785
frailty29_trained_motion_detector,frailty29_outer_oof,window,one_vs_rest,0,45,0.013513513513513514,0.54102600272723,0.9999726899422967,0.9611526767684195,21785
frailty29_trained_motion_detector,frailty29_outer_oof,window,one_vs_rest,0,46,0.013513513513513514,0.5486904593971881,0.9999713393335696,0.9611526767684195,21785
frailty29_trained_motion_detector,frailty29_outer_oof,window,one_vs_rest,0,47,0.015444015444015444,0.5486904593971881,0.9999713125089329,0.9611526767684195,21785
frailty29_trained_motion_detector,frailty29_outer_oof,window,one_vs_rest,0,48,0.015444015444015444,0.594959326656322,0.9999613354666508,0.9611526767684195,21785
frailty29_trained_motion_detector,frailty29_outer_oof,window,one_vs_rest,0,49,0.015444015444015444,0.5950533690694503,0.9999613091313222,0.9611526767684195,21785
frailty29_trained_motion_detector,frailty29_outer_oof,window,one_vs_rest,0,50,0.015444015444015444,0.6113227065406498,0.9999570116633549,0.9611526767684195,21785
frailty29_trained_motion_detector,frailty29_outer_oof,window,one_vs_rest,0,51,0.015444015444015444,0.6114167489537782,0.9999569844731013,0.9611526767684195,21785
frailty29_trained_motion_detector,frailty29_outer_oof,window,one_vs_rest,0,52,0.015444015444015444,0.6224667324963559,0.999953522321448,0.9611526767684195,21785
frailty29_trained_motion_detector,frailty29_outer_oof,window,one_vs_rest,0,53,0.015444015444015444,0.6225607749094841,0.999953484715661,0.9611526767684195,21785
frailty29_trained_motion_detector,frailty29_outer_oof,window,one_vs_rest,0,54,0.015444015444015444,0.6426858513189448,0.9999460024628206,0.9611526767684195,21785
frailty29_trained_motion_detector,frailty29_outer_oof,window,one_vs_rest,0,55,0.015444015444015444,0.6427798937320731,0.9999459971040778,0.9611526767684195,21785
frailty29_trained_motion_detector,frailty29_outer_oof,window,one_vs_rest,0,56,0.015444015444015444,0.7050829924295857,0.9999087058458827,0.9611526767684195,21785
frailty29_trained_motion_detector,frailty29_outer_oof,window,one_vs_rest,0,57,0.017374517374517374,0.7050829924295857,0.9999086976604303,0.9611526767684195,21785
frailty29_trained_motion_detector,frailty29_outer_oof,window,one_vs_rest,0,58,0.017374517374517374,0.7646118399398129,0.9998244947200874,0.9611526767684195,21785
frailty29_trained_motion_detector,frailty29_outer_oof,window,one_vs_rest,0,59,0.019305019305019305,0.7646118399398129,0.9998244933813112,0.9611526767684195,21785
frailty29_trained_motion_detector,frailty29_outer_oof,window,one_vs_rest,0,60,0.019305019305019305,0.7839375558376828,0.9997695438505616,0.9611526767684195,21785
frailty29_trained_motion_detector,frailty29_outer_oof,window,one_vs_rest,0,61,0.019305019305019305,0.7840315982508111,0.9997694932972081,0.9611526767684195,21785
frailty29_trained_motion_detector,frailty29_outer_oof,window,one_vs_rest,0,62,0.019305019305019305,0.8235294117647058,0.9995628337783273,0.9611526767684195,21785
frailty29_trained_motion_detector,frailty29_outer_oof,window,one_vs_rest,0,63,0.021235521235521235,0.8235294117647058,0.999562515236903,0.9611526767684195,21785
frailty29_trained_motion_detector,frailty29_outer_oof,window,one_vs_rest,0,64,0.021235521235521235,0.8398927916490337,0.9994049180531874,0.9611526767684195,21785
frailty29_trained_motion_detector,frailty29_outer_oof,window,one_vs_rest,0,65,0.021235521235521235,0.839986834062162,0.9994049035594799,0.9611526767684195,21785
frailty29_trained_motion_detector,frailty29_outer_oof,window,one_vs_rest,0,66,0.021235521235521235,0.8468989514270936,0.9993152135284618,0.9611526767684195,21785
frailty29_trained_motion_detector,frailty29_outer_oof,window,one_vs_rest,0,67,0.023166023166023165,0.8468989514270936,0.9993139188154601,0.9611526767684195,21785
frailty29_trained_motion_detector,frailty29_outer_oof,window,one_vs_rest,0,68,0.023166023166023165,0.8671180702496826,0.998931331327185,0.9611526767684195,21785
frailty29_trained_motion_detector,frailty29_outer_oof,window,one_vs_rest,0,69,0.025096525096525095,0.8671180702496826,0.9989300554152578,0.9611526767684195,21785
frailty29_trained_motion_detector,frailty29_outer_oof,window,one_vs_rest,0,70,0.025096525096525095,0.9000799360511591,0.9964957456104457,0.9611526767684195,21785
frailty29_trained_motion_detector,frailty29_outer_oof,window,one_vs_rest,0,71,0.02702702702702703,0.9000799360511591,0.9964897197205573,0.9611526767684195,21785
frailty29_trained_motion_detector,frailty29_outer_oof,window,one_vs_rest,0,72,0.02702702702702703,0.9409413645554144,0.9000333696603775,0.9611526767684195,21785
frailty29_trained_motion_detector,frailty29_outer_oof,window,one_vs_rest,0,73,0.02895752895752896,0.9409413645554144,0.8998906463384628,0.9611526767684195,21785
frailty29_trained_motion_detector,frailty29_outer_oof,window,one_vs_rest,0,74,0.02895752895752896,0.9412705130013637,0.8944235518574715,0.9611526767684195,21785
frailty29_trained_motion_detector,frailty29_outer_oof,window,one_vs_rest,0,75,0.03088803088803089,0.9412705130013637,0.8939164057374,0.9611526767684195,21785
frailty29_trained_motion_detector,frailty29_outer_oof,window,one_vs_rest,0,76,0.03088803088803089,0.9415056190341844,0.8875981196761131,0.9611526767684195,21785
frailty29_trained_motion_detector,frailty29_outer_oof,window,one_vs_rest,0,77,0.032818532818532815,0.9415056190341844,0.886553943157196,0.9611526767684195,21785
frailty29_trained_motion_detector,frailty29_outer_oof,window,one_vs_rest,0,78,0.032818532818532815,0.9417407250670052,0.8827530592679977,0.9611526767684195,21785
frailty29_trained_motion_detector,frailty29_outer_oof,window,one_vs_rest,0,79,0.03474903474903475,0.9417407250670052,0.8814187571406364,0.9611526767684195,21785
frailty29_trained_motion_detector,frailty29_outer_oof,window,one_vs_rest,0,80,0.03474903474903475,0.9429162552311092,0.8593721985816956,0.9611526767684195,21785
frailty29_trained_motion_detector,frailty29_outer_oof,window,one_vs_rest,0,81,0.03667953667953668,0.9429162552311092,0.8592908680438995,0.9611526767684195,21785
frailty29_trained_motion_detector,frailty29_outer_oof,window,one_vs_rest,0,82,0.03667953667953668,0.9429632764376734,0.8592256158590317,0.9611526767684195,21785
frailty29_trained_motion_detector,frailty29_outer_oof,window,one_vs_rest,0,83,0.03861003861003861,0.9429632764376734,0.8591621965169907,0.9611526767684195,21785
frailty29_trained_motion_detector,frailty29_outer_oof,window,one_vs_rest,0,84,0.03861003861003861,0.9433394460901867,0.8484522253274918,0.9611526767684195,21785
frailty29_trained_motion_detector,frailty29_outer_oof,window,one_vs_rest,0,85,0.04054054054054054,0.9433394460901867,0.8468659967184067,0.9611526767684195,21785
frailty29_trained_motion_detector,frailty29_outer_oof,window,one_vs_rest,0,86,0.04054054054054054,0.943433488503315,0.8460990339517593,0.9611526767684195,21785
frailty29_trained_motion_detector,frailty29_outer_oof,window,one_vs_rest,0,87,0.04247104247104247,0.943433488503315,0.8459409922361374,0.9611526767684195,21785
frailty29_trained_motion_detector,frailty29_outer_oof,window,one_vs_rest,0,88,0.04247104247104247,0.9447030610805474,0.808100625872612,0.9611526767684195,21785
frailty29_trained_motion_detector,frailty29_outer_oof,window,one_vs_rest,0,89,0.0444015444015444,0.9447030610805474,0.806850016117096,0.9611526767684195,21785
frailty29_trained_motion_detector,frailty29_outer_oof,window,one_vs_rest,0,90,0.0444015444015444,0.9483707151925519,0.6891694068908691,0.9611526767684195,21785
frailty29_trained_motion_detector,frailty29_outer_oof,window,one_vs_rest,0,91,0.04633204633204633,0.9483707151925519,0.6854472458362579,0.9611526767684195,21785
frailty29_trained_motion_detector,frailty29_outer_oof,window,one_vs_rest,0,92,0.04633204633204633,0.9492170969107068,0.6524664461612701,0.9611526767684195,21785
frailty29_trained_motion_detector,frailty29_outer_oof,window,one_vs_rest,0,93,0.05019305019305019,0.9492170969107068,0.6426956653594971,0.9611526767684195,21785
frailty29_trained_motion_detector,frailty29_outer_oof,window,one_vs_rest,0,94,0.05019305019305019,0.9509568815535807,0.5652744770050049,0.9611526767684195,21785
frailty29_trained_motion_detector,frailty29_outer_oof,window,one_vs_rest,0,95,0.052123552123552123,0.9509568815535807,0.5617624521255493,0.9611526767684195,21785
frailty29_trained_motion_detector,frailty29_outer_oof,window,one_vs_rest,0,96,0.052123552123552123,0.9514270936192223,0.5410526394844055,0.9611526767684195,21785
frailty29_trained_motion_detector,frailty29_outer_oof,window,one_vs_rest,0,97,0.05405405405405406,0.9514270936192223,0.5393098294734955,0.9611526767684195,21785
frailty29_trained_motion_detector,frailty29_outer_oof,window,one_vs_rest,0,98,0.05405405405405406,0.9530728358489678,0.4071706533432007,0.9611526767684195,21785
frailty29_trained_motion_detector,frailty29_outer_oof,window,one_vs_rest,0,99,0.055984555984555984,0.9530728358489678,0.40582478046417236,0.9611526767684195,21785
frailty29_trained_motion_detector,frailty29_outer_oof,window,one_vs_rest,0,100,0.055984555984555984,0.953684111534302,0.36000704765319824,0.9611526767684195,21785
frailty29_trained_motion_detector,frailty29_outer_oof,window,one_vs_rest,0,101,0.05791505791505792,0.953684111534302,0.3585546016693115,0.9611526767684195,21785
frailty29_trained_motion_detector,frailty29_outer_oof,window,one_vs_rest,0,102,0.05791505791505792,0.9543424084262002,0.3275683522224426,0.9611526767684195,21785
frailty29_trained_motion_detector,frailty29_outer_oof,window,one_vs_rest,0,103,0.059845559845559844,0.9543424084262002,0.3225489854812622,0.9611526767684195,21785
frailty29_trained_motion_detector,frailty29_outer_oof,window,one_vs_rest,0,104,0.059845559845559844,0.9557060234165609,0.263854444026947,0.9611526767684195,21785
frailty29_trained_motion_detector,frailty29_outer_oof,window,one_vs_rest,0,105,0.06177606177606178,0.9557060234165609,0.2636367082595825,0.9611526767684195,21785
frailty29_trained_motion_detector,frailty29_outer_oof,window,one_vs_rest,0,106,0.06177606177606178,0.9561292142756384,0.25136953592300415,0.9611526767684195,21785
frailty29_trained_motion_detector,frailty29_outer_oof,window,one_vs_rest,0,107,0.0637065637065637,0.9561292142756384,0.25044840574264526,0.9611526767684195,21785
frailty29_trained_motion_detector,frailty29_outer_oof,window,one_vs_rest,0,108,0.0637065637065637,0.9570226172003573,0.1926242709159851,0.9611526767684195,21785
frailty29_trained_motion_detector,frailty29_outer_oof,window,one_vs_rest,0,109,0.06563706563706563,0.9570226172003573,0.1885194182395935,0.9611526767684195,21785
frailty29_trained_motion_detector,frailty29_outer_oof,window,one_vs_rest,0,110,0.06563706563706563,0.9576338928856915,0.16179293394088745,0.9611526767684195,21785
frailty29_trained_motion_detector,frailty29_outer_oof,window,one_vs_rest,0,111,0.06756756756756757,0.9576338928856915,0.15724104642868042,0.9611526767684195,21785
frailty29_trained_motion_detector,frailty29_outer_oof,window,one_vs_rest,0,112,0.06756756756756757,0.958104104951333,0.13473135232925415,0.9611526767684195,21785
frailty29_trained_motion_detector,frailty29_outer_oof,window,one_vs_rest,0,113,0.0694980694980695,0.958104104951333,0.13467556238174438,0.9611526767684195,21785
frailty29_trained_motion_detector,frailty29_outer_oof,window,one_vs_rest,0,114,0.0694980694980695,0.9588564442563596,0.10908490419387817,0.9611526767684195,21785
frailty29_trained_motion_detector,frailty29_outer_oof,window,one_vs_rest,0,115,0.07142857142857142,0.9588564442563596,0.10810989141464233,0.9611526767684195,21785
frailty29_trained_motion_detector,frailty29_outer_oof,window,one_vs_rest,0,116,0.07142857142857142,0.9595147411482579,0.0801248550415039,0.9611526767684195,21785
frailty29_trained_motion_detector,frailty29_outer_oof,window,one_vs_rest,0,117,0.07335907335907337,0.9595147411482579,0.07905852794647217,0.9611526767684195,21785
frailty29_trained_motion_detector,frailty29_outer_oof,window,one_vs_rest,0,118,0.07335907335907337,0.9597968683876428,0.07645410299301147,0.9611526767684195,21785
frailty29_trained_motion_detector,frailty29_outer_oof,window,one_vs_rest,0,119,0.07528957528957529,0.9597968683876428,0.07611638307571411,0.9611526767684195,21785
frailty29_trained_motion_detector,frailty29_outer_oof,window,one_vs_rest,0,120,0.07528957528957529,0.9599379320073353,0.07273077964782715,0.9611526767684195,21785
frailty29_trained_motion_detector,frailty29_outer_oof,window,one_vs_rest,0,121,0.07722007722007722,0.9599379320073353,0.06922900676727295,0.9611526767684195,21785
frailty29_trained_motion_detector,frailty29_outer_oof,window,one_vs_rest,0,122,0.07722007722007722,0.960126016833592,0.06699073314666748,0.9611526767684195,21785
frailty29_trained_motion_detector,frailty29_outer_oof,window,one_vs_rest,0,123,0.07915057915057915,0.960126016833592,0.064952552318573,0.9611526767684195,21785
frailty29_trained_motion_detector,frailty29_outer_oof,window,one_vs_rest,0,124,0.07915057915057915,0.9605962288992336,0.05530458688735962,0.9611526767684195,21785
frailty29_trained_motion_detector,frailty29_outer_oof,window,one_vs_rest,0,125,0.08108108108108109,0.9605962288992336,0.05275911092758179,0.9611526767684195,21785
frailty29_trained_motion_detector,frailty29_outer_oof,window,one_vs_rest,0,126,0.08108108108108109,0.9606432501057978,0.05253571271896362,0.9611526767684195,21785
frailty29_trained_motion_detector,frailty29_outer_oof,window,one_vs_rest,0,127,0.08301158301158301,0.9606432501057978,0.05210447311401367,0.9611526767684195,21785
frailty29_trained_motion_detector,frailty29_outer_oof,window,one_vs_rest,0,128,0.08301158301158301,0.9609253773451827,0.04399394989013672,0.9611526767684195,21785
frailty29_trained_motion_detector,frailty29_outer_oof,window,one_vs_rest,0,129,0.08494208494208494,0.9609253773451827,0.04258161783218384,0.9611526767684195,21785
frailty29_trained_motion_detector,frailty29_outer_oof,window,one_vs_rest,0,130,0.08494208494208494,0.9609723985517469,0.042435288429260254,0.9611526767684195,21785
frailty29_trained_motion_detector,frailty29_outer_oof,window,one_vs_rest,0,131,0.08687258687258688,0.9609723985517469,0.041638076305389404,0.9611526767684195,21785
frailty29_trained_motion_detector,frailty29_outer_oof,window,one_vs_rest,0,132,0.08687258687258688,0.961019419758311,0.04120069742202759,0.9611526767684195,21785
frailty29_trained_motion_detector,frailty29_outer_oof,window,one_vs_rest,0,133,0.0888030888030888,0.961019419758311,0.04118996858596802,0.9611526767684195,21785
frailty29_trained_motion_detector,frailty29_outer_oof,window,one_vs_rest,0,134,0.0888030888030888,0.9611604833780035,0.039365291595458984,0.9611526767684195,21785
frailty29_trained_motion_detector,frailty29_outer_oof,window,one_vs_rest,0,135,0.09073359073359073,0.9611604833780035,0.039234280586242676,0.9611526767684195,21785
frailty29_trained_motion_detector,frailty29_outer_oof,window,one_vs_rest,0,136,0.09073359073359073,0.9612545257911318,0.0378568172454834,0.9611526767684195,21785
frailty29_trained_motion_detector,frailty29_outer_oof,window,one_vs_rest,0,137,0.09266409266409266,0.9612545257911318,0.03664511442184448,0.9611526767684195,21785
frailty29_trained_motion_detector,frailty29_outer_oof,window,one_vs_rest,0,138,0.09266409266409266,0.9614426106173884,0.03242915868759155,0.9611526767684195,21785
frailty29_trained_motion_detector,frailty29_outer_oof,window,one_vs_rest,0,139,0.0945945945945946,0.9614426106173884,0.032109975814819336,0.9611526767684195,21785
frailty29_trained_motion_detector,frailty29_outer_oof,window,one_vs_rest,0,140,0.0945945945945946,0.9615836742370809,0.02906113862991333,0.9611526767684195,21785
frailty29_trained_motion_detector,frailty29_outer_oof,window,one_vs_rest,0,141,0.09652509652509653,0.9615836742370809,0.027966439723968506,0.9611526767684195,21785
frailty29_trained_motion_detector,frailty29_outer_oof,window,one_vs_rest,0,142,0.09652509652509653,0.9622419711289791,0.02268803119659424,0.9611526767684195,21785
frailty29_trained_motion_detector,frailty29_outer_oof,window,one_vs_rest,0,143,0.09845559845559845,0.9622419711289791,0.022650182247161865,0.9611526767684195,21785
frailty29_trained_motion_detector,frailty29_outer_oof,window,one_vs_rest,0,144,0.09845559845559845,0.9628532468143133,0.020144939422607422,0.9611526767684195,21785
frailty29_trained_motion_detector,frailty29_outer_oof,window,one_vs_rest,0,145,0.10038610038610038,0.9628532468143133,0.0201227068901062,0.9611526767684195,21785
frailty29_trained_motion_detector,frailty29_outer_oof,window,one_vs_rest,0,146,0.10038610038610038,0.963088352847134,0.01923978328704834,0.9611526767684195,21785
frailty29_trained_motion_detector,frailty29_outer_oof,window,one_vs_rest,0,147,0.10231660231660232,0.963088352847134,0.01912933588027954,0.9611526767684195,21785
frailty29_trained_motion_detector,frailty29_outer_oof,window,one_vs_rest,0,148,0.10231660231660232,0.9641228193915455,0.015485584735870361,0.9611526767684195,21785
frailty29_trained_motion_detector,frailty29_outer_oof,window,one_vs_rest,0,149,0.10424710424710425,0.9641228193915455,0.015329599380493164,0.9611526767684195,21785
frailty29_trained_motion_detector,frailty29_outer_oof,window,one_vs_rest,0,150,0.10424710424710425,0.9643109042178022,0.014998137950897217,0.9611526767684195,21785
frailty29_trained_motion_detector,frailty29_outer_oof,window,one_vs_rest,0,151,0.10617760617760617,0.9643109042178022,0.014919459819793701,0.9611526767684195,21785
frailty29_trained_motion_detector,frailty29_outer_oof,window,one_vs_rest,0,152,0.10617760617760617,0.964546010250623,0.013452351093292236,0.9611526767684195,21785
frailty29_trained_motion_detector,frailty29_outer_oof,window,one_vs_rest,0,153,0.10810810810810811,0.964546010250623,0.013180851936340332,0.9611526767684195,21785
frailty29_trained_motion_detector,frailty29_outer_oof,window,one_vs_rest,0,154,0.10810810810810811,0.9646870738703155,0.012791216373443604,0.9611526767684195,21785
frailty29_trained_motion_detector,frailty29_outer_oof,window,one_vs_rest,0,155,0.11003861003861004,0.9646870738703155,0.012759745121002197,0.9611526767684195,21785
frailty29_trained_motion_detector,frailty29_outer_oof,window,one_vs_rest,0,156,0.11003861003861004,0.9647340950768797,0.012710273265838623,0.9611526767684195,21785
frailty29_trained_motion_detector,frailty29_outer_oof,window,one_vs_rest,0,157,0.11196911196911197,0.9647340950768797,0.012692928314208984,0.9611526767684195,21785
frailty29_trained_motion_detector,frailty29_outer_oof,window,one_vs_rest,0,158,0.11196911196911197,0.9647811162834439,0.01268911361694336,0.9611526767684195,21785
frailty29_trained_motion_detector,frailty29_outer_oof,window,one_vs_rest,0,159,0.1138996138996139,0.9647811162834439,0.012615799903869629,0.9611526767684195,21785
frailty29_trained_motion_detector,frailty29_outer_oof,window,one_vs_rest,0,160,0.1138996138996139,0.9649221799031363,0.0121651291847229,0.9611526767684195,21785
frailty29_trained_motion_detector,frailty29_outer_oof,window,one_vs_rest,0,161,0.11583011583011583,0.9649221799031363,0.01204746961593628,0.9611526767684195,21785
frailty29_trained_motion_detector,frailty29_outer_oof,window,one_vs_rest,0,162,0.11583011583011583,0.9651572859359571,0.01091158390045166,0.9611526767684195,21785
frailty29_trained_motion_detector,frailty29_outer_oof,window,one_vs_rest,0,163,0.12162162162162163,0.9651572859359571,0.010296761989593506,0.9611526767684195,21785
frailty29_trained_motion_detector,frailty29_outer_oof,window,one_vs_rest,0,164,0.12162162162162163,0.9655334555884704,0.009600818157196045,0.9611526767684195,21785
frailty29_trained_motion_detector,frailty29_outer_oof,window,one_vs_rest,0,165,0.12355212355212356,0.9655334555884704,0.009307682514190674,0.9611526767684195,21785
frailty29_trained_motion_detector,frailty29_outer_oof,window,one_vs_rest,0,166,0.12355212355212356,0.9656274980015987,0.008995890617370605,0.9611526767684195,21785
frailty29_trained_motion_detector,frailty29_outer_oof,window,one_vs_rest,0,167,0.12548262548262548,0.9656274980015987,0.008928239345550537,0.9611526767684195,21785
frailty29_trained_motion_detector,frailty29_outer_oof,window,one_vs_rest,0,168,0.12548262548262548,0.9656745192081628,0.008924126625061035,0.9611526767684195,21785
frailty29_trained_motion_detector,frailty29_outer_oof,window,one_vs_rest,0,169,0.1274131274131274,0.9656745192081628,0.008888423442840576,0.9611526767684195,21785
frailty29_trained_motion_detector,frailty29_outer_oof,window,one_vs_rest,0,170,0.1274131274131274,0.965721540414727,0.008856534957885742,0.9611526767684195,21785
frailty29_trained_motion_detector,frailty29_outer_oof,window,one_vs_rest,0,171,0.12934362934362933,0.965721540414727,0.008831262588500977,0.9611526767684195,21785
frailty29_trained_motion_detector,frailty29_outer_oof,window,one_vs_rest,0,172,0.12934362934362933,0.9657685616212912,0.008702397346496582,0.9611526767684195,21785
frailty29_trained_motion_detector,frailty29_outer_oof,window,one_vs_rest,0,173,0.13127413127413126,0.9657685616212912,0.008668303489685059,0.9611526767684195,21785
frailty29_trained_motion_detector,frailty29_outer_oof,window,one_vs_rest,0,174,0.13127413127413126,0.9658155828278554,0.0084725022315979,0.9611526767684195,21785
frailty29_trained_motion_detector,frailty29_outer_oof,window,one_vs_rest,0,175,0.13320463320463322,0.9658155828278554,0.008391201496124268,0.9611526767684195,21785
frailty29_trained_motion_detector,frailty29_outer_oof,window,one_vs_rest,0,176,0.13320463320463322,0.9661447312738045,0.007591962814331055,0.9611526767684195,21785
frailty29_trained_motion_detector,frailty29_outer_oof,window,one_vs_rest,0,177,0.13513513513513514,0.9661447312738045,0.007429063320159912,0.9611526767684195,21785
frailty29_trained_motion_detector,frailty29_outer_oof,window,one_vs_rest,0,178,0.13513513513513514,0.9664268585131894,0.0069388747215271,0.9611526767684195,21785
frailty29_trained_motion_detector,frailty29_outer_oof,window,one_vs_rest,0,179,0.13706563706563707,0.9664268585131894,0.0069086551666259766,0.9611526767684195,21785
frailty29_trained_motion_detector,frailty29_outer_oof,window,one_vs_rest,0,180,0.13706563706563707,0.9664738797197536,0.006831169128417969,0.9611526767684195,21785
frailty29_trained_motion_detector,frailty29_outer_oof,window,one_vs_rest,0,181,0.14092664092664092,0.9664738797197536,0.006774485111236572,0.9611526767684195,21785
frailty29_trained_motion_detector,frailty29_outer_oof,window,one_vs_rest,0,182,0.14092664092664092,0.9665209009263178,0.006708979606628418,0.9611526767684195,21785
frailty29_trained_motion_detector,frailty29_outer_oof,window,one_vs_rest,0,183,0.14478764478764478,0.9665209009263178,0.006512761116027832,0.9611526767684195,21785
frailty29_trained_motion_detector,frailty29_outer_oof,window,one_vs_rest,0,184,0.14478764478764478,0.9667089857525744,0.006168365478515625,0.9611526767684195,21785
frailty29_trained_motion_detector,frailty29_outer_oof,window,one_vs_rest,0,185,0.14671814671814673,0.9667089857525744,0.0060364603996276855,0.9611526767684195,21785
frailty29_trained_motion_detector,frailty29_outer_oof,window,one_vs_rest,0,186,0.14671814671814673,0.966897070578831,0.005674779415130615,0.9611526767684195,21785
frailty29_trained_motion_detector,frailty29_outer_oof,window,one_vs_rest,0,187,0.15057915057915058,0.966897070578831,0.005633294582366943,0.9611526767684195,21785
frailty29_trained_motion_detector,frailty29_outer_oof,window,one_vs_rest,0,188,0.15057915057915058,0.9669440917853952,0.005566537380218506,0.9611526767684195,21785
frailty29_trained_motion_detector,frailty29_outer_oof,window,one_vs_rest,0,189,0.15444015444015444,0.9669440917853952,0.005336880683898926,0.9611526767684195,21785
frailty29_trained_motion_detector,frailty29_outer_oof,window,one_vs_rest,0,190,0.15444015444015444,0.9670851554050877,0.005057990550994873,0.9611526767684195,21785
frailty29_trained_motion_detector,frailty29_outer_oof,window,one_vs_rest,0,191,0.1583011583011583,0.9670851554050877,0.004903852939605713,0.9611526767684195,21785
frailty29_trained_motion_detector,frailty29_outer_oof,window,one_vs_rest,0,192,0.1583011583011583,0.9672732402313443,0.004355669021606445,0.9611526767684195,21785
frailty29_trained_motion_detector,frailty29_outer_oof,window,one_vs_rest,0,193,0.16023166023166024,0.9672732402313443,0.004342555999755859,0.9611526767684195,21785
frailty29_trained_motion_detector,frailty29_outer_oof,window,one_vs_rest,0,194,0.16023166023166024,0.9673672826444727,0.004015326499938965,0.9611526767684195,21785
frailty29_trained_motion_detector,frailty29_outer_oof,window,one_vs_rest,0,195,0.16216216216216217,0.9673672826444727,0.003890097141265869,0.9611526767684195,21785
frailty29_trained_motion_detector,frailty29_outer_oof,window,one_vs_rest,0,196,0.16216216216216217,0.9675553674707293,0.0037740468978881836,0.9611526767684195,21785
frailty29_trained_motion_detector,frailty29_outer_oof,window,one_vs_rest,0,197,0.1640926640926641,0.9675553674707293,0.003764331340789795,0.9611526767684195,21785
frailty29_trained_motion_detector,frailty29_outer_oof,window,one_vs_rest,0,198,0.1640926640926641,0.9676023886772934,0.003749549388885498,0.9611526767684195,21785
frailty29_trained_motion_detector,frailty29_outer_oof,window,one_vs_rest,0,199,0.16602316602316602,0.9676023886772934,0.0036504268646240234,0.9611526767684195,21785
frailty29_trained_motion_detector,frailty29_outer_oof,window,one_vs_rest,0,200,0.16602316602316602,0.9679315371232425,0.003271937370300293,0.9611526767684195,21785
frailty29_trained_motion_detector,frailty29_outer_oof,window,one_vs_rest,0,201,0.1718146718146718,0.9679315371232425,0.0032358169555664062,0.9611526767684195,21785
frailty29_trained_motion_detector,frailty29_outer_oof,window,one_vs_rest,0,202,0.1718146718146718,0.9680726007429351,0.0031870007514953613,0.9611526767684195,21785
frailty29_trained_motion_detector,frailty29_outer_oof,window,one_vs_rest,0,203,0.1776061776061776,0.9680726007429351,0.0030707716941833496,0.9611526767684195,21785
frailty29_trained_motion_detector,frailty29_outer_oof,window,one_vs_rest,0,204,0.1776061776061776,0.9682606855691918,0.0027260184288024902,0.9611526767684195,21785
frailty29_trained_motion_detector,frailty29_outer_oof,window,one_vs_rest,0,205,0.17953667953667954,0.9682606855691918,0.0027034878730773926,0.9611526767684195,21785
frailty29_trained_motion_detector,frailty29_outer_oof,window,one_vs_rest,0,206,0.17953667953667954,0.9684957916020125,0.0024725794792175293,0.9611526767684195,21785
frailty29_trained_motion_detector,frailty29_outer_oof,window,one_vs_rest,0,207,0.18146718146718147,0.9684957916020125,0.002444148063659668,0.9611526767684195,21785
frailty29_trained_motion_detector,frailty29_outer_oof,window,one_vs_rest,0,208,0.18146718146718147,0.968636855221705,0.0023064017295837402,0.9611526767684195,21785
frailty29_trained_motion_detector,frailty29_outer_oof,window,one_vs_rest,0,209,0.1833976833976834,0.968636855221705,0.002274811267852783,0.9611526767684195,21785
frailty29_trained_motion_detector,frailty29_outer_oof,window,one_vs_rest,0,210,0.1833976833976834,0.9688249400479616,0.0021068453788757324,0.9611526767684195,21785
frailty29_trained_motion_detector,frailty29_outer_oof,window,one_vs_rest,0,211,0.18532818532818532,0.9688249400479616,0.002074003219604492,0.9611526767684195,21785
frailty29_trained_motion_detector,frailty29_outer_oof,window,one_vs_rest,0,212,0.18532818532818532,0.9688719612545258,0.002030789852142334,0.9611526767684195,21785
frailty29_trained_motion_detector,frailty29_outer_oof,window,one_vs_rest,0,213,0.18725868725868725,0.9688719612545258,0.0019832849502563477,0.9611526767684195,21785
frailty29_trained_motion_detector,frailty29_outer_oof,window,one_vs_rest,0,214,0.18725868725868725,0.9692011097004749,0.0017024874687194824,0.9611526767684195,21785
frailty29_trained_motion_detector,frailty29_outer_oof,window,one_vs_rest,0,215,0.1891891891891892,0.9692011097004749,0.0016851425170898438,0.9611526767684195,21785
frailty29_trained_motion_detector,frailty29_outer_oof,window,one_vs_rest,0,216,0.1891891891891892,0.9692951521136033,0.0016658902168273926,0.9611526767684195,21785
frailty29_trained_motion_detector,frailty29_outer_oof,window,one_vs_rest,0,217,0.19305019305019305,0.9692951521136033,0.0015674233436584473,0.9611526767684195,21785
frailty29_trained_motion_detector,frailty29_outer_oof,window,one_vs_rest,0,218,0.19305019305019305,0.9694362157332957,0.0014768242835998535,0.9611526767684195,21785
frailty29_trained_motion_detector,frailty29_outer_oof,window,one_vs_rest,0,219,0.19498069498069498,0.9694362157332957,0.0014519095420837402,0.9611526767684195,21785
frailty29_trained_motion_detector,frailty29_outer_oof,window,one_vs_rest,0,220,0.19498069498069498,0.9695772793529882,0.0014066100120544434,0.9611526767684195,21785
frailty29_trained_motion_detector,frailty29_outer_oof,window,one_vs_rest,0,221,0.1969111969111969,0.9695772793529882,0.001390993595123291,0.9611526767684195,21785
frailty29_trained_motion_detector,frailty29_outer_oof,window,one_vs_rest,0,222,0.1969111969111969,0.9697183429726807,0.0013436079025268555,0.9611526767684195,21785
frailty29_trained_motion_detector,frailty29_outer_oof,window,one_vs_rest,0,223,0.19884169884169883,0.9697183429726807,0.001337289810180664,0.9611526767684195,21785
frailty29_trained_motion_detector,frailty29_outer_oof,window,one_vs_rest,0,224,0.19884169884169883,0.9704236610711431,0.0012316107749938965,0.9611526767684195,21785
frailty29_trained_motion_detector,frailty29_outer_oof,window,one_vs_rest,0,225,0.20077220077220076,0.9704236610711431,0.0012201666831970215,0.9611526767684195,21785
frailty29_trained_motion_detector,frailty29_outer_oof,window,one_vs_rest,0,226,0.20077220077220076,0.970987915549913,0.0011662840843200684,0.9611526767684195,21785
frailty29_trained_motion_detector,frailty29_outer_oof,window,one_vs_rest,0,227,0.20270270270270271,0.970987915549913,0.001153707504272461,0.9611526767684195,21785
frailty29_trained_motion_detector,frailty29_outer_oof,window,one_vs_rest,0,228,0.20270270270270271,0.9711289791696055,0.001137852668762207,0.9611526767684195,21785
frailty29_trained_motion_detector,frailty29_outer_oof,window,one_vs_rest,0,229,0.20463320463320464,0.9711289791696055,0.0011355876922607422,0.9611526767684195,21785
frailty29_trained_motion_detector,frailty29_outer_oof,window,one_vs_rest,0,230,0.20463320463320464,0.9715521700286829,0.0010178685188293457,0.9611526767684195,21785
frailty29_trained_motion_detector,frailty29_outer_oof,window,one_vs_rest,0,231,0.20656370656370657,0.9715521700286829,0.0010127425193786621,0.9611526767684195,21785
frailty29_trained_motion_detector,frailty29_outer_oof,window,one_vs_rest,0,232,0.20656370656370657,0.9716932336483755,0.0009856224060058594,0.9611526767684195,21785
frailty29_trained_motion_detector,frailty29_outer_oof,window,one_vs_rest,0,233,0.21042471042471042,0.9716932336483755,0.0009728670120239258,0.9611526767684195,21785
frailty29_trained_motion_detector,frailty29_outer_oof,window,one_vs_rest,0,234,0.21042471042471042,0.9717872760615037,0.0009600520133972168,0.9611526767684195,21785
frailty29_trained_motion_detector,frailty29_outer_oof,window,one_vs_rest,0,235,0.21235521235521235,0.9717872760615037,0.000950157642364502,0.9611526767684195,21785
frailty29_trained_motion_detector,frailty29_outer_oof,window,one_vs_rest,0,236,0.21235521235521235,0.9718342972680679,0.000925898551940918,0.9611526767684195,21785
frailty29_trained_motion_detector,frailty29_outer_oof,window,one_vs_rest,0,237,0.21814671814671815,0.9718342972680679,0.0008848309516906738,0.9611526767684195,21785
frailty29_trained_motion_detector,frailty29_outer_oof,window,one_vs_rest,0,238,0.21814671814671815,0.9721164245074528,0.0008677840232849121,0.9611526767684195,21785
frailty29_trained_motion_detector,frailty29_outer_oof,window,one_vs_rest,0,239,0.22007722007722008,0.9721164245074528,0.0008667111396789551,0.9611526767684195,21785
frailty29_trained_motion_detector,frailty29_outer_oof,window,one_vs_rest,0,240,0.22007722007722008,0.9722104669205812,0.0008537769317626953,0.9611526767684195,21785
frailty29_trained_motion_detector,frailty29_outer_oof,window,one_vs_rest,0,241,0.222007722007722,0.9722104669205812,0.0008480548858642578,0.9611526767684195,21785
frailty29_trained_motion_detector,frailty29_outer_oof,window,one_vs_rest,0,242,0.222007722007722,0.9723045093337095,0.0008010268211364746,0.9611526767684195,21785
frailty29_trained_motion_detector,frailty29_outer_oof,window,one_vs_rest,0,243,0.2277992277992278,0.9723045093337095,0.0007555484771728516,0.9611526767684195,21785
frailty29_trained_motion_detector,frailty29_outer_oof,window,one_vs_rest,0,244,0.2277992277992278,0.9724925941599661,0.0007345080375671387,0.9611526767684195,21785
frailty29_trained_motion_detector,frailty29_outer_oof,window,one_vs_rest,0,245,0.22972972972972974,0.9724925941599661,0.0007264018058776855,0.9611526767684195,21785
frailty29_trained_motion_detector,frailty29_outer_oof,window,one_vs_rest,0,246,0.22972972972972974,0.9726336577796586,0.0006829500198364258,0.9611526767684195,21785
frailty29_trained_motion_detector,frailty29_outer_oof,window,one_vs_rest,0,247,0.2335907335907336,0.9726336577796586,0.0006765127182006836,0.9611526767684195,21785
frailty29_trained_motion_detector,frailty29_outer_oof,window,one_vs_rest,0,248,0.2335907335907336,0.972727700192787,0.0006756782531738281,0.9611526767684195,21785
frailty29_trained_motion_detector,frailty29_outer_oof,window,one_vs_rest,0,249,0.23552123552123552,0.972727700192787,0.0006603598594665527,0.9611526767684195,21785
frailty29_trained_motion_detector,frailty29_outer_oof,window,one_vs_rest,0,250,0.23552123552123552,0.9729628062256077,0.0006222724914550781,0.9611526767684195,21785
frailty29_trained_motion_detector,frailty29_outer_oof,window,one_vs_rest,0,251,0.23745173745173745,0.9729628062256077,0.0006164312362670898,0.9611526767684195,21785
frailty29_trained_motion_detector,frailty29_outer_oof,window,one_vs_rest,0,252,0.23745173745173745,0.9731508910518644,0.0005872249603271484,0.9611526767684195,21785
frailty29_trained_motion_detector,frailty29_outer_oof,window,one_vs_rest,0,253,0.23938223938223938,0.9731508910518644,0.0005846023559570312,0.9611526767684195,21785
frailty29_trained_motion_detector,frailty29_outer_oof,window,one_vs_rest,0,254,0.23938223938223938,0.9734800394978135,0.0005407929420471191,0.9611526767684195,21785
frailty29_trained_motion_detector,frailty29_outer_oof,window,one_vs_rest,0,255,0.2413127413127413,0.9734800394978135,0.0005382895469665527,0.9611526767684195,21785
frailty29_trained_motion_detector,frailty29_outer_oof,window,one_vs_rest,0,256,0.2413127413127413,0.973621103117506,0.0005246996879577637,0.9611526767684195,21785
frailty29_trained_motion_detector,frailty29_outer_oof,window,one_vs_rest,0,257,0.24324324324324326,0.973621103117506,0.0005232691764831543,0.9611526767684195,21785
frailty29_trained_motion_detector,frailty29_outer_oof,window,one_vs_rest,0,258,0.24324324324324326,0.9736681243240701,0.000522911548614502,0.9611526767684195,21785
frailty29_trained_motion_detector,frailty29_outer_oof,window,one_vs_rest,0,259,0.24517374517374518,0.9736681243240701,0.0005162954330444336,0.9611526767684195,21785
frailty29_trained_motion_detector,frailty29_outer_oof,window,one_vs_rest,0,260,0.24517374517374518,0.9738562091503268,0.0005028247833251953,0.9611526767684195,21785
frailty29_trained_motion_detector,frailty29_outer_oof,window,one_vs_rest,0,261,0.24903474903474904,0.9738562091503268,0.0004849433898925781,0.9611526767684195,21785
frailty29_trained_motion_detector,frailty29_outer_oof,window,one_vs_rest,0,262,0.24903474903474904,0.9741853575962759,0.0004495978355407715,0.9611526767684195,21785
frailty29_trained_motion_detector,frailty29_outer_oof,window,one_vs_rest,0,263,0.2528957528957529,0.9741853575962759,0.00043827295303344727,0.9611526767684195,21785
frailty29_trained_motion_detector,frailty29_outer_oof,window,one_vs_rest,0,264,0.2528957528957529,0.9743264212159684,0.0004329085350036621,0.9611526767684195,21785
frailty29_trained_motion_detector,frailty29_outer_oof,window,one_vs_rest,0,265,0.25868725868725867,0.9743264212159684,0.000420987606048584,0.9611526767684195,21785
frailty29_trained_motion_detector,frailty29_outer_oof,window,one_vs_rest,0,266,0.25868725868725867,0.97479663328161,0.00039309263229370117,0.9611526767684195,21785
frailty29_trained_motion_detector,frailty29_outer_oof,window,one_vs_rest,0,267,0.2625482625482625,0.97479663328161,0.00038170814514160156,0.9611526767684195,21785
frailty29_trained_motion_detector,frailty29_outer_oof,window,one_vs_rest,0,268,0.2625482625482625,0.9749847181078667,0.00036644935607910156,0.9611526767684195,21785
frailty29_trained_motion_detector,frailty29_outer_oof,window,one_vs_rest,0,269,0.2644787644787645,0.9749847181078667,0.00034797191619873047,0.9611526767684195,21785
frailty29_trained_motion_detector,frailty29_outer_oof,window,one_vs_rest,0,270,0.2644787644787645,0.9750317393144308,0.0003409385681152344,0.9611526767684195,21785
frailty29_trained_motion_detector,frailty29_outer_oof,window,one_vs_rest,0,271,0.26640926640926643,0.9750317393144308,0.00034058094024658203,0.9611526767684195,21785
frailty29_trained_motion_detector,frailty29_outer_oof,window,one_vs_rest,0,272,0.26640926640926643,0.975078760520995,0.0003371238708496094,0.9611526767684195,21785
frailty29_trained_motion_detector,frailty29_outer_oof,window,one_vs_rest,0,273,0.26833976833976836,0.975078760520995,0.00033223628997802734,0.9611526767684195,21785
frailty29_trained_motion_detector,frailty29_outer_oof,window,one_vs_rest,0,274,0.26833976833976836,0.9752198241406874,0.00032699108123779297,0.9611526767684195,21785
frailty29_trained_motion_detector,frailty29_outer_oof,window,one_vs_rest,0,275,0.2702702702702703,0.9752198241406874,0.0003248453140258789,0.9611526767684195,21785
frailty29_trained_motion_detector,frailty29_outer_oof,window,one_vs_rest,0,276,0.2702702702702703,0.9753138665538158,0.0003217458724975586,0.9611526767684195,21785
frailty29_trained_motion_detector,frailty29_outer_oof,window,one_vs_rest,0,277,0.2722007722007722,0.9753138665538158,0.0003185272216796875,0.9611526767684195,21785
frailty29_trained_motion_detector,frailty29_outer_oof,window,one_vs_rest,0,278,0.2722007722007722,0.9753608877603799,0.0003161430358886719,0.9611526767684195,21785
frailty29_trained_motion_detector,frailty29_outer_oof,window,one_vs_rest,0,279,0.27413127413127414,0.9753608877603799,0.0003031492233276367,0.9611526767684195,21785
frailty29_trained_motion_detector,frailty29_outer_oof,window,one_vs_rest,0,280,0.27413127413127414,0.9757370574128932,0.0002664923667907715,0.9611526767684195,21785
frailty29_trained_motion_detector,frailty29_outer_oof,window,one_vs_rest,0,281,0.27606177606177607,0.9757370574128932,0.0002631545066833496,0.9611526767684195,21785
frailty29_trained_motion_detector,frailty29_outer_oof,window,one_vs_rest,0,282,0.27606177606177607,0.9758310998260216,0.0002593398094177246,0.9611526767684195,21785
frailty29_trained_motion_detector,frailty29_outer_oof,window,one_vs_rest,0,283,0.277992277992278,0.9758310998260216,0.00025540590286254883,0.9611526767684195,21785
frailty29_trained_motion_detector,frailty29_outer_oof,window,one_vs_rest,0,284,0.277992277992278,0.9758781210325856,0.00024813413619995117,0.9611526767684195,21785
frailty29_trained_motion_detector,frailty29_outer_oof,window,one_vs_rest,0,285,0.2799227799227799,0.9758781210325856,0.00024753808975219727,0.9611526767684195,21785
frailty29_trained_motion_detector,frailty29_outer_oof,window,one_vs_rest,0,286,0.2799227799227799,0.9762072694785349,0.00022298097610473633,0.9611526767684195,21785
frailty29_trained_motion_detector,frailty29_outer_oof,window,one_vs_rest,0,287,0.2857142857142857,0.9762072694785349,0.00020676851272583008,0.9611526767684195,21785
frailty29_trained_motion_detector,frailty29_outer_oof,window,one_vs_rest,0,288,0.2857142857142857,0.976254290685099,0.00020545721054077148,0.9611526767684195,21785
frailty29_trained_motion_detector,frailty29_outer_oof,window,one_vs_rest,0,289,0.2876447876447876,0.976254290685099,0.0001887679100036621,0.9611526767684195,21785
frailty29_trained_motion_detector,frailty29_outer_oof,window,one_vs_rest,0,290,0.2876447876447876,0.9763013118916631,0.00018805265426635742,0.9611526767684195,21785
frailty29_trained_motion_detector,frailty29_outer_oof,window,one_vs_rest,0,291,0.2915057915057915,0.9763013118916631,0.00017589330673217773,0.9611526767684195,21785
frailty29_trained_motion_detector,frailty29_outer_oof,window,one_vs_rest,0,292,0.2915057915057915,0.9763483330982273,0.00017517805099487305,0.9611526767684195,21785
frailty29_trained_motion_detector,frailty29_outer_oof,window,one_vs_rest,0,293,0.29343629343629346,0.9763483330982273,0.00017154216766357422,0.9611526767684195,21785
frailty29_trained_motion_detector,frailty29_outer_oof,window,one_vs_rest,0,294,0.29343629343629346,0.9763953543047914,0.00016999244689941406,0.9611526767684195,21785
frailty29_trained_motion_detector,frailty29_outer_oof,window,one_vs_rest,0,295,0.2972972972972973,0.9763953543047914,0.00016450881958007812,0.9611526767684195,21785
frailty29_trained_motion_detector,frailty29_outer_oof,window,one_vs_rest,0,296,0.2972972972972973,0.9764423755113556,0.00016033649444580078,0.9611526767684195,21785
frailty29_trained_motion_detector,frailty29_outer_oof,window,one_vs_rest,0,297,0.29922779922779924,0.9764423755113556,0.0001577138900756836,0.9611526767684195,21785
frailty29_trained_motion_detector,frailty29_outer_oof,window,one_vs_rest,0,298,0.29922779922779924,0.9764893967179198,0.0001538991928100586,0.9611526767684195,21785
frailty29_trained_motion_detector,frailty29_outer_oof,window,one_vs_rest,0,299,0.3030888030888031,0.9764893967179198,0.00015020370483398438,0.9611526767684195,21785
frailty29_trained_motion_detector,frailty29_outer_oof,window,one_vs_rest,0,300,0.3030888030888031,0.9765834391310481,0.00014328956604003906,0.9611526767684195,21785
frailty29_trained_motion_detector,frailty29_outer_oof,window,one_vs_rest,0,301,0.3088803088803089,0.9765834391310481,0.00013935565948486328,0.9611526767684195,21785
frailty29_trained_motion_detector,frailty29_outer_oof,window,one_vs_rest,0,302,0.3088803088803089,0.9766304603376122,0.0001386404037475586,0.9611526767684195,21785
frailty29_trained_motion_detector,frailty29_outer_oof,window,one_vs_rest,0,303,0.3108108108108108,0.9766304603376122,0.00013744831085205078,0.9611526767684195,21785
frailty29_trained_motion_detector,frailty29_outer_oof,window,one_vs_rest,0,304,0.3108108108108108,0.9767245027507406,0.00013554096221923828,0.9611526767684195,21785
frailty29_trained_motion_detector,frailty29_outer_oof,window,one_vs_rest,0,305,0.3127413127413127,0.9767245027507406,0.00013256072998046875,0.9611526767684195,21785
frailty29_trained_motion_detector,frailty29_outer_oof,window,one_vs_rest,0,306,0.3127413127413127,0.9768185451638689,0.00013172626495361328,0.9611526767684195,21785
frailty29_trained_motion_detector,frailty29_outer_oof,window,one_vs_rest,0,307,0.31467181467181465,0.9768185451638689,0.00013124942779541016,0.9611526767684195,21785
frailty29_trained_motion_detector,frailty29_outer_oof,window,one_vs_rest,0,308,0.31467181467181465,0.9768655663704331,0.00013005733489990234,0.9611526767684195,21785
frailty29_trained_motion_detector,frailty29_outer_oof,window,one_vs_rest,0,309,0.3166023166023166,0.9768655663704331,0.00012946128845214844,0.9611526767684195,21785
frailty29_trained_motion_detector,frailty29_outer_oof,window,one_vs_rest,0,310,0.3166023166023166,0.9769125875769972,0.0001214742660522461,0.9611526767684195,21785
frailty29_trained_motion_detector,frailty29_outer_oof,window,one_vs_rest,0,311,0.3204633204633205,0.9769125875769972,0.00011432170867919922,0.9611526767684195,21785
frailty29_trained_motion_detector,frailty29_outer_oof,window,one_vs_rest,0,312,0.3204633204633205,0.9770066299901256,0.00011336803436279297,0.9611526767684195,21785
frailty29_trained_motion_detector,frailty29_outer_oof,window,one_vs_rest,0,313,0.32432432432432434,0.9770066299901256,0.00010979175567626953,0.9611526767684195,21785
frailty29_trained_motion_detector,frailty29_outer_oof,window,one_vs_rest,0,314,0.32432432432432434,0.9770536511966897,0.00010657310485839844,0.9611526767684195,21785
frailty29_trained_motion_detector,frailty29_outer_oof,window,one_vs_rest,0,315,0.33204633204633205,0.9770536511966897,0.0001016855239868164,0.9611526767684195,21785
frailty29_trained_motion_detector,frailty29_outer_oof,window,one_vs_rest,0,316,0.33204633204633205,0.977147693609818,0.00010001659393310547,0.9611526767684195,21785
frailty29_trained_motion_detector,frailty29_outer_oof,window,one_vs_rest,0,317,0.33783783783783783,0.977147693609818,9.799003601074219e-05,0.9611526767684195,21785
frailty29_trained_motion_detector,frailty29_outer_oof,window,one_vs_rest,0,318,0.33783783783783783,0.9771947148163822,9.66787338256836e-05,0.9611526767684195,21785
frailty29_trained_motion_detector,frailty29_outer_oof,window,one_vs_rest,0,319,0.33976833976833976,0.9771947148163822,9.572505950927734e-05,0.9611526767684195,21785
frailty29_trained_motion_detector,frailty29_outer_oof,window,one_vs_rest,0,320,0.33976833976833976,0.9772887572295105,9.441375732421875e-05,0.9611526767684195,21785
frailty29_trained_motion_detector,frailty29_outer_oof,window,one_vs_rest,0,321,0.33976833976833976,0.9773827996426389,9.334087371826172e-05,0.9611526767684195,21785
frailty29_trained_motion_detector,frailty29_outer_oof,window,one_vs_rest,0,322,0.34942084942084944,0.9773827996426389,8.058547973632812e-05,0.9611526767684195,21785
frailty29_trained_motion_detector,frailty29_outer_oof,window,one_vs_rest,0,323,0.34942084942084944,0.9774768420557671,7.891654968261719e-05,0.9611526767684195,21785
frailty29_trained_motion_detector,frailty29_outer_oof,window,one_vs_rest,0,324,0.3532818532818533,0.9774768420557671,7.724761962890625e-05,0.9611526767684195,21785
frailty29_trained_motion_detector,frailty29_outer_oof,window,one_vs_rest,0,325,0.3532818532818533,0.9776649268820238,7.605552673339844e-05,0.9611526767684195,21785
frailty29_trained_motion_detector,frailty29_outer_oof,window,one_vs_rest,0,326,0.3552123552123552,0.9776649268820238,7.49826431274414e-05,0.9611526767684195,21785
frailty29_trained_motion_detector,frailty29_outer_oof,window,one_vs_rest,0,327,0.3552123552123552,0.9777589692951522,7.319450378417969e-05,0.9611526767684195,21785
frailty29_trained_motion_detector,frailty29_outer_oof,window,one_vs_rest,0,328,0.361003861003861,0.9777589692951522,7.2479248046875e-05,0.9611526767684195,21785
frailty29_trained_motion_detector,frailty29_outer_oof,window,one_vs_rest,0,329,0.361003861003861,0.9778059905017162,7.200241088867188e-05,0.9611526767684195,21785
frailty29_trained_motion_detector,frailty29_outer_oof,window,one_vs_rest,0,330,0.3667953667953668,0.9778059905017162,6.99758529663086e-05,0.9611526767684195,21785
frailty29_trained_motion_detector,frailty29_outer_oof,window,one_vs_rest,0,331,0.3667953667953668,0.9778530117082804,6.830692291259766e-05,0.9611526767684195,21785
frailty29_trained_motion_detector,frailty29_outer_oof,window,one_vs_rest,0,332,0.3687258687258687,0.9778530117082804,6.67572021484375e-05,0.9611526767684195,21785
frailty29_trained_motion_detector,frailty29_outer_oof,window,one_vs_rest,0,333,0.3687258687258687,0.9779000329148446,6.651878356933594e-05,0.9611526767684195,21785
frailty29_trained_motion_detector,frailty29_outer_oof,window,one_vs_rest,0,334,0.37065637065637064,0.9779000329148446,6.580352783203125e-05,0.9611526767684195,21785
frailty29_trained_motion_detector,frailty29_outer_oof,window,one_vs_rest,0,335,0.37065637065637064,0.9779940753279729,6.306171417236328e-05,0.9611526767684195,21785
frailty29_trained_motion_detector,frailty29_outer_oof,window,one_vs_rest,0,336,0.37258687258687256,0.9779940753279729,6.222724914550781e-05,0.9611526767684195,21785
frailty29_trained_motion_detector,frailty29_outer_oof,window,one_vs_rest,0,337,0.3745173745173745,0.9780410965345371,6.151199340820312e-05,0.9611526767684195,21785
frailty29_trained_motion_detector,frailty29_outer_oof,window,one_vs_rest,0,338,0.3783783783783784,0.9780410965345371,5.9604644775390625e-05,0.9611526767684195,21785
frailty29_trained_motion_detector,frailty29_outer_oof,window,one_vs_rest,0,339,0.3783783783783784,0.9780881177411013,5.8770179748535156e-05,0.9611526767684195,21785
frailty29_trained_motion_detector,frailty29_outer_oof,window,one_vs_rest,0,340,0.3803088803088803,0.9780881177411013,5.829334259033203e-05,0.9611526767684195,21785
frailty29_trained_motion_detector,frailty29_outer_oof,window,one_vs_rest,0,341,0.3803088803088803,0.9781821601542295,5.710124969482422e-05,0.9611526767684195,21785
frailty29_trained_motion_detector,frailty29_outer_oof,window,one_vs_rest,0,342,0.38996138996138996,0.9781821601542295,5.424022674560547e-05,0.9611526767684195,21785
frailty29_trained_motion_detector,frailty29_outer_oof,window,one_vs_rest,0,343,0.38996138996138996,0.9782291813607937,5.352497100830078e-05,0.9611526767684195,21785
frailty29_trained_motion_detector,frailty29_outer_oof,window,one_vs_rest,0,344,0.3938223938223938,0.9782291813607937,5.269050598144531e-05,0.9611526767684195,21785
frailty29_trained_motion_detector,frailty29_outer_oof,window,one_vs_rest,0,345,0.3938223938223938,0.9782762025673579,5.137920379638672e-05,0.9611526767684195,21785
frailty29_trained_motion_detector,frailty29_outer_oof,window,one_vs_rest,0,346,0.41505791505791506,0.9782762025673579,4.2319297790527344e-05,0.9611526767684195,21785
frailty29_trained_motion_detector,frailty29_outer_oof,window,one_vs_rest,0,347,0.4189189189189189,0.978323223773922,4.184246063232422e-05,0.9611526767684195,21785
frailty29_trained_motion_detector,frailty29_outer_oof,window,one_vs_rest,0,348,0.4305019305019305,0.978323223773922,3.802776336669922e-05,0.9611526767684195,21785
frailty29_trained_motion_detector,frailty29_outer_oof,window,one_vs_rest,0,349,0.4305019305019305,0.9783702449804862,3.647804260253906e-05,0.9611526767684195,21785
frailty29_trained_motion_detector,frailty29_outer_oof,window,one_vs_rest,0,350,0.43243243243243246,0.9783702449804862,3.635883331298828e-05,0.9611526767684195,21785
frailty29_trained_motion_detector,frailty29_outer_oof,window,one_vs_rest,0,351,0.43243243243243246,0.9784172661870504,3.62396240234375e-05,0.9611526767684195,21785
frailty29_trained_motion_detector,frailty29_outer_oof,window,one_vs_rest,0,352,0.4343629343629344,0.9784172661870504,3.600120544433594e-05,0.9611526767684195,21785
frailty29_trained_motion_detector,frailty29_outer_oof,window,one_vs_rest,0,353,0.43822393822393824,0.9784172661870504,3.540515899658203e-05,0.9611526767684195,21785
frailty29_trained_motion_detector,frailty29_outer_oof,window,one_vs_rest,0,354,0.44015444015444016,0.9784172661870504,3.4689903259277344e-05,0.9611526767684195,21785
frailty29_trained_motion_detector,frailty29_outer_oof,window,one_vs_rest,0,355,0.444015444015444,0.9784172661870504,3.457069396972656e-05,0.9611526767684195,21785
frailty29_trained_motion_detector,frailty29_outer_oof,window,one_vs_rest,0,356,0.44594594594594594,0.9784172661870504,3.349781036376953e-05,0.9611526767684195,21785
frailty29_trained_motion_detector,frailty29_outer_oof,window,one_vs_rest,0,357,0.4498069498069498,0.9784172661870504,3.314018249511719e-05,0.9611526767684195,21785
frailty29_trained_motion_detector,frailty29_outer_oof,window,one_vs_rest,0,358,0.47297297297297297,0.9784172661870504,2.658367156982422e-05,0.9611526767684195,21785
frailty29_trained_motion_detector,frailty29_outer_oof,window,one_vs_rest,0,359,0.4768339768339768,0.9784172661870504,2.586841583251953e-05,0.9611526767684195,21785
frailty29_trained_motion_detector,frailty29_outer_oof,window,one_vs_rest,0,360,0.48455598455598453,0.9784172661870504,2.5033950805664062e-05,0.9611526767684195,21785
frailty29_trained_motion_detector,frailty29_outer_oof,window,one_vs_rest,0,361,0.4864864864864865,0.9784642873936146,2.47955322265625e-05,0.9611526767684195,21785
frailty29_trained_motion_detector,frailty29_outer_oof,window,one_vs_rest,0,362,0.48841698841698844,0.9784642873936146,2.467632293701172e-05,0.9611526767684195,21785
frailty29_trained_motion_detector,frailty29_outer_oof,window,one_vs_rest,0,363,0.4922779922779923,0.9784642873936146,2.4199485778808594e-05,0.9611526767684195,21785
frailty29_trained_motion_detector,frailty29_outer_oof,window,one_vs_rest,0,364,0.5019305019305019,0.9784642873936146,2.205371856689453e-05,0.9611526767684195,21785
frailty29_trained_motion_detector,frailty29_outer_oof,window,one_vs_rest,0,365,0.5077220077220077,0.9784642873936146,2.0742416381835938e-05,0.9611526767684195,21785
frailty29_trained_motion_detector,frailty29_outer_oof,window,one_vs_rest,0,366,0.5115830115830116,0.9784642873936146,2.0265579223632812e-05,0.9611526767684195,21785
frailty29_trained_motion_detector,frailty29_outer_oof,window,one_vs_rest,0,367,0.5154440154440154,0.9784642873936146,1.990795135498047e-05,0.9611526767684195,21785
frailty29_trained_motion_detector,frailty29_outer_oof,window,one_vs_rest,0,368,0.5154440154440154,0.9785113086001787,1.9431114196777344e-05,0.9611526767684195,21785
frailty29_trained_motion_detector,frailty29_outer_oof,window,one_vs_rest,0,369,0.5212355212355212,0.9785113086001787,1.9311904907226562e-05,0.9611526767684195,21785
frailty29_trained_motion_detector,frailty29_outer_oof,window,one_vs_rest,0,370,0.525096525096525,0.9785113086001787,1.8596649169921875e-05,0.9611526767684195,21785
frailty29_trained_motion_detector,frailty29_outer_oof,window,one_vs_rest,0,371,0.5308880308880309,0.9785113086001787,1.8358230590820312e-05,0.9611526767684195,21785
frailty29_trained_motion_detector,frailty29_outer_oof,window,one_vs_rest,0,372,0.5386100386100386,0.9785113086001787,1.6450881958007812e-05,0.9611526767684195,21785
frailty29_trained_motion_detector,frailty29_outer_oof,window,one_vs_rest,0,373,0.5424710424710425,0.9785113086001787,1.633167266845703e-05,0.9611526767684195,21785
frailty29_trained_motion_detector,frailty29_outer_oof,window,one_vs_rest,0,374,0.5463320463320464,0.9785113086001787,1.537799835205078e-05,0.9611526767684195,21785
frailty29_trained_motion_detector,frailty29_outer_oof,window,one_vs_rest,0,375,0.5501930501930502,0.9785113086001787,1.52587890625e-05,0.9611526767684195,21785
frailty29_trained_motion_detector,frailty29_outer_oof,window,one_vs_rest,0,376,0.555984555984556,0.9785113086001787,1.4781951904296875e-05,0.9611526767684195,21785
frailty29_trained_motion_detector,frailty29_outer_oof,window,one_vs_rest,0,377,0.555984555984556,0.9785583298067428,1.4543533325195312e-05,0.9611526767684195,21785
frailty29_trained_motion_detector,frailty29_outer_oof,window,one_vs_rest,0,378,0.5579150579150579,0.9785583298067428,1.4424324035644531e-05,0.9611526767684195,21785
frailty29_trained_motion_detector,frailty29_outer_oof,window,one_vs_rest,0,379,0.5656370656370656,0.9785583298067428,1.4185905456542969e-05,0.9611526767684195,21785
frailty29_trained_motion_detector,frailty29_outer_oof,window,one_vs_rest,0,380,0.5675675675675675,0.9785583298067428,1.3947486877441406e-05,0.9611526767684195,21785
frailty29_trained_motion_detector,frailty29_outer_oof,window,one_vs_rest,0,381,0.5714285714285714,0.9785583298067428,1.3828277587890625e-05,0.9611526767684195,21785
frailty29_trained_motion_detector,frailty29_outer_oof,window,one_vs_rest,0,382,0.5752895752895753,0.9785583298067428,1.33514404296875e-05,0.9611526767684195,21785
frailty29_trained_motion_detector,frailty29_outer_oof,window,one_vs_rest,0,383,0.583011583011583,0.9785583298067428,1.3113021850585938e-05,0.9611526767684195,21785
frailty29_trained_motion_detector,frailty29_outer_oof,window,one_vs_rest,0,384,0.584942084942085,0.9785583298067428,1.2636184692382812e-05,0.9611526767684195,21785
frailty29_trained_motion_detector,frailty29_outer_oof,window,one_vs_rest,0,385,0.5926640926640927,0.9785583298067428,1.1920928955078125e-05,0.9611526767684195,21785
frailty29_trained_motion_detector,frailty29_outer_oof,window,one_vs_rest,0,386,0.5945945945945946,0.9785583298067428,1.1563301086425781e-05,0.9611526767684195,21785
frailty29_trained_motion_detector,frailty29_outer_oof,window,one_vs_rest,0,387,0.5945945945945946,0.978605351013307,1.1444091796875e-05,0.9611526767684195,21785
frailty29_trained_motion_detector,frailty29_outer_oof,window,one_vs_rest,0,388,0.5984555984555985,0.978605351013307,1.1086463928222656e-05,0.9611526767684195,21785
frailty29_trained_motion_detector,frailty29_outer_oof,window,one_vs_rest,0,389,0.6023166023166023,0.978605351013307,1.0967254638671875e-05,0.9611526767684195,21785
frailty29_trained_motion_detector,frailty29_outer_oof,window,one_vs_rest,0,390,0.611969111969112,0.978605351013307,9.894371032714844e-06,0.9611526767684195,21785
frailty29_trained_motion_detector,frailty29_outer_oof,window,one_vs_rest,0,391,0.6158301158301158,0.978605351013307,9.655952453613281e-06,0.9611526767684195,21785
frailty29_trained_motion_detector,frailty29_outer_oof,window,one_vs_rest,0,392,0.6216216216216216,0.978605351013307,9.5367431640625e-06,0.9611526767684195,21785
frailty29_trained_motion_detector,frailty29_outer_oof,window,one_vs_rest,0,393,0.6235521235521235,0.9786523722198711,9.417533874511719e-06,0.9611526767684195,21785
frailty29_trained_motion_detector,frailty29_outer_oof,window,one_vs_rest,0,394,0.6351351351351351,0.9786523722198711,8.702278137207031e-06,0.9611526767684195,21785
frailty29_trained_motion_detector,frailty29_outer_oof,window,one_vs_rest,0,395,0.637065637065637,0.9786523722198711,8.58306884765625e-06,0.9611526767684195,21785
frailty29_trained_motion_detector,frailty29_outer_oof,window,one_vs_rest,0,396,0.6428571428571429,0.9786523722198711,8.225440979003906e-06,0.9611526767684195,21785
frailty29_trained_motion_detector,frailty29_outer_oof,window,one_vs_rest,0,397,0.6447876447876448,0.9786993934264353,8.106231689453125e-06,0.9611526767684195,21785
frailty29_trained_motion_detector,frailty29_outer_oof,window,one_vs_rest,0,398,0.6563706563706564,0.9786993934264353,6.318092346191406e-06,0.9611526767684195,21785
frailty29_trained_motion_detector,frailty29_outer_oof,window,one_vs_rest,0,399,0.6563706563706564,0.9787464146329995,6.198883056640625e-06,0.9611526767684195,21785
frailty29_trained_motion_detector,frailty29_outer_oof,window,one_vs_rest,0,400,0.6602316602316602,0.9787464146329995,5.841255187988281e-06,0.9611526767684195,21785
frailty29_trained_motion_detector,frailty29_outer_oof,window,one_vs_rest,0,401,0.667953667953668,0.9787464146329995,5.364418029785156e-06,0.9611526767684195,21785
frailty29_trained_motion_detector,frailty29_outer_oof,window,one_vs_rest,0,402,0.6718146718146718,0.9787464146329995,4.76837158203125e-06,0.9611526767684195,21785
frailty29_trained_motion_detector,frailty29_outer_oof,window,one_vs_rest,0,403,0.6756756756756757,0.9787464146329995,4.5299530029296875e-06,0.9611526767684195,21785
frailty29_trained_motion_detector,frailty29_outer_oof,window,one_vs_rest,0,404,0.6795366795366795,0.9787464146329995,4.0531158447265625e-06,0.9611526767684195,21785
frailty29_trained_motion_detector,frailty29_outer_oof,window,one_vs_rest,0,405,0.6814671814671814,0.9787934358395637,3.933906555175781e-06,0.9611526767684195,21785
frailty29_trained_motion_detector,frailty29_outer_oof,window,one_vs_rest,0,406,0.6891891891891891,0.9787934358395637,3.2186508178710938e-06,0.9611526767684195,21785
frailty29_trained_motion_detector,frailty29_outer_oof,window,one_vs_rest,0,407,0.6891891891891891,0.9788404570461278,2.86102294921875e-06,0.9611526767684195,21785
frailty29_trained_motion_detector,frailty29_outer_oof,window,one_vs_rest,0,408,0.7007722007722008,0.9788404570461278,2.6226043701171875e-06,0.9611526767684195,21785
frailty29_trained_motion_detector,frailty29_outer_oof,window,one_vs_rest,0,409,0.7046332046332047,0.9788404570461278,2.5033950805664062e-06,0.9611526767684195,21785
frailty29_trained_motion_detector,frailty29_outer_oof,window,one_vs_rest,0,410,0.7123552123552124,0.9788404570461278,2.384185791015625e-06,0.9611526767684195,21785
frailty29_trained_motion_detector,frailty29_outer_oof,window,one_vs_rest,0,411,0.7162162162162162,0.9788404570461278,2.2649765014648438e-06,0.9611526767684195,21785
frailty29_trained_motion_detector,frailty29_outer_oof,window,one_vs_rest,0,412,0.7181467181467182,0.9788404570461278,2.1457672119140625e-06,0.9611526767684195,21785
frailty29_trained_motion_detector,frailty29_outer_oof,window,one_vs_rest,0,413,0.722007722007722,0.9788404570461278,2.0265579223632812e-06,0.9611526767684195,21785
frailty29_trained_motion_detector,frailty29_outer_oof,window,one_vs_rest,0,414,0.7335907335907336,0.978887478252692,1.9073486328125e-06,0.9611526767684195,21785
frailty29_trained_motion_detector,frailty29_outer_oof,window,one_vs_rest,0,415,0.7413127413127413,0.978887478252692,1.6689300537109375e-06,0.9611526767684195,21785
frailty29_trained_motion_detector,frailty29_outer_oof,window,one_vs_rest,0,416,0.749034749034749,0.978887478252692,1.430511474609375e-06,0.9611526767684195,21785
frailty29_trained_motion_detector,frailty29_outer_oof,window,one_vs_rest,0,417,0.7567567567567568,0.978887478252692,1.1920928955078125e-06,0.9611526767684195,21785
frailty29_trained_motion_detector,frailty29_outer_oof,window,one_vs_rest,0,418,0.7644787644787645,0.978887478252692,1.0728836059570312e-06,0.9611526767684195,21785
frailty29_trained_motion_detector,frailty29_outer_oof,window,one_vs_rest,0,419,0.7702702702702703,0.978887478252692,9.5367431640625e-07,0.9611526767684195,21785
frailty29_trained_motion_detector,frailty29_outer_oof,window,one_vs_rest,0,420,0.7818532818532818,0.978887478252692,8.344650268554688e-07,0.9611526767684195,21785
frailty29_trained_motion_detector,frailty29_outer_oof,window,one_vs_rest,0,421,0.805019305019305,0.978887478252692,7.152557373046875e-07,0.9611526767684195,21785
frailty29_trained_motion_detector,frailty29_outer_oof,window,one_vs_rest,0,422,0.8166023166023166,0.978887478252692,5.960464477539062e-07,0.9611526767684195,21785
frailty29_trained_motion_detector,frailty29_outer_oof,window,one_vs_rest,0,423,0.8571428571428571,0.978887478252692,4.76837158203125e-07,0.9611526767684195,21785
frailty29_trained_motion_detector,frailty29_outer_oof,window,one_vs_rest,0,424,0.8957528957528957,0.978887478252692,3.5762786865234375e-07,0.9611526767684195,21785
frailty29_trained_motion_detector,frailty29_outer_oof,window,one_vs_rest,0,425,0.9401544401544402,0.9791225842855128,2.384185791015625e-07,0.9611526767684195,21785
frailty29_trained_motion_detector,frailty29_outer_oof,window,one_vs_rest,0,426,0.9884169884169884,0.9793106691117694,1.1920928955078125e-07,0.9611526767684195,21785
frailty29_trained_motion_detector,frailty29_outer_oof,window,one_vs_rest,0,427,1.0,1.0,0.0,0.9611526767684195,21785
frailty29_trained_motion_detector,frailty29_outer_oof,window,one_vs_rest,1,0,0.0,0.0,,0.9611526767684196,21785
frailty29_trained_motion_detector,frailty29_outer_oof,window,one_vs_rest,1,1,0.020689330888230592,0.011583011583011582,1.0,0.9611526767684196,21785
frailty29_trained_motion_detector,frailty29_outer_oof,window,one_vs_rest,1,2,0.020877415714487233,0.059845559845559844,0.9999998807907104,0.9611526767684196,21785
frailty29_trained_motion_detector,frailty29_outer_oof,window,one_vs_rest,1,3,0.021112521747308037,0.10424710424710425,0.9999997615814209,0.9611526767684196,21785
frailty29_trained_motion_detector,frailty29_outer_oof,window,one_vs_rest,1,4,0.021112521747308037,0.14285714285714285,0.9999996423721313,0.9611526767684196,21785
frailty29_trained_motion_detector,frailty29_outer_oof,window,one_vs_rest,1,5,0.021112521747308037,0.1833976833976834,0.9999995231628418,0.9611526767684196,21785
frailty29_trained_motion_detector,frailty29_outer_oof,window,one_vs_rest,1,6,0.021112521747308037,0.19498069498069498,0.9999994039535522,0.9611526767684196,21785
frailty29_trained_motion_detector,frailty29_outer_oof,window,one_vs_rest,1,7,0.021112521747308037,0.21814671814671815,0.9999992847442627,0.9611526767684196,21785
frailty29_trained_motion_detector,frailty29_outer_oof,window,one_vs_rest,1,8,0.021112521747308037,0.22972972972972974,0.9999991655349731,0.9611526767684196,21785
frailty29_trained_motion_detector,frailty29_outer_oof,window,one_vs_rest,1,9,0.021112521747308037,0.23552123552123552,0.9999990463256836,0.9611526767684196,21785
frailty29_trained_motion_detector,frailty29_outer_oof,window,one_vs_rest,1,10,0.021112521747308037,0.24324324324324326,0.999998927116394,0.9611526767684196,21785
frailty29_trained_motion_detector,frailty29_outer_oof,window,one_vs_rest,1,11,0.021112521747308037,0.25096525096525096,0.9999986886978149,0.9611526767684196,21785
frailty29_trained_motion_detector,frailty29_outer_oof,window,one_vs_rest,1,12,0.021112521747308037,0.25868725868725867,0.9999985694885254,0.9611526767684196,21785
frailty29_trained_motion_detector,frailty29_outer_oof,window,one_vs_rest,1,13,0.021112521747308037,0.26640926640926643,0.9999982118606567,0.9611526767684196,21785
frailty29_trained_motion_detector,frailty29_outer_oof,window,one_vs_rest,1,14,0.021159542953872196,0.277992277992278,0.9999980926513672,0.9611526767684196,21785
frailty29_trained_motion_detector,frailty29_outer_oof,window,one_vs_rest,1,15,0.021159542953872196,0.28185328185328185,0.9999979734420776,0.9611526767684196,21785
frailty29_trained_motion_detector,frailty29_outer_oof,window,one_vs_rest,1,16,0.021159542953872196,0.28378378378378377,0.9999978542327881,0.9611526767684196,21785
frailty29_trained_motion_detector,frailty29_outer_oof,window,one_vs_rest,1,17,0.021159542953872196,0.2876447876447876,0.9999977350234985,0.9611526767684196,21785
frailty29_trained_motion_detector,frailty29_outer_oof,window,one_vs_rest,1,18,0.021159542953872196,0.2953667953667954,0.999997615814209,0.9611526767684196,21785
frailty29_trained_motion_detector,frailty29_outer_oof,window,one_vs_rest,1,19,0.021159542953872196,0.29922779922779924,0.9999974966049194,0.9611526767684196,21785
frailty29_trained_motion_detector,frailty29_outer_oof,window,one_vs_rest,1,20,0.021159542953872196,0.3108108108108108,0.9999972581863403,0.9611526767684196,21785
frailty29_trained_motion_detector,frailty29_outer_oof,window,one_vs_rest,1,21,0.021206564160436356,0.3108108108108108,0.9999971389770508,0.9611526767684196,21785
frailty29_trained_motion_detector,frailty29_outer_oof,window,one_vs_rest,1,22,0.021206564160436356,0.3185328185328185,0.9999963045120239,0.9611526767684196,21785
frailty29_trained_motion_detector,frailty29_outer_oof,window,one_vs_rest,1,23,0.02125358536700052,0.3204633204633205,0.9999960660934448,0.9611526767684196,21785
frailty29_trained_motion_detector,frailty29_outer_oof,window,one_vs_rest,1,24,0.02125358536700052,0.32432432432432434,0.9999957084655762,0.9611526767684196,21785
frailty29_trained_motion_detector,frailty29_outer_oof,window,one_vs_rest,1,25,0.02125358536700052,0.3281853281853282,0.9999954700469971,0.9611526767684196,21785
frailty29_trained_motion_detector,frailty29_outer_oof,window,one_vs_rest,1,26,0.02125358536700052,0.33204633204633205,0.9999949932098389,0.9611526767684196,21785
frailty29_trained_motion_detector,frailty29_outer_oof,window,one_vs_rest,1,27,0.02125358536700052,0.33976833976833976,0.9999945163726807,0.9611526767684196,21785
frailty29_trained_motion_detector,frailty29_outer_oof,window,one_vs_rest,1,28,0.02125358536700052,0.3436293436293436,0.9999939203262329,0.9611526767684196,21785
frailty29_trained_motion_detector,frailty29_outer_oof,window,one_vs_rest,1,29,0.021300606573564678,0.3436293436293436,0.9999938011169434,0.9611526767684196,21785
frailty29_trained_motion_detector,frailty29_outer_oof,window,one_vs_rest,1,30,0.021300606573564678,0.3552123552123552,0.9999921321868896,0.9611526767684196,21785
frailty29_trained_motion_detector,frailty29_outer_oof,window,one_vs_rest,1,31,0.021347627780128837,0.35714285714285715,0.9999918937683105,0.9611526767684196,21785
frailty29_trained_motion_detector,frailty29_outer_oof,window,one_vs_rest,1,32,0.021347627780128837,0.36293436293436293,0.999991774559021,0.9611526767684196,21785
frailty29_trained_motion_detector,frailty29_outer_oof,window,one_vs_rest,1,33,0.021347627780128837,0.36486486486486486,0.9999914169311523,0.9611526767684196,21785
frailty29_trained_motion_detector,frailty29_outer_oof,window,one_vs_rest,1,34,0.021347627780128837,0.3764478764478765,0.999990701675415,0.9611526767684196,21785
frailty29_trained_motion_detector,frailty29_outer_oof,window,one_vs_rest,1,35,0.021394648986692997,0.3783783783783784,0.9999905824661255,0.9611526767684196,21785
frailty29_trained_motion_detector,frailty29_outer_oof,window,one_vs_rest,1,36,0.021394648986692997,0.3841698841698842,0.9999904632568359,0.9611526767684196,21785
frailty29_trained_motion_detector,frailty29_outer_oof,window,one_vs_rest,1,37,0.021394648986692997,0.38803088803088803,0.9999903440475464,0.9611526767684196,21785
frailty29_trained_motion_detector,frailty29_outer_oof,window,one_vs_rest,1,38,0.021394648986692997,0.39768339768339767,0.99998939037323,0.9611526767684196,21785
frailty29_trained_motion_detector,frailty29_outer_oof,window,one_vs_rest,1,39,0.021394648986692997,0.4015444015444015,0.9999890327453613,0.9611526767684196,21785
frailty29_trained_motion_detector,frailty29_outer_oof,window,one_vs_rest,1,40,0.021394648986692997,0.40540540540540543,0.9999887943267822,0.9611526767684196,21785
frailty29_trained_motion_detector,frailty29_outer_oof,window,one_vs_rest,1,41,0.02144167019325716,0.40540540540540543,0.9999885559082031,0.9611526767684196,21785
frailty29_trained_motion_detector,frailty29_outer_oof,window,one_vs_rest,1,42,0.02144167019325716,0.40733590733590735,0.9999884366989136,0.9611526767684196,21785
frailty29_trained_motion_detector,frailty29_outer_oof,window,one_vs_rest,1,43,0.02144167019325716,0.41505791505791506,0.9999878406524658,0.9611526767684196,21785
frailty29_trained_motion_detector,frailty29_outer_oof,window,one_vs_rest,1,44,0.02144167019325716,0.416988416988417,0.9999873638153076,0.9611526767684196,21785
frailty29_trained_motion_detector,frailty29_outer_oof,window,one_vs_rest,1,45,0.02144167019325716,0.4247104247104247,0.9999867677688599,0.9611526767684196,21785
frailty29_trained_motion_detector,frailty29_outer_oof,window,one_vs_rest,1,46,0.02144167019325716,0.42857142857142855,0.9999864101409912,0.9611526767684196,21785
frailty29_trained_motion_detector,frailty29_outer_oof,window,one_vs_rest,1,47,0.02144167019325716,0.43243243243243246,0.9999861717224121,0.9611526767684196,21785
frailty29_trained_motion_detector,frailty29_outer_oof,window,one_vs_rest,1,48,0.02144167019325716,0.4343629343629344,0.9999860525131226,0.9611526767684196,21785
frailty29_trained_motion_detector,frailty29_outer_oof,window,one_vs_rest,1,49,0.02144167019325716,0.4420849420849421,0.9999858140945435,0.9611526767684196,21785
frailty29_trained_motion_detector,frailty29_outer_oof,window,one_vs_rest,1,50,0.02144167019325716,0.444015444015444,0.9999855756759644,0.9611526767684196,21785
frailty29_trained_motion_detector,frailty29_outer_oof,window,one_vs_rest,1,51,0.02148869139982132,0.444015444015444,0.9999854564666748,0.9611526767684196,21785
frailty29_trained_motion_detector,frailty29_outer_oof,window,one_vs_rest,1,52,0.02148869139982132,0.4498069498069498,0.9999849796295166,0.9611526767684196,21785
frailty29_trained_motion_detector,frailty29_outer_oof,window,one_vs_rest,1,53,0.02148869139982132,0.45366795366795365,0.9999847412109375,0.9611526767684196,21785
frailty29_trained_motion_detector,frailty29_outer_oof,window,one_vs_rest,1,54,0.02148869139982132,0.4575289575289575,0.9999842643737793,0.9611526767684196,21785
frailty29_trained_motion_detector,frailty29_outer_oof,window,one_vs_rest,1,55,0.02148869139982132,0.4613899613899614,0.9999836683273315,0.9611526767684196,21785
frailty29_trained_motion_detector,frailty29_outer_oof,window,one_vs_rest,1,56,0.02148869139982132,0.4691119691119691,0.9999818801879883,0.9611526767684196,21785
frailty29_trained_motion_detector,frailty29_outer_oof,window,one_vs_rest,1,57,0.02148869139982132,0.4749034749034749,0.9999816417694092,0.9611526767684196,21785
frailty29_trained_motion_detector,frailty29_outer_oof,window,one_vs_rest,1,58,0.02148869139982132,0.47876447876447875,0.9999814033508301,0.9611526767684196,21785
frailty29_trained_motion_detector,frailty29_outer_oof,window,one_vs_rest,1,59,0.02148869139982132,0.48455598455598453,0.9999806880950928,0.9611526767684196,21785
frailty29_trained_motion_detector,frailty29_outer_oof,window,one_vs_rest,1,60,0.02153571260638548,0.48455598455598453,0.9999805688858032,0.9611526767684196,21785
frailty29_trained_motion_detector,frailty29_outer_oof,window,one_vs_rest,1,61,0.02153571260638548,0.48841698841698844,0.999980092048645,0.9611526767684196,21785
frailty29_trained_motion_detector,frailty29_outer_oof,window,one_vs_rest,1,62,0.02153571260638548,0.4922779922779923,0.9999794960021973,0.9611526767684196,21785
frailty29_trained_motion_detector,frailty29_outer_oof,window,one_vs_rest,1,63,0.02153571260638548,0.4980694980694981,0.9999792575836182,0.9611526767684196,21785
frailty29_trained_motion_detector,frailty29_outer_oof,window,one_vs_rest,1,64,0.02153571260638548,0.5077220077220077,0.9999759197235107,0.9611526767684196,21785
frailty29_trained_motion_detector,frailty29_outer_oof,window,one_vs_rest,1,65,0.02153571260638548,0.5115830115830116,0.9999758005142212,0.9611526767684196,21785
frailty29_trained_motion_detector,frailty29_outer_oof,window,one_vs_rest,1,66,0.02153571260638548,0.5135135135135135,0.999975323677063,0.9611526767684196,21785
frailty29_trained_motion_detector,frailty29_outer_oof,window,one_vs_rest,1,67,0.02158273381294964,0.5154440154440154,0.9999752044677734,0.9611526767684196,21785
frailty29_trained_motion_detector,frailty29_outer_oof,window,one_vs_rest,1,68,0.02158273381294964,0.5231660231660231,0.999974250793457,0.9611526767684196,21785
frailty29_trained_motion_detector,frailty29_outer_oof,window,one_vs_rest,1,69,0.02158273381294964,0.527027027027027,0.9999741315841675,0.9611526767684196,21785
frailty29_trained_motion_detector,frailty29_outer_oof,window,one_vs_rest,1,70,0.02158273381294964,0.5501930501930502,0.9999669790267944,0.9611526767684196,21785
frailty29_trained_motion_detector,frailty29_outer_oof,window,one_vs_rest,1,71,0.02158273381294964,0.5540540540540541,0.9999668598175049,0.9611526767684196,21785
frailty29_trained_motion_detector,frailty29_outer_oof,window,one_vs_rest,1,72,0.02158273381294964,0.555984555984556,0.9999665021896362,0.9611526767684196,21785
frailty29_trained_motion_detector,frailty29_outer_oof,window,one_vs_rest,1,73,0.02158273381294964,0.5598455598455598,0.9999654293060303,0.9611526767684196,21785
frailty29_trained_motion_detector,frailty29_outer_oof,window,one_vs_rest,1,74,0.02158273381294964,0.5617760617760618,0.9999653100967407,0.9611526767684196,21785
frailty29_trained_motion_detector,frailty29_outer_oof,window,one_vs_rest,1,75,0.02158273381294964,0.5656370656370656,0.9999645948410034,0.9611526767684196,21785
frailty29_trained_motion_detector,frailty29_outer_oof,window,one_vs_rest,1,76,0.02158273381294964,0.5675675675675675,0.9999639987945557,0.9611526767684196,21785
frailty29_trained_motion_detector,frailty29_outer_oof,window,one_vs_rest,1,77,0.0216297550195138,0.5675675675675675,0.9999637603759766,0.9611526767684196,21785
frailty29_trained_motion_detector,frailty29_outer_oof,window,one_vs_rest,1,78,0.0216297550195138,0.5694980694980695,0.999963641166687,0.9611526767684196,21785
frailty29_trained_motion_detector,frailty29_outer_oof,window,one_vs_rest,1,79,0.02167677622607796,0.5694980694980695,0.9999635219573975,0.9611526767684196,21785
frailty29_trained_motion_detector,frailty29_outer_oof,window,one_vs_rest,1,80,0.02167677622607796,0.581081081081081,0.9999594688415527,0.9611526767684196,21785
frailty29_trained_motion_detector,frailty29_outer_oof,window,one_vs_rest,1,81,0.021723797432642123,0.584942084942085,0.9999581575393677,0.9611526767684196,21785
frailty29_trained_motion_detector,frailty29_outer_oof,window,one_vs_rest,1,82,0.021723797432642123,0.6061776061776062,0.9999496936798096,0.9611526767684196,21785
frailty29_trained_motion_detector,frailty29_outer_oof,window,one_vs_rest,1,83,0.021770818639206282,0.6061776061776062,0.9999486207962036,0.9611526767684196,21785
frailty29_trained_motion_detector,frailty29_outer_oof,window,one_vs_rest,1,84,0.021770818639206282,0.61003861003861,0.9999468326568604,0.9611526767684196,21785
frailty29_trained_motion_detector,frailty29_outer_oof,window,one_vs_rest,1,85,0.021817839845770442,0.61003861003861,0.9999464750289917,0.9611526767684196,21785
frailty29_trained_motion_detector,frailty29_outer_oof,window,one_vs_rest,1,86,0.021817839845770442,0.6196911196911197,0.999943733215332,0.9611526767684196,21785
frailty29_trained_motion_detector,frailty29_outer_oof,window,one_vs_rest,1,87,0.021911882258898764,0.6196911196911197,0.9999418258666992,0.9611526767684196,21785
frailty29_trained_motion_detector,frailty29_outer_oof,window,one_vs_rest,1,88,0.021911882258898764,0.6216216216216216,0.9999417066574097,0.9611526767684196,21785
frailty29_trained_motion_detector,frailty29_outer_oof,window,one_vs_rest,1,89,0.021958903465462924,0.6216216216216216,0.9999412298202515,0.9611526767684196,21785
frailty29_trained_motion_detector,frailty29_outer_oof,window,one_vs_rest,1,90,0.021958903465462924,0.6254826254826255,0.9999390840530396,0.9611526767684196,21785
frailty29_trained_motion_detector,frailty29_outer_oof,window,one_vs_rest,1,91,0.022005924672027083,0.6274131274131274,0.9999384880065918,0.9611526767684196,21785
frailty29_trained_motion_detector,frailty29_outer_oof,window,one_vs_rest,1,92,0.022005924672027083,0.6293436293436293,0.9999377727508545,0.9611526767684196,21785
frailty29_trained_motion_detector,frailty29_outer_oof,window,one_vs_rest,1,93,0.022099967085155405,0.6293436293436293,0.9999347925186157,0.9611526767684196,21785
frailty29_trained_motion_detector,frailty29_outer_oof,window,one_vs_rest,1,94,0.022099967085155405,0.6312741312741312,0.999934196472168,0.9611526767684196,21785
frailty29_trained_motion_detector,frailty29_outer_oof,window,one_vs_rest,1,95,0.022146988291719565,0.6312741312741312,0.9999334812164307,0.9611526767684196,21785
frailty29_trained_motion_detector,frailty29_outer_oof,window,one_vs_rest,1,96,0.022146988291719565,0.6332046332046332,0.9999332427978516,0.9611526767684196,21785
frailty29_trained_motion_detector,frailty29_outer_oof,window,one_vs_rest,1,97,0.022194009498283727,0.6332046332046332,0.9999316930770874,0.9611526767684196,21785
frailty29_trained_motion_detector,frailty29_outer_oof,window,one_vs_rest,1,98,0.022194009498283727,0.638996138996139,0.9999294281005859,0.9611526767684196,21785
frailty29_trained_motion_detector,frailty29_outer_oof,window,one_vs_rest,1,99,0.022241030704847887,0.638996138996139,0.9999279975891113,0.9611526767684196,21785
frailty29_trained_motion_detector,frailty29_outer_oof,window,one_vs_rest,1,100,0.022241030704847887,0.6447876447876448,0.9999270439147949,0.9611526767684196,21785
frailty29_trained_motion_detector,frailty29_outer_oof,window,one_vs_rest,1,101,0.022335073117976206,0.6447876447876448,0.9999253749847412,0.9611526767684196,21785
frailty29_trained_motion_detector,frailty29_outer_oof,window,one_vs_rest,1,102,0.022335073117976206,0.6467181467181468,0.9999250173568726,0.9611526767684196,21785
frailty29_trained_motion_detector,frailty29_outer_oof,window,one_vs_rest,1,103,0.02252315794423285,0.6467181467181468,0.9999233484268188,0.9611526767684196,21785
frailty29_trained_motion_detector,frailty29_outer_oof,window,one_vs_rest,1,104,0.02252315794423285,0.6505791505791506,0.999921441078186,0.9611526767684196,21785
frailty29_trained_motion_detector,frailty29_outer_oof,window,one_vs_rest,1,105,0.02261720035736117,0.6505791505791506,0.9999203681945801,0.9611526767684196,21785
frailty29_trained_motion_detector,frailty29_outer_oof,window,one_vs_rest,1,106,0.02261720035736117,0.6602316602316602,0.9999076128005981,0.9611526767684196,21785
frailty29_trained_motion_detector,frailty29_outer_oof,window,one_vs_rest,1,107,0.02271124277048949,0.6602316602316602,0.9999063014984131,0.9611526767684196,21785
frailty29_trained_motion_detector,frailty29_outer_oof,window,one_vs_rest,1,108,0.02280528518361781,0.6602316602316602,0.9999055862426758,0.9611526767684196,21785
frailty29_trained_motion_detector,frailty29_outer_oof,window,one_vs_rest,1,109,0.02280528518361781,0.6621621621621622,0.9999042749404907,0.9611526767684196,21785
frailty29_trained_motion_detector,frailty29_outer_oof,window,one_vs_rest,1,110,0.022852306390181973,0.6621621621621622,0.9999033212661743,0.9611526767684196,21785
frailty29_trained_motion_detector,frailty29_outer_oof,window,one_vs_rest,1,111,0.022852306390181973,0.667953667953668,0.999900221824646,0.9611526767684196,21785
frailty29_trained_motion_detector,frailty29_outer_oof,window,one_vs_rest,1,112,0.02294634880331029,0.667953667953668,0.9998985528945923,0.9611526767684196,21785
frailty29_trained_motion_detector,frailty29_outer_oof,window,one_vs_rest,1,113,0.02294634880331029,0.6756756756756757,0.9998935461044312,0.9611526767684196,21785
frailty29_trained_motion_detector,frailty29_outer_oof,window,one_vs_rest,1,114,0.022993370009874455,0.6756756756756757,0.9998934268951416,0.9611526767684196,21785
frailty29_trained_motion_detector,frailty29_outer_oof,window,one_vs_rest,1,115,0.022993370009874455,0.6795366795366795,0.9998887777328491,0.9611526767684196,21785
frailty29_trained_motion_detector,frailty29_outer_oof,window,one_vs_rest,1,116,0.023087412423002773,0.6795366795366795,0.9998860359191895,0.9611526767684196,21785
frailty29_trained_motion_detector,frailty29_outer_oof,window,one_vs_rest,1,117,0.023087412423002773,0.6833976833976834,0.9998809099197388,0.9611526767684196,21785
frailty29_trained_motion_detector,frailty29_outer_oof,window,one_vs_rest,1,118,0.023134433629566936,0.6833976833976834,0.9998785257339478,0.9611526767684196,21785
frailty29_trained_motion_detector,frailty29_outer_oof,window,one_vs_rest,1,119,0.023134433629566936,0.6853281853281853,0.9998705387115479,0.9611526767684196,21785
frailty29_trained_motion_detector,frailty29_outer_oof,window,one_vs_rest,1,120,0.023181454836131096,0.6853281853281853,0.9998699426651001,0.9611526767684196,21785
frailty29_trained_motion_detector,frailty29_outer_oof,window,one_vs_rest,1,121,0.023181454836131096,0.6872586872586872,0.9998687505722046,0.9611526767684196,21785
frailty29_trained_motion_detector,frailty29_outer_oof,window,one_vs_rest,1,122,0.023275497249259414,0.6872586872586872,0.9998681545257568,0.9611526767684196,21785
frailty29_trained_motion_detector,frailty29_outer_oof,window,one_vs_rest,1,123,0.023275497249259414,0.6891891891891891,0.9998674392700195,0.9611526767684196,21785
frailty29_trained_motion_detector,frailty29_outer_oof,window,one_vs_rest,1,124,0.023369539662387737,0.6891891891891891,0.999862790107727,0.9611526767684196,21785
frailty29_trained_motion_detector,frailty29_outer_oof,window,one_vs_rest,1,125,0.023369539662387737,0.6911196911196911,0.999862551689148,0.9611526767684196,21785
frailty29_trained_motion_detector,frailty29_outer_oof,window,one_vs_rest,1,126,0.023416560868951896,0.6911196911196911,0.9998613595962524,0.9611526767684196,21785
frailty29_trained_motion_detector,frailty29_outer_oof,window,one_vs_rest,1,127,0.023416560868951896,0.696911196911197,0.9998587369918823,0.9611526767684196,21785
frailty29_trained_motion_detector,frailty29_outer_oof,window,one_vs_rest,1,128,0.02351060328208022,0.696911196911197,0.9998526573181152,0.9611526767684196,21785
frailty29_trained_motion_detector,frailty29_outer_oof,window,one_vs_rest,1,129,0.02351060328208022,0.7007722007722008,0.9998478889465332,0.9611526767684196,21785
frailty29_trained_motion_detector,frailty29_outer_oof,window,one_vs_rest,1,130,0.023557624488644378,0.7007722007722008,0.9998461008071899,0.9611526767684196,21785
frailty29_trained_motion_detector,frailty29_outer_oof,window,one_vs_rest,1,131,0.023557624488644378,0.7027027027027027,0.9998422861099243,0.9611526767684196,21785
frailty29_trained_motion_detector,frailty29_outer_oof,window,one_vs_rest,1,132,0.02360464569520854,0.7027027027027027,0.9998396635055542,0.9611526767684196,21785
frailty29_trained_motion_detector,frailty29_outer_oof,window,one_vs_rest,1,133,0.02360464569520854,0.7065637065637066,0.9998335838317871,0.9611526767684196,21785
frailty29_trained_motion_detector,frailty29_outer_oof,window,one_vs_rest,1,134,0.0236516669017727,0.7065637065637066,0.9998300075531006,0.9611526767684196,21785
frailty29_trained_motion_detector,frailty29_outer_oof,window,one_vs_rest,1,135,0.0236516669017727,0.7084942084942085,0.9998284578323364,0.9611526767684196,21785
frailty29_trained_motion_detector,frailty29_outer_oof,window,one_vs_rest,1,136,0.02369868810833686,0.7084942084942085,0.9998248219490051,0.9611526767684196,21785
frailty29_trained_motion_detector,frailty29_outer_oof,window,one_vs_rest,1,137,0.02369868810833686,0.7123552123552124,0.9998217225074768,0.9611526767684196,21785
frailty29_trained_motion_detector,frailty29_outer_oof,window,one_vs_rest,1,138,0.02374570931490102,0.7123552123552124,0.9998119473457336,0.9611526767684196,21785
frailty29_trained_motion_detector,frailty29_outer_oof,window,one_vs_rest,1,139,0.02374570931490102,0.7142857142857143,0.9998112320899963,0.9611526767684196,21785
frailty29_trained_motion_detector,frailty29_outer_oof,window,one_vs_rest,1,140,0.02379273052146518,0.7142857142857143,0.9997945427894592,0.9611526767684196,21785
frailty29_trained_motion_detector,frailty29_outer_oof,window,one_vs_rest,1,141,0.02379273052146518,0.7200772200772201,0.9997822642326355,0.9611526767684196,21785
frailty29_trained_motion_detector,frailty29_outer_oof,window,one_vs_rest,1,142,0.024121878967414304,0.7200772200772201,0.9997547268867493,0.9611526767684196,21785
frailty29_trained_motion_detector,frailty29_outer_oof,window,one_vs_rest,1,143,0.024121878967414304,0.722007722007722,0.9997524619102478,0.9611526767684196,21785
frailty29_trained_motion_detector,frailty29_outer_oof,window,one_vs_rest,1,144,0.024168900173978464,0.722007722007722,0.9997518658638,0.9611526767684196,21785
frailty29_trained_motion_detector,frailty29_outer_oof,window,one_vs_rest,1,145,0.024168900173978464,0.7239382239382239,0.9997445940971375,0.9611526767684196,21785
frailty29_trained_motion_detector,frailty29_outer_oof,window,one_vs_rest,1,146,0.024262942587106786,0.7239382239382239,0.9997389912605286,0.9611526767684196,21785
frailty29_trained_motion_detector,frailty29_outer_oof,window,one_vs_rest,1,147,0.024262942587106786,0.7258687258687259,0.9997368454933167,0.9611526767684196,21785
frailty29_trained_motion_detector,frailty29_outer_oof,window,one_vs_rest,1,148,0.024639112239620068,0.7258687258687259,0.9997103810310364,0.9611526767684196,21785
frailty29_trained_motion_detector,frailty29_outer_oof,window,one_vs_rest,1,149,0.024639112239620068,0.7277992277992278,0.9996968507766724,0.9611526767684196,21785
frailty29_trained_motion_detector,frailty29_outer_oof,window,one_vs_rest,1,150,0.024686133446184227,0.7277992277992278,0.9996838569641113,0.9611526767684196,21785
frailty29_trained_motion_detector,frailty29_outer_oof,window,one_vs_rest,1,151,0.024686133446184227,0.7297297297297297,0.9996814727783203,0.9611526767684196,21785
frailty29_trained_motion_detector,frailty29_outer_oof,window,one_vs_rest,1,152,0.02478017585931255,0.7297297297297297,0.9996774196624756,0.9611526767684196,21785
frailty29_trained_motion_detector,frailty29_outer_oof,window,one_vs_rest,1,153,0.02478017585931255,0.7316602316602316,0.9996751546859741,0.9611526767684196,21785
frailty29_trained_motion_detector,frailty29_outer_oof,window,one_vs_rest,1,154,0.02492123947900503,0.7316602316602316,0.9996684789657593,0.9611526767684196,21785
frailty29_trained_motion_detector,frailty29_outer_oof,window,one_vs_rest,1,155,0.02492123947900503,0.7335907335907336,0.999667763710022,0.9611526767684196,21785
frailty29_trained_motion_detector,frailty29_outer_oof,window,one_vs_rest,1,156,0.02496826068556919,0.7335907335907336,0.9996628761291504,0.9611526767684196,21785
frailty29_trained_motion_detector,frailty29_outer_oof,window,one_vs_rest,1,157,0.02496826068556919,0.7355212355212355,0.9996594190597534,0.9611526767684196,21785
frailty29_trained_motion_detector,frailty29_outer_oof,window,one_vs_rest,1,158,0.025015281892133354,0.7355212355212355,0.9996590614318848,0.9611526767684196,21785
frailty29_trained_motion_detector,frailty29_outer_oof,window,one_vs_rest,1,159,0.025015281892133354,0.7374517374517374,0.9996520280838013,0.9611526767684196,21785
frailty29_trained_motion_detector,frailty29_outer_oof,window,one_vs_rest,1,160,0.025203366718389995,0.7374517374517374,0.9996253252029419,0.9611526767684196,21785
frailty29_trained_motion_detector,frailty29_outer_oof,window,one_vs_rest,1,161,0.025203366718389995,0.7413127413127413,0.999609649181366,0.9611526767684196,21785
frailty29_trained_motion_detector,frailty29_outer_oof,window,one_vs_rest,1,162,0.0256735787840316,0.7413127413127413,0.9995793700218201,0.9611526767684196,21785
frailty29_trained_motion_detector,frailty29_outer_oof,window,one_vs_rest,1,163,0.0256735787840316,0.747104247104247,0.9995760321617126,0.9611526767684196,21785
frailty29_trained_motion_detector,frailty29_outer_oof,window,one_vs_rest,1,164,0.02581464240372408,0.747104247104247,0.9995653033256531,0.9611526767684196,21785
frailty29_trained_motion_detector,frailty29_outer_oof,window,one_vs_rest,1,165,0.02581464240372408,0.750965250965251,0.9995561242103577,0.9611526767684196,21785
frailty29_trained_motion_detector,frailty29_outer_oof,window,one_vs_rest,1,166,0.026143790849673203,0.750965250965251,0.9995160102844238,0.9611526767684196,21785
frailty29_trained_motion_detector,frailty29_outer_oof,window,one_vs_rest,1,167,0.026143790849673203,0.7548262548262549,0.9994986057281494,0.9611526767684196,21785
frailty29_trained_motion_detector,frailty29_outer_oof,window,one_vs_rest,1,168,0.026331875675929844,0.7548262548262549,0.9994858503341675,0.9611526767684196,21785
frailty29_trained_motion_detector,frailty29_outer_oof,window,one_vs_rest,1,169,0.026331875675929844,0.7567567567567568,0.9994837045669556,0.9611526767684196,21785
frailty29_trained_motion_detector,frailty29_outer_oof,window,one_vs_rest,1,170,0.026378896882494004,0.7567567567567568,0.9994770884513855,0.9611526767684196,21785
frailty29_trained_motion_detector,frailty29_outer_oof,window,one_vs_rest,1,171,0.026378896882494004,0.7586872586872587,0.9994767308235168,0.9611526767684196,21785
frailty29_trained_motion_detector,frailty29_outer_oof,window,one_vs_rest,1,172,0.026519960502186486,0.7586872586872587,0.9994632601737976,0.9611526767684196,21785
frailty29_trained_motion_detector,frailty29_outer_oof,window,one_vs_rest,1,173,0.026519960502186486,0.7606177606177607,0.9994617104530334,0.9611526767684196,21785
frailty29_trained_motion_detector,frailty29_outer_oof,window,one_vs_rest,1,174,0.026849108948135608,0.7606177606177607,0.9994215965270996,0.9611526767684196,21785
frailty29_trained_motion_detector,frailty29_outer_oof,window,one_vs_rest,1,175,0.026849108948135608,0.7625482625482626,0.999415397644043,0.9611526767684196,21785
frailty29_trained_motion_detector,frailty29_outer_oof,window,one_vs_rest,1,176,0.02703719377439225,0.7625482625482626,0.9993942975997925,0.9611526767684196,21785
frailty29_trained_motion_detector,frailty29_outer_oof,window,one_vs_rest,1,177,0.02703719377439225,0.7644787644787645,0.9993835687637329,0.9611526767684196,21785
frailty29_trained_motion_detector,frailty29_outer_oof,window,one_vs_rest,1,178,0.027272299807213053,0.7644787644787645,0.9993458390235901,0.9611526767684196,21785
frailty29_trained_motion_detector,frailty29_outer_oof,window,one_vs_rest,1,179,0.027272299807213053,0.7664092664092664,0.9993396401405334,0.9611526767684196,21785
frailty29_trained_motion_detector,frailty29_outer_oof,window,one_vs_rest,1,180,0.027366342220341375,0.7664092664092664,0.9993236064910889,0.9611526767684196,21785
frailty29_trained_motion_detector,frailty29_outer_oof,window,one_vs_rest,1,181,0.027366342220341375,0.7702702702702703,0.99931800365448,0.9611526767684196,21785
frailty29_trained_motion_detector,frailty29_outer_oof,window,one_vs_rest,1,182,0.027507405840033854,0.7702702702702703,0.9992842078208923,0.9611526767684196,21785
frailty29_trained_motion_detector,frailty29_outer_oof,window,one_vs_rest,1,183,0.027507405840033854,0.7722007722007722,0.9992735981941223,0.9611526767684196,21785
frailty29_trained_motion_detector,frailty29_outer_oof,window,one_vs_rest,1,184,0.027695490666290498,0.7722007722007722,0.9992445707321167,0.9611526767684196,21785
frailty29_trained_motion_detector,frailty29_outer_oof,window,one_vs_rest,1,185,0.027695490666290498,0.777992277992278,0.999228835105896,0.9611526767684196,21785
frailty29_trained_motion_detector,frailty29_outer_oof,window,one_vs_rest,1,186,0.027789533079418817,0.777992277992278,0.99915611743927,0.9611526767684196,21785
frailty29_trained_motion_detector,frailty29_outer_oof,window,one_vs_rest,1,187,0.027789533079418817,0.7799227799227799,0.9991519451141357,0.9611526767684196,21785
frailty29_trained_motion_detector,frailty29_outer_oof,window,one_vs_rest,1,188,0.02788357549254714,0.7799227799227799,0.9991422891616821,0.9611526767684196,21785
frailty29_trained_motion_detector,frailty29_outer_oof,window,one_vs_rest,1,189,0.02788357549254714,0.7818532818532818,0.999133288860321,0.9611526767684196,21785
frailty29_trained_motion_detector,frailty29_outer_oof,window,one_vs_rest,1,190,0.028165702731932103,0.7818532818532818,0.999116837978363,0.9611526767684196,21785
frailty29_trained_motion_detector,frailty29_outer_oof,window,one_vs_rest,1,191,0.028165702731932103,0.7876447876447876,0.9990984201431274,0.9611526767684196,21785
frailty29_trained_motion_detector,frailty29_outer_oof,window,one_vs_rest,1,192,0.028212723938496262,0.7876447876447876,0.9990741014480591,0.9611526767684196,21785
frailty29_trained_motion_detector,frailty29_outer_oof,window,one_vs_rest,1,193,0.028212723938496262,0.7895752895752896,0.9990498423576355,0.9611526767684196,21785
frailty29_trained_motion_detector,frailty29_outer_oof,window,one_vs_rest,1,194,0.028306766351624584,0.7895752895752896,0.9990391731262207,0.9611526767684196,21785
frailty29_trained_motion_detector,frailty29_outer_oof,window,one_vs_rest,1,195,0.028306766351624584,0.7934362934362934,0.9990196228027344,0.9611526767684196,21785
frailty29_trained_motion_detector,frailty29_outer_oof,window,one_vs_rest,1,196,0.028447829971317062,0.7934362934362934,0.9989894032478333,0.9611526767684196,21785
frailty29_trained_motion_detector,frailty29_outer_oof,window,one_vs_rest,1,197,0.028447829971317062,0.7953667953667953,0.9989872574806213,0.9611526767684196,21785
frailty29_trained_motion_detector,frailty29_outer_oof,window,one_vs_rest,1,198,0.028871020830394507,0.7953667953667953,0.9988899827003479,0.9611526767684196,21785
frailty29_trained_motion_detector,frailty29_outer_oof,window,one_vs_rest,1,199,0.028871020830394507,0.7972972972972973,0.9988644123077393,0.9611526767684196,21785
frailty29_trained_motion_detector,frailty29_outer_oof,window,one_vs_rest,1,200,0.02901208445008699,0.7972972972972973,0.9988470077514648,0.9611526767684196,21785
frailty29_trained_motion_detector,frailty29_outer_oof,window,one_vs_rest,1,201,0.02901208445008699,0.7992277992277992,0.9988462924957275,0.9611526767684196,21785
frailty29_trained_motion_detector,frailty29_outer_oof,window,one_vs_rest,1,202,0.029576338928856916,0.7992277992277992,0.9987851977348328,0.9611526767684196,21785
frailty29_trained_motion_detector,frailty29_outer_oof,window,one_vs_rest,1,203,0.029576338928856916,0.8011583011583011,0.998779833316803,0.9611526767684196,21785
frailty29_trained_motion_detector,frailty29_outer_oof,window,one_vs_rest,1,204,0.03028165702731932,0.8011583011583011,0.9986680746078491,0.9611526767684196,21785
frailty29_trained_motion_detector,frailty29_outer_oof,window,one_vs_rest,1,205,0.03028165702731932,0.803088803088803,0.9986627101898193,0.9611526767684196,21785
frailty29_trained_motion_detector,frailty29_outer_oof,window,one_vs_rest,1,206,0.030422720647011802,0.803088803088803,0.9986109733581543,0.9611526767684196,21785
frailty29_trained_motion_detector,frailty29_outer_oof,window,one_vs_rest,1,207,0.030422720647011802,0.805019305019305,0.9986090064048767,0.9611526767684196,21785
frailty29_trained_motion_detector,frailty29_outer_oof,window,one_vs_rest,1,208,0.030563784266704284,0.805019305019305,0.9985712766647339,0.9611526767684196,21785
frailty29_trained_motion_detector,frailty29_outer_oof,window,one_vs_rest,1,209,0.030563784266704284,0.806949806949807,0.9985480904579163,0.9611526767684196,21785
frailty29_trained_motion_detector,frailty29_outer_oof,window,one_vs_rest,1,210,0.030704847886396765,0.806949806949807,0.9984814524650574,0.9611526767684196,21785
frailty29_trained_motion_detector,frailty29_outer_oof,window,one_vs_rest,1,211,0.030704847886396765,0.8108108108108109,0.9983344674110413,0.9611526767684196,21785
frailty29_trained_motion_detector,frailty29_outer_oof,window,one_vs_rest,1,212,0.030798890299525084,0.8108108108108109,0.9983172416687012,0.9611526767684196,21785
frailty29_trained_motion_detector,frailty29_outer_oof,window,one_vs_rest,1,213,0.030798890299525084,0.8127413127413128,0.9983148574829102,0.9611526767684196,21785
frailty29_trained_motion_detector,frailty29_outer_oof,window,one_vs_rest,1,214,0.03112803874547421,0.8127413127413128,0.9980365633964539,0.9611526767684196,21785
frailty29_trained_motion_detector,frailty29_outer_oof,window,one_vs_rest,1,215,0.03112803874547421,0.8146718146718147,0.9980167150497437,0.9611526767684196,21785
frailty29_trained_motion_detector,frailty29_outer_oof,window,one_vs_rest,1,216,0.03117505995203837,0.8146718146718147,0.9979692101478577,0.9611526767684196,21785
frailty29_trained_motion_detector,frailty29_outer_oof,window,one_vs_rest,1,217,0.03117505995203837,0.8166023166023166,0.9979259967803955,0.9611526767684196,21785
frailty29_trained_motion_detector,frailty29_outer_oof,window,one_vs_rest,1,218,0.031363144778295014,0.8166023166023166,0.9977303147315979,0.9611526767684196,21785
frailty29_trained_motion_detector,frailty29_outer_oof,window,one_vs_rest,1,219,0.031363144778295014,0.8185328185328186,0.9977251887321472,0.9611526767684196,21785
frailty29_trained_motion_detector,frailty29_outer_oof,window,one_vs_rest,1,220,0.03150420839798749,0.8185328185328186,0.9976619482040405,0.9611526767684196,21785
frailty29_trained_motion_detector,frailty29_outer_oof,window,one_vs_rest,1,221,0.03150420839798749,0.8204633204633205,0.9975558519363403,0.9611526767684196,21785
frailty29_trained_motion_detector,frailty29_outer_oof,window,one_vs_rest,1,222,0.031739314430808296,0.8204633204633205,0.9973626732826233,0.9611526767684196,21785
frailty29_trained_motion_detector,frailty29_outer_oof,window,one_vs_rest,1,223,0.031739314430808296,0.8223938223938224,0.9972965121269226,0.9611526767684196,21785
frailty29_trained_motion_detector,frailty29_outer_oof,window,one_vs_rest,1,224,0.031927399257064934,0.8223938223938224,0.9970230460166931,0.9611526767684196,21785
frailty29_trained_motion_detector,frailty29_outer_oof,window,one_vs_rest,1,225,0.031927399257064934,0.8281853281853282,0.996830403804779,0.9611526767684196,21785
frailty29_trained_motion_detector,frailty29_outer_oof,window,one_vs_rest,1,226,0.032068462876757416,0.8281853281853282,0.9967851638793945,0.9611526767684196,21785
frailty29_trained_motion_detector,frailty29_outer_oof,window,one_vs_rest,1,227,0.032068462876757416,0.833976833976834,0.9967324733734131,0.9611526767684196,21785
frailty29_trained_motion_detector,frailty29_outer_oof,window,one_vs_rest,1,228,0.03239761132270654,0.833976833976834,0.9963721036911011,0.9611526767684196,21785
frailty29_trained_motion_detector,frailty29_outer_oof,window,one_vs_rest,1,229,0.03239761132270654,0.8359073359073359,0.996349573135376,0.9611526767684196,21785
frailty29_trained_motion_detector,frailty29_outer_oof,window,one_vs_rest,1,230,0.0324446325292707,0.8359073359073359,0.9962504506111145,0.9611526767684196,21785
frailty29_trained_motion_detector,frailty29_outer_oof,window,one_vs_rest,1,231,0.0324446325292707,0.8378378378378378,0.9962356686592102,0.9611526767684196,21785
frailty29_trained_motion_detector,frailty29_outer_oof,window,one_vs_rest,1,232,0.03263271735552734,0.8378378378378378,0.996119499206543,0.9611526767684196,21785
frailty29_trained_motion_detector,frailty29_outer_oof,window,one_vs_rest,1,233,0.03263271735552734,0.8397683397683398,0.9961099028587341,0.9611526767684196,21785
frailty29_trained_motion_detector,frailty29_outer_oof,window,one_vs_rest,1,234,0.03272675976865566,0.8397683397683398,0.995694637298584,0.9611526767684196,21785
frailty29_trained_motion_detector,frailty29_outer_oof,window,one_vs_rest,1,235,0.03272675976865566,0.8416988416988417,0.9956574440002441,0.9611526767684196,21785
frailty29_trained_motion_detector,frailty29_outer_oof,window,one_vs_rest,1,236,0.032914844594912306,0.8416988416988417,0.9953944683074951,0.9611526767684196,21785
frailty29_trained_motion_detector,frailty29_outer_oof,window,one_vs_rest,1,237,0.032914844594912306,0.8455598455598455,0.994968831539154,0.9611526767684196,21785
frailty29_trained_motion_detector,frailty29_outer_oof,window,one_vs_rest,1,238,0.03305590821460479,0.8455598455598455,0.9947569370269775,0.9611526767684196,21785
frailty29_trained_motion_detector,frailty29_outer_oof,window,one_vs_rest,1,239,0.03305590821460479,0.8494208494208494,0.9945408701896667,0.9611526767684196,21785
frailty29_trained_motion_detector,frailty29_outer_oof,window,one_vs_rest,1,240,0.03310292942116895,0.8494208494208494,0.9944334626197815,0.9611526767684196,21785
frailty29_trained_motion_detector,frailty29_outer_oof,window,one_vs_rest,1,241,0.03310292942116895,0.8532818532818532,0.9943437576293945,0.9611526767684196,21785
frailty29_trained_motion_detector,frailty29_outer_oof,window,one_vs_rest,1,242,0.03329101424742559,0.8532818532818532,0.9941337704658508,0.9611526767684196,21785
frailty29_trained_motion_detector,frailty29_outer_oof,window,one_vs_rest,1,243,0.03329101424742559,0.8552123552123552,0.9939635396003723,0.9611526767684196,21785
frailty29_trained_motion_detector,frailty29_outer_oof,window,one_vs_rest,1,244,0.03347909907368223,0.8552123552123552,0.9936563372612,0.9611526767684196,21785
frailty29_trained_motion_detector,frailty29_outer_oof,window,one_vs_rest,1,245,0.03347909907368223,0.859073359073359,0.9934501051902771,0.9611526767684196,21785
frailty29_trained_motion_detector,frailty29_outer_oof,window,one_vs_rest,1,246,0.03352612028024639,0.859073359073359,0.9932910203933716,0.9611526767684196,21785
frailty29_trained_motion_detector,frailty29_outer_oof,window,one_vs_rest,1,247,0.03352612028024639,0.862934362934363,0.9931883811950684,0.9611526767684196,21785
frailty29_trained_motion_detector,frailty29_outer_oof,window,one_vs_rest,1,248,0.03357314148681055,0.862934362934363,0.993168830871582,0.9611526767684196,21785
frailty29_trained_motion_detector,frailty29_outer_oof,window,one_vs_rest,1,249,0.03357314148681055,0.8648648648648649,0.993091344833374,0.9611526767684196,21785
frailty29_trained_motion_detector,frailty29_outer_oof,window,one_vs_rest,1,250,0.033855268726195514,0.8648648648648649,0.992638111114502,0.9611526767684196,21785
frailty29_trained_motion_detector,frailty29_outer_oof,window,one_vs_rest,1,251,0.033855268726195514,0.8667953667953668,0.9925709366798401,0.9611526767684196,21785
frailty29_trained_motion_detector,frailty29_outer_oof,window,one_vs_rest,1,252,0.03418441717214464,0.8667953667953668,0.9916512370109558,0.9611526767684196,21785
frailty29_trained_motion_detector,frailty29_outer_oof,window,one_vs_rest,1,253,0.03418441717214464,0.8687258687258688,0.9916087985038757,0.9611526767684196,21785
frailty29_trained_motion_detector,frailty29_outer_oof,window,one_vs_rest,1,254,0.034231438378708796,0.8687258687258688,0.9915274977684021,0.9611526767684196,21785
frailty29_trained_motion_detector,frailty29_outer_oof,window,one_vs_rest,1,255,0.034231438378708796,0.8706563706563707,0.9913316965103149,0.9611526767684196,21785
frailty29_trained_motion_detector,frailty29_outer_oof,window,one_vs_rest,1,256,0.03427845958527296,0.8706563706563707,0.9912976026535034,0.9611526767684196,21785
frailty29_trained_motion_detector,frailty29_outer_oof,window,one_vs_rest,1,257,0.03427845958527296,0.8725868725868726,0.991168737411499,0.9611526767684196,21785
frailty29_trained_motion_detector,frailty29_outer_oof,window,one_vs_rest,1,258,0.034325480791837115,0.8725868725868726,0.9911434650421143,0.9611526767684196,21785
frailty29_trained_motion_detector,frailty29_outer_oof,window,one_vs_rest,1,259,0.034325480791837115,0.8745173745173745,0.9911115765571594,0.9611526767684196,21785
frailty29_trained_motion_detector,frailty29_outer_oof,window,one_vs_rest,1,260,0.03437250199840128,0.8745173745173745,0.991075873374939,0.9611526767684196,21785
frailty29_trained_motion_detector,frailty29_outer_oof,window,one_vs_rest,1,261,0.03437250199840128,0.8764478764478765,0.9910717606544495,0.9611526767684196,21785
frailty29_trained_motion_detector,frailty29_outer_oof,window,one_vs_rest,1,262,0.0344665444115296,0.8764478764478765,0.9909193515777588,0.9611526767684196,21785
frailty29_trained_motion_detector,frailty29_outer_oof,window,one_vs_rest,1,263,0.0344665444115296,0.8783783783783784,0.9906923174858093,0.9611526767684196,21785
frailty29_trained_motion_detector,frailty29_outer_oof,window,one_vs_rest,1,264,0.034842714064042886,0.8783783783783784,0.9897956252098083,0.9611526767684196,21785
frailty29_trained_motion_detector,frailty29_outer_oof,window,one_vs_rest,1,265,0.034842714064042886,0.8841698841698842,0.9892627596855164,0.9611526767684196,21785
frailty29_trained_motion_detector,frailty29_outer_oof,window,one_vs_rest,1,266,0.035077820096863686,0.8841698841698842,0.9880374670028687,0.9611526767684196,21785
frailty29_trained_motion_detector,frailty29_outer_oof,window,one_vs_rest,1,267,0.035077820096863686,0.8861003861003861,0.9879525303840637,0.9611526767684196,21785
frailty29_trained_motion_detector,frailty29_outer_oof,window,one_vs_rest,1,268,0.03521888371655617,0.8861003861003861,0.9877634644508362,0.9611526767684196,21785
frailty29_trained_motion_detector,frailty29_outer_oof,window,one_vs_rest,1,269,0.03521888371655617,0.888030888030888,0.9873842000961304,0.9611526767684196,21785
frailty29_trained_motion_detector,frailty29_outer_oof,window,one_vs_rest,1,270,0.035265904923120324,0.888030888030888,0.9873108863830566,0.9611526767684196,21785
frailty29_trained_motion_detector,frailty29_outer_oof,window,one_vs_rest,1,271,0.035265904923120324,0.88996138996139,0.987307071685791,0.9611526767684196,21785
frailty29_trained_motion_detector,frailty29_outer_oof,window,one_vs_rest,1,272,0.03531292612968449,0.88996138996139,0.9872897267341614,0.9611526767684196,21785
frailty29_trained_motion_detector,frailty29_outer_oof,window,one_vs_rest,1,273,0.03531292612968449,0.8918918918918919,0.9872402548789978,0.9611526767684196,21785
frailty29_trained_motion_detector,frailty29_outer_oof,window,one_vs_rest,1,274,0.03545398974937697,0.8918918918918919,0.9870158433914185,0.9611526767684196,21785
frailty29_trained_motion_detector,frailty29_outer_oof,window,one_vs_rest,1,275,0.03545398974937697,0.8938223938223938,0.9868191480636597,0.9611526767684196,21785
frailty29_trained_motion_detector,frailty29_outer_oof,window,one_vs_rest,1,276,0.03568909578219777,0.8938223938223938,0.9855818152427673,0.9611526767684196,21785
frailty29_trained_motion_detector,frailty29_outer_oof,window,one_vs_rest,1,277,0.03568909578219777,0.8957528957528957,0.9850805401802063,0.9611526767684196,21785
frailty29_trained_motion_detector,frailty29_outer_oof,window,one_vs_rest,1,278,0.03587718060845441,0.8957528957528957,0.9847378134727478,0.9611526767684196,21785
frailty29_trained_motion_detector,frailty29_outer_oof,window,one_vs_rest,1,279,0.03587718060845441,0.8976833976833977,0.9846704006195068,0.9611526767684196,21785
frailty29_trained_motion_detector,frailty29_outer_oof,window,one_vs_rest,1,280,0.03691164715286594,0.8976833976833977,0.9809102416038513,0.9611526767684196,21785
frailty29_trained_motion_detector,frailty29_outer_oof,window,one_vs_rest,1,281,0.03691164715286594,0.8996138996138996,0.9808706641197205,0.9611526767684196,21785
frailty29_trained_motion_detector,frailty29_outer_oof,window,one_vs_rest,1,282,0.03714675318568674,0.8996138996138996,0.9800925254821777,0.9611526767684196,21785
frailty29_trained_motion_detector,frailty29_outer_oof,window,one_vs_rest,1,283,0.03714675318568674,0.9015444015444015,0.9798772931098938,0.9611526767684196,21785
frailty29_trained_motion_detector,frailty29_outer_oof,window,one_vs_rest,1,284,0.03775802887102083,0.9015444015444015,0.9773508310317993,0.9611526767684196,21785
frailty29_trained_motion_detector,frailty29_outer_oof,window,one_vs_rest,1,285,0.03775802887102083,0.9034749034749034,0.9773498177528381,0.9611526767684196,21785
frailty29_trained_motion_detector,frailty29_outer_oof,window,one_vs_rest,1,286,0.038416325762919076,0.9034749034749034,0.9726014733314514,0.9611526767684196,21785
frailty29_trained_motion_detector,frailty29_outer_oof,window,one_vs_rest,1,287,0.038416325762919076,0.9054054054054054,0.9720335602760315,0.9611526767684196,21785
frailty29_trained_motion_detector,frailty29_outer_oof,window,one_vs_rest,1,288,0.03855738938261156,0.9054054054054054,0.9688675403594971,0.9611526767684196,21785
frailty29_trained_motion_detector,frailty29_outer_oof,window,one_vs_rest,1,289,0.03855738938261156,0.9073359073359073,0.9678900241851807,0.9611526767684196,21785
frailty29_trained_motion_detector,frailty29_outer_oof,window,one_vs_rest,1,290,0.0387454742088682,0.9073359073359073,0.9641344547271729,0.9611526767684196,21785
frailty29_trained_motion_detector,frailty29_outer_oof,window,one_vs_rest,1,291,0.0387454742088682,0.9092664092664092,0.9633548855781555,0.9611526767684196,21785
frailty29_trained_motion_detector,frailty29_outer_oof,window,one_vs_rest,1,292,0.03883951662199652,0.9092664092664092,0.9610119462013245,0.9611526767684196,21785
frailty29_trained_motion_detector,frailty29_outer_oof,window,one_vs_rest,1,293,0.03883951662199652,0.9111969111969112,0.9607657194137573,0.9611526767684196,21785
frailty29_trained_motion_detector,frailty29_outer_oof,window,one_vs_rest,1,294,0.038980580241689,0.9111969111969112,0.9589452743530273,0.9611526767684196,21785
frailty29_trained_motion_detector,frailty29_outer_oof,window,one_vs_rest,1,295,0.038980580241689,0.9131274131274131,0.958810031414032,0.9611526767684196,21785
frailty29_trained_motion_detector,frailty29_outer_oof,window,one_vs_rest,1,296,0.03902760144825316,0.9131274131274131,0.9587993025779724,0.9611526767684196,21785
frailty29_trained_motion_detector,frailty29_outer_oof,window,one_vs_rest,1,297,0.03902760144825316,0.915057915057915,0.9583619236946106,0.9611526767684196,21785
frailty29_trained_motion_detector,frailty29_outer_oof,window,one_vs_rest,1,298,0.03907462265481732,0.915057915057915,0.9575647115707397,0.9611526767684196,21785
frailty29_trained_motion_detector,frailty29_outer_oof,window,one_vs_rest,1,299,0.03907462265481732,0.916988416988417,0.9574183821678162,0.9611526767684196,21785
frailty29_trained_motion_detector,frailty29_outer_oof,window,one_vs_rest,1,300,0.039356749894202285,0.916988416988417,0.948183536529541,0.9611526767684196,21785
frailty29_trained_motion_detector,frailty29_outer_oof,window,one_vs_rest,1,301,0.039356749894202285,0.918918918918919,0.9478955268859863,0.9611526767684196,21785
frailty29_trained_motion_detector,frailty29_outer_oof,window,one_vs_rest,1,302,0.03940377110076645,0.918918918918919,0.9474642872810364,0.9611526767684196,21785
frailty29_trained_motion_detector,frailty29_outer_oof,window,one_vs_rest,1,303,0.03940377110076645,0.9208494208494209,0.9472408890724182,0.9611526767684196,21785
frailty29_trained_motion_detector,frailty29_outer_oof,window,one_vs_rest,1,304,0.03987398316640805,0.9208494208494209,0.9353578090667725,0.9611526767684196,21785
frailty29_trained_motion_detector,frailty29_outer_oof,window,one_vs_rest,1,305,0.03987398316640805,0.9227799227799228,0.935047447681427,0.9611526767684196,21785
frailty29_trained_motion_detector,frailty29_outer_oof,window,one_vs_rest,1,306,0.04006206799266469,0.9227799227799228,0.9309194087982178,0.9611526767684196,21785
frailty29_trained_motion_detector,frailty29_outer_oof,window,one_vs_rest,1,307,0.04006206799266469,0.9247104247104247,0.930770993232727,0.9611526767684196,21785
frailty29_trained_motion_detector,frailty29_outer_oof,window,one_vs_rest,1,308,0.040203131612357175,0.9247104247104247,0.9263362884521484,0.9611526767684196,21785
frailty29_trained_motion_detector,frailty29_outer_oof,window,one_vs_rest,1,309,0.040203131612357175,0.9266409266409267,0.9238836169242859,0.9611526767684196,21785
frailty29_trained_motion_detector,frailty29_outer_oof,window,one_vs_rest,1,310,0.04048525885174214,0.9266409266409267,0.9210682511329651,0.9611526767684196,21785
frailty29_trained_motion_detector,frailty29_outer_oof,window,one_vs_rest,1,311,0.04048525885174214,0.9285714285714286,0.9209414720535278,0.9611526767684196,21785
frailty29_trained_motion_detector,frailty29_outer_oof,window,one_vs_rest,1,312,0.041143555743640384,0.9285714285714286,0.8994300365447998,0.9611526767684196,21785
frailty29_trained_motion_detector,frailty29_outer_oof,window,one_vs_rest,1,313,0.041143555743640384,0.9305019305019305,0.8918901085853577,0.9611526767684196,21785
frailty29_trained_motion_detector,frailty29_outer_oof,window,one_vs_rest,1,314,0.04189589504866695,0.9305019305019305,0.8697320222854614,0.9611526767684196,21785
frailty29_trained_motion_detector,frailty29_outer_oof,window,one_vs_rest,1,315,0.04189589504866695,0.9324324324324325,0.8653244376182556,0.9611526767684196,21785
frailty29_trained_motion_detector,frailty29_outer_oof,window,one_vs_rest,1,316,0.042366107114308556,0.9324324324324325,0.8433014750480652,0.9611526767684196,21785
frailty29_trained_motion_detector,frailty29_outer_oof,window,one_vs_rest,1,317,0.042366107114308556,0.9343629343629344,0.8427589535713196,0.9611526767684196,21785
frailty29_trained_motion_detector,frailty29_outer_oof,window,one_vs_rest,1,318,0.04297738279964264,0.9343629343629344,0.8127867579460144,0.9611526767684196,21785
frailty29_trained_motion_detector,frailty29_outer_oof,window,one_vs_rest,1,319,0.04297738279964264,0.9362934362934363,0.8114805817604065,0.9611526767684196,21785
frailty29_trained_motion_detector,frailty29_outer_oof,window,one_vs_rest,1,320,0.043870785724361684,0.9362934362934363,0.7534666061401367,0.9611526767684196,21785
frailty29_trained_motion_detector,frailty29_outer_oof,window,one_vs_rest,1,321,0.043870785724361684,0.9382239382239382,0.7495515942573547,0.9611526767684196,21785
frailty29_trained_motion_detector,frailty29_outer_oof,window,one_vs_rest,1,322,0.04429397658343913,0.9382239382239382,0.7365330457687378,0.9611526767684196,21785
frailty29_trained_motion_detector,frailty29_outer_oof,window,one_vs_rest,1,323,0.04429397658343913,0.9401544401544402,0.7363632917404175,0.9611526767684196,21785
frailty29_trained_motion_detector,frailty29_outer_oof,window,one_vs_rest,1,324,0.04565759157379978,0.9401544401544402,0.6775478720664978,0.9611526767684196,21785
frailty29_trained_motion_detector,frailty29_outer_oof,window,one_vs_rest,1,325,0.04565759157379978,0.9420849420849421,0.6774510145187378,0.9611526767684196,21785
frailty29_trained_motion_detector,frailty29_outer_oof,window,one_vs_rest,1,326,0.04631588846569803,0.9420849420849421,0.6426941752433777,0.9611526767684196,21785
frailty29_trained_motion_detector,frailty29_outer_oof,window,one_vs_rest,1,327,0.04631588846569803,0.944015444015444,0.6414453983306885,0.9611526767684196,21785
frailty29_trained_motion_detector,frailty29_outer_oof,window,one_vs_rest,1,328,0.04692716415103212,0.944015444015444,0.5951750874519348,0.9611526767684196,21785
frailty29_trained_motion_detector,frailty29_outer_oof,window,one_vs_rest,1,329,0.04692716415103212,0.9459459459459459,0.5941752195358276,0.9611526767684196,21785
frailty29_trained_motion_detector,frailty29_outer_oof,window,one_vs_rest,1,330,0.04857290638077773,0.9459459459459459,0.4609020948410034,0.9611526767684196,21785
frailty29_trained_motion_detector,frailty29_outer_oof,window,one_vs_rest,1,331,0.04857290638077773,0.9478764478764479,0.4606901705265045,0.9611526767684196,21785
frailty29_trained_motion_detector,frailty29_outer_oof,window,one_vs_rest,1,332,0.049043118446419336,0.9478764478764479,0.4409703016281128,0.9611526767684196,21785
frailty29_trained_motion_detector,frailty29_outer_oof,window,one_vs_rest,1,333,0.049043118446419336,0.9498069498069498,0.4382375478744507,0.9611526767684196,21785
frailty29_trained_motion_detector,frailty29_outer_oof,window,one_vs_rest,1,334,0.05078290308929327,0.9498069498069498,0.3574047088623047,0.9611526767684196,21785
frailty29_trained_motion_detector,frailty29_outer_oof,window,one_vs_rest,1,335,0.05078290308929327,0.9536679536679536,0.3547721207141876,0.9611526767684196,21785
frailty29_trained_motion_detector,frailty29_outer_oof,window,one_vs_rest,1,336,0.05162928480744816,0.9536679536679536,0.31913813948631287,0.9611526767684196,21785
frailty29_trained_motion_detector,frailty29_outer_oof,window,one_vs_rest,1,337,0.05162928480744816,0.9555984555984556,0.31455275416374207,0.9611526767684196,21785
frailty29_trained_motion_detector,frailty29_outer_oof,window,one_vs_rest,1,338,0.05529693891945267,0.9555984555984556,0.1933547705411911,0.9611526767684196,21785
frailty29_trained_motion_detector,frailty29_outer_oof,window,one_vs_rest,1,339,0.05529693891945267,0.9575289575289575,0.19314998388290405,0.9611526767684196,21785
frailty29_trained_motion_detector,frailty29_outer_oof,window,one_vs_rest,1,340,0.056566511496685006,0.9575289575289575,0.15556225180625916,0.9611526767684196,21785
frailty29_trained_motion_detector,frailty29_outer_oof,window,one_vs_rest,1,341,0.056566511496685006,0.9594594594594594,0.1540590077638626,0.9611526767684196,21785
frailty29_trained_motion_detector,frailty29_outer_oof,window,one_vs_rest,1,342,0.056660553909813324,0.9594594594594594,0.1537342518568039,0.9611526767684196,21785
frailty29_trained_motion_detector,frailty29_outer_oof,window,one_vs_rest,1,343,0.056660553909813324,0.9613899613899614,0.15313400328159332,0.9611526767684196,21785
frailty29_trained_motion_detector,frailty29_outer_oof,window,one_vs_rest,1,344,0.057036723562326606,0.9613899613899614,0.1426645815372467,0.9611526767684196,21785
frailty29_trained_motion_detector,frailty29_outer_oof,window,one_vs_rest,1,345,0.057036723562326606,0.9633204633204633,0.14083780348300934,0.9611526767684196,21785
frailty29_trained_motion_detector,frailty29_outer_oof,window,one_vs_rest,1,346,0.05708374476889077,0.9633204633204633,0.14077438414096832,0.9611526767684196,21785
frailty29_trained_motion_detector,frailty29_outer_oof,window,one_vs_rest,1,347,0.05708374476889077,0.9652509652509652,0.14070913195610046,0.9611526767684196,21785
frailty29_trained_motion_detector,frailty29_outer_oof,window,one_vs_rest,1,348,0.05825927493299478,0.9652509652509652,0.11889061331748962,0.9611526767684196,21785
frailty29_trained_motion_detector,frailty29_outer_oof,window,one_vs_rest,1,349,0.05825927493299478,0.9671814671814671,0.11858124285936356,0.9611526767684196,21785
frailty29_trained_motion_detector,frailty29_outer_oof,window,one_vs_rest,1,350,0.058494380965815586,0.9671814671814671,0.11508921533823013,0.9611526767684196,21785
frailty29_trained_motion_detector,frailty29_outer_oof,window,one_vs_rest,1,351,0.058494380965815586,0.9691119691119691,0.11344605684280396,0.9611526767684196,21785
frailty29_trained_motion_detector,frailty29_outer_oof,window,one_vs_rest,1,352,0.058729486998636386,0.9691119691119691,0.10653567314147949,0.9611526767684196,21785
frailty29_trained_motion_detector,frailty29_outer_oof,window,one_vs_rest,1,353,0.058729486998636386,0.971042471042471,0.10608359426259995,0.9611526767684196,21785
frailty29_trained_motion_detector,frailty29_outer_oof,window,one_vs_rest,1,354,0.059058635444585506,0.971042471042471,0.10058318078517914,0.9611526767684196,21785
frailty29_trained_motion_detector,frailty29_outer_oof,window,one_vs_rest,1,355,0.059058635444585506,0.972972972972973,0.10010935366153717,0.9611526767684196,21785
frailty29_trained_motion_detector,frailty29_outer_oof,window,one_vs_rest,1,356,0.09992006394884093,0.972972972972973,0.0035129503812640905,0.9611526767684196,21785
frailty29_trained_motion_detector,frailty29_outer_oof,window,one_vs_rest,1,357,0.09992006394884093,0.974903474903475,0.003510280279442668,0.9611526767684196,21785
frailty29_trained_motion_detector,frailty29_outer_oof,window,one_vs_rest,1,358,0.1328819297503174,0.974903474903475,0.0010704807937145233,0.9611526767684196,21785
frailty29_trained_motion_detector,frailty29_outer_oof,window,one_vs_rest,1,359,0.1328819297503174,0.9768339768339769,0.0010699445847421885,0.9611526767684196,21785
frailty29_trained_motion_detector,frailty29_outer_oof,window,one_vs_rest,1,360,0.15310104857290638,0.9768339768339769,0.0006861223955638707,0.9611526767684196,21785
frailty29_trained_motion_detector,frailty29_outer_oof,window,one_vs_rest,1,361,0.15310104857290638,0.9787644787644788,0.0006860811845399439,0.9611526767684196,21785
frailty29_trained_motion_detector,frailty29_outer_oof,window,one_vs_rest,1,362,0.16001316593783796,0.9787644787644788,0.0005954760126769543,0.9611526767684196,21785
frailty29_trained_motion_detector,frailty29_outer_oof,window,one_vs_rest,1,363,0.16010720835096628,0.9787644787644788,0.0005950964405201375,0.9611526767684196,21785
frailty29_trained_motion_detector,frailty29_outer_oof,window,one_vs_rest,1,364,0.17647058823529413,0.9787644787644788,0.00043898759759031236,0.9611526767684196,21785
frailty29_trained_motion_detector,frailty29_outer_oof,window,one_vs_rest,1,365,0.17647058823529413,0.9806949806949807,0.000437484763097018,0.9611526767684196,21785
frailty29_trained_motion_detector,frailty29_outer_oof,window,one_vs_rest,1,366,0.21596840174918888,0.9806949806949807,0.00023067645088303834,0.9611526767684196,21785
frailty29_trained_motion_detector,frailty29_outer_oof,window,one_vs_rest,1,367,0.2160624441623172,0.9806949806949807,0.00023050670279189944,0.9611526767684196,21785
frailty29_trained_motion_detector,frailty29_outer_oof,window,one_vs_rest,1,368,0.23538816006018715,0.9806949806949807,0.0001755349076120183,0.9611526767684196,21785
frailty29_trained_motion_detector,frailty29_outer_oof,window,one_vs_rest,1,369,0.23538816006018715,0.9826254826254827,0.00017550661868881434,0.9611526767684196,21785
frailty29_trained_motion_detector,frailty29_outer_oof,window,one_vs_rest,1,370,0.2949170075704143,0.9826254826254827,9.139841858996078e-05,0.9611526767684196,21785
frailty29_trained_motion_detector,frailty29_outer_oof,window,one_vs_rest,1,371,0.2949170075704143,0.9845559845559846,9.130233956966549e-05,0.9611526767684196,21785
frailty29_trained_motion_detector,frailty29_outer_oof,window,one_vs_rest,1,372,0.35722010626792683,0.9845559845559846,5.404540570452809e-05,0.9611526767684196,21785
frailty29_trained_motion_detector,frailty29_outer_oof,window,one_vs_rest,1,373,0.35731414868105515,0.9845559845559846,5.400289592216723e-05,0.9611526767684196,21785
frailty29_trained_motion_detector,frailty29_outer_oof,window,one_vs_rest,1,374,0.3774392250905158,0.9845559845559846,4.6515368012478575e-05,0.9611526767684196,21785
frailty29_trained_motion_detector,frailty29_outer_oof,window,one_vs_rest,1,375,0.37753326750364413,0.9845559845559846,4.651528433896601e-05,0.9611526767684196,21785
frailty29_trained_motion_detector,frailty29_outer_oof,window,one_vs_rest,1,376,0.3885832510462218,0.9845559845559846,4.3018026190111414e-05,0.9611526767684196,21785
frailty29_trained_motion_detector,frailty29_outer_oof,window,one_vs_rest,1,377,0.38867729345935015,0.9845559845559846,4.301552689867094e-05,0.9611526767684196,21785
frailty29_trained_motion_detector,frailty29_outer_oof,window,one_vs_rest,1,378,0.40494663093054967,0.9845559845559846,3.869913416565396e-05,0.9611526767684196,21785
frailty29_trained_motion_detector,frailty29_outer_oof,window,one_vs_rest,1,379,0.405040673343678,0.9845559845559846,3.8690868677804247e-05,0.9611526767684196,21785
frailty29_trained_motion_detector,frailty29_outer_oof,window,one_vs_rest,1,380,0.45130954060281187,0.9845559845559846,2.8689764803857543e-05,0.9611526767684196,21785
frailty29_trained_motion_detector,frailty29_outer_oof,window,one_vs_rest,1,381,0.45130954060281187,0.9864864864864865,2.868749106710311e-05,0.9611526767684196,21785
frailty29_trained_motion_detector,frailty29_outer_oof,window,one_vs_rest,1,382,0.45897399727277,0.9864864864864865,2.7312971724313684e-05,0.9611526767684196,21785
frailty29_trained_motion_detector,frailty29_outer_oof,window,one_vs_rest,1,383,0.4590680396858983,0.9864864864864865,2.7310057703289203e-05,0.9611526767684196,21785
frailty29_trained_motion_detector,frailty29_outer_oof,window,one_vs_rest,1,384,0.46268867259133867,0.9864864864864865,2.677924021554645e-05,0.9611526767684196,21785
frailty29_trained_motion_detector,frailty29_outer_oof,window,one_vs_rest,1,385,0.462782715004467,0.9864864864864865,2.6769896066980436e-05,0.9611526767684196,21785
frailty29_trained_motion_detector,frailty29_outer_oof,window,one_vs_rest,1,386,0.48107396435792543,0.9864864864864865,2.3709262677584775e-05,0.9611526767684196,21785
frailty29_trained_motion_detector,frailty29_outer_oof,window,one_vs_rest,1,387,0.48116800677105376,0.9864864864864865,2.3699540179222822e-05,0.9611526767684196,21785
frailty29_trained_motion_detector,frailty29_outer_oof,window,one_vs_rest,1,388,0.5012930831805145,0.9864864864864865,2.0856294213444926e-05,0.9611526767684196,21785
frailty29_trained_motion_detector,frailty29_outer_oof,window,one_vs_rest,1,389,0.5013871255936427,0.9864864864864865,2.083311483147554e-05,0.9611526767684196,21785
frailty29_trained_motion_detector,frailty29_outer_oof,window,one_vs_rest,1,390,0.5398974937696901,0.9864864864864865,1.7658865544945e-05,0.9611526767684196,21785
frailty29_trained_motion_detector,frailty29_outer_oof,window,one_vs_rest,1,391,0.5399915361828185,0.9864864864864865,1.7658563592704013e-05,0.9611526767684196,21785
frailty29_trained_motion_detector,frailty29_outer_oof,window,one_vs_rest,1,392,0.6001316593783796,0.9864864864864865,1.3651002518599853e-05,0.9611526767684196,21785
frailty29_trained_motion_detector,frailty29_outer_oof,window,one_vs_rest,1,393,0.6002257017915079,0.9864864864864865,1.364901072520297e-05,0.9611526767684196,21785
frailty29_trained_motion_detector,frailty29_outer_oof,window,one_vs_rest,1,394,0.601401231955612,0.9864864864864865,1.3557577403844334e-05,0.9611526767684196,21785
frailty29_trained_motion_detector,frailty29_outer_oof,window,one_vs_rest,1,395,0.6014952743687403,0.9864864864864865,1.3553582903114147e-05,0.9611526767684196,21785
frailty29_trained_motion_detector,frailty29_outer_oof,window,one_vs_rest,1,396,0.6115578125734706,0.9864864864864865,1.3007203051529359e-05,0.9611526767684196,21785
frailty29_trained_motion_detector,frailty29_outer_oof,window,one_vs_rest,1,397,0.6116518549865989,0.9864864864864865,1.3006657354708295e-05,0.9611526767684196,21785
frailty29_trained_motion_detector,frailty29_outer_oof,window,one_vs_rest,1,398,0.6701932571589787,0.9864864864864865,9.363804565509781e-06,0.9611526767684196,21785
frailty29_trained_motion_detector,frailty29_outer_oof,window,one_vs_rest,1,399,0.670287299572107,0.9864864864864865,9.355824658996426e-06,0.9611526767684196,21785
frailty29_trained_motion_detector,frailty29_outer_oof,window,one_vs_rest,1,400,0.7411952790708609,0.9864864864864865,3.5557607134251157e-06,0.9611526767684196,21785
frailty29_trained_motion_detector,frailty29_outer_oof,window,one_vs_rest,1,401,0.7411952790708609,0.9884169884169884,3.552337602741318e-06,0.9611526767684196,21785
frailty29_trained_motion_detector,frailty29_outer_oof,window,one_vs_rest,1,402,0.7745803357314148,0.9884169884169884,2.3194672849058406e-06,0.9611526767684196,21785
frailty29_trained_motion_detector,frailty29_outer_oof,window,one_vs_rest,1,403,0.7746743781445432,0.9884169884169884,2.3167151539382758e-06,0.9611526767684196,21785
frailty29_trained_motion_detector,frailty29_outer_oof,window,one_vs_rest,1,404,0.799219447971035,0.9884169884169884,1.6782998955022776e-06,0.9611526767684196,21785
frailty29_trained_motion_detector,frailty29_outer_oof,window,one_vs_rest,1,405,0.799219447971035,0.9903474903474904,1.677541376920999e-06,0.9611526767684196,21785
frailty29_trained_motion_detector,frailty29_outer_oof,window,one_vs_rest,1,406,0.8017585931254996,0.9903474903474904,1.6282549495372223e-06,0.9611526767684196,21785
frailty29_trained_motion_detector,frailty29_outer_oof,window,one_vs_rest,1,407,0.801852635538628,0.9903474903474904,1.6278823977700085e-06,0.9611526767684196,21785
frailty29_trained_motion_detector,frailty29_outer_oof,window,one_vs_rest,1,408,0.8365072647764141,0.9903474903474904,1.038193317981495e-06,0.9611526767684196,21785
frailty29_trained_motion_detector,frailty29_outer_oof,window,one_vs_rest,1,409,0.8366013071895425,0.9903474903474904,1.0378003025834914e-06,0.9611526767684196,21785
frailty29_trained_motion_detector,frailty29_outer_oof,window,one_vs_rest,1,410,0.8518831993228946,0.9903474903474904,8.974367915470793e-07,0.9611526767684196,21785
frailty29_trained_motion_detector,frailty29_outer_oof,window,one_vs_rest,1,411,0.851977241736023,0.9903474903474904,8.968515317064885e-07,0.9611526767684196,21785
frailty29_trained_motion_detector,frailty29_outer_oof,window,one_vs_rest,1,412,0.8940142004043824,0.9903474903474904,4.099158559256466e-07,0.9611526767684196,21785
frailty29_trained_motion_detector,frailty29_outer_oof,window,one_vs_rest,1,413,0.8940142004043824,0.9922779922779923,4.0964891923067626e-07,0.9611526767684196,21785
frailty29_trained_motion_detector,frailty29_outer_oof,window,one_vs_rest,1,414,0.9040767386091128,0.9922779922779923,3.001747188591253e-07,0.9611526767684196,21785
frailty29_trained_motion_detector,frailty29_outer_oof,window,one_vs_rest,1,415,0.9040767386091128,0.9942084942084942,3.00012715115372e-07,0.9611526767684196,21785
frailty29_trained_motion_detector,frailty29_outer_oof,window,one_vs_rest,1,416,0.9060046080782432,0.9942084942084942,2.8340855351416394e-07,0.9611526767684196,21785
frailty29_trained_motion_detector,frailty29_outer_oof,window,one_vs_rest,1,417,0.9060046080782432,0.9961389961389961,2.833810128777259e-07,0.9611526767684196,21785
frailty29_trained_motion_detector,frailty29_outer_oof,window,one_vs_rest,1,418,0.910612686321531,0.9961389961389961,2.4584133484495396e-07,0.9611526767684196,21785
frailty29_trained_motion_detector,frailty29_outer_oof,window,one_vs_rest,1,419,0.910612686321531,0.9980694980694981,2.457107655118307e-07,0.9611526767684196,21785
frailty29_trained_motion_detector,frailty29_outer_oof,window,one_vs_rest,1,420,0.9107067287346593,0.9980694980694981,2.4432910095129046e-07,0.9611526767684196,21785
frailty29_trained_motion_detector,frailty29_outer_oof,window,one_vs_rest,1,421,0.9107067287346593,1.0,2.443006508201506e-07,0.9611526767684196,21785
frailty29_trained_motion_detector,frailty29_outer_oof,window,one_vs_rest,1,422,0.982131941505619,1.0,3.660310454733917e-08,0.9611526767684196,21785
frailty29_trained_motion_detector,frailty29_outer_oof,window,one_vs_rest,1,423,0.9822259839187474,1.0,3.6592286534187224e-08,0.9611526767684196,21785
frailty29_trained_motion_detector,frailty29_outer_oof,window,one_vs_rest,1,424,0.9835425777025438,1.0,3.626890077157441e-08,0.9611526767684196,21785
frailty29_trained_motion_detector,frailty29_outer_oof,window,one_vs_rest,1,425,0.9836366201156722,1.0,3.6230318301022635e-08,0.9611526767684196,21785
frailty29_trained_motion_detector,frailty29_outer_oof,window,one_vs_rest,1,426,1.0,1.0,1.8961356929025897e-08,0.9611526767684196,21785
frailty29_trained_motion_detector,frailty29_outer_oof,window,macro_average_ovr,macro,0,0.0,0.04464663563267034,,0.9608661115412536,21785
frailty29_trained_motion_detector,frailty29_outer_oof,window,macro_average_ovr,macro,1,0.005,0.04839733179801419,,0.9608661115412536,21785
frailty29_trained_motion_detector,frailty29_outer_oof,window,macro_average_ovr,macro,2,0.01,0.1031895476887542,,0.9608661115412536,21785
frailty29_trained_motion_detector,frailty29_outer_oof,window,macro_average_ovr,macro,3,0.015,0.27854413721000154,,0.9608661115412536,21785
frailty29_trained_motion_detector,frailty29_outer_oof,window,macro_average_ovr,macro,4,0.02,0.4173632492308963,,0.9608661115412536,21785
frailty29_trained_motion_detector,frailty29_outer_oof,window,macro_average_ovr,macro,5,0.025,0.801319652885459,,0.9608661115412536,21785
frailty29_trained_motion_detector,frailty29_outer_oof,window,macro_average_ovr,macro,6,0.03,0.8712144070798324,,0.9608661115412536,21785
frailty29_trained_motion_detector,frailty29_outer_oof,window,macro_average_ovr,macro,7,0.035,0.9135430697004967,,0.9608661115412536,21785
frailty29_trained_motion_detector,frailty29_outer_oof,window,macro_average_ovr,macro,8,0.04,0.9330596844350547,,0.9608661115412536,21785
frailty29_trained_motion_detector,frailty29_outer_oof,window,macro_average_ovr,macro,9,0.045,0.9442625776734961,,0.9608661115412536,21785
frailty29_trained_motion_detector,frailty29_outer_oof,window,macro_average_ovr,macro,10,0.05,0.9495120233588283,,0.9608661115412536,21785
frailty29_trained_motion_detector,frailty29_outer_oof,window,macro_average_ovr,macro,11,0.055,0.9543356457237118,,0.9608661115412536,21785
frailty29_trained_motion_detector,frailty29_outer_oof,window,macro_average_ovr,macro,12,0.06,0.9643394981947669,,0.9608661115412536,21785
frailty29_trained_motion_detector,frailty29_outer_oof,window,macro_average_ovr,macro,13,0.065,0.9649977950866652,,0.9608661115412536,21785
frailty29_trained_motion_detector,frailty29_outer_oof,window,macro_average_ovr,macro,14,0.07,0.9659147086146663,,0.9608661115412536,21785
frailty29_trained_motion_detector,frailty29_outer_oof,window,macro_average_ovr,macro,15,0.075,0.9663849206803079,,0.9608661115412536,21785
frailty29_trained_motion_detector,frailty29_outer_oof,window,macro_average_ovr,macro,16,0.08,0.9667846009361033,,0.9608661115412536,21785
frailty29_trained_motion_detector,frailty29_outer_oof,window,macro_average_ovr,macro,17,0.085,0.96697268576236,,0.9608661115412536,21785
frailty29_trained_motion_detector,frailty29_outer_oof,window,macro_average_ovr,macro,18,0.09,0.9670667281754883,,0.9608661115412536,21785
frailty29_trained_motion_detector,frailty29_outer_oof,window,macro_average_ovr,macro,19,0.095,0.967278323605027,,0.9608661115412536,21785
frailty29_trained_motion_detector,frailty29_outer_oof,window,macro_average_ovr,macro,20,0.1,0.9688783608588941,,0.9608661115412536,21785
frailty29_trained_motion_detector,frailty29_outer_oof,window,macro_average_ovr,macro,21,0.105,0.9696071895606386,,0.9608661115412536,21785
frailty29_trained_motion_detector,frailty29_outer_oof,window,macro_average_ovr,macro,22,0.11,0.9697952743868952,,0.9608661115412536,21785
frailty29_trained_motion_detector,frailty29_outer_oof,window,macro_average_ovr,macro,23,0.115,0.9699128274033056,,0.9608661115412536,21785
frailty29_trained_motion_detector,frailty29_outer_oof,window,macro_average_ovr,macro,24,0.12,0.970030380419716,,0.9608661115412536,21785
frailty29_trained_motion_detector,frailty29_outer_oof,window,macro_average_ovr,macro,25,0.125,0.9702654864525369,,0.9608661115412536,21785
frailty29_trained_motion_detector,frailty29_outer_oof,window,macro_average_ovr,macro,26,0.13,0.970336018262383,,0.9608661115412536,21785
frailty29_trained_motion_detector,frailty29_outer_oof,window,macro_average_ovr,macro,27,0.135,0.9714893540538907,,0.9608661115412536,21785
frailty29_trained_motion_detector,frailty29_outer_oof,window,macro_average_ovr,macro,28,0.14,0.9716539282768653,,0.9608661115412536,21785
frailty29_trained_motion_detector,frailty29_outer_oof,window,macro_average_ovr,macro,29,0.145,0.9717714812932756,,0.9608661115412536,21785
frailty29_trained_motion_detector,frailty29_outer_oof,window,macro_average_ovr,macro,30,0.15,0.971865523706404,,0.9608661115412536,21785
frailty29_trained_motion_detector,frailty29_outer_oof,window,macro_average_ovr,macro,31,0.155,0.9729248170847833,,0.9608661115412536,21785
frailty29_trained_motion_detector,frailty29_outer_oof,window,macro_average_ovr,macro,32,0.16,0.9730188594979116,,0.9608661115412536,21785
frailty29_trained_motion_detector,frailty29_outer_oof,window,macro_average_ovr,macro,33,0.165,0.9731834337208861,,0.9608661115412536,21785
frailty29_trained_motion_detector,frailty29_outer_oof,window,macro_average_ovr,macro,34,0.17,0.9733480079438607,,0.9608661115412536,21785
frailty29_trained_motion_detector,frailty29_outer_oof,window,macro_average_ovr,macro,35,0.17500000000000002,0.973418539753707,,0.9608661115412536,21785
frailty29_trained_motion_detector,frailty29_outer_oof,window,macro_average_ovr,macro,36,0.18,0.9745953861484966,,0.9608661115412536,21785
frailty29_trained_motion_detector,frailty29_outer_oof,window,macro_average_ovr,macro,37,0.185,0.9747599603714712,,0.9608661115412536,21785
frailty29_trained_motion_detector,frailty29_outer_oof,window,macro_average_ovr,macro,38,0.19,0.974995066404292,,0.9608661115412536,21785
frailty29_trained_motion_detector,frailty29_outer_oof,window,macro_average_ovr,macro,39,0.195,0.9751361300239845,,0.9608661115412536,21785
frailty29_trained_motion_detector,frailty29_outer_oof,window,macro_average_ovr,macro,40,0.2,0.975559320883062,,0.9608661115412536,21785
frailty29_trained_motion_detector,frailty29_outer_oof,window,macro_average_ovr,macro,41,0.20500000000000002,0.9761235753618318,,0.9608661115412536,21785
frailty29_trained_motion_detector,frailty29_outer_oof,window,macro_average_ovr,macro,42,0.21,0.9761941071716781,,0.9608661115412536,21785
frailty29_trained_motion_detector,frailty29_outer_oof,window,macro_average_ovr,macro,43,0.215,0.9762646389815244,,0.9608661115412536,21785
frailty29_trained_motion_detector,frailty29_outer_oof,window,macro_average_ovr,macro,44,0.22,0.9764057026012167,,0.9608661115412536,21785
frailty29_trained_motion_detector,frailty29_outer_oof,window,macro_average_ovr,macro,45,0.225,0.9764997450143451,,0.9608661115412536,21785
frailty29_trained_motion_detector,frailty29_outer_oof,window,macro_average_ovr,macro,46,0.23,0.9766643192373197,,0.9608661115412536,21785
frailty29_trained_motion_detector,frailty29_outer_oof,window,macro_average_ovr,macro,47,0.23500000000000001,0.9767113404438839,,0.9608661115412536,21785
frailty29_trained_motion_detector,frailty29_outer_oof,window,macro_average_ovr,macro,48,0.24,0.9780527610616481,,0.9608661115412536,21785
frailty29_trained_motion_detector,frailty29_outer_oof,window,macro_average_ovr,macro,49,0.245,0.9781468034747764,,0.9608661115412536,21785
frailty29_trained_motion_detector,frailty29_outer_oof,window,macro_average_ovr,macro,50,0.25,0.9784054201108793,,0.9608661115412536,21785
frailty29_trained_motion_detector,frailty29_outer_oof,window,macro_average_ovr,macro,51,0.255,0.9784759519207256,,0.9608661115412536,21785
frailty29_trained_motion_detector,frailty29_outer_oof,window,macro_average_ovr,macro,52,0.26,0.9787110579535463,,0.9608661115412536,21785
frailty29_trained_motion_detector,frailty29_outer_oof,window,macro_average_ovr,macro,53,0.265,0.9788286109699567,,0.9608661115412536,21785
frailty29_trained_motion_detector,frailty29_outer_oof,window,macro_average_ovr,macro,54,0.27,0.978922653383085,,0.9608661115412536,21785
frailty29_trained_motion_detector,frailty29_outer_oof,window,macro_average_ovr,macro,55,0.275,0.979181270019188,,0.9608661115412536,21785
frailty29_trained_motion_detector,frailty29_outer_oof,window,macro_average_ovr,macro,56,0.28,0.9794163760520087,,0.9608661115412536,21785
frailty29_trained_motion_detector,frailty29_outer_oof,window,macro_average_ovr,macro,57,0.28500000000000003,0.9794163760520087,,0.9608661115412536,21785
frailty29_trained_motion_detector,frailty29_outer_oof,window,macro_average_ovr,macro,58,0.29,0.9794633972585729,,0.9608661115412536,21785
frailty29_trained_motion_detector,frailty29_outer_oof,window,macro_average_ovr,macro,59,0.295,0.980475669430388,,0.9608661115412536,21785
frailty29_trained_motion_detector,frailty29_outer_oof,window,macro_average_ovr,macro,60,0.3,0.9805226906369522,,0.9608661115412536,21785
frailty29_trained_motion_detector,frailty29_outer_oof,window,macro_average_ovr,macro,61,0.305,0.9805697118435164,,0.9608661115412536,21785
frailty29_trained_motion_detector,frailty29_outer_oof,window,macro_average_ovr,macro,62,0.31,0.9805932224467984,,0.9608661115412536,21785
frailty29_trained_motion_detector,frailty29_outer_oof,window,macro_average_ovr,macro,63,0.315,0.9807107754632088,,0.9608661115412536,21785
frailty29_trained_motion_detector,frailty29_outer_oof,window,macro_average_ovr,macro,64,0.32,0.9807342860664909,,0.9608661115412536,21785
frailty29_trained_motion_detector,frailty29_outer_oof,window,macro_average_ovr,macro,65,0.325,0.9808048178763371,,0.9608661115412536,21785
frailty29_trained_motion_detector,frailty29_outer_oof,window,macro_average_ovr,macro,66,0.33,0.9808048178763371,,0.9608661115412536,21785
frailty29_trained_motion_detector,frailty29_outer_oof,window,macro_average_ovr,macro,67,0.335,0.9808518390829013,,0.9608661115412536,21785
frailty29_trained_motion_detector,frailty29_outer_oof,window,macro_average_ovr,macro,68,0.34,0.9809693920993117,,0.9608661115412536,21785
frailty29_trained_motion_detector,frailty29_outer_oof,window,macro_average_ovr,macro,69,0.34500000000000003,0.9809693920993117,,0.9608661115412536,21785
frailty29_trained_motion_detector,frailty29_outer_oof,window,macro_average_ovr,macro,70,0.35000000000000003,0.9810164133058759,,0.9608661115412536,21785
frailty29_trained_motion_detector,frailty29_outer_oof,window,macro_average_ovr,macro,71,0.355,0.9811104557190042,,0.9608661115412536,21785
frailty29_trained_motion_detector,frailty29_outer_oof,window,macro_average_ovr,macro,72,0.36,0.9811574769255684,,0.9608661115412536,21785
frailty29_trained_motion_detector,frailty29_outer_oof,window,macro_average_ovr,macro,73,0.365,0.9811809875288504,,0.9608661115412536,21785
frailty29_trained_motion_detector,frailty29_outer_oof,window,macro_average_ovr,macro,74,0.37,0.9812280087354146,,0.9608661115412536,21785
frailty29_trained_motion_detector,frailty29_outer_oof,window,macro_average_ovr,macro,75,0.375,0.9812985405452608,,0.9608661115412536,21785
frailty29_trained_motion_detector,frailty29_outer_oof,window,macro_average_ovr,macro,76,0.38,0.981322051148543,,0.9608661115412536,21785
frailty29_trained_motion_detector,frailty29_outer_oof,window,macro_average_ovr,macro,77,0.385,0.9813690723551071,,0.9608661115412536,21785
frailty29_trained_motion_detector,frailty29_outer_oof,window,macro_average_ovr,macro,78,0.39,0.9813925829583892,,0.9608661115412536,21785
frailty29_trained_motion_detector,frailty29_outer_oof,window,macro_average_ovr,macro,79,0.395,0.9814160935616713,,0.9608661115412536,21785
frailty29_trained_motion_detector,frailty29_outer_oof,window,macro_average_ovr,macro,80,0.4,0.9814160935616713,,0.9608661115412536,21785
frailty29_trained_motion_detector,frailty29_outer_oof,window,macro_average_ovr,macro,81,0.405,0.9814160935616713,,0.9608661115412536,21785
frailty29_trained_motion_detector,frailty29_outer_oof,window,macro_average_ovr,macro,82,0.41000000000000003,0.9814160935616713,,0.9608661115412536,21785
frailty29_trained_motion_detector,frailty29_outer_oof,window,macro_average_ovr,macro,83,0.41500000000000004,0.9814160935616713,,0.9608661115412536,21785
frailty29_trained_motion_detector,frailty29_outer_oof,window,macro_average_ovr,macro,84,0.42,0.9814396041649533,,0.9608661115412536,21785
frailty29_trained_motion_detector,frailty29_outer_oof,window,macro_average_ovr,macro,85,0.425,0.9814396041649533,,0.9608661115412536,21785
frailty29_trained_motion_detector,frailty29_outer_oof,window,macro_average_ovr,macro,86,0.43,0.9814396041649533,,0.9608661115412536,21785
frailty29_trained_motion_detector,frailty29_outer_oof,window,macro_average_ovr,macro,87,0.435,0.9814866253715175,,0.9608661115412536,21785
frailty29_trained_motion_detector,frailty29_outer_oof,window,macro_average_ovr,macro,88,0.44,0.9814866253715175,,0.9608661115412536,21785
frailty29_trained_motion_detector,frailty29_outer_oof,window,macro_average_ovr,macro,89,0.445,0.9814866253715175,,0.9608661115412536,21785
frailty29_trained_motion_detector,frailty29_outer_oof,window,macro_average_ovr,macro,90,0.45,0.9814866253715175,,0.9608661115412536,21785
frailty29_trained_motion_detector,frailty29_outer_oof,window,macro_average_ovr,macro,91,0.455,0.9824518763367684,,0.9608661115412536,21785
frailty29_trained_motion_detector,frailty29_outer_oof,window,macro_average_ovr,macro,92,0.46,0.9824518763367684,,0.9608661115412536,21785
frailty29_trained_motion_detector,frailty29_outer_oof,window,macro_average_ovr,macro,93,0.465,0.9824518763367684,,0.9608661115412536,21785
frailty29_trained_motion_detector,frailty29_outer_oof,window,macro_average_ovr,macro,94,0.47000000000000003,0.9824518763367684,,0.9608661115412536,21785
frailty29_trained_motion_detector,frailty29_outer_oof,window,macro_average_ovr,macro,95,0.47500000000000003,0.9824518763367684,,0.9608661115412536,21785
frailty29_trained_motion_detector,frailty29_outer_oof,window,macro_average_ovr,macro,96,0.48,0.9824518763367684,,0.9608661115412536,21785
frailty29_trained_motion_detector,frailty29_outer_oof,window,macro_average_ovr,macro,97,0.485,0.9824572837755233,,0.9608661115412536,21785
frailty29_trained_motion_detector,frailty29_outer_oof,window,macro_average_ovr,macro,98,0.49,0.9824753869400505,,0.9608661115412536,21785
frailty29_trained_motion_detector,frailty29_outer_oof,window,macro_average_ovr,macro,99,0.495,0.9824753869400505,,0.9608661115412536,21785
frailty29_trained_motion_detector,frailty29_outer_oof,window,macro_average_ovr,macro,100,0.5,0.9824753869400505,,0.9608661115412536,21785
frailty29_trained_motion_detector,frailty29_outer_oof,window,macro_average_ovr,macro,101,0.505,0.9824753869400505,,0.9608661115412536,21785
frailty29_trained_motion_detector,frailty29_outer_oof,window,macro_average_ovr,macro,102,0.51,0.9824753869400505,,0.9608661115412536,21785
frailty29_trained_motion_detector,frailty29_outer_oof,window,macro_average_ovr,macro,103,0.515,0.9824753869400505,,0.9608661115412536,21785
frailty29_trained_motion_detector,frailty29_outer_oof,window,macro_average_ovr,macro,104,0.52,0.9824988975433326,,0.9608661115412536,21785
frailty29_trained_motion_detector,frailty29_outer_oof,window,macro_average_ovr,macro,105,0.525,0.9824988975433326,,0.9608661115412536,21785
frailty29_trained_motion_detector,frailty29_outer_oof,window,macro_average_ovr,macro,106,0.53,0.9824988975433326,,0.9608661115412536,21785
frailty29_trained_motion_detector,frailty29_outer_oof,window,macro_average_ovr,macro,107,0.535,0.9824988975433326,,0.9608661115412536,21785
frailty29_trained_motion_detector,frailty29_outer_oof,window,macro_average_ovr,macro,108,0.54,0.9824988975433326,,0.9608661115412536,21785
frailty29_trained_motion_detector,frailty29_outer_oof,window,macro_average_ovr,macro,109,0.545,0.9824988975433326,,0.9608661115412536,21785
frailty29_trained_motion_detector,frailty29_outer_oof,window,macro_average_ovr,macro,110,0.55,0.9824988975433326,,0.9608661115412536,21785
frailty29_trained_motion_detector,frailty29_outer_oof,window,macro_average_ovr,macro,111,0.555,0.9824988975433326,,0.9608661115412536,21785
frailty29_trained_motion_detector,frailty29_outer_oof,window,macro_average_ovr,macro,112,0.56,0.9825224081466146,,0.9608661115412536,21785
frailty29_trained_motion_detector,frailty29_outer_oof,window,macro_average_ovr,macro,113,0.5650000000000001,0.9825224081466146,,0.9608661115412536,21785
frailty29_trained_motion_detector,frailty29_outer_oof,window,macro_average_ovr,macro,114,0.5700000000000001,0.9825224081466146,,0.9608661115412536,21785
frailty29_trained_motion_detector,frailty29_outer_oof,window,macro_average_ovr,macro,115,0.5750000000000001,0.9825224081466146,,0.9608661115412536,21785
frailty29_trained_motion_detector,frailty29_outer_oof,window,macro_average_ovr,macro,116,0.58,0.9825224081466146,,0.9608661115412536,21785
frailty29_trained_motion_detector,frailty29_outer_oof,window,macro_average_ovr,macro,117,0.585,0.9825224081466146,,0.9608661115412536,21785
frailty29_trained_motion_detector,frailty29_outer_oof,window,macro_average_ovr,macro,118,0.59,0.9825224081466146,,0.9608661115412536,21785
frailty29_trained_motion_detector,frailty29_outer_oof,window,macro_average_ovr,macro,119,0.595,0.9825459187498968,,0.9608661115412536,21785
frailty29_trained_motion_detector,frailty29_outer_oof,window,macro_average_ovr,macro,120,0.6,0.9825459187498968,,0.9608661115412536,21785
frailty29_trained_motion_detector,frailty29_outer_oof,window,macro_average_ovr,macro,121,0.605,0.9825459187498968,,0.9608661115412536,21785
frailty29_trained_motion_detector,frailty29_outer_oof,window,macro_average_ovr,macro,122,0.61,0.9825459187498968,,0.9608661115412536,21785
frailty29_trained_motion_detector,frailty29_outer_oof,window,macro_average_ovr,macro,123,0.615,0.9825459187498968,,0.9608661115412536,21785
frailty29_trained_motion_detector,frailty29_outer_oof,window,macro_average_ovr,macro,124,0.62,0.9825459187498968,,0.9608661115412536,21785
frailty29_trained_motion_detector,frailty29_outer_oof,window,macro_average_ovr,macro,125,0.625,0.9825694293531788,,0.9608661115412536,21785
frailty29_trained_motion_detector,frailty29_outer_oof,window,macro_average_ovr,macro,126,0.63,0.9825694293531788,,0.9608661115412536,21785
frailty29_trained_motion_detector,frailty29_outer_oof,window,macro_average_ovr,macro,127,0.635,0.9825694293531788,,0.9608661115412536,21785
frailty29_trained_motion_detector,frailty29_outer_oof,window,macro_average_ovr,macro,128,0.64,0.9825694293531788,,0.9608661115412536,21785
frailty29_trained_motion_detector,frailty29_outer_oof,window,macro_average_ovr,macro,129,0.645,0.9825929399564609,,0.9608661115412536,21785
frailty29_trained_motion_detector,frailty29_outer_oof,window,macro_average_ovr,macro,130,0.65,0.9825929399564609,,0.9608661115412536,21785
frailty29_trained_motion_detector,frailty29_outer_oof,window,macro_average_ovr,macro,131,0.655,0.9825929399564609,,0.9608661115412536,21785
frailty29_trained_motion_detector,frailty29_outer_oof,window,macro_average_ovr,macro,132,0.66,0.982616450559743,,0.9608661115412536,21785
frailty29_trained_motion_detector,frailty29_outer_oof,window,macro_average_ovr,macro,133,0.665,0.982616450559743,,0.9608661115412536,21785
frailty29_trained_motion_detector,frailty29_outer_oof,window,macro_average_ovr,macro,134,0.67,0.982616450559743,,0.9608661115412536,21785
frailty29_trained_motion_detector,frailty29_outer_oof,window,macro_average_ovr,macro,135,0.675,0.982616450559743,,0.9608661115412536,21785
frailty29_trained_motion_detector,frailty29_outer_oof,window,macro_average_ovr,macro,136,0.68,0.9826220931045306,,0.9608661115412536,21785
frailty29_trained_motion_detector,frailty29_outer_oof,window,macro_average_ovr,macro,137,0.685,0.9826399611630251,,0.9608661115412536,21785
frailty29_trained_motion_detector,frailty29_outer_oof,window,macro_average_ovr,macro,138,0.6900000000000001,0.9826634717663072,,0.9608661115412536,21785
frailty29_trained_motion_detector,frailty29_outer_oof,window,macro_average_ovr,macro,139,0.6950000000000001,0.9826634717663072,,0.9608661115412536,21785
frailty29_trained_motion_detector,frailty29_outer_oof,window,macro_average_ovr,macro,140,0.7000000000000001,0.9826634717663072,,0.9608661115412536,21785
frailty29_trained_motion_detector,frailty29_outer_oof,window,macro_average_ovr,macro,141,0.705,0.9826634717663072,,0.9608661115412536,21785
frailty29_trained_motion_detector,frailty29_outer_oof,window,macro_average_ovr,macro,142,0.71,0.9826634717663072,,0.9608661115412536,21785
frailty29_trained_motion_detector,frailty29_outer_oof,window,macro_average_ovr,macro,143,0.715,0.9826634717663072,,0.9608661115412536,21785
frailty29_trained_motion_detector,frailty29_outer_oof,window,macro_average_ovr,macro,144,0.72,0.9826634717663072,,0.9608661115412536,21785
frailty29_trained_motion_detector,frailty29_outer_oof,window,macro_average_ovr,macro,145,0.725,0.9826695453388217,,0.9608661115412536,21785
frailty29_trained_motion_detector,frailty29_outer_oof,window,macro_average_ovr,macro,146,0.73,0.9826796940825717,,0.9608661115412536,21785
frailty29_trained_motion_detector,frailty29_outer_oof,window,macro_average_ovr,macro,147,0.735,0.9826869823695892,,0.9608661115412536,21785
frailty29_trained_motion_detector,frailty29_outer_oof,window,macro_average_ovr,macro,148,0.74,0.9826869823695892,,0.9608661115412536,21785
frailty29_trained_motion_detector,frailty29_outer_oof,window,macro_average_ovr,macro,149,0.745,0.9836522333348402,,0.9608661115412536,21785
frailty29_trained_motion_detector,frailty29_outer_oof,window,macro_average_ovr,macro,150,0.75,0.9836522333348402,,0.9608661115412536,21785
frailty29_trained_motion_detector,frailty29_outer_oof,window,macro_average_ovr,macro,151,0.755,0.9836522333348402,,0.9608661115412536,21785
frailty29_trained_motion_detector,frailty29_outer_oof,window,macro_average_ovr,macro,152,0.76,0.9836522333348402,,0.9608661115412536,21785
frailty29_trained_motion_detector,frailty29_outer_oof,window,macro_average_ovr,macro,153,0.765,0.9836522333348402,,0.9608661115412536,21785
frailty29_trained_motion_detector,frailty29_outer_oof,window,macro_average_ovr,macro,154,0.77,0.9836522333348402,,0.9608661115412536,21785
frailty29_trained_motion_detector,frailty29_outer_oof,window,macro_average_ovr,macro,155,0.775,0.9836522333348402,,0.9608661115412536,21785
frailty29_trained_motion_detector,frailty29_outer_oof,window,macro_average_ovr,macro,156,0.78,0.9836522333348402,,0.9608661115412536,21785
frailty29_trained_motion_detector,frailty29_outer_oof,window,macro_average_ovr,macro,157,0.785,0.9836522333348402,,0.9608661115412536,21785
frailty29_trained_motion_detector,frailty29_outer_oof,window,macro_average_ovr,macro,158,0.79,0.9836522333348402,,0.9608661115412536,21785
frailty29_trained_motion_detector,frailty29_outer_oof,window,macro_average_ovr,macro,159,0.795,0.9836522333348402,,0.9608661115412536,21785
frailty29_trained_motion_detector,frailty29_outer_oof,window,macro_average_ovr,macro,160,0.8,0.9846174843000912,,0.9608661115412536,21785
frailty29_trained_motion_detector,frailty29_outer_oof,window,macro_average_ovr,macro,161,0.805,0.9846174843000912,,0.9608661115412536,21785
frailty29_trained_motion_detector,frailty29_outer_oof,window,macro_average_ovr,macro,162,0.81,0.9846174843000912,,0.9608661115412536,21785
frailty29_trained_motion_detector,frailty29_outer_oof,window,macro_average_ovr,macro,163,0.8150000000000001,0.9846174843000912,,0.9608661115412536,21785
frailty29_trained_motion_detector,frailty29_outer_oof,window,macro_average_ovr,macro,164,0.8200000000000001,0.9846174843000912,,0.9608661115412536,21785
frailty29_trained_motion_detector,frailty29_outer_oof,window,macro_average_ovr,macro,165,0.8250000000000001,0.9846174843000912,,0.9608661115412536,21785
frailty29_trained_motion_detector,frailty29_outer_oof,window,macro_average_ovr,macro,166,0.8300000000000001,0.9846174843000912,,0.9608661115412536,21785
frailty29_trained_motion_detector,frailty29_outer_oof,window,macro_average_ovr,macro,167,0.835,0.9846174843000912,,0.9608661115412536,21785
frailty29_trained_motion_detector,frailty29_outer_oof,window,macro_average_ovr,macro,168,0.84,0.9846174843000912,,0.9608661115412536,21785
frailty29_trained_motion_detector,frailty29_outer_oof,window,macro_average_ovr,macro,169,0.845,0.9846174843000912,,0.9608661115412536,21785
frailty29_trained_motion_detector,frailty29_outer_oof,window,macro_average_ovr,macro,170,0.85,0.9846174843000912,,0.9608661115412536,21785
frailty29_trained_motion_detector,frailty29_outer_oof,window,macro_average_ovr,macro,171,0.855,0.9846174843000912,,0.9608661115412536,21785
frailty29_trained_motion_detector,frailty29_outer_oof,window,macro_average_ovr,macro,172,0.86,0.9846174843000912,,0.9608661115412536,21785
frailty29_trained_motion_detector,frailty29_outer_oof,window,macro_average_ovr,macro,173,0.865,0.9846174843000912,,0.9608661115412536,21785
frailty29_trained_motion_detector,frailty29_outer_oof,window,macro_average_ovr,macro,174,0.87,0.9846174843000912,,0.9608661115412536,21785
frailty29_trained_motion_detector,frailty29_outer_oof,window,macro_average_ovr,macro,175,0.875,0.9846174843000912,,0.9608661115412536,21785
frailty29_trained_motion_detector,frailty29_outer_oof,window,macro_average_ovr,macro,176,0.88,0.9846174843000912,,0.9608661115412536,21785
frailty29_trained_motion_detector,frailty29_outer_oof,window,macro_average_ovr,macro,177,0.885,0.9846174843000912,,0.9608661115412536,21785
frailty29_trained_motion_detector,frailty29_outer_oof,window,macro_average_ovr,macro,178,0.89,0.9846174843000912,,0.9608661115412536,21785
frailty29_trained_motion_detector,frailty29_outer_oof,window,macro_average_ovr,macro,179,0.895,0.9855827352653421,,0.9608661115412536,21785
frailty29_trained_motion_detector,frailty29_outer_oof,window,macro_average_ovr,macro,180,0.9,0.9855939794669117,,0.9608661115412536,21785
frailty29_trained_motion_detector,frailty29_outer_oof,window,macro_average_ovr,macro,181,0.905,0.9865724679240107,,0.9608661115412536,21785
frailty29_trained_motion_detector,frailty29_outer_oof,window,macro_average_ovr,macro,182,0.91,0.9875509563811097,,0.9608661115412536,21785
frailty29_trained_motion_detector,frailty29_outer_oof,window,macro_average_ovr,macro,183,0.915,0.9894946958034596,,0.9608661115412536,21785
frailty29_trained_motion_detector,frailty29_outer_oof,window,macro_average_ovr,macro,184,0.92,0.9895079332953075,,0.9608661115412536,21785
frailty29_trained_motion_detector,frailty29_outer_oof,window,macro_average_ovr,macro,185,0.925,0.9895211707871554,,0.9608661115412536,21785
frailty29_trained_motion_detector,frailty29_outer_oof,window,macro_average_ovr,macro,186,0.93,0.9895344082790034,,0.9608661115412536,21785
frailty29_trained_motion_detector,frailty29_outer_oof,window,macro_average_ovr,macro,187,0.935,0.9895476457708514,,0.9608661115412536,21785
frailty29_trained_motion_detector,frailty29_outer_oof,window,macro_average_ovr,macro,188,0.9400000000000001,0.9895608832626993,,0.9608661115412536,21785
frailty29_trained_motion_detector,frailty29_outer_oof,window,macro_average_ovr,macro,189,0.9450000000000001,0.9895707340010345,,0.9608661115412536,21785
frailty29_trained_motion_detector,frailty29_outer_oof,window,macro_average_ovr,macro,190,0.9500000000000001,0.9895804767950346,,0.9608661115412536,21785
frailty29_trained_motion_detector,frailty29_outer_oof,window,macro_average_ovr,macro,191,0.9550000000000001,0.9895902195890347,,0.9608661115412536,21785
frailty29_trained_motion_detector,frailty29_outer_oof,window,macro_average_ovr,macro,192,0.96,0.9895999623830347,,0.9608661115412536,21785
frailty29_trained_motion_detector,frailty29_outer_oof,window,macro_average_ovr,macro,193,0.965,0.9896097051770348,,0.9608661115412536,21785
frailty29_trained_motion_detector,frailty29_outer_oof,window,macro_average_ovr,macro,194,0.97,0.989619447971035,,0.9608661115412536,21785
frailty29_trained_motion_detector,frailty29_outer_oof,window,macro_average_ovr,macro,195,0.975,0.989629190765035,,0.9608661115412536,21785
frailty29_trained_motion_detector,frailty29_outer_oof,window,macro_average_ovr,macro,196,0.98,0.9896389335590352,,0.9608661115412536,21785
frailty29_trained_motion_detector,frailty29_outer_oof,window,macro_average_ovr,macro,197,0.985,0.9896486763530352,,0.9608661115412536,21785
frailty29_trained_motion_detector,frailty29_outer_oof,window,macro_average_ovr,macro,198,0.99,0.9910691054999138,,0.9608661115412536,21785
frailty29_trained_motion_detector,frailty29_outer_oof,window,macro_average_ovr,macro,199,0.995,0.9955345527499568,,0.9608661115412536,21785
frailty29_trained_motion_detector,frailty29_outer_oof,window,macro_average_ovr,macro,200,1.0,1.0,,0.9608661115412536,21785
frailty29_trained_motion_detector,frailty29_trained_to_ptt22,file,one_vs_rest,0,0,0.0,0.0,,1.0,66
frailty29_trained_motion_detector,frailty29_trained_to_ptt22,file,one_vs_rest,0,1,0.0,0.045454545454545456,0.9999999013599314,1.0,66
frailty29_trained_motion_detector,frailty29_trained_to_ptt22,file,one_vs_rest,0,2,0.0,1.0,0.9999790800411574,1.0,66
frailty29_trained_motion_detector,frailty29_trained_to_ptt22,file,one_vs_rest,0,3,0.7045454545454546,1.0,3.5762786865234375e-07,1.0,66
frailty29_trained_motion_detector,frailty29_trained_to_ptt22,file,one_vs_rest,0,4,1.0,1.0,0.0,1.0,66
frailty29_trained_motion_detector,frailty29_trained_to_ptt22,file,one_vs_rest,1,0,0.0,0.0,,1.0,66
frailty29_trained_motion_detector,frailty29_trained_to_ptt22,file,one_vs_rest,1,1,0.0,0.29545454545454547,1.0,1.0,66
frailty29_trained_motion_detector,frailty29_trained_to_ptt22,file,one_vs_rest,1,2,0.0,1.0,4.5432687329594046e-05,1.0,66
frailty29_trained_motion_detector,frailty29_trained_to_ptt22,file,one_vs_rest,1,3,1.0,1.0,9.864006855764273e-08,1.0,66
frailty29_trained_motion_detector,frailty29_trained_to_ptt22,file,macro_average_ovr,macro,0,0.0,1.0,,1.0,66
frailty29_trained_motion_detector,frailty29_trained_to_ptt22,file,macro_average_ovr,macro,1,0.005,1.0,,1.0,66
frailty29_trained_motion_detector,frailty29_trained_to_ptt22,file,macro_average_ovr,macro,2,0.01,1.0,,1.0,66
frailty29_trained_motion_detector,frailty29_trained_to_ptt22,file,macro_average_ovr,macro,3,0.015,1.0,,1.0,66
frailty29_trained_motion_detector,frailty29_trained_to_ptt22,file,macro_average_ovr,macro,4,0.02,1.0,,1.0,66
frailty29_trained_motion_detector,frailty29_trained_to_ptt22,file,macro_average_ovr,macro,5,0.025,1.0,,1.0,66
frailty29_trained_motion_detector,frailty29_trained_to_ptt22,file,macro_average_ovr,macro,6,0.03,1.0,,1.0,66
frailty29_trained_motion_detector,frailty29_trained_to_ptt22,file,macro_average_ovr,macro,7,0.035,1.0,,1.0,66
frailty29_trained_motion_detector,frailty29_trained_to_ptt22,file,macro_average_ovr,macro,8,0.04,1.0,,1.0,66
frailty29_trained_motion_detector,frailty29_trained_to_ptt22,file,macro_average_ovr,macro,9,0.045,1.0,,1.0,66
frailty29_trained_motion_detector,frailty29_trained_to_ptt22,file,macro_average_ovr,macro,10,0.05,1.0,,1.0,66
frailty29_trained_motion_detector,frailty29_trained_to_ptt22,file,macro_average_ovr,macro,11,0.055,1.0,,1.0,66
frailty29_trained_motion_detector,frailty29_trained_to_ptt22,file,macro_average_ovr,macro,12,0.06,1.0,,1.0,66
frailty29_trained_motion_detector,frailty29_trained_to_ptt22,file,macro_average_ovr,macro,13,0.065,1.0,,1.0,66
frailty29_trained_motion_detector,frailty29_trained_to_ptt22,file,macro_average_ovr,macro,14,0.07,1.0,,1.0,66
frailty29_trained_motion_detector,frailty29_trained_to_ptt22,file,macro_average_ovr,macro,15,0.075,1.0,,1.0,66
frailty29_trained_motion_detector,frailty29_trained_to_ptt22,file,macro_average_ovr,macro,16,0.08,1.0,,1.0,66
frailty29_trained_motion_detector,frailty29_trained_to_ptt22,file,macro_average_ovr,macro,17,0.085,1.0,,1.0,66
frailty29_trained_motion_detector,frailty29_trained_to_ptt22,file,macro_average_ovr,macro,18,0.09,1.0,,1.0,66
frailty29_trained_motion_detector,frailty29_trained_to_ptt22,file,macro_average_ovr,macro,19,0.095,1.0,,1.0,66
frailty29_trained_motion_detector,frailty29_trained_to_ptt22,file,macro_average_ovr,macro,20,0.1,1.0,,1.0,66
frailty29_trained_motion_detector,frailty29_trained_to_ptt22,file,macro_average_ovr,macro,21,0.105,1.0,,1.0,66
frailty29_trained_motion_detector,frailty29_trained_to_ptt22,file,macro_average_ovr,macro,22,0.11,1.0,,1.0,66
frailty29_trained_motion_detector,frailty29_trained_to_ptt22,file,macro_average_ovr,macro,23,0.115,1.0,,1.0,66
frailty29_trained_motion_detector,frailty29_trained_to_ptt22,file,macro_average_ovr,macro,24,0.12,1.0,,1.0,66
frailty29_trained_motion_detector,frailty29_trained_to_ptt22,file,macro_average_ovr,macro,25,0.125,1.0,,1.0,66
frailty29_trained_motion_detector,frailty29_trained_to_ptt22,file,macro_average_ovr,macro,26,0.13,1.0,,1.0,66
frailty29_trained_motion_detector,frailty29_trained_to_ptt22,file,macro_average_ovr,macro,27,0.135,1.0,,1.0,66
frailty29_trained_motion_detector,frailty29_trained_to_ptt22,file,macro_average_ovr,macro,28,0.14,1.0,,1.0,66
frailty29_trained_motion_detector,frailty29_trained_to_ptt22,file,macro_average_ovr,macro,29,0.145,1.0,,1.0,66
frailty29_trained_motion_detector,frailty29_trained_to_ptt22,file,macro_average_ovr,macro,30,0.15,1.0,,1.0,66
frailty29_trained_motion_detector,frailty29_trained_to_ptt22,file,macro_average_ovr,macro,31,0.155,1.0,,1.0,66
frailty29_trained_motion_detector,frailty29_trained_to_ptt22,file,macro_average_ovr,macro,32,0.16,1.0,,1.0,66
frailty29_trained_motion_detector,frailty29_trained_to_ptt22,file,macro_average_ovr,macro,33,0.165,1.0,,1.0,66
frailty29_trained_motion_detector,frailty29_trained_to_ptt22,file,macro_average_ovr,macro,34,0.17,1.0,,1.0,66
frailty29_trained_motion_detector,frailty29_trained_to_ptt22,file,macro_average_ovr,macro,35,0.17500000000000002,1.0,,1.0,66
frailty29_trained_motion_detector,frailty29_trained_to_ptt22,file,macro_average_ovr,macro,36,0.18,1.0,,1.0,66
frailty29_trained_motion_detector,frailty29_trained_to_ptt22,file,macro_average_ovr,macro,37,0.185,1.0,,1.0,66
frailty29_trained_motion_detector,frailty29_trained_to_ptt22,file,macro_average_ovr,macro,38,0.19,1.0,,1.0,66
frailty29_trained_motion_detector,frailty29_trained_to_ptt22,file,macro_average_ovr,macro,39,0.195,1.0,,1.0,66
frailty29_trained_motion_detector,frailty29_trained_to_ptt22,file,macro_average_ovr,macro,40,0.2,1.0,,1.0,66
frailty29_trained_motion_detector,frailty29_trained_to_ptt22,file,macro_average_ovr,macro,41,0.20500000000000002,1.0,,1.0,66
frailty29_trained_motion_detector,frailty29_trained_to_ptt22,file,macro_average_ovr,macro,42,0.21,1.0,,1.0,66
frailty29_trained_motion_detector,frailty29_trained_to_ptt22,file,macro_average_ovr,macro,43,0.215,1.0,,1.0,66
frailty29_trained_motion_detector,frailty29_trained_to_ptt22,file,macro_average_ovr,macro,44,0.22,1.0,,1.0,66
frailty29_trained_motion_detector,frailty29_trained_to_ptt22,file,macro_average_ovr,macro,45,0.225,1.0,,1.0,66
frailty29_trained_motion_detector,frailty29_trained_to_ptt22,file,macro_average_ovr,macro,46,0.23,1.0,,1.0,66
frailty29_trained_motion_detector,frailty29_trained_to_ptt22,file,macro_average_ovr,macro,47,0.23500000000000001,1.0,,1.0,66
frailty29_trained_motion_detector,frailty29_trained_to_ptt22,file,macro_average_ovr,macro,48,0.24,1.0,,1.0,66
frailty29_trained_motion_detector,frailty29_trained_to_ptt22,file,macro_average_ovr,macro,49,0.245,1.0,,1.0,66
frailty29_trained_motion_detector,frailty29_trained_to_ptt22,file,macro_average_ovr,macro,50,0.25,1.0,,1.0,66
frailty29_trained_motion_detector,frailty29_trained_to_ptt22,file,macro_average_ovr,macro,51,0.255,1.0,,1.0,66
frailty29_trained_motion_detector,frailty29_trained_to_ptt22,file,macro_average_ovr,macro,52,0.26,1.0,,1.0,66
frailty29_trained_motion_detector,frailty29_trained_to_ptt22,file,macro_average_ovr,macro,53,0.265,1.0,,1.0,66
frailty29_trained_motion_detector,frailty29_trained_to_ptt22,file,macro_average_ovr,macro,54,0.27,1.0,,1.0,66
frailty29_trained_motion_detector,frailty29_trained_to_ptt22,file,macro_average_ovr,macro,55,0.275,1.0,,1.0,66
frailty29_trained_motion_detector,frailty29_trained_to_ptt22,file,macro_average_ovr,macro,56,0.28,1.0,,1.0,66
frailty29_trained_motion_detector,frailty29_trained_to_ptt22,file,macro_average_ovr,macro,57,0.28500000000000003,1.0,,1.0,66
frailty29_trained_motion_detector,frailty29_trained_to_ptt22,file,macro_average_ovr,macro,58,0.29,1.0,,1.0,66
frailty29_trained_motion_detector,frailty29_trained_to_ptt22,file,macro_average_ovr,macro,59,0.295,1.0,,1.0,66
frailty29_trained_motion_detector,frailty29_trained_to_ptt22,file,macro_average_ovr,macro,60,0.3,1.0,,1.0,66
frailty29_trained_motion_detector,frailty29_trained_to_ptt22,file,macro_average_ovr,macro,61,0.305,1.0,,1.0,66
frailty29_trained_motion_detector,frailty29_trained_to_ptt22,file,macro_average_ovr,macro,62,0.31,1.0,,1.0,66
frailty29_trained_motion_detector,frailty29_trained_to_ptt22,file,macro_average_ovr,macro,63,0.315,1.0,,1.0,66
frailty29_trained_motion_detector,frailty29_trained_to_ptt22,file,macro_average_ovr,macro,64,0.32,1.0,,1.0,66
frailty29_trained_motion_detector,frailty29_trained_to_ptt22,file,macro_average_ovr,macro,65,0.325,1.0,,1.0,66
frailty29_trained_motion_detector,frailty29_trained_to_ptt22,file,macro_average_ovr,macro,66,0.33,1.0,,1.0,66
frailty29_trained_motion_detector,frailty29_trained_to_ptt22,file,macro_average_ovr,macro,67,0.335,1.0,,1.0,66
frailty29_trained_motion_detector,frailty29_trained_to_ptt22,file,macro_average_ovr,macro,68,0.34,1.0,,1.0,66
frailty29_trained_motion_detector,frailty29_trained_to_ptt22,file,macro_average_ovr,macro,69,0.34500000000000003,1.0,,1.0,66
frailty29_trained_motion_detector,frailty29_trained_to_ptt22,file,macro_average_ovr,macro,70,0.35000000000000003,1.0,,1.0,66
frailty29_trained_motion_detector,frailty29_trained_to_ptt22,file,macro_average_ovr,macro,71,0.355,1.0,,1.0,66
frailty29_trained_motion_detector,frailty29_trained_to_ptt22,file,macro_average_ovr,macro,72,0.36,1.0,,1.0,66
frailty29_trained_motion_detector,frailty29_trained_to_ptt22,file,macro_average_ovr,macro,73,0.365,1.0,,1.0,66
frailty29_trained_motion_detector,frailty29_trained_to_ptt22,file,macro_average_ovr,macro,74,0.37,1.0,,1.0,66
frailty29_trained_motion_detector,frailty29_trained_to_ptt22,file,macro_average_ovr,macro,75,0.375,1.0,,1.0,66
frailty29_trained_motion_detector,frailty29_trained_to_ptt22,file,macro_average_ovr,macro,76,0.38,1.0,,1.0,66
frailty29_trained_motion_detector,frailty29_trained_to_ptt22,file,macro_average_ovr,macro,77,0.385,1.0,,1.0,66
frailty29_trained_motion_detector,frailty29_trained_to_ptt22,file,macro_average_ovr,macro,78,0.39,1.0,,1.0,66
frailty29_trained_motion_detector,frailty29_trained_to_ptt22,file,macro_average_ovr,macro,79,0.395,1.0,,1.0,66
frailty29_trained_motion_detector,frailty29_trained_to_ptt22,file,macro_average_ovr,macro,80,0.4,1.0,,1.0,66
frailty29_trained_motion_detector,frailty29_trained_to_ptt22,file,macro_average_ovr,macro,81,0.405,1.0,,1.0,66
frailty29_trained_motion_detector,frailty29_trained_to_ptt22,file,macro_average_ovr,macro,82,0.41000000000000003,1.0,,1.0,66
frailty29_trained_motion_detector,frailty29_trained_to_ptt22,file,macro_average_ovr,macro,83,0.41500000000000004,1.0,,1.0,66
frailty29_trained_motion_detector,frailty29_trained_to_ptt22,file,macro_average_ovr,macro,84,0.42,1.0,,1.0,66
frailty29_trained_motion_detector,frailty29_trained_to_ptt22,file,macro_average_ovr,macro,85,0.425,1.0,,1.0,66
frailty29_trained_motion_detector,frailty29_trained_to_ptt22,file,macro_average_ovr,macro,86,0.43,1.0,,1.0,66
frailty29_trained_motion_detector,frailty29_trained_to_ptt22,file,macro_average_ovr,macro,87,0.435,1.0,,1.0,66
frailty29_trained_motion_detector,frailty29_trained_to_ptt22,file,macro_average_ovr,macro,88,0.44,1.0,,1.0,66
frailty29_trained_motion_detector,frailty29_trained_to_ptt22,file,macro_average_ovr,macro,89,0.445,1.0,,1.0,66
frailty29_trained_motion_detector,frailty29_trained_to_ptt22,file,macro_average_ovr,macro,90,0.45,1.0,,1.0,66
frailty29_trained_motion_detector,frailty29_trained_to_ptt22,file,macro_average_ovr,macro,91,0.455,1.0,,1.0,66
frailty29_trained_motion_detector,frailty29_trained_to_ptt22,file,macro_average_ovr,macro,92,0.46,1.0,,1.0,66
frailty29_trained_motion_detector,frailty29_trained_to_ptt22,file,macro_average_ovr,macro,93,0.465,1.0,,1.0,66
frailty29_trained_motion_detector,frailty29_trained_to_ptt22,file,macro_average_ovr,macro,94,0.47000000000000003,1.0,,1.0,66
frailty29_trained_motion_detector,frailty29_trained_to_ptt22,file,macro_average_ovr,macro,95,0.47500000000000003,1.0,,1.0,66
frailty29_trained_motion_detector,frailty29_trained_to_ptt22,file,macro_average_ovr,macro,96,0.48,1.0,,1.0,66
frailty29_trained_motion_detector,frailty29_trained_to_ptt22,file,macro_average_ovr,macro,97,0.485,1.0,,1.0,66
frailty29_trained_motion_detector,frailty29_trained_to_ptt22,file,macro_average_ovr,macro,98,0.49,1.0,,1.0,66
frailty29_trained_motion_detector,frailty29_trained_to_ptt22,file,macro_average_ovr,macro,99,0.495,1.0,,1.0,66
frailty29_trained_motion_detector,frailty29_trained_to_ptt22,file,macro_average_ovr,macro,100,0.5,1.0,,1.0,66
frailty29_trained_motion_detector,frailty29_trained_to_ptt22,file,macro_average_ovr,macro,101,0.505,1.0,,1.0,66
frailty29_trained_motion_detector,frailty29_trained_to_ptt22,file,macro_average_ovr,macro,102,0.51,1.0,,1.0,66
frailty29_trained_motion_detector,frailty29_trained_to_ptt22,file,macro_average_ovr,macro,103,0.515,1.0,,1.0,66
frailty29_trained_motion_detector,frailty29_trained_to_ptt22,file,macro_average_ovr,macro,104,0.52,1.0,,1.0,66
frailty29_trained_motion_detector,frailty29_trained_to_ptt22,file,macro_average_ovr,macro,105,0.525,1.0,,1.0,66
frailty29_trained_motion_detector,frailty29_trained_to_ptt22,file,macro_average_ovr,macro,106,0.53,1.0,,1.0,66
frailty29_trained_motion_detector,frailty29_trained_to_ptt22,file,macro_average_ovr,macro,107,0.535,1.0,,1.0,66
frailty29_trained_motion_detector,frailty29_trained_to_ptt22,file,macro_average_ovr,macro,108,0.54,1.0,,1.0,66
frailty29_trained_motion_detector,frailty29_trained_to_ptt22,file,macro_average_ovr,macro,109,0.545,1.0,,1.0,66
frailty29_trained_motion_detector,frailty29_trained_to_ptt22,file,macro_average_ovr,macro,110,0.55,1.0,,1.0,66
frailty29_trained_motion_detector,frailty29_trained_to_ptt22,file,macro_average_ovr,macro,111,0.555,1.0,,1.0,66
frailty29_trained_motion_detector,frailty29_trained_to_ptt22,file,macro_average_ovr,macro,112,0.56,1.0,,1.0,66
frailty29_trained_motion_detector,frailty29_trained_to_ptt22,file,macro_average_ovr,macro,113,0.5650000000000001,1.0,,1.0,66
frailty29_trained_motion_detector,frailty29_trained_to_ptt22,file,macro_average_ovr,macro,114,0.5700000000000001,1.0,,1.0,66
frailty29_trained_motion_detector,frailty29_trained_to_ptt22,file,macro_average_ovr,macro,115,0.5750000000000001,1.0,,1.0,66
frailty29_trained_motion_detector,frailty29_trained_to_ptt22,file,macro_average_ovr,macro,116,0.58,1.0,,1.0,66
frailty29_trained_motion_detector,frailty29_trained_to_ptt22,file,macro_average_ovr,macro,117,0.585,1.0,,1.0,66
frailty29_trained_motion_detector,frailty29_trained_to_ptt22,file,macro_average_ovr,macro,118,0.59,1.0,,1.0,66
frailty29_trained_motion_detector,frailty29_trained_to_ptt22,file,macro_average_ovr,macro,119,0.595,1.0,,1.0,66
frailty29_trained_motion_detector,frailty29_trained_to_ptt22,file,macro_average_ovr,macro,120,0.6,1.0,,1.0,66
frailty29_trained_motion_detector,frailty29_trained_to_ptt22,file,macro_average_ovr,macro,121,0.605,1.0,,1.0,66
frailty29_trained_motion_detector,frailty29_trained_to_ptt22,file,macro_average_ovr,macro,122,0.61,1.0,,1.0,66
frailty29_trained_motion_detector,frailty29_trained_to_ptt22,file,macro_average_ovr,macro,123,0.615,1.0,,1.0,66
frailty29_trained_motion_detector,frailty29_trained_to_ptt22,file,macro_average_ovr,macro,124,0.62,1.0,,1.0,66
frailty29_trained_motion_detector,frailty29_trained_to_ptt22,file,macro_average_ovr,macro,125,0.625,1.0,,1.0,66
frailty29_trained_motion_detector,frailty29_trained_to_ptt22,file,macro_average_ovr,macro,126,0.63,1.0,,1.0,66
frailty29_trained_motion_detector,frailty29_trained_to_ptt22,file,macro_average_ovr,macro,127,0.635,1.0,,1.0,66
frailty29_trained_motion_detector,frailty29_trained_to_ptt22,file,macro_average_ovr,macro,128,0.64,1.0,,1.0,66
frailty29_trained_motion_detector,frailty29_trained_to_ptt22,file,macro_average_ovr,macro,129,0.645,1.0,,1.0,66
frailty29_trained_motion_detector,frailty29_trained_to_ptt22,file,macro_average_ovr,macro,130,0.65,1.0,,1.0,66
frailty29_trained_motion_detector,frailty29_trained_to_ptt22,file,macro_average_ovr,macro,131,0.655,1.0,,1.0,66
frailty29_trained_motion_detector,frailty29_trained_to_ptt22,file,macro_average_ovr,macro,132,0.66,1.0,,1.0,66
frailty29_trained_motion_detector,frailty29_trained_to_ptt22,file,macro_average_ovr,macro,133,0.665,1.0,,1.0,66
frailty29_trained_motion_detector,frailty29_trained_to_ptt22,file,macro_average_ovr,macro,134,0.67,1.0,,1.0,66
frailty29_trained_motion_detector,frailty29_trained_to_ptt22,file,macro_average_ovr,macro,135,0.675,1.0,,1.0,66
frailty29_trained_motion_detector,frailty29_trained_to_ptt22,file,macro_average_ovr,macro,136,0.68,1.0,,1.0,66
frailty29_trained_motion_detector,frailty29_trained_to_ptt22,file,macro_average_ovr,macro,137,0.685,1.0,,1.0,66
frailty29_trained_motion_detector,frailty29_trained_to_ptt22,file,macro_average_ovr,macro,138,0.6900000000000001,1.0,,1.0,66
frailty29_trained_motion_detector,frailty29_trained_to_ptt22,file,macro_average_ovr,macro,139,0.6950000000000001,1.0,,1.0,66
frailty29_trained_motion_detector,frailty29_trained_to_ptt22,file,macro_average_ovr,macro,140,0.7000000000000001,1.0,,1.0,66
frailty29_trained_motion_detector,frailty29_trained_to_ptt22,file,macro_average_ovr,macro,141,0.705,1.0,,1.0,66
frailty29_trained_motion_detector,frailty29_trained_to_ptt22,file,macro_average_ovr,macro,142,0.71,1.0,,1.0,66
frailty29_trained_motion_detector,frailty29_trained_to_ptt22,file,macro_average_ovr,macro,143,0.715,1.0,,1.0,66
frailty29_trained_motion_detector,frailty29_trained_to_ptt22,file,macro_average_ovr,macro,144,0.72,1.0,,1.0,66
frailty29_trained_motion_detector,frailty29_trained_to_ptt22,file,macro_average_ovr,macro,145,0.725,1.0,,1.0,66
frailty29_trained_motion_detector,frailty29_trained_to_ptt22,file,macro_average_ovr,macro,146,0.73,1.0,,1.0,66
frailty29_trained_motion_detector,frailty29_trained_to_ptt22,file,macro_average_ovr,macro,147,0.735,1.0,,1.0,66
frailty29_trained_motion_detector,frailty29_trained_to_ptt22,file,macro_average_ovr,macro,148,0.74,1.0,,1.0,66
frailty29_trained_motion_detector,frailty29_trained_to_ptt22,file,macro_average_ovr,macro,149,0.745,1.0,,1.0,66
frailty29_trained_motion_detector,frailty29_trained_to_ptt22,file,macro_average_ovr,macro,150,0.75,1.0,,1.0,66
frailty29_trained_motion_detector,frailty29_trained_to_ptt22,file,macro_average_ovr,macro,151,0.755,1.0,,1.0,66
frailty29_trained_motion_detector,frailty29_trained_to_ptt22,file,macro_average_ovr,macro,152,0.76,1.0,,1.0,66
frailty29_trained_motion_detector,frailty29_trained_to_ptt22,file,macro_average_ovr,macro,153,0.765,1.0,,1.0,66
frailty29_trained_motion_detector,frailty29_trained_to_ptt22,file,macro_average_ovr,macro,154,0.77,1.0,,1.0,66
frailty29_trained_motion_detector,frailty29_trained_to_ptt22,file,macro_average_ovr,macro,155,0.775,1.0,,1.0,66
frailty29_trained_motion_detector,frailty29_trained_to_ptt22,file,macro_average_ovr,macro,156,0.78,1.0,,1.0,66
frailty29_trained_motion_detector,frailty29_trained_to_ptt22,file,macro_average_ovr,macro,157,0.785,1.0,,1.0,66
frailty29_trained_motion_detector,frailty29_trained_to_ptt22,file,macro_average_ovr,macro,158,0.79,1.0,,1.0,66
frailty29_trained_motion_detector,frailty29_trained_to_ptt22,file,macro_average_ovr,macro,159,0.795,1.0,,1.0,66
frailty29_trained_motion_detector,frailty29_trained_to_ptt22,file,macro_average_ovr,macro,160,0.8,1.0,,1.0,66
frailty29_trained_motion_detector,frailty29_trained_to_ptt22,file,macro_average_ovr,macro,161,0.805,1.0,,1.0,66
frailty29_trained_motion_detector,frailty29_trained_to_ptt22,file,macro_average_ovr,macro,162,0.81,1.0,,1.0,66
frailty29_trained_motion_detector,frailty29_trained_to_ptt22,file,macro_average_ovr,macro,163,0.8150000000000001,1.0,,1.0,66
frailty29_trained_motion_detector,frailty29_trained_to_ptt22,file,macro_average_ovr,macro,164,0.8200000000000001,1.0,,1.0,66
frailty29_trained_motion_detector,frailty29_trained_to_ptt22,file,macro_average_ovr,macro,165,0.8250000000000001,1.0,,1.0,66
frailty29_trained_motion_detector,frailty29_trained_to_ptt22,file,macro_average_ovr,macro,166,0.8300000000000001,1.0,,1.0,66
frailty29_trained_motion_detector,frailty29_trained_to_ptt22,file,macro_average_ovr,macro,167,0.835,1.0,,1.0,66
frailty29_trained_motion_detector,frailty29_trained_to_ptt22,file,macro_average_ovr,macro,168,0.84,1.0,,1.0,66
frailty29_trained_motion_detector,frailty29_trained_to_ptt22,file,macro_average_ovr,macro,169,0.845,1.0,,1.0,66
frailty29_trained_motion_detector,frailty29_trained_to_ptt22,file,macro_average_ovr,macro,170,0.85,1.0,,1.0,66
frailty29_trained_motion_detector,frailty29_trained_to_ptt22,file,macro_average_ovr,macro,171,0.855,1.0,,1.0,66
frailty29_trained_motion_detector,frailty29_trained_to_ptt22,file,macro_average_ovr,macro,172,0.86,1.0,,1.0,66
frailty29_trained_motion_detector,frailty29_trained_to_ptt22,file,macro_average_ovr,macro,173,0.865,1.0,,1.0,66
frailty29_trained_motion_detector,frailty29_trained_to_ptt22,file,macro_average_ovr,macro,174,0.87,1.0,,1.0,66
frailty29_trained_motion_detector,frailty29_trained_to_ptt22,file,macro_average_ovr,macro,175,0.875,1.0,,1.0,66
frailty29_trained_motion_detector,frailty29_trained_to_ptt22,file,macro_average_ovr,macro,176,0.88,1.0,,1.0,66
frailty29_trained_motion_detector,frailty29_trained_to_ptt22,file,macro_average_ovr,macro,177,0.885,1.0,,1.0,66
frailty29_trained_motion_detector,frailty29_trained_to_ptt22,file,macro_average_ovr,macro,178,0.89,1.0,,1.0,66
frailty29_trained_motion_detector,frailty29_trained_to_ptt22,file,macro_average_ovr,macro,179,0.895,1.0,,1.0,66
frailty29_trained_motion_detector,frailty29_trained_to_ptt22,file,macro_average_ovr,macro,180,0.9,1.0,,1.0,66
frailty29_trained_motion_detector,frailty29_trained_to_ptt22,file,macro_average_ovr,macro,181,0.905,1.0,,1.0,66
frailty29_trained_motion_detector,frailty29_trained_to_ptt22,file,macro_average_ovr,macro,182,0.91,1.0,,1.0,66
frailty29_trained_motion_detector,frailty29_trained_to_ptt22,file,macro_average_ovr,macro,183,0.915,1.0,,1.0,66
frailty29_trained_motion_detector,frailty29_trained_to_ptt22,file,macro_average_ovr,macro,184,0.92,1.0,,1.0,66
frailty29_trained_motion_detector,frailty29_trained_to_ptt22,file,macro_average_ovr,macro,185,0.925,1.0,,1.0,66
frailty29_trained_motion_detector,frailty29_trained_to_ptt22,file,macro_average_ovr,macro,186,0.93,1.0,,1.0,66
frailty29_trained_motion_detector,frailty29_trained_to_ptt22,file,macro_average_ovr,macro,187,0.935,1.0,,1.0,66
frailty29_trained_motion_detector,frailty29_trained_to_ptt22,file,macro_average_ovr,macro,188,0.9400000000000001,1.0,,1.0,66
frailty29_trained_motion_detector,frailty29_trained_to_ptt22,file,macro_average_ovr,macro,189,0.9450000000000001,1.0,,1.0,66
frailty29_trained_motion_detector,frailty29_trained_to_ptt22,file,macro_average_ovr,macro,190,0.9500000000000001,1.0,,1.0,66
frailty29_trained_motion_detector,frailty29_trained_to_ptt22,file,macro_average_ovr,macro,191,0.9550000000000001,1.0,,1.0,66
frailty29_trained_motion_detector,frailty29_trained_to_ptt22,file,macro_average_ovr,macro,192,0.96,1.0,,1.0,66
frailty29_trained_motion_detector,frailty29_trained_to_ptt22,file,macro_average_ovr,macro,193,0.965,1.0,,1.0,66
frailty29_trained_motion_detector,frailty29_trained_to_ptt22,file,macro_average_ovr,macro,194,0.97,1.0,,1.0,66
frailty29_trained_motion_detector,frailty29_trained_to_ptt22,file,macro_average_ovr,macro,195,0.975,1.0,,1.0,66
frailty29_trained_motion_detector,frailty29_trained_to_ptt22,file,macro_average_ovr,macro,196,0.98,1.0,,1.0,66
frailty29_trained_motion_detector,frailty29_trained_to_ptt22,file,macro_average_ovr,macro,197,0.985,1.0,,1.0,66
frailty29_trained_motion_detector,frailty29_trained_to_ptt22,file,macro_average_ovr,macro,198,0.99,1.0,,1.0,66
frailty29_trained_motion_detector,frailty29_trained_to_ptt22,file,macro_average_ovr,macro,199,0.995,1.0,,1.0,66
frailty29_trained_motion_detector,frailty29_trained_to_ptt22,file,macro_average_ovr,macro,200,1.0,1.0,,1.0,66
frailty29_trained_motion_detector,frailty29_trained_to_ptt22,window,one_vs_rest,0,0,0.0,0.0,,0.9970923018587812,15983
frailty29_trained_motion_detector,frailty29_trained_to_ptt22,window,one_vs_rest,0,1,0.0,0.00018758206715438003,0.9999999218428286,0.9970923018587812,15983
frailty29_trained_motion_detector,frailty29_trained_to_ptt22,window,one_vs_rest,0,2,0.0,0.08610016882386044,0.9999998978006275,0.9970923018587812,15983
frailty29_trained_motion_detector,frailty29_trained_to_ptt22,window,one_vs_rest,0,3,0.0,0.0864753329581692,0.999999897794396,0.9970923018587812,15983
frailty29_trained_motion_detector,frailty29_trained_to_ptt22,window,one_vs_rest,0,4,0.0,0.44588257362596134,0.9999987861875752,0.9970923018587812,15983
frailty29_trained_motion_detector,frailty29_trained_to_ptt22,window,one_vs_rest,0,5,9.38790837401427e-05,0.44588257362596134,0.9999987846214253,0.9970923018587812,15983
frailty29_trained_motion_detector,frailty29_trained_to_ptt22,window,one_vs_rest,0,6,9.38790837401427e-05,0.46445319827424497,0.9999986599909789,0.9970923018587812,15983
frailty29_trained_motion_detector,frailty29_trained_to_ptt22,window,one_vs_rest,0,7,0.0001877581674802854,0.46445319827424497,0.9999986584374483,0.9970923018587812,15983
frailty29_trained_motion_detector,frailty29_trained_to_ptt22,window,one_vs_rest,0,8,0.0001877581674802854,0.4775839429750516,0.99999855629801,0.9970923018587812,15983
frailty29_trained_motion_detector,frailty29_trained_to_ptt22,window,one_vs_rest,0,9,0.0002816372512204281,0.4775839429750516,0.9999985550280144,0.9970923018587812,15983
frailty29_trained_motion_detector,frailty29_trained_to_ptt22,window,one_vs_rest,0,10,0.0002816372512204281,0.4781466891765147,0.9999985512997682,0.9970923018587812,15983
frailty29_trained_motion_detector,frailty29_trained_to_ptt22,window,one_vs_rest,0,11,0.0003755163349605708,0.4781466891765147,0.9999985476076745,0.9970923018587812,15983
frailty29_trained_motion_detector,frailty29_trained_to_ptt22,window,one_vs_rest,0,12,0.0003755163349605708,0.5051585068467455,0.9999981672971217,0.9970923018587812,15983
frailty29_trained_motion_detector,frailty29_trained_to_ptt22,window,one_vs_rest,0,13,0.0004693954187007135,0.5051585068467455,0.9999981632552135,0.9970923018587812,15983
frailty29_trained_motion_detector,frailty29_trained_to_ptt22,window,one_vs_rest,0,14,0.0004693954187007135,0.5151003564059276,0.9999979459196311,0.9970923018587812,15983
frailty29_trained_motion_detector,frailty29_trained_to_ptt22,window,one_vs_rest,0,15,0.0005632745024408562,0.5151003564059276,0.9999979412323228,0.9970923018587812,15983
frailty29_trained_motion_detector,frailty29_trained_to_ptt22,window,one_vs_rest,0,16,0.0005632745024408562,0.5220408928906397,0.9999976674896516,0.9970923018587812,15983
frailty29_trained_motion_detector,frailty29_trained_to_ptt22,window,one_vs_rest,0,17,0.0006571535861809989,0.5220408928906397,0.9999976602264269,0.9970923018587812,15983
frailty29_trained_motion_detector,frailty29_trained_to_ptt22,window,one_vs_rest,0,18,0.0006571535861809989,0.5278559369724254,0.9999974660915996,0.9970923018587812,15983
frailty29_trained_motion_detector,frailty29_trained_to_ptt22,window,one_vs_rest,0,19,0.0007510326699211416,0.5278559369724254,0.9999974654945163,0.9970923018587812,15983
frailty29_trained_motion_detector,frailty29_trained_to_ptt22,window,one_vs_rest,0,20,0.0007510326699211416,0.5293565935096605,0.99999738748852,0.9970923018587812,15983
frailty29_trained_motion_detector,frailty29_trained_to_ptt22,window,one_vs_rest,0,21,0.0008449117536612843,0.5293565935096605,0.9999973775438775,0.9970923018587812,15983
frailty29_trained_motion_detector,frailty29_trained_to_ptt22,window,one_vs_rest,0,22,0.0008449117536612843,0.5295441755768149,0.9999973715796386,0.9970923018587812,15983
frailty29_trained_motion_detector,frailty29_trained_to_ptt22,window,one_vs_rest,0,23,0.000938790837401427,0.5295441755768149,0.999997366167463,0.9970923018587812,15983
frailty29_trained_motion_detector,frailty29_trained_to_ptt22,window,one_vs_rest,0,24,0.000938790837401427,0.5304820859125867,0.9999973330561716,0.9970923018587812,15983
frailty29_trained_motion_detector,frailty29_trained_to_ptt22,window,one_vs_rest,0,25,0.0010326699211415697,0.5304820859125867,0.999997326131961,0.9970923018587812,15983
frailty29_trained_motion_detector,frailty29_trained_to_ptt22,window,one_vs_rest,0,26,0.0010326699211415697,0.5308572500468955,0.9999973142837462,0.9970923018587812,15983
frailty29_trained_motion_detector,frailty29_trained_to_ptt22,window,one_vs_rest,0,27,0.0011265490048817123,0.5308572500468955,0.999997309469336,0.9970923018587812,15983
frailty29_trained_motion_detector,frailty29_trained_to_ptt22,window,one_vs_rest,0,28,0.0011265490048817123,0.5428625023447758,0.9999968726085626,0.9970923018587812,15983
frailty29_trained_motion_detector,frailty29_trained_to_ptt22,window,one_vs_rest,0,29,0.001220428088621855,0.5428625023447758,0.9999968713798353,0.9970923018587812,15983
frailty29_trained_motion_detector,frailty29_trained_to_ptt22,window,one_vs_rest,0,30,0.001220428088621855,0.5518664415681861,0.9999965714553127,0.9970923018587812,15983
frailty29_trained_motion_detector,frailty29_trained_to_ptt22,window,one_vs_rest,0,31,0.0013143071723619977,0.5518664415681861,0.999996560385398,0.9970923018587812,15983
frailty29_trained_motion_detector,frailty29_trained_to_ptt22,window,one_vs_rest,0,32,0.0013143071723619977,0.5811292440442694,0.9999959015540298,0.9970923018587812,15983
frailty29_trained_motion_detector,frailty29_trained_to_ptt22,window,one_vs_rest,0,33,0.0014081862561021404,0.5811292440442694,0.9999959008546284,0.9970923018587812,15983
frailty29_trained_motion_detector,frailty29_trained_to_ptt22,window,one_vs_rest,0,34,0.0014081862561021404,0.5873194522603639,0.9999957429708957,0.9970923018587812,15983
frailty29_trained_motion_detector,frailty29_trained_to_ptt22,window,one_vs_rest,0,35,0.0015020653398422831,0.5873194522603639,0.9999957413347147,0.9970923018587812,15983
frailty29_trained_motion_detector,frailty29_trained_to_ptt22,window,one_vs_rest,0,36,0.0015020653398422831,0.6126430313262052,0.9999952089192448,0.9970923018587812,15983
frailty29_trained_motion_detector,frailty29_trained_to_ptt22,window,one_vs_rest,0,37,0.0015959444235824258,0.6126430313262052,0.9999952001107886,0.9970923018587812,15983
frailty29_trained_motion_detector,frailty29_trained_to_ptt22,window,one_vs_rest,0,38,0.0015959444235824258,0.6306509097730257,0.9999947954484014,0.9970923018587812,15983
frailty29_trained_motion_detector,frailty29_trained_to_ptt22,window,one_vs_rest,0,39,0.0016898235073225685,0.6306509097730257,0.9999947902638269,0.9970923018587812,15983
frailty29_trained_motion_detector,frailty29_trained_to_ptt22,window,one_vs_rest,0,40,0.0016898235073225685,0.6389045207278184,0.9999946143966554,0.9970923018587812,15983
frailty29_trained_motion_detector,frailty29_trained_to_ptt22,window,one_vs_rest,0,41,0.0017837025910627112,0.6389045207278184,0.9999946034613458,0.9970923018587812,15983
frailty29_trained_motion_detector,frailty29_trained_to_ptt22,window,one_vs_rest,0,42,0.0017837025910627112,0.652973175764397,0.9999942235813251,0.9970923018587812,15983
frailty29_trained_motion_detector,frailty29_trained_to_ptt22,window,one_vs_rest,0,43,0.001877581674802854,0.652973175764397,0.9999941975434012,0.9970923018587812,15983
frailty29_trained_motion_detector,frailty29_trained_to_ptt22,window,one_vs_rest,0,44,0.001877581674802854,0.677171262427312,0.9999935431537779,0.9970923018587812,15983
frailty29_trained_motion_detector,frailty29_trained_to_ptt22,window,one_vs_rest,0,45,0.0019714607585429966,0.677171262427312,0.9999935425507829,0.9970923018587812,15983
frailty29_trained_motion_detector,frailty29_trained_to_ptt22,window,one_vs_rest,0,46,0.0019714607585429966,0.6942412305383605,0.9999931231332084,0.9970923018587812,15983
frailty29_trained_motion_detector,frailty29_trained_to_ptt22,window,one_vs_rest,0,47,0.0020653398422831393,0.6942412305383605,0.9999931230809125,0.9970923018587812,15983
frailty29_trained_motion_detector,frailty29_trained_to_ptt22,window,one_vs_rest,0,48,0.0020653398422831393,0.7008066028887638,0.9999929082359813,0.9970923018587812,15983
frailty29_trained_motion_detector,frailty29_trained_to_ptt22,window,one_vs_rest,0,49,0.002159218926023282,0.7008066028887638,0.999992904690771,0.9970923018587812,15983
frailty29_trained_motion_detector,frailty29_trained_to_ptt22,window,one_vs_rest,0,50,0.002159218926023282,0.7370099418495591,0.9999917210498097,0.9970923018587812,15983
frailty29_trained_motion_detector,frailty29_trained_to_ptt22,window,one_vs_rest,0,51,0.0022530980097634247,0.7370099418495591,0.999991706318724,0.9970923018587812,15983
frailty29_trained_motion_detector,frailty29_trained_to_ptt22,window,one_vs_rest,0,52,0.0022530980097634247,0.7398236728568749,0.9999916361048236,0.9970923018587812,15983
frailty29_trained_motion_detector,frailty29_trained_to_ptt22,window,one_vs_rest,0,53,0.0023469770935035674,0.7398236728568749,0.9999916250262686,0.9970923018587812,15983
frailty29_trained_motion_detector,frailty29_trained_to_ptt22,window,one_vs_rest,0,54,0.0023469770935035674,0.748264865878822,0.9999913513947831,0.9970923018587812,15983
frailty29_trained_motion_detector,frailty29_trained_to_ptt22,window,one_vs_rest,0,55,0.00244085617724371,0.748264865878822,0.9999913319752523,0.9970923018587812,15983
frailty29_trained_motion_detector,frailty29_trained_to_ptt22,window,one_vs_rest,0,56,0.00244085617724371,0.7553929844306885,0.999991057182342,0.9970923018587812,15983
frailty29_trained_motion_detector,frailty29_trained_to_ptt22,window,one_vs_rest,0,57,0.002534735260983853,0.7553929844306885,0.9999910385377007,0.9970923018587812,15983
frailty29_trained_motion_detector,frailty29_trained_to_ptt22,window,one_vs_rest,0,58,0.002534735260983853,0.7660851622584881,0.9999907092951617,0.9970923018587812,15983
frailty29_trained_motion_detector,frailty29_trained_to_ptt22,window,one_vs_rest,0,59,0.0026286143447239955,0.7660851622584881,0.999990706574863,0.9970923018587812,15983
frailty29_trained_motion_detector,frailty29_trained_to_ptt22,window,one_vs_rest,0,60,0.0026286143447239955,0.7743387732132808,0.9999902820381976,0.9970923018587812,15983
frailty29_trained_motion_detector,frailty29_trained_to_ptt22,window,one_vs_rest,0,61,0.002722493428464138,0.7743387732132808,0.9999902582094364,0.9970923018587812,15983
frailty29_trained_motion_detector,frailty29_trained_to_ptt22,window,one_vs_rest,0,62,0.002722493428464138,0.7812793096979929,0.999989993161762,0.9970923018587812,15983
frailty29_trained_motion_detector,frailty29_trained_to_ptt22,window,one_vs_rest,0,63,0.002816372512204281,0.7812793096979929,0.9999899854101386,0.9970923018587812,15983
frailty29_trained_motion_detector,frailty29_trained_to_ptt22,window,one_vs_rest,0,64,0.002816372512204281,0.7842806227724629,0.999989860209098,0.9970923018587812,15983
frailty29_trained_motion_detector,frailty29_trained_to_ptt22,window,one_vs_rest,0,65,0.0029102515959444236,0.7842806227724629,0.9999898591840974,0.9970923018587812,15983
frailty29_trained_motion_detector,frailty29_trained_to_ptt22,window,one_vs_rest,0,66,0.0029102515959444236,0.806040142562371,0.9999889764567342,0.9970923018587812,15983
frailty29_trained_motion_detector,frailty29_trained_to_ptt22,window,one_vs_rest,0,67,0.0030041306796845663,0.806040142562371,0.9999889657919994,0.9970923018587812,15983
frailty29_trained_motion_detector,frailty29_trained_to_ptt22,window,one_vs_rest,0,68,0.0030041306796845663,0.8150440817857812,0.999988445890267,0.9970923018587812,15983
frailty29_trained_motion_detector,frailty29_trained_to_ptt22,window,one_vs_rest,0,69,0.003098009763424709,0.8150440817857812,0.9999884264261709,0.9970923018587812,15983
frailty29_trained_motion_detector,frailty29_trained_to_ptt22,window,one_vs_rest,0,70,0.003098009763424709,0.8234852748077284,0.9999879615479585,0.9970923018587812,15983
frailty29_trained_motion_detector,frailty29_trained_to_ptt22,window,one_vs_rest,0,71,0.0031918888471648517,0.8234852748077284,0.9999879448650972,0.9970923018587812,15983
frailty29_trained_motion_detector,frailty29_trained_to_ptt22,window,one_vs_rest,0,72,0.0031918888471648517,0.8238604389420371,0.9999879357574173,0.9970923018587812,15983
frailty29_trained_motion_detector,frailty29_trained_to_ptt22,window,one_vs_rest,0,73,0.0032857679309049944,0.8238604389420371,0.99998792842689,0.9970923018587812,15983
frailty29_trained_motion_detector,frailty29_trained_to_ptt22,window,one_vs_rest,0,74,0.0032857679309049944,0.8296754830238229,0.9999876484989727,0.9970923018587812,15983
frailty29_trained_motion_detector,frailty29_trained_to_ptt22,window,one_vs_rest,0,75,0.003379647014645137,0.8296754830238229,0.9999876472857068,0.9970923018587812,15983
frailty29_trained_motion_detector,frailty29_trained_to_ptt22,window,one_vs_rest,0,76,0.003379647014645137,0.8313637216282124,0.9999875189005252,0.9970923018587812,15983
frailty29_trained_motion_detector,frailty29_trained_to_ptt22,window,one_vs_rest,0,77,0.0034735260983852797,0.8313637216282124,0.9999875036191952,0.9970923018587812,15983
frailty29_trained_motion_detector,frailty29_trained_to_ptt22,window,one_vs_rest,0,78,0.0034735260983852797,0.8349277809041455,0.9999873054885029,0.9970923018587812,15983
frailty29_trained_motion_detector,frailty29_trained_to_ptt22,window,one_vs_rest,0,79,0.0035674051821254224,0.8349277809041455,0.9999872929165576,0.9970923018587812,15983
frailty29_trained_motion_detector,frailty29_trained_to_ptt22,window,one_vs_rest,0,80,0.0035674051821254224,0.8433689739260927,0.9999866634398131,0.9970923018587812,15983
frailty29_trained_motion_detector,frailty29_trained_to_ptt22,window,one_vs_rest,0,81,0.003661284265865565,0.8433689739260927,0.9999866613015911,0.9970923018587812,15983
frailty29_trained_motion_detector,frailty29_trained_to_ptt22,window,one_vs_rest,0,82,0.003661284265865565,0.8471206152691803,0.9999863858547542,0.9970923018587812,15983
frailty29_trained_motion_detector,frailty29_trained_to_ptt22,window,one_vs_rest,0,83,0.0038490424333458505,0.8471206152691803,0.9999863797520447,0.9970923018587812,15983
frailty29_trained_motion_detector,frailty29_trained_to_ptt22,window,one_vs_rest,0,84,0.0038490424333458505,0.8549990620896643,0.9999857575485294,0.9970923018587812,15983
frailty29_trained_motion_detector,frailty29_trained_to_ptt22,window,one_vs_rest,0,85,0.003942921517085993,0.8549990620896643,0.9999857287530176,0.9970923018587812,15983
frailty29_trained_motion_detector,frailty29_trained_to_ptt22,window,one_vs_rest,0,86,0.003942921517085993,0.8643781654473832,0.9999849743917366,0.9970923018587812,15983
frailty29_trained_motion_detector,frailty29_trained_to_ptt22,window,one_vs_rest,0,87,0.004036800600826136,0.8643781654473832,0.9999849537853152,0.9970923018587812,15983
frailty29_trained_motion_detector,frailty29_trained_to_ptt22,window,one_vs_rest,0,88,0.004036800600826136,0.8765709998124179,0.9999839671909285,0.9970923018587812,15983
frailty29_trained_motion_detector,frailty29_trained_to_ptt22,window,one_vs_rest,0,89,0.004130679684566279,0.8765709998124179,0.9999839131887711,0.9970923018587812,15983
frailty29_trained_motion_detector,frailty29_trained_to_ptt22,window,one_vs_rest,0,90,0.004130679684566279,0.8861376852372913,0.9999829037278687,0.9970923018587812,15983
frailty29_trained_motion_detector,frailty29_trained_to_ptt22,window,one_vs_rest,0,91,0.004224558768306422,0.8861376852372913,0.9999828990003152,0.9970923018587812,15983
frailty29_trained_motion_detector,frailty29_trained_to_ptt22,window,one_vs_rest,0,92,0.004224558768306422,0.887450759707372,0.9999827157298569,0.9970923018587812,15983
frailty29_trained_motion_detector,frailty29_trained_to_ptt22,window,one_vs_rest,0,93,0.004318437852046564,0.887450759707372,0.9999826962011866,0.9970923018587812,15983
frailty29_trained_motion_detector,frailty29_trained_to_ptt22,window,one_vs_rest,0,94,0.004318437852046564,0.8910148189833051,0.9999820270422788,0.9970923018587812,15983
frailty29_trained_motion_detector,frailty29_trained_to_ptt22,window,one_vs_rest,0,95,0.004412316935786707,0.8910148189833051,0.999982025123245,0.9970923018587812,15983
frailty29_trained_motion_detector,frailty29_trained_to_ptt22,window,one_vs_rest,0,96,0.004412316935786707,0.8915775651847684,0.9999819527929503,0.9970923018587812,15983
frailty29_trained_motion_detector,frailty29_trained_to_ptt22,window,one_vs_rest,0,97,0.004506196019526849,0.8915775651847684,0.9999819363838469,0.9970923018587812,15983
frailty29_trained_motion_detector,frailty29_trained_to_ptt22,window,one_vs_rest,0,98,0.004506196019526849,0.8981429375351716,0.9999812180431036,0.9970923018587812,15983
frailty29_trained_motion_detector,frailty29_trained_to_ptt22,window,one_vs_rest,0,99,0.0046000751032669925,0.8981429375351716,0.9999812101796124,0.9970923018587812,15983
frailty29_trained_motion_detector,frailty29_trained_to_ptt22,window,one_vs_rest,0,100,0.0046000751032669925,0.8988932658037891,0.9999811703746673,0.9970923018587812,15983
frailty29_trained_motion_detector,frailty29_trained_to_ptt22,window,one_vs_rest,0,101,0.004693954187007135,0.8988932658037891,0.9999811642319401,0.9970923018587812,15983
frailty29_trained_motion_detector,frailty29_trained_to_ptt22,window,one_vs_rest,0,102,0.004693954187007135,0.8990808478709436,0.9999811640154803,0.9970923018587812,15983
frailty29_trained_motion_detector,frailty29_trained_to_ptt22,window,one_vs_rest,0,103,0.004787833270747278,0.8990808478709436,0.9999811556081113,0.9970923018587812,15983
frailty29_trained_motion_detector,frailty29_trained_to_ptt22,window,one_vs_rest,0,104,0.004787833270747278,0.9075220408928907,0.9999799854831508,0.9970923018587812,15983
frailty29_trained_motion_detector,frailty29_trained_to_ptt22,window,one_vs_rest,0,105,0.00488171235448742,0.9075220408928907,0.9999799650486239,0.9970923018587812,15983
frailty29_trained_motion_detector,frailty29_trained_to_ptt22,window,one_vs_rest,0,106,0.00488171235448742,0.9123991746389045,0.9999792775106471,0.9970923018587812,15983
frailty29_trained_motion_detector,frailty29_trained_to_ptt22,window,one_vs_rest,0,107,0.004975591438227563,0.9123991746389045,0.9999792506769154,0.9970923018587812,15983
frailty29_trained_motion_detector,frailty29_trained_to_ptt22,window,one_vs_rest,0,108,0.004975591438227563,0.9135246670418308,0.9999789932353451,0.9970923018587812,15983
frailty29_trained_motion_detector,frailty29_trained_to_ptt22,window,one_vs_rest,0,109,0.005069470521967706,0.9135246670418308,0.9999789385346958,0.9970923018587812,15983
frailty29_trained_motion_detector,frailty29_trained_to_ptt22,window,one_vs_rest,0,110,0.005069470521967706,0.9137122491089852,0.9999789055909787,0.9970923018587812,15983
frailty29_trained_motion_detector,frailty29_trained_to_ptt22,window,one_vs_rest,0,111,0.005163349605707849,0.9137122491089852,0.9999788971999806,0.9970923018587812,15983
frailty29_trained_motion_detector,frailty29_trained_to_ptt22,window,one_vs_rest,0,112,0.005163349605707849,0.914650159444757,0.9999788294717291,0.9970923018587812,15983
frailty29_trained_motion_detector,frailty29_trained_to_ptt22,window,one_vs_rest,0,113,0.005257228689447991,0.914650159444757,0.9999787745473441,0.9970923018587812,15983
frailty29_trained_motion_detector,frailty29_trained_to_ptt22,window,one_vs_rest,0,114,0.005257228689447991,0.9189645469893079,0.9999782496070111,0.9970923018587812,15983
frailty29_trained_motion_detector,frailty29_trained_to_ptt22,window,one_vs_rest,0,115,0.005351107773188134,0.9189645469893079,0.9999782493596285,0.9970923018587812,15983
frailty29_trained_motion_detector,frailty29_trained_to_ptt22,window,one_vs_rest,0,116,0.005351107773188134,0.9230913524667042,0.9999770915073896,0.9970923018587812,15983
frailty29_trained_motion_detector,frailty29_trained_to_ptt22,window,one_vs_rest,0,117,0.0055388659406684195,0.9230913524667042,0.9999769541846035,0.9970923018587812,15983
frailty29_trained_motion_detector,frailty29_trained_to_ptt22,window,one_vs_rest,0,118,0.0055388659406684195,0.923466516601013,0.9999768904053781,0.9970923018587812,15983
frailty29_trained_motion_detector,frailty29_trained_to_ptt22,window,one_vs_rest,0,119,0.005726624108148705,0.923466516601013,0.9999767631143186,0.9970923018587812,15983
frailty29_trained_motion_detector,frailty29_trained_to_ptt22,window,one_vs_rest,0,120,0.005726624108148705,0.9238416807353217,0.9999765473912703,0.9970923018587812,15983
frailty29_trained_motion_detector,frailty29_trained_to_ptt22,window,one_vs_rest,0,121,0.005820503191888847,0.9238416807353217,0.9999764560488984,0.9970923018587812,15983
frailty29_trained_motion_detector,frailty29_trained_to_ptt22,window,one_vs_rest,0,122,0.005820503191888847,0.9242168448696305,0.9999763667892694,0.9970923018587812,15983
frailty29_trained_motion_detector,frailty29_trained_to_ptt22,window,one_vs_rest,0,123,0.00591438227562899,0.9242168448696305,0.9999762421193736,0.9970923018587812,15983
frailty29_trained_motion_detector,frailty29_trained_to_ptt22,window,one_vs_rest,0,124,0.00591438227562899,0.9253423372725568,0.999975995726345,0.9970923018587812,15983
frailty29_trained_motion_detector,frailty29_trained_to_ptt22,window,one_vs_rest,0,125,0.0060082613593691325,0.9253423372725568,0.9999759838210593,0.9970923018587812,15983
frailty29_trained_motion_detector,frailty29_trained_to_ptt22,window,one_vs_rest,0,126,0.0060082613593691325,0.9259050834740199,0.9999758823523734,0.9970923018587812,15983
frailty29_trained_motion_detector,frailty29_trained_to_ptt22,window,one_vs_rest,0,127,0.006196019526849418,0.9259050834740199,0.9999758008416393,0.9970923018587812,15983
frailty29_trained_motion_detector,frailty29_trained_to_ptt22,window,one_vs_rest,0,128,0.006196019526849418,0.926467829675483,0.999975603303028,0.9970923018587812,15983
frailty29_trained_motion_detector,frailty29_trained_to_ptt22,window,one_vs_rest,0,129,0.006383777694329703,0.926467829675483,0.9999755917851871,0.9970923018587812,15983
frailty29_trained_motion_detector,frailty29_trained_to_ptt22,window,one_vs_rest,0,130,0.006383777694329703,0.9266554117426374,0.9999755314456706,0.9970923018587812,15983
frailty29_trained_motion_detector,frailty29_trained_to_ptt22,window,one_vs_rest,0,131,0.0064776567780698464,0.9266554117426374,0.9999754270338599,0.9970923018587812,15983
frailty29_trained_motion_detector,frailty29_trained_to_ptt22,window,one_vs_rest,0,132,0.0064776567780698464,0.9268429938097917,0.999975419630573,0.9970923018587812,15983
frailty29_trained_motion_detector,frailty29_trained_to_ptt22,window,one_vs_rest,0,133,0.006571535861809989,0.9268429938097917,0.9999754151522211,0.9970923018587812,15983
frailty29_trained_motion_detector,frailty29_trained_to_ptt22,window,one_vs_rest,0,134,0.006571535861809989,0.9272181579441006,0.999975347020154,0.9970923018587812,15983
frailty29_trained_motion_detector,frailty29_trained_to_ptt22,window,one_vs_rest,0,135,0.006665414945550132,0.9272181579441006,0.9999753352385596,0.9970923018587812,15983
frailty29_trained_motion_detector,frailty29_trained_to_ptt22,window,one_vs_rest,0,136,0.006665414945550132,0.9279684862127181,0.9999752439671283,0.9970923018587812,15983
frailty29_trained_motion_detector,frailty29_trained_to_ptt22,window,one_vs_rest,0,137,0.006759294029290274,0.9279684862127181,0.9999751719078631,0.9970923018587812,15983
frailty29_trained_motion_detector,frailty29_trained_to_ptt22,window,one_vs_rest,0,138,0.006759294029290274,0.9290939786156444,0.999974896752974,0.9970923018587812,15983
frailty29_trained_motion_detector,frailty29_trained_to_ptt22,window,one_vs_rest,0,139,0.006853173113030417,0.9290939786156444,0.9999748541285953,0.9970923018587812,15983
frailty29_trained_motion_detector,frailty29_trained_to_ptt22,window,one_vs_rest,0,140,0.006853173113030417,0.9298443068842619,0.9999747455040051,0.9970923018587812,15983
frailty29_trained_motion_detector,frailty29_trained_to_ptt22,window,one_vs_rest,0,141,0.0069470521967705595,0.9298443068842619,0.9999746594239696,0.9970923018587812,15983
frailty29_trained_motion_detector,frailty29_trained_to_ptt22,window,one_vs_rest,0,142,0.0069470521967705595,0.9300318889514162,0.9999746427947684,0.9970923018587812,15983
frailty29_trained_motion_detector,frailty29_trained_to_ptt22,window,one_vs_rest,0,143,0.007040931280510703,0.9300318889514162,0.9999746145094832,0.9970923018587812,15983
frailty29_trained_motion_detector,frailty29_trained_to_ptt22,window,one_vs_rest,0,144,0.007040931280510703,0.930407053085725,0.9999745226887171,0.9970923018587812,15983
frailty29_trained_motion_detector,frailty29_trained_to_ptt22,window,one_vs_rest,0,145,0.007134810364250845,0.930407053085725,0.9999744824726804,0.9970923018587812,15983
frailty29_trained_motion_detector,frailty29_trained_to_ptt22,window,one_vs_rest,0,146,0.007134810364250845,0.93190770962296,0.999974297666995,0.9970923018587812,15983
frailty29_trained_motion_detector,frailty29_trained_to_ptt22,window,one_vs_rest,0,147,0.007228689447990988,0.93190770962296,0.9999742975160189,0.9970923018587812,15983
frailty29_trained_motion_detector,frailty29_trained_to_ptt22,window,one_vs_rest,0,148,0.007228689447990988,0.9330332020258864,0.9999739889717603,0.9970923018587812,15983
frailty29_trained_motion_detector,frailty29_trained_to_ptt22,window,one_vs_rest,0,149,0.00732256853173113,0.9330332020258864,0.999973957250404,0.9970923018587812,15983
frailty29_trained_motion_detector,frailty29_trained_to_ptt22,window,one_vs_rest,0,150,0.00732256853173113,0.9339711123616582,0.9999737573307357,0.9970923018587812,15983
frailty29_trained_motion_detector,frailty29_trained_to_ptt22,window,one_vs_rest,0,151,0.007510326699211416,0.9339711123616582,0.9999737462421763,0.9970923018587812,15983
frailty29_trained_motion_detector,frailty29_trained_to_ptt22,window,one_vs_rest,0,152,0.007510326699211416,0.934346276495967,0.9999737250764156,0.9970923018587812,15983
frailty29_trained_motion_detector,frailty29_trained_to_ptt22,window,one_vs_rest,0,153,0.007698084866691701,0.934346276495967,0.9999736585414212,0.9970923018587812,15983
frailty29_trained_motion_detector,frailty29_trained_to_ptt22,window,one_vs_rest,0,154,0.007698084866691701,0.9349090226974301,0.9999735310757387,0.9970923018587812,15983
frailty29_trained_motion_detector,frailty29_trained_to_ptt22,window,one_vs_rest,0,155,0.007885843034171986,0.9349090226974301,0.9999734298107796,0.9970923018587812,15983
frailty29_trained_motion_detector,frailty29_trained_to_ptt22,window,one_vs_rest,0,156,0.007885843034171986,0.9354717688988933,0.9999733478416601,0.9970923018587812,15983
frailty29_trained_motion_detector,frailty29_trained_to_ptt22,window,one_vs_rest,0,157,0.00797972211791213,0.9354717688988933,0.9999732848082203,0.9970923018587812,15983
frailty29_trained_motion_detector,frailty29_trained_to_ptt22,window,one_vs_rest,0,158,0.00797972211791213,0.9362220971675108,0.9999731450861873,0.9970923018587812,15983
frailty29_trained_motion_detector,frailty29_trained_to_ptt22,window,one_vs_rest,0,159,0.008261359369132557,0.9362220971675108,0.9999730491053924,0.9970923018587812,15983
frailty29_trained_motion_detector,frailty29_trained_to_ptt22,window,one_vs_rest,0,160,0.008261359369132557,0.9377227537047458,0.9999725416128058,0.9970923018587812,15983
frailty29_trained_motion_detector,frailty29_trained_to_ptt22,window,one_vs_rest,0,161,0.008542996620352985,0.9377227537047458,0.9999723815744801,0.9970923018587812,15983
frailty29_trained_motion_detector,frailty29_trained_to_ptt22,window,one_vs_rest,0,162,0.008542996620352985,0.9392234102419809,0.9999719567185821,0.9970923018587812,15983
frailty29_trained_motion_detector,frailty29_trained_to_ptt22,window,one_vs_rest,0,163,0.008636875704093128,0.9392234102419809,0.9999719394891144,0.9970923018587812,15983
frailty29_trained_motion_detector,frailty29_trained_to_ptt22,window,one_vs_rest,0,164,0.008636875704093128,0.9394109923091353,0.9999719180195825,0.9970923018587812,15983
frailty29_trained_motion_detector,frailty29_trained_to_ptt22,window,one_vs_rest,0,165,0.008730754787833271,0.9394109923091353,0.9999719029110565,0.9970923018587812,15983
frailty29_trained_motion_detector,frailty29_trained_to_ptt22,window,one_vs_rest,0,166,0.008730754787833271,0.9399737385105984,0.9999717245118518,0.9970923018587812,15983
frailty29_trained_motion_detector,frailty29_trained_to_ptt22,window,one_vs_rest,0,167,0.008918512955313556,0.9399737385105984,0.9999716407946835,0.9970923018587812,15983
frailty29_trained_motion_detector,frailty29_trained_to_ptt22,window,one_vs_rest,0,168,0.008918512955313556,0.9407240667792159,0.9999713579418312,0.9970923018587812,15983
frailty29_trained_motion_detector,frailty29_trained_to_ptt22,window,one_vs_rest,0,169,0.009106271122793842,0.9407240667792159,0.999971260645907,0.9970923018587812,15983
frailty29_trained_motion_detector,frailty29_trained_to_ptt22,window,one_vs_rest,0,170,0.009106271122793842,0.9410992309135247,0.9999711848740844,0.9970923018587812,15983
frailty29_trained_motion_detector,frailty29_trained_to_ptt22,window,one_vs_rest,0,171,0.009200150206533985,0.9410992309135247,0.9999711614545959,0.9970923018587812,15983
frailty29_trained_motion_detector,frailty29_trained_to_ptt22,window,one_vs_rest,0,172,0.009200150206533985,0.9422247233164509,0.9999710041247454,0.9970923018587812,15983
frailty29_trained_motion_detector,frailty29_trained_to_ptt22,window,one_vs_rest,0,173,0.009294029290274126,0.9422247233164509,0.9999709652202,0.9970923018587812,15983
frailty29_trained_motion_detector,frailty29_trained_to_ptt22,window,one_vs_rest,0,174,0.009294029290274126,0.9442881260551491,0.9999705656591686,0.9970923018587812,15983
frailty29_trained_motion_detector,frailty29_trained_to_ptt22,window,one_vs_rest,0,175,0.00938790837401427,0.9442881260551491,0.999970555634718,0.9970923018587812,15983
frailty29_trained_motion_detector,frailty29_trained_to_ptt22,window,one_vs_rest,0,176,0.00938790837401427,0.9457887825923842,0.9999698186602473,0.9970923018587812,15983
frailty29_trained_motion_detector,frailty29_trained_to_ptt22,window,one_vs_rest,0,177,0.009481787457754413,0.9457887825923842,0.9999697951679991,0.9970923018587812,15983
frailty29_trained_motion_detector,frailty29_trained_to_ptt22,window,one_vs_rest,0,178,0.009481787457754413,0.9459763646595385,0.9999697164566896,0.9970923018587812,15983
frailty29_trained_motion_detector,frailty29_trained_to_ptt22,window,one_vs_rest,0,179,0.009575666541494556,0.9459763646595385,0.9999696861468692,0.9970923018587812,15983
frailty29_trained_motion_detector,frailty29_trained_to_ptt22,window,one_vs_rest,0,180,0.009575666541494556,0.946726692928156,0.9999691433804401,0.9970923018587812,15983
frailty29_trained_motion_detector,frailty29_trained_to_ptt22,window,one_vs_rest,0,181,0.009669545625234697,0.946726692928156,0.999969124513882,0.9970923018587812,15983
frailty29_trained_motion_detector,frailty29_trained_to_ptt22,window,one_vs_rest,0,182,0.009669545625234697,0.9471018570624649,0.9999689948926971,0.9970923018587812,15983
frailty29_trained_motion_detector,frailty29_trained_to_ptt22,window,one_vs_rest,0,183,0.00976342470897484,0.9471018570624649,0.9999689915202907,0.9970923018587812,15983
frailty29_trained_motion_detector,frailty29_trained_to_ptt22,window,one_vs_rest,0,184,0.00976342470897484,0.9478521853310824,0.9999688993593736,0.9970923018587812,15983
frailty29_trained_motion_detector,frailty29_trained_to_ptt22,window,one_vs_rest,0,185,0.009951182876455127,0.9478521853310824,0.9999688597999921,0.9970923018587812,15983
frailty29_trained_motion_detector,frailty29_trained_to_ptt22,window,one_vs_rest,0,186,0.009951182876455127,0.9487900956668542,0.9999686855881009,0.9970923018587812,15983
frailty29_trained_motion_detector,frailty29_trained_to_ptt22,window,one_vs_rest,0,187,0.010138941043935411,0.9487900956668542,0.999968633044773,0.9970923018587812,15983
frailty29_trained_motion_detector,frailty29_trained_to_ptt22,window,one_vs_rest,0,188,0.010138941043935411,0.9495404239354718,0.9999684779832023,0.9970923018587812,15983
frailty29_trained_motion_detector,frailty29_trained_to_ptt22,window,one_vs_rest,0,189,0.010420578295155839,0.9495404239354718,0.9999681376757508,0.9970923018587812,15983
frailty29_trained_motion_detector,frailty29_trained_to_ptt22,window,one_vs_rest,0,190,0.010420578295155839,0.9497280060026262,0.9999681004010199,0.9970923018587812,15983
frailty29_trained_motion_detector,frailty29_trained_to_ptt22,window,one_vs_rest,0,191,0.010514457378895982,0.9497280060026262,0.9999680753535358,0.9970923018587812,15983
frailty29_trained_motion_detector,frailty29_trained_to_ptt22,window,one_vs_rest,0,192,0.010514457378895982,0.9499155880697805,0.9999679444190406,0.9970923018587812,15983
frailty29_trained_motion_detector,frailty29_trained_to_ptt22,window,one_vs_rest,0,193,0.010702215546376268,0.9499155880697805,0.9999677769483242,0.9970923018587812,15983
frailty29_trained_motion_detector,frailty29_trained_to_ptt22,window,one_vs_rest,0,194,0.010702215546376268,0.9502907522040893,0.9999676984953112,0.9970923018587812,15983
frailty29_trained_motion_detector,frailty29_trained_to_ptt22,window,one_vs_rest,0,195,0.010889973713856553,0.9502907522040893,0.9999675956314604,0.9970923018587812,15983
frailty29_trained_motion_detector,frailty29_trained_to_ptt22,window,one_vs_rest,0,196,0.010889973713856553,0.950665916338398,0.9999674147511541,0.9970923018587812,15983
frailty29_trained_motion_detector,frailty29_trained_to_ptt22,window,one_vs_rest,0,197,0.010983852797596696,0.950665916338398,0.9999673608544981,0.9970923018587812,15983
frailty29_trained_motion_detector,frailty29_trained_to_ptt22,window,one_vs_rest,0,198,0.010983852797596696,0.9508534984055524,0.9999673468446417,0.9970923018587812,15983
frailty29_trained_motion_detector,frailty29_trained_to_ptt22,window,one_vs_rest,0,199,0.011077731881336839,0.9508534984055524,0.9999673342317692,0.9970923018587812,15983
frailty29_trained_motion_detector,frailty29_trained_to_ptt22,window,one_vs_rest,0,200,0.011077731881336839,0.9510410804727069,0.9999673279380659,0.9970923018587812,15983
frailty29_trained_motion_detector,frailty29_trained_to_ptt22,window,one_vs_rest,0,201,0.01117161096507698,0.9510410804727069,0.9999672670928703,0.9970923018587812,15983
frailty29_trained_motion_detector,frailty29_trained_to_ptt22,window,one_vs_rest,0,202,0.01117161096507698,0.9512286625398612,0.9999672197991458,0.9970923018587812,15983
frailty29_trained_motion_detector,frailty29_trained_to_ptt22,window,one_vs_rest,0,203,0.011265490048817123,0.9512286625398612,0.9999671275145374,0.9970923018587812,15983
frailty29_trained_motion_detector,frailty29_trained_to_ptt22,window,one_vs_rest,0,204,0.011265490048817123,0.9514162446070156,0.9999671156001568,0.9970923018587812,15983
frailty29_trained_motion_detector,frailty29_trained_to_ptt22,window,one_vs_rest,0,205,0.011359369132557267,0.9514162446070156,0.9999670496763429,0.9970923018587812,15983
frailty29_trained_motion_detector,frailty29_trained_to_ptt22,window,one_vs_rest,0,206,0.011359369132557267,0.95160382667417,0.9999669782700948,0.9970923018587812,15983
frailty29_trained_motion_detector,frailty29_trained_to_ptt22,window,one_vs_rest,0,207,0.01145324821629741,0.95160382667417,0.9999669536664442,0.9970923018587812,15983
frailty29_trained_motion_detector,frailty29_trained_to_ptt22,window,one_vs_rest,0,208,0.01145324821629741,0.9523541549427875,0.9999668229684175,0.9970923018587812,15983
frailty29_trained_motion_detector,frailty29_trained_to_ptt22,window,one_vs_rest,0,209,0.011734885467517837,0.9523541549427875,0.9999666535550205,0.9970923018587812,15983
frailty29_trained_motion_detector,frailty29_trained_to_ptt22,window,one_vs_rest,0,210,0.011734885467517837,0.9525417370099418,0.9999665706127416,0.9970923018587812,15983
frailty29_trained_motion_detector,frailty29_trained_to_ptt22,window,one_vs_rest,0,211,0.01182876455125798,0.9525417370099418,0.9999665644281777,0.9970923018587812,15983
frailty29_trained_motion_detector,frailty29_trained_to_ptt22,window,one_vs_rest,0,212,0.01182876455125798,0.9527293190770962,0.9999665634713892,0.9970923018587812,15983
frailty29_trained_motion_detector,frailty29_trained_to_ptt22,window,one_vs_rest,0,213,0.012110401802478408,0.9527293190770962,0.9999664520655642,0.9970923018587812,15983
frailty29_trained_motion_detector,frailty29_trained_to_ptt22,window,one_vs_rest,0,214,0.012110401802478408,0.9532920652785594,0.9999662712689315,0.9970923018587812,15983
frailty29_trained_motion_detector,frailty29_trained_to_ptt22,window,one_vs_rest,0,215,0.012392039053698836,0.9532920652785594,0.9999657408552594,0.9970923018587812,15983
frailty29_trained_motion_detector,frailty29_trained_to_ptt22,window,one_vs_rest,0,216,0.012392039053698836,0.9540423935471769,0.9999656570835214,0.9970923018587812,15983
frailty29_trained_motion_detector,frailty29_trained_to_ptt22,window,one_vs_rest,0,217,0.012579797221179122,0.9540423935471769,0.9999654510502296,0.9970923018587812,15983
frailty29_trained_motion_detector,frailty29_trained_to_ptt22,window,one_vs_rest,0,218,0.012579797221179122,0.9547927218157944,0.9999653343220416,0.9970923018587812,15983
frailty29_trained_motion_detector,frailty29_trained_to_ptt22,window,one_vs_rest,0,219,0.012767555388659407,0.9547927218157944,0.9999650303470844,0.9970923018587812,15983
frailty29_trained_motion_detector,frailty29_trained_to_ptt22,window,one_vs_rest,0,220,0.012767555388659407,0.9553554680172576,0.9999648537886969,0.9970923018587812,15983
frailty29_trained_motion_detector,frailty29_trained_to_ptt22,window,one_vs_rest,0,221,0.01286143447239955,0.9553554680172576,0.9999647607546649,0.9970923018587812,15983
frailty29_trained_motion_detector,frailty29_trained_to_ptt22,window,one_vs_rest,0,222,0.01286143447239955,0.955543050084412,0.9999647044205631,0.9970923018587812,15983
frailty29_trained_motion_detector,frailty29_trained_to_ptt22,window,one_vs_rest,0,223,0.01323695080736012,0.955543050084412,0.9999645034076821,0.9970923018587812,15983
frailty29_trained_motion_detector,frailty29_trained_to_ptt22,window,one_vs_rest,0,224,0.01323695080736012,0.9557306321515663,0.9999644819072273,0.9970923018587812,15983
frailty29_trained_motion_detector,frailty29_trained_to_ptt22,window,one_vs_rest,0,225,0.013518588058580548,0.9557306321515663,0.999964102942613,0.9970923018587812,15983
frailty29_trained_motion_detector,frailty29_trained_to_ptt22,window,one_vs_rest,0,226,0.013518588058580548,0.9559182142187207,0.9999640450441802,0.9970923018587812,15983
frailty29_trained_motion_detector,frailty29_trained_to_ptt22,window,one_vs_rest,0,227,0.013706346226060834,0.9559182142187207,0.9999639022935298,0.9970923018587812,15983
frailty29_trained_motion_detector,frailty29_trained_to_ptt22,window,one_vs_rest,0,228,0.013706346226060834,0.9561057962858751,0.9999638547924405,0.9970923018587812,15983
frailty29_trained_motion_detector,frailty29_trained_to_ptt22,window,one_vs_rest,0,229,0.013800225309800976,0.9561057962858751,0.999963620404742,0.9970923018587812,15983
frailty29_trained_motion_detector,frailty29_trained_to_ptt22,window,one_vs_rest,0,230,0.013800225309800976,0.9568561245544925,0.9999634200212313,0.9970923018587812,15983
frailty29_trained_motion_detector,frailty29_trained_to_ptt22,window,one_vs_rest,0,231,0.013894104393541119,0.9568561245544925,0.9999633940569765,0.9970923018587812,15983
frailty29_trained_motion_detector,frailty29_trained_to_ptt22,window,one_vs_rest,0,232,0.013894104393541119,0.957043706621647,0.9999633307488693,0.9970923018587812,15983
frailty29_trained_motion_detector,frailty29_trained_to_ptt22,window,one_vs_rest,0,233,0.013987983477281262,0.957043706621647,0.9999631873397448,0.9970923018587812,15983
frailty29_trained_motion_detector,frailty29_trained_to_ptt22,window,one_vs_rest,0,234,0.013987983477281262,0.9572312886888014,0.9999631618775311,0.9970923018587812,15983
frailty29_trained_motion_detector,frailty29_trained_to_ptt22,window,one_vs_rest,0,235,0.014081862561021405,0.9572312886888014,0.9999630570746376,0.9970923018587812,15983
frailty29_trained_motion_detector,frailty29_trained_to_ptt22,window,one_vs_rest,0,236,0.014081862561021405,0.9576064528231101,0.9999627592078468,0.9970923018587812,15983
frailty29_trained_motion_detector,frailty29_trained_to_ptt22,window,one_vs_rest,0,237,0.014175741644761547,0.9576064528231101,0.9999627011311532,0.9970923018587812,15983
frailty29_trained_motion_detector,frailty29_trained_to_ptt22,window,one_vs_rest,0,238,0.014175741644761547,0.9581691990245732,0.9999625535820087,0.9970923018587812,15983
frailty29_trained_motion_detector,frailty29_trained_to_ptt22,window,one_vs_rest,0,239,0.014363499812241833,0.9581691990245732,0.9999625059899699,0.9970923018587812,15983
frailty29_trained_motion_detector,frailty29_trained_to_ptt22,window,one_vs_rest,0,240,0.014363499812241833,0.9583567810917276,0.9999624469455739,0.9970923018587812,15983
frailty29_trained_motion_detector,frailty29_trained_to_ptt22,window,one_vs_rest,0,241,0.014551257979722117,0.9583567810917276,0.999962356803735,0.9970923018587812,15983
frailty29_trained_motion_detector,frailty29_trained_to_ptt22,window,one_vs_rest,0,242,0.014551257979722117,0.958544363158882,0.9999622766663379,0.9970923018587812,15983
frailty29_trained_motion_detector,frailty29_trained_to_ptt22,window,one_vs_rest,0,243,0.014926774314682688,0.958544363158882,0.9999621350943926,0.9970923018587812,15983
frailty29_trained_motion_detector,frailty29_trained_to_ptt22,window,one_vs_rest,0,244,0.014926774314682688,0.9591071093603452,0.9999620300513925,0.9970923018587812,15983
frailty29_trained_motion_detector,frailty29_trained_to_ptt22,window,one_vs_rest,0,245,0.015208411565903118,0.9591071093603452,0.999961526653351,0.9970923018587812,15983
frailty29_trained_motion_detector,frailty29_trained_to_ptt22,window,one_vs_rest,0,246,0.015208411565903118,0.9594822734946539,0.999961413192068,0.9970923018587812,15983
frailty29_trained_motion_detector,frailty29_trained_to_ptt22,window,one_vs_rest,0,247,0.015302290649643259,0.9594822734946539,0.9999613623003825,0.9970923018587812,15983
frailty29_trained_motion_detector,frailty29_trained_to_ptt22,window,one_vs_rest,0,248,0.015302290649643259,0.9596698555618083,0.9999613597938151,0.9970923018587812,15983
frailty29_trained_motion_detector,frailty29_trained_to_ptt22,window,one_vs_rest,0,249,0.015583927900863688,0.9596698555618083,0.9999609956794302,0.9970923018587812,15983
frailty29_trained_motion_detector,frailty29_trained_to_ptt22,window,one_vs_rest,0,250,0.015583927900863688,0.9598574376289627,0.9999608345533488,0.9970923018587812,15983
frailty29_trained_motion_detector,frailty29_trained_to_ptt22,window,one_vs_rest,0,251,0.0160533233195644,0.9598574376289627,0.9999603906580887,0.9970923018587812,15983
frailty29_trained_motion_detector,frailty29_trained_to_ptt22,window,one_vs_rest,0,252,0.0160533233195644,0.9607953479647345,0.9999599056172883,0.9970923018587812,15983
frailty29_trained_motion_detector,frailty29_trained_to_ptt22,window,one_vs_rest,0,253,0.016147202403304545,0.9607953479647345,0.9999598807917209,0.9970923018587812,15983
frailty29_trained_motion_detector,frailty29_trained_to_ptt22,window,one_vs_rest,0,254,0.016147202403304545,0.9611705120990434,0.9999598025897285,0.9970923018587812,15983
frailty29_trained_motion_detector,frailty29_trained_to_ptt22,window,one_vs_rest,0,255,0.016428839654524973,0.9611705120990434,0.999959264343488,0.9970923018587812,15983
frailty29_trained_motion_detector,frailty29_trained_to_ptt22,window,one_vs_rest,0,256,0.016428839654524973,0.9613580941661977,0.9999591391424474,0.9970923018587812,15983
frailty29_trained_motion_detector,frailty29_trained_to_ptt22,window,one_vs_rest,0,257,0.016522718738265114,0.9613580941661977,0.9999590530896967,0.9970923018587812,15983
frailty29_trained_motion_detector,frailty29_trained_to_ptt22,window,one_vs_rest,0,258,0.016522718738265114,0.9615456762333521,0.999958787484502,0.9970923018587812,15983
frailty29_trained_motion_detector,frailty29_trained_to_ptt22,window,one_vs_rest,0,259,0.016804355989485542,0.9615456762333521,0.9999586325793643,0.9970923018587812,15983
frailty29_trained_motion_detector,frailty29_trained_to_ptt22,window,one_vs_rest,0,260,0.016804355989485542,0.9617332583005065,0.9999585947334708,0.9970923018587812,15983
frailty29_trained_motion_detector,frailty29_trained_to_ptt22,window,one_vs_rest,0,261,0.016898235073225687,0.9617332583005065,0.9999585925615975,0.9970923018587812,15983
frailty29_trained_motion_detector,frailty29_trained_to_ptt22,window,one_vs_rest,0,262,0.016898235073225687,0.9621084224348152,0.9999584162724204,0.9970923018587812,15983
frailty29_trained_motion_detector,frailty29_trained_to_ptt22,window,one_vs_rest,0,263,0.017273751408186256,0.9621084224348152,0.9999579445247946,0.9970923018587812,15983
frailty29_trained_motion_detector,frailty29_trained_to_ptt22,window,one_vs_rest,0,264,0.017273751408186256,0.962483586569124,0.9999578262504656,0.9970923018587812,15983
frailty29_trained_motion_detector,frailty29_trained_to_ptt22,window,one_vs_rest,0,265,0.01764926774314683,0.962483586569124,0.9999577441667498,0.9970923018587812,15983
frailty29_trained_motion_detector,frailty29_trained_to_ptt22,window,one_vs_rest,0,266,0.01764926774314683,0.9626711686362783,0.9999577101807517,0.9970923018587812,15983
frailty29_trained_motion_detector,frailty29_trained_to_ptt22,window,one_vs_rest,0,267,0.01774314682688697,0.9626711686362783,0.9999575374640699,0.9970923018587812,15983
frailty29_trained_motion_detector,frailty29_trained_to_ptt22,window,one_vs_rest,0,268,0.01774314682688697,0.9628587507034327,0.9999575106485281,0.9970923018587812,15983
frailty29_trained_motion_detector,frailty29_trained_to_ptt22,window,one_vs_rest,0,269,0.01783702591062711,0.9628587507034327,0.9999573229542875,0.9970923018587812,15983
frailty29_trained_motion_detector,frailty29_trained_to_ptt22,window,one_vs_rest,0,270,0.01783702591062711,0.9636090789720503,0.9999567526974715,0.9970923018587812,15983
frailty29_trained_motion_detector,frailty29_trained_to_ptt22,window,one_vs_rest,0,271,0.017930904994367256,0.9636090789720503,0.9999567323247902,0.9970923018587812,15983
frailty29_trained_motion_detector,frailty29_trained_to_ptt22,window,one_vs_rest,0,272,0.017930904994367256,0.9647345713749765,0.9999561853546766,0.9970923018587812,15983
frailty29_trained_motion_detector,frailty29_trained_to_ptt22,window,one_vs_rest,0,273,0.018024784078107398,0.9647345713749765,0.9999559132120339,0.9970923018587812,15983
frailty29_trained_motion_detector,frailty29_trained_to_ptt22,window,one_vs_rest,0,274,0.018024784078107398,0.9651097355092854,0.999955729359499,0.9970923018587812,15983
frailty29_trained_motion_detector,frailty29_trained_to_ptt22,window,one_vs_rest,0,275,0.018306421329327825,0.9651097355092854,0.9999555214126303,0.9970923018587812,15983
frailty29_trained_motion_detector,frailty29_trained_to_ptt22,window,one_vs_rest,0,276,0.018306421329327825,0.9652973175764397,0.9999554573187197,0.9970923018587812,15983
frailty29_trained_motion_detector,frailty29_trained_to_ptt22,window,one_vs_rest,0,277,0.01849417949680811,0.9652973175764397,0.9999550055908912,0.9970923018587812,15983
frailty29_trained_motion_detector,frailty29_trained_to_ptt22,window,one_vs_rest,0,278,0.01849417949680811,0.9654848996435941,0.9999549681160715,0.9970923018587812,15983
frailty29_trained_motion_detector,frailty29_trained_to_ptt22,window,one_vs_rest,0,279,0.018588058580548253,0.9654848996435941,0.9999549464700976,0.9970923018587812,15983
frailty29_trained_motion_detector,frailty29_trained_to_ptt22,window,one_vs_rest,0,280,0.018588058580548253,0.9656724817107485,0.999954802049615,0.9970923018587812,15983
frailty29_trained_motion_detector,frailty29_trained_to_ptt22,window,one_vs_rest,0,281,0.01886969583176868,0.9656724817107485,0.9999545673126704,0.9970923018587812,15983
frailty29_trained_motion_detector,frailty29_trained_to_ptt22,window,one_vs_rest,0,282,0.01886969583176868,0.9658600637779028,0.9999543598714808,0.9970923018587812,15983
frailty29_trained_motion_detector,frailty29_trained_to_ptt22,window,one_vs_rest,0,283,0.01915133308298911,0.9658600637779028,0.9999540225799137,0.9970923018587812,15983
frailty29_trained_motion_detector,frailty29_trained_to_ptt22,window,one_vs_rest,0,284,0.01915133308298911,0.9662352279122116,0.9999540023200097,0.9970923018587812,15983
frailty29_trained_motion_detector,frailty29_trained_to_ptt22,window,one_vs_rest,0,285,0.01943297033420954,0.9662352279122116,0.9999538916927122,0.9970923018587812,15983
frailty29_trained_motion_detector,frailty29_trained_to_ptt22,window,one_vs_rest,0,286,0.01943297033420954,0.966422809979366,0.9999538644224231,0.9970923018587812,15983
frailty29_trained_motion_detector,frailty29_trained_to_ptt22,window,one_vs_rest,0,287,0.01980848666917011,0.966422809979366,0.9999536435607297,0.9970923018587812,15983
frailty29_trained_motion_detector,frailty29_trained_to_ptt22,window,one_vs_rest,0,288,0.01980848666917011,0.9666103920465203,0.9999536389186687,0.9970923018587812,15983
frailty29_trained_motion_detector,frailty29_trained_to_ptt22,window,one_vs_rest,0,289,0.019902365752910253,0.9666103920465203,0.9999536303403147,0.9970923018587812,15983
frailty29_trained_motion_detector,frailty29_trained_to_ptt22,window,one_vs_rest,0,290,0.019902365752910253,0.9667979741136747,0.9999533576410613,0.9970923018587812,15983
frailty29_trained_motion_detector,frailty29_trained_to_ptt22,window,one_vs_rest,0,291,0.019996244836650395,0.9667979741136747,0.9999533011141466,0.9970923018587812,15983
frailty29_trained_motion_detector,frailty29_trained_to_ptt22,window,one_vs_rest,0,292,0.019996244836650395,0.9671731382479835,0.9999530339991907,0.9970923018587812,15983
frailty29_trained_motion_detector,frailty29_trained_to_ptt22,window,one_vs_rest,0,293,0.020277882087870822,0.9671731382479835,0.9999526936371694,0.9970923018587812,15983
frailty29_trained_motion_detector,frailty29_trained_to_ptt22,window,one_vs_rest,0,294,0.020277882087870822,0.9675483023822923,0.9999526485953538,0.9970923018587812,15983
frailty29_trained_motion_detector,frailty29_trained_to_ptt22,window,one_vs_rest,0,295,0.020371761171610964,0.9675483023822923,0.9999525650273426,0.9970923018587812,15983
frailty29_trained_motion_detector,frailty29_trained_to_ptt22,window,one_vs_rest,0,296,0.020371761171610964,0.9677358844494466,0.9999525158309552,0.9970923018587812,15983
frailty29_trained_motion_detector,frailty29_trained_to_ptt22,window,one_vs_rest,0,297,0.020653398422831395,0.9677358844494466,0.9999523868282267,0.9970923018587812,15983
frailty29_trained_motion_detector,frailty29_trained_to_ptt22,window,one_vs_rest,0,298,0.020653398422831395,0.967923466516601,0.9999523498117924,0.9970923018587812,15983
frailty29_trained_motion_detector,frailty29_trained_to_ptt22,window,one_vs_rest,0,299,0.021122793841532105,0.967923466516601,0.9999518186705245,0.9970923018587812,15983
frailty29_trained_motion_detector,frailty29_trained_to_ptt22,window,one_vs_rest,0,300,0.021122793841532105,0.9690489589195272,0.9999510454908886,0.9970923018587812,15983
frailty29_trained_motion_detector,frailty29_trained_to_ptt22,window,one_vs_rest,0,301,0.02121667292527225,0.9690489589195272,0.9999510089655814,0.9970923018587812,15983
frailty29_trained_motion_detector,frailty29_trained_to_ptt22,window,one_vs_rest,0,302,0.02121667292527225,0.9692365409866817,0.9999509634399146,0.9970923018587812,15983
frailty29_trained_motion_detector,frailty29_trained_to_ptt22,window,one_vs_rest,0,303,0.02159218926023282,0.9692365409866817,0.9999504551815335,0.9970923018587812,15983
frailty29_trained_motion_detector,frailty29_trained_to_ptt22,window,one_vs_rest,0,304,0.02159218926023282,0.9694241230538361,0.9999504433690163,0.9970923018587812,15983
frailty29_trained_motion_detector,frailty29_trained_to_ptt22,window,one_vs_rest,0,305,0.022061584678933533,0.9694241230538361,0.9999496834025194,0.9970923018587812,15983
frailty29_trained_motion_detector,frailty29_trained_to_ptt22,window,one_vs_rest,0,306,0.022061584678933533,0.9696117051209905,0.9999496576783713,0.9970923018587812,15983
frailty29_trained_motion_detector,frailty29_trained_to_ptt22,window,one_vs_rest,0,307,0.02224934284641382,0.9696117051209905,0.9999491245798708,0.9970923018587812,15983
frailty29_trained_motion_detector,frailty29_trained_to_ptt22,window,one_vs_rest,0,308,0.02224934284641382,0.9697992871881448,0.9999487856402993,0.9970923018587812,15983
frailty29_trained_motion_detector,frailty29_trained_to_ptt22,window,one_vs_rest,0,309,0.02234322193015396,0.9697992871881448,0.999948507429508,0.9970923018587812,15983
frailty29_trained_motion_detector,frailty29_trained_to_ptt22,window,one_vs_rest,0,310,0.02234322193015396,0.9699868692552992,0.9999485019798158,0.9970923018587812,15983
frailty29_trained_motion_detector,frailty29_trained_to_ptt22,window,one_vs_rest,0,311,0.02262485918137439,0.9699868692552992,0.9999480789883819,0.9970923018587812,15983
frailty29_trained_motion_detector,frailty29_trained_to_ptt22,window,one_vs_rest,0,312,0.02262485918137439,0.9703620333896079,0.9999480129408767,0.9970923018587812,15983
frailty29_trained_motion_detector,frailty29_trained_to_ptt22,window,one_vs_rest,0,313,0.023094254600075102,0.9703620333896079,0.9999474399846804,0.9970923018587812,15983
frailty29_trained_motion_detector,frailty29_trained_to_ptt22,window,one_vs_rest,0,314,0.023094254600075102,0.9705496154567623,0.9999470465591003,0.9970923018587812,15983
frailty29_trained_motion_detector,frailty29_trained_to_ptt22,window,one_vs_rest,0,315,0.02328201276755539,0.9705496154567623,0.9999469704525836,0.9970923018587812,15983
frailty29_trained_motion_detector,frailty29_trained_to_ptt22,window,one_vs_rest,0,316,0.02328201276755539,0.9707371975239167,0.9999467149682459,0.9970923018587812,15983
frailty29_trained_motion_detector,frailty29_trained_to_ptt22,window,one_vs_rest,0,317,0.023845287269996244,0.9707371975239167,0.9999459392383869,0.9970923018587812,15983
frailty29_trained_motion_detector,frailty29_trained_to_ptt22,window,one_vs_rest,0,318,0.023845287269996244,0.9714875257925343,0.9999452941483469,0.9970923018587812,15983
frailty29_trained_motion_detector,frailty29_trained_to_ptt22,window,one_vs_rest,0,319,0.02403304543747653,0.9714875257925343,0.9999449939314218,0.9970923018587812,15983
frailty29_trained_motion_detector,frailty29_trained_to_ptt22,window,one_vs_rest,0,320,0.02403304543747653,0.9716751078596886,0.9999449601382366,0.9970923018587812,15983
frailty29_trained_motion_detector,frailty29_trained_to_ptt22,window,one_vs_rest,0,321,0.02412692452121667,0.9716751078596886,0.9999449088863912,0.9970923018587812,15983
frailty29_trained_motion_detector,frailty29_trained_to_ptt22,window,one_vs_rest,0,322,0.02412692452121667,0.971862689926843,0.9999448104535986,0.9970923018587812,15983
frailty29_trained_motion_detector,frailty29_trained_to_ptt22,window,one_vs_rest,0,323,0.024220803604956816,0.971862689926843,0.9999447916125064,0.9970923018587812,15983
frailty29_trained_motion_detector,frailty29_trained_to_ptt22,window,one_vs_rest,0,324,0.024220803604956816,0.9720502719939974,0.9999447911832249,0.9970923018587812,15983
frailty29_trained_motion_detector,frailty29_trained_to_ptt22,window,one_vs_rest,0,325,0.024314682688696958,0.9720502719939974,0.9999444003187818,0.9970923018587812,15983
frailty29_trained_motion_detector,frailty29_trained_to_ptt22,window,one_vs_rest,0,326,0.024314682688696958,0.9724254361283061,0.9999442821645061,0.9970923018587812,15983
frailty29_trained_motion_detector,frailty29_trained_to_ptt22,window,one_vs_rest,0,327,0.02469019902365753,0.9724254361283061,0.999943621121929,0.9970923018587812,15983
frailty29_trained_motion_detector,frailty29_trained_to_ptt22,window,one_vs_rest,0,328,0.02469019902365753,0.9726130181954605,0.9999433888078784,0.9970923018587812,15983
frailty29_trained_motion_detector,frailty29_trained_to_ptt22,window,one_vs_rest,0,329,0.02478407810739767,0.9726130181954605,0.9999428605406138,0.9970923018587812,15983
frailty29_trained_motion_detector,frailty29_trained_to_ptt22,window,one_vs_rest,0,330,0.02478407810739767,0.9729881823297692,0.9999422117325594,0.9970923018587812,15983
frailty29_trained_motion_detector,frailty29_trained_to_ptt22,window,one_vs_rest,0,331,0.024971836274877958,0.9729881823297692,0.9999413971672766,0.9970923018587812,15983
frailty29_trained_motion_detector,frailty29_trained_to_ptt22,window,one_vs_rest,0,332,0.024971836274877958,0.9731757643969237,0.9999412794750242,0.9970923018587812,15983
frailty29_trained_motion_detector,frailty29_trained_to_ptt22,window,one_vs_rest,0,333,0.0250657153586181,0.9731757643969237,0.9999409807533084,0.9970923018587812,15983
frailty29_trained_motion_detector,frailty29_trained_to_ptt22,window,one_vs_rest,0,334,0.0250657153586181,0.9735509285312324,0.9999407732138934,0.9970923018587812,15983
frailty29_trained_motion_detector,frailty29_trained_to_ptt22,window,one_vs_rest,0,335,0.025159594442358244,0.9735509285312324,0.9999407059658552,0.9970923018587812,15983
frailty29_trained_motion_detector,frailty29_trained_to_ptt22,window,one_vs_rest,0,336,0.025159594442358244,0.9737385105983868,0.9999405114758702,0.9970923018587812,15983
frailty29_trained_motion_detector,frailty29_trained_to_ptt22,window,one_vs_rest,0,337,0.025910627112279386,0.9737385105983868,0.9999378006832558,0.9970923018587812,15983
frailty29_trained_motion_detector,frailty29_trained_to_ptt22,window,one_vs_rest,0,338,0.025910627112279386,0.9739260926655412,0.999937285494525,0.9970923018587812,15983
frailty29_trained_motion_detector,frailty29_trained_to_ptt22,window,one_vs_rest,0,339,0.026004506196019527,0.9739260926655412,0.9999372279344243,0.9970923018587812,15983
frailty29_trained_motion_detector,frailty29_trained_to_ptt22,window,one_vs_rest,0,340,0.026004506196019527,0.9741136747326955,0.9999371781086666,0.9970923018587812,15983
frailty29_trained_motion_detector,frailty29_trained_to_ptt22,window,one_vs_rest,0,341,0.026380022530980096,0.9741136747326955,0.9999365144467447,0.9970923018587812,15983
frailty29_trained_motion_detector,frailty29_trained_to_ptt22,window,one_vs_rest,0,342,0.026380022530980096,0.9752391671356219,0.9999356971384259,0.9970923018587812,15983
frailty29_trained_motion_detector,frailty29_trained_to_ptt22,window,one_vs_rest,0,343,0.02647390161472024,0.9752391671356219,0.9999355786203523,0.9970923018587812,15983
frailty29_trained_motion_detector,frailty29_trained_to_ptt22,window,one_vs_rest,0,344,0.02647390161472024,0.9756143312699306,0.9999354377214331,0.9970923018587812,15983
frailty29_trained_motion_detector,frailty29_trained_to_ptt22,window,one_vs_rest,0,345,0.026567780698460382,0.9756143312699306,0.9999347435950767,0.9970923018587812,15983
frailty29_trained_motion_detector,frailty29_trained_to_ptt22,window,one_vs_rest,0,346,0.026567780698460382,0.9761770774713937,0.9999334851672756,0.9970923018587812,15983
frailty29_trained_motion_detector,frailty29_trained_to_ptt22,window,one_vs_rest,0,347,0.026661659782200527,0.9761770774713937,0.9999334761669161,0.9970923018587812,15983
frailty29_trained_motion_detector,frailty29_trained_to_ptt22,window,one_vs_rest,0,348,0.026661659782200527,0.9763646595385481,0.999933282204438,0.9970923018587812,15983
frailty29_trained_motion_detector,frailty29_trained_to_ptt22,window,one_vs_rest,0,349,0.02684941794968081,0.9763646595385481,0.9999327247132896,0.9970923018587812,15983
frailty29_trained_motion_detector,frailty29_trained_to_ptt22,window,one_vs_rest,0,350,0.02684941794968081,0.9767398236728568,0.9999322135918192,0.9970923018587812,15983
frailty29_trained_motion_detector,frailty29_trained_to_ptt22,window,one_vs_rest,0,351,0.027037176117161096,0.9767398236728568,0.9999320708448067,0.9970923018587812,15983
frailty29_trained_motion_detector,frailty29_trained_to_ptt22,window,one_vs_rest,0,352,0.027037176117161096,0.9771149878071657,0.9999317063338822,0.9970923018587812,15983
frailty29_trained_motion_detector,frailty29_trained_to_ptt22,window,one_vs_rest,0,353,0.02750657153586181,0.9771149878071657,0.9999310156563297,0.9970923018587812,15983
frailty29_trained_motion_detector,frailty29_trained_to_ptt22,window,one_vs_rest,0,354,0.02750657153586181,0.9776777340086288,0.9999305338933482,0.9970923018587812,15983
frailty29_trained_motion_detector,frailty29_trained_to_ptt22,window,one_vs_rest,0,355,0.02760045061960195,0.9776777340086288,0.9999301582065527,0.9970923018587812,15983
frailty29_trained_motion_detector,frailty29_trained_to_ptt22,window,one_vs_rest,0,356,0.02760045061960195,0.9778653160757832,0.999929850368062,0.9970923018587812,15983
frailty29_trained_motion_detector,frailty29_trained_to_ptt22,window,one_vs_rest,0,357,0.027694329703342097,0.9778653160757832,0.9999288222170435,0.9970923018587812,15983
frailty29_trained_motion_detector,frailty29_trained_to_ptt22,window,one_vs_rest,0,358,0.027694329703342097,0.9780528981429375,0.9999287987302523,0.9970923018587812,15983
frailty29_trained_motion_detector,frailty29_trained_to_ptt22,window,one_vs_rest,0,359,0.027975966954562524,0.9780528981429375,0.9999281688578776,0.9970923018587812,15983
frailty29_trained_motion_detector,frailty29_trained_to_ptt22,window,one_vs_rest,0,360,0.027975966954562524,0.9784280622772463,0.999927544464299,0.9970923018587812,15983
frailty29_trained_motion_detector,frailty29_trained_to_ptt22,window,one_vs_rest,0,361,0.028351483289523093,0.9784280622772463,0.9999263963763951,0.9970923018587812,15983
frailty29_trained_motion_detector,frailty29_trained_to_ptt22,window,one_vs_rest,0,362,0.028351483289523093,0.9786156443444006,0.9999261348129949,0.9970923018587812,15983
frailty29_trained_motion_detector,frailty29_trained_to_ptt22,window,one_vs_rest,0,363,0.02853924145700338,0.9786156443444006,0.9999260618060362,0.9970923018587812,15983
frailty29_trained_motion_detector,frailty29_trained_to_ptt22,window,one_vs_rest,0,364,0.02853924145700338,0.978803226411555,0.9999259486212395,0.9970923018587812,15983
frailty29_trained_motion_detector,frailty29_trained_to_ptt22,window,one_vs_rest,0,365,0.028726999624483666,0.978803226411555,0.9999258368916344,0.9970923018587812,15983
frailty29_trained_motion_detector,frailty29_trained_to_ptt22,window,one_vs_rest,0,366,0.028726999624483666,0.9789908084787095,0.9999256896408042,0.9970923018587812,15983
frailty29_trained_motion_detector,frailty29_trained_to_ptt22,window,one_vs_rest,0,367,0.028820878708223807,0.9789908084787095,0.9999256456285366,0.9970923018587812,15983
frailty29_trained_motion_detector,frailty29_trained_to_ptt22,window,one_vs_rest,0,368,0.028820878708223807,0.9791783905458639,0.9999252574052662,0.9970923018587812,15983
frailty29_trained_motion_detector,frailty29_trained_to_ptt22,window,one_vs_rest,0,369,0.029102515959444235,0.9791783905458639,0.9999244943901431,0.9970923018587812,15983
frailty29_trained_motion_detector,frailty29_trained_to_ptt22,window,one_vs_rest,0,370,0.029102515959444235,0.9793659726130182,0.9999244872597046,0.9970923018587812,15983
frailty29_trained_motion_detector,frailty29_trained_to_ptt22,window,one_vs_rest,0,371,0.02957191137814495,0.9793659726130182,0.9999222949772957,0.9970923018587812,15983
frailty29_trained_motion_detector,frailty29_trained_to_ptt22,window,one_vs_rest,0,372,0.02957191137814495,0.9795535546801726,0.9999221693506115,0.9970923018587812,15983
frailty29_trained_motion_detector,frailty29_trained_to_ptt22,window,one_vs_rest,0,373,0.02994742771310552,0.9795535546801726,0.9999204446648946,0.9970923018587812,15983
frailty29_trained_motion_detector,frailty29_trained_to_ptt22,window,one_vs_rest,0,374,0.02994742771310552,0.9799287188144813,0.9999196632415988,0.9970923018587812,15983
frailty29_trained_motion_detector,frailty29_trained_to_ptt22,window,one_vs_rest,0,375,0.030698460383026663,0.9799287188144813,0.9999170414157561,0.9970923018587812,15983
frailty29_trained_motion_detector,frailty29_trained_to_ptt22,window,one_vs_rest,0,376,0.030698460383026663,0.9803038829487901,0.999916448687145,0.9970923018587812,15983
frailty29_trained_motion_detector,frailty29_trained_to_ptt22,window,one_vs_rest,0,377,0.030792339466766804,0.9803038829487901,0.9999163591637625,0.9970923018587812,15983
frailty29_trained_motion_detector,frailty29_trained_to_ptt22,window,one_vs_rest,0,378,0.030792339466766804,0.9804914650159445,0.9999159410581342,0.9970923018587812,15983
frailty29_trained_motion_detector,frailty29_trained_to_ptt22,window,one_vs_rest,0,379,0.03098009763424709,0.9804914650159445,0.9999155420518946,0.9970923018587812,15983
frailty29_trained_motion_detector,frailty29_trained_to_ptt22,window,one_vs_rest,0,380,0.03098009763424709,0.9806790470830988,0.9999154831530177,0.9970923018587812,15983
frailty29_trained_motion_detector,frailty29_trained_to_ptt22,window,one_vs_rest,0,381,0.03135561396920766,0.9806790470830988,0.9999148286296986,0.9970923018587812,15983
frailty29_trained_motion_detector,frailty29_trained_to_ptt22,window,one_vs_rest,0,382,0.03135561396920766,0.9810542112174077,0.9999143609893508,0.9970923018587812,15983
frailty29_trained_motion_detector,frailty29_trained_to_ptt22,window,one_vs_rest,0,383,0.0314494930529478,0.9810542112174077,0.999914319079835,0.9970923018587812,15983
frailty29_trained_motion_detector,frailty29_trained_to_ptt22,window,one_vs_rest,0,384,0.0314494930529478,0.9814293753517164,0.9999136817132239,0.9970923018587812,15983
frailty29_trained_motion_detector,frailty29_trained_to_ptt22,window,one_vs_rest,0,385,0.0321066466391288,0.9814293753517164,0.9999108160627657,0.9970923018587812,15983
frailty29_trained_motion_detector,frailty29_trained_to_ptt22,window,one_vs_rest,0,386,0.0321066466391288,0.9821797036203339,0.9999104486705619,0.9970923018587812,15983
frailty29_trained_motion_detector,frailty29_trained_to_ptt22,window,one_vs_rest,0,387,0.032200525722868946,0.9821797036203339,0.9999096685423865,0.9970923018587812,15983
frailty29_trained_motion_detector,frailty29_trained_to_ptt22,window,one_vs_rest,0,388,0.032200525722868946,0.9825548677546426,0.9999089004704729,0.9970923018587812,15983
frailty29_trained_motion_detector,frailty29_trained_to_ptt22,window,one_vs_rest,0,389,0.032482162974089374,0.9825548677546426,0.9999069660989335,0.9970923018587812,15983
frailty29_trained_motion_detector,frailty29_trained_to_ptt22,window,one_vs_rest,0,390,0.032482162974089374,0.9829300318889514,0.9999062542774482,0.9970923018587812,15983
frailty29_trained_motion_detector,frailty29_trained_to_ptt22,window,one_vs_rest,0,391,0.03257604205782952,0.9829300318889514,0.9999059398833197,0.9970923018587812,15983
frailty29_trained_motion_detector,frailty29_trained_to_ptt22,window,one_vs_rest,0,392,0.03257604205782952,0.9831176139561058,0.9999055287335068,0.9970923018587812,15983
frailty29_trained_motion_detector,frailty29_trained_to_ptt22,window,one_vs_rest,0,393,0.033139316560270374,0.9831176139561058,0.9999031154729892,0.9970923018587812,15983
frailty29_trained_motion_detector,frailty29_trained_to_ptt22,window,one_vs_rest,0,394,0.033139316560270374,0.9833051960232602,0.9999027014346211,0.9970923018587812,15983
frailty29_trained_motion_detector,frailty29_trained_to_ptt22,window,one_vs_rest,0,395,0.03323319564401051,0.9833051960232602,0.9999025602010079,0.9970923018587812,15983
frailty29_trained_motion_detector,frailty29_trained_to_ptt22,window,one_vs_rest,0,396,0.03323319564401051,0.9834927780904146,0.9999023474665591,0.9970923018587812,15983
frailty29_trained_motion_detector,frailty29_trained_to_ptt22,window,one_vs_rest,0,397,0.033608711978971084,0.9834927780904146,0.999901024675637,0.9970923018587812,15983
frailty29_trained_motion_detector,frailty29_trained_to_ptt22,window,one_vs_rest,0,398,0.033608711978971084,0.983680360157569,0.9999001061732997,0.9970923018587812,15983
frailty29_trained_motion_detector,frailty29_trained_to_ptt22,window,one_vs_rest,0,399,0.033796470146451374,0.983680360157569,0.9998986567152315,0.9970923018587812,15983
frailty29_trained_motion_detector,frailty29_trained_to_ptt22,window,one_vs_rest,0,400,0.033796470146451374,0.9838679422247233,0.9998980493692216,0.9970923018587812,15983
frailty29_trained_motion_detector,frailty29_trained_to_ptt22,window,one_vs_rest,0,401,0.03389034923019151,0.9838679422247233,0.9998977012146497,0.9970923018587812,15983
frailty29_trained_motion_detector,frailty29_trained_to_ptt22,window,one_vs_rest,0,402,0.03389034923019151,0.9840555242918777,0.9998962584213587,0.9970923018587812,15983
frailty29_trained_motion_detector,frailty29_trained_to_ptt22,window,one_vs_rest,0,403,0.0340781073976718,0.9840555242918777,0.999896073662967,0.9970923018587812,15983
frailty29_trained_motion_detector,frailty29_trained_to_ptt22,window,one_vs_rest,0,404,0.0340781073976718,0.9846182704933408,0.9998953991889721,0.9970923018587812,15983
frailty29_trained_motion_detector,frailty29_trained_to_ptt22,window,one_vs_rest,0,405,0.034265865565152084,0.9846182704933408,0.999893510939728,0.9970923018587812,15983
frailty29_trained_motion_detector,frailty29_trained_to_ptt22,window,one_vs_rest,0,406,0.034265865565152084,0.9848058525604952,0.9998933153838152,0.9970923018587812,15983
frailty29_trained_motion_detector,frailty29_trained_to_ptt22,window,one_vs_rest,0,407,0.03445362373263237,0.9848058525604952,0.9998917402554071,0.9970923018587812,15983
frailty29_trained_motion_detector,frailty29_trained_to_ptt22,window,one_vs_rest,0,408,0.03445362373263237,0.9849934346276495,0.9998910312060616,0.9970923018587812,15983
frailty29_trained_motion_detector,frailty29_trained_to_ptt22,window,one_vs_rest,0,409,0.03464138190011266,0.9849934346276495,0.9998885828026687,0.9970923018587812,15983
frailty29_trained_motion_detector,frailty29_trained_to_ptt22,window,one_vs_rest,0,410,0.03464138190011266,0.985181016694804,0.9998881239662296,0.9970923018587812,15983
frailty29_trained_motion_detector,frailty29_trained_to_ptt22,window,one_vs_rest,0,411,0.03482914006759294,0.985181016694804,0.9998875110104564,0.9970923018587812,15983
frailty29_trained_motion_detector,frailty29_trained_to_ptt22,window,one_vs_rest,0,412,0.03482914006759294,0.9855561808291128,0.9998865068409941,0.9970923018587812,15983
frailty29_trained_motion_detector,frailty29_trained_to_ptt22,window,one_vs_rest,0,413,0.03520465640255351,0.9855561808291128,0.9998852853968856,0.9970923018587812,15983
frailty29_trained_motion_detector,frailty29_trained_to_ptt22,window,one_vs_rest,0,414,0.03520465640255351,0.9857437628962671,0.9998846361995675,0.9970923018587812,15983
frailty29_trained_motion_detector,frailty29_trained_to_ptt22,window,one_vs_rest,0,415,0.035580172737514085,0.9857437628962671,0.9998832056880929,0.9970923018587812,15983
frailty29_trained_motion_detector,frailty29_trained_to_ptt22,window,one_vs_rest,0,416,0.035580172737514085,0.9859313449634215,0.9998826856535743,0.9970923018587812,15983
frailty29_trained_motion_detector,frailty29_trained_to_ptt22,window,one_vs_rest,0,417,0.03576793090499437,0.9859313449634215,0.9998815382568864,0.9970923018587812,15983
frailty29_trained_motion_detector,frailty29_trained_to_ptt22,window,one_vs_rest,0,418,0.03576793090499437,0.9863065090977302,0.999881404437474,0.9970923018587812,15983
frailty29_trained_motion_detector,frailty29_trained_to_ptt22,window,one_vs_rest,0,419,0.03623732632369508,0.9863065090977302,0.9998803849957767,0.9970923018587812,15983
frailty29_trained_motion_detector,frailty29_trained_to_ptt22,window,one_vs_rest,0,420,0.03623732632369508,0.9864940911648846,0.9998799136883463,0.9970923018587812,15983
frailty29_trained_motion_detector,frailty29_trained_to_ptt22,window,one_vs_rest,0,421,0.03642508449117537,0.9864940911648846,0.9998793647391722,0.9970923018587812,15983
frailty29_trained_motion_detector,frailty29_trained_to_ptt22,window,one_vs_rest,0,422,0.03642508449117537,0.986681673232039,0.9998786212963751,0.9970923018587812,15983
frailty29_trained_motion_detector,frailty29_trained_to_ptt22,window,one_vs_rest,0,423,0.03689447990987608,0.986681673232039,0.9998772895050934,0.9970923018587812,15983
frailty29_trained_motion_detector,frailty29_trained_to_ptt22,window,one_vs_rest,0,424,0.03689447990987608,0.9868692552991934,0.9998772642284166,0.9970923018587812,15983
frailty29_trained_motion_detector,frailty29_trained_to_ptt22,window,one_vs_rest,0,425,0.037176117161096506,0.9868692552991934,0.9998764778138138,0.9970923018587812,15983
frailty29_trained_motion_detector,frailty29_trained_to_ptt22,window,one_vs_rest,0,426,0.037176117161096506,0.9872444194335022,0.999876286383369,0.9970923018587812,15983
frailty29_trained_motion_detector,frailty29_trained_to_ptt22,window,one_vs_rest,0,427,0.03726999624483665,0.9872444194335022,0.9998760201997356,0.9970923018587812,15983
frailty29_trained_motion_detector,frailty29_trained_to_ptt22,window,one_vs_rest,0,428,0.03726999624483665,0.9874320015006566,0.999875682318816,0.9970923018587812,15983
frailty29_trained_motion_detector,frailty29_trained_to_ptt22,window,one_vs_rest,0,429,0.037363875328576795,0.9874320015006566,0.9998756417771801,0.9970923018587812,15983
frailty29_trained_motion_detector,frailty29_trained_to_ptt22,window,one_vs_rest,0,430,0.037363875328576795,0.9876195835678109,0.999875348774367,0.9970923018587812,15983
frailty29_trained_motion_detector,frailty29_trained_to_ptt22,window,one_vs_rest,0,431,0.03764551257979722,0.9876195835678109,0.9998750958184246,0.9970923018587812,15983
frailty29_trained_motion_detector,frailty29_trained_to_ptt22,window,one_vs_rest,0,432,0.03764551257979722,0.9878071656349653,0.9998748282669112,0.9970923018587812,15983
frailty29_trained_motion_detector,frailty29_trained_to_ptt22,window,one_vs_rest,0,433,0.037833270747277506,0.9878071656349653,0.9998744093318237,0.9970923018587812,15983
frailty29_trained_motion_detector,frailty29_trained_to_ptt22,window,one_vs_rest,0,434,0.037833270747277506,0.9879947477021197,0.9998743755568285,0.9970923018587812,15983
frailty29_trained_motion_detector,frailty29_trained_to_ptt22,window,one_vs_rest,0,435,0.03895981975215922,0.9879947477021197,0.999870936415391,0.9970923018587812,15983
frailty29_trained_motion_detector,frailty29_trained_to_ptt22,window,one_vs_rest,0,436,0.03895981975215922,0.988182329769274,0.999870717903832,0.9970923018587812,15983
frailty29_trained_motion_detector,frailty29_trained_to_ptt22,window,one_vs_rest,0,437,0.039804731505820506,0.988182329769274,0.9998687284678454,0.9970923018587812,15983
frailty29_trained_motion_detector,frailty29_trained_to_ptt22,window,one_vs_rest,0,438,0.039804731505820506,0.9883699118364284,0.9998680814751424,0.9970923018587812,15983
frailty29_trained_motion_detector,frailty29_trained_to_ptt22,window,one_vs_rest,0,439,0.040555764175741645,0.9883699118364284,0.9998648685286753,0.9970923018587812,15983
frailty29_trained_motion_detector,frailty29_trained_to_ptt22,window,one_vs_rest,0,440,0.040555764175741645,0.9885574939035828,0.9998639619734604,0.9970923018587812,15983
frailty29_trained_motion_detector,frailty29_trained_to_ptt22,window,one_vs_rest,0,441,0.04130679684566279,0.9885574939035828,0.9998621265112888,0.9970923018587812,15983
frailty29_trained_motion_detector,frailty29_trained_to_ptt22,window,one_vs_rest,0,442,0.04130679684566279,0.9887450759707372,0.9998616852681153,0.9970923018587812,15983
frailty29_trained_motion_detector,frailty29_trained_to_ptt22,window,one_vs_rest,0,443,0.04140067592940293,0.9887450759707372,0.9998615273070754,0.9970923018587812,15983
frailty29_trained_motion_detector,frailty29_trained_to_ptt22,window,one_vs_rest,0,444,0.04140067592940293,0.989120240105046,0.9998613428615499,0.9970923018587812,15983
frailty29_trained_motion_detector,frailty29_trained_to_ptt22,window,one_vs_rest,0,445,0.042339466766804355,0.989120240105046,0.9998578354570782,0.9970923018587812,15983
frailty29_trained_motion_detector,frailty29_trained_to_ptt22,window,one_vs_rest,0,446,0.042339466766804355,0.9893078221722004,0.9998578340891981,0.9970923018587812,15983
frailty29_trained_motion_detector,frailty29_trained_to_ptt22,window,one_vs_rest,0,447,0.0424333458505445,0.9893078221722004,0.9998573134071194,0.9970923018587812,15983
frailty29_trained_motion_detector,frailty29_trained_to_ptt22,window,one_vs_rest,0,448,0.0424333458505445,0.9894954042393547,0.9998572795157088,0.9970923018587812,15983
frailty29_trained_motion_detector,frailty29_trained_to_ptt22,window,one_vs_rest,0,449,0.04421704844160721,0.9894954042393547,0.9998481807851931,0.9970923018587812,15983
frailty29_trained_motion_detector,frailty29_trained_to_ptt22,window,one_vs_rest,0,450,0.04421704844160721,0.9896829863065091,0.9998476912878687,0.9970923018587812,15983
frailty29_trained_motion_detector,frailty29_trained_to_ptt22,window,one_vs_rest,0,451,0.044310927525347356,0.9896829863065091,0.9998475567408605,0.9970923018587812,15983
frailty29_trained_motion_detector,frailty29_trained_to_ptt22,window,one_vs_rest,0,452,0.044310927525347356,0.9898705683736635,0.9998474690655712,0.9970923018587812,15983
frailty29_trained_motion_detector,frailty29_trained_to_ptt22,window,one_vs_rest,0,453,0.044592564776567784,0.9898705683736635,0.9998454881861107,0.9970923018587812,15983
frailty29_trained_motion_detector,frailty29_trained_to_ptt22,window,one_vs_rest,0,454,0.044592564776567784,0.9900581504408179,0.999844775229576,0.9970923018587812,15983
frailty29_trained_motion_detector,frailty29_trained_to_ptt22,window,one_vs_rest,0,455,0.04468644386030792,0.9900581504408179,0.9998446203389904,0.9970923018587812,15983
frailty29_trained_motion_detector,frailty29_trained_to_ptt22,window,one_vs_rest,0,456,0.04468644386030792,0.9902457325079722,0.9998444946395466,0.9970923018587812,15983
frailty29_trained_motion_detector,frailty29_trained_to_ptt22,window,one_vs_rest,0,457,0.045719113781449494,0.9902457325079722,0.9998395336151589,0.9970923018587812,15983
frailty29_trained_motion_detector,frailty29_trained_to_ptt22,window,one_vs_rest,0,458,0.045719113781449494,0.9904333145751266,0.9998390900436789,0.9970923018587812,15983
frailty29_trained_motion_detector,frailty29_trained_to_ptt22,window,one_vs_rest,0,459,0.04675178370259106,0.9904333145751266,0.9998336484131869,0.9970923018587812,15983
frailty29_trained_motion_detector,frailty29_trained_to_ptt22,window,one_vs_rest,0,460,0.04675178370259106,0.990620896642281,0.999833232461242,0.9970923018587812,15983
frailty29_trained_motion_detector,frailty29_trained_to_ptt22,window,one_vs_rest,0,461,0.04703342095381149,0.990620896642281,0.9998306554771261,0.9970923018587812,15983
frailty29_trained_motion_detector,frailty29_trained_to_ptt22,window,one_vs_rest,0,462,0.04703342095381149,0.9908084787094353,0.9998305011977209,0.9970923018587812,15983
frailty29_trained_motion_detector,frailty29_trained_to_ptt22,window,one_vs_rest,0,463,0.04759669545625235,0.9908084787094353,0.9998260811553337,0.9970923018587812,15983
frailty29_trained_motion_detector,frailty29_trained_to_ptt22,window,one_vs_rest,0,464,0.04759669545625235,0.9911836428437442,0.9998224791197572,0.9970923018587812,15983
frailty29_trained_motion_detector,frailty29_trained_to_ptt22,window,one_vs_rest,0,465,0.04769057453999249,0.9911836428437442,0.9998224594892235,0.9970923018587812,15983
frailty29_trained_motion_detector,frailty29_trained_to_ptt22,window,one_vs_rest,0,466,0.04769057453999249,0.9913712249108985,0.9998211713245837,0.9970923018587812,15983
frailty29_trained_motion_detector,frailty29_trained_to_ptt22,window,one_vs_rest,0,467,0.04778445362373263,0.9913712249108985,0.9998205416923156,0.9970923018587812,15983
frailty29_trained_motion_detector,frailty29_trained_to_ptt22,window,one_vs_rest,0,468,0.04778445362373263,0.9915588069780529,0.999819427204784,0.9970923018587812,15983
frailty29_trained_motion_detector,frailty29_trained_to_ptt22,window,one_vs_rest,0,469,0.04956815621479534,0.9915588069780529,0.9998102567187743,0.9970923018587812,15983
frailty29_trained_motion_detector,frailty29_trained_to_ptt22,window,one_vs_rest,0,470,0.04956815621479534,0.9917463890452073,0.9998097614297876,0.9970923018587812,15983
frailty29_trained_motion_detector,frailty29_trained_to_ptt22,window,one_vs_rest,0,471,0.050413067968456626,0.9917463890452073,0.9998000343912281,0.9970923018587812,15983
frailty29_trained_motion_detector,frailty29_trained_to_ptt22,window,one_vs_rest,0,472,0.050413067968456626,0.9919339711123617,0.9997998717008159,0.9970923018587812,15983
frailty29_trained_motion_detector,frailty29_trained_to_ptt22,window,one_vs_rest,0,473,0.05050694705219677,0.9919339711123617,0.9997992055868963,0.9970923018587812,15983
frailty29_trained_motion_detector,frailty29_trained_to_ptt22,window,one_vs_rest,0,474,0.05050694705219677,0.992121553179516,0.9997991628770251,0.9970923018587812,15983
frailty29_trained_motion_detector,frailty29_trained_to_ptt22,window,one_vs_rest,0,475,0.0507885843034172,0.992121553179516,0.999794070768985,0.9970923018587812,15983
frailty29_trained_motion_detector,frailty29_trained_to_ptt22,window,one_vs_rest,0,476,0.0507885843034172,0.9923091352466704,0.9997939193126513,0.9970923018587812,15983
frailty29_trained_motion_detector,frailty29_trained_to_ptt22,window,one_vs_rest,0,477,0.05341719864814119,0.9923091352466704,0.9997593493026216,0.9970923018587812,15983
frailty29_trained_motion_detector,frailty29_trained_to_ptt22,window,one_vs_rest,0,478,0.05341719864814119,0.9924967173138248,0.9997588279220508,0.9970923018587812,15983
frailty29_trained_motion_detector,frailty29_trained_to_ptt22,window,one_vs_rest,0,479,0.05351107773188134,0.9924967173138248,0.9997582348587457,0.9970923018587812,15983
frailty29_trained_motion_detector,frailty29_trained_to_ptt22,window,one_vs_rest,0,480,0.05351107773188134,0.9926842993809791,0.9997562489734264,0.9970923018587812,15983
frailty29_trained_motion_detector,frailty29_trained_to_ptt22,window,one_vs_rest,0,481,0.053792714983101765,0.9926842993809791,0.9997557387687266,0.9970923018587812,15983
frailty29_trained_motion_detector,frailty29_trained_to_ptt22,window,one_vs_rest,0,482,0.053792714983101765,0.9928718814481335,0.999754335556645,0.9970923018587812,15983
frailty29_trained_motion_detector,frailty29_trained_to_ptt22,window,one_vs_rest,0,483,0.05398047315058205,0.9928718814481335,0.9997537403833121,0.9970923018587812,15983
frailty29_trained_motion_detector,frailty29_trained_to_ptt22,window,one_vs_rest,0,484,0.05398047315058205,0.9932470455824424,0.99974742467748,0.9970923018587812,15983
frailty29_trained_motion_detector,frailty29_trained_to_ptt22,window,one_vs_rest,0,485,0.05416823131806234,0.9932470455824424,0.9997458809230011,0.9970923018587812,15983
frailty29_trained_motion_detector,frailty29_trained_to_ptt22,window,one_vs_rest,0,486,0.05416823131806234,0.9934346276495967,0.99974552061758,0.9970923018587812,15983
frailty29_trained_motion_detector,frailty29_trained_to_ptt22,window,one_vs_rest,0,487,0.05435598948554262,0.9934346276495967,0.9997427059861366,0.9970923018587812,15983
frailty29_trained_motion_detector,frailty29_trained_to_ptt22,window,one_vs_rest,0,488,0.05435598948554262,0.9936222097167511,0.9997415578109212,0.9970923018587812,15983
frailty29_trained_motion_detector,frailty29_trained_to_ptt22,window,one_vs_rest,0,489,0.0545437476530229,0.9936222097167511,0.9997400845459197,0.9970923018587812,15983
frailty29_trained_motion_detector,frailty29_trained_to_ptt22,window,one_vs_rest,0,490,0.0545437476530229,0.9938097917839055,0.9997395428072196,0.9970923018587812,15983
frailty29_trained_motion_detector,frailty29_trained_to_ptt22,window,one_vs_rest,0,491,0.05463762673676305,0.9938097917839055,0.9997395380632952,0.9970923018587812,15983
frailty29_trained_motion_detector,frailty29_trained_to_ptt22,window,one_vs_rest,0,492,0.05463762673676305,0.9939973738510598,0.9997370829805732,0.9970923018587812,15983
frailty29_trained_motion_detector,frailty29_trained_to_ptt22,window,one_vs_rest,0,493,0.05482538490424334,0.9939973738510598,0.9997363263682928,0.9970923018587812,15983
frailty29_trained_motion_detector,frailty29_trained_to_ptt22,window,one_vs_rest,0,494,0.05482538490424334,0.9941849559182142,0.9997355532250367,0.9970923018587812,15983
frailty29_trained_motion_detector,frailty29_trained_to_ptt22,window,one_vs_rest,0,495,0.055107022155463765,0.9941849559182142,0.9997332605707925,0.9970923018587812,15983
frailty29_trained_motion_detector,frailty29_trained_to_ptt22,window,one_vs_rest,0,496,0.055107022155463765,0.9943725379853686,0.9997290234605316,0.9970923018587812,15983
frailty29_trained_motion_detector,frailty29_trained_to_ptt22,window,one_vs_rest,0,497,0.0552009012392039,0.9943725379853686,0.999727386777522,0.9970923018587812,15983
frailty29_trained_motion_detector,frailty29_trained_to_ptt22,window,one_vs_rest,0,498,0.0552009012392039,0.994560120052523,0.9997268510924187,0.9970923018587812,15983
frailty29_trained_motion_detector,frailty29_trained_to_ptt22,window,one_vs_rest,0,499,0.05567029665790462,0.994560120052523,0.9997226832783781,0.9970923018587812,15983
frailty29_trained_motion_detector,frailty29_trained_to_ptt22,window,one_vs_rest,0,500,0.05567029665790462,0.9947477021196773,0.9997226362174843,0.9970923018587812,15983
frailty29_trained_motion_detector,frailty29_trained_to_ptt22,window,one_vs_rest,0,501,0.056233571160345476,0.9947477021196773,0.9997204635874368,0.9970923018587812,15983
frailty29_trained_motion_detector,frailty29_trained_to_ptt22,window,one_vs_rest,0,502,0.056233571160345476,0.9949352841868317,0.9997165890817996,0.9970923018587812,15983
frailty29_trained_motion_detector,frailty29_trained_to_ptt22,window,one_vs_rest,0,503,0.05632745024408562,0.9949352841868317,0.9997165398963261,0.9970923018587812,15983
frailty29_trained_motion_detector,frailty29_trained_to_ptt22,window,one_vs_rest,0,504,0.05632745024408562,0.9951228662539862,0.9997150083072484,0.9970923018587812,15983
frailty29_trained_motion_detector,frailty29_trained_to_ptt22,window,one_vs_rest,0,505,0.05679684566278633,0.9951228662539862,0.999709290888859,0.9970923018587812,15983
frailty29_trained_motion_detector,frailty29_trained_to_ptt22,window,one_vs_rest,0,506,0.05679684566278633,0.9953104483211405,0.9997089655953459,0.9970923018587812,15983
frailty29_trained_motion_detector,frailty29_trained_to_ptt22,window,one_vs_rest,0,507,0.05811115283514833,0.9953104483211405,0.9996916063828394,0.9970923018587812,15983
frailty29_trained_motion_detector,frailty29_trained_to_ptt22,window,one_vs_rest,0,508,0.05811115283514833,0.9954980303882949,0.9996905891748611,0.9970923018587812,15983
frailty29_trained_motion_detector,frailty29_trained_to_ptt22,window,one_vs_rest,0,509,0.058768306421329325,0.9954980303882949,0.9996771642472595,0.9970923018587812,15983
frailty29_trained_motion_detector,frailty29_trained_to_ptt22,window,one_vs_rest,0,510,0.058768306421329325,0.9956856124554493,0.9996766843833029,0.9970923018587812,15983
frailty29_trained_motion_detector,frailty29_trained_to_ptt22,window,one_vs_rest,0,511,0.05933158092377019,0.9956856124554493,0.9996674692956731,0.9970923018587812,15983
frailty29_trained_motion_detector,frailty29_trained_to_ptt22,window,one_vs_rest,0,512,0.05933158092377019,0.9958731945226036,0.9996659629105125,0.9970923018587812,15983
frailty29_trained_motion_detector,frailty29_trained_to_ptt22,window,one_vs_rest,0,513,0.05951933909125047,0.9958731945226036,0.9996646335930564,0.9970923018587812,15983
frailty29_trained_motion_detector,frailty29_trained_to_ptt22,window,one_vs_rest,0,514,0.05951933909125047,0.996060776589758,0.9996617340075318,0.9970923018587812,15983
frailty29_trained_motion_detector,frailty29_trained_to_ptt22,window,one_vs_rest,0,515,0.05989485542621104,0.996060776589758,0.999656121537555,0.9970923018587812,15983
frailty29_trained_motion_detector,frailty29_trained_to_ptt22,window,one_vs_rest,0,516,0.05989485542621104,0.9962483586569124,0.9996548828494269,0.9970923018587812,15983
frailty29_trained_motion_detector,frailty29_trained_to_ptt22,window,one_vs_rest,0,517,0.06261734885467518,0.9962483586569124,0.9996171444072388,0.9970923018587812,15983
frailty29_trained_motion_detector,frailty29_trained_to_ptt22,window,one_vs_rest,0,518,0.06261734885467518,0.9964359407240668,0.9996157386922278,0.9970923018587812,15983
frailty29_trained_motion_detector,frailty29_trained_to_ptt22,window,one_vs_rest,0,519,0.0635561396920766,0.9964359407240668,0.9996101079741493,0.9970923018587812,15983
frailty29_trained_motion_detector,frailty29_trained_to_ptt22,window,one_vs_rest,0,520,0.0635561396920766,0.9966235227912211,0.999609531078022,0.9970923018587812,15983
frailty29_trained_motion_detector,frailty29_trained_to_ptt22,window,one_vs_rest,0,521,0.06393165602703718,0.9966235227912211,0.9996025651344098,0.9970923018587812,15983
frailty29_trained_motion_detector,frailty29_trained_to_ptt22,window,one_vs_rest,0,522,0.06393165602703718,0.9968111048583755,0.9996004733548034,0.9970923018587812,15983
frailty29_trained_motion_detector,frailty29_trained_to_ptt22,window,one_vs_rest,0,523,0.06571535861809989,0.9968111048583755,0.9995758731965907,0.9970923018587812,15983
frailty29_trained_motion_detector,frailty29_trained_to_ptt22,window,one_vs_rest,0,524,0.06571535861809989,0.99699868692553,0.9995752263639588,0.9970923018587812,15983
frailty29_trained_motion_detector,frailty29_trained_to_ptt22,window,one_vs_rest,0,525,0.06702966579046188,0.99699868692553,0.9995635976083577,0.9970923018587812,15983
frailty29_trained_motion_detector,frailty29_trained_to_ptt22,window,one_vs_rest,0,526,0.06702966579046188,0.9973738510598387,0.9995625824376475,0.9970923018587812,15983
frailty29_trained_motion_detector,frailty29_trained_to_ptt22,window,one_vs_rest,0,527,0.06993991738640631,0.9973738510598387,0.9995312395622022,0.9970923018587812,15983
frailty29_trained_motion_detector,frailty29_trained_to_ptt22,window,one_vs_rest,0,528,0.06993991738640631,0.9975614331269931,0.9995305487245787,0.9970923018587812,15983
frailty29_trained_motion_detector,frailty29_trained_to_ptt22,window,one_vs_rest,0,529,0.07078482914006759,0.9975614331269931,0.9995199700642843,0.9970923018587812,15983
frailty29_trained_motion_detector,frailty29_trained_to_ptt22,window,one_vs_rest,0,530,0.07078482914006759,0.9977490151941475,0.9995177799137309,0.9970923018587812,15983
frailty29_trained_motion_detector,frailty29_trained_to_ptt22,window,one_vs_rest,0,531,0.07294404806609088,0.9977490151941475,0.9994858151185326,0.9970923018587812,15983
frailty29_trained_motion_detector,frailty29_trained_to_ptt22,window,one_vs_rest,0,532,0.07294404806609088,0.9979365972613018,0.9994846596382558,0.9970923018587812,15983
frailty29_trained_motion_detector,frailty29_trained_to_ptt22,window,one_vs_rest,0,533,0.07688696958317687,0.9979365972613018,0.999438239436131,0.9970923018587812,15983
frailty29_trained_motion_detector,frailty29_trained_to_ptt22,window,one_vs_rest,0,534,0.07688696958317687,0.9981241793284562,0.99943805008661,0.9970923018587812,15983
frailty29_trained_motion_detector,frailty29_trained_to_ptt22,window,one_vs_rest,0,535,0.08871573413443484,0.9981241793284562,0.9992812006967142,0.9970923018587812,15983
frailty29_trained_motion_detector,frailty29_trained_to_ptt22,window,one_vs_rest,0,536,0.08871573413443484,0.9983117613956106,0.9992802767083049,0.9970923018587812,15983
frailty29_trained_motion_detector,frailty29_trained_to_ptt22,window,one_vs_rest,0,537,0.0899361622230567,0.9983117613956106,0.9992648980696686,0.9970923018587812,15983
frailty29_trained_motion_detector,frailty29_trained_to_ptt22,window,one_vs_rest,0,538,0.0899361622230567,0.9984993434627649,0.9992637788527645,0.9970923018587812,15983
frailty29_trained_motion_detector,frailty29_trained_to_ptt22,window,one_vs_rest,0,539,0.10138941043935411,0.9984993434627649,0.9990701473434456,0.9970923018587812,15983
frailty29_trained_motion_detector,frailty29_trained_to_ptt22,window,one_vs_rest,0,540,0.10138941043935411,0.9986869255299193,0.9990692991414107,0.9970923018587812,15983
frailty29_trained_motion_detector,frailty29_trained_to_ptt22,window,one_vs_rest,0,541,0.10251595944423582,0.9986869255299193,0.9990501673310064,0.9970923018587812,15983
frailty29_trained_motion_detector,frailty29_trained_to_ptt22,window,one_vs_rest,0,542,0.10251595944423582,0.9988745075970737,0.9990494226221927,0.9970923018587812,15983
frailty29_trained_motion_detector,frailty29_trained_to_ptt22,window,one_vs_rest,0,543,0.11378144949305295,0.9988745075970737,0.9988284426508471,0.9970923018587812,15983
frailty29_trained_motion_detector,frailty29_trained_to_ptt22,window,one_vs_rest,0,544,0.11378144949305295,0.999062089664228,0.9988280374091119,0.9970923018587812,15983
frailty29_trained_motion_detector,frailty29_trained_to_ptt22,window,one_vs_rest,0,545,0.13143071723619978,0.999062089664228,0.9985175995389,0.9970923018587812,15983
frailty29_trained_motion_detector,frailty29_trained_to_ptt22,window,one_vs_rest,0,546,0.13143071723619978,0.9992496717313825,0.9985133719164878,0.9970923018587812,15983
frailty29_trained_motion_detector,frailty29_trained_to_ptt22,window,one_vs_rest,0,547,0.153304543747653,0.9992496717313825,0.9980149143375456,0.9970923018587812,15983
frailty29_trained_motion_detector,frailty29_trained_to_ptt22,window,one_vs_rest,0,548,0.153304543747653,0.9994372537985369,0.9980144079308957,0.9970923018587812,15983
frailty29_trained_motion_detector,frailty29_trained_to_ptt22,window,one_vs_rest,0,549,0.18653773939166354,0.9994372537985369,0.9967319746501744,0.9970923018587812,15983
frailty29_trained_motion_detector,frailty29_trained_to_ptt22,window,one_vs_rest,0,550,0.18653773939166354,0.9996248358656913,0.9967168141156435,0.9970923018587812,15983
frailty29_trained_motion_detector,frailty29_trained_to_ptt22,window,one_vs_rest,0,551,0.2170484416072099,0.9996248358656913,0.9943400891497731,0.9970923018587812,15983
frailty29_trained_motion_detector,frailty29_trained_to_ptt22,window,one_vs_rest,0,552,0.2170484416072099,0.9998124179328456,0.9943400379270315,0.9970923018587812,15983
frailty29_trained_motion_detector,frailty29_trained_to_ptt22,window,one_vs_rest,0,553,0.24286518963574916,0.9998124179328456,0.9908683756366372,0.9970923018587812,15983
frailty29_trained_motion_detector,frailty29_trained_to_ptt22,window,one_vs_rest,0,554,0.24286518963574916,1.0,0.9908658694475889,0.9970923018587812,15983
frailty29_trained_motion_detector,frailty29_trained_to_ptt22,window,one_vs_rest,0,555,0.5728501689823507,1.0,0.0005043745040893555,0.9970923018587812,15983
frailty29_trained_motion_detector,frailty29_trained_to_ptt22,window,one_vs_rest,0,556,0.573037927149831,1.0,0.0005022287368774414,0.9970923018587812,15983
frailty29_trained_motion_detector,frailty29_trained_to_ptt22,window,one_vs_rest,0,557,0.5772624859181374,1.0,0.00033164024353027344,0.9970923018587812,15983
frailty29_trained_motion_detector,frailty29_trained_to_ptt22,window,one_vs_rest,0,558,0.5774502440856177,1.0,0.00032889842987060547,0.9970923018587812,15983
frailty29_trained_motion_detector,frailty29_trained_to_ptt22,window,one_vs_rest,0,559,0.580923770184003,1.0,0.0002148747444152832,0.9970923018587812,15983
frailty29_trained_motion_detector,frailty29_trained_to_ptt22,window,one_vs_rest,0,560,0.5812054074352234,1.0,0.00021475553512573242,0.9970923018587812,15983
frailty29_trained_motion_detector,frailty29_trained_to_ptt22,window,one_vs_rest,0,561,0.5816748028539241,1.0,0.00018614530563354492,0.9970923018587812,15983
frailty29_trained_motion_detector,frailty29_trained_to_ptt22,window,one_vs_rest,0,562,0.5818625610214044,1.0,0.0001824498176574707,0.9970923018587812,15983
frailty29_trained_motion_detector,frailty29_trained_to_ptt22,window,one_vs_rest,0,563,0.5819564401051446,1.0,0.00018173456192016602,0.9970923018587812,15983
frailty29_trained_motion_detector,frailty29_trained_to_ptt22,window,one_vs_rest,0,564,0.5821441982726249,1.0,0.00018042325973510742,0.9970923018587812,15983
frailty29_trained_motion_detector,frailty29_trained_to_ptt22,window,one_vs_rest,0,565,0.5846789335336087,1.0,0.00014007091522216797,0.9970923018587812,15983
frailty29_trained_motion_detector,frailty29_trained_to_ptt22,window,one_vs_rest,0,566,0.584866691701089,1.0,0.00013899803161621094,0.9970923018587812,15983
frailty29_trained_motion_detector,frailty29_trained_to_ptt22,window,one_vs_rest,0,567,0.5862748779571911,1.0,0.00012314319610595703,0.9970923018587812,15983
frailty29_trained_motion_detector,frailty29_trained_to_ptt22,window,one_vs_rest,0,568,0.5864626361246714,1.0,0.0001220703125,0.9970923018587812,15983
frailty29_trained_motion_detector,frailty29_trained_to_ptt22,window,one_vs_rest,0,569,0.5898422831393165,1.0,8.678436279296875e-05,0.9970923018587812,15983
frailty29_trained_motion_detector,frailty29_trained_to_ptt22,window,one_vs_rest,0,570,0.5900300413067968,1.0,8.618831634521484e-05,0.9970923018587812,15983
frailty29_trained_motion_detector,frailty29_trained_to_ptt22,window,one_vs_rest,0,571,0.5911565903116786,1.0,7.748603820800781e-05,0.9970923018587812,15983
frailty29_trained_motion_detector,frailty29_trained_to_ptt22,window,one_vs_rest,0,572,0.5913443484791588,1.0,7.617473602294922e-05,0.9970923018587812,15983
frailty29_trained_motion_detector,frailty29_trained_to_ptt22,window,one_vs_rest,0,573,0.5939729628238828,1.0,6.079673767089844e-05,0.9970923018587812,15983
frailty29_trained_motion_detector,frailty29_trained_to_ptt22,window,one_vs_rest,0,574,0.5941607209913631,1.0,6.0439109802246094e-05,0.9970923018587812,15983
frailty29_trained_motion_detector,frailty29_trained_to_ptt22,window,one_vs_rest,0,575,0.5943484791588434,1.0,5.7697296142578125e-05,0.9970923018587812,15983
frailty29_trained_motion_detector,frailty29_trained_to_ptt22,window,one_vs_rest,0,576,0.5945362373263237,1.0,5.745887756347656e-05,0.9970923018587812,15983
frailty29_trained_motion_detector,frailty29_trained_to_ptt22,window,one_vs_rest,0,577,0.5946301164100638,1.0,5.698204040527344e-05,0.9970923018587812,15983
frailty29_trained_motion_detector,frailty29_trained_to_ptt22,window,one_vs_rest,0,578,0.5948178745775441,1.0,5.6862831115722656e-05,0.9970923018587812,15983
frailty29_trained_motion_detector,frailty29_trained_to_ptt22,window,one_vs_rest,0,579,0.5950056327450244,1.0,5.14984130859375e-05,0.9970923018587812,15983
frailty29_trained_motion_detector,frailty29_trained_to_ptt22,window,one_vs_rest,0,580,0.5951933909125047,1.0,5.137920379638672e-05,0.9970923018587812,15983
frailty29_trained_motion_detector,frailty29_trained_to_ptt22,window,one_vs_rest,0,581,0.5958505444986857,1.0,4.851818084716797e-05,0.9970923018587812,15983
frailty29_trained_motion_detector,frailty29_trained_to_ptt22,window,one_vs_rest,0,582,0.596038302666166,1.0,4.839897155761719e-05,0.9970923018587812,15983
frailty29_trained_motion_detector,frailty29_trained_to_ptt22,window,one_vs_rest,0,583,0.5963199399173864,1.0,4.649162292480469e-05,0.9970923018587812,15983
frailty29_trained_motion_detector,frailty29_trained_to_ptt22,window,one_vs_rest,0,584,0.5965076980848667,1.0,4.6133995056152344e-05,0.9970923018587812,15983
frailty29_trained_motion_detector,frailty29_trained_to_ptt22,window,one_vs_rest,0,585,0.5972587307547879,1.0,4.2557716369628906e-05,0.9970923018587812,15983
frailty29_trained_motion_detector,frailty29_trained_to_ptt22,window,one_vs_rest,0,586,0.5974464889222681,1.0,4.208087921142578e-05,0.9970923018587812,15983
frailty29_trained_motion_detector,frailty29_trained_to_ptt22,window,one_vs_rest,0,587,0.5975403680060083,1.0,4.184246063232422e-05,0.9970923018587812,15983
frailty29_trained_motion_detector,frailty29_trained_to_ptt22,window,one_vs_rest,0,588,0.5977281261734886,1.0,4.1365623474121094e-05,0.9970923018587812,15983
frailty29_trained_motion_detector,frailty29_trained_to_ptt22,window,one_vs_rest,0,589,0.598009763424709,1.0,4.088878631591797e-05,0.9970923018587812,15983
frailty29_trained_motion_detector,frailty29_trained_to_ptt22,window,one_vs_rest,0,590,0.5981975215921893,1.0,4.0531158447265625e-05,0.9970923018587812,15983
frailty29_trained_motion_detector,frailty29_trained_to_ptt22,window,one_vs_rest,0,591,0.5985730379271498,1.0,3.9458274841308594e-05,0.9970923018587812,15983
frailty29_trained_motion_detector,frailty29_trained_to_ptt22,window,one_vs_rest,0,592,0.5987607960946301,1.0,3.898143768310547e-05,0.9970923018587812,15983
frailty29_trained_motion_detector,frailty29_trained_to_ptt22,window,one_vs_rest,0,593,0.5990424333458505,1.0,3.826618194580078e-05,0.9970923018587812,15983
frailty29_trained_motion_detector,frailty29_trained_to_ptt22,window,one_vs_rest,0,594,0.5993240705970709,1.0,3.7670135498046875e-05,0.9970923018587812,15983
frailty29_trained_motion_detector,frailty29_trained_to_ptt22,window,one_vs_rest,0,595,0.5995118287645512,1.0,3.743171691894531e-05,0.9970923018587812,15983
frailty29_trained_motion_detector,frailty29_trained_to_ptt22,window,one_vs_rest,0,596,0.5996995869320315,1.0,3.647804260253906e-05,0.9970923018587812,15983
frailty29_trained_motion_detector,frailty29_trained_to_ptt22,window,one_vs_rest,0,597,0.6000751032669921,1.0,3.600120544433594e-05,0.9970923018587812,15983
frailty29_trained_motion_detector,frailty29_trained_to_ptt22,window,one_vs_rest,0,598,0.6002628614344724,1.0,3.504753112792969e-05,0.9970923018587812,15983
frailty29_trained_motion_detector,frailty29_trained_to_ptt22,window,one_vs_rest,0,599,0.6008261359369133,1.0,3.445148468017578e-05,0.9970923018587812,15983
frailty29_trained_motion_detector,frailty29_trained_to_ptt22,window,one_vs_rest,0,600,0.601295531355614,1.0,3.2901763916015625e-05,0.9970923018587812,15983
frailty29_trained_motion_detector,frailty29_trained_to_ptt22,window,one_vs_rest,0,601,0.6014832895230943,1.0,3.1948089599609375e-05,0.9970923018587812,15983
frailty29_trained_motion_detector,frailty29_trained_to_ptt22,window,one_vs_rest,0,602,0.6021404431092753,1.0,3.0040740966796875e-05,0.9970923018587812,15983
frailty29_trained_motion_detector,frailty29_trained_to_ptt22,window,one_vs_rest,0,603,0.6023282012767556,1.0,2.956390380859375e-05,0.9970923018587812,15983
frailty29_trained_motion_detector,frailty29_trained_to_ptt22,window,one_vs_rest,0,604,0.6033608711978972,1.0,2.586841583251953e-05,0.9970923018587812,15983
frailty29_trained_motion_detector,frailty29_trained_to_ptt22,window,one_vs_rest,0,605,0.6035486293653773,1.0,2.574920654296875e-05,0.9970923018587812,15983
frailty29_trained_motion_detector,frailty29_trained_to_ptt22,window,one_vs_rest,0,606,0.6036425084491175,1.0,2.562999725341797e-05,0.9970923018587812,15983
frailty29_trained_motion_detector,frailty29_trained_to_ptt22,window,one_vs_rest,0,607,0.6038302666165978,1.0,2.47955322265625e-05,0.9970923018587812,15983
frailty29_trained_motion_detector,frailty29_trained_to_ptt22,window,one_vs_rest,0,608,0.6042057829515584,1.0,2.372264862060547e-05,0.9970923018587812,15983
frailty29_trained_motion_detector,frailty29_trained_to_ptt22,window,one_vs_rest,0,609,0.6043935411190386,1.0,2.3603439331054688e-05,0.9970923018587812,15983
frailty29_trained_motion_detector,frailty29_trained_to_ptt22,window,one_vs_rest,0,610,0.6044874202027788,1.0,2.3484230041503906e-05,0.9970923018587812,15983
frailty29_trained_motion_detector,frailty29_trained_to_ptt22,window,one_vs_rest,0,611,0.6046751783702591,1.0,2.3365020751953125e-05,0.9970923018587812,15983
frailty29_trained_motion_detector,frailty29_trained_to_ptt22,window,one_vs_rest,0,612,0.6049568156214795,1.0,2.288818359375e-05,0.9970923018587812,15983
frailty29_trained_motion_detector,frailty29_trained_to_ptt22,window,one_vs_rest,0,613,0.6055200901239204,1.0,2.2530555725097656e-05,0.9970923018587812,15983
frailty29_trained_motion_detector,frailty29_trained_to_ptt22,window,one_vs_rest,0,614,0.6060833646263613,1.0,2.1219253540039062e-05,0.9970923018587812,15983
frailty29_trained_motion_detector,frailty29_trained_to_ptt22,window,one_vs_rest,0,615,0.6062711227938415,1.0,2.110004425048828e-05,0.9970923018587812,15983
frailty29_trained_motion_detector,frailty29_trained_to_ptt22,window,one_vs_rest,0,616,0.6066466391288021,1.0,2.0503997802734375e-05,0.9970923018587812,15983
frailty29_trained_motion_detector,frailty29_trained_to_ptt22,window,one_vs_rest,0,617,0.6068343972962824,1.0,2.0384788513183594e-05,0.9970923018587812,15983
frailty29_trained_motion_detector,frailty29_trained_to_ptt22,window,one_vs_rest,0,618,0.6070221554637627,1.0,1.9311904907226562e-05,0.9970923018587812,15983
frailty29_trained_motion_detector,frailty29_trained_to_ptt22,window,one_vs_rest,0,619,0.607209913631243,1.0,1.919269561767578e-05,0.9970923018587812,15983
frailty29_trained_motion_detector,frailty29_trained_to_ptt22,window,one_vs_rest,0,620,0.6073976717987233,1.0,1.8596649169921875e-05,0.9970923018587812,15983
frailty29_trained_motion_detector,frailty29_trained_to_ptt22,window,one_vs_rest,0,621,0.6075854299662036,1.0,1.8358230590820312e-05,0.9970923018587812,15983
frailty29_trained_motion_detector,frailty29_trained_to_ptt22,window,one_vs_rest,0,622,0.6077731881336839,1.0,1.7881393432617188e-05,0.9970923018587812,15983
frailty29_trained_motion_detector,frailty29_trained_to_ptt22,window,one_vs_rest,0,623,0.6081487044686444,1.0,1.7642974853515625e-05,0.9970923018587812,15983
frailty29_trained_motion_detector,frailty29_trained_to_ptt22,window,one_vs_rest,0,624,0.6082425835523845,1.0,1.7523765563964844e-05,0.9970923018587812,15983
frailty29_trained_motion_detector,frailty29_trained_to_ptt22,window,one_vs_rest,0,625,0.6084303417198648,1.0,1.7404556274414062e-05,0.9970923018587812,15983
frailty29_trained_motion_detector,frailty29_trained_to_ptt22,window,one_vs_rest,0,626,0.6085242208036049,1.0,1.71661376953125e-05,0.9970923018587812,15983
frailty29_trained_motion_detector,frailty29_trained_to_ptt22,window,one_vs_rest,0,627,0.6087119789710852,1.0,1.704692840576172e-05,0.9970923018587812,15983
frailty29_trained_motion_detector,frailty29_trained_to_ptt22,window,one_vs_rest,0,628,0.6088997371385655,1.0,1.6808509826660156e-05,0.9970923018587812,15983
frailty29_trained_motion_detector,frailty29_trained_to_ptt22,window,one_vs_rest,0,629,0.6092752534735261,1.0,1.6450881958007812e-05,0.9970923018587812,15983
frailty29_trained_motion_detector,frailty29_trained_to_ptt22,window,one_vs_rest,0,630,0.6093691325572662,1.0,1.633167266845703e-05,0.9970923018587812,15983
frailty29_trained_motion_detector,frailty29_trained_to_ptt22,window,one_vs_rest,0,631,0.6096507698084866,1.0,1.609325408935547e-05,0.9970923018587812,15983
frailty29_trained_motion_detector,frailty29_trained_to_ptt22,window,one_vs_rest,0,632,0.6097446488922268,1.0,1.5854835510253906e-05,0.9970923018587812,15983
frailty29_trained_motion_detector,frailty29_trained_to_ptt22,window,one_vs_rest,0,633,0.6099324070597071,1.0,1.5735626220703125e-05,0.9970923018587812,15983
frailty29_trained_motion_detector,frailty29_trained_to_ptt22,window,one_vs_rest,0,634,0.6101201652271874,1.0,1.5497207641601562e-05,0.9970923018587812,15983
frailty29_trained_motion_detector,frailty29_trained_to_ptt22,window,one_vs_rest,0,635,0.610495681562148,1.0,1.4781951904296875e-05,0.9970923018587812,15983
frailty29_trained_motion_detector,frailty29_trained_to_ptt22,window,one_vs_rest,0,636,0.6105895606458881,1.0,1.4543533325195312e-05,0.9970923018587812,15983
frailty29_trained_motion_detector,frailty29_trained_to_ptt22,window,one_vs_rest,0,637,0.6107773188133684,1.0,1.430511474609375e-05,0.9970923018587812,15983
frailty29_trained_motion_detector,frailty29_trained_to_ptt22,window,one_vs_rest,0,638,0.611152835148329,1.0,1.4185905456542969e-05,0.9970923018587812,15983
frailty29_trained_motion_detector,frailty29_trained_to_ptt22,window,one_vs_rest,0,639,0.6112467142320691,1.0,1.3947486877441406e-05,0.9970923018587812,15983
frailty29_trained_motion_detector,frailty29_trained_to_ptt22,window,one_vs_rest,0,640,0.6116222305670297,1.0,1.3828277587890625e-05,0.9970923018587812,15983
frailty29_trained_motion_detector,frailty29_trained_to_ptt22,window,one_vs_rest,0,641,0.61180998873451,1.0,1.3709068298339844e-05,0.9970923018587812,15983
frailty29_trained_motion_detector,frailty29_trained_to_ptt22,window,one_vs_rest,0,642,0.6119038678182501,1.0,1.3589859008789062e-05,0.9970923018587812,15983
frailty29_trained_motion_detector,frailty29_trained_to_ptt22,window,one_vs_rest,0,643,0.6122793841532107,1.0,1.3470649719238281e-05,0.9970923018587812,15983
frailty29_trained_motion_detector,frailty29_trained_to_ptt22,window,one_vs_rest,0,644,0.6123732632369508,1.0,1.3232231140136719e-05,0.9970923018587812,15983
frailty29_trained_motion_detector,frailty29_trained_to_ptt22,window,one_vs_rest,0,645,0.6125610214044311,1.0,1.2993812561035156e-05,0.9970923018587812,15983
frailty29_trained_motion_detector,frailty29_trained_to_ptt22,window,one_vs_rest,0,646,0.6131242959068719,1.0,1.2755393981933594e-05,0.9970923018587812,15983
frailty29_trained_motion_detector,frailty29_trained_to_ptt22,window,one_vs_rest,0,647,0.6134998122418325,1.0,1.2278556823730469e-05,0.9970923018587812,15983
frailty29_trained_motion_detector,frailty29_trained_to_ptt22,window,one_vs_rest,0,648,0.6135936913255726,1.0,1.2159347534179688e-05,0.9970923018587812,15983
frailty29_trained_motion_detector,frailty29_trained_to_ptt22,window,one_vs_rest,0,649,0.6138753285767931,1.0,1.2040138244628906e-05,0.9970923018587812,15983
frailty29_trained_motion_detector,frailty29_trained_to_ptt22,window,one_vs_rest,0,650,0.6139692076605332,1.0,1.1920928955078125e-05,0.9970923018587812,15983
frailty29_trained_motion_detector,frailty29_trained_to_ptt22,window,one_vs_rest,0,651,0.6147202403304544,1.0,1.1324882507324219e-05,0.9970923018587812,15983
frailty29_trained_motion_detector,frailty29_trained_to_ptt22,window,one_vs_rest,0,652,0.6148141194141945,1.0,1.1205673217773438e-05,0.9970923018587812,15983
frailty29_trained_motion_detector,frailty29_trained_to_ptt22,window,one_vs_rest,0,653,0.6151896357491551,1.0,1.0967254638671875e-05,0.9970923018587812,15983
frailty29_trained_motion_detector,frailty29_trained_to_ptt22,window,one_vs_rest,0,654,0.6152835148328952,1.0,1.0848045349121094e-05,0.9970923018587812,15983
frailty29_trained_motion_detector,frailty29_trained_to_ptt22,window,one_vs_rest,0,655,0.6154712730003755,1.0,1.0728836059570312e-05,0.9970923018587812,15983
frailty29_trained_motion_detector,frailty29_trained_to_ptt22,window,one_vs_rest,0,656,0.615752910251596,1.0,1.0609626770019531e-05,0.9970923018587812,15983
frailty29_trained_motion_detector,frailty29_trained_to_ptt22,window,one_vs_rest,0,657,0.6158467893353361,1.0,1.049041748046875e-05,0.9970923018587812,15983
frailty29_trained_motion_detector,frailty29_trained_to_ptt22,window,one_vs_rest,0,658,0.6162223056702967,1.0,1.0371208190917969e-05,0.9970923018587812,15983
frailty29_trained_motion_detector,frailty29_trained_to_ptt22,window,one_vs_rest,0,659,0.6163161847540368,1.0,1.0251998901367188e-05,0.9970923018587812,15983
frailty29_trained_motion_detector,frailty29_trained_to_ptt22,window,one_vs_rest,0,660,0.617067217423958,1.0,1.0013580322265625e-05,0.9970923018587812,15983
frailty29_trained_motion_detector,frailty29_trained_to_ptt22,window,one_vs_rest,0,661,0.6172549755914383,1.0,9.775161743164062e-06,0.9970923018587812,15983
frailty29_trained_motion_detector,frailty29_trained_to_ptt22,window,one_vs_rest,0,662,0.6175366128426587,1.0,9.655952453613281e-06,0.9970923018587812,15983
frailty29_trained_motion_detector,frailty29_trained_to_ptt22,window,one_vs_rest,0,663,0.617724371010139,1.0,9.417533874511719e-06,0.9970923018587812,15983
frailty29_trained_motion_detector,frailty29_trained_to_ptt22,window,one_vs_rest,0,664,0.6180060082613593,1.0,9.298324584960938e-06,0.9970923018587812,15983
frailty29_trained_motion_detector,frailty29_trained_to_ptt22,window,one_vs_rest,0,665,0.6181937664288396,1.0,9.059906005859375e-06,0.9970923018587812,15983
frailty29_trained_motion_detector,frailty29_trained_to_ptt22,window,one_vs_rest,0,666,0.61847540368006,1.0,8.940696716308594e-06,0.9970923018587812,15983
frailty29_trained_motion_detector,frailty29_trained_to_ptt22,window,one_vs_rest,0,667,0.6185692827638002,1.0,8.821487426757812e-06,0.9970923018587812,15983
frailty29_trained_motion_detector,frailty29_trained_to_ptt22,window,one_vs_rest,0,668,0.6195080736012016,1.0,8.463859558105469e-06,0.9970923018587812,15983
frailty29_trained_motion_detector,frailty29_trained_to_ptt22,window,one_vs_rest,0,669,0.6196019526849418,1.0,8.344650268554688e-06,0.9970923018587812,15983
frailty29_trained_motion_detector,frailty29_trained_to_ptt22,window,one_vs_rest,0,670,0.6197897108524221,1.0,8.225440979003906e-06,0.9970923018587812,15983
frailty29_trained_motion_detector,frailty29_trained_to_ptt22,window,one_vs_rest,0,671,0.6204468644386031,1.0,8.106231689453125e-06,0.9970923018587812,15983
frailty29_trained_motion_detector,frailty29_trained_to_ptt22,window,one_vs_rest,0,672,0.6209162598573038,1.0,7.987022399902344e-06,0.9970923018587812,15983
frailty29_trained_motion_detector,frailty29_trained_to_ptt22,window,one_vs_rest,0,673,0.6211040180247841,1.0,7.748603820800781e-06,0.9970923018587812,15983
frailty29_trained_motion_detector,frailty29_trained_to_ptt22,window,one_vs_rest,0,674,0.6218550506947053,1.0,7.3909759521484375e-06,0.9970923018587812,15983
frailty29_trained_motion_detector,frailty29_trained_to_ptt22,window,one_vs_rest,0,675,0.6224183251971461,1.0,7.152557373046875e-06,0.9970923018587812,15983
frailty29_trained_motion_detector,frailty29_trained_to_ptt22,window,one_vs_rest,0,676,0.6225122042808863,1.0,7.033348083496094e-06,0.9970923018587812,15983
frailty29_trained_motion_detector,frailty29_trained_to_ptt22,window,one_vs_rest,0,677,0.6228877206158467,1.0,6.794929504394531e-06,0.9970923018587812,15983
frailty29_trained_motion_detector,frailty29_trained_to_ptt22,window,one_vs_rest,0,678,0.6231693578670672,1.0,6.67572021484375e-06,0.9970923018587812,15983
frailty29_trained_motion_detector,frailty29_trained_to_ptt22,window,one_vs_rest,0,679,0.6233571160345475,1.0,6.556510925292969e-06,0.9970923018587812,15983
frailty29_trained_motion_detector,frailty29_trained_to_ptt22,window,one_vs_rest,0,680,0.6236387532857679,1.0,6.4373016357421875e-06,0.9970923018587812,15983
frailty29_trained_motion_detector,frailty29_trained_to_ptt22,window,one_vs_rest,0,681,0.6238265114532482,1.0,6.318092346191406e-06,0.9970923018587812,15983
frailty29_trained_motion_detector,frailty29_trained_to_ptt22,window,one_vs_rest,0,682,0.6244836650394292,1.0,6.198883056640625e-06,0.9970923018587812,15983
frailty29_trained_motion_detector,frailty29_trained_to_ptt22,window,one_vs_rest,0,683,0.6248591813743898,1.0,6.079673767089844e-06,0.9970923018587812,15983
frailty29_trained_motion_detector,frailty29_trained_to_ptt22,window,one_vs_rest,0,684,0.6257979722117912,1.0,5.841255187988281e-06,0.9970923018587812,15983
frailty29_trained_motion_detector,frailty29_trained_to_ptt22,window,one_vs_rest,0,685,0.6261734885467518,1.0,5.7220458984375e-06,0.9970923018587812,15983
frailty29_trained_motion_detector,frailty29_trained_to_ptt22,window,one_vs_rest,0,686,0.6266428839654525,1.0,5.602836608886719e-06,0.9970923018587812,15983
frailty29_trained_motion_detector,frailty29_trained_to_ptt22,window,one_vs_rest,0,687,0.6267367630491927,1.0,5.4836273193359375e-06,0.9970923018587812,15983
frailty29_trained_motion_detector,frailty29_trained_to_ptt22,window,one_vs_rest,0,688,0.6272061584678934,1.0,5.364418029785156e-06,0.9970923018587812,15983
frailty29_trained_motion_detector,frailty29_trained_to_ptt22,window,one_vs_rest,0,689,0.6273939166353737,1.0,5.245208740234375e-06,0.9970923018587812,15983
frailty29_trained_motion_detector,frailty29_trained_to_ptt22,window,one_vs_rest,0,690,0.627675553886594,1.0,5.125999450683594e-06,0.9970923018587812,15983
frailty29_trained_motion_detector,frailty29_trained_to_ptt22,window,one_vs_rest,0,691,0.6288959819752159,1.0,5.0067901611328125e-06,0.9970923018587812,15983
frailty29_trained_motion_detector,frailty29_trained_to_ptt22,window,one_vs_rest,0,692,0.6295531355613969,1.0,4.887580871582031e-06,0.9970923018587812,15983
frailty29_trained_motion_detector,frailty29_trained_to_ptt22,window,one_vs_rest,0,693,0.6303980473150582,1.0,4.76837158203125e-06,0.9970923018587812,15983
frailty29_trained_motion_detector,frailty29_trained_to_ptt22,window,one_vs_rest,0,694,0.6308674427337589,1.0,4.649162292480469e-06,0.9970923018587812,15983
frailty29_trained_motion_detector,frailty29_trained_to_ptt22,window,one_vs_rest,0,695,0.6316184754036801,1.0,4.5299530029296875e-06,0.9970923018587812,15983
frailty29_trained_motion_detector,frailty29_trained_to_ptt22,window,one_vs_rest,0,696,0.632181749906121,1.0,4.291534423828125e-06,0.9970923018587812,15983
frailty29_trained_motion_detector,frailty29_trained_to_ptt22,window,one_vs_rest,0,697,0.6332144198272625,1.0,4.172325134277344e-06,0.9970923018587812,15983
frailty29_trained_motion_detector,frailty29_trained_to_ptt22,window,one_vs_rest,0,698,0.6336838152459632,1.0,4.0531158447265625e-06,0.9970923018587812,15983
frailty29_trained_motion_detector,frailty29_trained_to_ptt22,window,one_vs_rest,0,699,0.6344348479158843,1.0,3.933906555175781e-06,0.9970923018587812,15983
frailty29_trained_motion_detector,frailty29_trained_to_ptt22,window,one_vs_rest,0,700,0.6350920015020654,1.0,3.814697265625e-06,0.9970923018587812,15983
frailty29_trained_motion_detector,frailty29_trained_to_ptt22,window,one_vs_rest,0,701,0.6373450995118287,1.0,3.4570693969726562e-06,0.9970923018587812,15983
frailty29_trained_motion_detector,frailty29_trained_to_ptt22,window,one_vs_rest,0,702,0.6380022530980097,1.0,3.337860107421875e-06,0.9970923018587812,15983
frailty29_trained_motion_detector,frailty29_trained_to_ptt22,window,one_vs_rest,0,703,0.6392226811866316,1.0,3.2186508178710938e-06,0.9970923018587812,15983
frailty29_trained_motion_detector,frailty29_trained_to_ptt22,window,one_vs_rest,0,704,0.6399737138565528,1.0,3.0994415283203125e-06,0.9970923018587812,15983
frailty29_trained_motion_detector,frailty29_trained_to_ptt22,window,one_vs_rest,0,705,0.6406308674427338,1.0,2.9802322387695312e-06,0.9970923018587812,15983
frailty29_trained_motion_detector,frailty29_trained_to_ptt22,window,one_vs_rest,0,706,0.6414757791963951,1.0,2.86102294921875e-06,0.9970923018587812,15983
frailty29_trained_motion_detector,frailty29_trained_to_ptt22,window,one_vs_rest,0,707,0.642132932782576,1.0,2.7418136596679688e-06,0.9970923018587812,15983
frailty29_trained_motion_detector,frailty29_trained_to_ptt22,window,one_vs_rest,0,708,0.6426023282012767,1.0,2.6226043701171875e-06,0.9970923018587812,15983
frailty29_trained_motion_detector,frailty29_trained_to_ptt22,window,one_vs_rest,0,709,0.6437288772061585,1.0,2.5033950805664062e-06,0.9970923018587812,15983
frailty29_trained_motion_detector,frailty29_trained_to_ptt22,window,one_vs_rest,0,710,0.6449493052947803,1.0,2.384185791015625e-06,0.9970923018587812,15983
frailty29_trained_motion_detector,frailty29_trained_to_ptt22,window,one_vs_rest,0,711,0.6466391288021028,1.0,2.1457672119140625e-06,0.9970923018587812,15983
frailty29_trained_motion_detector,frailty29_trained_to_ptt22,window,one_vs_rest,0,712,0.648704468644386,1.0,1.9073486328125e-06,0.9970923018587812,15983
frailty29_trained_motion_detector,frailty29_trained_to_ptt22,window,one_vs_rest,0,713,0.6501126549004882,1.0,1.7881393432617188e-06,0.9970923018587812,15983
frailty29_trained_motion_detector,frailty29_trained_to_ptt22,window,one_vs_rest,0,714,0.6512392039053699,1.0,1.6689300537109375e-06,0.9970923018587812,15983
frailty29_trained_motion_detector,frailty29_trained_to_ptt22,window,one_vs_rest,0,715,0.6525535110777319,1.0,1.5497207641601562e-06,0.9970923018587812,15983
frailty29_trained_motion_detector,frailty29_trained_to_ptt22,window,one_vs_rest,0,716,0.6542433345850545,1.0,1.430511474609375e-06,0.9970923018587812,15983
frailty29_trained_motion_detector,frailty29_trained_to_ptt22,window,one_vs_rest,0,717,0.6555576417574165,1.0,1.3113021850585938e-06,0.9970923018587812,15983
frailty29_trained_motion_detector,frailty29_trained_to_ptt22,window,one_vs_rest,0,718,0.656590311678558,1.0,1.1920928955078125e-06,0.9970923018587812,15983
frailty29_trained_motion_detector,frailty29_trained_to_ptt22,window,one_vs_rest,0,719,0.6581862561021404,1.0,1.0728836059570312e-06,0.9970923018587812,15983
frailty29_trained_motion_detector,frailty29_trained_to_ptt22,window,one_vs_rest,0,720,0.6608148704468645,1.0,9.5367431640625e-07,0.9970923018587812,15983
frailty29_trained_motion_detector,frailty29_trained_to_ptt22,window,one_vs_rest,0,721,0.662504693954187,1.0,8.344650268554688e-07,0.9970923018587812,15983
frailty29_trained_motion_detector,frailty29_trained_to_ptt22,window,one_vs_rest,0,722,0.6646639128802103,1.0,7.152557373046875e-07,0.9970923018587812,15983
frailty29_trained_motion_detector,frailty29_trained_to_ptt22,window,one_vs_rest,0,723,0.6666353736387532,1.0,5.960464477539062e-07,0.9970923018587812,15983
frailty29_trained_motion_detector,frailty29_trained_to_ptt22,window,one_vs_rest,0,724,0.6694517461509576,1.0,4.76837158203125e-07,0.9970923018587812,15983
frailty29_trained_motion_detector,frailty29_trained_to_ptt22,window,one_vs_rest,0,725,0.6732069095005633,1.0,3.5762786865234375e-07,0.9970923018587812,15983
frailty29_trained_motion_detector,frailty29_trained_to_ptt22,window,one_vs_rest,0,726,0.6786518963574916,1.0,2.384185791015625e-07,0.9970923018587812,15983
frailty29_trained_motion_detector,frailty29_trained_to_ptt22,window,one_vs_rest,0,727,0.6889785955689073,1.0,1.1920928955078125e-07,0.9970923018587812,15983
frailty29_trained_motion_detector,frailty29_trained_to_ptt22,window,one_vs_rest,0,728,1.0,1.0,0.0,0.9970923018587812,15983
frailty29_trained_motion_detector,frailty29_trained_to_ptt22,window,one_vs_rest,1,0,0.0,0.0,,0.9970923018587812,15983
frailty29_trained_motion_detector,frailty29_trained_to_ptt22,window,one_vs_rest,1,1,0.0,0.3110214044310928,1.0,0.9970923018587812,15983
frailty29_trained_motion_detector,frailty29_trained_to_ptt22,window,one_vs_rest,1,2,0.0,0.32134810364250843,0.9999998807907104,0.9970923018587812,15983
frailty29_trained_motion_detector,frailty29_trained_to_ptt22,window,one_vs_rest,1,3,0.0,0.3267930904994367,0.9999997615814209,0.9970923018587812,15983
frailty29_trained_motion_detector,frailty29_trained_to_ptt22,window,one_vs_rest,1,4,0.0,0.3305482538490424,0.9999996423721313,0.9970923018587812,15983
frailty29_trained_motion_detector,frailty29_trained_to_ptt22,window,one_vs_rest,1,5,0.0,0.3333646263612467,0.9999995231628418,0.9970923018587812,15983
frailty29_trained_motion_detector,frailty29_trained_to_ptt22,window,one_vs_rest,1,6,0.0,0.33533608711978974,0.9999994039535522,0.9970923018587812,15983
frailty29_trained_motion_detector,frailty29_trained_to_ptt22,window,one_vs_rest,1,7,0.0,0.337495306045813,0.9999992847442627,0.9970923018587812,15983
frailty29_trained_motion_detector,frailty29_trained_to_ptt22,window,one_vs_rest,1,8,0.0,0.33918512955313557,0.9999991655349731,0.9970923018587812,15983
frailty29_trained_motion_detector,frailty29_trained_to_ptt22,window,one_vs_rest,1,9,0.0,0.34181374389785957,0.9999990463256836,0.9970923018587812,15983
frailty29_trained_motion_detector,frailty29_trained_to_ptt22,window,one_vs_rest,1,10,0.0,0.343409688321442,0.999998927116394,0.9970923018587812,15983
frailty29_trained_motion_detector,frailty29_trained_to_ptt22,window,one_vs_rest,1,11,0.0,0.34444235824258357,0.9999988079071045,0.9970923018587812,15983
frailty29_trained_motion_detector,frailty29_trained_to_ptt22,window,one_vs_rest,1,12,0.0,0.34575666541494554,0.9999986886978149,0.9970923018587812,15983
frailty29_trained_motion_detector,frailty29_trained_to_ptt22,window,one_vs_rest,1,13,0.0,0.3474464889222681,0.9999985694885254,0.9970923018587812,15983
frailty29_trained_motion_detector,frailty29_trained_to_ptt22,window,one_vs_rest,1,14,0.0,0.3487607960946301,0.9999984502792358,0.9970923018587812,15983
frailty29_trained_motion_detector,frailty29_trained_to_ptt22,window,one_vs_rest,1,15,0.0,0.3498873450995118,0.9999983310699463,0.9970923018587812,15983
frailty29_trained_motion_detector,frailty29_trained_to_ptt22,window,one_vs_rest,1,16,0.0,0.351295531355614,0.9999982118606567,0.9970923018587812,15983
frailty29_trained_motion_detector,frailty29_trained_to_ptt22,window,one_vs_rest,1,17,0.0,0.3533608711978971,0.9999979734420776,0.9970923018587812,15983
frailty29_trained_motion_detector,frailty29_trained_to_ptt22,window,one_vs_rest,1,18,0.0,0.35505069470521966,0.9999977350234985,0.9970923018587812,15983
frailty29_trained_motion_detector,frailty29_trained_to_ptt22,window,one_vs_rest,1,19,0.0,0.35627112279384154,0.999997615814209,0.9970923018587812,15983
frailty29_trained_motion_detector,frailty29_trained_to_ptt22,window,one_vs_rest,1,20,0.0,0.3573976717987232,0.9999974966049194,0.9970923018587812,15983
frailty29_trained_motion_detector,frailty29_trained_to_ptt22,window,one_vs_rest,1,21,0.0,0.35786706721742395,0.9999973773956299,0.9970923018587812,15983
frailty29_trained_motion_detector,frailty29_trained_to_ptt22,window,one_vs_rest,1,22,0.0,0.35852422080360496,0.9999972581863403,0.9970923018587812,15983
frailty29_trained_motion_detector,frailty29_trained_to_ptt22,window,one_vs_rest,1,23,0.0,0.35936913255726627,0.9999971389770508,0.9970923018587812,15983
frailty29_trained_motion_detector,frailty29_trained_to_ptt22,window,one_vs_rest,1,24,0.0,0.3600262861434472,0.9999970197677612,0.9970923018587812,15983
frailty29_trained_motion_detector,frailty29_trained_to_ptt22,window,one_vs_rest,1,25,0.0,0.3607773188133684,0.9999969005584717,0.9970923018587812,15983
frailty29_trained_motion_detector,frailty29_trained_to_ptt22,window,one_vs_rest,1,26,0.0,0.3619977469019902,0.9999967813491821,0.9970923018587812,15983
frailty29_trained_motion_detector,frailty29_trained_to_ptt22,window,one_vs_rest,1,27,0.0,0.36265490048817123,0.9999966621398926,0.9970923018587812,15983
frailty29_trained_motion_detector,frailty29_trained_to_ptt22,window,one_vs_rest,1,28,0.0,0.36490799849793465,0.9999963045120239,0.9970923018587812,15983
frailty29_trained_motion_detector,frailty29_trained_to_ptt22,window,one_vs_rest,1,29,0.0,0.36556515208411566,0.9999961853027344,0.9970923018587812,15983
frailty29_trained_motion_detector,frailty29_trained_to_ptt22,window,one_vs_rest,1,30,0.0,0.3663161847540368,0.9999960660934448,0.9970923018587812,15983
frailty29_trained_motion_detector,frailty29_trained_to_ptt22,window,one_vs_rest,1,31,0.0,0.3667855801727375,0.9999959468841553,0.9970923018587812,15983
frailty29_trained_motion_detector,frailty29_trained_to_ptt22,window,one_vs_rest,1,32,0.0,0.3678182500938791,0.9999958276748657,0.9970923018587812,15983
frailty29_trained_motion_detector,frailty29_trained_to_ptt22,window,one_vs_rest,1,33,0.0,0.36838152459631995,0.9999955892562866,0.9970923018587812,15983
frailty29_trained_motion_detector,frailty29_trained_to_ptt22,window,one_vs_rest,1,34,0.0,0.36913255726624106,0.9999954700469971,0.9970923018587812,15983
frailty29_trained_motion_detector,frailty29_trained_to_ptt22,window,one_vs_rest,1,35,0.0,0.3696019526849418,0.9999953508377075,0.9970923018587812,15983
frailty29_trained_motion_detector,frailty29_trained_to_ptt22,window,one_vs_rest,1,36,0.0,0.3704468644386031,0.999995231628418,0.9970923018587812,15983
frailty29_trained_motion_detector,frailty29_trained_to_ptt22,window,one_vs_rest,1,37,0.0,0.3711040180247841,0.9999951124191284,0.9970923018587812,15983
frailty29_trained_motion_detector,frailty29_trained_to_ptt22,window,one_vs_rest,1,38,0.0,0.3723244461134059,0.9999949932098389,0.9970923018587812,15983
frailty29_trained_motion_detector,frailty29_trained_to_ptt22,window,one_vs_rest,1,39,0.0,0.37260608336462636,0.9999948740005493,0.9970923018587812,15983
frailty29_trained_motion_detector,frailty29_trained_to_ptt22,window,one_vs_rest,1,40,0.0,0.37279384153210665,0.9999947547912598,0.9970923018587812,15983
frailty29_trained_motion_detector,frailty29_trained_to_ptt22,window,one_vs_rest,1,41,0.0,0.3732632369508074,0.9999946355819702,0.9970923018587812,15983
frailty29_trained_motion_detector,frailty29_trained_to_ptt22,window,one_vs_rest,1,42,0.0,0.3733571160345475,0.9999945163726807,0.9970923018587812,15983
frailty29_trained_motion_detector,frailty29_trained_to_ptt22,window,one_vs_rest,1,43,0.0,0.3738265114532482,0.9999943971633911,0.9970923018587812,15983
frailty29_trained_motion_detector,frailty29_trained_to_ptt22,window,one_vs_rest,1,44,0.0,0.37420202778820877,0.9999942779541016,0.9970923018587812,15983
frailty29_trained_motion_detector,frailty29_trained_to_ptt22,window,one_vs_rest,1,45,0.0,0.3751408186256102,0.9999940395355225,0.9970923018587812,15983
frailty29_trained_motion_detector,frailty29_trained_to_ptt22,window,one_vs_rest,1,46,0.0,0.3755163349605708,0.9999939203262329,0.9970923018587812,15983
frailty29_trained_motion_detector,frailty29_trained_to_ptt22,window,one_vs_rest,1,47,0.0,0.3761734885467518,0.9999938011169434,0.9970923018587812,15983
frailty29_trained_motion_detector,frailty29_trained_to_ptt22,window,one_vs_rest,1,48,0.0,0.37636124671423205,0.9999936819076538,0.9970923018587812,15983
frailty29_trained_motion_detector,frailty29_trained_to_ptt22,window,one_vs_rest,1,49,0.0,0.3766428839654525,0.9999935626983643,0.9970923018587812,15983
frailty29_trained_motion_detector,frailty29_trained_to_ptt22,window,one_vs_rest,1,50,0.0,0.37683064213293277,0.9999934434890747,0.9970923018587812,15983
frailty29_trained_motion_detector,frailty29_trained_to_ptt22,window,one_vs_rest,1,51,0.0,0.3771122793841532,0.9999933242797852,0.9970923018587812,15983
frailty29_trained_motion_detector,frailty29_trained_to_ptt22,window,one_vs_rest,1,52,0.0,0.3774877957191138,0.999993085861206,0.9970923018587812,15983
frailty29_trained_motion_detector,frailty29_trained_to_ptt22,window,one_vs_rest,1,53,0.0,0.37758167480285393,0.9999929666519165,0.9970923018587812,15983
frailty29_trained_motion_detector,frailty29_trained_to_ptt22,window,one_vs_rest,1,54,0.0,0.3781449493052948,0.9999927282333374,0.9970923018587812,15983
frailty29_trained_motion_detector,frailty29_trained_to_ptt22,window,one_vs_rest,1,55,0.0,0.3788959819752159,0.9999923706054688,0.9970923018587812,15983
frailty29_trained_motion_detector,frailty29_trained_to_ptt22,window,one_vs_rest,1,56,0.0,0.3790837401426962,0.9999922513961792,0.9970923018587812,15983
frailty29_trained_motion_detector,frailty29_trained_to_ptt22,window,one_vs_rest,1,57,0.0,0.3795531355613969,0.9999920129776001,0.9970923018587812,15983
frailty29_trained_motion_detector,frailty29_trained_to_ptt22,window,one_vs_rest,1,58,0.0,0.38021028914757793,0.9999918937683105,0.9970923018587812,15983
frailty29_trained_motion_detector,frailty29_trained_to_ptt22,window,one_vs_rest,1,59,0.0,0.3803980473150582,0.999991774559021,0.9970923018587812,15983
frailty29_trained_motion_detector,frailty29_trained_to_ptt22,window,one_vs_rest,1,60,0.0,0.38049192639879836,0.9999916553497314,0.9970923018587812,15983
frailty29_trained_motion_detector,frailty29_trained_to_ptt22,window,one_vs_rest,1,61,0.0,0.38143071723619976,0.9999914169311523,0.9970923018587812,15983
frailty29_trained_motion_detector,frailty29_trained_to_ptt22,window,one_vs_rest,1,62,0.0,0.3815245963199399,0.9999911785125732,0.9970923018587812,15983
frailty29_trained_motion_detector,frailty29_trained_to_ptt22,window,one_vs_rest,1,63,0.0,0.38180623357116034,0.9999910593032837,0.9970923018587812,15983
frailty29_trained_motion_detector,frailty29_trained_to_ptt22,window,one_vs_rest,1,64,0.0,0.3819939917386406,0.9999909400939941,0.9970923018587812,15983
frailty29_trained_motion_detector,frailty29_trained_to_ptt22,window,one_vs_rest,1,65,0.0,0.38227562898986106,0.999990701675415,0.9970923018587812,15983
frailty29_trained_motion_detector,frailty29_trained_to_ptt22,window,one_vs_rest,1,66,0.0,0.38246338715734135,0.9999905824661255,0.9970923018587812,15983
frailty29_trained_motion_detector,frailty29_trained_to_ptt22,window,one_vs_rest,1,67,0.0,0.3827450244085618,0.9999903440475464,0.9970923018587812,15983
frailty29_trained_motion_detector,frailty29_trained_to_ptt22,window,one_vs_rest,1,68,0.0,0.3829327825760421,0.9999901056289673,0.9970923018587812,15983
frailty29_trained_motion_detector,frailty29_trained_to_ptt22,window,one_vs_rest,1,69,0.0,0.3836838152459632,0.9999898672103882,0.9970923018587812,15983
frailty29_trained_motion_detector,frailty29_trained_to_ptt22,window,one_vs_rest,1,70,0.0,0.3837776943297033,0.9999897480010986,0.9970923018587812,15983
frailty29_trained_motion_detector,frailty29_trained_to_ptt22,window,one_vs_rest,1,71,0.0,0.3841532106646639,0.9999896287918091,0.9970923018587812,15983
frailty29_trained_motion_detector,frailty29_trained_to_ptt22,window,one_vs_rest,1,72,0.0,0.38424708974840405,0.9999895095825195,0.9970923018587812,15983
frailty29_trained_motion_detector,frailty29_trained_to_ptt22,window,one_vs_rest,1,73,0.0,0.3845287269996245,0.99998939037323,0.9970923018587812,15983
frailty29_trained_motion_detector,frailty29_trained_to_ptt22,window,one_vs_rest,1,74,0.0,0.38471648516710477,0.9999892711639404,0.9970923018587812,15983
frailty29_trained_motion_detector,frailty29_trained_to_ptt22,window,one_vs_rest,1,75,0.0,0.3848103642508449,0.9999891519546509,0.9970923018587812,15983
frailty29_trained_motion_detector,frailty29_trained_to_ptt22,window,one_vs_rest,1,76,0.0,0.3851858805858055,0.9999889135360718,0.9970923018587812,15983
frailty29_trained_motion_detector,frailty29_trained_to_ptt22,window,one_vs_rest,1,77,0.0,0.38527975966954564,0.9999887943267822,0.9970923018587812,15983
frailty29_trained_motion_detector,frailty29_trained_to_ptt22,window,one_vs_rest,1,78,0.0,0.38603079233946674,0.9999881982803345,0.9970923018587812,15983
frailty29_trained_motion_detector,frailty29_trained_to_ptt22,window,one_vs_rest,1,79,0.0,0.3861246714232069,0.9999880790710449,0.9970923018587812,15983
frailty29_trained_motion_detector,frailty29_trained_to_ptt22,window,one_vs_rest,1,80,0.0,0.3864063086744273,0.9999879598617554,0.9970923018587812,15983
frailty29_trained_motion_detector,frailty29_trained_to_ptt22,window,one_vs_rest,1,81,0.0,0.38650018775816747,0.9999878406524658,0.9970923018587812,15983
frailty29_trained_motion_detector,frailty29_trained_to_ptt22,window,one_vs_rest,1,82,0.0,0.38687570409312805,0.9999873638153076,0.9970923018587812,15983
frailty29_trained_motion_detector,frailty29_trained_to_ptt22,window,one_vs_rest,1,83,0.0,0.3874389785955689,0.9999871253967285,0.9970923018587812,15983
frailty29_trained_motion_detector,frailty29_trained_to_ptt22,window,one_vs_rest,1,84,0.0,0.3876267367630492,0.999987006187439,0.9970923018587812,15983
frailty29_trained_motion_detector,frailty29_trained_to_ptt22,window,one_vs_rest,1,85,0.0,0.38772061584678935,0.9999867677688599,0.9970923018587812,15983
frailty29_trained_motion_detector,frailty29_trained_to_ptt22,window,one_vs_rest,1,86,0.0,0.38809613218174993,0.9999865293502808,0.9970923018587812,15983
frailty29_trained_motion_detector,frailty29_trained_to_ptt22,window,one_vs_rest,1,87,0.0,0.3881900112654901,0.9999864101409912,0.9970923018587812,15983
frailty29_trained_motion_detector,frailty29_trained_to_ptt22,window,one_vs_rest,1,88,0.0,0.3883777694329703,0.9999862909317017,0.9970923018587812,15983
frailty29_trained_motion_detector,frailty29_trained_to_ptt22,window,one_vs_rest,1,89,0.0,0.3887532857679309,0.9999861717224121,0.9970923018587812,15983
frailty29_trained_motion_detector,frailty29_trained_to_ptt22,window,one_vs_rest,1,90,0.0,0.38884716485167103,0.9999860525131226,0.9970923018587812,15983
frailty29_trained_motion_detector,frailty29_trained_to_ptt22,window,one_vs_rest,1,91,0.0,0.3892226811866316,0.9999858140945435,0.9970923018587812,15983
frailty29_trained_motion_detector,frailty29_trained_to_ptt22,window,one_vs_rest,1,92,0.0,0.3894104393541119,0.9999856948852539,0.9970923018587812,15983
frailty29_trained_motion_detector,frailty29_trained_to_ptt22,window,one_vs_rest,1,93,0.0,0.38950431843785205,0.9999854564666748,0.9970923018587812,15983
frailty29_trained_motion_detector,frailty29_trained_to_ptt22,window,one_vs_rest,1,94,0.0,0.38987983477281263,0.999984860420227,0.9970923018587812,15983
frailty29_trained_motion_detector,frailty29_trained_to_ptt22,window,one_vs_rest,1,95,0.0,0.3900675929402929,0.9999843835830688,0.9970923018587812,15983
frailty29_trained_motion_detector,frailty29_trained_to_ptt22,window,one_vs_rest,1,96,0.0,0.3902553511077732,0.9999842643737793,0.9970923018587812,15983
frailty29_trained_motion_detector,frailty29_trained_to_ptt22,window,one_vs_rest,1,97,0.0,0.39034923019151335,0.9999841451644897,0.9970923018587812,15983
frailty29_trained_motion_detector,frailty29_trained_to_ptt22,window,one_vs_rest,1,98,0.0,0.39063086744273373,0.9999839067459106,0.9970923018587812,15983
frailty29_trained_motion_detector,frailty29_trained_to_ptt22,window,one_vs_rest,1,99,0.0,0.3907247465264739,0.9999836683273315,0.9970923018587812,15983
frailty29_trained_motion_detector,frailty29_trained_to_ptt22,window,one_vs_rest,1,100,0.0,0.39110026286143446,0.9999833106994629,0.9970923018587812,15983
frailty29_trained_motion_detector,frailty29_trained_to_ptt22,window,one_vs_rest,1,101,0.0,0.39128802102891475,0.9999830722808838,0.9970923018587812,15983
frailty29_trained_motion_detector,frailty29_trained_to_ptt22,window,one_vs_rest,1,102,0.0,0.39147577919639504,0.9999829530715942,0.9970923018587812,15983
frailty29_trained_motion_detector,frailty29_trained_to_ptt22,window,one_vs_rest,1,103,0.0,0.3915696582801352,0.9999828338623047,0.9970923018587812,15983
frailty29_trained_motion_detector,frailty29_trained_to_ptt22,window,one_vs_rest,1,104,0.0,0.39175741644761547,0.9999825954437256,0.9970923018587812,15983
frailty29_trained_motion_detector,frailty29_trained_to_ptt22,window,one_vs_rest,1,105,0.0,0.3918512955313556,0.999982476234436,0.9970923018587812,15983
frailty29_trained_motion_detector,frailty29_trained_to_ptt22,window,one_vs_rest,1,106,0.0,0.3922268118663162,0.9999822378158569,0.9970923018587812,15983
frailty29_trained_motion_detector,frailty29_trained_to_ptt22,window,one_vs_rest,1,107,0.0,0.3924145700337965,0.9999819993972778,0.9970923018587812,15983
frailty29_trained_motion_detector,frailty29_trained_to_ptt22,window,one_vs_rest,1,108,0.0,0.3926023282012768,0.9999816417694092,0.9970923018587812,15983
frailty29_trained_motion_detector,frailty29_trained_to_ptt22,window,one_vs_rest,1,109,0.0,0.39279008636875706,0.9999810457229614,0.9970923018587812,15983
frailty29_trained_motion_detector,frailty29_trained_to_ptt22,window,one_vs_rest,1,110,0.0,0.39297784453623735,0.9999808073043823,0.9970923018587812,15983
frailty29_trained_motion_detector,frailty29_trained_to_ptt22,window,one_vs_rest,1,111,0.0,0.3931656027037176,0.9999802112579346,0.9970923018587812,15983
frailty29_trained_motion_detector,frailty29_trained_to_ptt22,window,one_vs_rest,1,112,0.0,0.3933533608711979,0.9999796152114868,0.9970923018587812,15983
frailty29_trained_motion_detector,frailty29_trained_to_ptt22,window,one_vs_rest,1,113,0.0,0.39372887720615846,0.9999790191650391,0.9970923018587812,15983
frailty29_trained_motion_detector,frailty29_trained_to_ptt22,window,one_vs_rest,1,114,0.0,0.39391663537363875,0.9999788999557495,0.9970923018587812,15983
frailty29_trained_motion_detector,frailty29_trained_to_ptt22,window,one_vs_rest,1,115,0.0,0.3944799098760796,0.999977707862854,0.9970923018587812,15983
frailty29_trained_motion_detector,frailty29_trained_to_ptt22,window,one_vs_rest,1,116,0.0,0.3950431843785205,0.9999773502349854,0.9970923018587812,15983
frailty29_trained_motion_detector,frailty29_trained_to_ptt22,window,one_vs_rest,1,117,0.0,0.3953248216297409,0.9999767541885376,0.9970923018587812,15983
frailty29_trained_motion_detector,frailty29_trained_to_ptt22,window,one_vs_rest,1,118,0.0,0.39551257979722115,0.999976634979248,0.9970923018587812,15983
frailty29_trained_motion_detector,frailty29_trained_to_ptt22,window,one_vs_rest,1,119,0.0,0.3956064588809613,0.9999765157699585,0.9970923018587812,15983
frailty29_trained_motion_detector,frailty29_trained_to_ptt22,window,one_vs_rest,1,120,0.0,0.3957942170484416,0.999976396560669,0.9970923018587812,15983
frailty29_trained_motion_detector,frailty29_trained_to_ptt22,window,one_vs_rest,1,121,0.0,0.39616973338340217,0.9999754428863525,0.9970923018587812,15983
frailty29_trained_motion_detector,frailty29_trained_to_ptt22,window,one_vs_rest,1,122,0.0,0.39635749155088246,0.9999752044677734,0.9970923018587812,15983
frailty29_trained_motion_detector,frailty29_trained_to_ptt22,window,one_vs_rest,1,123,0.0,0.3964513706346226,0.9999743700027466,0.9970923018587812,15983
frailty29_trained_motion_detector,frailty29_trained_to_ptt22,window,one_vs_rest,1,124,0.0,0.3966391288021029,0.999974250793457,0.9970923018587812,15983
frailty29_trained_motion_detector,frailty29_trained_to_ptt22,window,one_vs_rest,1,125,0.0,0.3976717987232445,0.9999707937240601,0.9970923018587812,15983
frailty29_trained_motion_detector,frailty29_trained_to_ptt22,window,one_vs_rest,1,126,0.0,0.3978595568907247,0.9999704360961914,0.9970923018587812,15983
frailty29_trained_motion_detector,frailty29_trained_to_ptt22,window,one_vs_rest,1,127,0.0,0.39851671047690573,0.999968409538269,0.9970923018587812,15983
frailty29_trained_motion_detector,frailty29_trained_to_ptt22,window,one_vs_rest,1,128,0.0,0.398704468644386,0.9999680519104004,0.9970923018587812,15983
frailty29_trained_motion_detector,frailty29_trained_to_ptt22,window,one_vs_rest,1,129,0.0,0.39917386406308675,0.999966025352478,0.9970923018587812,15983
frailty29_trained_motion_detector,frailty29_trained_to_ptt22,window,one_vs_rest,1,130,0.0,0.3997371385655276,0.9999651908874512,0.9970923018587812,15983
frailty29_trained_motion_detector,frailty29_trained_to_ptt22,window,one_vs_rest,1,131,0.0,0.3999248967330079,0.9999642372131348,0.9970923018587812,15983
frailty29_trained_motion_detector,frailty29_trained_to_ptt22,window,one_vs_rest,1,132,0.0,0.40030041306796843,0.9999637603759766,0.9970923018587812,15983
frailty29_trained_motion_detector,frailty29_trained_to_ptt22,window,one_vs_rest,1,133,0.0,0.4004881712354487,0.9999632835388184,0.9970923018587812,15983
frailty29_trained_motion_detector,frailty29_trained_to_ptt22,window,one_vs_rest,1,134,0.0,0.400675929402929,0.999962568283081,0.9970923018587812,15983
frailty29_trained_motion_detector,frailty29_trained_to_ptt22,window,one_vs_rest,1,135,0.0,0.40095756665414944,0.999962329864502,0.9970923018587812,15983
frailty29_trained_motion_detector,frailty29_trained_to_ptt22,window,one_vs_rest,1,136,0.0,0.4012392039053699,0.9999613761901855,0.9970923018587812,15983
frailty29_trained_motion_detector,frailty29_trained_to_ptt22,window,one_vs_rest,1,137,0.0,0.40142696207285017,0.9999610185623169,0.9970923018587812,15983
frailty29_trained_motion_detector,frailty29_trained_to_ptt22,window,one_vs_rest,1,138,0.0,0.40180247840781075,0.9999599456787109,0.9970923018587812,15983
frailty29_trained_motion_detector,frailty29_trained_to_ptt22,window,one_vs_rest,1,139,0.0,0.40199023657529104,0.9999594688415527,0.9970923018587812,15983
frailty29_trained_motion_detector,frailty29_trained_to_ptt22,window,one_vs_rest,1,140,0.0,0.4022718738265115,0.9999587535858154,0.9970923018587812,15983
frailty29_trained_motion_detector,frailty29_trained_to_ptt22,window,one_vs_rest,1,141,0.0,0.40245963199399176,0.9999586343765259,0.9970923018587812,15983
frailty29_trained_motion_detector,frailty29_trained_to_ptt22,window,one_vs_rest,1,142,0.0,0.4025535110777319,0.9999581575393677,0.9970923018587812,15983
frailty29_trained_motion_detector,frailty29_trained_to_ptt22,window,one_vs_rest,1,143,0.0,0.40274126924521214,0.9999579191207886,0.9970923018587812,15983
frailty29_trained_motion_detector,frailty29_trained_to_ptt22,window,one_vs_rest,1,144,0.0,0.4034923019151333,0.9999542236328125,0.9970923018587812,15983
frailty29_trained_motion_detector,frailty29_trained_to_ptt22,window,one_vs_rest,1,145,0.0,0.4036800600826136,0.9999538660049438,0.9970923018587812,15983
frailty29_trained_motion_detector,frailty29_trained_to_ptt22,window,one_vs_rest,1,146,0.0,0.403961697333834,0.9999517202377319,0.9970923018587812,15983
frailty29_trained_motion_detector,frailty29_trained_to_ptt22,window,one_vs_rest,1,147,0.0,0.4041494555013143,0.9999516010284424,0.9970923018587812,15983
frailty29_trained_motion_detector,frailty29_trained_to_ptt22,window,one_vs_rest,1,148,0.0,0.40480660908749533,0.9999487400054932,0.9970923018587812,15983
frailty29_trained_motion_detector,frailty29_trained_to_ptt22,window,one_vs_rest,1,149,0.0,0.4049943672549756,0.9999486207962036,0.9970923018587812,15983
frailty29_trained_motion_detector,frailty29_trained_to_ptt22,window,one_vs_rest,1,150,0.0,0.40518212542245585,0.9999439716339111,0.9970923018587812,15983
frailty29_trained_motion_detector,frailty29_trained_to_ptt22,window,one_vs_rest,1,151,0.0,0.40536988358993614,0.9999431371688843,0.9970923018587812,15983
frailty29_trained_motion_detector,frailty29_trained_to_ptt22,window,one_vs_rest,1,152,0.0,0.4054637626736763,0.9999430179595947,0.9970923018587812,15983
frailty29_trained_motion_detector,frailty29_trained_to_ptt22,window,one_vs_rest,1,153,0.0,0.4056515208411566,0.9999425411224365,0.9970923018587812,15983
frailty29_trained_motion_detector,frailty29_trained_to_ptt22,window,one_vs_rest,1,154,0.0,0.40583927900863687,0.9999406337738037,0.9970923018587812,15983
frailty29_trained_motion_detector,frailty29_trained_to_ptt22,window,one_vs_rest,1,155,0.0,0.40602703717611716,0.9999395608901978,0.9970923018587812,15983
frailty29_trained_motion_detector,frailty29_trained_to_ptt22,window,one_vs_rest,1,156,0.0,0.40865565152084116,0.9999244213104248,0.9970923018587812,15983
frailty29_trained_motion_detector,frailty29_trained_to_ptt22,window,one_vs_rest,1,157,0.0,0.40884340968832145,0.999923825263977,0.9970923018587812,15983
frailty29_trained_motion_detector,frailty29_trained_to_ptt22,window,one_vs_rest,1,158,0.0,0.40996995869320313,0.9999154806137085,0.9970923018587812,15983
frailty29_trained_motion_detector,frailty29_trained_to_ptt22,window,one_vs_rest,1,159,0.0,0.4101577168606834,0.9999138116836548,0.9970923018587812,15983
frailty29_trained_motion_detector,frailty29_trained_to_ptt22,window,one_vs_rest,1,160,0.0,0.4135373638753286,0.9998788833618164,0.9970923018587812,15983
frailty29_trained_motion_detector,frailty29_trained_to_ptt22,window,one_vs_rest,1,161,0.0,0.41372512204280887,0.9998779296875,0.9970923018587812,15983
frailty29_trained_motion_detector,frailty29_trained_to_ptt22,window,one_vs_rest,1,162,0.0,0.415133308298911,0.9998620748519897,0.9970923018587812,15983
frailty29_trained_motion_detector,frailty29_trained_to_ptt22,window,one_vs_rest,1,163,0.0,0.4153210664663913,0.9998610019683838,0.9970923018587812,15983
frailty29_trained_motion_detector,frailty29_trained_to_ptt22,window,one_vs_rest,1,164,0.0,0.41785580172737513,0.9998204112052917,0.9970923018587812,15983
frailty29_trained_motion_detector,frailty29_trained_to_ptt22,window,one_vs_rest,1,165,0.0,0.4180435598948554,0.9998195767402649,0.9970923018587812,15983
frailty29_trained_motion_detector,frailty29_trained_to_ptt22,window,one_vs_rest,1,166,0.0,0.41813743897859557,0.9998182654380798,0.9970923018587812,15983
frailty29_trained_motion_detector,frailty29_trained_to_ptt22,window,one_vs_rest,1,167,0.0,0.41832519714607586,0.9998175501823425,0.9970923018587812,15983
frailty29_trained_motion_detector,frailty29_trained_to_ptt22,window,one_vs_rest,1,168,0.0,0.4187945925647766,0.9997954964637756,0.9970923018587812,15983
frailty29_trained_motion_detector,frailty29_trained_to_ptt22,window,one_vs_rest,1,169,0.0,0.419076229815997,0.9997852444648743,0.9970923018587812,15983
frailty29_trained_motion_detector,frailty29_trained_to_ptt22,window,one_vs_rest,1,170,0.0,0.42254975591438226,0.9996720552444458,0.9970923018587812,15983
frailty29_trained_motion_detector,frailty29_trained_to_ptt22,window,one_vs_rest,1,171,0.0,0.42273751408186255,0.9996711015701294,0.9970923018587812,15983
frailty29_trained_motion_detector,frailty29_trained_to_ptt22,window,one_vs_rest,1,172,0.0,0.42696207285016896,0.9994983673095703,0.9970923018587812,15983
frailty29_trained_motion_detector,frailty29_trained_to_ptt22,window,one_vs_rest,1,173,0.0,0.42714983101764925,0.9994977712631226,0.9970923018587812,15983
frailty29_trained_motion_detector,frailty29_trained_to_ptt22,window,one_vs_rest,1,174,0.0,0.7571348103642509,0.009170401841402054,0.9970923018587812,15983
frailty29_trained_motion_detector,frailty29_trained_to_ptt22,window,one_vs_rest,1,175,0.00018758206715438003,0.7571348103642509,0.00913413055241108,0.9970923018587812,15983
frailty29_trained_motion_detector,frailty29_trained_to_ptt22,window,one_vs_rest,1,176,0.00018758206715438003,0.7829515583927901,0.005664284341037273,0.9970923018587812,15983
frailty29_trained_motion_detector,frailty29_trained_to_ptt22,window,one_vs_rest,1,177,0.00037516413430876007,0.7829515583927901,0.005659962072968483,0.9970923018587812,15983
frailty29_trained_motion_detector,frailty29_trained_to_ptt22,window,one_vs_rest,1,178,0.00037516413430876007,0.8134622606083365,0.003290618536993861,0.9970923018587812,15983
frailty29_trained_motion_detector,frailty29_trained_to_ptt22,window,one_vs_rest,1,179,0.0005627462014631402,0.8134622606083365,0.0032831858843564987,0.9970923018587812,15983
frailty29_trained_motion_detector,frailty29_trained_to_ptt22,window,one_vs_rest,1,180,0.0005627462014631402,0.846695456252347,0.0019916791934520006,0.9970923018587812,15983
frailty29_trained_motion_detector,frailty29_trained_to_ptt22,window,one_vs_rest,1,181,0.0007503282686175201,0.846695456252347,0.001985592069104314,0.9970923018587812,15983
frailty29_trained_motion_detector,frailty29_trained_to_ptt22,window,one_vs_rest,1,182,0.0007503282686175201,0.8685692827638002,0.0014876271598041058,0.9970923018587812,15983
frailty29_trained_motion_detector,frailty29_trained_to_ptt22,window,one_vs_rest,1,183,0.0009379103357719002,0.8685692827638002,0.001486628083512187,0.9970923018587812,15983
frailty29_trained_motion_detector,frailty29_trained_to_ptt22,window,one_vs_rest,1,184,0.0009379103357719002,0.8862185505069471,0.0011742818169295788,0.9970923018587812,15983
frailty29_trained_motion_detector,frailty29_trained_to_ptt22,window,one_vs_rest,1,185,0.0011254924029262803,0.8862185505069471,0.0011719625908881426,0.9970923018587812,15983
frailty29_trained_motion_detector,frailty29_trained_to_ptt22,window,one_vs_rest,1,186,0.0011254924029262803,0.8974840405557641,0.0009510897216387093,0.9970923018587812,15983
frailty29_trained_motion_detector,frailty29_trained_to_ptt22,window,one_vs_rest,1,187,0.0013130744700806604,0.8974840405557641,0.000950577377807349,0.9970923018587812,15983
frailty29_trained_motion_detector,frailty29_trained_to_ptt22,window,one_vs_rest,1,188,0.0013130744700806604,0.8986105895606459,0.0009310898021794856,0.9970923018587812,15983
frailty29_trained_motion_detector,frailty29_trained_to_ptt22,window,one_vs_rest,1,189,0.0015006565372350403,0.8986105895606459,0.0009307008585892618,0.9970923018587812,15983
frailty29_trained_motion_detector,frailty29_trained_to_ptt22,window,one_vs_rest,1,190,0.0015006565372350403,0.9100638377769433,0.0007366626523435116,0.9970923018587812,15983
frailty29_trained_motion_detector,frailty29_trained_to_ptt22,window,one_vs_rest,1,191,0.0016882386043894203,0.9100638377769433,0.0007362211472354829,0.9970923018587812,15983
frailty29_trained_motion_detector,frailty29_trained_to_ptt22,window,one_vs_rest,1,192,0.0016882386043894203,0.9112842658655651,0.0007199071696959436,0.9970923018587812,15983
frailty29_trained_motion_detector,frailty29_trained_to_ptt22,window,one_vs_rest,1,193,0.0018758206715438004,0.9112842658655651,0.000719723291695118,0.9970923018587812,15983
frailty29_trained_motion_detector,frailty29_trained_to_ptt22,window,one_vs_rest,1,194,0.0018758206715438004,0.9231130304168231,0.000562705856282264,0.9970923018587812,15983
frailty29_trained_motion_detector,frailty29_trained_to_ptt22,window,one_vs_rest,1,195,0.0020634027386981805,0.9231130304168231,0.0005619499133899808,0.9970923018587812,15983
frailty29_trained_motion_detector,frailty29_trained_to_ptt22,window,one_vs_rest,1,196,0.0020634027386981805,0.9270559519339091,0.000520900939591229,0.9970923018587812,15983
frailty29_trained_motion_detector,frailty29_trained_to_ptt22,window,one_vs_rest,1,197,0.0022509848058525606,0.9270559519339091,0.0005153403617441654,0.9970923018587812,15983
frailty29_trained_motion_detector,frailty29_trained_to_ptt22,window,one_vs_rest,1,198,0.0022509848058525606,0.9292151708599324,0.00048269116086885333,0.9970923018587812,15983
frailty29_trained_motion_detector,frailty29_trained_to_ptt22,window,one_vs_rest,1,199,0.0024385668730069407,0.9292151708599324,0.00048222008626908064,0.9970923018587812,15983
frailty29_trained_motion_detector,frailty29_trained_to_ptt22,window,one_vs_rest,1,200,0.0024385668730069407,0.9300600826135937,0.00047013399307616055,0.9970923018587812,15983
frailty29_trained_motion_detector,frailty29_trained_to_ptt22,window,one_vs_rest,1,201,0.0026261489401613208,0.9300600826135937,0.0004694512754213065,0.9970923018587812,15983
frailty29_trained_motion_detector,frailty29_trained_to_ptt22,window,one_vs_rest,1,202,0.0026261489401613208,0.9329703342095381,0.00043796334648504853,0.9970923018587812,15983
frailty29_trained_motion_detector,frailty29_trained_to_ptt22,window,one_vs_rest,1,203,0.0030013130744700805,0.9329703342095381,0.00043698144145309925,0.9970923018587812,15983
frailty29_trained_motion_detector,frailty29_trained_to_ptt22,window,one_vs_rest,1,204,0.0030013130744700805,0.9342846413819001,0.00042550801299512386,0.9970923018587812,15983
frailty29_trained_motion_detector,frailty29_trained_to_ptt22,window,one_vs_rest,1,205,0.0031888951416244606,0.9342846413819001,0.0004247736360412091,0.9970923018587812,15983
frailty29_trained_motion_detector,frailty29_trained_to_ptt22,window,one_vs_rest,1,206,0.0031888951416244606,0.9360683439729628,0.0004012577701359987,0.9970923018587812,15983
frailty29_trained_motion_detector,frailty29_trained_to_ptt22,window,one_vs_rest,1,207,0.0033764772087788407,0.9360683439729628,0.00039952664519660175,0.9970923018587812,15983
frailty29_trained_motion_detector,frailty29_trained_to_ptt22,window,one_vs_rest,1,208,0.0033764772087788407,0.9364438603079234,0.000390986300772056,0.9970923018587812,15983
frailty29_trained_motion_detector,frailty29_trained_to_ptt22,window,one_vs_rest,1,209,0.0035640592759332208,0.9364438603079234,0.00039046892197802663,0.9970923018587812,15983
frailty29_trained_motion_detector,frailty29_trained_to_ptt22,window,one_vs_rest,1,210,0.0035640592759332208,0.9373826511453248,0.0003853469679597765,0.9970923018587812,15983
frailty29_trained_motion_detector,frailty29_trained_to_ptt22,window,one_vs_rest,1,211,0.003751641343087601,0.9373826511453248,0.000384261307772249,0.9970923018587812,15983
frailty29_trained_motion_detector,frailty29_trained_to_ptt22,window,one_vs_rest,1,212,0.003751641343087601,0.9401051445737889,0.00034560178755782545,0.9970923018587812,15983
frailty29_trained_motion_detector,frailty29_trained_to_ptt22,window,one_vs_rest,1,213,0.0039392234102419805,0.9401051445737889,0.0003451171505730599,0.9970923018587812,15983
frailty29_trained_motion_detector,frailty29_trained_to_ptt22,window,one_vs_rest,1,214,0.0039392234102419805,0.9404806609087495,0.00034134674933739007,0.9970923018587812,15983
frailty29_trained_motion_detector,frailty29_trained_to_ptt22,window,one_vs_rest,1,215,0.004126805477396361,0.9404806609087495,0.000338265992468223,0.9970923018587812,15983
frailty29_trained_motion_detector,frailty29_trained_to_ptt22,window,one_vs_rest,1,216,0.004126805477396361,0.9406684190762298,0.00033455787342973053,0.9970923018587812,15983
frailty29_trained_motion_detector,frailty29_trained_to_ptt22,window,one_vs_rest,1,217,0.004314387544550741,0.9406684190762298,0.00033403708948753774,0.9970923018587812,15983
frailty29_trained_motion_detector,frailty29_trained_to_ptt22,window,one_vs_rest,1,218,0.004314387544550741,0.9412316935786706,0.0003245778498239815,0.9970923018587812,15983
frailty29_trained_motion_detector,frailty29_trained_to_ptt22,window,one_vs_rest,1,219,0.004501969611705121,0.9412316935786706,0.000323315616697073,0.9970923018587812,15983
frailty29_trained_motion_detector,frailty29_trained_to_ptt22,window,one_vs_rest,1,220,0.004501969611705121,0.9418888471648517,0.00030942619196139276,0.9970923018587812,15983
frailty29_trained_motion_detector,frailty29_trained_to_ptt22,window,one_vs_rest,1,221,0.004689551678859501,0.9418888471648517,0.0003094108251389116,0.9970923018587812,15983
frailty29_trained_motion_detector,frailty29_trained_to_ptt22,window,one_vs_rest,1,222,0.004689551678859501,0.9432031543372137,0.00029163516592234373,0.9970923018587812,15983
frailty29_trained_motion_detector,frailty29_trained_to_ptt22,window,one_vs_rest,1,223,0.004877133746013881,0.9432031543372137,0.00029103440465405583,0.9970923018587812,15983
frailty29_trained_motion_detector,frailty29_trained_to_ptt22,window,one_vs_rest,1,224,0.004877133746013881,0.9436725497559144,0.00028542132349684834,0.9970923018587812,15983
frailty29_trained_motion_detector,frailty29_trained_to_ptt22,window,one_vs_rest,1,225,0.005064715813168261,0.9436725497559144,0.00028499169275164604,0.9970923018587812,15983
frailty29_trained_motion_detector,frailty29_trained_to_ptt22,window,one_vs_rest,1,226,0.005064715813168261,0.9437664288396546,0.00028346010367386043,0.9970923018587812,15983
frailty29_trained_motion_detector,frailty29_trained_to_ptt22,window,one_vs_rest,1,227,0.0052522978803226416,0.9437664288396546,0.00028341091820038855,0.9970923018587812,15983
frailty29_trained_motion_detector,frailty29_trained_to_ptt22,window,one_vs_rest,1,228,0.0052522978803226416,0.9443297033420954,0.0002773693122435361,0.9970923018587812,15983
frailty29_trained_motion_detector,frailty29_trained_to_ptt22,window,one_vs_rest,1,229,0.005439879947477021,0.9443297033420954,0.00027736378251574934,0.9970923018587812,15983
frailty29_trained_motion_detector,frailty29_trained_to_ptt22,window,one_vs_rest,1,230,0.005439879947477021,0.944799098760796,0.0002738756884355098,0.9970923018587812,15983
frailty29_trained_motion_detector,frailty29_trained_to_ptt22,window,one_vs_rest,1,231,0.005627462014631401,0.944799098760796,0.00027314890758134425,0.9970923018587812,15983
frailty29_trained_motion_detector,frailty29_trained_to_ptt22,window,one_vs_rest,1,232,0.005627462014631401,0.9448929778445362,0.0002726132224779576,0.9970923018587812,15983
frailty29_trained_motion_detector,frailty29_trained_to_ptt22,window,one_vs_rest,1,233,0.005815044081785781,0.9448929778445362,0.00027097653946839273,0.9970923018587812,15983
frailty29_trained_motion_detector,frailty29_trained_to_ptt22,window,one_vs_rest,1,234,0.005815044081785781,0.9451746150957566,0.00026567166787572205,0.9970923018587812,15983
frailty29_trained_motion_detector,frailty29_trained_to_ptt22,window,one_vs_rest,1,235,0.006002626148940161,0.9451746150957566,0.0002644467749632895,0.9970923018587812,15983
frailty29_trained_motion_detector,frailty29_trained_to_ptt22,window,one_vs_rest,1,236,0.006002626148940161,0.9453623732632369,0.00026350849657319486,0.9970923018587812,15983
frailty29_trained_motion_detector,frailty29_trained_to_ptt22,window,one_vs_rest,1,237,0.0061902082160945416,0.9453623732632369,0.00026291701942682266,0.9970923018587812,15983
frailty29_trained_motion_detector,frailty29_trained_to_ptt22,window,one_vs_rest,1,238,0.0061902082160945416,0.945456252346977,0.00026046193670481443,0.9970923018587812,15983
frailty29_trained_motion_detector,frailty29_trained_to_ptt22,window,one_vs_rest,1,239,0.006377790283248921,0.945456252346977,0.00026045719278045,0.9970923018587812,15983
frailty29_trained_motion_detector,frailty29_trained_to_ptt22,window,one_vs_rest,1,240,0.006377790283248921,0.9456440105144573,0.00025928032118827105,0.9970923018587812,15983
frailty29_trained_motion_detector,frailty29_trained_to_ptt22,window,one_vs_rest,1,241,0.006565372350403302,0.9456440105144573,0.00025844218907877803,0.9970923018587812,15983
frailty29_trained_motion_detector,frailty29_trained_to_ptt22,window,one_vs_rest,1,242,0.006565372350403302,0.9458317686819376,0.00025648699374869466,0.9970923018587812,15983
frailty29_trained_motion_detector,frailty29_trained_to_ptt22,window,one_vs_rest,1,243,0.006752954417557681,0.9458317686819376,0.0002544793824199587,0.9970923018587812,15983
frailty29_trained_motion_detector,frailty29_trained_to_ptt22,window,one_vs_rest,1,244,0.006752954417557681,0.9460195268494179,0.0002529220946598798,0.9970923018587812,15983
frailty29_trained_motion_detector,frailty29_trained_to_ptt22,window,one_vs_rest,1,245,0.0071281185518664416,0.9460195268494179,0.0002479609102010727,0.9970923018587812,15983
frailty29_trained_motion_detector,frailty29_trained_to_ptt22,window,one_vs_rest,1,246,0.0071281185518664416,0.9462072850168982,0.00024593088892288506,0.9970923018587812,15983
frailty29_trained_motion_detector,frailty29_trained_to_ptt22,window,one_vs_rest,1,247,0.007315700619020821,0.9462072850168982,0.00024566444335505366,0.9970923018587812,15983
frailty29_trained_motion_detector,frailty29_trained_to_ptt22,window,one_vs_rest,1,248,0.007315700619020821,0.9464889222681186,0.00024385028518736362,0.9970923018587812,15983
frailty29_trained_motion_detector,frailty29_trained_to_ptt22,window,one_vs_rest,1,249,0.007503282686175202,0.9464889222681186,0.00024375102657359093,0.9970923018587812,15983
frailty29_trained_motion_detector,frailty29_trained_to_ptt22,window,one_vs_rest,1,250,0.007503282686175202,0.9465828013518588,0.00024176514125429094,0.9970923018587812,15983
frailty29_trained_motion_detector,frailty29_trained_to_ptt22,window,one_vs_rest,1,251,0.007690864753329581,0.9465828013518588,0.00024117207794915885,0.9970923018587812,15983
frailty29_trained_motion_detector,frailty29_trained_to_ptt22,window,one_vs_rest,1,252,0.007690864753329581,0.9492114156965828,0.00020705285714939237,0.9970923018587812,15983
frailty29_trained_motion_detector,frailty29_trained_to_ptt22,window,one_vs_rest,1,253,0.007878446820483961,0.9492114156965828,0.00020608068734873086,0.9970923018587812,15983
frailty29_trained_motion_detector,frailty29_trained_to_ptt22,window,one_vs_rest,1,254,0.007878446820483961,0.9494930529478033,0.00020105036674067378,0.9970923018587812,15983
frailty29_trained_motion_detector,frailty29_trained_to_ptt22,window,one_vs_rest,1,255,0.008066028887638342,0.9494930529478033,0.0002008371229749173,0.9970923018587812,15983
frailty29_trained_motion_detector,frailty29_trained_to_ptt22,window,one_vs_rest,1,256,0.008066028887638342,0.9495869320315433,0.00020079441310372204,0.9970923018587812,15983
frailty29_trained_motion_detector,frailty29_trained_to_ptt22,window,one_vs_rest,1,257,0.008253610954792722,0.9495869320315433,0.00020012829918414354,0.9970923018587812,15983
frailty29_trained_motion_detector,frailty29_trained_to_ptt22,window,one_vs_rest,1,258,0.008253610954792722,0.9504318437852046,0.00019116845214739442,0.9970923018587812,15983
frailty29_trained_motion_detector,frailty29_trained_to_ptt22,window,one_vs_rest,1,259,0.008441193021947102,0.9504318437852046,0.00019023857021238655,0.9970923018587812,15983
frailty29_trained_motion_detector,frailty29_trained_to_ptt22,window,one_vs_rest,1,260,0.008441193021947102,0.9522155463762674,0.0001811619004001841,0.9970923018587812,15983
frailty29_trained_motion_detector,frailty29_trained_to_ptt22,window,one_vs_rest,1,261,0.008628775089101481,0.9522155463762674,0.00018057279521599412,0.9970923018587812,15983
frailty29_trained_motion_detector,frailty29_trained_to_ptt22,window,one_vs_rest,1,262,0.008628775089101481,0.9523094254600075,0.0001794583076843992,0.9970923018587812,15983
frailty29_trained_motion_detector,frailty29_trained_to_ptt22,window,one_vs_rest,1,263,0.008816357156255863,0.9523094254600075,0.0001788286754162982,0.9970923018587812,15983
frailty29_trained_motion_detector,frailty29_trained_to_ptt22,window,one_vs_rest,1,264,0.008816357156255863,0.9524033045437477,0.00017754051077645272,0.9970923018587812,15983
frailty29_trained_motion_detector,frailty29_trained_to_ptt22,window,one_vs_rest,1,265,0.009191521290564622,0.9524033045437477,0.00017438680515624583,0.9970923018587812,15983
frailty29_trained_motion_detector,frailty29_trained_to_ptt22,window,one_vs_rest,1,266,0.009191521290564622,0.9529665790461885,0.00017032506002578884,0.9970923018587812,15983
frailty29_trained_motion_detector,frailty29_trained_to_ptt22,window,one_vs_rest,1,267,0.009379103357719002,0.9529665790461885,0.00016949880227912217,0.9970923018587812,15983
frailty29_trained_motion_detector,frailty29_trained_to_ptt22,window,one_vs_rest,1,268,0.009379103357719002,0.953248216297409,0.00016744137974455953,0.9970923018587812,15983
frailty29_trained_motion_detector,frailty29_trained_to_ptt22,window,one_vs_rest,1,269,0.009566685424873381,0.953248216297409,0.00016676753875799477,0.9970923018587812,15983
frailty29_trained_motion_detector,frailty29_trained_to_ptt22,window,one_vs_rest,1,270,0.009566685424873381,0.9542808862185506,0.00016157413483597338,0.9970923018587812,15983
frailty29_trained_motion_detector,frailty29_trained_to_ptt22,window,one_vs_rest,1,271,0.009754267492027763,0.9542808862185506,0.00016090995632112026,0.9970923018587812,15983
frailty29_trained_motion_detector,frailty29_trained_to_ptt22,window,one_vs_rest,1,272,0.009754267492027763,0.955313556139692,0.0001555593335069716,0.9970923018587812,15983
frailty29_trained_motion_detector,frailty29_trained_to_ptt22,window,one_vs_rest,1,273,0.009941849559182142,0.955313556139692,0.00015550536045338959,0.9970923018587812,15983
frailty29_trained_motion_detector,frailty29_trained_to_ptt22,window,one_vs_rest,1,274,0.009941849559182142,0.9554074352234322,0.00015537966100964695,0.9970923018587812,15983
frailty29_trained_motion_detector,frailty29_trained_to_ptt22,window,one_vs_rest,1,275,0.010129431626336522,0.9554074352234322,0.00015522477042395622,0.9970923018587812,15983
frailty29_trained_motion_detector,frailty29_trained_to_ptt22,window,one_vs_rest,1,276,0.010129431626336522,0.9556890724746526,0.0001535919727757573,0.9970923018587812,15983
frailty29_trained_motion_detector,frailty29_trained_to_ptt22,window,one_vs_rest,1,277,0.010317013693490902,0.9556890724746526,0.00015253093442879617,0.9970923018587812,15983
frailty29_trained_motion_detector,frailty29_trained_to_ptt22,window,one_vs_rest,1,278,0.010317013693490902,0.9557829515583928,0.00015244325913954526,0.9970923018587812,15983
frailty29_trained_motion_detector,frailty29_trained_to_ptt22,window,one_vs_rest,1,279,0.010504595760645283,0.9557829515583928,0.00015230871213134378,0.9970923018587812,15983
frailty29_trained_motion_detector,frailty29_trained_to_ptt22,window,one_vs_rest,1,280,0.010504595760645283,0.9575666541494555,0.00014311718405224383,0.9970923018587812,15983
frailty29_trained_motion_detector,frailty29_trained_to_ptt22,window,one_vs_rest,1,281,0.010692177827799663,0.9575666541494555,0.00014272048429120332,0.9970923018587812,15983
frailty29_trained_motion_detector,frailty29_trained_to_ptt22,window,one_vs_rest,1,282,0.010692177827799663,0.9576605332331957,0.00014268659288063645,0.9970923018587812,15983
frailty29_trained_motion_detector,frailty29_trained_to_ptt22,window,one_vs_rest,1,283,0.010879759894954042,0.9576605332331957,0.00014216591080185026,0.9970923018587812,15983
frailty29_trained_motion_detector,frailty29_trained_to_ptt22,window,one_vs_rest,1,284,0.010879759894954042,0.9585993240705971,0.00013941734505351633,0.9970923018587812,15983
frailty29_trained_motion_detector,frailty29_trained_to_ptt22,window,one_vs_rest,1,285,0.011254924029262802,0.9585993240705971,0.00013863692583981901,0.9970923018587812,15983
frailty29_trained_motion_detector,frailty29_trained_to_ptt22,window,one_vs_rest,1,286,0.011254924029262802,0.9586932031543373,0.00013847269292455167,0.9970923018587812,15983
frailty29_trained_motion_detector,frailty29_trained_to_ptt22,window,one_vs_rest,1,287,0.011442506096417183,0.9586932031543373,0.00013831473188474774,0.9970923018587812,15983
frailty29_trained_motion_detector,frailty29_trained_to_ptt22,window,one_vs_rest,1,288,0.011442506096417183,0.9594442358242583,0.00013629120076075196,0.9970923018587812,15983
frailty29_trained_motion_detector,frailty29_trained_to_ptt22,window,one_vs_rest,1,289,0.011630088163571563,0.9594442358242583,0.00013603802653960884,0.9970923018587812,15983
frailty29_trained_motion_detector,frailty29_trained_to_ptt22,window,one_vs_rest,1,290,0.011630088163571563,0.9601952684941795,0.0001319809234701097,0.9970923018587812,15983
frailty29_trained_motion_detector,frailty29_trained_to_ptt22,window,one_vs_rest,1,291,0.011817670230725942,0.9601952684941795,0.00013191852485761046,0.9970923018587812,15983
frailty29_trained_motion_detector,frailty29_trained_to_ptt22,window,one_vs_rest,1,292,0.011817670230725942,0.9610401802478408,0.00012935225095134228,0.9970923018587812,15983
frailty29_trained_motion_detector,frailty29_trained_to_ptt22,window,one_vs_rest,1,293,0.012005252297880322,0.9610401802478408,0.00012928209616802633,0.9970923018587812,15983
frailty29_trained_motion_detector,frailty29_trained_to_ptt22,window,one_vs_rest,1,294,0.012005252297880322,0.9621667292527225,0.00012564360804390162,0.9970923018587812,15983
frailty29_trained_motion_detector,frailty29_trained_to_ptt22,window,one_vs_rest,1,295,0.012192834365034703,0.9621667292527225,0.00012562444317154586,0.9970923018587812,15983
frailty29_trained_motion_detector,frailty29_trained_to_ptt22,window,one_vs_rest,1,296,0.012192834365034703,0.9623544874202028,0.00012531170796137303,0.9970923018587812,15983
frailty29_trained_motion_detector,frailty29_trained_to_ptt22,window,one_vs_rest,1,297,0.012380416432189083,0.9623544874202028,0.00012517173308879137,0.9970923018587812,15983
frailty29_trained_motion_detector,frailty29_trained_to_ptt22,window,one_vs_rest,1,298,0.012380416432189083,0.9626361246714232,0.00012466988118831068,0.9970923018587812,15983
frailty29_trained_motion_detector,frailty29_trained_to_ptt22,window,one_vs_rest,1,299,0.012567998499343463,0.9626361246714232,0.00012465122563298792,0.9970923018587812,15983
frailty29_trained_motion_detector,frailty29_trained_to_ptt22,window,one_vs_rest,1,300,0.012567998499343463,0.9627300037551634,0.00012435822281986475,0.9970923018587812,15983
frailty29_trained_motion_detector,frailty29_trained_to_ptt22,window,one_vs_rest,1,301,0.012755580566497842,0.9627300037551634,0.00012431768118403852,0.9970923018587812,15983
frailty29_trained_motion_detector,frailty29_trained_to_ptt22,window,one_vs_rest,1,302,0.012755580566497842,0.9628238828389035,0.00012397980026435107,0.9970923018587812,15983
frailty29_trained_motion_detector,frailty29_trained_to_ptt22,window,one_vs_rest,1,303,0.013130744700806603,0.9628238828389035,0.00012359253014437854,0.9970923018587812,15983
frailty29_trained_motion_detector,frailty29_trained_to_ptt22,window,one_vs_rest,1,304,0.013130744700806603,0.963105520090124,0.00012274584150873125,0.9970923018587812,15983
frailty29_trained_motion_detector,frailty29_trained_to_ptt22,window,one_vs_rest,1,305,0.013318326767960983,0.963105520090124,0.00012273577158339322,0.9970923018587812,15983
frailty29_trained_motion_detector,frailty29_trained_to_ptt22,window,one_vs_rest,1,306,0.013318326767960983,0.9635749155088247,0.00012140612670918927,0.9970923018587812,15983
frailty29_trained_motion_detector,frailty29_trained_to_ptt22,window,one_vs_rest,1,307,0.013505908835115363,0.9635749155088247,0.00012137870362494141,0.9970923018587812,15983
frailty29_trained_motion_detector,frailty29_trained_to_ptt22,window,one_vs_rest,1,308,0.013505908835115363,0.963762673676305,0.000120182303362526,0.9970923018587812,15983
frailty29_trained_motion_detector,frailty29_trained_to_ptt22,window,one_vs_rest,1,309,0.013693490902269742,0.963762673676305,0.00012008631165372208,0.9970923018587812,15983
frailty29_trained_motion_detector,frailty29_trained_to_ptt22,window,one_vs_rest,1,310,0.013693490902269742,0.9642320690950056,0.00011905650171684101,0.9970923018587812,15983
frailty29_trained_motion_detector,frailty29_trained_to_ptt22,window,one_vs_rest,1,311,0.014068655036578503,0.9642320690950056,0.00011859375081257895,0.9970923018587812,15983
frailty29_trained_motion_detector,frailty29_trained_to_ptt22,window,one_vs_rest,1,312,0.014068655036578503,0.9644198272624859,0.00011842176900245249,0.9970923018587812,15983
frailty29_trained_motion_detector,frailty29_trained_to_ptt22,window,one_vs_rest,1,313,0.014256237103732883,0.9644198272624859,0.00011731434642570093,0.9970923018587812,15983
frailty29_trained_motion_detector,frailty29_trained_to_ptt22,window,one_vs_rest,1,314,0.014256237103732883,0.9647953435974465,0.00011621030716923997,0.9970923018587812,15983
frailty29_trained_motion_detector,frailty29_trained_to_ptt22,window,one_vs_rest,1,315,0.014443819170887263,0.9647953435974465,0.00011536380043253303,0.9970923018587812,15983
frailty29_trained_motion_detector,frailty29_trained_to_ptt22,window,one_vs_rest,1,316,0.014443819170887263,0.965170859932407,0.00011380093201296404,0.9970923018587812,15983
frailty29_trained_motion_detector,frailty29_trained_to_ptt22,window,one_vs_rest,1,317,0.014818983305196024,0.965170859932407,0.00011284073843853548,0.9970923018587812,15983
frailty29_trained_motion_detector,frailty29_trained_to_ptt22,window,one_vs_rest,1,318,0.014818983305196024,0.9653586180998873,0.00011208938667550683,0.9970923018587812,15983
frailty29_trained_motion_detector,frailty29_trained_to_ptt22,window,one_vs_rest,1,319,0.015006565372350403,0.9653586180998873,0.00011187603377038613,0.9970923018587812,15983
frailty29_trained_motion_detector,frailty29_trained_to_ptt22,window,one_vs_rest,1,320,0.015006565372350403,0.9655463762673676,0.00010949376155622303,0.9970923018587812,15983
frailty29_trained_motion_detector,frailty29_trained_to_ptt22,window,one_vs_rest,1,321,0.015194147439504783,0.9655463762673676,0.00010896879393840209,0.9970923018587812,15983
frailty29_trained_motion_detector,frailty29_trained_to_ptt22,window,one_vs_rest,1,322,0.015194147439504783,0.9657341344348479,0.00010775589908007532,0.9970923018587812,15983
frailty29_trained_motion_detector,frailty29_trained_to_ptt22,window,one_vs_rest,1,323,0.015381729506659163,0.9657341344348479,0.00010668461618479341,0.9970923018587812,15983
frailty29_trained_motion_detector,frailty29_trained_to_ptt22,window,one_vs_rest,1,324,0.015381729506659163,0.9659218926023282,0.00010550862498348579,0.9970923018587812,15983
frailty29_trained_motion_detector,frailty29_trained_to_ptt22,window,one_vs_rest,1,325,0.015944475708122303,0.9659218926023282,0.00010406288492958993,0.9970923018587812,15983
frailty29_trained_motion_detector,frailty29_trained_to_ptt22,window,one_vs_rest,1,326,0.015944475708122303,0.9661096507698085,0.00010388848022557795,0.9970923018587812,15983
frailty29_trained_motion_detector,frailty29_trained_to_ptt22,window,one_vs_rest,1,327,0.016132057775276685,0.9661096507698085,0.00010374157864134759,0.9970923018587812,15983
frailty29_trained_motion_detector,frailty29_trained_to_ptt22,window,one_vs_rest,1,328,0.016132057775276685,0.9662035298535486,0.00010229878535028547,0.9970923018587812,15983
frailty29_trained_motion_detector,frailty29_trained_to_ptt22,window,one_vs_rest,1,329,0.016319639842431063,0.9662035298535486,0.0001019506307784468,0.9970923018587812,15983
frailty29_trained_motion_detector,frailty29_trained_to_ptt22,window,one_vs_rest,1,330,0.016319639842431063,0.9663912880210289,0.00010029843542724848,0.9970923018587812,15983
frailty29_trained_motion_detector,frailty29_trained_to_ptt22,window,one_vs_rest,1,331,0.016507221909585444,0.9663912880210289,9.989382670028135e-05,0.9970923018587812,15983
frailty29_trained_motion_detector,frailty29_trained_to_ptt22,window,one_vs_rest,1,332,0.016507221909585444,0.9667668043559895,9.770598990144208e-05,0.9970923018587812,15983
frailty29_trained_motion_detector,frailty29_trained_to_ptt22,window,one_vs_rest,1,333,0.016694803976739822,0.9667668043559895,9.765253344085068e-05,0.9970923018587812,15983
frailty29_trained_motion_detector,frailty29_trained_to_ptt22,window,one_vs_rest,1,334,0.016694803976739822,0.9668606834397296,9.743979899212718e-05,0.9970923018587812,15983
frailty29_trained_motion_detector,frailty29_trained_to_ptt22,window,one_vs_rest,1,335,0.016882386043894203,0.9668606834397296,9.729856537887827e-05,0.9970923018587812,15983
frailty29_trained_motion_detector,frailty29_trained_to_ptt22,window,one_vs_rest,1,336,0.016882386043894203,0.9674239579421705,9.533487900625914e-05,0.9970923018587812,15983
frailty29_trained_motion_detector,frailty29_trained_to_ptt22,window,one_vs_rest,1,337,0.017069968111048585,0.9674239579421705,9.447126649320126e-05,0.9970923018587812,15983
frailty29_trained_motion_detector,frailty29_trained_to_ptt22,window,one_vs_rest,1,338,0.017069968111048585,0.9675178370259107,9.406011668033898e-05,0.9970923018587812,15983
frailty29_trained_motion_detector,frailty29_trained_to_ptt22,window,one_vs_rest,1,339,0.017445132245357344,0.9675178370259107,9.374098590342328e-05,0.9970923018587812,15983
frailty29_trained_motion_detector,frailty29_trained_to_ptt22,window,one_vs_rest,1,340,0.017445132245357344,0.9677994742771311,9.122915071202442e-05,0.9970923018587812,15983
frailty29_trained_motion_detector,frailty29_trained_to_ptt22,window,one_vs_rest,1,341,0.017820296379666103,0.9677994742771311,9.038392454385757e-05,0.9970923018587812,15983
frailty29_trained_motion_detector,frailty29_trained_to_ptt22,window,one_vs_rest,1,342,0.017820296379666103,0.9678933533608712,9.03314576135017e-05,0.9970923018587812,15983
frailty29_trained_motion_detector,frailty29_trained_to_ptt22,window,one_vs_rest,1,343,0.018570624648283626,0.9678933533608712,8.918632374843583e-05,0.9970923018587812,15983
frailty29_trained_motion_detector,frailty29_trained_to_ptt22,window,one_vs_rest,1,344,0.018570624648283626,0.9685505069470522,8.764948142925277e-05,0.9970923018587812,15983
frailty29_trained_motion_detector,frailty29_trained_to_ptt22,window,one_vs_rest,1,345,0.018945788782592385,0.9685505069470522,8.593367965659127e-05,0.9970923018587812,15983
frailty29_trained_motion_detector,frailty29_trained_to_ptt22,window,one_vs_rest,1,346,0.018945788782592385,0.9686443860307924,8.568092016503215e-05,0.9970923018587812,15983
frailty29_trained_motion_detector,frailty29_trained_to_ptt22,window,one_vs_rest,1,347,0.019320952916901144,0.9686443860307924,8.526222518412396e-05,0.9970923018587812,15983
frailty29_trained_motion_detector,frailty29_trained_to_ptt22,window,one_vs_rest,1,348,0.019320952916901144,0.9690199023657529,8.45956164994277e-05,0.9970923018587812,15983
frailty29_trained_motion_detector,frailty29_trained_to_ptt22,window,one_vs_rest,1,349,0.019508534984055526,0.9690199023657529,8.451684698229656e-05,0.9970923018587812,15983
frailty29_trained_motion_detector,frailty29_trained_to_ptt22,window,one_vs_rest,1,350,0.019508534984055526,0.9692076605332332,8.409525617025793e-05,0.9970923018587812,15983
frailty29_trained_motion_detector,frailty29_trained_to_ptt22,window,one_vs_rest,1,351,0.019696117051209903,0.9692076605332332,8.405894186580554e-05,0.9970923018587812,15983
frailty29_trained_motion_detector,frailty29_trained_to_ptt22,window,one_vs_rest,1,352,0.019696117051209903,0.9693015396169733,8.36408362374641e-05,0.9970923018587812,15983
frailty29_trained_motion_detector,frailty29_trained_to_ptt22,window,one_vs_rest,1,353,0.020071281185518663,0.9693015396169733,8.353052544407547e-05,0.9970923018587812,15983
frailty29_trained_motion_detector,frailty29_trained_to_ptt22,window,one_vs_rest,1,354,0.020071281185518663,0.9700525722868945,8.060071559157223e-05,0.9970923018587812,15983
frailty29_trained_motion_detector,frailty29_trained_to_ptt22,window,one_vs_rest,1,355,0.020446445319827426,0.9700525722868945,8.013414480956271e-05,0.9970923018587812,15983
frailty29_trained_motion_detector,frailty29_trained_to_ptt22,window,one_vs_rest,1,356,0.020446445319827426,0.970428088621855,7.816721335984766e-05,0.9970923018587812,15983
frailty29_trained_motion_detector,frailty29_trained_to_ptt22,window,one_vs_rest,1,357,0.020634027386981803,0.970428088621855,7.783064938848838e-05,0.9970923018587812,15983
frailty29_trained_motion_detector,frailty29_trained_to_ptt22,window,one_vs_rest,1,358,0.020634027386981803,0.9708974840405558,7.572596950922161e-05,0.9970923018587812,15983
frailty29_trained_motion_detector,frailty29_trained_to_ptt22,window,one_vs_rest,1,359,0.020821609454136185,0.9708974840405558,7.551274029538035e-05,0.9970923018587812,15983
frailty29_trained_motion_detector,frailty29_trained_to_ptt22,window,one_vs_rest,1,360,0.020821609454136185,0.9711791212917762,7.513527089031413e-05,0.9970923018587812,15983
frailty29_trained_motion_detector,frailty29_trained_to_ptt22,window,one_vs_rest,1,361,0.021009191521290566,0.9711791212917762,7.474259473383427e-05,0.9970923018587812,15983
frailty29_trained_motion_detector,frailty29_trained_to_ptt22,window,one_vs_rest,1,362,0.021009191521290566,0.9712730003755163,7.435437146341428e-05,0.9970923018587812,15983
frailty29_trained_motion_detector,frailty29_trained_to_ptt22,window,one_vs_rest,1,363,0.021196773588444944,0.9712730003755163,7.431035919580609e-05,0.9970923018587812,15983
frailty29_trained_motion_detector,frailty29_trained_to_ptt22,window,one_vs_rest,1,364,0.021196773588444944,0.9714607585429966,7.40837276680395e-05,0.9970923018587812,15983
frailty29_trained_motion_detector,frailty29_trained_to_ptt22,window,one_vs_rest,1,365,0.021384355655599326,0.9714607585429966,7.405137876048684e-05,0.9970923018587812,15983
frailty29_trained_motion_detector,frailty29_trained_to_ptt22,window,one_vs_rest,1,366,0.021384355655599326,0.9716485167104769,7.387406367342919e-05,0.9970923018587812,15983
frailty29_trained_motion_detector,frailty29_trained_to_ptt22,window,one_vs_rest,1,367,0.021571937722753703,0.9716485167104769,7.386518700513989e-05,0.9970923018587812,15983
frailty29_trained_motion_detector,frailty29_trained_to_ptt22,window,one_vs_rest,1,368,0.021571937722753703,0.9720240330454375,7.254887896124274e-05,0.9970923018587812,15983
frailty29_trained_motion_detector,frailty29_trained_to_ptt22,window,one_vs_rest,1,369,0.021947101857062466,0.9720240330454375,7.243481377372518e-05,0.9970923018587812,15983
frailty29_trained_motion_detector,frailty29_trained_to_ptt22,window,one_vs_rest,1,370,0.021947101857062466,0.9723056702966579,7.12706969352439e-05,0.9970923018587812,15983
frailty29_trained_motion_detector,frailty29_trained_to_ptt22,window,one_vs_rest,1,371,0.022134683924216844,0.9723056702966579,7.120126974768937e-05,0.9970923018587812,15983
frailty29_trained_motion_detector,frailty29_trained_to_ptt22,window,one_vs_rest,1,372,0.022134683924216844,0.9723995493803981,7.117778295651078e-05,0.9970923018587812,15983
frailty29_trained_motion_detector,frailty29_trained_to_ptt22,window,one_vs_rest,1,373,0.022322265991371226,0.9723995493803981,7.014963193796575e-05,0.9970923018587812,15983
frailty29_trained_motion_detector,frailty29_trained_to_ptt22,window,one_vs_rest,1,374,0.022322265991371226,0.9724934284641382,6.984179344726726e-05,0.9970923018587812,15983
frailty29_trained_motion_detector,frailty29_trained_to_ptt22,window,one_vs_rest,1,375,0.022885012192834366,0.9724934284641382,6.919754378031939e-05,0.9970923018587812,15983
frailty29_trained_motion_detector,frailty29_trained_to_ptt22,window,one_vs_rest,1,376,0.022885012192834366,0.972962823882839,6.841490539954975e-05,0.9970923018587812,15983
frailty29_trained_motion_detector,frailty29_trained_to_ptt22,window,one_vs_rest,1,377,0.023260176327143126,0.972962823882839,6.80445009493269e-05,0.9970923018587812,15983
frailty29_trained_motion_detector,frailty29_trained_to_ptt22,window,one_vs_rest,1,378,0.023260176327143126,0.9731505820503192,6.784784636693075e-05,0.9970923018587812,15983
frailty29_trained_motion_detector,frailty29_trained_to_ptt22,window,one_vs_rest,1,379,0.023635340461451885,0.9731505820503192,6.733073678333312e-05,0.9970923018587812,15983
frailty29_trained_motion_detector,frailty29_trained_to_ptt22,window,one_vs_rest,1,380,0.023635340461451885,0.9733383402177995,6.710996967740357e-05,0.9970923018587812,15983
frailty29_trained_motion_detector,frailty29_trained_to_ptt22,window,one_vs_rest,1,381,0.023822922528606266,0.9733383402177995,6.671779556199908e-05,0.9970923018587812,15983
frailty29_trained_motion_detector,frailty29_trained_to_ptt22,window,one_vs_rest,1,382,0.023822922528606266,0.9734322193015397,6.652383308392018e-05,0.9970923018587812,15983
frailty29_trained_motion_detector,frailty29_trained_to_ptt22,window,one_vs_rest,1,383,0.024385668730069407,0.9734322193015397,6.546120130224153e-05,0.9970923018587812,15983
frailty29_trained_motion_detector,frailty29_trained_to_ptt22,window,one_vs_rest,1,384,0.024385668730069407,0.9735260983852798,6.525640492327511e-05,0.9970923018587812,15983
frailty29_trained_motion_detector,frailty29_trained_to_ptt22,window,one_vs_rest,1,385,0.024760832864378166,0.9735260983852798,6.446421321015805e-05,0.9970923018587812,15983
frailty29_trained_motion_detector,frailty29_trained_to_ptt22,window,one_vs_rest,1,386,0.024760832864378166,0.9736199774690198,6.442137964768335e-05,0.9970923018587812,15983
frailty29_trained_motion_detector,frailty29_trained_to_ptt22,window,one_vs_rest,1,387,0.025886325267304444,0.9736199774690198,6.371274503180757e-05,0.9970923018587812,15983
frailty29_trained_motion_detector,frailty29_trained_to_ptt22,window,one_vs_rest,1,388,0.025886325267304444,0.9739954938039804,6.310872413450852e-05,0.9970923018587812,15983
frailty29_trained_motion_detector,frailty29_trained_to_ptt22,window,one_vs_rest,1,389,0.026073907334458826,0.9739954938039804,6.282189133344218e-05,0.9970923018587812,15983
frailty29_trained_motion_detector,frailty29_trained_to_ptt22,window,one_vs_rest,1,390,0.026073907334458826,0.9740893728877206,6.277206557570025e-05,0.9970923018587812,15983
frailty29_trained_motion_detector,frailty29_trained_to_ptt22,window,one_vs_rest,1,391,0.026261489401613207,0.9740893728877206,6.271450547501445e-05,0.9970923018587812,15983
frailty29_trained_motion_detector,frailty29_trained_to_ptt22,window,one_vs_rest,1,392,0.026261489401613207,0.9748404055576417,5.9703914303099737e-05,0.9970923018587812,15983
frailty29_trained_motion_detector,frailty29_trained_to_ptt22,window,one_vs_rest,1,393,0.026449071468767585,0.9748404055576417,5.9488524129847065e-05,0.9970923018587812,15983
frailty29_trained_motion_detector,frailty29_trained_to_ptt22,window,one_vs_rest,1,394,0.026449071468767585,0.9749342846413819,5.9294034144841135e-05,0.9970923018587812,15983
frailty29_trained_motion_detector,frailty29_trained_to_ptt22,window,one_vs_rest,1,395,0.026824235603076348,0.9749342846413819,5.91872631048318e-05,0.9970923018587812,15983
frailty29_trained_motion_detector,frailty29_trained_to_ptt22,window,one_vs_rest,1,396,0.026824235603076348,0.975028163725122,5.9019246691605076e-05,0.9970923018587812,15983
frailty29_trained_motion_detector,frailty29_trained_to_ptt22,window,one_vs_rest,1,397,0.027011817670230726,0.975028163725122,5.872052497579716e-05,0.9970923018587812,15983
frailty29_trained_motion_detector,frailty29_trained_to_ptt22,window,one_vs_rest,1,398,0.027011817670230726,0.9752159218926023,5.830394002259709e-05,0.9970923018587812,15983
frailty29_trained_motion_detector,frailty29_trained_to_ptt22,window,one_vs_rest,1,399,0.027386981804539485,0.9752159218926023,5.7292392739327624e-05,0.9970923018587812,15983
frailty29_trained_motion_detector,frailty29_trained_to_ptt22,window,one_vs_rest,1,400,0.027386981804539485,0.9753098009763425,5.71394593862351e-05,0.9970923018587812,15983
frailty29_trained_motion_detector,frailty29_trained_to_ptt22,window,one_vs_rest,1,401,0.027574563871693866,0.9753098009763425,5.661119212163612e-05,0.9970923018587812,15983
frailty29_trained_motion_detector,frailty29_trained_to_ptt22,window,one_vs_rest,1,402,0.027574563871693866,0.975685317311303,5.5941331083886325e-05,0.9970923018587812,15983
frailty29_trained_motion_detector,frailty29_trained_to_ptt22,window,one_vs_rest,1,403,0.027949728006002626,0.975685317311303,5.5633947340538725e-05,0.9970923018587812,15983
frailty29_trained_motion_detector,frailty29_trained_to_ptt22,window,one_vs_rest,1,404,0.027949728006002626,0.9757791963950432,5.559968121815473e-05,0.9970923018587812,15983
frailty29_trained_motion_detector,frailty29_trained_to_ptt22,window,one_vs_rest,1,405,0.028137310073157007,0.9757791963950432,5.5208816775120795e-05,0.9970923018587812,15983
frailty29_trained_motion_detector,frailty29_trained_to_ptt22,window,one_vs_rest,1,406,0.028137310073157007,0.9758730754787833,5.520838749362156e-05,0.9970923018587812,15983
frailty29_trained_motion_detector,frailty29_trained_to_ptt22,window,one_vs_rest,1,407,0.028324892140311385,0.9758730754787833,5.518954640137963e-05,0.9970923018587812,15983
frailty29_trained_motion_detector,frailty29_trained_to_ptt22,window,one_vs_rest,1,408,0.028324892140311385,0.9759669545625235,5.509111360879615e-05,0.9970923018587812,15983
frailty29_trained_motion_detector,frailty29_trained_to_ptt22,window,one_vs_rest,1,409,0.028512474207465766,0.9759669545625235,5.503986176336184e-05,0.9970923018587812,15983
frailty29_trained_motion_detector,frailty29_trained_to_ptt22,window,one_vs_rest,1,410,0.028512474207465766,0.9761547127300038,5.473371857078746e-05,0.9970923018587812,15983
frailty29_trained_motion_detector,frailty29_trained_to_ptt22,window,one_vs_rest,1,411,0.029262802476083285,0.9761547127300038,5.4155909310793504e-05,0.9970923018587812,15983
frailty29_trained_motion_detector,frailty29_trained_to_ptt22,window,one_vs_rest,1,412,0.029262802476083285,0.9767179872324446,5.3510917496168986e-05,0.9970923018587812,15983
frailty29_trained_motion_detector,frailty29_trained_to_ptt22,window,one_vs_rest,1,413,0.029450384543237666,0.9767179872324446,5.3285031754057854e-05,0.9970923018587812,15983
frailty29_trained_motion_detector,frailty29_trained_to_ptt22,window,one_vs_rest,1,414,0.029450384543237666,0.9769057453999249,5.299097392708063e-05,0.9970923018587812,15983
frailty29_trained_motion_detector,frailty29_trained_to_ptt22,window,one_vs_rest,1,415,0.029637966610392048,0.9769057453999249,5.2953440899727866e-05,0.9970923018587812,15983
frailty29_trained_motion_detector,frailty29_trained_to_ptt22,window,one_vs_rest,1,416,0.029637966610392048,0.9773751408186256,5.212456380832009e-05,0.9970923018587812,15983
frailty29_trained_motion_detector,frailty29_trained_to_ptt22,window,one_vs_rest,1,417,0.030013130744700807,0.9773751408186256,5.196871643420309e-05,0.9970923018587812,15983
frailty29_trained_motion_detector,frailty29_trained_to_ptt22,window,one_vs_rest,1,418,0.030013130744700807,0.9776567780698461,5.1672806876013055e-05,0.9970923018587812,15983
frailty29_trained_motion_detector,frailty29_trained_to_ptt22,window,one_vs_rest,1,419,0.03020071281185519,0.9776567780698461,5.1498020184226334e-05,0.9970923018587812,15983
frailty29_trained_motion_detector,frailty29_trained_to_ptt22,window,one_vs_rest,1,420,0.03020071281185519,0.9777506571535862,5.149257049197331e-05,0.9970923018587812,15983
frailty29_trained_motion_detector,frailty29_trained_to_ptt22,window,one_vs_rest,1,421,0.030388294879009566,0.9777506571535862,5.121435970067978e-05,0.9970923018587812,15983
frailty29_trained_motion_detector,frailty29_trained_to_ptt22,window,one_vs_rest,1,422,0.030388294879009566,0.9779384153210665,5.042967677582055e-05,0.9970923018587812,15983
frailty29_trained_motion_detector,frailty29_trained_to_ptt22,window,one_vs_rest,1,423,0.030575876946163948,0.9779384153210665,5.034232162870467e-05,0.9970923018587812,15983
frailty29_trained_motion_detector,frailty29_trained_to_ptt22,window,one_vs_rest,1,424,0.030575876946163948,0.9784078107397671,4.976733180228621e-05,0.9970923018587812,15983
frailty29_trained_motion_detector,frailty29_trained_to_ptt22,window,one_vs_rest,1,425,0.030763459013318326,0.9784078107397671,4.955663098371588e-05,0.9970923018587812,15983
frailty29_trained_motion_detector,frailty29_trained_to_ptt22,window,one_vs_rest,1,426,0.030763459013318326,0.9787833270747277,4.914245073450729e-05,0.9970923018587812,15983
frailty29_trained_motion_detector,frailty29_trained_to_ptt22,window,one_vs_rest,1,427,0.030951041080472707,0.9787833270747277,4.9036560085369274e-05,0.9970923018587812,15983
frailty29_trained_motion_detector,frailty29_trained_to_ptt22,window,one_vs_rest,1,428,0.030951041080472707,0.9788772061584678,4.899103441857733e-05,0.9970923018587812,15983
frailty29_trained_motion_detector,frailty29_trained_to_ptt22,window,one_vs_rest,1,429,0.032076533483398985,0.9788772061584678,4.827418888453394e-05,0.9970923018587812,15983
frailty29_trained_motion_detector,frailty29_trained_to_ptt22,window,one_vs_rest,1,430,0.032076533483398985,0.9793466015771686,4.767059726873413e-05,0.9970923018587812,15983
frailty29_trained_motion_detector,frailty29_trained_to_ptt22,window,one_vs_rest,1,431,0.03226411555055337,0.9793466015771686,4.765018820762634e-05,0.9970923018587812,15983
frailty29_trained_motion_detector,frailty29_trained_to_ptt22,window,one_vs_rest,1,432,0.03226411555055337,0.979628238828389,4.753232860821299e-05,0.9970923018587812,15983
frailty29_trained_motion_detector,frailty29_trained_to_ptt22,window,one_vs_rest,1,433,0.03245169761770775,0.979628238828389,4.748416904476471e-05,0.9970923018587812,15983
frailty29_trained_motion_detector,frailty29_trained_to_ptt22,window,one_vs_rest,1,434,0.03245169761770775,0.9797221179121292,4.743497265735641e-05,0.9970923018587812,15983
frailty29_trained_motion_detector,frailty29_trained_to_ptt22,window,one_vs_rest,1,435,0.03282686175201651,0.9797221179121292,4.734282993013039e-05,0.9970923018587812,15983
frailty29_trained_motion_detector,frailty29_trained_to_ptt22,window,one_vs_rest,1,436,0.03282686175201651,0.9800037551633496,4.718255149782635e-05,0.9970923018587812,15983
frailty29_trained_motion_detector,frailty29_trained_to_ptt22,window,one_vs_rest,1,437,0.033202025886325266,0.9800037551633496,4.686810643761419e-05,0.9970923018587812,15983
frailty29_trained_motion_detector,frailty29_trained_to_ptt22,window,one_vs_rest,1,438,0.033202025886325266,0.9800976342470897,4.6698885853402317e-05,0.9970923018587812,15983
frailty29_trained_motion_detector,frailty29_trained_to_ptt22,window,one_vs_rest,1,439,0.033389607953479644,0.9800976342470897,4.6642358938697726e-05,0.9970923018587812,15983
frailty29_trained_motion_detector,frailty29_trained_to_ptt22,window,one_vs_rest,1,440,0.033389607953479644,0.9801915133308299,4.636965968529694e-05,0.9970923018587812,15983
frailty29_trained_motion_detector,frailty29_trained_to_ptt22,window,one_vs_rest,1,441,0.03357719002063403,0.9801915133308299,4.6361081331269816e-05,0.9970923018587812,15983
frailty29_trained_motion_detector,frailty29_trained_to_ptt22,window,one_vs_rest,1,442,0.03357719002063403,0.9805670296657905,4.613632700056769e-05,0.9970923018587812,15983
frailty29_trained_motion_detector,frailty29_trained_to_ptt22,window,one_vs_rest,1,443,0.03376477208778841,0.9805670296657905,4.613557757693343e-05,0.9970923018587812,15983
frailty29_trained_motion_detector,frailty29_trained_to_ptt22,window,one_vs_rest,1,444,0.03376477208778841,0.9808486669170109,4.607859591487795e-05,0.9970923018587812,15983
frailty29_trained_motion_detector,frailty29_trained_to_ptt22,window,one_vs_rest,1,445,0.03413993622209717,0.9808486669170109,4.598311716108583e-05,0.9970923018587812,15983
frailty29_trained_motion_detector,frailty29_trained_to_ptt22,window,one_vs_rest,1,446,0.03413993622209717,0.9811303041682313,4.5664553908864036e-05,0.9970923018587812,15983
frailty29_trained_motion_detector,frailty29_trained_to_ptt22,window,one_vs_rest,1,447,0.03432751828925155,0.9811303041682313,4.564012851915322e-05,0.9970923018587812,15983
frailty29_trained_motion_detector,frailty29_trained_to_ptt22,window,one_vs_rest,1,448,0.03432751828925155,0.9814119414194518,4.5356195187196136e-05,0.9970923018587812,15983
frailty29_trained_motion_detector,frailty29_trained_to_ptt22,window,one_vs_rest,1,449,0.034515100356405926,0.9814119414194518,4.519795038504526e-05,0.9970923018587812,15983
frailty29_trained_motion_detector,frailty29_trained_to_ptt22,window,one_vs_rest,1,450,0.034515100356405926,0.9815058205031919,4.505352990236133e-05,0.9970923018587812,15983
frailty29_trained_motion_detector,frailty29_trained_to_ptt22,window,one_vs_rest,1,451,0.03470268242356031,0.9815058205031919,4.503188392845914e-05,0.9970923018587812,15983
frailty29_trained_motion_detector,frailty29_trained_to_ptt22,window,one_vs_rest,1,452,0.03470268242356031,0.9816935786706722,4.470728526939638e-05,0.9970923018587812,15983
frailty29_trained_motion_detector,frailty29_trained_to_ptt22,window,one_vs_rest,1,453,0.03489026449071469,0.9816935786706722,4.454268128029071e-05,0.9970923018587812,15983
frailty29_trained_motion_detector,frailty29_trained_to_ptt22,window,one_vs_rest,1,454,0.03489026449071469,0.9819752159218926,4.437715688254684e-05,0.9970923018587812,15983
frailty29_trained_motion_detector,frailty29_trained_to_ptt22,window,one_vs_rest,1,455,0.03526542862502345,0.9819752159218926,4.4112901377957314e-05,0.9970923018587812,15983
frailty29_trained_motion_detector,frailty29_trained_to_ptt22,window,one_vs_rest,1,456,0.03526542862502345,0.9820690950056328,4.408678796608001e-05,0.9970923018587812,15983
frailty29_trained_motion_detector,frailty29_trained_to_ptt22,window,one_vs_rest,1,457,0.036390921027949726,0.9820690950056328,4.329483999754302e-05,0.9970923018587812,15983
frailty29_trained_motion_detector,frailty29_trained_to_ptt22,window,one_vs_rest,1,458,0.036390921027949726,0.9821629740893729,4.326767520979047e-05,0.9970923018587812,15983
frailty29_trained_motion_detector,frailty29_trained_to_ptt22,window,one_vs_rest,1,459,0.03714124929656725,0.9821629740893729,4.278233973309398e-05,0.9970923018587812,15983
frailty29_trained_motion_detector,frailty29_trained_to_ptt22,window,one_vs_rest,1,460,0.03714124929656725,0.9822568531731131,4.267704571248032e-05,0.9970923018587812,15983
frailty29_trained_motion_detector,frailty29_trained_to_ptt22,window,one_vs_rest,1,461,0.03732883136372163,0.9822568531731131,4.248935147188604e-05,0.9970923018587812,15983
frailty29_trained_motion_detector,frailty29_trained_to_ptt22,window,one_vs_rest,1,462,0.03732883136372163,0.9823507322568532,4.2462535930098966e-05,0.9970923018587812,15983
frailty29_trained_motion_detector,frailty29_trained_to_ptt22,window,one_vs_rest,1,463,0.03751641343087601,0.9823507322568532,4.228981924825348e-05,0.9970923018587812,15983
frailty29_trained_motion_detector,frailty29_trained_to_ptt22,window,one_vs_rest,1,464,0.03751641343087601,0.9827262485918138,4.217708919895813e-05,0.9970923018587812,15983
frailty29_trained_motion_detector,frailty29_trained_to_ptt22,window,one_vs_rest,1,465,0.03789157756518477,0.9827262485918138,4.206838639220223e-05,0.9970923018587812,15983
frailty29_trained_motion_detector,frailty29_trained_to_ptt22,window,one_vs_rest,1,466,0.03789157756518477,0.9831017649267744,4.172367334831506e-05,0.9970923018587812,15983
frailty29_trained_motion_detector,frailty29_trained_to_ptt22,window,one_vs_rest,1,467,0.038266741699493526,0.9831017649267744,4.141067620366812e-05,0.9970923018587812,15983
frailty29_trained_motion_detector,frailty29_trained_to_ptt22,window,one_vs_rest,1,468,0.038266741699493526,0.9831956440105144,4.1407438402529806e-05,0.9970923018587812,15983
frailty29_trained_motion_detector,frailty29_trained_to_ptt22,window,one_vs_rest,1,469,0.03845432376664791,0.9831956440105144,4.140526652918197e-05,0.9970923018587812,15983
frailty29_trained_motion_detector,frailty29_trained_to_ptt22,window,one_vs_rest,1,470,0.03845432376664791,0.9834772812617348,4.12719018640928e-05,0.9970923018587812,15983
frailty29_trained_motion_detector,frailty29_trained_to_ptt22,window,one_vs_rest,1,471,0.03864190583380229,0.9834772812617348,4.121251549804583e-05,0.9970923018587812,15983
frailty29_trained_motion_detector,frailty29_trained_to_ptt22,window,one_vs_rest,1,472,0.03864190583380229,0.983571160345475,4.094691030331887e-05,0.9970923018587812,15983
frailty29_trained_motion_detector,frailty29_trained_to_ptt22,window,one_vs_rest,1,473,0.038829487900956666,0.983571160345475,4.0860857552615926e-05,0.9970923018587812,15983
frailty29_trained_motion_detector,frailty29_trained_to_ptt22,window,one_vs_rest,1,474,0.038829487900956666,0.9838527975966954,4.0206610719906166e-05,0.9970923018587812,15983
frailty29_trained_motion_detector,frailty29_trained_to_ptt22,window,one_vs_rest,1,475,0.03920465203526543,0.9838527975966954,4.015901868115179e-05,0.9970923018587812,15983
frailty29_trained_motion_detector,frailty29_trained_to_ptt22,window,one_vs_rest,1,476,0.03920465203526543,0.9839466766804356,4.011920827906579e-05,0.9970923018587812,15983
frailty29_trained_motion_detector,frailty29_trained_to_ptt22,window,one_vs_rest,1,477,0.040142562371037326,0.9839466766804356,3.969427052652463e-05,0.9970923018587812,15983
frailty29_trained_motion_detector,frailty29_trained_to_ptt22,window,one_vs_rest,1,478,0.040142562371037326,0.9844160720991363,3.918285801773891e-05,0.9970923018587812,15983
frailty29_trained_motion_detector,frailty29_trained_to_ptt22,window,one_vs_rest,1,479,0.04033014443819171,0.9844160720991363,3.916544665116817e-05,0.9970923018587812,15983
frailty29_trained_motion_detector,frailty29_trained_to_ptt22,window,one_vs_rest,1,480,0.04033014443819171,0.9846977093503567,3.8900270737940446e-05,0.9970923018587812,15983
frailty29_trained_motion_detector,frailty29_trained_to_ptt22,window,one_vs_rest,1,481,0.04051772650534609,0.9846977093503567,3.864020618493669e-05,0.9970923018587812,15983
frailty29_trained_motion_detector,frailty29_trained_to_ptt22,window,one_vs_rest,1,482,0.04051772650534609,0.9847915884340969,3.86376996175386e-05,0.9970923018587812,15983
frailty29_trained_motion_detector,frailty29_trained_to_ptt22,window,one_vs_rest,1,483,0.04089289063965485,0.9847915884340969,3.853764428640716e-05,0.9970923018587812,15983
frailty29_trained_motion_detector,frailty29_trained_to_ptt22,window,one_vs_rest,1,484,0.04089289063965485,0.9850732256853173,3.8225247408263385e-05,0.9970923018587812,15983
frailty29_trained_motion_detector,frailty29_trained_to_ptt22,window,one_vs_rest,1,485,0.04145563684111799,0.9850732256853173,3.790696064243093e-05,0.9970923018587812,15983
frailty29_trained_motion_detector,frailty29_trained_to_ptt22,window,one_vs_rest,1,486,0.04145563684111799,0.9854487420202779,3.7761412386316806e-05,0.9970923018587812,15983
frailty29_trained_motion_detector,frailty29_trained_to_ptt22,window,one_vs_rest,1,487,0.04164321890827237,0.9854487420202779,3.772333366214298e-05,0.9970923018587812,15983
frailty29_trained_motion_detector,frailty29_trained_to_ptt22,window,one_vs_rest,1,488,0.04164321890827237,0.9856365001877582,3.7628404243150726e-05,0.9970923018587812,15983
frailty29_trained_motion_detector,frailty29_trained_to_ptt22,window,one_vs_rest,1,489,0.04183080097542675,0.9856365001877582,3.755305442609824e-05,0.9970923018587812,15983
frailty29_trained_motion_detector,frailty29_trained_to_ptt22,window,one_vs_rest,1,490,0.04183080097542675,0.9858242583552385,3.745820504263975e-05,0.9970923018587812,15983
frailty29_trained_motion_detector,frailty29_trained_to_ptt22,window,one_vs_rest,1,491,0.04239354717688989,0.9858242583552385,3.742778062587604e-05,0.9970923018587812,15983
frailty29_trained_motion_detector,frailty29_trained_to_ptt22,window,one_vs_rest,1,492,0.04239354717688989,0.9859181374389786,3.7298868846846744e-05,0.9970923018587812,15983
frailty29_trained_motion_detector,frailty29_trained_to_ptt22,window,one_vs_rest,1,493,0.04276871131119865,0.9859181374389786,3.712756733875722e-05,0.9970923018587812,15983
frailty29_trained_motion_detector,frailty29_trained_to_ptt22,window,one_vs_rest,1,494,0.04276871131119865,0.9860120165227187,3.6942925362382084e-05,0.9970923018587812,15983
frailty29_trained_motion_detector,frailty29_trained_to_ptt22,window,one_vs_rest,1,495,0.04295629337835303,0.9860120165227187,3.6838122468907386e-05,0.9970923018587812,15983
frailty29_trained_motion_detector,frailty29_trained_to_ptt22,window,one_vs_rest,1,496,0.04295629337835303,0.9861058956064589,3.681266025523655e-05,0.9970923018587812,15983
frailty29_trained_motion_detector,frailty29_trained_to_ptt22,window,one_vs_rest,1,497,0.04314387544550741,0.9861058956064589,3.6669251130660996e-05,0.9970923018587812,15983
frailty29_trained_motion_detector,frailty29_trained_to_ptt22,window,one_vs_rest,1,498,0.04314387544550741,0.986199774690199,3.6605943023459986e-05,0.9970923018587812,15983
frailty29_trained_motion_detector,frailty29_trained_to_ptt22,window,one_vs_rest,1,499,0.04389420371412493,0.986199774690199,3.643758100224659e-05,0.9970923018587812,15983
frailty29_trained_motion_detector,frailty29_trained_to_ptt22,window,one_vs_rest,1,500,0.04389420371412493,0.9862936537739392,3.6379595258040354e-05,0.9970923018587812,15983
frailty29_trained_motion_detector,frailty29_trained_to_ptt22,window,one_vs_rest,1,501,0.04408178578127931,0.9862936537739392,3.614520755945705e-05,0.9970923018587812,15983
frailty29_trained_motion_detector,frailty29_trained_to_ptt22,window,one_vs_rest,1,502,0.04408178578127931,0.9864814119414195,3.601943899411708e-05,0.9970923018587812,15983
frailty29_trained_motion_detector,frailty29_trained_to_ptt22,window,one_vs_rest,1,503,0.04426936784843369,0.9864814119414195,3.595495581976138e-05,0.9970923018587812,15983
frailty29_trained_motion_detector,frailty29_trained_to_ptt22,window,one_vs_rest,1,504,0.04426936784843369,0.9867630491926399,3.5778874007519335e-05,0.9970923018587812,15983
frailty29_trained_motion_detector,frailty29_trained_to_ptt22,window,one_vs_rest,1,505,0.04445694991558807,0.9867630491926399,3.551809277269058e-05,0.9970923018587812,15983
frailty29_trained_motion_detector,frailty29_trained_to_ptt22,window,one_vs_rest,1,506,0.04445694991558807,0.9871385655276005,3.535955693223514e-05,0.9970923018587812,15983
frailty29_trained_motion_detector,frailty29_trained_to_ptt22,window,one_vs_rest,1,507,0.04464453198274245,0.9871385655276005,3.529557943693362e-05,0.9970923018587812,15983
frailty29_trained_motion_detector,frailty29_trained_to_ptt22,window,one_vs_rest,1,508,0.04464453198274245,0.9872324446113406,3.5239245335105807e-05,0.9970923018587812,15983
frailty29_trained_motion_detector,frailty29_trained_to_ptt22,window,one_vs_rest,1,509,0.04520727818420559,0.9872324446113406,3.49738220393192e-05,0.9970923018587812,15983
frailty29_trained_motion_detector,frailty29_trained_to_ptt22,window,one_vs_rest,1,510,0.04520727818420559,0.9874202027788209,3.491783354547806e-05,0.9970923018587812,15983
frailty29_trained_motion_detector,frailty29_trained_to_ptt22,window,one_vs_rest,1,511,0.04595760645282311,0.9874202027788209,3.4576009056763723e-05,0.9970923018587812,15983
frailty29_trained_motion_detector,frailty29_trained_to_ptt22,window,one_vs_rest,1,512,0.04595760645282311,0.9876079609463012,3.435284088482149e-05,0.9970923018587812,15983
frailty29_trained_motion_detector,frailty29_trained_to_ptt22,window,one_vs_rest,1,513,0.04670793472144063,0.9876079609463012,3.4263783163623884e-05,0.9970923018587812,15983
frailty29_trained_motion_detector,frailty29_trained_to_ptt22,window,one_vs_rest,1,514,0.04670793472144063,0.9878895981975216,3.388021286809817e-05,0.9970923018587812,15983
frailty29_trained_motion_detector,frailty29_trained_to_ptt22,window,one_vs_rest,1,515,0.04727068092290377,0.9878895981975216,3.359804395586252e-05,0.9970923018587812,15983
frailty29_trained_motion_detector,frailty29_trained_to_ptt22,window,one_vs_rest,1,516,0.04727068092290377,0.988171235448742,3.346718949615024e-05,0.9970923018587812,15983
frailty29_trained_motion_detector,frailty29_trained_to_ptt22,window,one_vs_rest,1,517,0.04745826299005815,0.988171235448742,3.343652861076407e-05,0.9970923018587812,15983
frailty29_trained_motion_detector,frailty29_trained_to_ptt22,window,one_vs_rest,1,518,0.04745826299005815,0.9882651145324821,3.3435571822337806e-05,0.9970923018587812,15983
frailty29_trained_motion_detector,frailty29_trained_to_ptt22,window,one_vs_rest,1,519,0.04764584505721253,0.9882651145324821,3.342938725836575e-05,0.9970923018587812,15983
frailty29_trained_motion_detector,frailty29_trained_to_ptt22,window,one_vs_rest,1,520,0.04764584505721253,0.9885467517837025,3.318791641504504e-05,0.9970923018587812,15983
frailty29_trained_motion_detector,frailty29_trained_to_ptt22,window,one_vs_rest,1,521,0.04839617332583005,0.9885467517837025,3.3098531275754794e-05,0.9970923018587812,15983
frailty29_trained_motion_detector,frailty29_trained_to_ptt22,window,one_vs_rest,1,522,0.04839617332583005,0.9886406308674427,3.304633355583064e-05,0.9970923018587812,15983
frailty29_trained_motion_detector,frailty29_trained_to_ptt22,window,one_vs_rest,1,523,0.04858375539298443,0.9886406308674427,3.302172990515828e-05,0.9970923018587812,15983
frailty29_trained_motion_detector,frailty29_trained_to_ptt22,window,one_vs_rest,1,524,0.04858375539298443,0.9887345099511828,3.2950323657132685e-05,0.9970923018587812,15983
frailty29_trained_motion_detector,frailty29_trained_to_ptt22,window,one_vs_rest,1,525,0.048771337460138814,0.9887345099511828,3.2884399843169376e-05,0.9970923018587812,15983
frailty29_trained_motion_detector,frailty29_trained_to_ptt22,window,one_vs_rest,1,526,0.048771337460138814,0.988828389034923,3.287248546257615e-05,0.9970923018587812,15983
frailty29_trained_motion_detector,frailty29_trained_to_ptt22,window,one_vs_rest,1,527,0.04895891952729319,0.988828389034923,3.2780200854176655e-05,0.9970923018587812,15983
frailty29_trained_motion_detector,frailty29_trained_to_ptt22,window,one_vs_rest,1,528,0.04895891952729319,0.9889222681186631,3.273290712968446e-05,0.9970923018587812,15983
frailty29_trained_motion_detector,frailty29_trained_to_ptt22,window,one_vs_rest,1,529,0.04914650159444757,0.9889222681186631,3.2672061934135854e-05,0.9970923018587812,15983
frailty29_trained_motion_detector,frailty29_trained_to_ptt22,window,one_vs_rest,1,530,0.04914650159444757,0.9890161472024033,3.2665768230799586e-05,0.9970923018587812,15983
frailty29_trained_motion_detector,frailty29_trained_to_ptt22,window,one_vs_rest,1,531,0.04933408366160195,0.9890161472024033,3.26531553582754e-05,0.9970923018587812,15983
frailty29_trained_motion_detector,frailty29_trained_to_ptt22,window,one_vs_rest,1,532,0.04933408366160195,0.9891100262861434,3.263914550188929e-05,0.9970923018587812,15983
frailty29_trained_motion_detector,frailty29_trained_to_ptt22,window,one_vs_rest,1,533,0.04970924779591071,0.9891100262861434,3.248952270951122e-05,0.9970923018587812,15983
frailty29_trained_motion_detector,frailty29_trained_to_ptt22,window,one_vs_rest,1,534,0.04970924779591071,0.9892977844536237,3.2391548302257434e-05,0.9970923018587812,15983
frailty29_trained_motion_detector,frailty29_trained_to_ptt22,window,one_vs_rest,1,535,0.05008441193021947,0.9892977844536237,3.229728463338688e-05,0.9970923018587812,15983
frailty29_trained_motion_detector,frailty29_trained_to_ptt22,window,one_vs_rest,1,536,0.05008441193021947,0.989485542621104,3.216122058802284e-05,0.9970923018587812,15983
frailty29_trained_motion_detector,frailty29_trained_to_ptt22,window,one_vs_rest,1,537,0.05027199399737385,0.989485542621104,3.2055580959422514e-05,0.9970923018587812,15983
frailty29_trained_motion_detector,frailty29_trained_to_ptt22,window,one_vs_rest,1,538,0.05027199399737385,0.9895794217048441,3.1924646464176476e-05,0.9970923018587812,15983
frailty29_trained_motion_detector,frailty29_trained_to_ptt22,window,one_vs_rest,1,539,0.05045957606452823,0.9895794217048441,3.189959898008965e-05,0.9970923018587812,15983
frailty29_trained_motion_detector,frailty29_trained_to_ptt22,window,one_vs_rest,1,540,0.05045957606452823,0.9898610589560646,3.153286888846196e-05,0.9970923018587812,15983
frailty29_trained_motion_detector,frailty29_trained_to_ptt22,window,one_vs_rest,1,541,0.051209904333145755,0.9898610589560646,3.140757326036692e-05,0.9970923018587812,15983
frailty29_trained_motion_detector,frailty29_trained_to_ptt22,window,one_vs_rest,1,542,0.051209904333145755,0.9900488171235449,3.13637538056355e-05,0.9970923018587812,15983
frailty29_trained_motion_detector,frailty29_trained_to_ptt22,window,one_vs_rest,1,543,0.05214781466891765,0.9900488171235449,3.1177223718259484e-05,0.9970923018587812,15983
frailty29_trained_motion_detector,frailty29_trained_to_ptt22,window,one_vs_rest,1,544,0.05214781466891765,0.9902365752910252,3.113728962489404e-05,0.9970923018587812,15983
frailty29_trained_motion_detector,frailty29_trained_to_ptt22,window,one_vs_rest,1,545,0.05289814293753517,0.9902365752910252,3.1020219466881827e-05,0.9970923018587812,15983
frailty29_trained_motion_detector,frailty29_trained_to_ptt22,window,one_vs_rest,1,546,0.05289814293753517,0.9903304543747653,3.100847970927134e-05,0.9970923018587812,15983
frailty29_trained_motion_detector,frailty29_trained_to_ptt22,window,one_vs_rest,1,547,0.05327330707184393,0.9903304543747653,3.089622623519972e-05,0.9970923018587812,15983
frailty29_trained_motion_detector,frailty29_trained_to_ptt22,window,one_vs_rest,1,548,0.05327330707184393,0.9904243334585054,3.087548611802049e-05,0.9970923018587812,15983
frailty29_trained_motion_detector,frailty29_trained_to_ptt22,window,one_vs_rest,1,549,0.05402363534046145,0.9904243334585054,3.032909444300458e-05,0.9970923018587812,15983
frailty29_trained_motion_detector,frailty29_trained_to_ptt22,window,one_vs_rest,1,550,0.05402363534046145,0.9905182125422456,3.0313853130792268e-05,0.9970923018587812,15983
frailty29_trained_motion_detector,frailty29_trained_to_ptt22,window,one_vs_rest,1,551,0.05421121740761583,0.9905182125422456,3.0283543310360983e-05,0.9970923018587812,15983
frailty29_trained_motion_detector,frailty29_trained_to_ptt22,window,one_vs_rest,1,552,0.05421121740761583,0.9906120916259857,3.0204832000890747e-05,0.9970923018587812,15983
frailty29_trained_motion_detector,frailty29_trained_to_ptt22,window,one_vs_rest,1,553,0.05571187394485087,0.9906120916259857,2.9501843528123572e-05,0.9970923018587812,15983
frailty29_trained_motion_detector,frailty29_trained_to_ptt22,window,one_vs_rest,1,554,0.05571187394485087,0.9907059707097259,2.9444365281960927e-05,0.9970923018587812,15983
frailty29_trained_motion_detector,frailty29_trained_to_ptt22,window,one_vs_rest,1,555,0.05777527668354905,0.9907059707097259,2.9037990316282958e-05,0.9970923018587812,15983
frailty29_trained_motion_detector,frailty29_trained_to_ptt22,window,one_vs_rest,1,556,0.05777527668354905,0.990799849793466,2.90347797999857e-05,0.9970923018587812,15983
frailty29_trained_motion_detector,frailty29_trained_to_ptt22,window,one_vs_rest,1,557,0.05890076908647533,0.990799849793466,2.8868154913652688e-05,0.9970923018587812,15983
frailty29_trained_motion_detector,frailty29_trained_to_ptt22,window,one_vs_rest,1,558,0.05890076908647533,0.9908937288772062,2.883854540414177e-05,0.9970923018587812,15983
frailty29_trained_motion_detector,frailty29_trained_to_ptt22,window,one_vs_rest,1,559,0.059275933220784095,0.9908937288772062,2.876106918847654e-05,0.9970923018587812,15983
frailty29_trained_motion_detector,frailty29_trained_to_ptt22,window,one_vs_rest,1,560,0.059275933220784095,0.9910814870446865,2.8704951546387747e-05,0.9970923018587812,15983
frailty29_trained_motion_detector,frailty29_trained_to_ptt22,window,one_vs_rest,1,561,0.060026261489401614,0.9910814870446865,2.842638423317112e-05,0.9970923018587812,15983
frailty29_trained_motion_detector,frailty29_trained_to_ptt22,window,one_vs_rest,1,562,0.060026261489401614,0.9912692452121667,2.8278645913815126e-05,0.9970923018587812,15983
frailty29_trained_motion_detector,frailty29_trained_to_ptt22,window,one_vs_rest,1,563,0.060589007690864755,0.9912692452121667,2.8143778763478622e-05,0.9970923018587812,15983
frailty29_trained_motion_detector,frailty29_trained_to_ptt22,window,one_vs_rest,1,564,0.060589007690864755,0.9913631242959069,2.8097088943468407e-05,0.9970923018587812,15983
frailty29_trained_motion_detector,frailty29_trained_to_ptt22,window,one_vs_rest,1,565,0.06077658975801913,0.9913631242959069,2.8081980417482555e-05,0.9970923018587812,15983
frailty29_trained_motion_detector,frailty29_trained_to_ptt22,window,one_vs_rest,1,566,0.06077658975801913,0.991457003379647,2.8060510885552503e-05,0.9970923018587812,15983
frailty29_trained_motion_detector,frailty29_trained_to_ptt22,window,one_vs_rest,1,567,0.06227724629525418,0.991457003379647,2.7738153221434914e-05,0.9970923018587812,15983
frailty29_trained_motion_detector,frailty29_trained_to_ptt22,window,one_vs_rest,1,568,0.06227724629525418,0.9917386406308675,2.7505011530593038e-05,0.9970923018587812,15983
frailty29_trained_motion_detector,frailty29_trained_to_ptt22,window,one_vs_rest,1,569,0.06377790283248921,0.9917386406308675,2.7100064471596852e-05,0.9970923018587812,15983
frailty29_trained_motion_detector,frailty29_trained_to_ptt22,window,one_vs_rest,1,570,0.06377790283248921,0.9920202778820879,2.6924561097985134e-05,0.9970923018587812,15983
frailty29_trained_motion_detector,frailty29_trained_to_ptt22,window,one_vs_rest,1,571,0.06452823110110674,0.9920202778820879,2.6735606297734194e-05,0.9970923018587812,15983
frailty29_trained_motion_detector,frailty29_trained_to_ptt22,window,one_vs_rest,1,572,0.06452823110110674,0.992114156965828,2.67151917796582e-05,0.9970923018587812,15983
frailty29_trained_motion_detector,frailty29_trained_to_ptt22,window,one_vs_rest,1,573,0.06509097730256988,0.992114156965828,2.6603962396620773e-05,0.9970923018587812,15983
frailty29_trained_motion_detector,frailty29_trained_to_ptt22,window,one_vs_rest,1,574,0.06509097730256988,0.9923019151333083,2.6519939638092183e-05,0.9970923018587812,15983
frailty29_trained_motion_detector,frailty29_trained_to_ptt22,window,one_vs_rest,1,575,0.06565372350403302,0.9923019151333083,2.6360630727140233e-05,0.9970923018587812,15983
frailty29_trained_motion_detector,frailty29_trained_to_ptt22,window,one_vs_rest,1,576,0.06565372350403302,0.9924896733007886,2.6290814275853336e-05,0.9970923018587812,15983
frailty29_trained_motion_detector,frailty29_trained_to_ptt22,window,one_vs_rest,1,577,0.06602888763834178,0.9924896733007886,2.626948662509676e-05,0.9970923018587812,15983
frailty29_trained_motion_detector,frailty29_trained_to_ptt22,window,one_vs_rest,1,578,0.06602888763834178,0.9926774314682689,2.6251678718836047e-05,0.9970923018587812,15983
frailty29_trained_motion_detector,frailty29_trained_to_ptt22,window,one_vs_rest,1,579,0.06696679797411367,0.9926774314682689,2.610287265270017e-05,0.9970923018587812,15983
frailty29_trained_motion_detector,frailty29_trained_to_ptt22,window,one_vs_rest,1,580,0.06696679797411367,0.9927713105520091,2.604274959594477e-05,0.9970923018587812,15983
frailty29_trained_motion_detector,frailty29_trained_to_ptt22,window,one_vs_rest,1,581,0.06809229037703995,0.9927713105520091,2.572151061031036e-05,0.9970923018587812,15983
frailty29_trained_motion_detector,frailty29_trained_to_ptt22,window,one_vs_rest,1,582,0.06809229037703995,0.9928651896357491,2.570248398114927e-05,0.9970923018587812,15983
frailty29_trained_motion_detector,frailty29_trained_to_ptt22,window,one_vs_rest,1,583,0.06959294691427499,0.9928651896357491,2.5528188416501507e-05,0.9970923018587812,15983
frailty29_trained_motion_detector,frailty29_trained_to_ptt22,window,one_vs_rest,1,584,0.06959294691427499,0.9929590687194892,2.5517527319607325e-05,0.9970923018587812,15983
frailty29_trained_motion_detector,frailty29_trained_to_ptt22,window,one_vs_rest,1,585,0.06996811104858376,0.9929590687194892,2.541421963542234e-05,0.9970923018587812,15983
frailty29_trained_motion_detector,frailty29_trained_to_ptt22,window,one_vs_rest,1,586,0.06996811104858376,0.9930529478032294,2.5385490516782738e-05,0.9970923018587812,15983
frailty29_trained_motion_detector,frailty29_trained_to_ptt22,window,one_vs_rest,1,587,0.07015569311573813,0.9930529478032294,2.53572052315576e-05,0.9970923018587812,15983
frailty29_trained_motion_detector,frailty29_trained_to_ptt22,window,one_vs_rest,1,588,0.07015569311573813,0.9931468268869695,2.5340576030430384e-05,0.9970923018587812,15983
frailty29_trained_motion_detector,frailty29_trained_to_ptt22,window,one_vs_rest,1,589,0.07090602138435566,0.9931468268869695,2.5161893063341267e-05,0.9970923018587812,15983
frailty29_trained_motion_detector,frailty29_trained_to_ptt22,window,one_vs_rest,1,590,0.07090602138435566,0.9932407059707097,2.5145871404674836e-05,0.9970923018587812,15983
frailty29_trained_motion_detector,frailty29_trained_to_ptt22,window,one_vs_rest,1,591,0.07203151378728194,0.9932407059707097,2.4920369469327852e-05,0.9970923018587812,15983
frailty29_trained_motion_detector,frailty29_trained_to_ptt22,window,one_vs_rest,1,592,0.07203151378728194,0.9933345850544498,2.482809213688597e-05,0.9970923018587812,15983
frailty29_trained_motion_detector,frailty29_trained_to_ptt22,window,one_vs_rest,1,593,0.07278184205589945,0.9933345850544498,2.4707936972845346e-05,0.9970923018587812,15983
frailty29_trained_motion_detector,frailty29_trained_to_ptt22,window,one_vs_rest,1,594,0.07278184205589945,0.99342846413819,2.466476144036278e-05,0.9970923018587812,15983
frailty29_trained_motion_detector,frailty29_trained_to_ptt22,window,one_vs_rest,1,595,0.07315700619020822,0.99342846413819,2.4624832803965546e-05,0.9970923018587812,15983
frailty29_trained_motion_detector,frailty29_trained_to_ptt22,window,one_vs_rest,1,596,0.07315700619020822,0.9935223432219301,2.45848477788968e-05,0.9970923018587812,15983
frailty29_trained_motion_detector,frailty29_trained_to_ptt22,window,one_vs_rest,1,597,0.07334458825736259,0.9935223432219301,2.458036942698527e-05,0.9970923018587812,15983
frailty29_trained_motion_detector,frailty29_trained_to_ptt22,window,one_vs_rest,1,598,0.07334458825736259,0.9936162223056703,2.457296614011284e-05,0.9970923018587812,15983
frailty29_trained_motion_detector,frailty29_trained_to_ptt22,window,one_vs_rest,1,599,0.07353217032451698,0.9936162223056703,2.4468554329359904e-05,0.9970923018587812,15983
frailty29_trained_motion_detector,frailty29_trained_to_ptt22,window,one_vs_rest,1,600,0.07353217032451698,0.9938039804731505,2.4401953851338476e-05,0.9970923018587812,15983
frailty29_trained_motion_detector,frailty29_trained_to_ptt22,window,one_vs_rest,1,601,0.07409491652598012,0.9938039804731505,2.4299268261529505e-05,0.9970923018587812,15983
frailty29_trained_motion_detector,frailty29_trained_to_ptt22,window,one_vs_rest,1,602,0.07409491652598012,0.9939917386406308,2.4169636162696406e-05,0.9970923018587812,15983
frailty29_trained_motion_detector,frailty29_trained_to_ptt22,window,one_vs_rest,1,603,0.07465766272744326,0.9939917386406308,2.4036571630858816e-05,0.9970923018587812,15983
frailty29_trained_motion_detector,frailty29_trained_to_ptt22,window,one_vs_rest,1,604,0.07465766272744326,0.994085617724371,2.4016178940655664e-05,0.9970923018587812,15983
frailty29_trained_motion_detector,frailty29_trained_to_ptt22,window,one_vs_rest,1,605,0.07578315513036954,0.994085617724371,2.3773405700922012e-05,0.9970923018587812,15983
frailty29_trained_motion_detector,frailty29_trained_to_ptt22,window,one_vs_rest,1,606,0.07578315513036954,0.9941794968081111,2.375788062636275e-05,0.9970923018587812,15983
frailty29_trained_motion_detector,frailty29_trained_to_ptt22,window,one_vs_rest,1,607,0.0761583192646783,0.9941794968081111,2.3610638891113922e-05,0.9970923018587812,15983
frailty29_trained_motion_detector,frailty29_trained_to_ptt22,window,one_vs_rest,1,608,0.0761583192646783,0.9942733758918513,2.3543951101601124e-05,0.9970923018587812,15983
frailty29_trained_motion_detector,frailty29_trained_to_ptt22,window,one_vs_rest,1,609,0.07653348339898705,0.9942733758918513,2.335801582376007e-05,0.9970923018587812,15983
frailty29_trained_motion_detector,frailty29_trained_to_ptt22,window,one_vs_rest,1,610,0.07653348339898705,0.9944611340593316,2.3139167751651257e-05,0.9970923018587812,15983
frailty29_trained_motion_detector,frailty29_trained_to_ptt22,window,one_vs_rest,1,611,0.07690864753329582,0.9944611340593316,2.3099502868717536e-05,0.9970923018587812,15983
frailty29_trained_motion_detector,frailty29_trained_to_ptt22,window,one_vs_rest,1,612,0.07690864753329582,0.9946488922268119,2.291382224939298e-05,0.9970923018587812,15983
frailty29_trained_motion_detector,frailty29_trained_to_ptt22,window,one_vs_rest,1,613,0.08103545301069218,0.9946488922268119,2.187491008953657e-05,0.9970923018587812,15983
frailty29_trained_motion_detector,frailty29_trained_to_ptt22,window,one_vs_rest,1,614,0.08103545301069218,0.994742771310552,2.1750640371465124e-05,0.9970923018587812,15983
frailty29_trained_motion_detector,frailty29_trained_to_ptt22,window,one_vs_rest,1,615,0.08534984055524292,0.994742771310552,2.1232255676295608e-05,0.9970923018587812,15983
frailty29_trained_motion_detector,frailty29_trained_to_ptt22,window,one_vs_rest,1,616,0.08534984055524292,0.9948366503942921,2.1225452655926347e-05,0.9970923018587812,15983
frailty29_trained_motion_detector,frailty29_trained_to_ptt22,window,one_vs_rest,1,617,0.08628775089101481,0.9948366503942921,2.1104611732880585e-05,0.9970923018587812,15983
frailty29_trained_motion_detector,frailty29_trained_to_ptt22,window,one_vs_rest,1,618,0.08628775089101481,0.9949305294780323,2.1102800019434653e-05,0.9970923018587812,15983
frailty29_trained_motion_detector,frailty29_trained_to_ptt22,window,one_vs_rest,1,619,0.0864753329581692,0.9949305294780323,2.1094409021316096e-05,0.9970923018587812,15983
frailty29_trained_motion_detector,frailty29_trained_to_ptt22,window,one_vs_rest,1,620,0.0864753329581692,0.9950244085617724,2.1061465304228477e-05,0.9970923018587812,15983
frailty29_trained_motion_detector,frailty29_trained_to_ptt22,window,one_vs_rest,1,621,0.08760082536109548,0.9950244085617724,2.0772606148966588e-05,0.9970923018587812,15983
frailty29_trained_motion_detector,frailty29_trained_to_ptt22,window,one_vs_rest,1,622,0.08760082536109548,0.9951182876455126,2.07493230846012e-05,0.9970923018587812,15983
frailty29_trained_motion_detector,frailty29_trained_to_ptt22,window,one_vs_rest,1,623,0.09247795910710936,0.9951182876455126,2.0035504348925315e-05,0.9970923018587812,15983
frailty29_trained_motion_detector,frailty29_trained_to_ptt22,window,one_vs_rest,1,624,0.09247795910710936,0.9952121667292527,2.0034951376146637e-05,0.9970923018587812,15983
frailty29_trained_motion_detector,frailty29_trained_to_ptt22,window,one_vs_rest,1,625,0.10091915212905646,0.9952121667292527,1.885517849586904e-05,0.9970923018587812,15983
frailty29_trained_motion_detector,frailty29_trained_to_ptt22,window,one_vs_rest,1,626,0.10091915212905646,0.9953060458129929,1.8844391888706014e-05,0.9970923018587812,15983
frailty29_trained_motion_detector,frailty29_trained_to_ptt22,window,one_vs_rest,1,627,0.10110673419621084,0.9953060458129929,1.8835984519682825e-05,0.9970923018587812,15983
frailty29_trained_motion_detector,frailty29_trained_to_ptt22,window,one_vs_rest,1,628,0.10110673419621084,0.995399924896733,1.8835768059943803e-05,0.9970923018587812,15983
frailty29_trained_motion_detector,frailty29_trained_to_ptt22,window,one_vs_rest,1,629,0.10185706246482837,0.995399924896733,1.8808770619216375e-05,0.9970923018587812,15983
frailty29_trained_motion_detector,frailty29_trained_to_ptt22,window,one_vs_rest,1,630,0.10185706246482837,0.9954938039804732,1.8789820387610234e-05,0.9970923018587812,15983
frailty29_trained_motion_detector,frailty29_trained_to_ptt22,window,one_vs_rest,1,631,0.10842243481523166,0.9954938039804732,1.8108219592249952e-05,0.9970923018587812,15983
frailty29_trained_motion_detector,frailty29_trained_to_ptt22,window,one_vs_rest,1,632,0.10842243481523166,0.9955876830642133,1.8063616153085604e-05,0.9970923018587812,15983
frailty29_trained_motion_detector,frailty29_trained_to_ptt22,window,one_vs_rest,1,633,0.1089851810166948,0.9955876830642133,1.7977003153646365e-05,0.9970923018587812,15983
frailty29_trained_motion_detector,frailty29_trained_to_ptt22,window,one_vs_rest,1,634,0.1089851810166948,0.9956815621479534,1.797487675503362e-05,0.9970923018587812,15983
frailty29_trained_motion_detector,frailty29_trained_to_ptt22,window,one_vs_rest,1,635,0.11254924029262803,0.9956815621479534,1.7362694052280858e-05,0.9970923018587812,15983
frailty29_trained_motion_detector,frailty29_trained_to_ptt22,window,one_vs_rest,1,636,0.11254924029262803,0.9957754412316936,1.730379881337285e-05,0.9970923018587812,15983
frailty29_trained_motion_detector,frailty29_trained_to_ptt22,window,one_vs_rest,1,637,0.11386231476270868,0.9957754412316936,1.7111424313043244e-05,0.9970923018587812,15983
frailty29_trained_motion_detector,frailty29_trained_to_ptt22,window,one_vs_rest,1,638,0.11386231476270868,0.9958693203154337,1.7100999684771523e-05,0.9970923018587812,15983
frailty29_trained_motion_detector,frailty29_trained_to_ptt22,window,one_vs_rest,1,639,0.12342900018758207,0.9958693203154337,1.608711863809731e-05,0.9970923018587812,15983
frailty29_trained_motion_detector,frailty29_trained_to_ptt22,window,one_vs_rest,1,640,0.12342900018758207,0.9959631993991739,1.608681122888811e-05,0.9970923018587812,15983
frailty29_trained_motion_detector,frailty29_trained_to_ptt22,window,one_vs_rest,1,641,0.13562183455261678,0.9959631993991739,1.5062624697748106e-05,0.9970923018587812,15983
frailty29_trained_motion_detector,frailty29_trained_to_ptt22,window,one_vs_rest,1,642,0.13562183455261678,0.996057078482914,1.5046214684844017e-05,0.9970923018587812,15983
frailty29_trained_motion_detector,frailty29_trained_to_ptt22,window,one_vs_rest,1,643,0.14500093791033578,0.996057078482914,1.428797077096533e-05,0.9970923018587812,15983
frailty29_trained_motion_detector,frailty29_trained_to_ptt22,window,one_vs_rest,1,644,0.14500093791033578,0.9961509575666542,1.427124698238913e-05,0.9970923018587812,15983
frailty29_trained_motion_detector,frailty29_trained_to_ptt22,window,one_vs_rest,1,645,0.15287938473081975,0.9961509575666542,1.3626445252157282e-05,0.9970923018587812,15983
frailty29_trained_motion_detector,frailty29_trained_to_ptt22,window,one_vs_rest,1,646,0.15287938473081975,0.9963387157341345,1.3616871001431718e-05,0.9970923018587812,15983
frailty29_trained_motion_detector,frailty29_trained_to_ptt22,window,one_vs_rest,1,647,0.15663102607390733,0.9963387157341345,1.3352278074307833e-05,0.9970923018587812,15983
frailty29_trained_motion_detector,frailty29_trained_to_ptt22,window,one_vs_rest,1,648,0.15663102607390733,0.9964325948178746,1.3338698408915661e-05,0.9970923018587812,15983
frailty29_trained_motion_detector,frailty29_trained_to_ptt22,window,one_vs_rest,1,649,0.16507221909585443,0.9964325948178746,1.2715616321656853e-05,0.9970923018587812,15983
frailty29_trained_motion_detector,frailty29_trained_to_ptt22,window,one_vs_rest,1,650,0.16507221909585443,0.9965264739016148,1.270708344236482e-05,0.9970923018587812,15983
frailty29_trained_motion_detector,frailty29_trained_to_ptt22,window,one_vs_rest,1,651,0.16863627837178766,0.9965264739016148,1.2502066056185868e-05,0.9970923018587812,15983
frailty29_trained_motion_detector,frailty29_trained_to_ptt22,window,one_vs_rest,1,652,0.16863627837178766,0.9966203529853549,1.2496380804805085e-05,0.9970923018587812,15983
frailty29_trained_motion_detector,frailty29_trained_to_ptt22,window,one_vs_rest,1,653,0.17032451697617706,0.9966203529853549,1.2371295269986149e-05,0.9970923018587812,15983
frailty29_trained_motion_detector,frailty29_trained_to_ptt22,window,one_vs_rest,1,654,0.17032451697617706,0.996714232069095,1.2352714293228928e-05,0.9970923018587812,15983
frailty29_trained_motion_detector,frailty29_trained_to_ptt22,window,one_vs_rest,1,655,0.17613956105796286,0.996714232069095,1.2085615708201658e-05,0.9970923018587812,15983
frailty29_trained_motion_detector,frailty29_trained_to_ptt22,window,one_vs_rest,1,656,0.17613956105796286,0.9968081111528352,1.2071573110006284e-05,0.9970923018587812,15983
frailty29_trained_motion_detector,frailty29_trained_to_ptt22,window,one_vs_rest,1,657,0.17651472519227163,0.9968081111528352,1.2058216270816047e-05,0.9970923018587812,15983
frailty29_trained_motion_detector,frailty29_trained_to_ptt22,window,one_vs_rest,1,658,0.17651472519227163,0.9969019902365753,1.205513490276644e-05,0.9970923018587812,15983
frailty29_trained_motion_detector,frailty29_trained_to_ptt22,window,one_vs_rest,1,659,0.18495591821421872,0.9969019902365753,1.1592031114560086e-05,0.9970923018587812,15983
frailty29_trained_motion_detector,frailty29_trained_to_ptt22,window,one_vs_rest,1,660,0.18495591821421872,0.9969958693203155,1.1573573829082306e-05,0.9970923018587812,15983
frailty29_trained_motion_detector,frailty29_trained_to_ptt22,window,one_vs_rest,1,661,0.19395985743762897,0.9969958693203155,1.104487273551058e-05,0.9970923018587812,15983
frailty29_trained_motion_detector,frailty29_trained_to_ptt22,window,one_vs_rest,1,662,0.19395985743762897,0.9970897484040556,1.1034208000637591e-05,0.9970923018587812,15983
frailty29_trained_motion_detector,frailty29_trained_to_ptt22,window,one_vs_rest,1,663,0.21571937722753703,0.9970897484040556,1.014220015349565e-05,0.9970923018587812,15983
frailty29_trained_motion_detector,frailty29_trained_to_ptt22,window,one_vs_rest,1,664,0.21571937722753703,0.9971836274877958,1.0140815902559552e-05,0.9970923018587812,15983
frailty29_trained_motion_detector,frailty29_trained_to_ptt22,window,one_vs_rest,1,665,0.21872069030200714,0.9971836274877958,1.0016500709753018e-05,0.9970923018587812,15983
frailty29_trained_motion_detector,frailty29_trained_to_ptt22,window,one_vs_rest,1,666,0.21872069030200714,0.9972775065715359,1.0014589861384593e-05,0.9970923018587812,15983
frailty29_trained_motion_detector,frailty29_trained_to_ptt22,window,one_vs_rest,1,667,0.22566122678671918,0.9972775065715359,9.755029168445617e-06,0.9970923018587812,15983
frailty29_trained_motion_detector,frailty29_trained_to_ptt22,window,one_vs_rest,1,668,0.22566122678671918,0.997371385655276,9.74179056356661e-06,0.9970923018587812,15983
frailty29_trained_motion_detector,frailty29_trained_to_ptt22,window,one_vs_rest,1,669,0.23391483774151192,0.997371385655276,9.313068403571378e-06,0.9970923018587812,15983
frailty29_trained_motion_detector,frailty29_trained_to_ptt22,window,one_vs_rest,1,670,0.23391483774151192,0.9974652647390162,9.293425137002487e-06,0.9970923018587812,15983
frailty29_trained_motion_detector,frailty29_trained_to_ptt22,window,one_vs_rest,1,671,0.24460701556931158,0.9974652647390162,8.97504469321575e-06,0.9970923018587812,15983
frailty29_trained_motion_detector,frailty29_trained_to_ptt22,window,one_vs_rest,1,672,0.24460701556931158,0.9975591438227563,8.961462299339473e-06,0.9970923018587812,15983
frailty29_trained_motion_detector,frailty29_trained_to_ptt22,window,one_vs_rest,1,673,0.25173513412117804,0.9975591438227563,8.682023690198548e-06,0.9970923018587812,15983
frailty29_trained_motion_detector,frailty29_trained_to_ptt22,window,one_vs_rest,1,674,0.25173513412117804,0.9976530229064964,8.66802474774886e-06,0.9970923018587812,15983
frailty29_trained_motion_detector,frailty29_trained_to_ptt22,window,one_vs_rest,1,675,0.2601763271431251,0.9976530229064964,8.383620297536254e-06,0.9970923018587812,15983
frailty29_trained_motion_detector,frailty29_trained_to_ptt22,window,one_vs_rest,1,676,0.2601763271431251,0.9977469019902365,8.374973731406499e-06,0.9970923018587812,15983
frailty29_trained_motion_detector,frailty29_trained_to_ptt22,window,one_vs_rest,1,677,0.2629900581504408,0.9977469019902365,8.295483894471545e-06,0.9970923018587812,15983
frailty29_trained_motion_detector,frailty29_trained_to_ptt22,window,one_vs_rest,1,678,0.2629900581504408,0.9978407810739767,8.29368127597263e-06,0.9970923018587812,15983
frailty29_trained_motion_detector,frailty29_trained_to_ptt22,window,one_vs_rest,1,679,0.29919339711123616,0.9978407810739767,7.105710665200604e-06,0.9970923018587812,15983
frailty29_trained_motion_detector,frailty29_trained_to_ptt22,window,one_vs_rest,1,680,0.29919339711123616,0.9979346601577168,7.095309229043778e-06,0.9970923018587812,15983
frailty29_trained_motion_detector,frailty29_trained_to_ptt22,window,one_vs_rest,1,681,0.3057587694616395,0.9979346601577168,6.8788999669777695e-06,0.9970923018587812,15983
frailty29_trained_motion_detector,frailty29_trained_to_ptt22,window,one_vs_rest,1,682,0.3057587694616395,0.998028539241457,6.876919087517308e-06,0.9970923018587812,15983
frailty29_trained_motion_detector,frailty29_trained_to_ptt22,window,one_vs_rest,1,683,0.32282873757268804,0.998028539241457,6.459383712353883e-06,0.9970923018587812,15983
frailty29_trained_motion_detector,frailty29_trained_to_ptt22,window,one_vs_rest,1,684,0.32282873757268804,0.9981224183251971,6.457449217123212e-06,0.9970923018587812,15983
frailty29_trained_motion_detector,frailty29_trained_to_ptt22,window,one_vs_rest,1,685,0.3470268242356031,0.9981224183251971,5.804344255011529e-06,0.9970923018587812,15983
frailty29_trained_motion_detector,frailty29_trained_to_ptt22,window,one_vs_rest,1,686,0.3470268242356031,0.9982162974089372,5.802456598757999e-06,0.9970923018587812,15983
frailty29_trained_motion_detector,frailty29_trained_to_ptt22,window,one_vs_rest,1,687,0.36109547927218155,0.9982162974089372,5.4081310736364685e-06,0.9970923018587812,15983
frailty29_trained_motion_detector,frailty29_trained_to_ptt22,window,one_vs_rest,1,688,0.36109547927218155,0.9983101764926774,5.396538654167671e-06,0.9970923018587812,15983
frailty29_trained_motion_detector,frailty29_trained_to_ptt22,window,one_vs_rest,1,689,0.3693490902269743,0.9983101764926774,5.21141055287444e-06,0.9970923018587812,15983
frailty29_trained_motion_detector,frailty29_trained_to_ptt22,window,one_vs_rest,1,690,0.3693490902269743,0.9984040555764175,5.209736173128476e-06,0.9970923018587812,15983
frailty29_trained_motion_detector,frailty29_trained_to_ptt22,window,one_vs_rest,1,691,0.38735696867379477,0.9984040555764175,4.802604507858632e-06,0.9970923018587812,15983
frailty29_trained_motion_detector,frailty29_trained_to_ptt22,window,one_vs_rest,1,692,0.38735696867379477,0.9984979346601577,4.799889211426489e-06,0.9970923018587812,15983
frailty29_trained_motion_detector,frailty29_trained_to_ptt22,window,one_vs_rest,1,693,0.4126805477396361,0.9984979346601577,4.259599791112123e-06,0.9970923018587812,15983
frailty29_trained_motion_detector,frailty29_trained_to_ptt22,window,one_vs_rest,1,694,0.4126805477396361,0.9985918137438978,4.258665285306051e-06,0.9970923018587812,15983
frailty29_trained_motion_detector,frailty29_trained_to_ptt22,window,one_vs_rest,1,695,0.41887075595573064,0.9985918137438978,4.110302143089939e-06,0.9970923018587812,15983
frailty29_trained_motion_detector,frailty29_trained_to_ptt22,window,one_vs_rest,1,696,0.41887075595573064,0.998685692827638,4.09914537158329e-06,0.9970923018587812,15983
frailty29_trained_motion_detector,frailty29_trained_to_ptt22,window,one_vs_rest,1,697,0.4481335584318139,0.998685692827638,3.4501897516747704e-06,0.9970923018587812,15983
frailty29_trained_motion_detector,frailty29_trained_to_ptt22,window,one_vs_rest,1,698,0.4481335584318139,0.9987795719113781,3.4396146020299057e-06,0.9970923018587812,15983
frailty29_trained_motion_detector,frailty29_trained_to_ptt22,window,one_vs_rest,1,699,0.45713749765522416,0.9987795719113781,3.135355655103922e-06,0.9970923018587812,15983
frailty29_trained_motion_detector,frailty29_trained_to_ptt22,window,one_vs_rest,1,700,0.45713749765522416,0.9988734509951183,3.128620164716267e-06,0.9970923018587812,15983
frailty29_trained_motion_detector,frailty29_trained_to_ptt22,window,one_vs_rest,1,701,0.4691427499531045,0.9988734509951183,2.7133917228638893e-06,0.9970923018587812,15983
frailty29_trained_motion_detector,frailty29_trained_to_ptt22,window,one_vs_rest,1,702,0.4691427499531045,0.9989673300788584,2.690530664040125e-06,0.9970923018587812,15983
frailty29_trained_motion_detector,frailty29_trained_to_ptt22,window,one_vs_rest,1,703,0.4695179140874132,0.9989673300788584,2.6758527837955626e-06,0.9970923018587812,15983
frailty29_trained_motion_detector,frailty29_trained_to_ptt22,window,one_vs_rest,1,704,0.4695179140874132,0.9990612091625986,2.6738680389826186e-06,0.9970923018587812,15983
frailty29_trained_motion_detector,frailty29_trained_to_ptt22,window,one_vs_rest,1,705,0.4704558244231851,0.9990612091625986,2.637231091284775e-06,0.9970923018587812,15983
frailty29_trained_motion_detector,frailty29_trained_to_ptt22,window,one_vs_rest,1,706,0.4704558244231851,0.9991550882463387,2.633832536957925e-06,0.9970923018587812,15983
frailty29_trained_motion_detector,frailty29_trained_to_ptt22,window,one_vs_rest,1,707,0.47064340649033953,0.9991550882463387,2.62842036136135e-06,0.9970923018587812,15983
frailty29_trained_motion_detector,frailty29_trained_to_ptt22,window,one_vs_rest,1,708,0.47064340649033953,0.9992489673300788,2.6224561224807985e-06,0.9970923018587812,15983
frailty29_trained_motion_detector,frailty29_trained_to_ptt22,window,one_vs_rest,1,709,0.47214406302757456,0.9992489673300788,2.5384483706147876e-06,0.9970923018587812,15983
frailty29_trained_motion_detector,frailty29_trained_to_ptt22,window,one_vs_rest,1,710,0.47214406302757456,0.999342846413819,2.5345054837089265e-06,0.9970923018587812,15983
frailty29_trained_motion_detector,frailty29_trained_to_ptt22,window,one_vs_rest,1,711,0.47795910710936035,0.999342846413819,2.340550281587639e-06,0.9970923018587812,15983
frailty29_trained_motion_detector,frailty29_trained_to_ptt22,window,one_vs_rest,1,712,0.47795910710936035,0.9994367254975591,2.339773573112325e-06,0.9970923018587812,15983
frailty29_trained_motion_detector,frailty29_trained_to_ptt22,window,one_vs_rest,1,713,0.4848996435940724,0.9994367254975591,2.066590923277545e-06,0.9970923018587812,15983
frailty29_trained_motion_detector,frailty29_trained_to_ptt22,window,one_vs_rest,1,714,0.4848996435940724,0.9995306045812993,2.0587676772265695e-06,0.9970923018587812,15983
frailty29_trained_motion_detector,frailty29_trained_to_ptt22,window,one_vs_rest,1,715,0.49484149315325454,0.9995306045812993,1.8431109083394404e-06,0.9970923018587812,15983
frailty29_trained_motion_detector,frailty29_trained_to_ptt22,window,one_vs_rest,1,716,0.49484149315325454,0.9996244836650394,1.836744786487543e-06,0.9970923018587812,15983
frailty29_trained_motion_detector,frailty29_trained_to_ptt22,window,one_vs_rest,1,717,0.5218533108234853,0.9996244836650394,1.455420715501532e-06,0.9970923018587812,15983
frailty29_trained_motion_detector,frailty29_trained_to_ptt22,window,one_vs_rest,1,718,0.5218533108234853,0.9997183627487796,1.4523923255183036e-06,0.9970923018587812,15983
frailty29_trained_motion_detector,frailty29_trained_to_ptt22,window,one_vs_rest,1,719,0.5224160570249484,0.9997183627487796,1.4453702306127525e-06,0.9970923018587812,15983
frailty29_trained_motion_detector,frailty29_trained_to_ptt22,window,one_vs_rest,1,720,0.5224160570249484,0.9998122418325197,1.4449719856202137e-06,0.9970923018587812,15983
frailty29_trained_motion_detector,frailty29_trained_to_ptt22,window,one_vs_rest,1,721,0.535546801725755,0.9998122418325197,1.3422652500594268e-06,0.9970923018587812,15983
frailty29_trained_motion_detector,frailty29_trained_to_ptt22,window,one_vs_rest,1,722,0.535546801725755,0.9999061209162599,1.3415625517154695e-06,0.9970923018587812,15983
frailty29_trained_motion_detector,frailty29_trained_to_ptt22,window,one_vs_rest,1,723,0.5541174263740386,0.9999061209162599,1.215924612552044e-06,0.9970923018587812,15983
frailty29_trained_motion_detector,frailty29_trained_to_ptt22,window,one_vs_rest,1,724,0.5541174263740386,1.0,1.215378574670467e-06,0.9970923018587812,15983
frailty29_trained_motion_detector,frailty29_trained_to_ptt22,window,one_vs_rest,1,725,0.9135246670418308,1.0,1.0220834667507006e-07,0.9970923018587812,15983
frailty29_trained_motion_detector,frailty29_trained_to_ptt22,window,one_vs_rest,1,726,0.9138998311761396,1.0,1.0220560398011003e-07,0.9970923018587812,15983
frailty29_trained_motion_detector,frailty29_trained_to_ptt22,window,one_vs_rest,1,727,1.0,1.0,7.815717140147171e-08,0.9970923018587812,15983
frailty29_trained_motion_detector,frailty29_trained_to_ptt22,window,macro_average_ovr,macro,0,0.0,0.6015086919951061,,0.9968502888758553,15983
frailty29_trained_motion_detector,frailty29_trained_to_ptt22,window,macro_average_ovr,macro,1,0.005,0.9285986083988726,,0.9968502888758553,15983
frailty29_trained_motion_detector,frailty29_trained_to_ptt22,window,macro_average_ovr,macro,2,0.01,0.9520987654451432,,0.9968502888758553,15983
frailty29_trained_motion_detector,frailty29_trained_to_ptt22,window,macro_average_ovr,macro,3,0.015,0.9622328637301163,,0.9968502888758553,15983
frailty29_trained_motion_detector,frailty29_trained_to_ptt22,window,macro_average_ovr,macro,4,0.02,0.9682373389324783,,0.9968502888758553,15983
frailty29_trained_motion_detector,frailty29_trained_to_ptt22,window,macro_average_ovr,macro,5,0.025,0.9733978709329718,,0.9968502888758553,15983
frailty29_trained_motion_detector,frailty29_trained_to_ptt22,window,macro_average_ovr,macro,6,0.03,0.9786519298165535,,0.9968502888758553,15983
frailty29_trained_motion_detector,frailty29_trained_to_ptt22,window,macro_average_ovr,macro,7,0.035,0.9837656983755028,,0.9968502888758553,15983
frailty29_trained_motion_detector,frailty29_trained_to_ptt22,window,macro_average_ovr,macro,8,0.04,0.9861582942584319,,0.9968502888758553,15983
frailty29_trained_motion_detector,frailty29_trained_to_ptt22,window,macro_average_ovr,macro,9,0.045,0.9887390885596564,,0.9968502888758553,15983
frailty29_trained_motion_detector,frailty29_trained_to_ptt22,window,macro_average_ovr,macro,10,0.05,0.9905220867494156,,0.9968502888758553,15983
frailty29_trained_motion_detector,frailty29_trained_to_ptt22,window,macro_average_ovr,macro,11,0.055,0.9923985237721,,0.9968502888758553,15983
frailty29_trained_motion_detector,frailty29_trained_to_ptt22,window,macro_average_ovr,macro,12,0.06,0.9936649228507994,,0.9968502888758553,15983
frailty29_trained_motion_detector,frailty29_trained_to_ptt22,window,macro_average_ovr,macro,13,0.065,0.9944626309121019,,0.9968502888758553,15983
frailty29_trained_motion_detector,frailty29_trained_to_ptt22,window,macro_average_ovr,macro,14,0.07,0.9953071904651112,,0.9968502888758553,15983
frailty29_trained_motion_detector,frailty29_trained_to_ptt22,window,macro_average_ovr,macro,15,0.075,0.9960111074928364,,0.9968502888758553,15983
frailty29_trained_motion_detector,frailty29_trained_to_ptt22,window,macro_average_ovr,macro,16,0.08,0.996386535777634,,0.9968502888758553,15983
frailty29_trained_motion_detector,frailty29_trained_to_ptt22,window,macro_average_ovr,macro,17,0.085,0.9964334753195041,,0.9968502888758553,15983
frailty29_trained_motion_detector,frailty29_trained_to_ptt22,window,macro_average_ovr,macro,18,0.09,0.9968088155541388,,0.9968502888758553,15983
frailty29_trained_motion_detector,frailty29_trained_to_ptt22,window,macro_average_ovr,macro,19,0.095,0.9968557550960089,,0.9968502888758553,15983
frailty29_trained_motion_detector,frailty29_trained_to_ptt22,window,macro_average_ovr,macro,20,0.1,0.9968557550960089,,0.9968502888758553,15983
frailty29_trained_motion_detector,frailty29_trained_to_ptt22,window,macro_average_ovr,macro,21,0.105,0.9971841557887735,,0.9968502888758553,15983
frailty29_trained_motion_detector,frailty29_trained_to_ptt22,window,macro_average_ovr,macro,22,0.11,0.9972780348725137,,0.9968502888758553,15983
frailty29_trained_motion_detector,frailty29_trained_to_ptt22,window,macro_average_ovr,macro,23,0.115,0.9974657049898309,,0.9968502888758553,15983
frailty29_trained_motion_detector,frailty29_trained_to_ptt22,window,macro_average_ovr,macro,24,0.12,0.9974657049898309,,0.9968502888758553,15983
frailty29_trained_motion_detector,frailty29_trained_to_ptt22,window,macro_average_ovr,macro,25,0.125,0.997512644531701,,0.9968502888758553,15983
frailty29_trained_motion_detector,frailty29_trained_to_ptt22,window,macro_average_ovr,macro,26,0.13,0.997512644531701,,0.9968502888758553,15983
frailty29_trained_motion_detector,frailty29_trained_to_ptt22,window,macro_average_ovr,macro,27,0.135,0.9976064355652782,,0.9968502888758553,15983
frailty29_trained_motion_detector,frailty29_trained_to_ptt22,window,macro_average_ovr,macro,28,0.14,0.9976533751071482,,0.9968502888758553,15983
frailty29_trained_motion_detector,frailty29_trained_to_ptt22,window,macro_average_ovr,macro,29,0.145,0.9976533751071482,,0.9968502888758553,15983
frailty29_trained_motion_detector,frailty29_trained_to_ptt22,window,macro_average_ovr,macro,30,0.15,0.9977003146490183,,0.9968502888758553,15983
frailty29_trained_motion_detector,frailty29_trained_to_ptt22,window,macro_average_ovr,macro,31,0.155,0.9978879847663357,,0.9968502888758553,15983
frailty29_trained_motion_detector,frailty29_trained_to_ptt22,window,macro_average_ovr,macro,32,0.16,0.9979349243082057,,0.9968502888758553,15983
frailty29_trained_motion_detector,frailty29_trained_to_ptt22,window,macro_average_ovr,macro,33,0.165,0.9979349243082057,,0.9968502888758553,15983
frailty29_trained_motion_detector,frailty29_trained_to_ptt22,window,macro_average_ovr,macro,34,0.17,0.9980288033919459,,0.9968502888758553,15983
frailty29_trained_motion_detector,frailty29_trained_to_ptt22,window,macro_average_ovr,macro,35,0.17500000000000002,0.998075742933816,,0.9968502888758553,15983
frailty29_trained_motion_detector,frailty29_trained_to_ptt22,window,macro_average_ovr,macro,36,0.18,0.9981696220175561,,0.9968502888758553,15983
frailty29_trained_motion_detector,frailty29_trained_to_ptt22,window,macro_average_ovr,macro,37,0.185,0.9982165615594262,,0.9968502888758553,15983
frailty29_trained_motion_detector,frailty29_trained_to_ptt22,window,macro_average_ovr,macro,38,0.19,0.9983103525930034,,0.9968502888758553,15983
frailty29_trained_motion_detector,frailty29_trained_to_ptt22,window,macro_average_ovr,macro,39,0.195,0.9983572921348735,,0.9968502888758553,15983
frailty29_trained_motion_detector,frailty29_trained_to_ptt22,window,macro_average_ovr,macro,40,0.2,0.9983572921348735,,0.9968502888758553,15983
frailty29_trained_motion_detector,frailty29_trained_to_ptt22,window,macro_average_ovr,macro,41,0.20500000000000002,0.9983572921348735,,0.9968502888758553,15983
frailty29_trained_motion_detector,frailty29_trained_to_ptt22,window,macro_average_ovr,macro,42,0.21,0.9983572921348735,,0.9968502888758553,15983
frailty29_trained_motion_detector,frailty29_trained_to_ptt22,window,macro_average_ovr,macro,43,0.215,0.9983572921348735,,0.9968502888758553,15983
frailty29_trained_motion_detector,frailty29_trained_to_ptt22,window,macro_average_ovr,macro,44,0.22,0.9985449622521907,,0.9968502888758553,15983
frailty29_trained_motion_detector,frailty29_trained_to_ptt22,window,macro_average_ovr,macro,45,0.225,0.9985449622521907,,0.9968502888758553,15983
frailty29_trained_motion_detector,frailty29_trained_to_ptt22,window,macro_average_ovr,macro,46,0.23,0.9985919017940608,,0.9968502888758553,15983
frailty29_trained_motion_detector,frailty29_trained_to_ptt22,window,macro_average_ovr,macro,47,0.23500000000000001,0.9986388413359308,,0.9968502888758553,15983
frailty29_trained_motion_detector,frailty29_trained_to_ptt22,window,macro_average_ovr,macro,48,0.24,0.9986388413359308,,0.9968502888758553,15983
frailty29_trained_motion_detector,frailty29_trained_to_ptt22,window,macro_average_ovr,macro,49,0.245,0.9987795719113781,,0.9968502888758553,15983
frailty29_trained_motion_detector,frailty29_trained_to_ptt22,window,macro_average_ovr,macro,50,0.25,0.9987795719113781,,0.9968502888758553,15983
frailty29_trained_motion_detector,frailty29_trained_to_ptt22,window,macro_average_ovr,macro,51,0.255,0.9988265114532482,,0.9968502888758553,15983
frailty29_trained_motion_detector,frailty29_trained_to_ptt22,window,macro_average_ovr,macro,52,0.26,0.9988265114532482,,0.9968502888758553,15983
frailty29_trained_motion_detector,frailty29_trained_to_ptt22,window,macro_average_ovr,macro,53,0.265,0.9989203905369883,,0.9968502888758553,15983
frailty29_trained_motion_detector,frailty29_trained_to_ptt22,window,macro_average_ovr,macro,54,0.27,0.9989203905369883,,0.9968502888758553,15983
frailty29_trained_motion_detector,frailty29_trained_to_ptt22,window,macro_average_ovr,macro,55,0.275,0.9989203905369883,,0.9968502888758553,15983
frailty29_trained_motion_detector,frailty29_trained_to_ptt22,window,macro_average_ovr,macro,56,0.28,0.9989203905369883,,0.9968502888758553,15983
frailty29_trained_motion_detector,frailty29_trained_to_ptt22,window,macro_average_ovr,macro,57,0.28500000000000003,0.9989203905369883,,0.9968502888758553,15983
frailty29_trained_motion_detector,frailty29_trained_to_ptt22,window,macro_average_ovr,macro,58,0.29,0.9989203905369883,,0.9968502888758553,15983
frailty29_trained_motion_detector,frailty29_trained_to_ptt22,window,macro_average_ovr,macro,59,0.295,0.9989203905369883,,0.9968502888758553,15983
frailty29_trained_motion_detector,frailty29_trained_to_ptt22,window,macro_average_ovr,macro,60,0.3,0.9989673300788584,,0.9968502888758553,15983
frailty29_trained_motion_detector,frailty29_trained_to_ptt22,window,macro_average_ovr,macro,61,0.305,0.9989673300788584,,0.9968502888758553,15983
frailty29_trained_motion_detector,frailty29_trained_to_ptt22,window,macro_average_ovr,macro,62,0.31,0.9990142696207285,,0.9968502888758553,15983
frailty29_trained_motion_detector,frailty29_trained_to_ptt22,window,macro_average_ovr,macro,63,0.315,0.9990142696207285,,0.9968502888758553,15983
frailty29_trained_motion_detector,frailty29_trained_to_ptt22,window,macro_average_ovr,macro,64,0.32,0.9990142696207285,,0.9968502888758553,15983
frailty29_trained_motion_detector,frailty29_trained_to_ptt22,window,macro_average_ovr,macro,65,0.325,0.9990612091625986,,0.9968502888758553,15983
frailty29_trained_motion_detector,frailty29_trained_to_ptt22,window,macro_average_ovr,macro,66,0.33,0.9990612091625986,,0.9968502888758553,15983
frailty29_trained_motion_detector,frailty29_trained_to_ptt22,window,macro_average_ovr,macro,67,0.335,0.9990612091625986,,0.9968502888758553,15983
frailty29_trained_motion_detector,frailty29_trained_to_ptt22,window,macro_average_ovr,macro,68,0.34,0.9990612091625986,,0.9968502888758553,15983
frailty29_trained_motion_detector,frailty29_trained_to_ptt22,window,macro_average_ovr,macro,69,0.34500000000000003,0.9990612091625986,,0.9968502888758553,15983
frailty29_trained_motion_detector,frailty29_trained_to_ptt22,window,macro_average_ovr,macro,70,0.35000000000000003,0.9991081487044686,,0.9968502888758553,15983
frailty29_trained_motion_detector,frailty29_trained_to_ptt22,window,macro_average_ovr,macro,71,0.355,0.9991081487044686,,0.9968502888758553,15983
frailty29_trained_motion_detector,frailty29_trained_to_ptt22,window,macro_average_ovr,macro,72,0.36,0.9991081487044686,,0.9968502888758553,15983
frailty29_trained_motion_detector,frailty29_trained_to_ptt22,window,macro_average_ovr,macro,73,0.365,0.9991550882463387,,0.9968502888758553,15983
frailty29_trained_motion_detector,frailty29_trained_to_ptt22,window,macro_average_ovr,macro,74,0.37,0.9992020277882088,,0.9968502888758553,15983
frailty29_trained_motion_detector,frailty29_trained_to_ptt22,window,macro_average_ovr,macro,75,0.375,0.9992020277882088,,0.9968502888758553,15983
frailty29_trained_motion_detector,frailty29_trained_to_ptt22,window,macro_average_ovr,macro,76,0.38,0.9992020277882088,,0.9968502888758553,15983
frailty29_trained_motion_detector,frailty29_trained_to_ptt22,window,macro_average_ovr,macro,77,0.385,0.9992020277882088,,0.9968502888758553,15983
frailty29_trained_motion_detector,frailty29_trained_to_ptt22,window,macro_average_ovr,macro,78,0.39,0.9992489673300788,,0.9968502888758553,15983
frailty29_trained_motion_detector,frailty29_trained_to_ptt22,window,macro_average_ovr,macro,79,0.395,0.9992489673300788,,0.9968502888758553,15983
frailty29_trained_motion_detector,frailty29_trained_to_ptt22,window,macro_average_ovr,macro,80,0.4,0.9992489673300788,,0.9968502888758553,15983
frailty29_trained_motion_detector,frailty29_trained_to_ptt22,window,macro_average_ovr,macro,81,0.405,0.9992489673300788,,0.9968502888758553,15983
frailty29_trained_motion_detector,frailty29_trained_to_ptt22,window,macro_average_ovr,macro,82,0.41000000000000003,0.9992489673300788,,0.9968502888758553,15983
frailty29_trained_motion_detector,frailty29_trained_to_ptt22,window,macro_average_ovr,macro,83,0.41500000000000004,0.9992959068719489,,0.9968502888758553,15983
frailty29_trained_motion_detector,frailty29_trained_to_ptt22,window,macro_average_ovr,macro,84,0.42,0.999342846413819,,0.9968502888758553,15983
frailty29_trained_motion_detector,frailty29_trained_to_ptt22,window,macro_average_ovr,macro,85,0.425,0.999342846413819,,0.9968502888758553,15983
frailty29_trained_motion_detector,frailty29_trained_to_ptt22,window,macro_average_ovr,macro,86,0.43,0.999342846413819,,0.9968502888758553,15983
frailty29_trained_motion_detector,frailty29_trained_to_ptt22,window,macro_average_ovr,macro,87,0.435,0.999342846413819,,0.9968502888758553,15983
frailty29_trained_motion_detector,frailty29_trained_to_ptt22,window,macro_average_ovr,macro,88,0.44,0.999342846413819,,0.9968502888758553,15983
frailty29_trained_motion_detector,frailty29_trained_to_ptt22,window,macro_average_ovr,macro,89,0.445,0.999342846413819,,0.9968502888758553,15983
frailty29_trained_motion_detector,frailty29_trained_to_ptt22,window,macro_average_ovr,macro,90,0.45,0.9993897859556891,,0.9968502888758553,15983
frailty29_trained_motion_detector,frailty29_trained_to_ptt22,window,macro_average_ovr,macro,91,0.455,0.9993897859556891,,0.9968502888758553,15983
frailty29_trained_motion_detector,frailty29_trained_to_ptt22,window,macro_average_ovr,macro,92,0.46,0.9994367254975591,,0.9968502888758553,15983
frailty29_trained_motion_detector,frailty29_trained_to_ptt22,window,macro_average_ovr,macro,93,0.465,0.9994367254975591,,0.9968502888758553,15983
frailty29_trained_motion_detector,frailty29_trained_to_ptt22,window,macro_average_ovr,macro,94,0.47000000000000003,0.9995306045812993,,0.9968502888758553,15983
frailty29_trained_motion_detector,frailty29_trained_to_ptt22,window,macro_average_ovr,macro,95,0.47500000000000003,0.9996714232069095,,0.9968502888758553,15983
frailty29_trained_motion_detector,frailty29_trained_to_ptt22,window,macro_average_ovr,macro,96,0.48,0.9997183627487796,,0.9968502888758553,15983
frailty29_trained_motion_detector,frailty29_trained_to_ptt22,window,macro_average_ovr,macro,97,0.485,0.9997653022906496,,0.9968502888758553,15983
frailty29_trained_motion_detector,frailty29_trained_to_ptt22,window,macro_average_ovr,macro,98,0.49,0.9997653022906496,,0.9968502888758553,15983
frailty29_trained_motion_detector,frailty29_trained_to_ptt22,window,macro_average_ovr,macro,99,0.495,0.9998122418325197,,0.9968502888758553,15983
frailty29_trained_motion_detector,frailty29_trained_to_ptt22,window,macro_average_ovr,macro,100,0.5,0.9998122418325197,,0.9968502888758553,15983
frailty29_trained_motion_detector,frailty29_trained_to_ptt22,window,macro_average_ovr,macro,101,0.505,0.9998122418325197,,0.9968502888758553,15983
frailty29_trained_motion_detector,frailty29_trained_to_ptt22,window,macro_average_ovr,macro,102,0.51,0.9998122418325197,,0.9968502888758553,15983
frailty29_trained_motion_detector,frailty29_trained_to_ptt22,window,macro_average_ovr,macro,103,0.515,0.9998122418325197,,0.9968502888758553,15983
frailty29_trained_motion_detector,frailty29_trained_to_ptt22,window,macro_average_ovr,macro,104,0.52,0.9998122418325197,,0.9968502888758553,15983
frailty29_trained_motion_detector,frailty29_trained_to_ptt22,window,macro_average_ovr,macro,105,0.525,0.9999061209162599,,0.9968502888758553,15983
frailty29_trained_motion_detector,frailty29_trained_to_ptt22,window,macro_average_ovr,macro,106,0.53,0.9999061209162599,,0.9968502888758553,15983
frailty29_trained_motion_detector,frailty29_trained_to_ptt22,window,macro_average_ovr,macro,107,0.535,0.9999061209162599,,0.9968502888758553,15983
frailty29_trained_motion_detector,frailty29_trained_to_ptt22,window,macro_average_ovr,macro,108,0.54,0.9999530604581299,,0.9968502888758553,15983
frailty29_trained_motion_detector,frailty29_trained_to_ptt22,window,macro_average_ovr,macro,109,0.545,0.9999530604581299,,0.9968502888758553,15983
frailty29_trained_motion_detector,frailty29_trained_to_ptt22,window,macro_average_ovr,macro,110,0.55,0.9999530604581299,,0.9968502888758553,15983
frailty29_trained_motion_detector,frailty29_trained_to_ptt22,window,macro_average_ovr,macro,111,0.555,1.0,,0.9968502888758553,15983
frailty29_trained_motion_detector,frailty29_trained_to_ptt22,window,macro_average_ovr,macro,112,0.56,1.0,,0.9968502888758553,15983
frailty29_trained_motion_detector,frailty29_trained_to_ptt22,window,macro_average_ovr,macro,113,0.5650000000000001,1.0,,0.9968502888758553,15983
frailty29_trained_motion_detector,frailty29_trained_to_ptt22,window,macro_average_ovr,macro,114,0.5700000000000001,1.0,,0.9968502888758553,15983
frailty29_trained_motion_detector,frailty29_trained_to_ptt22,window,macro_average_ovr,macro,115,0.5750000000000001,1.0,,0.9968502888758553,15983
frailty29_trained_motion_detector,frailty29_trained_to_ptt22,window,macro_average_ovr,macro,116,0.58,1.0,,0.9968502888758553,15983
frailty29_trained_motion_detector,frailty29_trained_to_ptt22,window,macro_average_ovr,macro,117,0.585,1.0,,0.9968502888758553,15983
frailty29_trained_motion_detector,frailty29_trained_to_ptt22,window,macro_average_ovr,macro,118,0.59,1.0,,0.9968502888758553,15983
frailty29_trained_motion_detector,frailty29_trained_to_ptt22,window,macro_average_ovr,macro,119,0.595,1.0,,0.9968502888758553,15983
frailty29_trained_motion_detector,frailty29_trained_to_ptt22,window,macro_average_ovr,macro,120,0.6,1.0,,0.9968502888758553,15983
frailty29_trained_motion_detector,frailty29_trained_to_ptt22,window,macro_average_ovr,macro,121,0.605,1.0,,0.9968502888758553,15983
frailty29_trained_motion_detector,frailty29_trained_to_ptt22,window,macro_average_ovr,macro,122,0.61,1.0,,0.9968502888758553,15983
frailty29_trained_motion_detector,frailty29_trained_to_ptt22,window,macro_average_ovr,macro,123,0.615,1.0,,0.9968502888758553,15983
frailty29_trained_motion_detector,frailty29_trained_to_ptt22,window,macro_average_ovr,macro,124,0.62,1.0,,0.9968502888758553,15983
frailty29_trained_motion_detector,frailty29_trained_to_ptt22,window,macro_average_ovr,macro,125,0.625,1.0,,0.9968502888758553,15983
frailty29_trained_motion_detector,frailty29_trained_to_ptt22,window,macro_average_ovr,macro,126,0.63,1.0,,0.9968502888758553,15983
frailty29_trained_motion_detector,frailty29_trained_to_ptt22,window,macro_average_ovr,macro,127,0.635,1.0,,0.9968502888758553,15983
frailty29_trained_motion_detector,frailty29_trained_to_ptt22,window,macro_average_ovr,macro,128,0.64,1.0,,0.9968502888758553,15983
frailty29_trained_motion_detector,frailty29_trained_to_ptt22,window,macro_average_ovr,macro,129,0.645,1.0,,0.9968502888758553,15983
frailty29_trained_motion_detector,frailty29_trained_to_ptt22,window,macro_average_ovr,macro,130,0.65,1.0,,0.9968502888758553,15983
frailty29_trained_motion_detector,frailty29_trained_to_ptt22,window,macro_average_ovr,macro,131,0.655,1.0,,0.9968502888758553,15983
frailty29_trained_motion_detector,frailty29_trained_to_ptt22,window,macro_average_ovr,macro,132,0.66,1.0,,0.9968502888758553,15983
frailty29_trained_motion_detector,frailty29_trained_to_ptt22,window,macro_average_ovr,macro,133,0.665,1.0,,0.9968502888758553,15983
frailty29_trained_motion_detector,frailty29_trained_to_ptt22,window,macro_average_ovr,macro,134,0.67,1.0,,0.9968502888758553,15983
frailty29_trained_motion_detector,frailty29_trained_to_ptt22,window,macro_average_ovr,macro,135,0.675,1.0,,0.9968502888758553,15983
frailty29_trained_motion_detector,frailty29_trained_to_ptt22,window,macro_average_ovr,macro,136,0.68,1.0,,0.9968502888758553,15983
frailty29_trained_motion_detector,frailty29_trained_to_ptt22,window,macro_average_ovr,macro,137,0.685,1.0,,0.9968502888758553,15983
frailty29_trained_motion_detector,frailty29_trained_to_ptt22,window,macro_average_ovr,macro,138,0.6900000000000001,1.0,,0.9968502888758553,15983
frailty29_trained_motion_detector,frailty29_trained_to_ptt22,window,macro_average_ovr,macro,139,0.6950000000000001,1.0,,0.9968502888758553,15983
frailty29_trained_motion_detector,frailty29_trained_to_ptt22,window,macro_average_ovr,macro,140,0.7000000000000001,1.0,,0.9968502888758553,15983
frailty29_trained_motion_detector,frailty29_trained_to_ptt22,window,macro_average_ovr,macro,141,0.705,1.0,,0.9968502888758553,15983
frailty29_trained_motion_detector,frailty29_trained_to_ptt22,window,macro_average_ovr,macro,142,0.71,1.0,,0.9968502888758553,15983
frailty29_trained_motion_detector,frailty29_trained_to_ptt22,window,macro_average_ovr,macro,143,0.715,1.0,,0.9968502888758553,15983
frailty29_trained_motion_detector,frailty29_trained_to_ptt22,window,macro_average_ovr,macro,144,0.72,1.0,,0.9968502888758553,15983
frailty29_trained_motion_detector,frailty29_trained_to_ptt22,window,macro_average_ovr,macro,145,0.725,1.0,,0.9968502888758553,15983
frailty29_trained_motion_detector,frailty29_trained_to_ptt22,window,macro_average_ovr,macro,146,0.73,1.0,,0.9968502888758553,15983
frailty29_trained_motion_detector,frailty29_trained_to_ptt22,window,macro_average_ovr,macro,147,0.735,1.0,,0.9968502888758553,15983
frailty29_trained_motion_detector,frailty29_trained_to_ptt22,window,macro_average_ovr,macro,148,0.74,1.0,,0.9968502888758553,15983
frailty29_trained_motion_detector,frailty29_trained_to_ptt22,window,macro_average_ovr,macro,149,0.745,1.0,,0.9968502888758553,15983
frailty29_trained_motion_detector,frailty29_trained_to_ptt22,window,macro_average_ovr,macro,150,0.75,1.0,,0.9968502888758553,15983
frailty29_trained_motion_detector,frailty29_trained_to_ptt22,window,macro_average_ovr,macro,151,0.755,1.0,,0.9968502888758553,15983
frailty29_trained_motion_detector,frailty29_trained_to_ptt22,window,macro_average_ovr,macro,152,0.76,1.0,,0.9968502888758553,15983
frailty29_trained_motion_detector,frailty29_trained_to_ptt22,window,macro_average_ovr,macro,153,0.765,1.0,,0.9968502888758553,15983
frailty29_trained_motion_detector,frailty29_trained_to_ptt22,window,macro_average_ovr,macro,154,0.77,1.0,,0.9968502888758553,15983
frailty29_trained_motion_detector,frailty29_trained_to_ptt22,window,macro_average_ovr,macro,155,0.775,1.0,,0.9968502888758553,15983
frailty29_trained_motion_detector,frailty29_trained_to_ptt22,window,macro_average_ovr,macro,156,0.78,1.0,,0.9968502888758553,15983
frailty29_trained_motion_detector,frailty29_trained_to_ptt22,window,macro_average_ovr,macro,157,0.785,1.0,,0.9968502888758553,15983
frailty29_trained_motion_detector,frailty29_trained_to_ptt22,window,macro_average_ovr,macro,158,0.79,1.0,,0.9968502888758553,15983
frailty29_trained_motion_detector,frailty29_trained_to_ptt22,window,macro_average_ovr,macro,159,0.795,1.0,,0.9968502888758553,15983
frailty29_trained_motion_detector,frailty29_trained_to_ptt22,window,macro_average_ovr,macro,160,0.8,1.0,,0.9968502888758553,15983
frailty29_trained_motion_detector,frailty29_trained_to_ptt22,window,macro_average_ovr,macro,161,0.805,1.0,,0.9968502888758553,15983
frailty29_trained_motion_detector,frailty29_trained_to_ptt22,window,macro_average_ovr,macro,162,0.81,1.0,,0.9968502888758553,15983
frailty29_trained_motion_detector,frailty29_trained_to_ptt22,window,macro_average_ovr,macro,163,0.8150000000000001,1.0,,0.9968502888758553,15983
frailty29_trained_motion_detector,frailty29_trained_to_ptt22,window,macro_average_ovr,macro,164,0.8200000000000001,1.0,,0.9968502888758553,15983
frailty29_trained_motion_detector,frailty29_trained_to_ptt22,window,macro_average_ovr,macro,165,0.8250000000000001,1.0,,0.9968502888758553,15983
frailty29_trained_motion_detector,frailty29_trained_to_ptt22,window,macro_average_ovr,macro,166,0.8300000000000001,1.0,,0.9968502888758553,15983
frailty29_trained_motion_detector,frailty29_trained_to_ptt22,window,macro_average_ovr,macro,167,0.835,1.0,,0.9968502888758553,15983
frailty29_trained_motion_detector,frailty29_trained_to_ptt22,window,macro_average_ovr,macro,168,0.84,1.0,,0.9968502888758553,15983
frailty29_trained_motion_detector,frailty29_trained_to_ptt22,window,macro_average_ovr,macro,169,0.845,1.0,,0.9968502888758553,15983
frailty29_trained_motion_detector,frailty29_trained_to_ptt22,window,macro_average_ovr,macro,170,0.85,1.0,,0.9968502888758553,15983
frailty29_trained_motion_detector,frailty29_trained_to_ptt22,window,macro_average_ovr,macro,171,0.855,1.0,,0.9968502888758553,15983
frailty29_trained_motion_detector,frailty29_trained_to_ptt22,window,macro_average_ovr,macro,172,0.86,1.0,,0.9968502888758553,15983
frailty29_trained_motion_detector,frailty29_trained_to_ptt22,window,macro_average_ovr,macro,173,0.865,1.0,,0.9968502888758553,15983
frailty29_trained_motion_detector,frailty29_trained_to_ptt22,window,macro_average_ovr,macro,174,0.87,1.0,,0.9968502888758553,15983
frailty29_trained_motion_detector,frailty29_trained_to_ptt22,window,macro_average_ovr,macro,175,0.875,1.0,,0.9968502888758553,15983
frailty29_trained_motion_detector,frailty29_trained_to_ptt22,window,macro_average_ovr,macro,176,0.88,1.0,,0.9968502888758553,15983
frailty29_trained_motion_detector,frailty29_trained_to_ptt22,window,macro_average_ovr,macro,177,0.885,1.0,,0.9968502888758553,15983
frailty29_trained_motion_detector,frailty29_trained_to_ptt22,window,macro_average_ovr,macro,178,0.89,1.0,,0.9968502888758553,15983
frailty29_trained_motion_detector,frailty29_trained_to_ptt22,window,macro_average_ovr,macro,179,0.895,1.0,,0.9968502888758553,15983
frailty29_trained_motion_detector,frailty29_trained_to_ptt22,window,macro_average_ovr,macro,180,0.9,1.0,,0.9968502888758553,15983
frailty29_trained_motion_detector,frailty29_trained_to_ptt22,window,macro_average_ovr,macro,181,0.905,1.0,,0.9968502888758553,15983
frailty29_trained_motion_detector,frailty29_trained_to_ptt22,window,macro_average_ovr,macro,182,0.91,1.0,,0.9968502888758553,15983
frailty29_trained_motion_detector,frailty29_trained_to_ptt22,window,macro_average_ovr,macro,183,0.915,1.0,,0.9968502888758553,15983
frailty29_trained_motion_detector,frailty29_trained_to_ptt22,window,macro_average_ovr,macro,184,0.92,1.0,,0.9968502888758553,15983
frailty29_trained_motion_detector,frailty29_trained_to_ptt22,window,macro_average_ovr,macro,185,0.925,1.0,,0.9968502888758553,15983
frailty29_trained_motion_detector,frailty29_trained_to_ptt22,window,macro_average_ovr,macro,186,0.93,1.0,,0.9968502888758553,15983
frailty29_trained_motion_detector,frailty29_trained_to_ptt22,window,macro_average_ovr,macro,187,0.935,1.0,,0.9968502888758553,15983
frailty29_trained_motion_detector,frailty29_trained_to_ptt22,window,macro_average_ovr,macro,188,0.9400000000000001,1.0,,0.9968502888758553,15983
frailty29_trained_motion_detector,frailty29_trained_to_ptt22,window,macro_average_ovr,macro,189,0.9450000000000001,1.0,,0.9968502888758553,15983
frailty29_trained_motion_detector,frailty29_trained_to_ptt22,window,macro_average_ovr,macro,190,0.9500000000000001,1.0,,0.9968502888758553,15983
frailty29_trained_motion_detector,frailty29_trained_to_ptt22,window,macro_average_ovr,macro,191,0.9550000000000001,1.0,,0.9968502888758553,15983
frailty29_trained_motion_detector,frailty29_trained_to_ptt22,window,macro_average_ovr,macro,192,0.96,1.0,,0.9968502888758553,15983
frailty29_trained_motion_detector,frailty29_trained_to_ptt22,window,macro_average_ovr,macro,193,0.965,1.0,,0.9968502888758553,15983
frailty29_trained_motion_detector,frailty29_trained_to_ptt22,window,macro_average_ovr,macro,194,0.97,1.0,,0.9968502888758553,15983
frailty29_trained_motion_detector,frailty29_trained_to_ptt22,window,macro_average_ovr,macro,195,0.975,1.0,,0.9968502888758553,15983
frailty29_trained_motion_detector,frailty29_trained_to_ptt22,window,macro_average_ovr,macro,196,0.98,1.0,,0.9968502888758553,15983
frailty29_trained_motion_detector,frailty29_trained_to_ptt22,window,macro_average_ovr,macro,197,0.985,1.0,,0.9968502888758553,15983
frailty29_trained_motion_detector,frailty29_trained_to_ptt22,window,macro_average_ovr,macro,198,0.99,1.0,,0.9968502888758553,15983
frailty29_trained_motion_detector,frailty29_trained_to_ptt22,window,macro_average_ovr,macro,199,0.995,1.0,,0.9968502888758553,15983
frailty29_trained_motion_detector,frailty29_trained_to_ptt22,window,macro_average_ovr,macro,200,1.0,1.0,,0.9968502888758553,15983
ptt22_trained_motion_detector,ptt22_outer_oof,file,one_vs_rest,0,0,0.0,0.0,,1.0,66
ptt22_trained_motion_detector,ptt22_outer_oof,file,one_vs_rest,0,1,0.0,0.045454545454545456,0.9999990459346009,1.0,66
ptt22_trained_motion_detector,ptt22_outer_oof,file,one_vs_rest,0,2,0.0,1.0,0.9999979791501801,1.0,66
ptt22_trained_motion_detector,ptt22_outer_oof,file,one_vs_rest,0,3,0.045454545454545456,1.0,4.0531158447265625e-06,1.0,66
ptt22_trained_motion_detector,ptt22_outer_oof,file,one_vs_rest,0,4,0.45454545454545453,1.0,3.337860107421875e-06,1.0,66
ptt22_trained_motion_detector,ptt22_outer_oof,file,one_vs_rest,0,5,0.5,1.0,2.5033950805664062e-06,1.0,66
ptt22_trained_motion_detector,ptt22_outer_oof,file,one_vs_rest,0,6,0.8409090909090909,1.0,2.384185791015625e-06,1.0,66
ptt22_trained_motion_detector,ptt22_outer_oof,file,one_vs_rest,0,7,1.0,1.0,2.2649765014648438e-06,1.0,66
ptt22_trained_motion_detector,ptt22_outer_oof,file,one_vs_rest,1,0,0.0,0.0,,1.0,66
ptt22_trained_motion_detector,ptt22_outer_oof,file,one_vs_rest,1,1,0.0,0.1590909090909091,0.9999977350234985,1.0,66
ptt22_trained_motion_detector,ptt22_outer_oof,file,one_vs_rest,1,2,0.0,0.5,0.999997615814209,1.0,66
ptt22_trained_motion_detector,ptt22_outer_oof,file,one_vs_rest,1,3,0.0,0.5454545454545454,0.9999973773956299,1.0,66
ptt22_trained_motion_detector,ptt22_outer_oof,file,one_vs_rest,1,4,0.0,0.9545454545454546,0.9999961853027344,1.0,66
ptt22_trained_motion_detector,ptt22_outer_oof,file,one_vs_rest,1,5,0.0,1.0,0.999992847442627,1.0,66
ptt22_trained_motion_detector,ptt22_outer_oof,file,one_vs_rest,1,6,1.0,1.0,9.540653991280124e-07,1.0,66
ptt22_trained_motion_detector,ptt22_outer_oof,file,macro_average_ovr,macro,0,0.0,1.0,,1.0,66
ptt22_trained_motion_detector,ptt22_outer_oof,file,macro_average_ovr,macro,1,0.005,1.0,,1.0,66
ptt22_trained_motion_detector,ptt22_outer_oof,file,macro_average_ovr,macro,2,0.01,1.0,,1.0,66
ptt22_trained_motion_detector,ptt22_outer_oof,file,macro_average_ovr,macro,3,0.015,1.0,,1.0,66
ptt22_trained_motion_detector,ptt22_outer_oof,file,macro_average_ovr,macro,4,0.02,1.0,,1.0,66
ptt22_trained_motion_detector,ptt22_outer_oof,file,macro_average_ovr,macro,5,0.025,1.0,,1.0,66
ptt22_trained_motion_detector,ptt22_outer_oof,file,macro_average_ovr,macro,6,0.03,1.0,,1.0,66
ptt22_trained_motion_detector,ptt22_outer_oof,file,macro_average_ovr,macro,7,0.035,1.0,,1.0,66
ptt22_trained_motion_detector,ptt22_outer_oof,file,macro_average_ovr,macro,8,0.04,1.0,,1.0,66
ptt22_trained_motion_detector,ptt22_outer_oof,file,macro_average_ovr,macro,9,0.045,1.0,,1.0,66
ptt22_trained_motion_detector,ptt22_outer_oof,file,macro_average_ovr,macro,10,0.05,1.0,,1.0,66
ptt22_trained_motion_detector,ptt22_outer_oof,file,macro_average_ovr,macro,11,0.055,1.0,,1.0,66
ptt22_trained_motion_detector,ptt22_outer_oof,file,macro_average_ovr,macro,12,0.06,1.0,,1.0,66
ptt22_trained_motion_detector,ptt22_outer_oof,file,macro_average_ovr,macro,13,0.065,1.0,,1.0,66
ptt22_trained_motion_detector,ptt22_outer_oof,file,macro_average_ovr,macro,14,0.07,1.0,,1.0,66
ptt22_trained_motion_detector,ptt22_outer_oof,file,macro_average_ovr,macro,15,0.075,1.0,,1.0,66
ptt22_trained_motion_detector,ptt22_outer_oof,file,macro_average_ovr,macro,16,0.08,1.0,,1.0,66
ptt22_trained_motion_detector,ptt22_outer_oof,file,macro_average_ovr,macro,17,0.085,1.0,,1.0,66
ptt22_trained_motion_detector,ptt22_outer_oof,file,macro_average_ovr,macro,18,0.09,1.0,,1.0,66
ptt22_trained_motion_detector,ptt22_outer_oof,file,macro_average_ovr,macro,19,0.095,1.0,,1.0,66
ptt22_trained_motion_detector,ptt22_outer_oof,file,macro_average_ovr,macro,20,0.1,1.0,,1.0,66
ptt22_trained_motion_detector,ptt22_outer_oof,file,macro_average_ovr,macro,21,0.105,1.0,,1.0,66
ptt22_trained_motion_detector,ptt22_outer_oof,file,macro_average_ovr,macro,22,0.11,1.0,,1.0,66
ptt22_trained_motion_detector,ptt22_outer_oof,file,macro_average_ovr,macro,23,0.115,1.0,,1.0,66
ptt22_trained_motion_detector,ptt22_outer_oof,file,macro_average_ovr,macro,24,0.12,1.0,,1.0,66
ptt22_trained_motion_detector,ptt22_outer_oof,file,macro_average_ovr,macro,25,0.125,1.0,,1.0,66
ptt22_trained_motion_detector,ptt22_outer_oof,file,macro_average_ovr,macro,26,0.13,1.0,,1.0,66
ptt22_trained_motion_detector,ptt22_outer_oof,file,macro_average_ovr,macro,27,0.135,1.0,,1.0,66
ptt22_trained_motion_detector,ptt22_outer_oof,file,macro_average_ovr,macro,28,0.14,1.0,,1.0,66
ptt22_trained_motion_detector,ptt22_outer_oof,file,macro_average_ovr,macro,29,0.145,1.0,,1.0,66
ptt22_trained_motion_detector,ptt22_outer_oof,file,macro_average_ovr,macro,30,0.15,1.0,,1.0,66
ptt22_trained_motion_detector,ptt22_outer_oof,file,macro_average_ovr,macro,31,0.155,1.0,,1.0,66
ptt22_trained_motion_detector,ptt22_outer_oof,file,macro_average_ovr,macro,32,0.16,1.0,,1.0,66
ptt22_trained_motion_detector,ptt22_outer_oof,file,macro_average_ovr,macro,33,0.165,1.0,,1.0,66
ptt22_trained_motion_detector,ptt22_outer_oof,file,macro_average_ovr,macro,34,0.17,1.0,,1.0,66
ptt22_trained_motion_detector,ptt22_outer_oof,file,macro_average_ovr,macro,35,0.17500000000000002,1.0,,1.0,66
ptt22_trained_motion_detector,ptt22_outer_oof,file,macro_average_ovr,macro,36,0.18,1.0,,1.0,66
ptt22_trained_motion_detector,ptt22_outer_oof,file,macro_average_ovr,macro,37,0.185,1.0,,1.0,66
ptt22_trained_motion_detector,ptt22_outer_oof,file,macro_average_ovr,macro,38,0.19,1.0,,1.0,66
ptt22_trained_motion_detector,ptt22_outer_oof,file,macro_average_ovr,macro,39,0.195,1.0,,1.0,66
ptt22_trained_motion_detector,ptt22_outer_oof,file,macro_average_ovr,macro,40,0.2,1.0,,1.0,66
ptt22_trained_motion_detector,ptt22_outer_oof,file,macro_average_ovr,macro,41,0.20500000000000002,1.0,,1.0,66
ptt22_trained_motion_detector,ptt22_outer_oof,file,macro_average_ovr,macro,42,0.21,1.0,,1.0,66
ptt22_trained_motion_detector,ptt22_outer_oof,file,macro_average_ovr,macro,43,0.215,1.0,,1.0,66
ptt22_trained_motion_detector,ptt22_outer_oof,file,macro_average_ovr,macro,44,0.22,1.0,,1.0,66
ptt22_trained_motion_detector,ptt22_outer_oof,file,macro_average_ovr,macro,45,0.225,1.0,,1.0,66
ptt22_trained_motion_detector,ptt22_outer_oof,file,macro_average_ovr,macro,46,0.23,1.0,,1.0,66
ptt22_trained_motion_detector,ptt22_outer_oof,file,macro_average_ovr,macro,47,0.23500000000000001,1.0,,1.0,66
ptt22_trained_motion_detector,ptt22_outer_oof,file,macro_average_ovr,macro,48,0.24,1.0,,1.0,66
ptt22_trained_motion_detector,ptt22_outer_oof,file,macro_average_ovr,macro,49,0.245,1.0,,1.0,66
ptt22_trained_motion_detector,ptt22_outer_oof,file,macro_average_ovr,macro,50,0.25,1.0,,1.0,66
ptt22_trained_motion_detector,ptt22_outer_oof,file,macro_average_ovr,macro,51,0.255,1.0,,1.0,66
ptt22_trained_motion_detector,ptt22_outer_oof,file,macro_average_ovr,macro,52,0.26,1.0,,1.0,66
ptt22_trained_motion_detector,ptt22_outer_oof,file,macro_average_ovr,macro,53,0.265,1.0,,1.0,66
ptt22_trained_motion_detector,ptt22_outer_oof,file,macro_average_ovr,macro,54,0.27,1.0,,1.0,66
ptt22_trained_motion_detector,ptt22_outer_oof,file,macro_average_ovr,macro,55,0.275,1.0,,1.0,66
ptt22_trained_motion_detector,ptt22_outer_oof,file,macro_average_ovr,macro,56,0.28,1.0,,1.0,66
ptt22_trained_motion_detector,ptt22_outer_oof,file,macro_average_ovr,macro,57,0.28500000000000003,1.0,,1.0,66
ptt22_trained_motion_detector,ptt22_outer_oof,file,macro_average_ovr,macro,58,0.29,1.0,,1.0,66
ptt22_trained_motion_detector,ptt22_outer_oof,file,macro_average_ovr,macro,59,0.295,1.0,,1.0,66
ptt22_trained_motion_detector,ptt22_outer_oof,file,macro_average_ovr,macro,60,0.3,1.0,,1.0,66
ptt22_trained_motion_detector,ptt22_outer_oof,file,macro_average_ovr,macro,61,0.305,1.0,,1.0,66
ptt22_trained_motion_detector,ptt22_outer_oof,file,macro_average_ovr,macro,62,0.31,1.0,,1.0,66
ptt22_trained_motion_detector,ptt22_outer_oof,file,macro_average_ovr,macro,63,0.315,1.0,,1.0,66
ptt22_trained_motion_detector,ptt22_outer_oof,file,macro_average_ovr,macro,64,0.32,1.0,,1.0,66
ptt22_trained_motion_detector,ptt22_outer_oof,file,macro_average_ovr,macro,65,0.325,1.0,,1.0,66
ptt22_trained_motion_detector,ptt22_outer_oof,file,macro_average_ovr,macro,66,0.33,1.0,,1.0,66
ptt22_trained_motion_detector,ptt22_outer_oof,file,macro_average_ovr,macro,67,0.335,1.0,,1.0,66
ptt22_trained_motion_detector,ptt22_outer_oof,file,macro_average_ovr,macro,68,0.34,1.0,,1.0,66
ptt22_trained_motion_detector,ptt22_outer_oof,file,macro_average_ovr,macro,69,0.34500000000000003,1.0,,1.0,66
ptt22_trained_motion_detector,ptt22_outer_oof,file,macro_average_ovr,macro,70,0.35000000000000003,1.0,,1.0,66
ptt22_trained_motion_detector,ptt22_outer_oof,file,macro_average_ovr,macro,71,0.355,1.0,,1.0,66
ptt22_trained_motion_detector,ptt22_outer_oof,file,macro_average_ovr,macro,72,0.36,1.0,,1.0,66
ptt22_trained_motion_detector,ptt22_outer_oof,file,macro_average_ovr,macro,73,0.365,1.0,,1.0,66
ptt22_trained_motion_detector,ptt22_outer_oof,file,macro_average_ovr,macro,74,0.37,1.0,,1.0,66
ptt22_trained_motion_detector,ptt22_outer_oof,file,macro_average_ovr,macro,75,0.375,1.0,,1.0,66
ptt22_trained_motion_detector,ptt22_outer_oof,file,macro_average_ovr,macro,76,0.38,1.0,,1.0,66
ptt22_trained_motion_detector,ptt22_outer_oof,file,macro_average_ovr,macro,77,0.385,1.0,,1.0,66
ptt22_trained_motion_detector,ptt22_outer_oof,file,macro_average_ovr,macro,78,0.39,1.0,,1.0,66
ptt22_trained_motion_detector,ptt22_outer_oof,file,macro_average_ovr,macro,79,0.395,1.0,,1.0,66
ptt22_trained_motion_detector,ptt22_outer_oof,file,macro_average_ovr,macro,80,0.4,1.0,,1.0,66
ptt22_trained_motion_detector,ptt22_outer_oof,file,macro_average_ovr,macro,81,0.405,1.0,,1.0,66
ptt22_trained_motion_detector,ptt22_outer_oof,file,macro_average_ovr,macro,82,0.41000000000000003,1.0,,1.0,66
ptt22_trained_motion_detector,ptt22_outer_oof,file,macro_average_ovr,macro,83,0.41500000000000004,1.0,,1.0,66
ptt22_trained_motion_detector,ptt22_outer_oof,file,macro_average_ovr,macro,84,0.42,1.0,,1.0,66
ptt22_trained_motion_detector,ptt22_outer_oof,file,macro_average_ovr,macro,85,0.425,1.0,,1.0,66
ptt22_trained_motion_detector,ptt22_outer_oof,file,macro_average_ovr,macro,86,0.43,1.0,,1.0,66
ptt22_trained_motion_detector,ptt22_outer_oof,file,macro_average_ovr,macro,87,0.435,1.0,,1.0,66
ptt22_trained_motion_detector,ptt22_outer_oof,file,macro_average_ovr,macro,88,0.44,1.0,,1.0,66
ptt22_trained_motion_detector,ptt22_outer_oof,file,macro_average_ovr,macro,89,0.445,1.0,,1.0,66
ptt22_trained_motion_detector,ptt22_outer_oof,file,macro_average_ovr,macro,90,0.45,1.0,,1.0,66
ptt22_trained_motion_detector,ptt22_outer_oof,file,macro_average_ovr,macro,91,0.455,1.0,,1.0,66
ptt22_trained_motion_detector,ptt22_outer_oof,file,macro_average_ovr,macro,92,0.46,1.0,,1.0,66
ptt22_trained_motion_detector,ptt22_outer_oof,file,macro_average_ovr,macro,93,0.465,1.0,,1.0,66
ptt22_trained_motion_detector,ptt22_outer_oof,file,macro_average_ovr,macro,94,0.47000000000000003,1.0,,1.0,66
ptt22_trained_motion_detector,ptt22_outer_oof,file,macro_average_ovr,macro,95,0.47500000000000003,1.0,,1.0,66
ptt22_trained_motion_detector,ptt22_outer_oof,file,macro_average_ovr,macro,96,0.48,1.0,,1.0,66
ptt22_trained_motion_detector,ptt22_outer_oof,file,macro_average_ovr,macro,97,0.485,1.0,,1.0,66
ptt22_trained_motion_detector,ptt22_outer_oof,file,macro_average_ovr,macro,98,0.49,1.0,,1.0,66
ptt22_trained_motion_detector,ptt22_outer_oof,file,macro_average_ovr,macro,99,0.495,1.0,,1.0,66
ptt22_trained_motion_detector,ptt22_outer_oof,file,macro_average_ovr,macro,100,0.5,1.0,,1.0,66
ptt22_trained_motion_detector,ptt22_outer_oof,file,macro_average_ovr,macro,101,0.505,1.0,,1.0,66
ptt22_trained_motion_detector,ptt22_outer_oof,file,macro_average_ovr,macro,102,0.51,1.0,,1.0,66
ptt22_trained_motion_detector,ptt22_outer_oof,file,macro_average_ovr,macro,103,0.515,1.0,,1.0,66
ptt22_trained_motion_detector,ptt22_outer_oof,file,macro_average_ovr,macro,104,0.52,1.0,,1.0,66
ptt22_trained_motion_detector,ptt22_outer_oof,file,macro_average_ovr,macro,105,0.525,1.0,,1.0,66
ptt22_trained_motion_detector,ptt22_outer_oof,file,macro_average_ovr,macro,106,0.53,1.0,,1.0,66
ptt22_trained_motion_detector,ptt22_outer_oof,file,macro_average_ovr,macro,107,0.535,1.0,,1.0,66
ptt22_trained_motion_detector,ptt22_outer_oof,file,macro_average_ovr,macro,108,0.54,1.0,,1.0,66
ptt22_trained_motion_detector,ptt22_outer_oof,file,macro_average_ovr,macro,109,0.545,1.0,,1.0,66
ptt22_trained_motion_detector,ptt22_outer_oof,file,macro_average_ovr,macro,110,0.55,1.0,,1.0,66
ptt22_trained_motion_detector,ptt22_outer_oof,file,macro_average_ovr,macro,111,0.555,1.0,,1.0,66
ptt22_trained_motion_detector,ptt22_outer_oof,file,macro_average_ovr,macro,112,0.56,1.0,,1.0,66
ptt22_trained_motion_detector,ptt22_outer_oof,file,macro_average_ovr,macro,113,0.5650000000000001,1.0,,1.0,66
ptt22_trained_motion_detector,ptt22_outer_oof,file,macro_average_ovr,macro,114,0.5700000000000001,1.0,,1.0,66
ptt22_trained_motion_detector,ptt22_outer_oof,file,macro_average_ovr,macro,115,0.5750000000000001,1.0,,1.0,66
ptt22_trained_motion_detector,ptt22_outer_oof,file,macro_average_ovr,macro,116,0.58,1.0,,1.0,66
ptt22_trained_motion_detector,ptt22_outer_oof,file,macro_average_ovr,macro,117,0.585,1.0,,1.0,66
ptt22_trained_motion_detector,ptt22_outer_oof,file,macro_average_ovr,macro,118,0.59,1.0,,1.0,66
ptt22_trained_motion_detector,ptt22_outer_oof,file,macro_average_ovr,macro,119,0.595,1.0,,1.0,66
ptt22_trained_motion_detector,ptt22_outer_oof,file,macro_average_ovr,macro,120,0.6,1.0,,1.0,66
ptt22_trained_motion_detector,ptt22_outer_oof,file,macro_average_ovr,macro,121,0.605,1.0,,1.0,66
ptt22_trained_motion_detector,ptt22_outer_oof,file,macro_average_ovr,macro,122,0.61,1.0,,1.0,66
ptt22_trained_motion_detector,ptt22_outer_oof,file,macro_average_ovr,macro,123,0.615,1.0,,1.0,66
ptt22_trained_motion_detector,ptt22_outer_oof,file,macro_average_ovr,macro,124,0.62,1.0,,1.0,66
ptt22_trained_motion_detector,ptt22_outer_oof,file,macro_average_ovr,macro,125,0.625,1.0,,1.0,66
ptt22_trained_motion_detector,ptt22_outer_oof,file,macro_average_ovr,macro,126,0.63,1.0,,1.0,66
ptt22_trained_motion_detector,ptt22_outer_oof,file,macro_average_ovr,macro,127,0.635,1.0,,1.0,66
ptt22_trained_motion_detector,ptt22_outer_oof,file,macro_average_ovr,macro,128,0.64,1.0,,1.0,66
ptt22_trained_motion_detector,ptt22_outer_oof,file,macro_average_ovr,macro,129,0.645,1.0,,1.0,66
ptt22_trained_motion_detector,ptt22_outer_oof,file,macro_average_ovr,macro,130,0.65,1.0,,1.0,66
ptt22_trained_motion_detector,ptt22_outer_oof,file,macro_average_ovr,macro,131,0.655,1.0,,1.0,66
ptt22_trained_motion_detector,ptt22_outer_oof,file,macro_average_ovr,macro,132,0.66,1.0,,1.0,66
ptt22_trained_motion_detector,ptt22_outer_oof,file,macro_average_ovr,macro,133,0.665,1.0,,1.0,66
ptt22_trained_motion_detector,ptt22_outer_oof,file,macro_average_ovr,macro,134,0.67,1.0,,1.0,66
ptt22_trained_motion_detector,ptt22_outer_oof,file,macro_average_ovr,macro,135,0.675,1.0,,1.0,66
ptt22_trained_motion_detector,ptt22_outer_oof,file,macro_average_ovr,macro,136,0.68,1.0,,1.0,66
ptt22_trained_motion_detector,ptt22_outer_oof,file,macro_average_ovr,macro,137,0.685,1.0,,1.0,66
ptt22_trained_motion_detector,ptt22_outer_oof,file,macro_average_ovr,macro,138,0.6900000000000001,1.0,,1.0,66
ptt22_trained_motion_detector,ptt22_outer_oof,file,macro_average_ovr,macro,139,0.6950000000000001,1.0,,1.0,66
ptt22_trained_motion_detector,ptt22_outer_oof,file,macro_average_ovr,macro,140,0.7000000000000001,1.0,,1.0,66
ptt22_trained_motion_detector,ptt22_outer_oof,file,macro_average_ovr,macro,141,0.705,1.0,,1.0,66
ptt22_trained_motion_detector,ptt22_outer_oof,file,macro_average_ovr,macro,142,0.71,1.0,,1.0,66
ptt22_trained_motion_detector,ptt22_outer_oof,file,macro_average_ovr,macro,143,0.715,1.0,,1.0,66
ptt22_trained_motion_detector,ptt22_outer_oof,file,macro_average_ovr,macro,144,0.72,1.0,,1.0,66
ptt22_trained_motion_detector,ptt22_outer_oof,file,macro_average_ovr,macro,145,0.725,1.0,,1.0,66
ptt22_trained_motion_detector,ptt22_outer_oof,file,macro_average_ovr,macro,146,0.73,1.0,,1.0,66
ptt22_trained_motion_detector,ptt22_outer_oof,file,macro_average_ovr,macro,147,0.735,1.0,,1.0,66
ptt22_trained_motion_detector,ptt22_outer_oof,file,macro_average_ovr,macro,148,0.74,1.0,,1.0,66
ptt22_trained_motion_detector,ptt22_outer_oof,file,macro_average_ovr,macro,149,0.745,1.0,,1.0,66
ptt22_trained_motion_detector,ptt22_outer_oof,file,macro_average_ovr,macro,150,0.75,1.0,,1.0,66
ptt22_trained_motion_detector,ptt22_outer_oof,file,macro_average_ovr,macro,151,0.755,1.0,,1.0,66
ptt22_trained_motion_detector,ptt22_outer_oof,file,macro_average_ovr,macro,152,0.76,1.0,,1.0,66
ptt22_trained_motion_detector,ptt22_outer_oof,file,macro_average_ovr,macro,153,0.765,1.0,,1.0,66
ptt22_trained_motion_detector,ptt22_outer_oof,file,macro_average_ovr,macro,154,0.77,1.0,,1.0,66
ptt22_trained_motion_detector,ptt22_outer_oof,file,macro_average_ovr,macro,155,0.775,1.0,,1.0,66
ptt22_trained_motion_detector,ptt22_outer_oof,file,macro_average_ovr,macro,156,0.78,1.0,,1.0,66
ptt22_trained_motion_detector,ptt22_outer_oof,file,macro_average_ovr,macro,157,0.785,1.0,,1.0,66
ptt22_trained_motion_detector,ptt22_outer_oof,file,macro_average_ovr,macro,158,0.79,1.0,,1.0,66
ptt22_trained_motion_detector,ptt22_outer_oof,file,macro_average_ovr,macro,159,0.795,1.0,,1.0,66
ptt22_trained_motion_detector,ptt22_outer_oof,file,macro_average_ovr,macro,160,0.8,1.0,,1.0,66
ptt22_trained_motion_detector,ptt22_outer_oof,file,macro_average_ovr,macro,161,0.805,1.0,,1.0,66
ptt22_trained_motion_detector,ptt22_outer_oof,file,macro_average_ovr,macro,162,0.81,1.0,,1.0,66
ptt22_trained_motion_detector,ptt22_outer_oof,file,macro_average_ovr,macro,163,0.8150000000000001,1.0,,1.0,66
ptt22_trained_motion_detector,ptt22_outer_oof,file,macro_average_ovr,macro,164,0.8200000000000001,1.0,,1.0,66
ptt22_trained_motion_detector,ptt22_outer_oof,file,macro_average_ovr,macro,165,0.8250000000000001,1.0,,1.0,66
ptt22_trained_motion_detector,ptt22_outer_oof,file,macro_average_ovr,macro,166,0.8300000000000001,1.0,,1.0,66
ptt22_trained_motion_detector,ptt22_outer_oof,file,macro_average_ovr,macro,167,0.835,1.0,,1.0,66
ptt22_trained_motion_detector,ptt22_outer_oof,file,macro_average_ovr,macro,168,0.84,1.0,,1.0,66
ptt22_trained_motion_detector,ptt22_outer_oof,file,macro_average_ovr,macro,169,0.845,1.0,,1.0,66
ptt22_trained_motion_detector,ptt22_outer_oof,file,macro_average_ovr,macro,170,0.85,1.0,,1.0,66
ptt22_trained_motion_detector,ptt22_outer_oof,file,macro_average_ovr,macro,171,0.855,1.0,,1.0,66
ptt22_trained_motion_detector,ptt22_outer_oof,file,macro_average_ovr,macro,172,0.86,1.0,,1.0,66
ptt22_trained_motion_detector,ptt22_outer_oof,file,macro_average_ovr,macro,173,0.865,1.0,,1.0,66
ptt22_trained_motion_detector,ptt22_outer_oof,file,macro_average_ovr,macro,174,0.87,1.0,,1.0,66
ptt22_trained_motion_detector,ptt22_outer_oof,file,macro_average_ovr,macro,175,0.875,1.0,,1.0,66
ptt22_trained_motion_detector,ptt22_outer_oof,file,macro_average_ovr,macro,176,0.88,1.0,,1.0,66
ptt22_trained_motion_detector,ptt22_outer_oof,file,macro_average_ovr,macro,177,0.885,1.0,,1.0,66
ptt22_trained_motion_detector,ptt22_outer_oof,file,macro_average_ovr,macro,178,0.89,1.0,,1.0,66
ptt22_trained_motion_detector,ptt22_outer_oof,file,macro_average_ovr,macro,179,0.895,1.0,,1.0,66
ptt22_trained_motion_detector,ptt22_outer_oof,file,macro_average_ovr,macro,180,0.9,1.0,,1.0,66
ptt22_trained_motion_detector,ptt22_outer_oof,file,macro_average_ovr,macro,181,0.905,1.0,,1.0,66
ptt22_trained_motion_detector,ptt22_outer_oof,file,macro_average_ovr,macro,182,0.91,1.0,,1.0,66
ptt22_trained_motion_detector,ptt22_outer_oof,file,macro_average_ovr,macro,183,0.915,1.0,,1.0,66
ptt22_trained_motion_detector,ptt22_outer_oof,file,macro_average_ovr,macro,184,0.92,1.0,,1.0,66
ptt22_trained_motion_detector,ptt22_outer_oof,file,macro_average_ovr,macro,185,0.925,1.0,,1.0,66
ptt22_trained_motion_detector,ptt22_outer_oof,file,macro_average_ovr,macro,186,0.93,1.0,,1.0,66
ptt22_trained_motion_detector,ptt22_outer_oof,file,macro_average_ovr,macro,187,0.935,1.0,,1.0,66
ptt22_trained_motion_detector,ptt22_outer_oof,file,macro_average_ovr,macro,188,0.9400000000000001,1.0,,1.0,66
ptt22_trained_motion_detector,ptt22_outer_oof,file,macro_average_ovr,macro,189,0.9450000000000001,1.0,,1.0,66
ptt22_trained_motion_detector,ptt22_outer_oof,file,macro_average_ovr,macro,190,0.9500000000000001,1.0,,1.0,66
ptt22_trained_motion_detector,ptt22_outer_oof,file,macro_average_ovr,macro,191,0.9550000000000001,1.0,,1.0,66
ptt22_trained_motion_detector,ptt22_outer_oof,file,macro_average_ovr,macro,192,0.96,1.0,,1.0,66
ptt22_trained_motion_detector,ptt22_outer_oof,file,macro_average_ovr,macro,193,0.965,1.0,,1.0,66
ptt22_trained_motion_detector,ptt22_outer_oof,file,macro_average_ovr,macro,194,0.97,1.0,,1.0,66
ptt22_trained_motion_detector,ptt22_outer_oof,file,macro_average_ovr,macro,195,0.975,1.0,,1.0,66
ptt22_trained_motion_detector,ptt22_outer_oof,file,macro_average_ovr,macro,196,0.98,1.0,,1.0,66
ptt22_trained_motion_detector,ptt22_outer_oof,file,macro_average_ovr,macro,197,0.985,1.0,,1.0,66
ptt22_trained_motion_detector,ptt22_outer_oof,file,macro_average_ovr,macro,198,0.99,1.0,,1.0,66
ptt22_trained_motion_detector,ptt22_outer_oof,file,macro_average_ovr,macro,199,0.995,1.0,,1.0,66
ptt22_trained_motion_detector,ptt22_outer_oof,file,macro_average_ovr,macro,200,1.0,1.0,,1.0,66
ptt22_trained_motion_detector,ptt22_outer_oof,window,one_vs_rest,0,0,0.0,0.0,,1.0,15983
ptt22_trained_motion_detector,ptt22_outer_oof,window,one_vs_rest,0,1,0.0,0.00018758206715438003,0.999999050522888,1.0,15983
ptt22_trained_motion_detector,ptt22_outer_oof,window,one_vs_rest,0,2,0.0,0.006002626148940161,0.9999990491101585,1.0,15983
ptt22_trained_motion_detector,ptt22_outer_oof,window,one_vs_rest,0,3,0.0,0.006377790283248921,0.999999049105611,1.0,15983
ptt22_trained_motion_detector,ptt22_outer_oof,window,one_vs_rest,0,4,0.0,0.010692177827799663,0.9999990484815271,1.0,15983
ptt22_trained_motion_detector,ptt22_outer_oof,window,one_vs_rest,0,5,0.0,0.011067341962108422,0.9999990484560612,1.0,15983
ptt22_trained_motion_detector,ptt22_outer_oof,window,one_vs_rest,0,6,0.0,0.023072594259988744,0.999999046434823,1.0,15983
ptt22_trained_motion_detector,ptt22_outer_oof,window,one_vs_rest,0,7,0.0,0.023447758394297503,0.9999990464240227,1.0,15983
ptt22_trained_motion_detector,ptt22_outer_oof,window,one_vs_rest,0,8,0.0,0.027011817670230726,0.9999990459318724,1.0,15983
ptt22_trained_motion_detector,ptt22_outer_oof,window,one_vs_rest,0,9,0.0,0.027386981804539485,0.9999990458935599,1.0,15983
ptt22_trained_motion_detector,ptt22_outer_oof,window,one_vs_rest,0,10,0.0,0.028137310073157007,0.9999990458589991,1.0,15983
ptt22_trained_motion_detector,ptt22_outer_oof,window,one_vs_rest,0,11,0.0,0.028512474207465766,0.9999990458226193,1.0,15983
ptt22_trained_motion_detector,ptt22_outer_oof,window,one_vs_rest,0,12,0.0,0.03657850309510411,0.9999990452018892,1.0,15983
ptt22_trained_motion_detector,ptt22_outer_oof,window,one_vs_rest,0,13,0.0,0.036953667229412866,0.9999990451808571,1.0,15983
ptt22_trained_motion_detector,ptt22_outer_oof,window,one_vs_rest,0,14,0.0,0.04145563684111799,0.9999990449267671,1.0,15983
ptt22_trained_motion_detector,ptt22_outer_oof,window,one_vs_rest,0,15,0.0,0.04183080097542675,0.9999990449131246,1.0,15983
ptt22_trained_motion_detector,ptt22_outer_oof,window,one_vs_rest,0,16,0.0,0.048771337460138814,0.9999990444001696,1.0,15983
ptt22_trained_motion_detector,ptt22_outer_oof,window,one_vs_rest,0,17,0.0,0.04914650159444757,0.9999990443974411,1.0,15983
ptt22_trained_motion_detector,ptt22_outer_oof,window,one_vs_rest,0,18,0.0,0.050647158131682614,0.9999990443062643,1.0,15983
ptt22_trained_motion_detector,ptt22_outer_oof,window,one_vs_rest,0,19,0.0,0.05102232226599137,0.9999990442835269,1.0,15983
ptt22_trained_motion_detector,ptt22_outer_oof,window,one_vs_rest,0,20,0.0,0.05571187394485087,0.9999990437574979,1.0,15983
ptt22_trained_motion_detector,ptt22_outer_oof,window,one_vs_rest,0,21,0.0,0.05608703807915963,0.999999043750222,1.0,15983
ptt22_trained_motion_detector,ptt22_outer_oof,window,one_vs_rest,0,22,0.0,0.06133933595948227,0.999999043008529,1.0,15983
ptt22_trained_motion_detector,ptt22_outer_oof,window,one_vs_rest,0,23,0.0,0.061714500093791036,0.999999042991135,1.0,15983
ptt22_trained_motion_detector,ptt22_outer_oof,window,one_vs_rest,0,24,0.0,0.062464828362408555,0.9999990428606225,1.0,15983
ptt22_trained_motion_detector,ptt22_outer_oof,window,one_vs_rest,0,25,0.0,0.06283999249671732,0.9999990428588035,1.0,15983
ptt22_trained_motion_detector,ptt22_outer_oof,window,one_vs_rest,0,26,0.0,0.06434064903395235,0.9999990427957073,1.0,15983
ptt22_trained_motion_detector,ptt22_outer_oof,window,one_vs_rest,0,27,0.0,0.06471581316826111,0.9999990427711509,1.0,15983
ptt22_trained_motion_detector,ptt22_outer_oof,window,one_vs_rest,0,28,0.0,0.08816357156255862,0.9999990390410858,1.0,15983
ptt22_trained_motion_detector,ptt22_outer_oof,window,one_vs_rest,0,29,0.0,0.08853873569686738,0.9999990390118683,1.0,15983
ptt22_trained_motion_detector,ptt22_outer_oof,window,one_vs_rest,0,30,0.0,0.09060213843556555,0.9999990387395883,1.0,15983
ptt22_trained_motion_detector,ptt22_outer_oof,window,one_vs_rest,0,31,0.0,0.09097730256987432,0.9999990387240132,1.0,15983
ptt22_trained_motion_detector,ptt22_outer_oof,window,one_vs_rest,0,32,0.0,0.12230350778465579,0.999999032752271,1.0,15983
ptt22_trained_motion_detector,ptt22_outer_oof,window,one_vs_rest,0,33,0.0,0.12267867191896455,0.9999990327254409,1.0,15983
ptt22_trained_motion_detector,ptt22_outer_oof,window,one_vs_rest,0,34,0.0,0.1654473832301632,0.9999990105565075,1.0,15983
ptt22_trained_motion_detector,ptt22_outer_oof,window,one_vs_rest,0,35,0.0,0.16582254736447197,0.999999010062993,1.0,15983
ptt22_trained_motion_detector,ptt22_outer_oof,window,one_vs_rest,0,36,0.0,0.2067154380041268,0.9999987491931961,1.0,15983
ptt22_trained_motion_detector,ptt22_outer_oof,window,one_vs_rest,0,37,0.0,0.20709060213843555,0.9999987491909224,1.0,15983
ptt22_trained_motion_detector,ptt22_outer_oof,window,one_vs_rest,0,38,0.0,0.21159257175014068,0.9999987487482258,1.0,15983
ptt22_trained_motion_detector,ptt22_outer_oof,window,one_vs_rest,0,39,0.0,0.21196773588444945,0.999998748730377,1.0,15983
ptt22_trained_motion_detector,ptt22_outer_oof,window,one_vs_rest,0,40,0.0,0.22209716751078598,0.9999987475257512,1.0,15983
ptt22_trained_motion_detector,ptt22_outer_oof,window,one_vs_rest,0,41,0.0,0.22247233164509472,0.9999987474958516,1.0,15983
ptt22_trained_motion_detector,ptt22_outer_oof,window,one_vs_rest,0,42,0.0,0.22903770399549803,0.9999987464335618,1.0,15983
ptt22_trained_motion_detector,ptt22_outer_oof,window,one_vs_rest,0,43,0.0,0.2294128681298068,0.9999987463904745,1.0,15983
ptt22_trained_motion_detector,ptt22_outer_oof,window,one_vs_rest,0,44,0.0,0.24723316450947289,0.9999987431008321,1.0,15983
ptt22_trained_motion_detector,ptt22_outer_oof,window,one_vs_rest,0,45,0.0,0.24760832864378166,0.9999987430865076,1.0,15983
ptt22_trained_motion_detector,ptt22_outer_oof,window,one_vs_rest,0,46,0.0,0.25980116300881634,0.9999987411442817,1.0,15983
ptt22_trained_motion_detector,ptt22_outer_oof,window,one_vs_rest,0,47,0.0,0.2601763271431251,0.999998741131094,1.0,15983
ptt22_trained_motion_detector,ptt22_outer_oof,window,one_vs_rest,0,48,0.0,0.26711686362783715,0.9999987401594126,1.0,15983
ptt22_trained_motion_detector,ptt22_outer_oof,window,one_vs_rest,0,49,0.0,0.2674920277621459,0.9999987401557746,1.0,15983
ptt22_trained_motion_detector,ptt22_outer_oof,window,one_vs_rest,0,50,0.0,0.2824985931344963,0.9999987377831303,1.0,15983
ptt22_trained_motion_detector,ptt22_outer_oof,window,one_vs_rest,0,51,0.0,0.2828737572688051,0.999998737769829,1.0,15983
ptt22_trained_motion_detector,ptt22_outer_oof,window,one_vs_rest,0,52,0.0,0.2883136372162821,0.9999987367198173,1.0,15983
ptt22_trained_motion_detector,ptt22_outer_oof,window,one_vs_rest,0,53,0.0,0.2886888013505909,0.9999987366305731,1.0,15983
ptt22_trained_motion_detector,ptt22_outer_oof,window,one_vs_rest,0,54,0.0,0.3226411555055337,0.999998730010816,1.0,15983
ptt22_trained_motion_detector,ptt22_outer_oof,window,one_vs_rest,0,55,0.0,0.32301631963984245,0.9999987299332815,1.0,15983
ptt22_trained_motion_detector,ptt22_outer_oof,window,one_vs_rest,0,56,0.0,0.3618458075407991,0.9999984512359106,1.0,15983
ptt22_trained_motion_detector,ptt22_outer_oof,window,one_vs_rest,0,57,0.0,0.36222097167510786,0.9999984512344327,1.0,15983
ptt22_trained_motion_detector,ptt22_outer_oof,window,one_vs_rest,0,58,0.0,0.36409679234665165,0.9999984510011473,1.0,15983
ptt22_trained_motion_detector,ptt22_outer_oof,window,one_vs_rest,0,59,0.0,0.3644719564809604,0.9999984509877322,1.0,15983
ptt22_trained_motion_detector,ptt22_outer_oof,window,one_vs_rest,0,60,0.0,0.36522228474957796,0.9999984509374826,1.0,15983
ptt22_trained_motion_detector,ptt22_outer_oof,window,one_vs_rest,0,61,0.0,0.3655974488838867,0.9999984509064461,1.0,15983
ptt22_trained_motion_detector,ptt22_outer_oof,window,one_vs_rest,0,62,0.0,0.3657850309510411,0.9999984508961006,1.0,15983
ptt22_trained_motion_detector,ptt22_outer_oof,window,one_vs_rest,0,63,0.0,0.36616019508534986,0.9999984508858688,1.0,15983
ptt22_trained_motion_detector,ptt22_outer_oof,window,one_vs_rest,0,64,0.0,0.3665353592196586,0.9999984507883255,1.0,15983
ptt22_trained_motion_detector,ptt22_outer_oof,window,one_vs_rest,0,65,0.0,0.36691052335396734,0.9999984507750241,1.0,15983
ptt22_trained_motion_detector,ptt22_outer_oof,window,one_vs_rest,0,66,0.0,0.36897392609266555,0.9999984506641795,1.0,15983
ptt22_trained_motion_detector,ptt22_outer_oof,window,one_vs_rest,0,67,0.0,0.3693490902269743,0.999998450652356,1.0,15983
ptt22_trained_motion_detector,ptt22_outer_oof,window,one_vs_rest,0,68,0.0,0.37366347777152503,0.9999984503907626,1.0,15983
ptt22_trained_motion_detector,ptt22_outer_oof,window,one_vs_rest,0,69,0.0,0.3740386419058338,0.9999984503774613,1.0,15983
ptt22_trained_motion_detector,ptt22_outer_oof,window,one_vs_rest,0,70,0.0,0.376102044644532,0.9999984502475172,1.0,15983
ptt22_trained_motion_detector,ptt22_outer_oof,window,one_vs_rest,0,71,0.0,0.3764772087788407,0.999998450244675,1.0,15983
ptt22_trained_motion_detector,ptt22_outer_oof,window,one_vs_rest,0,72,0.0,0.38022885012192836,0.9999984500790333,1.0,15983
ptt22_trained_motion_detector,ptt22_outer_oof,window,one_vs_rest,0,73,0.0,0.3806040142562371,0.9999984500656183,1.0,15983
ptt22_trained_motion_detector,ptt22_outer_oof,window,one_vs_rest,0,74,0.0,0.38285499906208964,0.9999984499488619,1.0,15983
ptt22_trained_motion_detector,ptt22_outer_oof,window,one_vs_rest,0,75,0.0,0.3832301631963984,0.9999984499399943,1.0,15983
ptt22_trained_motion_detector,ptt22_outer_oof,window,one_vs_rest,0,76,0.0,0.385481148002251,0.9999984498127787,1.0,15983
ptt22_trained_motion_detector,ptt22_outer_oof,window,one_vs_rest,0,77,0.0,0.38585631213655974,0.9999984498069807,1.0,15983
ptt22_trained_motion_detector,ptt22_outer_oof,window,one_vs_rest,0,78,0.0,0.3866066404051773,0.9999984497701462,1.0,15983
ptt22_trained_motion_detector,ptt22_outer_oof,window,one_vs_rest,0,79,0.0,0.38698180453948605,0.9999984497595733,1.0,15983
ptt22_trained_motion_detector,ptt22_outer_oof,window,one_vs_rest,0,80,0.0,0.3875445507409492,0.9999984497360401,1.0,15983
ptt22_trained_motion_detector,ptt22_outer_oof,window,one_vs_rest,0,81,0.0,0.38791971487525795,0.9999984497242167,1.0,15983
ptt22_trained_motion_detector,ptt22_outer_oof,window,one_vs_rest,0,82,0.0,0.3884824610767211,0.9999984497079595,1.0,15983
ptt22_trained_motion_detector,ptt22_outer_oof,window,one_vs_rest,0,83,0.0,0.3890452072781842,0.9999984497064816,1.0,15983
ptt22_trained_motion_detector,ptt22_outer_oof,window,one_vs_rest,0,84,0.0,0.38923278934533856,0.9999984496917023,1.0,15983
ptt22_trained_motion_detector,ptt22_outer_oof,window,one_vs_rest,0,85,0.0,0.38960795347964733,0.9999984496828347,1.0,15983
ptt22_trained_motion_detector,ptt22_outer_oof,window,one_vs_rest,0,86,0.0,0.39260926655411743,0.9999984495910894,1.0,15983
ptt22_trained_motion_detector,ptt22_outer_oof,window,one_vs_rest,0,87,0.0,0.3929844306884262,0.9999984495793797,1.0,15983
ptt22_trained_motion_detector,ptt22_outer_oof,window,one_vs_rest,0,88,0.0,0.3944850872256612,0.9999984495201488,1.0,15983
ptt22_trained_motion_detector,ptt22_outer_oof,window,one_vs_rest,0,89,0.0,0.39486025135997,0.9999984495127592,1.0,15983
ptt22_trained_motion_detector,ptt22_outer_oof,window,one_vs_rest,0,90,0.0,0.39692365409866814,0.9999984494431828,1.0,15983
ptt22_trained_motion_detector,ptt22_outer_oof,window,one_vs_rest,0,91,0.0,0.3972988182329769,0.9999984494343153,1.0,15983
ptt22_trained_motion_detector,ptt22_outer_oof,window,one_vs_rest,0,92,0.0,0.3986118927030576,0.9999984494047567,1.0,15983
ptt22_trained_motion_detector,ptt22_outer_oof,window,one_vs_rest,0,93,0.0,0.39898705683736635,0.999998449398845,1.0,15983
ptt22_trained_motion_detector,ptt22_outer_oof,window,one_vs_rest,0,94,0.0,0.40105045957606456,0.9999984493383636,1.0,15983
ptt22_trained_motion_detector,ptt22_outer_oof,window,one_vs_rest,0,95,0.0,0.4016132057775277,0.9999984493338161,1.0,15983
ptt22_trained_motion_detector,ptt22_outer_oof,window,one_vs_rest,0,96,0.0,0.40367660851622583,0.9999984492510521,1.0,15983
ptt22_trained_motion_detector,ptt22_outer_oof,window,one_vs_rest,0,97,0.0,0.4040517726505346,0.9999984492451404,1.0,15983
ptt22_trained_motion_detector,ptt22_outer_oof,window,one_vs_rest,0,98,0.0,0.4055524291877696,0.9999984491903433,1.0,15983
ptt22_trained_motion_detector,ptt22_outer_oof,window,one_vs_rest,0,99,0.0,0.4059275933220784,0.9999984491830674,1.0,15983
ptt22_trained_motion_detector,ptt22_outer_oof,window,one_vs_rest,0,100,0.0,0.40967923466516604,0.9999984490971201,1.0,15983
ptt22_trained_motion_detector,ptt22_outer_oof,window,one_vs_rest,0,101,0.0,0.41005439879947475,0.9999984490942779,1.0,15983
ptt22_trained_motion_detector,ptt22_outer_oof,window,one_vs_rest,0,102,0.0,0.41155505533670983,0.9999984490440283,1.0,15983
ptt22_trained_motion_detector,ptt22_outer_oof,window,one_vs_rest,0,103,0.0,0.41193021947101854,0.9999984490425504,1.0,15983
ptt22_trained_motion_detector,ptt22_outer_oof,window,one_vs_rest,0,104,0.0,0.4124929656724817,0.9999984490351608,1.0,15983
ptt22_trained_motion_detector,ptt22_outer_oof,window,one_vs_rest,0,105,0.0,0.4128681298067905,0.9999984490291354,1.0,15983
ptt22_trained_motion_detector,ptt22_outer_oof,window,one_vs_rest,0,106,0.0,0.4134308760082536,0.9999984490099223,1.0,15983
ptt22_trained_motion_detector,ptt22_outer_oof,window,one_vs_rest,0,107,0.0,0.4141812042768711,0.9999984490025327,1.0,15983
ptt22_trained_motion_detector,ptt22_outer_oof,window,one_vs_rest,0,108,0.0,0.41511911461264306,0.9999984489462577,1.0,15983
ptt22_trained_motion_detector,ptt22_outer_oof,window,one_vs_rest,0,109,0.0,0.4154942787469518,0.9999984489404596,1.0,15983
ptt22_trained_motion_detector,ptt22_outer_oof,window,one_vs_rest,0,110,0.0,0.41643218908272367,0.9999984488930522,1.0,15983
ptt22_trained_motion_detector,ptt22_outer_oof,window,one_vs_rest,0,111,0.0,0.41680735321703244,0.9999984488870268,1.0,15983
ptt22_trained_motion_detector,ptt22_outer_oof,window,one_vs_rest,0,112,0.0,0.41943350215719377,0.9999984487999427,1.0,15983
ptt22_trained_motion_detector,ptt22_outer_oof,window,one_vs_rest,0,113,0.0,0.41980866629150254,0.9999984487924394,1.0,15983
ptt22_trained_motion_detector,ptt22_outer_oof,window,one_vs_rest,0,114,0.0,0.4209341586944288,0.9999984487629945,1.0,15983
ptt22_trained_motion_detector,ptt22_outer_oof,window,one_vs_rest,0,115,0.0,0.42130932282873756,0.9999984487569691,1.0,15983
ptt22_trained_motion_detector,ptt22_outer_oof,window,one_vs_rest,0,116,0.0,0.42524854623897956,0.9999984486504445,1.0,15983
ptt22_trained_motion_detector,ptt22_outer_oof,window,one_vs_rest,0,117,0.0,0.42562371037328833,0.9999984486415769,1.0,15983
ptt22_trained_motion_detector,ptt22_outer_oof,window,one_vs_rest,0,118,0.0,0.42656162070906023,0.9999984486149742,1.0,15983
ptt22_trained_motion_detector,ptt22_outer_oof,window,one_vs_rest,0,119,0.0,0.426936784843369,0.9999984486061066,1.0,15983
ptt22_trained_motion_detector,ptt22_outer_oof,window,one_vs_rest,0,120,0.0,0.4274995310448321,0.9999984485941695,1.0,15983
ptt22_trained_motion_detector,ptt22_outer_oof,window,one_vs_rest,0,121,0.0,0.4282498593134496,0.9999984485764344,1.0,15983
ptt22_trained_motion_detector,ptt22_outer_oof,window,one_vs_rest,0,122,0.0,0.4288126055149128,0.9999984485335744,1.0,15983
ptt22_trained_motion_detector,ptt22_outer_oof,window,one_vs_rest,0,123,0.0,0.42918776964922156,0.9999984485098139,1.0,15983
ptt22_trained_motion_detector,ptt22_outer_oof,window,one_vs_rest,0,124,0.0,0.42993809791783905,0.9999984485084497,1.0,15983
ptt22_trained_motion_detector,ptt22_outer_oof,window,one_vs_rest,0,125,0.0,0.4303132620521478,0.9999984485054938,1.0,15983
ptt22_trained_motion_detector,ptt22_outer_oof,window,one_vs_rest,0,126,0.0,0.4335021571937723,0.9999984484195465,1.0,15983
ptt22_trained_motion_detector,ptt22_outer_oof,window,one_vs_rest,0,127,0.0,0.43387732132808104,0.9999984484181823,1.0,15983
ptt22_trained_motion_detector,ptt22_outer_oof,window,one_vs_rest,0,128,0.0,0.43481523166385294,0.9999984483575872,1.0,15983
ptt22_trained_motion_detector,ptt22_outer_oof,window,one_vs_rest,0,129,0.0,0.4351903957981617,0.9999984483515618,1.0,15983
ptt22_trained_motion_detector,ptt22_outer_oof,window,one_vs_rest,0,130,0.0,0.4385668730069405,0.9999984482612945,1.0,15983
ptt22_trained_motion_detector,ptt22_outer_oof,window,one_vs_rest,0,131,0.0,0.4389420371412493,0.9999984482540185,1.0,15983
ptt22_trained_motion_detector,ptt22_outer_oof,window,one_vs_rest,0,132,0.0,0.4434440067529544,0.9999984480956527,1.0,15983
ptt22_trained_motion_detector,ptt22_outer_oof,window,one_vs_rest,0,133,0.0,0.44419433502157196,0.9999984480866715,1.0,15983
ptt22_trained_motion_detector,ptt22_outer_oof,window,one_vs_rest,0,134,0.0,0.4443819170887263,0.9999984480792818,1.0,15983
ptt22_trained_motion_detector,ptt22_outer_oof,window,one_vs_rest,0,135,0.0,0.4447570812230351,0.9999984480630246,1.0,15983
ptt22_trained_motion_detector,ptt22_outer_oof,window,one_vs_rest,0,136,0.0,0.44513224535734386,0.9999984480601825,1.0,15983
ptt22_trained_motion_detector,ptt22_outer_oof,window,one_vs_rest,0,137,0.0,0.4455074094916526,0.9999984480526791,1.0,15983
ptt22_trained_motion_detector,ptt22_outer_oof,window,one_vs_rest,0,138,0.0,0.44982179703620334,0.9999984478824899,1.0,15983
ptt22_trained_motion_detector,ptt22_outer_oof,window,one_vs_rest,0,139,0.0,0.4501969611705121,0.9999984478779425,1.0,15983
ptt22_trained_motion_detector,ptt22_outer_oof,window,one_vs_rest,0,140,0.0,0.45075970737197524,0.999998447867597,1.0,15983
ptt22_trained_motion_detector,ptt22_outer_oof,window,one_vs_rest,0,141,0.0,0.451134871506284,0.9999984478662327,1.0,15983
ptt22_trained_motion_detector,ptt22_outer_oof,window,one_vs_rest,0,142,0.0,0.4515100356405928,0.9999984478099577,1.0,15983
ptt22_trained_motion_detector,ptt22_outer_oof,window,one_vs_rest,0,143,0.0,0.45188519977490155,0.9999984478068882,1.0,15983
ptt22_trained_motion_detector,ptt22_outer_oof,window,one_vs_rest,0,144,0.0,0.45226036390921026,0.9999984477743737,1.0,15983
ptt22_trained_motion_detector,ptt22_outer_oof,window,one_vs_rest,0,145,0.0,0.45263552804351903,0.9999984477625503,1.0,15983
ptt22_trained_motion_detector,ptt22_outer_oof,window,one_vs_rest,0,146,0.0,0.45338585631213657,0.9999984477344697,1.0,15983
ptt22_trained_motion_detector,ptt22_outer_oof,window,one_vs_rest,0,147,0.0,0.45376102044644534,0.99999844772708,1.0,15983
ptt22_trained_motion_detector,ptt22_outer_oof,window,one_vs_rest,0,148,0.0,0.4573250797223785,0.9999984475966812,1.0,15983
ptt22_trained_motion_detector,ptt22_outer_oof,window,one_vs_rest,0,149,0.0,0.4577002438566873,0.9999984475849715,1.0,15983
ptt22_trained_motion_detector,ptt22_outer_oof,window,one_vs_rest,0,150,0.0,0.46051397486400303,0.99999844742797,1.0,15983
ptt22_trained_motion_detector,ptt22_outer_oof,window,one_vs_rest,0,151,0.0,0.46088913899831174,0.9999984474117127,1.0,15983
ptt22_trained_motion_detector,ptt22_outer_oof,window,one_vs_rest,0,152,0.0,0.46482836240855374,0.9999984472547112,1.0,15983
ptt22_trained_motion_detector,ptt22_outer_oof,window,one_vs_rest,0,153,0.0,0.4652035265428625,0.9999984472472079,1.0,15983
ptt22_trained_motion_detector,ptt22_outer_oof,window,one_vs_rest,0,154,0.0,0.4655786906771713,0.9999984472250389,1.0,15983
ptt22_trained_motion_detector,ptt22_outer_oof,window,one_vs_rest,0,155,0.0,0.46595385481148,0.9999984472236747,1.0,15983
ptt22_trained_motion_detector,ptt22_outer_oof,window,one_vs_rest,0,156,0.0,0.4695179140874132,0.999998446999939,1.0,15983
ptt22_trained_motion_detector,ptt22_outer_oof,window,one_vs_rest,0,157,0.0,0.469893078221722,0.9999984469836818,1.0,15983
ptt22_trained_motion_detector,ptt22_outer_oof,window,one_vs_rest,0,158,0.0,0.47214406302757456,0.9999984468355478,1.0,15983
ptt22_trained_motion_detector,ptt22_outer_oof,window,one_vs_rest,0,159,0.0,0.4725192271618833,0.9999984467940521,1.0,15983
ptt22_trained_motion_detector,ptt22_outer_oof,window,one_vs_rest,0,160,0.0,0.4773963609078972,0.999998446370455,1.0,15983
ptt22_trained_motion_detector,ptt22_outer_oof,window,one_vs_rest,0,161,0.0,0.477771525042206,0.9999984463674991,1.0,15983
ptt22_trained_motion_detector,ptt22_outer_oof,window,one_vs_rest,0,162,0.0,0.4781466891765147,0.9999984462696148,1.0,15983
ptt22_trained_motion_detector,ptt22_outer_oof,window,one_vs_rest,0,163,0.0,0.4785218533108235,0.999998446257905,1.0,15983
ptt22_trained_motion_detector,ptt22_outer_oof,window,one_vs_rest,0,164,0.0,0.4790845995122866,0.9999984462356224,1.0,15983
ptt22_trained_motion_detector,ptt22_outer_oof,window,one_vs_rest,0,165,0.0,0.47945976364659537,0.9999984461659324,1.0,15983
ptt22_trained_motion_detector,ptt22_outer_oof,window,one_vs_rest,0,166,0.0,0.49108985181016696,0.9999984438776437,1.0,15983
ptt22_trained_motion_detector,ptt22_outer_oof,window,one_vs_rest,0,167,0.0,0.4914650159444757,0.99999844383035,1.0,15983
ptt22_trained_motion_detector,ptt22_outer_oof,window,one_vs_rest,0,168,0.0,0.49390358281748264,0.9999984430866107,1.0,15983
ptt22_trained_motion_detector,ptt22_outer_oof,window,one_vs_rest,0,169,0.0,0.4942787469517914,0.9999984430597806,1.0,15983
ptt22_trained_motion_detector,ptt22_outer_oof,window,one_vs_rest,0,170,0.0,0.5021571937722754,0.9999984405678788,1.0,15983
ptt22_trained_motion_detector,ptt22_outer_oof,window,one_vs_rest,0,171,0.0,0.5027199399737385,0.9999984405277473,1.0,15983
ptt22_trained_motion_detector,ptt22_outer_oof,window,one_vs_rest,0,172,0.0,0.5212905646220222,0.999998434235863,1.0,15983
ptt22_trained_motion_detector,ptt22_outer_oof,window,one_vs_rest,0,173,0.0,0.5216657287563309,0.9999984342269954,1.0,15983
ptt22_trained_motion_detector,ptt22_outer_oof,window,one_vs_rest,0,174,0.0,0.5220408928906397,0.9999984342135804,1.0,15983
ptt22_trained_motion_detector,ptt22_outer_oof,window,one_vs_rest,0,175,0.0,0.5224160570249484,0.99999843419846,1.0,15983
ptt22_trained_motion_detector,ptt22_outer_oof,window,one_vs_rest,0,176,0.0,0.5242918776964922,0.9999984341089885,1.0,15983
ptt22_trained_motion_detector,ptt22_outer_oof,window,one_vs_rest,0,177,0.0,0.5246670418308009,0.9999984340926176,1.0,15983
ptt22_trained_motion_detector,ptt22_outer_oof,window,one_vs_rest,0,178,0.0,0.5256049521665729,0.999998434047825,1.0,15983
ptt22_trained_motion_detector,ptt22_outer_oof,window,one_vs_rest,0,179,0.0,0.5259801163008816,0.9999984340416859,1.0,15983
ptt22_trained_motion_detector,ptt22_outer_oof,window,one_vs_rest,0,180,0.0,0.526167698368036,0.9999984340357742,1.0,15983
ptt22_trained_motion_detector,ptt22_outer_oof,window,one_vs_rest,0,181,0.0,0.5265428625023447,0.9999984340328183,1.0,15983
ptt22_trained_motion_detector,ptt22_outer_oof,window,one_vs_rest,0,182,0.0,0.5284186831738886,0.9999984339341381,1.0,15983
ptt22_trained_motion_detector,ptt22_outer_oof,window,one_vs_rest,0,183,0.0,0.5287938473081973,0.9999984339311823,1.0,15983
ptt22_trained_motion_detector,ptt22_outer_oof,window,one_vs_rest,0,184,0.0,0.5332958169199025,0.9999984337384831,1.0,15983
ptt22_trained_motion_detector,ptt22_outer_oof,window,one_vs_rest,0,185,0.0,0.5338585631213656,0.9999984337356409,1.0,15983
ptt22_trained_motion_detector,ptt22_outer_oof,window,one_vs_rest,0,186,0.0,0.53404614518852,0.9999984337340493,1.0,15983
ptt22_trained_motion_detector,ptt22_outer_oof,window,one_vs_rest,0,187,0.0,0.5344213093228287,0.9999984337312071,1.0,15983
ptt22_trained_motion_detector,ptt22_outer_oof,window,one_vs_rest,0,188,0.0,0.5346088913899831,0.9999984337221122,1.0,15983
ptt22_trained_motion_detector,ptt22_outer_oof,window,one_vs_rest,0,189,0.0,0.5349840555242918,0.9999984337072192,1.0,15983
ptt22_trained_motion_detector,ptt22_outer_oof,window,one_vs_rest,0,190,0.0,0.5351716375914463,0.9999984336714078,1.0,15983
ptt22_trained_motion_detector,ptt22_outer_oof,window,one_vs_rest,0,191,0.0,0.535546801725755,0.9999984336699299,1.0,15983
ptt22_trained_motion_detector,ptt22_outer_oof,window,one_vs_rest,0,192,0.0,0.5391108610016883,0.9999984335264571,1.0,15983
ptt22_trained_motion_detector,ptt22_outer_oof,window,one_vs_rest,0,193,0.0,0.539486025135997,0.9999984335220233,1.0,15983
ptt22_trained_motion_detector,ptt22_outer_oof,window,one_vs_rest,0,194,0.0,0.5396736072031514,0.9999984335173622,1.0,15983
ptt22_trained_motion_detector,ptt22_outer_oof,window,one_vs_rest,0,195,0.0,0.5404239354717689,0.9999984334980354,1.0,15983
ptt22_trained_motion_detector,ptt22_outer_oof,window,one_vs_rest,0,196,0.0,0.540986681673232,0.9999984334949659,1.0,15983
ptt22_trained_motion_detector,ptt22_outer_oof,window,one_vs_rest,0,197,0.0,0.5419245920090039,0.999998433463702,1.0,15983
ptt22_trained_motion_detector,ptt22_outer_oof,window,one_vs_rest,0,198,0.0,0.5422997561433127,0.9999984334622241,1.0,15983
ptt22_trained_motion_detector,ptt22_outer_oof,window,one_vs_rest,0,199,0.0,0.5438004126805477,0.9999984334084502,1.0,15983
ptt22_trained_motion_detector,ptt22_outer_oof,window,one_vs_rest,0,200,0.0,0.5441755768148565,0.9999984334069723,1.0,15983
ptt22_trained_motion_detector,ptt22_outer_oof,window,one_vs_rest,0,201,0.0,0.5486775464265616,0.9999984332620215,1.0,15983
ptt22_trained_motion_detector,ptt22_outer_oof,window,one_vs_rest,0,202,0.0,0.5490527105608703,0.9999984332545182,1.0,15983
ptt22_trained_motion_detector,ptt22_outer_oof,window,one_vs_rest,0,203,0.0,0.5516788595010317,0.9999984331782343,1.0,15983
ptt22_trained_motion_detector,ptt22_outer_oof,window,one_vs_rest,0,204,0.0,0.5520540236353405,0.9999984331708447,1.0,15983
ptt22_trained_motion_detector,ptt22_outer_oof,window,one_vs_rest,0,205,0.0,0.5563684111798912,0.9999984329406288,1.0,15983
ptt22_trained_motion_detector,ptt22_outer_oof,window,one_vs_rest,0,206,0.0,0.5567435753141999,0.9999984329364224,1.0,15983
ptt22_trained_motion_detector,ptt22_outer_oof,window,one_vs_rest,0,207,0.0,0.5614331269930595,0.9999984327569109,1.0,15983
ptt22_trained_motion_detector,ptt22_outer_oof,window,one_vs_rest,0,208,0.0,0.5618082911273682,0.9999984327419043,1.0,15983
ptt22_trained_motion_detector,ptt22_outer_oof,window,one_vs_rest,0,209,0.0,0.5644344400675295,0.9999984326746016,1.0,15983
ptt22_trained_motion_detector,ptt22_outer_oof,window,one_vs_rest,0,210,0.0,0.5648096042018383,0.9999984326731237,1.0,15983
ptt22_trained_motion_detector,ptt22_outer_oof,window,one_vs_rest,0,211,0.0,0.5653723504033015,0.9999984326598224,1.0,15983
ptt22_trained_motion_detector,ptt22_outer_oof,window,one_vs_rest,0,212,0.0,0.5657475145376102,0.9999984326552749,1.0,15983
ptt22_trained_motion_detector,ptt22_outer_oof,window,one_vs_rest,0,213,0.0,0.566122678671919,0.9999984326493632,1.0,15983
ptt22_trained_motion_detector,ptt22_outer_oof,window,one_vs_rest,0,214,0.0,0.5664978428062277,0.9999984326464073,1.0,15983
ptt22_trained_motion_detector,ptt22_outer_oof,window,one_vs_rest,0,215,0.0,0.5670605890076909,0.9999984326342428,1.0,15983
ptt22_trained_motion_detector,ptt22_outer_oof,window,one_vs_rest,0,216,0.0,0.567623335209154,0.9999984326328786,1.0,15983
ptt22_trained_motion_detector,ptt22_outer_oof,window,one_vs_rest,0,217,0.0,0.5679984993434628,0.9999984326165077,1.0,15983
ptt22_trained_motion_detector,ptt22_outer_oof,window,one_vs_rest,0,218,0.0,0.5683736634777715,0.9999984326118465,1.0,15983
ptt22_trained_motion_detector,ptt22_outer_oof,window,one_vs_rest,0,219,0.0,0.5689364096792346,0.9999984326000231,1.0,15983
ptt22_trained_motion_detector,ptt22_outer_oof,window,one_vs_rest,0,220,0.0,0.5694991558806978,0.9999984325954756,1.0,15983
ptt22_trained_motion_detector,ptt22_outer_oof,window,one_vs_rest,0,221,0.0,0.5702494841493153,0.9999984325836522,1.0,15983
ptt22_trained_motion_detector,ptt22_outer_oof,window,one_vs_rest,0,222,0.0,0.571562558619396,0.9999984325326068,1.0,15983
ptt22_trained_motion_detector,ptt22_outer_oof,window,one_vs_rest,0,223,0.0,0.5719377227537047,0.9999984325193054,1.0,15983
ptt22_trained_motion_detector,ptt22_outer_oof,window,one_vs_rest,0,224,0.0,0.5732507972237854,0.9999984324638262,1.0,15983
ptt22_trained_motion_detector,ptt22_outer_oof,window,one_vs_rest,0,225,0.0,0.5736259613580942,0.9999984324608704,1.0,15983
ptt22_trained_motion_detector,ptt22_outer_oof,window,one_vs_rest,0,226,0.0,0.5741887075595573,0.9999984324489333,1.0,15983
ptt22_trained_motion_detector,ptt22_outer_oof,window,one_vs_rest,0,227,0.0,0.574563871693866,0.9999984324310844,1.0,15983
ptt22_trained_motion_detector,ptt22_outer_oof,window,one_vs_rest,0,228,0.0,0.575501782029638,0.9999984324147135,1.0,15983
ptt22_trained_motion_detector,ptt22_outer_oof,window,one_vs_rest,0,229,0.0,0.5758769461639467,0.9999984324131219,1.0,15983
ptt22_trained_motion_detector,ptt22_outer_oof,window,one_vs_rest,0,230,0.0,0.5773776027011818,0.9999984323652598,1.0,15983
ptt22_trained_motion_detector,ptt22_outer_oof,window,one_vs_rest,0,231,0.0,0.5781279309697993,0.999998432360826,1.0,15983
ptt22_trained_motion_detector,ptt22_outer_oof,window,one_vs_rest,0,232,0.0,0.5786906771712624,0.9999984323472972,1.0,15983
ptt22_trained_motion_detector,ptt22_outer_oof,window,one_vs_rest,0,233,0.0,0.5790658413055711,0.9999984323412718,1.0,15983
ptt22_trained_motion_detector,ptt22_outer_oof,window,one_vs_rest,0,234,0.0,0.57944100543988,0.999998432336838,1.0,15983
ptt22_trained_motion_detector,ptt22_outer_oof,window,one_vs_rest,0,235,0.0,0.5798161695741887,0.9999984323354738,1.0,15983
ptt22_trained_motion_detector,ptt22_outer_oof,window,one_vs_rest,0,236,0.0,0.5837553929844307,0.999998432212692,1.0,15983
ptt22_trained_motion_detector,ptt22_outer_oof,window,one_vs_rest,0,237,0.0,0.5841305571187394,0.9999984322097362,1.0,15983
ptt22_trained_motion_detector,ptt22_outer_oof,window,one_vs_rest,0,238,0.0,0.5848808853873569,0.9999984321964348,1.0,15983
ptt22_trained_motion_detector,ptt22_outer_oof,window,one_vs_rest,0,239,0.0,0.5852560495216658,0.9999984321948432,1.0,15983
ptt22_trained_motion_detector,ptt22_outer_oof,window,one_vs_rest,0,240,0.0,0.5876946163946727,0.999998432132088,1.0,15983
ptt22_trained_motion_detector,ptt22_outer_oof,window,one_vs_rest,0,241,0.0,0.5880697805289814,0.9999984321290185,1.0,15983
ptt22_trained_motion_detector,ptt22_outer_oof,window,one_vs_rest,0,242,0.0,0.5891952729319077,0.9999984320991189,1.0,15983
ptt22_trained_motion_detector,ptt22_outer_oof,window,one_vs_rest,0,243,0.0,0.5897580191333709,0.9999984320976409,1.0,15983
ptt22_trained_motion_detector,ptt22_outer_oof,window,one_vs_rest,0,244,0.0,0.5901331832676796,0.9999984320871818,1.0,15983
ptt22_trained_motion_detector,ptt22_outer_oof,window,one_vs_rest,0,245,0.0,0.5908835115362971,0.9999984320842259,1.0,15983
ptt22_trained_motion_detector,ptt22_outer_oof,window,one_vs_rest,0,246,0.0,0.5931344963421497,0.9999984320243129,1.0,15983
ptt22_trained_motion_detector,ptt22_outer_oof,window,one_vs_rest,0,247,0.0,0.5935096604764585,0.9999984320154454,1.0,15983
ptt22_trained_motion_detector,ptt22_outer_oof,window,one_vs_rest,0,248,0.0,0.5946351528793847,0.9999984319765645,1.0,15983
ptt22_trained_motion_detector,ptt22_outer_oof,window,one_vs_rest,0,249,0.0,0.5950103170136934,0.9999984319719033,1.0,15983
ptt22_trained_motion_detector,ptt22_outer_oof,window,one_vs_rest,0,250,0.0,0.5951978990808479,0.9999984319675832,1.0,15983
ptt22_trained_motion_detector,ptt22_outer_oof,window,one_vs_rest,0,251,0.0,0.595760645282311,0.9999984319614441,1.0,15983
ptt22_trained_motion_detector,ptt22_outer_oof,window,one_vs_rest,0,252,0.0,0.5965109735509285,0.9999984319347277,1.0,15983
ptt22_trained_motion_detector,ptt22_outer_oof,window,one_vs_rest,0,253,0.0,0.5968861376852372,0.9999984319330224,1.0,15983
ptt22_trained_motion_detector,ptt22_outer_oof,window,one_vs_rest,0,254,0.0,0.5972613018195461,0.999998431921199,1.0,15983
ptt22_trained_motion_detector,ptt22_outer_oof,window,one_vs_rest,0,255,0.0,0.5976364659538548,0.999998431919721,1.0,15983
ptt22_trained_motion_detector,ptt22_outer_oof,window,one_vs_rest,0,256,0.0,0.5985743762896267,0.9999984318867519,1.0,15983
ptt22_trained_motion_detector,ptt22_outer_oof,window,one_vs_rest,0,257,0.0,0.5989495404239354,0.9999984318836823,1.0,15983
ptt22_trained_motion_detector,ptt22_outer_oof,window,one_vs_rest,0,258,0.0,0.602701181767023,0.9999984317761346,1.0,15983
ptt22_trained_motion_detector,ptt22_outer_oof,window,one_vs_rest,0,259,0.0,0.6030763459013319,0.9999984317717008,1.0,15983
ptt22_trained_motion_detector,ptt22_outer_oof,window,one_vs_rest,0,260,0.0,0.6045770024385668,0.9999984317402095,1.0,15983
ptt22_trained_motion_detector,ptt22_outer_oof,window,one_vs_rest,0,261,0.0,0.6049521665728756,0.9999984317372537,1.0,15983
ptt22_trained_motion_detector,ptt22_outer_oof,window,one_vs_rest,0,262,0.0,0.6055149127743388,0.9999984317252029,1.0,15983
ptt22_trained_motion_detector,ptt22_outer_oof,window,one_vs_rest,0,263,0.0,0.6062652410429563,0.9999984317223607,1.0,15983
ptt22_trained_motion_detector,ptt22_outer_oof,window,one_vs_rest,0,264,0.0,0.6064528231101107,0.9999984317207691,1.0,15983
ptt22_trained_motion_detector,ptt22_outer_oof,window,one_vs_rest,0,265,0.0,0.607578315513037,0.9999984316953032,1.0,15983
ptt22_trained_motion_detector,ptt22_outer_oof,window,one_vs_rest,0,266,0.0,0.6081410617145001,0.999998431684844,1.0,15983
ptt22_trained_motion_detector,ptt22_outer_oof,window,one_vs_rest,0,267,0.0,0.6087038079159632,0.9999984316834798,1.0,15983
ptt22_trained_motion_detector,ptt22_outer_oof,window,one_vs_rest,0,268,0.0,0.6107672106546614,0.9999984316176551,1.0,15983
ptt22_trained_motion_detector,ptt22_outer_oof,window,one_vs_rest,0,269,0.0,0.6111423747889702,0.9999984316159498,1.0,15983
ptt22_trained_motion_detector,ptt22_outer_oof,window,one_vs_rest,0,270,0.0,0.6118927030575877,0.9999984315905976,1.0,15983
ptt22_trained_motion_detector,ptt22_outer_oof,window,one_vs_rest,0,271,0.0,0.6122678671918964,0.9999984315876418,1.0,15983
ptt22_trained_motion_detector,ptt22_outer_oof,window,one_vs_rest,0,272,0.0,0.6132057775276684,0.999998431547283,1.0,15983
ptt22_trained_motion_detector,ptt22_outer_oof,window,one_vs_rest,0,273,0.0,0.6135809416619771,0.9999984315440997,1.0,15983
ptt22_trained_motion_detector,ptt22_outer_oof,window,one_vs_rest,0,274,0.0,0.6182704933408366,0.9999984314305266,1.0,15983
ptt22_trained_motion_detector,ptt22_outer_oof,window,one_vs_rest,0,275,0.0,0.6188332395422997,0.9999984314200674,1.0,15983
ptt22_trained_motion_detector,ptt22_outer_oof,window,one_vs_rest,0,276,0.0,0.6192084036766086,0.9999984314051744,1.0,15983
ptt22_trained_motion_detector,ptt22_outer_oof,window,one_vs_rest,0,277,0.0,0.619958731945226,0.9999984314022186,1.0,15983
ptt22_trained_motion_detector,ptt22_outer_oof,window,one_vs_rest,0,278,0.0,0.6203338960795348,0.9999984313961932,1.0,15983
ptt22_trained_motion_detector,ptt22_outer_oof,window,one_vs_rest,0,279,0.0,0.6207090602138435,0.999998431393351,1.0,15983
ptt22_trained_motion_detector,ptt22_outer_oof,window,one_vs_rest,0,280,0.0,0.6220221346839242,0.9999984313602681,1.0,15983
ptt22_trained_motion_detector,ptt22_outer_oof,window,one_vs_rest,0,281,0.0,0.6225848808853873,0.9999984313543564,1.0,15983
ptt22_trained_motion_detector,ptt22_outer_oof,window,one_vs_rest,0,282,0.0,0.6229600450196962,0.9999984313423056,1.0,15983
ptt22_trained_motion_detector,ptt22_outer_oof,window,one_vs_rest,0,283,0.0,0.6235227912211593,0.9999984313363939,1.0,15983
ptt22_trained_motion_detector,ptt22_outer_oof,window,one_vs_rest,0,284,0.0,0.6246482836240855,0.9999984313184314,1.0,15983
ptt22_trained_motion_detector,ptt22_outer_oof,window,one_vs_rest,0,285,0.0,0.6250234477583942,0.9999984313168397,1.0,15983
ptt22_trained_motion_detector,ptt22_outer_oof,window,one_vs_rest,0,286,0.0,0.6261489401613206,0.9999984312854622,1.0,15983
ptt22_trained_motion_detector,ptt22_outer_oof,window,one_vs_rest,0,287,0.0,0.6268992684299382,0.9999984312764809,1.0,15983
ptt22_trained_motion_detector,ptt22_outer_oof,window,one_vs_rest,0,288,0.0,0.6282123429000187,0.9999984312556762,1.0,15983
ptt22_trained_motion_detector,ptt22_outer_oof,window,one_vs_rest,0,289,0.0,0.6285875070343275,0.9999984312465813,1.0,15983
ptt22_trained_motion_detector,ptt22_outer_oof,window,one_vs_rest,0,290,0.0,0.6291502532357907,0.9999984312346442,1.0,15983
ptt22_trained_motion_detector,ptt22_outer_oof,window,one_vs_rest,0,291,0.0,0.63083849184018,0.9999984311987191,1.0,15983
ptt22_trained_motion_detector,ptt22_outer_oof,window,one_vs_rest,0,292,0.0,0.6312136559744889,0.9999984311942853,1.0,15983
ptt22_trained_motion_detector,ptt22_outer_oof,window,one_vs_rest,0,293,0.0,0.6319639842431064,0.9999984311807566,1.0,15983
ptt22_trained_motion_detector,ptt22_outer_oof,window,one_vs_rest,0,294,0.0,0.6323391483774151,0.9999984311778007,1.0,15983
ptt22_trained_motion_detector,ptt22_outer_oof,window,one_vs_rest,0,295,0.0,0.6336522228474958,0.9999984311327808,1.0,15983
ptt22_trained_motion_detector,ptt22_outer_oof,window,one_vs_rest,0,296,0.0,0.6340273869818045,0.9999984311298249,1.0,15983
ptt22_trained_motion_detector,ptt22_outer_oof,window,one_vs_rest,0,297,0.0,0.6345901331832677,0.9999984311074286,1.0,15983
ptt22_trained_motion_detector,ptt22_outer_oof,window,one_vs_rest,0,298,0.0,0.6349652973175764,0.9999984311059507,1.0,15983
ptt22_trained_motion_detector,ptt22_outer_oof,window,one_vs_rest,0,299,0.0,0.6360907897205027,0.9999984310595664,1.0,15983
ptt22_trained_motion_detector,ptt22_outer_oof,window,one_vs_rest,0,300,0.0,0.6364659538548115,0.9999984310579748,1.0,15983
ptt22_trained_motion_detector,ptt22_outer_oof,window,one_vs_rest,0,301,0.0,0.6377790283248922,0.9999984310161381,1.0,15983
ptt22_trained_motion_detector,ptt22_outer_oof,window,one_vs_rest,0,302,0.0,0.6385293565935096,0.9999984310101127,1.0,15983
ptt22_trained_motion_detector,ptt22_outer_oof,window,one_vs_rest,0,303,0.0,0.639654848996436,0.9999984309607726,1.0,15983
ptt22_trained_motion_detector,ptt22_outer_oof,window,one_vs_rest,0,304,0.0,0.6402175951978991,0.9999984309594083,1.0,15983
ptt22_trained_motion_detector,ptt22_outer_oof,window,one_vs_rest,0,305,0.0,0.6413430876008254,0.999998430921778,1.0,15983
ptt22_trained_motion_detector,ptt22_outer_oof,window,one_vs_rest,0,306,0.0,0.6417182517351341,0.9999984309189358,1.0,15983
ptt22_trained_motion_detector,ptt22_outer_oof,window,one_vs_rest,0,307,0.0,0.642656162070906,0.99999843089347,1.0,15983
ptt22_trained_motion_detector,ptt22_outer_oof,window,one_vs_rest,0,308,0.0,0.6430313262052147,0.999998430891992,1.0,15983
ptt22_trained_motion_detector,ptt22_outer_oof,window,one_vs_rest,0,309,0.0,0.6435940724066779,0.9999984308650482,1.0,15983
ptt22_trained_motion_detector,ptt22_outer_oof,window,one_vs_rest,0,310,0.0,0.6439692365409867,0.9999984308619787,1.0,15983
ptt22_trained_motion_detector,ptt22_outer_oof,window,one_vs_rest,0,311,0.0,0.6460326392796849,0.9999984308096828,1.0,15983
ptt22_trained_motion_detector,ptt22_outer_oof,window,one_vs_rest,0,312,0.0,0.6467829675483023,0.999998430797632,1.0,15983
ptt22_trained_motion_detector,ptt22_outer_oof,window,one_vs_rest,0,313,0.0,0.6469705496154567,0.9999984307918339,1.0,15983
ptt22_trained_motion_detector,ptt22_outer_oof,window,one_vs_rest,0,314,0.0,0.6473457137497656,0.9999984307887644,1.0,15983
ptt22_trained_motion_detector,ptt22_outer_oof,window,one_vs_rest,0,315,0.0,0.6479084599512287,0.9999984307797831,1.0,15983
ptt22_trained_motion_detector,ptt22_outer_oof,window,one_vs_rest,0,316,0.0,0.6482836240855374,0.9999984307662544,1.0,15983
ptt22_trained_motion_detector,ptt22_outer_oof,window,one_vs_rest,0,317,0.0,0.6486587882198461,0.9999984307618206,1.0,15983
ptt22_trained_motion_detector,ptt22_outer_oof,window,one_vs_rest,0,318,0.0,0.649033952354155,0.9999984307557952,1.0,15983
ptt22_trained_motion_detector,ptt22_outer_oof,window,one_vs_rest,0,319,0.0,0.6503470268242356,0.9999984307198702,1.0,15983
ptt22_trained_motion_detector,ptt22_outer_oof,window,one_vs_rest,0,320,0.0,0.6507221909585443,0.9999984307183922,1.0,15983
ptt22_trained_motion_detector,ptt22_outer_oof,window,one_vs_rest,0,321,0.0,0.6512849371600075,0.9999984306914484,1.0,15983
ptt22_trained_motion_detector,ptt22_outer_oof,window,one_vs_rest,0,322,0.0,0.6516601012943163,0.9999984306898568,1.0,15983
ptt22_trained_motion_detector,ptt22_outer_oof,window,one_vs_rest,0,323,0.0,0.652035265428625,0.9999984306809893,1.0,15983
ptt22_trained_motion_detector,ptt22_outer_oof,window,one_vs_rest,0,324,0.0,0.6524104295629338,0.9999984306749639,1.0,15983
ptt22_trained_motion_detector,ptt22_outer_oof,window,one_vs_rest,0,325,0.0,0.652973175764397,0.9999984306540455,1.0,15983
ptt22_trained_motion_detector,ptt22_outer_oof,window,one_vs_rest,0,326,0.0,0.6533483398987057,0.9999984306509759,1.0,15983
ptt22_trained_motion_detector,ptt22_outer_oof,window,one_vs_rest,0,327,0.0,0.6586006377790283,0.9999984304923828,1.0,15983
ptt22_trained_motion_detector,ptt22_outer_oof,window,one_vs_rest,0,328,0.0,0.6591633839804915,0.9999984304832878,1.0,15983
ptt22_trained_motion_detector,ptt22_outer_oof,window,one_vs_rest,0,329,0.0,0.659913712249109,0.9999984304579357,1.0,15983
ptt22_trained_motion_detector,ptt22_outer_oof,window,one_vs_rest,0,330,0.0,0.6602888763834177,0.9999984304474765,1.0,15983
ptt22_trained_motion_detector,ptt22_outer_oof,window,one_vs_rest,0,331,0.0,0.6614143687863441,0.9999984304101872,1.0,15983
ptt22_trained_motion_detector,ptt22_outer_oof,window,one_vs_rest,0,332,0.0,0.6617895329206528,0.9999984304026839,1.0,15983
ptt22_trained_motion_detector,ptt22_outer_oof,window,one_vs_rest,0,333,0.0,0.6619771149878072,0.9999984303995006,1.0,15983
ptt22_trained_motion_detector,ptt22_outer_oof,window,one_vs_rest,0,334,0.0,0.6623522791221159,0.9999984303981364,1.0,15983
ptt22_trained_motion_detector,ptt22_outer_oof,window,one_vs_rest,0,335,0.0,0.6632901894578879,0.9999984303592555,1.0,15983
ptt22_trained_motion_detector,ptt22_outer_oof,window,one_vs_rest,0,336,0.0,0.6636653535921966,0.9999984303560723,1.0,15983
ptt22_trained_motion_detector,ptt22_outer_oof,window,one_vs_rest,0,337,0.0,0.6642280997936597,0.9999984303427709,1.0,15983
ptt22_trained_motion_detector,ptt22_outer_oof,window,one_vs_rest,0,338,0.0,0.6646032639279685,0.9999984303217389,1.0,15983
ptt22_trained_motion_detector,ptt22_outer_oof,window,one_vs_rest,0,339,0.0,0.6661039204652035,0.9999984302199891,1.0,15983
ptt22_trained_motion_detector,ptt22_outer_oof,window,one_vs_rest,0,340,0.0,0.6664790845995123,0.9999984302124858,1.0,15983
ptt22_trained_motion_detector,ptt22_outer_oof,window,one_vs_rest,0,341,0.0,0.6681673232039017,0.999998430104597,1.0,15983
ptt22_trained_motion_detector,ptt22_outer_oof,window,one_vs_rest,0,342,0.0,0.6685424873382104,0.9999984300972073,1.0,15983
ptt22_trained_motion_detector,ptt22_outer_oof,window,one_vs_rest,0,343,0.0,0.6706058900769086,0.9999984299864764,1.0,15983
ptt22_trained_motion_detector,ptt22_outer_oof,window,one_vs_rest,0,344,0.0,0.6709810542112175,0.9999984299773814,1.0,15983
ptt22_trained_motion_detector,ptt22_outer_oof,window,one_vs_rest,0,345,0.0,0.6721065466141437,0.999998429935431,1.0,15983
ptt22_trained_motion_detector,ptt22_outer_oof,window,one_vs_rest,0,346,0.0,0.6724817107484524,0.9999984299024618,1.0,15983
ptt22_trained_motion_detector,ptt22_outer_oof,window,one_vs_rest,0,347,0.0,0.6734196210842244,0.9999984298398203,1.0,15983
ptt22_trained_motion_detector,ptt22_outer_oof,window,one_vs_rest,0,348,0.0,0.6737947852185331,0.9999984298382287,1.0,15983
ptt22_trained_motion_detector,ptt22_outer_oof,window,one_vs_rest,0,349,0.0,0.6758581879572313,0.9999984297257924,1.0,15983
ptt22_trained_motion_detector,ptt22_outer_oof,window,one_vs_rest,0,350,0.0,0.67623335209154,0.9999984297168112,1.0,15983
ptt22_trained_motion_detector,ptt22_outer_oof,window,one_vs_rest,0,351,0.0,0.6812980679047083,0.9999984293573334,1.0,15983
ptt22_trained_motion_detector,ptt22_outer_oof,window,one_vs_rest,0,352,0.0,0.6816732320390171,0.9999984293515354,1.0,15983
ptt22_trained_motion_detector,ptt22_outer_oof,window,one_vs_rest,0,353,0.0,0.6844869630463327,0.9999984290922157,1.0,15983
ptt22_trained_motion_detector,ptt22_outer_oof,window,one_vs_rest,0,354,0.0,0.6852372913149503,0.9999984290877819,1.0,15983
ptt22_trained_motion_detector,ptt22_outer_oof,window,one_vs_rest,0,355,0.0,0.6929281560682798,0.9999984284224865,1.0,15983
ptt22_trained_motion_detector,ptt22_outer_oof,window,one_vs_rest,0,356,0.0,0.6933033202025887,0.9999984284210086,1.0,15983
ptt22_trained_motion_detector,ptt22_outer_oof,window,one_vs_rest,0,357,0.0,0.69592946914275,0.9999984281797651,1.0,15983
ptt22_trained_motion_detector,ptt22_outer_oof,window,one_vs_rest,0,358,0.0,0.6963046332770587,0.9999984281107572,1.0,15983
ptt22_trained_motion_detector,ptt22_outer_oof,window,one_vs_rest,0,359,0.0,0.6979928718814481,0.9999984279877481,1.0,15983
ptt22_trained_motion_detector,ptt22_outer_oof,window,one_vs_rest,0,360,0.0,0.6983680360157569,0.9999984279756973,1.0,15983
ptt22_trained_motion_detector,ptt22_outer_oof,window,one_vs_rest,0,361,0.0,0.6991183642843745,0.9999984279128284,1.0,15983
ptt22_trained_motion_detector,ptt22_outer_oof,window,one_vs_rest,0,362,0.0,0.6994935284186832,0.9999984278318834,1.0,15983
ptt22_trained_motion_detector,ptt22_outer_oof,window,one_vs_rest,0,363,0.0,0.7135621834552617,0.999998424340447,1.0,15983
ptt22_trained_motion_detector,ptt22_outer_oof,window,one_vs_rest,0,364,0.0,0.7139373475895704,0.9999984243195286,1.0,15983
ptt22_trained_motion_detector,ptt22_outer_oof,window,one_vs_rest,0,365,0.0,0.7396360907897205,0.9999984044500252,1.0,15983
ptt22_trained_motion_detector,ptt22_outer_oof,window,one_vs_rest,0,366,0.0,0.7400112549240293,0.9999984044286521,1.0,15983
ptt22_trained_motion_detector,ptt22_outer_oof,window,one_vs_rest,0,367,0.0,0.7503282686175201,0.9999983807203989,1.0,15983
ptt22_trained_motion_detector,ptt22_outer_oof,window,one_vs_rest,0,368,0.0,0.7507034327518289,0.9999983792943112,1.0,15983
ptt22_trained_motion_detector,ptt22_outer_oof,window,one_vs_rest,0,369,0.0,0.7760270118176702,0.9999980354332365,1.0,15983
ptt22_trained_motion_detector,ptt22_outer_oof,window,one_vs_rest,0,370,0.0,0.776402175951979,0.9999980353920819,1.0,15983
ptt22_trained_motion_detector,ptt22_outer_oof,window,one_vs_rest,0,371,0.0,0.7812793096979929,0.999998035093995,1.0,15983
ptt22_trained_motion_detector,ptt22_outer_oof,window,one_vs_rest,0,372,0.0,0.7816544738323016,0.9999980350883106,1.0,15983
ptt22_trained_motion_detector,ptt22_outer_oof,window,one_vs_rest,0,373,0.0,0.781842055899456,0.9999980350753503,1.0,15983
ptt22_trained_motion_detector,ptt22_outer_oof,window,one_vs_rest,0,374,0.0,0.7825923841680735,0.9999980350546593,1.0,15983
ptt22_trained_motion_detector,ptt22_outer_oof,window,one_vs_rest,0,375,0.0,0.7831551303695367,0.9999980350303304,1.0,15983
ptt22_trained_motion_detector,ptt22_outer_oof,window,one_vs_rest,0,376,0.0,0.7835302945038455,0.999998035021008,1.0,15983
ptt22_trained_motion_detector,ptt22_outer_oof,window,one_vs_rest,0,377,0.0,0.7854061151753893,0.9999980348354711,1.0,15983
ptt22_trained_motion_detector,ptt22_outer_oof,window,one_vs_rest,0,378,0.0,0.785781279309698,0.9999980348261488,1.0,15983
ptt22_trained_motion_detector,ptt22_outer_oof,window,one_vs_rest,0,379,0.0,0.7867191896454699,0.9999980347961355,1.0,15983
ptt22_trained_motion_detector,ptt22_outer_oof,window,one_vs_rest,0,380,0.0,0.7870943537797787,0.9999980347922701,1.0,15983
ptt22_trained_motion_detector,ptt22_outer_oof,window,one_vs_rest,0,381,0.0,0.7876570999812418,0.9999980347586188,1.0,15983
ptt22_trained_motion_detector,ptt22_outer_oof,window,one_vs_rest,0,382,0.0,0.7880322641155506,0.9999980347472501,1.0,15983
ptt22_trained_motion_detector,ptt22_outer_oof,window,one_vs_rest,0,383,0.0,0.7899080847870944,0.9999980346517532,1.0,15983
ptt22_trained_motion_detector,ptt22_outer_oof,window,one_vs_rest,0,384,0.0,0.7902832489214031,0.9999980346499342,1.0,15983
ptt22_trained_motion_detector,ptt22_outer_oof,window,one_vs_rest,0,385,0.0,0.7919714875257925,0.9999980345673976,1.0,15983
ptt22_trained_motion_detector,ptt22_outer_oof,window,one_vs_rest,0,386,0.0,0.7923466516601013,0.9999980345637596,1.0,15983
ptt22_trained_motion_detector,ptt22_outer_oof,window,one_vs_rest,0,387,0.0,0.796661039204652,0.9999980343743573,1.0,15983
ptt22_trained_motion_detector,ptt22_outer_oof,window,one_vs_rest,0,388,0.0,0.7970362033389607,0.999998034368673,1.0,15983
ptt22_trained_motion_detector,ptt22_outer_oof,window,one_vs_rest,0,389,0.0,0.797598949540424,0.9999980343500283,1.0,15983
ptt22_trained_motion_detector,ptt22_outer_oof,window,one_vs_rest,0,390,0.0,0.7979741136747327,0.9999980343386596,1.0,15983
ptt22_trained_motion_detector,ptt22_outer_oof,window,one_vs_rest,0,391,0.0,0.7985368598761958,0.999998034321834,1.0,15983
ptt22_trained_motion_detector,ptt22_outer_oof,window,one_vs_rest,0,392,0.0,0.7989120240105047,0.999998034318196,1.0,15983
ptt22_trained_motion_detector,ptt22_outer_oof,window,one_vs_rest,0,393,0.0,0.7992871881448134,0.9999980343125117,1.0,15983
ptt22_trained_motion_detector,ptt22_outer_oof,window,one_vs_rest,0,394,0.0,0.7996623522791221,0.9999980343088737,1.0,15983
ptt22_trained_motion_detector,ptt22_outer_oof,window,one_vs_rest,0,395,0.0,0.800600262614894,0.999998034278633,1.0,15983
ptt22_trained_motion_detector,ptt22_outer_oof,window,one_vs_rest,0,396,0.0,0.8017257550178203,0.999998034252485,1.0,15983
ptt22_trained_motion_detector,ptt22_outer_oof,window,one_vs_rest,0,397,0.0,0.8022885012192834,0.9999980342411163,1.0,15983
ptt22_trained_motion_detector,ptt22_outer_oof,window,one_vs_rest,0,398,0.0,0.8028512474207465,0.9999980342374784,1.0,15983
ptt22_trained_motion_detector,ptt22_outer_oof,window,one_vs_rest,0,399,0.0,0.8032264115550554,0.999998034231794,1.0,15983
ptt22_trained_motion_detector,ptt22_outer_oof,window,one_vs_rest,0,400,0.0,0.8036015756893641,0.999998034226337,1.0,15983
ptt22_trained_motion_detector,ptt22_outer_oof,window,one_vs_rest,0,401,0.0,0.8041643218908272,0.999998034205646,1.0,15983
ptt22_trained_motion_detector,ptt22_outer_oof,window,one_vs_rest,0,402,0.0,0.8047270680922903,0.999998034203827,1.0,15983
ptt22_trained_motion_detector,ptt22_outer_oof,window,one_vs_rest,0,403,0.0,0.8052898142937536,0.999998034184955,1.0,15983
ptt22_trained_motion_detector,ptt22_outer_oof,window,one_vs_rest,0,404,0.0,0.8058525604952167,0.9999980341738137,1.0,15983
ptt22_trained_motion_detector,ptt22_outer_oof,window,one_vs_rest,0,405,0.0,0.8077283811667605,0.9999980340612638,1.0,15983
ptt22_trained_motion_detector,ptt22_outer_oof,window,one_vs_rest,0,406,0.0,0.8081035453010692,0.9999980340519414,1.0,15983
ptt22_trained_motion_detector,ptt22_outer_oof,window,one_vs_rest,0,407,0.0,0.808478709435378,0.9999980340273851,1.0,15983
ptt22_trained_motion_detector,ptt22_outer_oof,window,one_vs_rest,0,408,0.0,0.8090414556368412,0.9999980340201091,1.0,15983
ptt22_trained_motion_detector,ptt22_outer_oof,window,one_vs_rest,0,409,0.0,0.8101669480397674,0.9999980339562171,1.0,15983
ptt22_trained_motion_detector,ptt22_outer_oof,window,one_vs_rest,0,410,0.0,0.8105421121740761,0.9999980339543981,1.0,15983
ptt22_trained_motion_detector,ptt22_outer_oof,window,one_vs_rest,0,411,0.0,0.8124179328456199,0.9999980338868681,1.0,15983
ptt22_trained_motion_detector,ptt22_outer_oof,window,one_vs_rest,0,412,0.0,0.8131682611142375,0.9999980338775458,1.0,15983
ptt22_trained_motion_detector,ptt22_outer_oof,window,one_vs_rest,0,413,0.0,0.8144813355843181,0.9999980338457135,1.0,15983
ptt22_trained_motion_detector,ptt22_outer_oof,window,one_vs_rest,0,414,0.0,0.814856499718627,0.9999980338400292,1.0,15983
ptt22_trained_motion_detector,ptt22_outer_oof,window,one_vs_rest,0,415,0.0,0.8152316638529357,0.9999980338361638,1.0,15983
ptt22_trained_motion_detector,ptt22_outer_oof,window,one_vs_rest,0,416,0.0,0.8156068279872444,0.9999980338345722,1.0,15983
ptt22_trained_motion_detector,ptt22_outer_oof,window,one_vs_rest,0,417,0.0,0.8182329769274057,0.9999980337613579,1.0,15983
ptt22_trained_motion_detector,ptt22_outer_oof,window,one_vs_rest,0,418,0.0,0.8186081410617145,0.9999980337574925,1.0,15983
ptt22_trained_motion_detector,ptt22_outer_oof,window,one_vs_rest,0,419,0.0,0.8187957231288688,0.9999980337520356,1.0,15983
ptt22_trained_motion_detector,ptt22_outer_oof,window,one_vs_rest,0,420,0.0,0.8191708872631777,0.9999980337499892,1.0,15983
ptt22_trained_motion_detector,ptt22_outer_oof,window,one_vs_rest,0,421,0.0,0.8197336334646408,0.9999980337145189,1.0,15983
ptt22_trained_motion_detector,ptt22_outer_oof,window,one_vs_rest,0,422,0.0,0.8201087975989495,0.9999980337106535,1.0,15983
ptt22_trained_motion_detector,ptt22_outer_oof,window,one_vs_rest,0,423,0.0,0.8206715438004126,0.9999980336956469,1.0,15983
ptt22_trained_motion_detector,ptt22_outer_oof,window,one_vs_rest,0,424,0.0,0.8210467079347215,0.9999980336899625,1.0,15983
ptt22_trained_motion_detector,ptt22_outer_oof,window,one_vs_rest,0,425,0.0,0.8214218720690302,0.9999980336749559,1.0,15983
ptt22_trained_motion_detector,ptt22_outer_oof,window,one_vs_rest,0,426,0.0,0.8219846182704933,0.9999980336674525,1.0,15983
ptt22_trained_motion_detector,ptt22_outer_oof,window,one_vs_rest,0,427,0.0,0.8231101106734197,0.9999980336281169,1.0,15983
ptt22_trained_motion_detector,ptt22_outer_oof,window,one_vs_rest,0,428,0.0,0.8234852748077284,0.9999980336149292,1.0,15983
ptt22_trained_motion_detector,ptt22_outer_oof,window,one_vs_rest,0,429,0.0,0.8236728568748828,0.9999980336131102,1.0,15983
ptt22_trained_motion_detector,ptt22_outer_oof,window,one_vs_rest,0,430,0.0,0.8240480210091915,0.9999980336094723,1.0,15983
ptt22_trained_motion_detector,ptt22_outer_oof,window,one_vs_rest,0,431,0.0,0.8249859313449635,0.9999980335735472,1.0,15983
ptt22_trained_motion_detector,ptt22_outer_oof,window,one_vs_rest,0,432,0.0,0.8253610954792722,0.9999980335644523,1.0,15983
ptt22_trained_motion_detector,ptt22_outer_oof,window,one_vs_rest,0,433,0.0,0.8259238416807353,0.9999980335362579,1.0,15983
ptt22_trained_motion_detector,ptt22_outer_oof,window,one_vs_rest,0,434,0.0,0.8262990058150441,0.999998033511929,1.0,15983
ptt22_trained_motion_detector,ptt22_outer_oof,window,one_vs_rest,0,435,0.0,0.8266741699493528,0.9999980335023793,1.0,15983
ptt22_trained_motion_detector,ptt22_outer_oof,window,one_vs_rest,0,436,0.0,0.8270493340836615,0.9999980334966949,1.0,15983
ptt22_trained_motion_detector,ptt22_outer_oof,window,one_vs_rest,0,437,0.0,0.8274244982179704,0.9999980334914653,1.0,15983
ptt22_trained_motion_detector,ptt22_outer_oof,window,one_vs_rest,0,438,0.0,0.8277996623522791,0.9999980334873726,1.0,15983
ptt22_trained_motion_detector,ptt22_outer_oof,window,one_vs_rest,0,439,0.0,0.8285499906208966,0.999998033485781,1.0,15983
ptt22_trained_motion_detector,ptt22_outer_oof,window,one_vs_rest,0,440,0.0,0.8300506471581317,0.9999980333936946,1.0,15983
ptt22_trained_motion_detector,ptt22_outer_oof,window,one_vs_rest,0,441,0.0,0.8308009754267492,0.9999980333843723,1.0,15983
ptt22_trained_motion_detector,ptt22_outer_oof,window,one_vs_rest,0,442,0.0,0.8338022885012193,0.9999980332775067,1.0,15983
ptt22_trained_motion_detector,ptt22_outer_oof,window,one_vs_rest,0,443,0.0,0.834177452635528,0.9999980332718224,1.0,15983
ptt22_trained_motion_detector,ptt22_outer_oof,window,one_vs_rest,0,444,0.0,0.8371787657099982,0.9999980330917424,1.0,15983
ptt22_trained_motion_detector,ptt22_outer_oof,window,one_vs_rest,0,445,0.0,0.8379290939786156,0.9999980330749167,1.0,15983
ptt22_trained_motion_detector,ptt22_outer_oof,window,one_vs_rest,0,446,0.0,0.8386794222472331,0.9999980330355811,1.0,15983
ptt22_trained_motion_detector,ptt22_outer_oof,window,one_vs_rest,0,447,0.0,0.839054586381542,0.9999980330298968,1.0,15983
ptt22_trained_motion_detector,ptt22_outer_oof,window,one_vs_rest,0,448,0.0,0.8433689739260927,0.9999980328404945,1.0,15983
ptt22_trained_motion_detector,ptt22_outer_oof,window,one_vs_rest,0,449,0.0,0.8437441380604014,0.9999980328288984,1.0,15983
ptt22_trained_motion_detector,ptt22_outer_oof,window,one_vs_rest,0,450,0.0,0.8482461076721065,0.9999980325026172,1.0,15983
ptt22_trained_motion_detector,ptt22_outer_oof,window,one_vs_rest,0,451,0.0,0.8486212718064153,0.9999980324819262,1.0,15983
ptt22_trained_motion_detector,ptt22_outer_oof,window,one_vs_rest,0,452,0.0,0.8495591821421872,0.9999980324575972,1.0,15983
ptt22_trained_motion_detector,ptt22_outer_oof,window,one_vs_rest,0,453,0.0,0.849934346276496,0.9999980324482749,1.0,15983
ptt22_trained_motion_detector,ptt22_outer_oof,window,one_vs_rest,0,454,0.0,0.8504970924779591,0.9999980324314492,1.0,15983
ptt22_trained_motion_detector,ptt22_outer_oof,window,one_vs_rest,0,455,0.0,0.8508722566122678,0.9999980324182616,1.0,15983
ptt22_trained_motion_detector,ptt22_outer_oof,window,one_vs_rest,0,456,0.0,0.8542487338210467,0.9999980322550073,1.0,15983
ptt22_trained_motion_detector,ptt22_outer_oof,window,one_vs_rest,0,457,0.0,0.8546238979553554,0.999998032245685,1.0,15983
ptt22_trained_motion_detector,ptt22_outer_oof,window,one_vs_rest,0,458,0.0,0.86081410617145,0.999998031808218,1.0,15983
ptt22_trained_motion_detector,ptt22_outer_oof,window,one_vs_rest,0,459,0.0,0.8611892703057588,0.9999980317913923,1.0,15983
ptt22_trained_motion_detector,ptt22_outer_oof,window,one_vs_rest,0,460,0.0,0.8621271806415307,0.9999980317277277,1.0,15983
ptt22_trained_motion_detector,ptt22_outer_oof,window,one_vs_rest,0,461,0.0,0.8625023447758394,0.9999980317124937,1.0,15983
ptt22_trained_motion_detector,ptt22_outer_oof,window,one_vs_rest,0,462,0.0,0.8649409116488463,0.9999980314273671,1.0,15983
ptt22_trained_motion_detector,ptt22_outer_oof,window,one_vs_rest,0,463,0.0,0.8653160757831552,0.9999980313784818,1.0,15983
ptt22_trained_motion_detector,ptt22_outer_oof,window,one_vs_rest,0,464,0.0,0.870193209529169,0.9999980309089551,1.0,15983
ptt22_trained_motion_detector,ptt22_outer_oof,window,one_vs_rest,0,465,0.0,0.8705683736634777,0.9999980309050898,1.0,15983
ptt22_trained_motion_detector,ptt22_outer_oof,window,one_vs_rest,0,466,0.0,0.8718814481335584,0.9999980307513852,1.0,15983
ptt22_trained_motion_detector,ptt22_outer_oof,window,one_vs_rest,0,467,0.0,0.8722566122678672,0.9999980307475198,1.0,15983
ptt22_trained_motion_detector,ptt22_outer_oof,window,one_vs_rest,0,468,0.0,0.8821984618270493,0.9999980297707225,1.0,15983
ptt22_trained_motion_detector,ptt22_outer_oof,window,one_vs_rest,0,469,0.0,0.8825736259613581,0.9999980297670845,1.0,15983
ptt22_trained_motion_detector,ptt22_outer_oof,window,one_vs_rest,0,470,0.0,0.8887638341774526,0.9999980292557211,1.0,15983
ptt22_trained_motion_detector,ptt22_outer_oof,window,one_vs_rest,0,471,0.0,0.8891389983117614,0.9999980292520831,1.0,15983
ptt22_trained_motion_detector,ptt22_outer_oof,window,one_vs_rest,0,472,0.0,0.8949540423935471,0.9999980288800998,1.0,15983
ptt22_trained_motion_detector,ptt22_outer_oof,window,one_vs_rest,0,473,0.0,0.895329206527856,0.9999980288723691,1.0,15983
ptt22_trained_motion_detector,ptt22_outer_oof,window,one_vs_rest,0,474,0.0,0.8972050271993998,0.9999980287332164,1.0,15983
ptt22_trained_motion_detector,ptt22_outer_oof,window,one_vs_rest,0,475,0.0,0.8975801913337085,0.9999980287145718,1.0,15983
ptt22_trained_motion_detector,ptt22_outer_oof,window,one_vs_rest,0,476,0.0,0.8977677734008629,0.9999980287107064,1.0,15983
ptt22_trained_motion_detector,ptt22_outer_oof,window,one_vs_rest,0,477,0.0,0.8981429375351716,0.9999980287070684,1.0,15983
ptt22_trained_motion_detector,ptt22_outer_oof,window,one_vs_rest,0,478,0.0,0.8988932658037891,0.9999980286504524,1.0,15983
ptt22_trained_motion_detector,ptt22_outer_oof,window,one_vs_rest,0,479,0.0,0.8996435940724067,0.9999980286015671,1.0,15983
ptt22_trained_motion_detector,ptt22_outer_oof,window,one_vs_rest,0,480,0.0,0.9002063402738698,0.9999980285547281,1.0,15983
ptt22_trained_motion_detector,ptt22_outer_oof,window,one_vs_rest,0,481,0.0,0.9005815044081785,0.9999980285526817,1.0,15983
ptt22_trained_motion_detector,ptt22_outer_oof,window,one_vs_rest,0,482,0.0,0.9024573250797224,0.9999980284173944,1.0,15983
ptt22_trained_motion_detector,ptt22_outer_oof,window,one_vs_rest,0,483,0.0,0.9028324892140311,0.9999980283837431,1.0,15983
ptt22_trained_motion_detector,ptt22_outer_oof,window,one_vs_rest,0,484,0.0,0.9032076533483399,0.9999980283157583,1.0,15983
ptt22_trained_motion_detector,ptt22_outer_oof,window,one_vs_rest,0,485,0.0,0.9035828174826487,0.9999980282989327,1.0,15983
ptt22_trained_motion_detector,ptt22_outer_oof,window,one_vs_rest,0,486,0.0,0.9041455636841118,0.999998028265054,1.0,15983
ptt22_trained_motion_detector,ptt22_outer_oof,window,one_vs_rest,0,487,0.0,0.9048958919527293,0.9999980282611887,1.0,15983
ptt22_trained_motion_detector,ptt22_outer_oof,window,one_vs_rest,0,488,0.0,0.9054586381541925,0.9999980282557317,1.0,15983
ptt22_trained_motion_detector,ptt22_outer_oof,window,one_vs_rest,0,489,0.0,0.9058338022885012,0.999998028246182,1.0,15983
ptt22_trained_motion_detector,ptt22_outer_oof,window,one_vs_rest,0,490,0.0,0.9082723691615081,0.999998028180471,1.0,15983
ptt22_trained_motion_detector,ptt22_outer_oof,window,one_vs_rest,0,491,0.0,0.9086475332958169,0.9999980281691023,1.0,15983
ptt22_trained_motion_detector,ptt22_outer_oof,window,one_vs_rest,0,492,0.0,0.9110861001688239,0.9999980280263117,1.0,15983
ptt22_trained_motion_detector,ptt22_outer_oof,window,one_vs_rest,0,493,0.0,0.9114612643031326,0.9999980280206273,1.0,15983
ptt22_trained_motion_detector,ptt22_outer_oof,window,one_vs_rest,0,494,0.0,0.9123991746389045,0.999998027933998,1.0,15983
ptt22_trained_motion_detector,ptt22_outer_oof,window,one_vs_rest,0,495,0.0,0.9127743387732132,0.9999980279324063,1.0,15983
ptt22_trained_motion_detector,ptt22_outer_oof,window,one_vs_rest,0,496,0.0,0.9137122491089852,0.9999980278776093,1.0,15983
ptt22_trained_motion_detector,ptt22_outer_oof,window,one_vs_rest,0,497,0.0,0.9140874132432939,0.999998027868287,1.0,15983
ptt22_trained_motion_detector,ptt22_outer_oof,window,one_vs_rest,0,498,0.0,0.9150253235790659,0.9999980278005296,1.0,15983
ptt22_trained_motion_detector,ptt22_outer_oof,window,one_vs_rest,0,499,0.0,0.9154004877133746,0.9999980277948453,1.0,15983
ptt22_trained_motion_detector,ptt22_outer_oof,window,one_vs_rest,0,500,0.0,0.9174638904520728,0.9999980276988936,1.0,15983
ptt22_trained_motion_detector,ptt22_outer_oof,window,one_vs_rest,0,501,0.0,0.9178390545863815,0.9999980276913902,1.0,15983
ptt22_trained_motion_detector,ptt22_outer_oof,window,one_vs_rest,0,502,0.0,0.922528606265241,0.9999980273360052,1.0,15983
ptt22_trained_motion_detector,ptt22_outer_oof,window,one_vs_rest,0,503,0.0,0.9229037703995498,0.9999980273266829,1.0,15983
ptt22_trained_motion_detector,ptt22_outer_oof,window,one_vs_rest,0,504,0.0,0.9259050834740199,0.9999980271270488,1.0,15983
ptt22_trained_motion_detector,ptt22_outer_oof,window,one_vs_rest,0,505,0.0,0.9262802476083286,0.9999980271120421,1.0,15983
ptt22_trained_motion_detector,ptt22_outer_oof,window,one_vs_rest,0,506,0.0,0.9418495591821422,0.9999980253633112,1.0,15983
ptt22_trained_motion_detector,ptt22_outer_oof,window,one_vs_rest,0,507,0.0,0.9422247233164509,0.9999980253539889,1.0,15983
ptt22_trained_motion_detector,ptt22_outer_oof,window,one_vs_rest,0,508,0.0,0.946726692928156,0.9999980244235758,1.0,15983
ptt22_trained_motion_detector,ptt22_outer_oof,window,one_vs_rest,0,509,0.0,0.9471018570624649,0.9999980244122071,1.0,15983
ptt22_trained_motion_detector,ptt22_outer_oof,window,one_vs_rest,0,510,0.0,0.9484149315325455,0.9999980237942054,1.0,15983
ptt22_trained_motion_detector,ptt22_outer_oof,window,one_vs_rest,0,511,0.0,0.9487900956668542,0.9999980237828368,1.0,15983
ptt22_trained_motion_detector,ptt22_outer_oof,window,one_vs_rest,0,512,0.0,1.0,0.9999794781269884,1.0,15983
ptt22_trained_motion_detector,ptt22_outer_oof,window,one_vs_rest,0,513,0.0017837025910627112,1.0,2.86102294921875e-05,1.0,15983
ptt22_trained_motion_detector,ptt22_outer_oof,window,one_vs_rest,0,514,0.0019714607585429966,1.0,2.8133392333984375e-05,1.0,15983
ptt22_trained_motion_detector,ptt22_outer_oof,window,one_vs_rest,0,515,0.003755163349605708,1.0,1.704692840576172e-05,1.0,15983
ptt22_trained_motion_detector,ptt22_outer_oof,window,one_vs_rest,0,516,0.003942921517085993,1.0,1.6689300537109375e-05,1.0,15983
ptt22_trained_motion_detector,ptt22_outer_oof,window,one_vs_rest,0,517,0.004412316935786707,1.0,1.5616416931152344e-05,1.0,15983
ptt22_trained_motion_detector,ptt22_outer_oof,window,one_vs_rest,0,518,0.004975591438227563,1.0,1.5139579772949219e-05,1.0,15983
ptt22_trained_motion_detector,ptt22_outer_oof,window,one_vs_rest,0,519,0.005351107773188134,1.0,1.3470649719238281e-05,1.0,15983
ptt22_trained_motion_detector,ptt22_outer_oof,window,one_vs_rest,0,520,0.0055388659406684195,1.0,1.3232231140136719e-05,1.0,15983
ptt22_trained_motion_detector,ptt22_outer_oof,window,one_vs_rest,0,521,0.00591438227562899,1.0,1.239776611328125e-05,1.0,15983
ptt22_trained_motion_detector,ptt22_outer_oof,window,one_vs_rest,0,522,0.006102140443109276,1.0,1.2278556823730469e-05,1.0,15983
ptt22_trained_motion_detector,ptt22_outer_oof,window,one_vs_rest,0,523,0.006571535861809989,1.0,1.0967254638671875e-05,1.0,15983
ptt22_trained_motion_detector,ptt22_outer_oof,window,one_vs_rest,0,524,0.006759294029290274,1.0,1.0848045349121094e-05,1.0,15983
ptt22_trained_motion_detector,ptt22_outer_oof,window,one_vs_rest,0,525,0.006853173113030417,1.0,1.0609626770019531e-05,1.0,15983
ptt22_trained_motion_detector,ptt22_outer_oof,window,one_vs_rest,0,526,0.007040931280510703,1.0,1.0132789611816406e-05,1.0,15983
ptt22_trained_motion_detector,ptt22_outer_oof,window,one_vs_rest,0,527,0.007134810364250845,1.0,1.0013580322265625e-05,1.0,15983
ptt22_trained_motion_detector,ptt22_outer_oof,window,one_vs_rest,0,528,0.007510326699211416,1.0,9.655952453613281e-06,1.0,15983
ptt22_trained_motion_detector,ptt22_outer_oof,window,one_vs_rest,0,529,0.007885843034171986,1.0,9.5367431640625e-06,1.0,15983
ptt22_trained_motion_detector,ptt22_outer_oof,window,one_vs_rest,0,530,0.008167480285392414,1.0,8.940696716308594e-06,1.0,15983
ptt22_trained_motion_detector,ptt22_outer_oof,window,one_vs_rest,0,531,0.0083552384528727,1.0,8.821487426757812e-06,1.0,15983
ptt22_trained_motion_detector,ptt22_outer_oof,window,one_vs_rest,0,532,0.008449117536612843,1.0,8.702278137207031e-06,1.0,15983
ptt22_trained_motion_detector,ptt22_outer_oof,window,one_vs_rest,0,533,0.008636875704093128,1.0,8.463859558105469e-06,1.0,15983
ptt22_trained_motion_detector,ptt22_outer_oof,window,one_vs_rest,0,534,0.008918512955313556,1.0,8.344650268554688e-06,1.0,15983
ptt22_trained_motion_detector,ptt22_outer_oof,window,one_vs_rest,0,535,0.009012392039053699,1.0,8.225440979003906e-06,1.0,15983
ptt22_trained_motion_detector,ptt22_outer_oof,window,one_vs_rest,0,536,0.00938790837401427,1.0,7.987022399902344e-06,1.0,15983
ptt22_trained_motion_detector,ptt22_outer_oof,window,one_vs_rest,0,537,0.009669545625234697,1.0,7.867813110351562e-06,1.0,15983
ptt22_trained_motion_detector,ptt22_outer_oof,window,one_vs_rest,0,538,0.010326699211415697,1.0,7.748603820800781e-06,1.0,15983
ptt22_trained_motion_detector,ptt22_outer_oof,window,one_vs_rest,0,539,0.010514457378895982,1.0,7.62939453125e-06,1.0,15983
ptt22_trained_motion_detector,ptt22_outer_oof,window,one_vs_rest,0,540,0.010608336462636125,1.0,7.510185241699219e-06,1.0,15983
ptt22_trained_motion_detector,ptt22_outer_oof,window,one_vs_rest,0,541,0.011077731881336839,1.0,7.3909759521484375e-06,1.0,15983
ptt22_trained_motion_detector,ptt22_outer_oof,window,one_vs_rest,0,542,0.01117161096507698,1.0,7.271766662597656e-06,1.0,15983
ptt22_trained_motion_detector,ptt22_outer_oof,window,one_vs_rest,0,543,0.011547127300037551,1.0,7.033348083496094e-06,1.0,15983
ptt22_trained_motion_detector,ptt22_outer_oof,window,one_vs_rest,0,544,0.011641006383777694,1.0,6.9141387939453125e-06,1.0,15983
ptt22_trained_motion_detector,ptt22_outer_oof,window,one_vs_rest,0,545,0.012016522718738265,1.0,6.794929504394531e-06,1.0,15983
ptt22_trained_motion_detector,ptt22_outer_oof,window,one_vs_rest,0,546,0.012204280886218551,1.0,6.67572021484375e-06,1.0,15983
ptt22_trained_motion_detector,ptt22_outer_oof,window,one_vs_rest,0,547,0.012673676304919263,1.0,6.556510925292969e-06,1.0,15983
ptt22_trained_motion_detector,ptt22_outer_oof,window,one_vs_rest,0,548,0.013049192639879834,1.0,6.318092346191406e-06,1.0,15983
ptt22_trained_motion_detector,ptt22_outer_oof,window,one_vs_rest,0,549,0.013518588058580548,1.0,6.198883056640625e-06,1.0,15983
ptt22_trained_motion_detector,ptt22_outer_oof,window,one_vs_rest,0,550,0.013612467142320691,1.0,6.079673767089844e-06,1.0,15983
ptt22_trained_motion_detector,ptt22_outer_oof,window,one_vs_rest,0,551,0.013894104393541119,1.0,5.9604644775390625e-06,1.0,15983
ptt22_trained_motion_detector,ptt22_outer_oof,window,one_vs_rest,0,552,0.014551257979722117,1.0,5.841255187988281e-06,1.0,15983
ptt22_trained_motion_detector,ptt22_outer_oof,window,one_vs_rest,0,553,0.01464513706346226,1.0,5.7220458984375e-06,1.0,15983
ptt22_trained_motion_detector,ptt22_outer_oof,window,one_vs_rest,0,554,0.015020653398422831,1.0,5.602836608886719e-06,1.0,15983
ptt22_trained_motion_detector,ptt22_outer_oof,window,one_vs_rest,0,555,0.015583927900863688,1.0,5.4836273193359375e-06,1.0,15983
ptt22_trained_motion_detector,ptt22_outer_oof,window,one_vs_rest,0,556,0.01567780698460383,1.0,5.364418029785156e-06,1.0,15983
ptt22_trained_motion_detector,ptt22_outer_oof,window,one_vs_rest,0,557,0.0160533233195644,1.0,5.245208740234375e-06,1.0,15983
ptt22_trained_motion_detector,ptt22_outer_oof,window,one_vs_rest,0,558,0.0167104769057454,1.0,5.125999450683594e-06,1.0,15983
ptt22_trained_motion_detector,ptt22_outer_oof,window,one_vs_rest,0,559,0.01708599324070597,1.0,5.0067901611328125e-06,1.0,15983
ptt22_trained_motion_detector,ptt22_outer_oof,window,one_vs_rest,0,560,0.01774314682688697,1.0,4.887580871582031e-06,1.0,15983
ptt22_trained_motion_detector,ptt22_outer_oof,window,one_vs_rest,0,561,0.018024784078107398,1.0,4.76837158203125e-06,1.0,15983
ptt22_trained_motion_detector,ptt22_outer_oof,window,one_vs_rest,0,562,0.019902365752910253,1.0,4.5299530029296875e-06,1.0,15983
ptt22_trained_motion_detector,ptt22_outer_oof,window,one_vs_rest,0,563,0.020747277506571536,1.0,4.410743713378906e-06,1.0,15983
ptt22_trained_motion_detector,ptt22_outer_oof,window,one_vs_rest,0,564,0.021686068343972964,1.0,4.291534423828125e-06,1.0,15983
ptt22_trained_motion_detector,ptt22_outer_oof,window,one_vs_rest,0,565,0.023563650018775816,1.0,4.172325134277344e-06,1.0,15983
ptt22_trained_motion_detector,ptt22_outer_oof,window,one_vs_rest,0,566,0.03623732632369508,1.0,4.0531158447265625e-06,1.0,15983
ptt22_trained_motion_detector,ptt22_outer_oof,window,one_vs_rest,0,567,0.055107022155463765,1.0,3.933906555175781e-06,1.0,15983
ptt22_trained_motion_detector,ptt22_outer_oof,window,one_vs_rest,0,568,0.24924896733007887,1.0,3.814697265625e-06,1.0,15983
ptt22_trained_motion_detector,ptt22_outer_oof,window,one_vs_rest,0,569,0.2662410814870447,1.0,3.4570693969726562e-06,1.0,15983
ptt22_trained_motion_detector,ptt22_outer_oof,window,one_vs_rest,0,570,0.4556890724746526,1.0,3.337860107421875e-06,1.0,15983
ptt22_trained_motion_detector,ptt22_outer_oof,window,one_vs_rest,0,571,0.4562523469770935,1.0,3.2186508178710938e-06,1.0,15983
ptt22_trained_motion_detector,ptt22_outer_oof,window,one_vs_rest,0,572,0.4564401051445738,1.0,3.0994415283203125e-06,1.0,15983
ptt22_trained_motion_detector,ptt22_outer_oof,window,one_vs_rest,0,573,0.4575666541494555,1.0,2.9802322387695312e-06,1.0,15983
ptt22_trained_motion_detector,ptt22_outer_oof,window,one_vs_rest,0,574,0.45944423582425836,1.0,2.86102294921875e-06,1.0,15983
ptt22_trained_motion_detector,ptt22_outer_oof,window,one_vs_rest,0,575,0.46488922268118665,1.0,2.7418136596679688e-06,1.0,15983
ptt22_trained_motion_detector,ptt22_outer_oof,window,one_vs_rest,0,576,0.47230567029665793,1.0,2.6226043701171875e-06,1.0,15983
ptt22_trained_motion_detector,ptt22_outer_oof,window,one_vs_rest,0,577,0.5132369508073601,1.0,2.5033950805664062e-06,1.0,15983
ptt22_trained_motion_detector,ptt22_outer_oof,window,one_vs_rest,0,578,0.8336462636124672,1.0,2.384185791015625e-06,1.0,15983
ptt22_trained_motion_detector,ptt22_outer_oof,window,one_vs_rest,0,579,1.0,1.0,2.2649765014648438e-06,1.0,15983
ptt22_trained_motion_detector,ptt22_outer_oof,window,one_vs_rest,1,0,0.0,0.0,,1.0,15983
ptt22_trained_motion_detector,ptt22_outer_oof,window,one_vs_rest,1,1,0.0,0.16635373638753287,0.9999977350234985,1.0,15983
ptt22_trained_motion_detector,ptt22_outer_oof,window,one_vs_rest,1,2,0.0,0.4867630491926399,0.999997615814209,1.0,15983
ptt22_trained_motion_detector,ptt22_outer_oof,window,one_vs_rest,1,3,0.0,0.5276943297033421,0.9999974966049194,1.0,15983
ptt22_trained_motion_detector,ptt22_outer_oof,window,one_vs_rest,1,4,0.0,0.5351107773188134,0.9999973773956299,1.0,15983
ptt22_trained_motion_detector,ptt22_outer_oof,window,one_vs_rest,1,5,0.0,0.5405557641757417,0.9999972581863403,1.0,15983
ptt22_trained_motion_detector,ptt22_outer_oof,window,one_vs_rest,1,6,0.0,0.5424333458505445,0.9999971389770508,1.0,15983
ptt22_trained_motion_detector,ptt22_outer_oof,window,one_vs_rest,1,7,0.0,0.5435598948554262,0.9999970197677612,1.0,15983
ptt22_trained_motion_detector,ptt22_outer_oof,window,one_vs_rest,1,8,0.0,0.5437476530229065,0.9999969005584717,1.0,15983
ptt22_trained_motion_detector,ptt22_outer_oof,window,one_vs_rest,1,9,0.0,0.5443109275253474,0.9999967813491821,1.0,15983
ptt22_trained_motion_detector,ptt22_outer_oof,window,one_vs_rest,1,10,0.0,0.7337589185129553,0.9999966621398926,1.0,15983
ptt22_trained_motion_detector,ptt22_outer_oof,window,one_vs_rest,1,11,0.0,0.7507510326699212,0.999996542930603,1.0,15983
ptt22_trained_motion_detector,ptt22_outer_oof,window,one_vs_rest,1,12,0.0,0.9448929778445362,0.9999961853027344,1.0,15983
ptt22_trained_motion_detector,ptt22_outer_oof,window,one_vs_rest,1,13,0.0,0.963762673676305,0.9999960660934448,1.0,15983
ptt22_trained_motion_detector,ptt22_outer_oof,window,one_vs_rest,1,14,0.0,0.9764363499812242,0.9999959468841553,1.0,15983
ptt22_trained_motion_detector,ptt22_outer_oof,window,one_vs_rest,1,15,0.0,0.9783139316560271,0.9999958276748657,1.0,15983
ptt22_trained_motion_detector,ptt22_outer_oof,window,one_vs_rest,1,16,0.0,0.9792527224934284,0.9999957084655762,1.0,15983
ptt22_trained_motion_detector,ptt22_outer_oof,window,one_vs_rest,1,17,0.0,0.9800976342470897,0.9999955892562866,1.0,15983
ptt22_trained_motion_detector,ptt22_outer_oof,window,one_vs_rest,1,18,0.0,0.9819752159218926,0.9999953508377075,1.0,15983
ptt22_trained_motion_detector,ptt22_outer_oof,window,one_vs_rest,1,19,0.0,0.9822568531731131,0.999995231628418,1.0,15983
ptt22_trained_motion_detector,ptt22_outer_oof,window,one_vs_rest,1,20,0.0,0.9829140067592941,0.9999951124191284,1.0,15983
ptt22_trained_motion_detector,ptt22_outer_oof,window,one_vs_rest,1,21,0.0,0.9832895230942545,0.9999949932098389,1.0,15983
ptt22_trained_motion_detector,ptt22_outer_oof,window,one_vs_rest,1,22,0.0,0.9839466766804356,0.9999948740005493,1.0,15983
ptt22_trained_motion_detector,ptt22_outer_oof,window,one_vs_rest,1,23,0.0,0.9843221930153961,0.9999947547912598,1.0,15983
ptt22_trained_motion_detector,ptt22_outer_oof,window,one_vs_rest,1,24,0.0,0.9844160720991363,0.9999946355819702,1.0,15983
ptt22_trained_motion_detector,ptt22_outer_oof,window,one_vs_rest,1,25,0.0,0.9849793466015772,0.9999945163726807,1.0,15983
ptt22_trained_motion_detector,ptt22_outer_oof,window,one_vs_rest,1,26,0.0,0.9853548629365377,0.9999943971633911,1.0,15983
ptt22_trained_motion_detector,ptt22_outer_oof,window,one_vs_rest,1,27,0.0,0.9854487420202779,0.9999942779541016,1.0,15983
ptt22_trained_motion_detector,ptt22_outer_oof,window,one_vs_rest,1,28,0.0,0.9861058956064589,0.999994158744812,1.0,15983
ptt22_trained_motion_detector,ptt22_outer_oof,window,one_vs_rest,1,29,0.0,0.9863875328576793,0.9999940395355225,1.0,15983
ptt22_trained_motion_detector,ptt22_outer_oof,window,one_vs_rest,1,30,0.0,0.9864814119414195,0.9999939203262329,1.0,15983
ptt22_trained_motion_detector,ptt22_outer_oof,window,one_vs_rest,1,31,0.0,0.9869508073601202,0.9999938011169434,1.0,15983
ptt22_trained_motion_detector,ptt22_outer_oof,window,one_vs_rest,1,32,0.0,0.9873263236950808,0.9999935626983643,1.0,15983
ptt22_trained_motion_detector,ptt22_outer_oof,window,one_vs_rest,1,33,0.0,0.9877957191137815,0.9999934434890747,1.0,15983
ptt22_trained_motion_detector,ptt22_outer_oof,window,one_vs_rest,1,34,0.0,0.9879834772812617,0.9999933242797852,1.0,15983
ptt22_trained_motion_detector,ptt22_outer_oof,window,one_vs_rest,1,35,0.0,0.9883589936162223,0.9999932050704956,1.0,15983
ptt22_trained_motion_detector,ptt22_outer_oof,window,one_vs_rest,1,36,0.0,0.9884528726999624,0.999993085861206,1.0,15983
ptt22_trained_motion_detector,ptt22_outer_oof,window,one_vs_rest,1,37,0.0,0.988828389034923,0.999992847442627,1.0,15983
ptt22_trained_motion_detector,ptt22_outer_oof,window,one_vs_rest,1,38,0.0,0.9889222681186631,0.9999927282333374,1.0,15983
ptt22_trained_motion_detector,ptt22_outer_oof,window,one_vs_rest,1,39,0.0,0.9893916635373639,0.9999926090240479,1.0,15983
ptt22_trained_motion_detector,ptt22_outer_oof,window,one_vs_rest,1,40,0.0,0.989485542621104,0.9999924898147583,1.0,15983
ptt22_trained_motion_detector,ptt22_outer_oof,window,one_vs_rest,1,41,0.0,0.9896733007885843,0.9999923706054688,1.0,15983
ptt22_trained_motion_detector,ptt22_outer_oof,window,one_vs_rest,1,42,0.0,0.9903304543747653,0.9999922513961792,1.0,15983
ptt22_trained_motion_detector,ptt22_outer_oof,window,one_vs_rest,1,43,0.0,0.9906120916259857,0.9999921321868896,1.0,15983
ptt22_trained_motion_detector,ptt22_outer_oof,window,one_vs_rest,1,44,0.0,0.9909876079609463,0.9999918937683105,1.0,15983
ptt22_trained_motion_detector,ptt22_outer_oof,window,one_vs_rest,1,45,0.0,0.9910814870446865,0.999991774559021,1.0,15983
ptt22_trained_motion_detector,ptt22_outer_oof,window,one_vs_rest,1,46,0.0,0.9913631242959069,0.9999916553497314,1.0,15983
ptt22_trained_motion_detector,ptt22_outer_oof,window,one_vs_rest,1,47,0.0,0.9915508824633872,0.9999915361404419,1.0,15983
ptt22_trained_motion_detector,ptt22_outer_oof,window,one_vs_rest,1,48,0.0,0.9916447615471273,0.9999912977218628,1.0,15983
ptt22_trained_motion_detector,ptt22_outer_oof,window,one_vs_rest,1,49,0.0,0.9918325197146076,0.9999911785125732,1.0,15983
ptt22_trained_motion_detector,ptt22_outer_oof,window,one_vs_rest,1,50,0.0,0.992114156965828,0.9999905824661255,1.0,15983
ptt22_trained_motion_detector,ptt22_outer_oof,window,one_vs_rest,1,51,0.0,0.9924896733007886,0.9999904632568359,1.0,15983
ptt22_trained_motion_detector,ptt22_outer_oof,window,one_vs_rest,1,52,0.0,0.9928651896357491,0.9999902248382568,1.0,15983
ptt22_trained_motion_detector,ptt22_outer_oof,window,one_vs_rest,1,53,0.0,0.9929590687194892,0.9999899864196777,1.0,15983
ptt22_trained_motion_detector,ptt22_outer_oof,window,one_vs_rest,1,54,0.0,0.9931468268869695,0.9999898672103882,1.0,15983
ptt22_trained_motion_detector,ptt22_outer_oof,window,one_vs_rest,1,55,0.0,0.9932407059707097,0.99998939037323,1.0,15983
ptt22_trained_motion_detector,ptt22_outer_oof,window,one_vs_rest,1,56,0.0,0.99342846413819,0.9999891519546509,1.0,15983
ptt22_trained_motion_detector,ptt22_outer_oof,window,one_vs_rest,1,57,0.0,0.9938978595568907,0.9999878406524658,1.0,15983
ptt22_trained_motion_detector,ptt22_outer_oof,window,one_vs_rest,1,58,0.0,0.994085617724371,0.9999877214431763,1.0,15983
ptt22_trained_motion_detector,ptt22_outer_oof,window,one_vs_rest,1,59,0.0,0.9944611340593316,0.9999868869781494,1.0,15983
ptt22_trained_motion_detector,ptt22_outer_oof,window,one_vs_rest,1,60,0.0,0.9946488922268119,0.9999867677688599,1.0,15983
ptt22_trained_motion_detector,ptt22_outer_oof,window,one_vs_rest,1,61,0.0,0.9950244085617724,0.9999855756759644,1.0,15983
ptt22_trained_motion_detector,ptt22_outer_oof,window,one_vs_rest,1,62,0.0,0.9955876830642133,0.999984622001648,1.0,15983
ptt22_trained_motion_detector,ptt22_outer_oof,window,one_vs_rest,1,63,0.0,0.996057078482914,0.9999834299087524,1.0,15983
ptt22_trained_motion_detector,ptt22_outer_oof,window,one_vs_rest,1,64,0.0,0.9962448366503943,0.9999833106994629,1.0,15983
ptt22_trained_motion_detector,ptt22_outer_oof,window,one_vs_rest,1,65,0.0,0.998028539241457,0.9999719858169556,1.0,15983
ptt22_trained_motion_detector,ptt22_outer_oof,window,one_vs_rest,1,66,0.0,0.9982162974089372,0.999971866607666,1.0,15983
ptt22_trained_motion_detector,ptt22_outer_oof,window,one_vs_rest,1,67,0.0,1.0,0.9998176693916321,1.0,15983
ptt22_trained_motion_detector,ptt22_outer_oof,window,one_vs_rest,1,68,0.051209904333145755,1.0,1.9762321699090535e-06,1.0,15983
ptt22_trained_motion_detector,ptt22_outer_oof,window,one_vs_rest,1,69,0.05158506846745451,1.0,1.9762171632464742e-06,1.0,15983
ptt22_trained_motion_detector,ptt22_outer_oof,window,one_vs_rest,1,70,0.05289814293753517,1.0,1.9758062990149483e-06,1.0,15983
ptt22_trained_motion_detector,ptt22_outer_oof,window,one_vs_rest,1,71,0.05327330707184393,1.0,1.9755877929128474e-06,1.0,15983
ptt22_trained_motion_detector,ptt22_outer_oof,window,one_vs_rest,1,72,0.05777527668354905,1.0,1.974702627194347e-06,1.0,15983
ptt22_trained_motion_detector,ptt22_outer_oof,window,one_vs_rest,1,73,0.058150440817857814,1.0,1.9746460111491615e-06,1.0,15983
ptt22_trained_motion_detector,ptt22_outer_oof,window,one_vs_rest,1,74,0.07371975239167136,1.0,1.972917971215793e-06,1.0,15983
ptt22_trained_motion_detector,ptt22_outer_oof,window,one_vs_rest,1,75,0.07409491652598012,1.0,1.9728879578906344e-06,1.0,15983
ptt22_trained_motion_detector,ptt22_outer_oof,window,one_vs_rest,1,76,0.07709622960045019,1.0,1.9726771824934985e-06,1.0,15983
ptt22_trained_motion_detector,ptt22_outer_oof,window,one_vs_rest,1,77,0.07747139373475896,1.0,1.972673317141016e-06,1.0,15983
ptt22_trained_motion_detector,ptt22_outer_oof,window,one_vs_rest,1,78,0.08216094541361846,1.0,1.972325435417588e-06,1.0,15983
ptt22_trained_motion_detector,ptt22_outer_oof,window,one_vs_rest,1,79,0.08253610954792721,1.0,1.972308609765605e-06,1.0,15983
ptt22_trained_motion_detector,ptt22_outer_oof,window,one_vs_rest,1,80,0.08459951228662539,1.0,1.9722333490790334e-06,1.0,15983
ptt22_trained_motion_detector,ptt22_outer_oof,window,one_vs_rest,1,81,0.08497467642093416,1.0,1.9722051547432784e-06,1.0,15983
ptt22_trained_motion_detector,ptt22_outer_oof,window,one_vs_rest,1,82,0.08591258675670606,1.0,1.972141262740479e-06,1.0,15983
ptt22_trained_motion_detector,ptt22_outer_oof,window,one_vs_rest,1,83,0.08628775089101481,1.0,1.9721317130461102e-06,1.0,15983
ptt22_trained_motion_detector,ptt22_outer_oof,window,one_vs_rest,1,84,0.08722566122678672,1.0,1.9720753243746003e-06,1.0,15983
ptt22_trained_motion_detector,ptt22_outer_oof,window,one_vs_rest,1,85,0.08760082536109548,1.0,1.9720675936696352e-06,1.0,15983
ptt22_trained_motion_detector,ptt22_outer_oof,window,one_vs_rest,1,86,0.08853873569686738,1.0,1.971988922377932e-06,1.0,15983
ptt22_trained_motion_detector,ptt22_outer_oof,window,one_vs_rest,1,87,0.08891389983117615,1.0,1.9719793726835633e-06,1.0,15983
ptt22_trained_motion_detector,ptt22_outer_oof,window,one_vs_rest,1,88,0.09135246670418308,1.0,1.971834535652306e-06,1.0,15983
ptt22_trained_motion_detector,ptt22_outer_oof,window,one_vs_rest,1,89,0.09172763083849184,1.0,1.971830897673499e-06,1.0,15983
ptt22_trained_motion_detector,ptt22_outer_oof,window,one_vs_rest,1,90,0.09416619771149878,1.0,1.9717595023394097e-06,1.0,15983
ptt22_trained_motion_detector,ptt22_outer_oof,window,one_vs_rest,1,91,0.09454136184580754,1.0,1.9717538179975236e-06,1.0,15983
ptt22_trained_motion_detector,ptt22_outer_oof,window,one_vs_rest,1,92,0.09510410804727068,1.0,1.971740630324348e-06,1.0,15983
ptt22_trained_motion_detector,ptt22_outer_oof,window,one_vs_rest,1,93,0.0958544363158882,1.0,1.9717367649718653e-06,1.0,15983
ptt22_trained_motion_detector,ptt22_outer_oof,window,one_vs_rest,1,94,0.09641718251735135,1.0,1.9717142549779965e-06,1.0,15983
ptt22_trained_motion_detector,ptt22_outer_oof,window,one_vs_rest,1,95,0.0967923466516601,1.0,1.9717010673048208e-06,1.0,15983
ptt22_trained_motion_detector,ptt22_outer_oof,window,one_vs_rest,1,96,0.09716751078596886,1.0,1.9716464976227144e-06,1.0,15983
ptt22_trained_motion_detector,ptt22_outer_oof,window,one_vs_rest,1,97,0.09754267492027763,1.0,1.9716162569238804e-06,1.0,15983
ptt22_trained_motion_detector,ptt22_outer_oof,window,one_vs_rest,1,98,0.09941849559182142,1.0,1.971456413230044e-06,1.0,15983
ptt22_trained_motion_detector,ptt22_outer_oof,window,one_vs_rest,1,99,0.09979365972613018,1.0,1.971447318283026e-06,1.0,15983
ptt22_trained_motion_detector,ptt22_outer_oof,window,one_vs_rest,1,100,0.10035640592759332,1.0,1.971419123947271e-06,1.0,15983
ptt22_trained_motion_detector,ptt22_outer_oof,window,one_vs_rest,1,101,0.10110673419621084,1.0,1.9713870642590337e-06,1.0,15983
ptt22_trained_motion_detector,ptt22_outer_oof,window,one_vs_rest,1,102,0.10185706246482837,1.0,1.9713156689249445e-06,1.0,15983
ptt22_trained_motion_detector,ptt22_outer_oof,window,one_vs_rest,1,103,0.10223222659913712,1.0,1.9712929315574e-06,1.0,15983
ptt22_trained_motion_detector,ptt22_outer_oof,window,one_vs_rest,1,104,0.10241980866629151,1.0,1.971289293578593e-06,1.0,15983
ptt22_trained_motion_detector,ptt22_outer_oof,window,one_vs_rest,1,105,0.10279497280060026,1.0,1.9712854282261105e-06,1.0,15983
ptt22_trained_motion_detector,ptt22_outer_oof,window,one_vs_rest,1,106,0.10467079347214406,1.0,1.9711314962478355e-06,1.0,15983
ptt22_trained_motion_detector,ptt22_outer_oof,window,one_vs_rest,1,107,0.10504595760645283,1.0,1.971127630895353e-06,1.0,15983
ptt22_trained_motion_detector,ptt22_outer_oof,window,one_vs_rest,1,108,0.1108610016882386,1.0,1.9707517822098453e-06,1.0,15983
ptt22_trained_motion_detector,ptt22_outer_oof,window,one_vs_rest,1,109,0.11123616582254736,1.0,1.9707479168573627e-06,1.0,15983
ptt22_trained_motion_detector,ptt22_outer_oof,window,one_vs_rest,1,110,0.11742637403864191,1.0,1.9702347344718874e-06,1.0,15983
ptt22_trained_motion_detector,ptt22_outer_oof,window,one_vs_rest,1,111,0.11780153817295066,1.0,1.970232915482484e-06,1.0,15983
ptt22_trained_motion_detector,ptt22_outer_oof,window,one_vs_rest,1,112,0.1277433877321328,1.0,1.969276809177245e-06,1.0,15983
ptt22_trained_motion_detector,ptt22_outer_oof,window,one_vs_rest,1,113,0.12811855186644155,1.0,1.9692524801939726e-06,1.0,15983
ptt22_trained_motion_detector,ptt22_outer_oof,window,one_vs_rest,1,114,0.12943162633652222,1.0,1.9691078705363907e-06,1.0,15983
ptt22_trained_motion_detector,ptt22_outer_oof,window,one_vs_rest,1,115,0.129806790470831,1.0,1.9690949102368904e-06,1.0,15983
ptt22_trained_motion_detector,ptt22_outer_oof,window,one_vs_rest,1,116,0.13468392421684486,1.0,1.9686590349010658e-06,1.0,15983
ptt22_trained_motion_detector,ptt22_outer_oof,window,one_vs_rest,1,117,0.13505908835115363,1.0,1.9686215182446176e-06,1.0,15983
ptt22_trained_motion_detector,ptt22_outer_oof,window,one_vs_rest,1,118,0.13749765522416058,1.0,1.9683286609506467e-06,1.0,15983
ptt22_trained_motion_detector,ptt22_outer_oof,window,one_vs_rest,1,119,0.13787281935846932,1.0,1.9682875063153915e-06,1.0,15983
ptt22_trained_motion_detector,ptt22_outer_oof,window,one_vs_rest,1,120,0.13881072969424124,1.0,1.96821224562882e-06,1.0,15983
ptt22_trained_motion_detector,ptt22_outer_oof,window,one_vs_rest,1,121,0.13918589382854998,1.0,1.9682086076500127e-06,1.0,15983
ptt22_trained_motion_detector,ptt22_outer_oof,window,one_vs_rest,1,122,0.14537610204464455,1.0,1.9677581803989597e-06,1.0,15983
ptt22_trained_motion_detector,ptt22_outer_oof,window,one_vs_rest,1,123,0.1457512661789533,1.0,1.967754315046477e-06,1.0,15983
ptt22_trained_motion_detector,ptt22_outer_oof,window,one_vs_rest,1,124,0.14912774338773213,1.0,1.9675856037792983e-06,1.0,15983
ptt22_trained_motion_detector,ptt22_outer_oof,window,one_vs_rest,1,125,0.1495029075220409,1.0,1.9675817384268157e-06,1.0,15983
ptt22_trained_motion_detector,ptt22_outer_oof,window,one_vs_rest,1,126,0.15006565372350403,1.0,1.9675555904541397e-06,1.0,15983
ptt22_trained_motion_detector,ptt22_outer_oof,window,one_vs_rest,1,127,0.1504408178578128,1.0,1.9675517251016572e-06,1.0,15983
ptt22_trained_motion_detector,ptt22_outer_oof,window,one_vs_rest,1,128,0.1513787281935847,1.0,1.967519892787095e-06,1.0,15983
ptt22_trained_motion_detector,ptt22_outer_oof,window,one_vs_rest,1,129,0.15175389232789346,1.0,1.9675180737976916e-06,1.0,15983
ptt22_trained_motion_detector,ptt22_outer_oof,window,one_vs_rest,1,130,0.15625586193959856,1.0,1.9671763311635004e-06,1.0,15983
ptt22_trained_motion_detector,ptt22_outer_oof,window,one_vs_rest,1,131,0.15663102607390733,1.0,1.9671711015689652e-06,1.0,15983
ptt22_trained_motion_detector,ptt22_outer_oof,window,one_vs_rest,1,132,0.16094541361845807,1.0,1.9669814719236456e-06,1.0,15983
ptt22_trained_motion_detector,ptt22_outer_oof,window,one_vs_rest,1,133,0.16132057775276684,1.0,1.9669701032398734e-06,1.0,15983
ptt22_trained_motion_detector,ptt22_outer_oof,window,one_vs_rest,1,134,0.16207090602138435,1.0,1.966940089914715e-06,1.0,15983
ptt22_trained_motion_detector,ptt22_outer_oof,window,one_vs_rest,1,135,0.16282123429000186,1.0,1.966923264262732e-06,1.0,15983
ptt22_trained_motion_detector,ptt22_outer_oof,window,one_vs_rest,1,136,0.16582254736447197,1.0,1.9667299966386054e-06,1.0,15983
ptt22_trained_motion_detector,ptt22_outer_oof,window,one_vs_rest,1,137,0.1661977114987807,1.0,1.966728177649202e-06,1.0,15983
ptt22_trained_motion_detector,ptt22_outer_oof,window,one_vs_rest,1,138,0.16919902457325078,1.0,1.966623131011147e-06,1.0,15983
ptt22_trained_motion_detector,ptt22_outer_oof,window,one_vs_rest,1,139,0.16994935284186832,1.0,1.9666099433379713e-06,1.0,15983
ptt22_trained_motion_detector,ptt22_outer_oof,window,one_vs_rest,1,140,0.17145000937910335,1.0,1.966529225683189e-06,1.0,15983
ptt22_trained_motion_detector,ptt22_outer_oof,window,one_vs_rest,1,141,0.17220033764772089,1.0,1.9665142190206097e-06,1.0,15983
ptt22_trained_motion_detector,ptt22_outer_oof,window,one_vs_rest,1,142,0.17257550178202963,1.0,1.9665126274048816e-06,1.0,15983
ptt22_trained_motion_detector,ptt22_outer_oof,window,one_vs_rest,1,143,0.1729506659163384,1.0,1.9665048966999166e-06,1.0,15983
ptt22_trained_motion_detector,ptt22_outer_oof,window,one_vs_rest,1,144,0.17332583005064717,1.0,1.9665033050841885e-06,1.0,15983
ptt22_trained_motion_detector,ptt22_outer_oof,window,one_vs_rest,1,145,0.1737009941849559,1.0,1.96649375538982e-06,1.0,15983
ptt22_trained_motion_detector,ptt22_outer_oof,window,one_vs_rest,1,146,0.17407615831926468,1.0,1.9664880710479338e-06,1.0,15983
ptt22_trained_motion_detector,ptt22_outer_oof,window,one_vs_rest,1,147,0.1746389045207278,1.0,1.9664469164126785e-06,1.0,15983
ptt22_trained_motion_detector,ptt22_outer_oof,window,one_vs_rest,1,148,0.17501406865503658,1.0,1.9664355477289064e-06,1.0,15983
ptt22_trained_motion_detector,ptt22_outer_oof,window,one_vs_rest,1,149,0.17595197899080847,1.0,1.9663925741042476e-06,1.0,15983
ptt22_trained_motion_detector,ptt22_outer_oof,window,one_vs_rest,1,150,0.17632714312511724,1.0,1.9663905277411686e-06,1.0,15983
ptt22_trained_motion_detector,ptt22_outer_oof,window,one_vs_rest,1,151,0.17651472519227163,1.0,1.9663868897623615e-06,1.0,15983
ptt22_trained_motion_detector,ptt22_outer_oof,window,one_vs_rest,1,152,0.17688988932658037,1.0,1.966385070772958e-06,1.0,15983
ptt22_trained_motion_detector,ptt22_outer_oof,window,one_vs_rest,1,153,0.17801538172950665,1.0,1.966336412806413e-06,1.0,15983
ptt22_trained_motion_detector,ptt22_outer_oof,window,one_vs_rest,1,154,0.1785781279309698,1.0,1.9663325474539306e-06,1.0,15983
ptt22_trained_motion_detector,ptt22_outer_oof,window,one_vs_rest,1,155,0.17895329206527855,1.0,1.9663175407913513e-06,1.0,15983
ptt22_trained_motion_detector,ptt22_outer_oof,window,one_vs_rest,1,156,0.17932845619958732,1.0,1.9663100374600617e-06,1.0,15983
ptt22_trained_motion_detector,ptt22_outer_oof,window,one_vs_rest,1,157,0.17989120240105047,1.0,1.9662986687762896e-06,1.0,15983
ptt22_trained_motion_detector,ptt22_outer_oof,window,one_vs_rest,1,158,0.1802663665353592,1.0,1.9662893464555964e-06,1.0,15983
ptt22_trained_motion_detector,ptt22_outer_oof,window,one_vs_rest,1,159,0.18082911273682237,1.0,1.9662554677779553e-06,1.0,15983
ptt22_trained_motion_detector,ptt22_outer_oof,window,one_vs_rest,1,160,0.1812042768711311,1.0,1.9662500108097447e-06,1.0,15983
ptt22_trained_motion_detector,ptt22_outer_oof,window,one_vs_rest,1,161,0.1813918589382855,1.0,1.9662479644466657e-06,1.0,15983
ptt22_trained_motion_detector,ptt22_outer_oof,window,one_vs_rest,1,162,0.18176702307259426,1.0,1.966242507478455e-06,1.0,15983
ptt22_trained_motion_detector,ptt22_outer_oof,window,one_vs_rest,1,163,0.18439317201275557,1.0,1.966171112144366e-06,1.0,15983
ptt22_trained_motion_detector,ptt22_outer_oof,window,one_vs_rest,1,164,0.18476833614706434,1.0,1.96616542780248e-06,1.0,15983
ptt22_trained_motion_detector,ptt22_outer_oof,window,one_vs_rest,1,165,0.1851435002813731,1.0,1.9661617898236727e-06,1.0,15983
ptt22_trained_motion_detector,ptt22_outer_oof,window,one_vs_rest,1,166,0.18551866441568185,1.0,1.966159970834269e-06,1.0,15983
ptt22_trained_motion_detector,ptt22_outer_oof,window,one_vs_rest,1,167,0.18683173888576252,1.0,1.9661263195303036e-06,1.0,15983
ptt22_trained_motion_detector,ptt22_outer_oof,window,one_vs_rest,1,168,0.18758206715438003,1.0,1.966118816199014e-06,1.0,15983
ptt22_trained_motion_detector,ptt22_outer_oof,window,one_vs_rest,1,169,0.18945788782592385,1.0,1.9660585621750215e-06,1.0,15983
ptt22_trained_motion_detector,ptt22_outer_oof,window,one_vs_rest,1,170,0.1898330519602326,1.0,1.9660456018755212e-06,1.0,15983
ptt22_trained_motion_detector,ptt22_outer_oof,window,one_vs_rest,1,171,0.19095854436315887,1.0,1.9659948975458974e-06,1.0,15983
ptt22_trained_motion_detector,ptt22_outer_oof,window,one_vs_rest,1,172,0.19152129056462203,1.0,1.965979890883318e-06,1.0,15983
ptt22_trained_motion_detector,ptt22_outer_oof,window,one_vs_rest,1,173,0.19189645469893077,1.0,1.965968522199546e-06,1.0,15983
ptt22_trained_motion_detector,ptt22_outer_oof,window,one_vs_rest,1,174,0.19227161883323954,1.0,1.965948058568756e-06,1.0,15983
ptt22_trained_motion_detector,ptt22_outer_oof,window,one_vs_rest,1,175,0.19414743950478333,1.0,1.965846877283184e-06,1.0,15983
ptt22_trained_motion_detector,ptt22_outer_oof,window,one_vs_rest,1,176,0.19471018570624649,1.0,1.9658261862787185e-06,1.0,15983
ptt22_trained_motion_detector,ptt22_outer_oof,window,one_vs_rest,1,177,0.1952729319077096,1.0,1.9658000383060426e-06,1.0,15983
ptt22_trained_motion_detector,ptt22_outer_oof,window,one_vs_rest,1,178,0.19583567810917277,1.0,1.96579617295356e-06,1.0,15983
ptt22_trained_motion_detector,ptt22_outer_oof,window,one_vs_rest,1,179,0.1963984243106359,1.0,1.9657793473015772e-06,1.0,15983
ptt22_trained_motion_detector,ptt22_outer_oof,window,one_vs_rest,1,180,0.19677358844494466,1.0,1.965773662959691e-06,1.0,15983
ptt22_trained_motion_detector,ptt22_outer_oof,window,one_vs_rest,1,181,0.19714875257925343,1.0,1.965764340638998e-06,1.0,15983
ptt22_trained_motion_detector,ptt22_outer_oof,window,one_vs_rest,1,182,0.19771149878071656,1.0,1.9657625216495944e-06,1.0,15983
ptt22_trained_motion_detector,ptt22_outer_oof,window,one_vs_rest,1,183,0.19827424498217971,1.0,1.9657513803394977e-06,1.0,15983
ptt22_trained_motion_detector,ptt22_outer_oof,window,one_vs_rest,1,184,0.199399737385106,1.0,1.9657400116557255e-06,1.0,15983
ptt22_trained_motion_detector,ptt22_outer_oof,window,one_vs_rest,1,185,0.2003376477208779,1.0,1.9656968106573913e-06,1.0,15983
ptt22_trained_motion_detector,ptt22_outer_oof,window,one_vs_rest,1,186,0.20071281185518663,1.0,1.9656911263155052e-06,1.0,15983
ptt22_trained_motion_detector,ptt22_outer_oof,window,one_vs_rest,1,187,0.2010879759894954,1.0,1.9656836229842156e-06,1.0,15983
ptt22_trained_motion_detector,ptt22_outer_oof,window,one_vs_rest,1,188,0.20146314012380417,1.0,1.965681803994812e-06,1.0,15983
ptt22_trained_motion_detector,ptt22_outer_oof,window,one_vs_rest,1,189,0.2020258863252673,1.0,1.9656649783428293e-06,1.0,15983
ptt22_trained_motion_detector,ptt22_outer_oof,window,one_vs_rest,1,190,0.20240105045957607,1.0,1.965661340364022e-06,1.0,15983
ptt22_trained_motion_detector,ptt22_outer_oof,window,one_vs_rest,1,191,0.2029637966610392,1.0,1.965640649359557e-06,1.0,15983
ptt22_trained_motion_detector,ptt22_outer_oof,window,one_vs_rest,1,192,0.20333896079534797,1.0,1.9656313270388637e-06,1.0,15983
ptt22_trained_motion_detector,ptt22_outer_oof,window,one_vs_rest,1,193,0.2076533483398987,1.0,1.9654419247672195e-06,1.0,15983
ptt22_trained_motion_detector,ptt22_outer_oof,window,one_vs_rest,1,194,0.20802851247420748,1.0,1.9654362404253334e-06,1.0,15983
ptt22_trained_motion_detector,ptt22_outer_oof,window,one_vs_rest,1,195,0.20971675107859689,1.0,1.965353931154823e-06,1.0,15983
ptt22_trained_motion_detector,ptt22_outer_oof,window,one_vs_rest,1,196,0.21009191521290566,1.0,1.9653500658023404e-06,1.0,15983
ptt22_trained_motion_detector,ptt22_outer_oof,window,one_vs_rest,1,197,0.21196773588444945,1.0,1.9652582068374613e-06,1.0,15983
ptt22_trained_motion_detector,ptt22_outer_oof,window,one_vs_rest,1,198,0.21234290001875822,1.0,1.9652527498692507e-06,1.0,15983
ptt22_trained_motion_detector,ptt22_outer_oof,window,one_vs_rest,1,199,0.21290564622022135,1.0,1.96521136786032e-06,1.0,15983
ptt22_trained_motion_detector,ptt22_outer_oof,window,one_vs_rest,1,200,0.21328081035453011,1.0,1.965207729881513e-06,1.0,15983
ptt22_trained_motion_detector,ptt22_outer_oof,window,one_vs_rest,1,201,0.214218720690302,1.0,1.9651813545351615e-06,1.0,15983
ptt22_trained_motion_detector,ptt22_outer_oof,window,one_vs_rest,1,202,0.21459388482461078,1.0,1.965173851203872e-06,1.0,15983
ptt22_trained_motion_detector,ptt22_outer_oof,window,one_vs_rest,1,203,0.21646970549615457,1.0,1.9649883142847102e-06,1.0,15983
ptt22_trained_motion_detector,ptt22_outer_oof,window,one_vs_rest,1,204,0.21684486963046332,1.0,1.964978991964017e-06,1.0,15983
ptt22_trained_motion_detector,ptt22_outer_oof,window,one_vs_rest,1,205,0.21740761583192647,1.0,1.964958528333227e-06,1.0,15983
ptt22_trained_motion_detector,ptt22_outer_oof,window,one_vs_rest,1,206,0.21815794410054398,1.0,1.9649264686449897e-06,1.0,15983
ptt22_trained_motion_detector,ptt22_outer_oof,window,one_vs_rest,1,207,0.21834552616769837,1.0,1.964924649655586e-06,1.0,15983
ptt22_trained_motion_detector,ptt22_outer_oof,window,one_vs_rest,1,208,0.21872069030200714,1.0,1.964911689356086e-06,1.0,15983
ptt22_trained_motion_detector,ptt22_outer_oof,window,one_vs_rest,1,209,0.223597824048021,1.0,1.9646493001346244e-06,1.0,15983
ptt22_trained_motion_detector,ptt22_outer_oof,window,one_vs_rest,1,210,0.22397298818232977,1.0,1.9646079181256937e-06,1.0,15983
ptt22_trained_motion_detector,ptt22_outer_oof,window,one_vs_rest,1,211,0.24929656724817106,1.0,1.6214831930483342e-06,1.0,15983
ptt22_trained_motion_detector,ptt22_outer_oof,window,one_vs_rest,1,212,0.24967173138247983,1.0,1.620705688765156e-06,1.0,15983
ptt22_trained_motion_detector,ptt22_outer_oof,window,one_vs_rest,1,213,0.25998874507597075,1.0,1.5959426491463091e-06,1.0,15983
ptt22_trained_motion_detector,ptt22_outer_oof,window,one_vs_rest,1,214,0.2603639092102795,1.0,1.5955713479343103e-06,1.0,15983
ptt22_trained_motion_detector,ptt22_outer_oof,window,one_vs_rest,1,215,0.28606265241042955,1.0,1.5756834272906417e-06,1.0,15983
ptt22_trained_motion_detector,ptt22_outer_oof,window,one_vs_rest,1,216,0.2864378165447383,1.0,1.575680471432861e-06,1.0,15983
ptt22_trained_motion_detector,ptt22_outer_oof,window,one_vs_rest,1,217,0.3005064715813168,1.0,1.572169594510342e-06,1.0,15983
ptt22_trained_motion_detector,ptt22_outer_oof,window,one_vs_rest,1,218,0.3008816357156256,1.0,1.5721681165814516e-06,1.0,15983
ptt22_trained_motion_detector,ptt22_outer_oof,window,one_vs_rest,1,219,0.3016319639842431,1.0,1.5720571582278353e-06,1.0,15983
ptt22_trained_motion_detector,ptt22_outer_oof,window,one_vs_rest,1,220,0.30200712811855185,1.0,1.5720243027317338e-06,1.0,15983
ptt22_trained_motion_detector,ptt22_outer_oof,window,one_vs_rest,1,221,0.3036953667229413,1.0,1.571919256093679e-06,1.0,15983
ptt22_trained_motion_detector,ptt22_outer_oof,window,one_vs_rest,1,222,0.30407053085725005,1.0,1.5718892427685205e-06,1.0,15983
ptt22_trained_motion_detector,ptt22_outer_oof,window,one_vs_rest,1,223,0.3066966797974114,1.0,1.571592520122067e-06,1.0,15983
ptt22_trained_motion_detector,ptt22_outer_oof,window,one_vs_rest,1,224,0.3070718439317201,1.0,1.5715789913883782e-06,1.0,15983
ptt22_trained_motion_detector,ptt22_outer_oof,window,one_vs_rest,1,225,0.3147627086850497,1.0,1.5709151739429217e-06,1.0,15983
ptt22_trained_motion_detector,ptt22_outer_oof,window,one_vs_rest,1,226,0.3155130369536672,1.0,1.570912218085141e-06,1.0,15983
ptt22_trained_motion_detector,ptt22_outer_oof,window,one_vs_rest,1,227,0.3183267679609829,1.0,1.5706531257819734e-06,1.0,15983
ptt22_trained_motion_detector,ptt22_outer_oof,window,one_vs_rest,1,228,0.3187019320952917,1.0,1.5706484646216268e-06,1.0,15983
ptt22_trained_motion_detector,ptt22_outer_oof,window,one_vs_rest,1,229,0.32376664790845994,1.0,1.5703101325925672e-06,1.0,15983
ptt22_trained_motion_detector,ptt22_outer_oof,window,one_vs_rest,1,230,0.3241418120427687,1.0,1.5702831888120272e-06,1.0,15983
ptt22_trained_motion_detector,ptt22_outer_oof,window,one_vs_rest,1,231,0.3262052147814669,1.0,1.5701634765719064e-06,1.0,15983
ptt22_trained_motion_detector,ptt22_outer_oof,window,one_vs_rest,1,232,0.3265803789157756,1.0,1.5701617712693405e-06,1.0,15983
ptt22_trained_motion_detector,ptt22_outer_oof,window,one_vs_rest,1,233,0.3275182892515476,1.0,1.5701003803769709e-06,1.0,15983
ptt22_trained_motion_detector,ptt22_outer_oof,window,one_vs_rest,1,234,0.3278934533858563,1.0,1.5700975382060278e-06,1.0,15983
ptt22_trained_motion_detector,ptt22_outer_oof,window,one_vs_rest,1,235,0.3290189457887826,1.0,1.5700286439823685e-06,1.0,15983
ptt22_trained_motion_detector,ptt22_outer_oof,window,one_vs_rest,1,236,0.32939410992309137,1.0,1.5700226185799693e-06,1.0,15983
ptt22_trained_motion_detector,ptt22_outer_oof,window,one_vs_rest,1,237,0.3314575126617895,1.0,1.5699179130024277e-06,1.0,15983
ptt22_trained_motion_detector,ptt22_outer_oof,window,one_vs_rest,1,238,0.3318326767960983,1.0,1.5699027926530107e-06,1.0,15983
ptt22_trained_motion_detector,ptt22_outer_oof,window,one_vs_rest,1,239,0.3335209154004877,1.0,1.5697904700573417e-06,1.0,15983
ptt22_trained_motion_detector,ptt22_outer_oof,window,one_vs_rest,1,240,0.3338960795347965,1.0,1.569787514199561e-06,1.0,15983
ptt22_trained_motion_detector,ptt22_outer_oof,window,one_vs_rest,1,241,0.3353967360720315,1.0,1.5696811033194535e-06,1.0,15983
ptt22_trained_motion_detector,ptt22_outer_oof,window,one_vs_rest,1,242,0.3357719002063403,1.0,1.5696782611485105e-06,1.0,15983
ptt22_trained_motion_detector,ptt22_outer_oof,window,one_vs_rest,1,243,0.3363346464078034,1.0,1.5696481341365143e-06,1.0,15983
ptt22_trained_motion_detector,ptt22_outer_oof,window,one_vs_rest,1,244,0.3367098105421122,1.0,1.5696439277235186e-06,1.0,15983
ptt22_trained_motion_detector,ptt22_outer_oof,window,one_vs_rest,1,245,0.3376477208778841,1.0,1.5696138007115223e-06,1.0,15983
ptt22_trained_motion_detector,ptt22_outer_oof,window,one_vs_rest,1,246,0.33802288501219285,1.0,1.5696018635935616e-06,1.0,15983
ptt22_trained_motion_detector,ptt22_outer_oof,window,one_vs_rest,1,247,0.3382104670793472,1.0,1.569600499351509e-06,1.0,15983
ptt22_trained_motion_detector,ptt22_outer_oof,window,one_vs_rest,1,248,0.338585631213656,1.0,1.5695973161200527e-06,1.0,15983
ptt22_trained_motion_detector,ptt22_outer_oof,window,one_vs_rest,1,249,0.33971112361658223,1.0,1.5695570709794993e-06,1.0,15983
ptt22_trained_motion_detector,ptt22_outer_oof,window,one_vs_rest,1,250,0.340086287750891,1.0,1.5695525235059904e-06,1.0,15983
ptt22_trained_motion_detector,ptt22_outer_oof,window,one_vs_rest,1,251,0.34083661601950854,1.0,1.5695180763941607e-06,1.0,15983
ptt22_trained_motion_detector,ptt22_outer_oof,window,one_vs_rest,1,252,0.34139936222097167,1.0,1.569516712152108e-06,1.0,15983
ptt22_trained_motion_detector,ptt22_outer_oof,window,one_vs_rest,1,253,0.34665166010129433,1.0,1.5693534578531398e-06,1.0,15983
ptt22_trained_motion_detector,ptt22_outer_oof,window,one_vs_rest,1,254,0.3470268242356031,1.0,1.5693490240664687e-06,1.0,15983
ptt22_trained_motion_detector,ptt22_outer_oof,window,one_vs_rest,1,255,0.34758957043706623,1.0,1.5693279920014902e-06,1.0,15983
ptt22_trained_motion_detector,ptt22_outer_oof,window,one_vs_rest,1,256,0.347964734571375,1.0,1.5693250361437094e-06,1.0,15983
ptt22_trained_motion_detector,ptt22_outer_oof,window,one_vs_rest,1,257,0.3483398987056837,1.0,1.5693176464992575e-06,1.0,15983
ptt22_trained_motion_detector,ptt22_outer_oof,window,one_vs_rest,1,258,0.3487150628399925,1.0,1.569310143167968e-06,1.0,15983
ptt22_trained_motion_detector,ptt22_outer_oof,window,one_vs_rest,1,259,0.3492778090414556,1.0,1.5692889974161517e-06,1.0,15983
ptt22_trained_motion_detector,ptt22_outer_oof,window,one_vs_rest,1,260,0.3496529731757644,1.0,1.5692816077716998e-06,1.0,15983
ptt22_trained_motion_detector,ptt22_outer_oof,window,one_vs_rest,1,261,0.35096604764584505,1.0,1.5692620536356117e-06,1.0,15983
ptt22_trained_motion_detector,ptt22_outer_oof,window,one_vs_rest,1,262,0.3513412117801538,1.0,1.5692442048020894e-06,1.0,15983
ptt22_trained_motion_detector,ptt22_outer_oof,window,one_vs_rest,1,263,0.3517163759144626,1.0,1.5692367014707997e-06,1.0,15983
ptt22_trained_motion_detector,ptt22_outer_oof,window,one_vs_rest,1,264,0.35209154004877136,1.0,1.569233745613019e-06,1.0,15983
ptt22_trained_motion_detector,ptt22_outer_oof,window,one_vs_rest,1,265,0.3526542862502345,1.0,1.5692128272348782e-06,1.0,15983
ptt22_trained_motion_detector,ptt22_outer_oof,window,one_vs_rest,1,266,0.35302945038454325,1.0,1.56921123561915e-06,1.0,15983
ptt22_trained_motion_detector,ptt22_outer_oof,window,one_vs_rest,1,267,0.3532170324516976,1.0,1.5692081660745316e-06,1.0,15983
ptt22_trained_motion_detector,ptt22_outer_oof,window,one_vs_rest,1,268,0.35396736072031515,1.0,1.5691933867856278e-06,1.0,15983
ptt22_trained_motion_detector,ptt22_outer_oof,window,one_vs_rest,1,269,0.3560307634590133,1.0,1.5691423413954908e-06,1.0,15983
ptt22_trained_motion_detector,ptt22_outer_oof,window,one_vs_rest,1,270,0.35640592759332207,1.0,1.5691380212956574e-06,1.0,15983
ptt22_trained_motion_detector,ptt22_outer_oof,window,one_vs_rest,1,271,0.3569686737947852,1.0,1.5691110775151174e-06,1.0,15983
ptt22_trained_motion_detector,ptt22_outer_oof,window,one_vs_rest,1,272,0.35734383792909397,1.0,1.5691080079704989e-06,1.0,15983
ptt22_trained_motion_detector,ptt22_outer_oof,window,one_vs_rest,1,273,0.35828174826486586,1.0,1.569087089592358e-06,1.0,15983
ptt22_trained_motion_detector,ptt22_outer_oof,window,one_vs_rest,1,274,0.35865691239917463,1.0,1.5690810641899589e-06,1.0,15983
ptt22_trained_motion_detector,ptt22_outer_oof,window,one_vs_rest,1,275,0.35978240480210094,1.0,1.5690526424805284e-06,1.0,15983
ptt22_trained_motion_detector,ptt22_outer_oof,window,one_vs_rest,1,276,0.36034515100356407,1.0,1.56904059167573e-06,1.0,15983
ptt22_trained_motion_detector,ptt22_outer_oof,window,one_vs_rest,1,277,0.3614706434064903,1.0,1.5690047803218476e-06,1.0,15983
ptt22_trained_motion_detector,ptt22_outer_oof,window,one_vs_rest,1,278,0.36222097167510786,1.0,1.5689898873461061e-06,1.0,15983
ptt22_trained_motion_detector,ptt22_outer_oof,window,one_vs_rest,1,279,0.3635340461451885,1.0,1.5689463452872587e-06,1.0,15983
ptt22_trained_motion_detector,ptt22_outer_oof,window,one_vs_rest,1,280,0.3639092102794973,1.0,1.5689420251874253e-06,1.0,15983
ptt22_trained_motion_detector,ptt22_outer_oof,window,one_vs_rest,1,281,0.36503470268242355,1.0,1.5689015526731964e-06,1.0,15983
ptt22_trained_motion_detector,ptt22_outer_oof,window,one_vs_rest,1,282,0.3654098668167323,1.0,1.5688940493419068e-06,1.0,15983
ptt22_trained_motion_detector,ptt22_outer_oof,window,one_vs_rest,1,283,0.36597261301819545,1.0,1.5688819985371083e-06,1.0,15983
ptt22_trained_motion_detector,ptt22_outer_oof,window,one_vs_rest,1,284,0.3663477771525042,1.0,1.5688701751059853e-06,1.0,15983
ptt22_trained_motion_detector,ptt22_outer_oof,window,one_vs_rest,1,285,0.3676608516225849,1.0,1.5688267467339756e-06,1.0,15983
ptt22_trained_motion_detector,ptt22_outer_oof,window,one_vs_rest,1,286,0.36803601575689365,1.0,1.5688221992604667e-06,1.0,15983
ptt22_trained_motion_detector,ptt22_outer_oof,window,one_vs_rest,1,287,0.36878634402551114,1.0,1.5688103758293437e-06,1.0,15983
ptt22_trained_motion_detector,ptt22_outer_oof,window,one_vs_rest,1,288,0.3691615081598199,1.0,1.568805714668997e-06,1.0,15983
ptt22_trained_motion_detector,ptt22_outer_oof,window,one_vs_rest,1,289,0.37084974676420934,1.0,1.5687683116993867e-06,1.0,15983
ptt22_trained_motion_detector,ptt22_outer_oof,window,one_vs_rest,1,290,0.37141249296567247,1.0,1.568765355841606e-06,1.0,15983
ptt22_trained_motion_detector,ptt22_outer_oof,window,one_vs_rest,1,291,0.37178765709998124,1.0,1.5687534187236452e-06,1.0,15983
ptt22_trained_motion_detector,ptt22_outer_oof,window,one_vs_rest,1,292,0.3731007315700619,1.0,1.5687264749431051e-06,1.0,15983
ptt22_trained_motion_detector,ptt22_outer_oof,window,one_vs_rest,1,293,0.37385105983867944,1.0,1.5687204495407059e-06,1.0,15983
ptt22_trained_motion_detector,ptt22_outer_oof,window,one_vs_rest,1,294,0.3749765522416057,1.0,1.5686845244999859e-06,1.0,15983
ptt22_trained_motion_detector,ptt22_outer_oof,window,one_vs_rest,1,295,0.37535171637591447,1.0,1.5686831602579332e-06,1.0,15983
ptt22_trained_motion_detector,ptt22_outer_oof,window,one_vs_rest,1,296,0.3764772087788407,1.0,1.5686666756664636e-06,1.0,15983
ptt22_trained_motion_detector,ptt22_outer_oof,window,one_vs_rest,1,297,0.3770399549803039,1.0,1.568663606121845e-06,1.0,15983
ptt22_trained_motion_detector,ptt22_outer_oof,window,one_vs_rest,1,298,0.3774151191146126,1.0,1.5686487131461035e-06,1.0,15983
ptt22_trained_motion_detector,ptt22_outer_oof,window,one_vs_rest,1,299,0.3779778653160758,1.0,1.568645643601485e-06,1.0,15983
ptt22_trained_motion_detector,ptt22_outer_oof,window,one_vs_rest,1,300,0.37929093978615647,1.0,1.568609718560765e-06,1.0,15983
ptt22_trained_motion_detector,ptt22_outer_oof,window,one_vs_rest,1,301,0.3796661039204652,1.0,1.5686066490161465e-06,1.0,15983
ptt22_trained_motion_detector,ptt22_outer_oof,window,one_vs_rest,1,302,0.38004126805477395,1.0,1.5685992593716946e-06,1.0,15983
ptt22_trained_motion_detector,ptt22_outer_oof,window,one_vs_rest,1,303,0.3807915963233915,1.0,1.5685977814428043e-06,1.0,15983
ptt22_trained_motion_detector,ptt22_outer_oof,window,one_vs_rest,1,304,0.38116676045770026,1.0,1.5685812968513346e-06,1.0,15983
ptt22_trained_motion_detector,ptt22_outer_oof,window,one_vs_rest,1,305,0.3817295066591634,1.0,1.568579932609282e-06,1.0,15983
ptt22_trained_motion_detector,ptt22_outer_oof,window,one_vs_rest,1,306,0.38641905833802287,1.0,1.56846476784267e-06,1.0,15983
ptt22_trained_motion_detector,ptt22_outer_oof,window,one_vs_rest,1,307,0.38679422247233164,1.0,1.5684559002693277e-06,1.0,15983
ptt22_trained_motion_detector,ptt22_outer_oof,window,one_vs_rest,1,308,0.38773213280810354,1.0,1.5684152003814233e-06,1.0,15983
ptt22_trained_motion_detector,ptt22_outer_oof,window,one_vs_rest,1,309,0.3881072969424123,1.0,1.5684123582104803e-06,1.0,15983
ptt22_trained_motion_detector,ptt22_outer_oof,window,one_vs_rest,1,310,0.38885762521102984,1.0,1.5683854144299403e-06,1.0,15983
ptt22_trained_motion_detector,ptt22_outer_oof,window,one_vs_rest,1,311,0.38923278934533856,1.0,1.5683840501878876e-06,1.0,15983
ptt22_trained_motion_detector,ptt22_outer_oof,window,one_vs_rest,1,312,0.39129619208403676,1.0,1.568325501466461e-06,1.0,15983
ptt22_trained_motion_detector,ptt22_outer_oof,window,one_vs_rest,1,313,0.3918589382854999,1.0,1.568316520206281e-06,1.0,15983
ptt22_trained_motion_detector,ptt22_outer_oof,window,one_vs_rest,1,314,0.3924216844869631,1.0,1.5683076526329387e-06,1.0,15983
ptt22_trained_motion_detector,ptt22_outer_oof,window,one_vs_rest,1,315,0.3935471768898893,1.0,1.5682866205679602e-06,1.0,15983
ptt22_trained_motion_detector,ptt22_outer_oof,window,one_vs_rest,1,316,0.3937347589570437,1.0,1.5682792309235083e-06,1.0,15983
ptt22_trained_motion_detector,ptt22_outer_oof,window,one_vs_rest,1,317,0.3944850872256612,1.0,1.5682776393077802e-06,1.0,15983
ptt22_trained_motion_detector,ptt22_outer_oof,window,one_vs_rest,1,318,0.39504783342712435,1.0,1.5682643379477668e-06,1.0,15983
ptt22_trained_motion_detector,ptt22_outer_oof,window,one_vs_rest,1,319,0.3954229975614331,1.0,1.5682627463320387e-06,1.0,15983
ptt22_trained_motion_detector,ptt22_outer_oof,window,one_vs_rest,1,320,0.39692365409866814,1.0,1.5682329603805556e-06,1.0,15983
ptt22_trained_motion_detector,ptt22_outer_oof,window,one_vs_rest,1,321,0.3972988182329769,1.0,1.568228299220209e-06,1.0,15983
ptt22_trained_motion_detector,ptt22_outer_oof,window,one_vs_rest,1,322,0.40105045957606456,1.0,1.568120524098049e-06,1.0,15983
ptt22_trained_motion_detector,ptt22_outer_oof,window,one_vs_rest,1,323,0.40142562371037327,1.0,1.5681163176850532e-06,1.0,15983
ptt22_trained_motion_detector,ptt22_outer_oof,window,one_vs_rest,1,324,0.40236353404614517,1.0,1.5680892602176755e-06,1.0,15983
ptt22_trained_motion_detector,ptt22_outer_oof,window,one_vs_rest,1,325,0.40273869818045394,1.0,1.5680802789574955e-06,1.0,15983
ptt22_trained_motion_detector,ptt22_outer_oof,window,one_vs_rest,1,326,0.4031138623147627,1.0,1.568069819768425e-06,1.0,15983
ptt22_trained_motion_detector,ptt22_outer_oof,window,one_vs_rest,1,327,0.4034890264490715,1.0,1.568066977597482e-06,1.0,15983
ptt22_trained_motion_detector,ptt22_outer_oof,window,one_vs_rest,1,328,0.404239354717689,1.0,1.5680429896747228e-06,1.0,15983
ptt22_trained_motion_detector,ptt22_outer_oof,window,one_vs_rest,1,329,0.40480210091915214,1.0,1.5680385558880516e-06,1.0,15983
ptt22_trained_motion_detector,ptt22_outer_oof,window,one_vs_rest,1,330,0.4049896829863065,1.0,1.5680324167988147e-06,1.0,15983
ptt22_trained_motion_detector,ptt22_outer_oof,window,one_vs_rest,1,331,0.40536484712061527,1.0,1.5680280966989812e-06,1.0,15983
ptt22_trained_motion_detector,ptt22_outer_oof,window,one_vs_rest,1,332,0.4064903395235415,1.0,1.5679905800425331e-06,1.0,15983
ptt22_trained_motion_detector,ptt22_outer_oof,window,one_vs_rest,1,333,0.4068655036578503,1.0,1.5679845546401339e-06,1.0,15983
ptt22_trained_motion_detector,ptt22_outer_oof,window,one_vs_rest,1,334,0.40911648846370285,1.0,1.5679307807658915e-06,1.0,15983
ptt22_trained_motion_detector,ptt22_outer_oof,window,one_vs_rest,1,335,0.4098668167323204,1.0,1.5679157741033123e-06,1.0,15983
ptt22_trained_motion_detector,ptt22_outer_oof,window,one_vs_rest,1,336,0.41024198086662916,1.0,1.5679039506721892e-06,1.0,15983
ptt22_trained_motion_detector,ptt22_outer_oof,window,one_vs_rest,1,337,0.4108047270680923,1.0,1.5679023590564611e-06,1.0,15983
ptt22_trained_motion_detector,ptt22_outer_oof,window,one_vs_rest,1,338,0.41193021947101854,1.0,1.5678739373470307e-06,1.0,15983
ptt22_trained_motion_detector,ptt22_outer_oof,window,one_vs_rest,1,339,0.4123053836053273,1.0,1.56787098148925e-06,1.0,15983
ptt22_trained_motion_detector,ptt22_outer_oof,window,one_vs_rest,1,340,0.4147439504783343,1.0,1.5678066347390995e-06,1.0,15983
ptt22_trained_motion_detector,ptt22_outer_oof,window,one_vs_rest,1,341,0.41511911461264306,1.0,1.5678051568102092e-06,1.0,15983
ptt22_trained_motion_detector,ptt22_outer_oof,window,one_vs_rest,1,342,0.41586944288126054,1.0,1.567791741763358e-06,1.0,15983
ptt22_trained_motion_detector,ptt22_outer_oof,window,one_vs_rest,1,343,0.4162446070155693,1.0,1.5677902638344676e-06,1.0,15983
ptt22_trained_motion_detector,ptt22_outer_oof,window,one_vs_rest,1,344,0.4201838304258113,1.0,1.567667595736566e-06,1.0,15983
ptt22_trained_motion_detector,ptt22_outer_oof,window,one_vs_rest,1,345,0.42055899456012,1.0,1.5676645261919475e-06,1.0,15983
ptt22_trained_motion_detector,ptt22_outer_oof,window,one_vs_rest,1,346,0.4209341586944288,1.0,1.5676616840210045e-06,1.0,15983
ptt22_trained_motion_detector,ptt22_outer_oof,window,one_vs_rest,1,347,0.42130932282873756,1.0,1.5676587281632237e-06,1.0,15983
ptt22_trained_motion_detector,ptt22_outer_oof,window,one_vs_rest,1,348,0.4218720690302007,1.0,1.5676451994295348e-06,1.0,15983
ptt22_trained_motion_detector,ptt22_outer_oof,window,one_vs_rest,1,349,0.42262239729881823,1.0,1.5676376960982452e-06,1.0,15983
ptt22_trained_motion_detector,ptt22_outer_oof,window,one_vs_rest,1,350,0.42412305383605325,1.0,1.5675914255552925e-06,1.0,15983
ptt22_trained_motion_detector,ptt22_outer_oof,window,one_vs_rest,1,351,0.424498217970362,1.0,1.5675868780817837e-06,1.0,15983
ptt22_trained_motion_detector,ptt22_outer_oof,window,one_vs_rest,1,352,0.4254361283061339,1.0,1.5675750546506606e-06,1.0,15983
ptt22_trained_motion_detector,ptt22_outer_oof,window,one_vs_rest,1,353,0.4258112924404427,1.0,1.5675689155614236e-06,1.0,15983
ptt22_trained_motion_detector,ptt22_outer_oof,window,one_vs_rest,1,354,0.4263740386419058,1.0,1.5675404938519932e-06,1.0,15983
ptt22_trained_motion_detector,ptt22_outer_oof,window,one_vs_rest,1,355,0.4267492027762146,1.0,1.5675391296099406e-06,1.0,15983
ptt22_trained_motion_detector,ptt22_outer_oof,window,one_vs_rest,1,356,0.42806227724629525,1.0,1.567486719977751e-06,1.0,15983
ptt22_trained_motion_detector,ptt22_outer_oof,window,one_vs_rest,1,357,0.428437441380604,1.0,1.5674806945753517e-06,1.0,15983
ptt22_trained_motion_detector,ptt22_outer_oof,window,one_vs_rest,1,358,0.4297505158506847,1.0,1.5674210089855478e-06,1.0,15983
ptt22_trained_motion_detector,ptt22_outer_oof,window,one_vs_rest,1,359,0.4305008441193022,1.0,1.5674105497964774e-06,1.0,15983
ptt22_trained_motion_detector,ptt22_outer_oof,window,one_vs_rest,1,360,0.43106359032076536,1.0,1.5674045243940782e-06,1.0,15983
ptt22_trained_motion_detector,ptt22_outer_oof,window,one_vs_rest,1,361,0.4316263365222285,1.0,1.567391109347227e-06,1.0,15983
ptt22_trained_motion_detector,ptt22_outer_oof,window,one_vs_rest,1,362,0.43200150065653725,1.0,1.5673881534894463e-06,1.0,15983
ptt22_trained_motion_detector,ptt22_outer_oof,window,one_vs_rest,1,363,0.432376664790846,1.0,1.5673775806135382e-06,1.0,15983
ptt22_trained_motion_detector,ptt22_outer_oof,window,one_vs_rest,1,364,0.43293941099230915,1.0,1.5673671214244678e-06,1.0,15983
ptt22_trained_motion_detector,ptt22_outer_oof,window,one_vs_rest,1,365,0.4335021571937723,1.0,1.5673626876377966e-06,1.0,15983
ptt22_trained_motion_detector,ptt22_outer_oof,window,one_vs_rest,1,366,0.43387732132808104,1.0,1.567353592690779e-06,1.0,15983
ptt22_trained_motion_detector,ptt22_outer_oof,window,one_vs_rest,1,367,0.4342524854623898,1.0,1.567346203046327e-06,1.0,15983
ptt22_trained_motion_detector,ptt22_outer_oof,window,one_vs_rest,1,368,0.43462764959669853,1.0,1.5673447251174366e-06,1.0,15983
ptt22_trained_motion_detector,ptt22_outer_oof,window,one_vs_rest,1,369,0.4351903957981617,1.0,1.5673373354729847e-06,1.0,15983
ptt22_trained_motion_detector,ptt22_outer_oof,window,one_vs_rest,1,370,0.4355655599324705,1.0,1.5673268762839143e-06,1.0,15983
ptt22_trained_motion_detector,ptt22_outer_oof,window,one_vs_rest,1,371,0.43819170887263176,1.0,1.5672610516048735e-06,1.0,15983
ptt22_trained_motion_detector,ptt22_outer_oof,window,one_vs_rest,1,372,0.4385668730069405,1.0,1.5672580957470927e-06,1.0,15983
ptt22_trained_motion_detector,ptt22_outer_oof,window,one_vs_rest,1,373,0.4432564246858,1.0,1.5670892707930761e-06,1.0,15983
ptt22_trained_motion_detector,ptt22_outer_oof,window,one_vs_rest,1,374,0.4436315888201088,1.0,1.567063577567751e-06,1.0,15983
ptt22_trained_motion_detector,ptt22_outer_oof,window,one_vs_rest,1,375,0.44794597636465955,1.0,1.5668350670239306e-06,1.0,15983
ptt22_trained_motion_detector,ptt22_outer_oof,window,one_vs_rest,1,376,0.4483211404989683,1.0,1.566829155308369e-06,1.0,15983
ptt22_trained_motion_detector,ptt22_outer_oof,window,one_vs_rest,1,377,0.4509472894391296,1.0,1.566747073411534e-06,1.0,15983
ptt22_trained_motion_detector,ptt22_outer_oof,window,one_vs_rest,1,378,0.45132245357343836,1.0,1.566745481795806e-06,1.0,15983
ptt22_trained_motion_detector,ptt22_outer_oof,window,one_vs_rest,1,379,0.4558244231851435,1.0,1.5665974615330924e-06,1.0,15983
ptt22_trained_motion_detector,ptt22_outer_oof,window,one_vs_rest,1,380,0.45619958731945226,1.0,1.5665930277464213e-06,1.0,15983
ptt22_trained_motion_detector,ptt22_outer_oof,window,one_vs_rest,1,381,0.4577002438566873,1.0,1.5665438013456878e-06,1.0,15983
ptt22_trained_motion_detector,ptt22_outer_oof,window,one_vs_rest,1,382,0.45807540799099605,1.0,1.5665377759432886e-06,1.0,15983
ptt22_trained_motion_detector,ptt22_outer_oof,window,one_vs_rest,1,383,0.45901331832676795,1.0,1.566513901707367e-06,1.0,15983
ptt22_trained_motion_detector,ptt22_outer_oof,window,one_vs_rest,1,384,0.4595760645282311,1.0,1.5665050341340248e-06,1.0,15983
ptt22_trained_motion_detector,ptt22_outer_oof,window,one_vs_rest,1,385,0.4603263927968486,1.0,1.566495939187007e-06,1.0,15983
ptt22_trained_motion_detector,ptt22_outer_oof,window,one_vs_rest,1,386,0.46051397486400303,1.0,1.5664826378269936e-06,1.0,15983
ptt22_trained_motion_detector,ptt22_outer_oof,window,one_vs_rest,1,387,0.46088913899831174,1.0,1.566477976666647e-06,1.0,15983
ptt22_trained_motion_detector,ptt22_outer_oof,window,one_vs_rest,1,388,0.46445319827424497,1.0,1.56633461756428e-06,1.0,15983
ptt22_trained_motion_detector,ptt22_outer_oof,window,one_vs_rest,1,389,0.46482836240855374,1.0,1.5663300700907712e-06,1.0,15983
ptt22_trained_motion_detector,ptt22_outer_oof,window,one_vs_rest,1,390,0.4650159444757081,1.0,1.5663285921618808e-06,1.0,15983
ptt22_trained_motion_detector,ptt22_outer_oof,window,one_vs_rest,1,391,0.46539110861001687,1.0,1.5662927808079985e-06,1.0,15983
ptt22_trained_motion_detector,ptt22_outer_oof,window,one_vs_rest,1,392,0.4655786906771713,1.0,1.566277887832257e-06,1.0,15983
ptt22_trained_motion_detector,ptt22_outer_oof,window,one_vs_rest,1,393,0.46595385481148,1.0,1.5662687928852392e-06,1.0,15983
ptt22_trained_motion_detector,ptt22_outer_oof,window,one_vs_rest,1,394,0.4661414368786344,1.0,1.5662659507142962e-06,1.0,15983
ptt22_trained_motion_detector,ptt22_outer_oof,window,one_vs_rest,1,395,0.46670418308009753,1.0,1.566264359098568e-06,1.0,15983
ptt22_trained_motion_detector,ptt22_outer_oof,window,one_vs_rest,1,396,0.47120615269180266,1.0,1.56607165990863e-06,1.0,15983
ptt22_trained_motion_detector,ptt22_outer_oof,window,one_vs_rest,1,397,0.47158131682611143,1.0,1.566068817737687e-06,1.0,15983
ptt22_trained_motion_detector,ptt22_outer_oof,window,one_vs_rest,1,398,0.4734571374976552,1.0,1.5659686596336542e-06,1.0,15983
ptt22_trained_motion_detector,ptt22_outer_oof,window,one_vs_rest,1,399,0.473832301631964,1.0,1.5659671817047638e-06,1.0,15983
ptt22_trained_motion_detector,ptt22_outer_oof,window,one_vs_rest,1,400,0.47401988369911835,1.0,1.565964225846983e-06,1.0,15983
ptt22_trained_motion_detector,ptt22_outer_oof,window,one_vs_rest,1,401,0.4743950478334271,1.0,1.5659583141314215e-06,1.0,15983
ptt22_trained_motion_detector,ptt22_outer_oof,window,one_vs_rest,1,402,0.475332958169199,1.0,1.5659194332329207e-06,1.0,15983
ptt22_trained_motion_detector,ptt22_outer_oof,window,one_vs_rest,1,403,0.4757081223035078,1.0,1.5659073824281222e-06,1.0,15983
ptt22_trained_motion_detector,ptt22_outer_oof,window,one_vs_rest,1,404,0.4775839429750516,1.0,1.5658104075555457e-06,1.0,15983
ptt22_trained_motion_detector,ptt22_outer_oof,window,one_vs_rest,1,405,0.47795910710936035,1.0,1.5658015399822034e-06,1.0,15983
ptt22_trained_motion_detector,ptt22_outer_oof,window,one_vs_rest,1,406,0.4783342712436691,1.0,1.565780507917225e-06,1.0,15983
ptt22_trained_motion_detector,ptt22_outer_oof,window,one_vs_rest,1,407,0.4787094353779779,1.0,1.5657730045859353e-06,1.0,15983
ptt22_trained_motion_detector,ptt22_outer_oof,window,one_vs_rest,1,408,0.4972800600262615,1.0,1.5595480817864882e-06,1.0,15983
ptt22_trained_motion_detector,ptt22_outer_oof,window,one_vs_rest,1,409,0.49784280622772464,1.0,1.5594722526657279e-06,1.0,15983
ptt22_trained_motion_detector,ptt22_outer_oof,window,one_vs_rest,1,410,0.5057212530482086,1.0,1.5570144569210242e-06,1.0,15983
ptt22_trained_motion_detector,ptt22_outer_oof,window,one_vs_rest,1,411,0.5060964171825173,1.0,1.556940219415992e-06,1.0,15983
ptt22_trained_motion_detector,ptt22_outer_oof,window,one_vs_rest,1,412,0.5085349840555243,1.0,1.5561890904791653e-06,1.0,15983
ptt22_trained_motion_detector,ptt22_outer_oof,window,one_vs_rest,1,413,0.508910148189833,1.0,1.556169650029915e-06,1.0,15983
ptt22_trained_motion_detector,ptt22_outer_oof,window,one_vs_rest,1,414,0.5205402363534046,1.0,1.5538518027824466e-06,1.0,15983
ptt22_trained_motion_detector,ptt22_outer_oof,window,one_vs_rest,1,415,0.5209154004877133,1.0,1.553834067635762e-06,1.0,15983
ptt22_trained_motion_detector,ptt22_outer_oof,window,one_vs_rest,1,416,0.5214781466891765,1.0,1.5537571016466245e-06,1.0,15983
ptt22_trained_motion_detector,ptt22_outer_oof,window,one_vs_rest,1,417,0.5218533108234853,1.0,1.5537420949840453e-06,1.0,15983
ptt22_trained_motion_detector,ptt22_outer_oof,window,one_vs_rest,1,418,0.522228474957794,1.0,1.5537244735241984e-06,1.0,15983
ptt22_trained_motion_detector,ptt22_outer_oof,window,one_vs_rest,1,419,0.5226036390921028,1.0,1.5536325008724816e-06,1.0,15983
ptt22_trained_motion_detector,ptt22_outer_oof,window,one_vs_rest,1,420,0.5274807728381167,1.0,1.553220727146254e-06,1.0,15983
ptt22_trained_motion_detector,ptt22_outer_oof,window,one_vs_rest,1,421,0.5278559369724254,1.0,1.5532059478573501e-06,1.0,15983
ptt22_trained_motion_detector,ptt22_outer_oof,window,one_vs_rest,1,422,0.530106921778278,1.0,1.5530519021922373e-06,1.0,15983
ptt22_trained_motion_detector,ptt22_outer_oof,window,one_vs_rest,1,423,0.5304820859125867,1.0,1.5530163182120305e-06,1.0,15983
ptt22_trained_motion_detector,ptt22_outer_oof,window,one_vs_rest,1,424,0.53404614518852,1.0,1.5527822370131616e-06,1.0,15983
ptt22_trained_motion_detector,ptt22_outer_oof,window,one_vs_rest,1,425,0.5344213093228287,1.0,1.5527763252976001e-06,1.0,15983
ptt22_trained_motion_detector,ptt22_outer_oof,window,one_vs_rest,1,426,0.5347964734571375,1.0,1.5527631376244244e-06,1.0,15983
ptt22_trained_motion_detector,ptt22_outer_oof,window,one_vs_rest,1,427,0.5351716375914463,1.0,1.5527527921221917e-06,1.0,15983
ptt22_trained_motion_detector,ptt22_outer_oof,window,one_vs_rest,1,428,0.5391108610016883,1.0,1.5525956769124605e-06,1.0,15983
ptt22_trained_motion_detector,ptt22_outer_oof,window,one_vs_rest,1,429,0.539486025135997,1.0,1.5525882872680086e-06,1.0,15983
ptt22_trained_motion_detector,ptt22_outer_oof,window,one_vs_rest,1,430,0.5422997561433127,1.0,1.5524268519584439e-06,1.0,15983
ptt22_trained_motion_detector,ptt22_outer_oof,window,one_vs_rest,1,431,0.5426749202776214,1.0,1.5524150285273208e-06,1.0,15983
ptt22_trained_motion_detector,ptt22_outer_oof,window,one_vs_rest,1,432,0.5462389795535547,1.0,1.5522758758379496e-06,1.0,15983
ptt22_trained_motion_detector,ptt22_outer_oof,window,one_vs_rest,1,433,0.5466141436878634,1.0,1.5522729199801688e-06,1.0,15983
ptt22_trained_motion_detector,ptt22_outer_oof,window,one_vs_rest,1,434,0.547364471956481,1.0,1.5522448393312516e-06,1.0,15983
ptt22_trained_motion_detector,ptt22_outer_oof,window,one_vs_rest,1,435,0.5477396360907897,1.0,1.5522374496867997e-06,1.0,15983
ptt22_trained_motion_detector,ptt22_outer_oof,window,one_vs_rest,1,436,0.5481148002250985,1.0,1.5522093690378824e-06,1.0,15983
ptt22_trained_motion_detector,ptt22_outer_oof,window,one_vs_rest,1,437,0.5484899643594072,1.0,1.5521931118200882e-06,1.0,15983
ptt22_trained_motion_detector,ptt22_outer_oof,window,one_vs_rest,1,438,0.548865128493716,1.0,1.5521885643465794e-06,1.0,15983
ptt22_trained_motion_detector,ptt22_outer_oof,window,one_vs_rest,1,439,0.5492402926280248,1.0,1.5521337672907976e-06,1.0,15983
ptt22_trained_motion_detector,ptt22_outer_oof,window,one_vs_rest,1,440,0.5498030388294879,1.0,1.552125013404293e-06,1.0,15983
ptt22_trained_motion_detector,ptt22_outer_oof,window,one_vs_rest,1,441,0.5501782029637967,1.0,1.5521220575465122e-06,1.0,15983
ptt22_trained_motion_detector,ptt22_outer_oof,window,one_vs_rest,1,442,0.5544925905083474,1.0,1.5519606222369475e-06,1.0,15983
ptt22_trained_motion_detector,ptt22_outer_oof,window,one_vs_rest,1,443,0.5548677546426561,1.0,1.551947320876934e-06,1.0,15983
ptt22_trained_motion_detector,ptt22_outer_oof,window,one_vs_rest,1,444,0.555242918776965,1.0,1.5519384533035918e-06,1.0,15983
ptt22_trained_motion_detector,ptt22_outer_oof,window,one_vs_rest,1,445,0.5556180829112737,1.0,1.5519369753747014e-06,1.0,15983
ptt22_trained_motion_detector,ptt22_outer_oof,window,one_vs_rest,1,446,0.5558056649784281,1.0,1.5519207181569072e-06,1.0,15983
ptt22_trained_motion_detector,ptt22_outer_oof,window,one_vs_rest,1,447,0.5565559932470456,1.0,1.5519087810389465e-06,1.0,15983
ptt22_trained_motion_detector,ptt22_outer_oof,window,one_vs_rest,1,448,0.5610579628587508,1.0,1.5517638303208514e-06,1.0,15983
ptt22_trained_motion_detector,ptt22_outer_oof,window,one_vs_rest,1,449,0.5614331269930595,1.0,1.5517459814873291e-06,1.0,15983
ptt22_trained_motion_detector,ptt22_outer_oof,window,one_vs_rest,1,450,0.5648096042018383,1.0,1.5516601479248493e-06,1.0,15983
ptt22_trained_motion_detector,ptt22_outer_oof,window,one_vs_rest,1,451,0.5651847683361471,1.0,1.551648438180564e-06,1.0,15983
ptt22_trained_motion_detector,ptt22_outer_oof,window,one_vs_rest,1,452,0.566122678671919,1.0,1.551589207338111e-06,1.0,15983
ptt22_trained_motion_detector,ptt22_outer_oof,window,one_vs_rest,1,453,0.5664978428062277,1.0,1.551581817693659e-06,1.0,15983
ptt22_trained_motion_detector,ptt22_outer_oof,window,one_vs_rest,1,454,0.5696867379478522,1.0,1.5515064433202497e-06,1.0,15983
ptt22_trained_motion_detector,ptt22_outer_oof,window,one_vs_rest,1,455,0.5700619020821609,1.0,1.551494506202289e-06,1.0,15983
ptt22_trained_motion_detector,ptt22_outer_oof,window,one_vs_rest,1,456,0.5708122303507784,1.0,1.5514915503445081e-06,1.0,15983
ptt22_trained_motion_detector,ptt22_outer_oof,window,one_vs_rest,1,457,0.5711873944850873,1.0,1.5514901861024555e-06,1.0,15983
ptt22_trained_motion_detector,ptt22_outer_oof,window,one_vs_rest,1,458,0.5717501406865504,1.0,1.5514339111177833e-06,1.0,15983
ptt22_trained_motion_detector,ptt22_outer_oof,window,one_vs_rest,1,459,0.5725004689551679,1.0,1.5514191318288795e-06,1.0,15983
ptt22_trained_motion_detector,ptt22_outer_oof,window,one_vs_rest,1,460,0.5730632151566311,1.0,1.5513969628955238e-06,1.0,15983
ptt22_trained_motion_detector,ptt22_outer_oof,window,one_vs_rest,1,461,0.5734383792909398,1.0,1.5513938933509053e-06,1.0,15983
ptt22_trained_motion_detector,ptt22_outer_oof,window,one_vs_rest,1,462,0.5743762896267117,1.0,1.5513687685597688e-06,1.0,15983
ptt22_trained_motion_detector,ptt22_outer_oof,window,one_vs_rest,1,463,0.5747514537610204,1.0,1.5513584230575361e-06,1.0,15983
ptt22_trained_motion_detector,ptt22_outer_oof,window,one_vs_rest,1,464,0.5786906771712624,1.0,1.551244508846139e-06,1.0,15983
ptt22_trained_motion_detector,ptt22_outer_oof,window,one_vs_rest,1,465,0.5790658413055711,1.0,1.5512430309172487e-06,1.0,15983
ptt22_trained_motion_detector,ptt22_outer_oof,window,one_vs_rest,1,466,0.5801913337084975,1.0,1.5512149502683314e-06,1.0,15983
ptt22_trained_motion_detector,ptt22_outer_oof,window,one_vs_rest,1,467,0.5805664978428062,1.0,1.5512075606238795e-06,1.0,15983
ptt22_trained_motion_detector,ptt22_outer_oof,window,one_vs_rest,1,468,0.5831926467829676,1.0,1.5511158153458382e-06,1.0,15983
ptt22_trained_motion_detector,ptt22_outer_oof,window,one_vs_rest,1,469,0.5835678109172763,1.0,1.5511129731748952e-06,1.0,15983
ptt22_trained_motion_detector,ptt22_outer_oof,window,one_vs_rest,1,470,0.5845057212530482,1.0,1.551066930005618e-06,1.0,15983
ptt22_trained_motion_detector,ptt22_outer_oof,window,one_vs_rest,1,471,0.5848808853873569,1.0,1.551059540361166e-06,1.0,15983
ptt22_trained_motion_detector,ptt22_outer_oof,window,one_vs_rest,1,472,0.5858187957231289,1.0,1.5510078128500027e-06,1.0,15983
ptt22_trained_motion_detector,ptt22_outer_oof,window,one_vs_rest,1,473,0.5865691239917464,1.0,1.5509945114899892e-06,1.0,15983
ptt22_trained_motion_detector,ptt22_outer_oof,window,one_vs_rest,1,474,0.5871318701932096,1.0,1.5509751847275766e-06,1.0,15983
ptt22_trained_motion_detector,ptt22_outer_oof,window,one_vs_rest,1,475,0.5875070343275183,1.0,1.5509708646277431e-06,1.0,15983
ptt22_trained_motion_detector,ptt22_outer_oof,window,one_vs_rest,1,476,0.5880697805289814,1.0,1.55095904119662e-06,1.0,15983
ptt22_trained_motion_detector,ptt22_outer_oof,window,one_vs_rest,1,477,0.5884449446632902,1.0,1.550957449580892e-06,1.0,15983
ptt22_trained_motion_detector,ptt22_outer_oof,window,one_vs_rest,1,478,0.5899456012005252,1.0,1.5509101558563998e-06,1.0,15983
ptt22_trained_motion_detector,ptt22_outer_oof,window,one_vs_rest,1,479,0.590320765334834,1.0,1.5509057220697287e-06,1.0,15983
ptt22_trained_motion_detector,ptt22_outer_oof,window,one_vs_rest,1,480,0.5940724066779216,1.0,1.5508185242651962e-06,1.0,15983
ptt22_trained_motion_detector,ptt22_outer_oof,window,one_vs_rest,1,481,0.5944475708122303,1.0,1.550816932649468e-06,1.0,15983
ptt22_trained_motion_detector,ptt22_outer_oof,window,one_vs_rest,1,482,0.5959482273494654,1.0,1.5507578154938528e-06,1.0,15983
ptt22_trained_motion_detector,ptt22_outer_oof,window,one_vs_rest,1,483,0.5963233914837741,1.0,1.550754859636072e-06,1.0,15983
ptt22_trained_motion_detector,ptt22_outer_oof,window,one_vs_rest,1,484,0.5983867942224723,1.0,1.5506868749071145e-06,1.0,15983
ptt22_trained_motion_detector,ptt22_outer_oof,window,one_vs_rest,1,485,0.5989495404239354,1.0,1.5506661839026492e-06,1.0,15983
ptt22_trained_motion_detector,ptt22_outer_oof,window,one_vs_rest,1,486,0.6010129431626337,1.0,1.5506039972024155e-06,1.0,15983
ptt22_trained_motion_detector,ptt22_outer_oof,window,one_vs_rest,1,487,0.6013881072969424,1.0,1.5506011550314724e-06,1.0,15983
ptt22_trained_motion_detector,ptt22_outer_oof,window,one_vs_rest,1,488,0.602701181767023,1.0,1.5505729606957175e-06,1.0,15983
ptt22_trained_motion_detector,ptt22_outer_oof,window,one_vs_rest,1,489,0.6030763459013319,1.0,1.5505656847381033e-06,1.0,15983
ptt22_trained_motion_detector,ptt22_outer_oof,window,one_vs_rest,1,490,0.6051397486400301,1.0,1.5504945167776896e-06,1.0,15983
ptt22_trained_motion_detector,ptt22_outer_oof,window,one_vs_rest,1,491,0.6055149127743388,1.0,1.5504872408200754e-06,1.0,15983
ptt22_trained_motion_detector,ptt22_outer_oof,window,one_vs_rest,1,492,0.6070155693115739,1.0,1.550423689877789e-06,1.0,15983
ptt22_trained_motion_detector,ptt22_outer_oof,window,one_vs_rest,1,493,0.6073907334458826,1.0,1.5504206203331705e-06,1.0,15983
ptt22_trained_motion_detector,ptt22_outer_oof,window,one_vs_rest,1,494,0.6103920465203526,1.0,1.550321599097515e-06,1.0,15983
ptt22_trained_motion_detector,ptt22_outer_oof,window,one_vs_rest,1,495,0.6107672106546614,1.0,1.5503171653108438e-06,1.0,15983
ptt22_trained_motion_detector,ptt22_outer_oof,window,one_vs_rest,1,496,0.6109547927218157,1.0,1.5503082977375016e-06,1.0,15983
ptt22_trained_motion_detector,ptt22_outer_oof,window,one_vs_rest,1,497,0.611517538923279,1.0,1.5502935184485978e-06,1.0,15983
ptt22_trained_motion_detector,ptt22_outer_oof,window,one_vs_rest,1,498,0.6120802851247421,1.0,1.5502773749176413e-06,1.0,15983
ptt22_trained_motion_detector,ptt22_outer_oof,window,one_vs_rest,1,499,0.6124554492590508,1.0,1.5502757833019132e-06,1.0,15983
ptt22_trained_motion_detector,ptt22_outer_oof,window,one_vs_rest,1,500,0.613018195460514,1.0,1.5502419046242721e-06,1.0,15983
ptt22_trained_motion_detector,ptt22_outer_oof,window,one_vs_rest,1,501,0.6133933595948228,1.0,1.5502404266953818e-06,1.0,15983
ptt22_trained_motion_detector,ptt22_outer_oof,window,one_vs_rest,1,502,0.6141436878634402,1.0,1.5501943835261045e-06,1.0,15983
ptt22_trained_motion_detector,ptt22_outer_oof,window,one_vs_rest,1,503,0.614518851997749,1.0,1.5501930192840518e-06,1.0,15983
ptt22_trained_motion_detector,ptt22_outer_oof,window,one_vs_rest,1,504,0.6167698368036015,1.0,1.5500673953283695e-06,1.0,15983
ptt22_trained_motion_detector,ptt22_outer_oof,window,one_vs_rest,1,505,0.6171450009379104,1.0,1.5500600056839176e-06,1.0,15983
ptt22_trained_motion_detector,ptt22_outer_oof,window,one_vs_rest,1,506,0.6193959857437629,1.0,1.54993563228345e-06,1.0,15983
ptt22_trained_motion_detector,ptt22_outer_oof,window,one_vs_rest,1,507,0.6197711498780717,1.0,1.5499343817282352e-06,1.0,15983
ptt22_trained_motion_detector,ptt22_outer_oof,window,one_vs_rest,1,508,0.6235227912211593,1.0,1.5497644199058414e-06,1.0,15983
ptt22_trained_motion_detector,ptt22_outer_oof,window,one_vs_rest,1,509,0.623897955355468,1.0,1.5497553249588236e-06,1.0,15983
ptt22_trained_motion_detector,ptt22_outer_oof,window,one_vs_rest,1,510,0.6259613580941662,1.0,1.5496239029744174e-06,1.0,15983
ptt22_trained_motion_detector,ptt22_outer_oof,window,one_vs_rest,1,511,0.6263365222284749,1.0,1.5496225387323648e-06,1.0,15983
ptt22_trained_motion_detector,ptt22_outer_oof,window,one_vs_rest,1,512,0.6306509097730257,1.0,1.5493593537030392e-06,1.0,15983
ptt22_trained_motion_detector,ptt22_outer_oof,window,one_vs_rest,1,513,0.6310260739073345,1.0,1.549347643958754e-06,1.0,15983
ptt22_trained_motion_detector,ptt22_outer_oof,window,one_vs_rest,1,514,0.6330894766460327,1.0,1.5492382772208657e-06,1.0,15983
ptt22_trained_motion_detector,ptt22_outer_oof,window,one_vs_rest,1,515,0.6334646407803414,1.0,1.5492249758608523e-06,1.0,15983
ptt22_trained_motion_detector,ptt22_outer_oof,window,one_vs_rest,1,516,0.6338398049146502,1.0,1.549182229609869e-06,1.0,15983
ptt22_trained_motion_detector,ptt22_outer_oof,window,one_vs_rest,1,517,0.6342149690489589,1.0,1.5491141311940737e-06,1.0,15983
ptt22_trained_motion_detector,ptt22_outer_oof,window,one_vs_rest,1,518,0.6344025511161133,1.0,1.5491038993786788e-06,1.0,15983
ptt22_trained_motion_detector,ptt22_outer_oof,window,one_vs_rest,1,519,0.634777715250422,1.0,1.549093553876446e-06,1.0,15983
ptt22_trained_motion_detector,ptt22_outer_oof,window,one_vs_rest,1,520,0.6355280435190396,1.0,1.5490461464651162e-06,1.0,15983
ptt22_trained_motion_detector,ptt22_outer_oof,window,one_vs_rest,1,521,0.6359032076533483,1.0,1.5490122677874751e-06,1.0,15983
ptt22_trained_motion_detector,ptt22_outer_oof,window,one_vs_rest,1,522,0.6377790283248922,1.0,1.5487833024963038e-06,1.0,15983
ptt22_trained_motion_detector,ptt22_outer_oof,window,one_vs_rest,1,523,0.6381541924592009,1.0,1.5487655673496192e-06,1.0,15983
ptt22_trained_motion_detector,ptt22_outer_oof,window,one_vs_rest,1,524,0.6769836803601575,1.0,1.2702302001343924e-06,1.0,15983
ptt22_trained_motion_detector,ptt22_outer_oof,window,one_vs_rest,1,525,0.6773588444944664,1.0,1.2700667184617487e-06,1.0,15983
ptt22_trained_motion_detector,ptt22_outer_oof,window,one_vs_rest,1,526,0.7113111986494092,1.0,1.2633802271011518e-06,1.0,15983
ptt22_trained_motion_detector,ptt22_outer_oof,window,one_vs_rest,1,527,0.7116863627837179,1.0,1.2633694268515683e-06,1.0,15983
ptt22_trained_motion_detector,ptt22_outer_oof,window,one_vs_rest,1,528,0.7171262427311949,1.0,1.2622831491171382e-06,1.0,15983
ptt22_trained_motion_detector,ptt22_outer_oof,window,one_vs_rest,1,529,0.7175014068655037,1.0,1.26223017105076e-06,1.0,15983
ptt22_trained_motion_detector,ptt22_outer_oof,window,one_vs_rest,1,530,0.732507972237854,1.0,1.2598598004842643e-06,1.0,15983
ptt22_trained_motion_detector,ptt22_outer_oof,window,one_vs_rest,1,531,0.7328831363721628,1.0,1.2598442253874964e-06,1.0,15983
ptt22_trained_motion_detector,ptt22_outer_oof,window,one_vs_rest,1,532,0.7398236728568749,1.0,1.258874931409082e-06,1.0,15983
ptt22_trained_motion_detector,ptt22_outer_oof,window,one_vs_rest,1,533,0.7401988369911836,1.0,1.2588689060066827e-06,1.0,15983
ptt22_trained_motion_detector,ptt22_outer_oof,window,one_vs_rest,1,534,0.7523916713562183,1.0,1.2569411182994372e-06,1.0,15983
ptt22_trained_motion_detector,ptt22_outer_oof,window,one_vs_rest,1,535,0.7527668354905271,1.0,1.2569134923978709e-06,1.0,15983
ptt22_trained_motion_detector,ptt22_outer_oof,window,one_vs_rest,1,536,0.7705871318701932,1.0,1.2537362863440649e-06,1.0,15983
ptt22_trained_motion_detector,ptt22_outer_oof,window,one_vs_rest,1,537,0.770962296004502,1.0,1.2536095255200053e-06,1.0,15983
ptt22_trained_motion_detector,ptt22_outer_oof,window,one_vs_rest,1,538,0.7775276683549053,1.0,1.2525207466751453e-06,1.0,15983
ptt22_trained_motion_detector,ptt22_outer_oof,window,one_vs_rest,1,539,0.777902832489214,1.0,1.252504148396838e-06,1.0,15983
ptt22_trained_motion_detector,ptt22_outer_oof,window,one_vs_rest,1,540,0.7880322641155506,1.0,1.251286334991164e-06,1.0,15983
ptt22_trained_motion_detector,ptt22_outer_oof,window,one_vs_rest,1,541,0.7884074282498593,1.0,1.251269623026019e-06,1.0,15983
ptt22_trained_motion_detector,ptt22_outer_oof,window,one_vs_rest,1,542,0.7929093978615644,1.0,1.2508843383329804e-06,1.0,15983
ptt22_trained_motion_detector,ptt22_outer_oof,window,one_vs_rest,1,543,0.7932845619958732,1.0,1.2508090776464087e-06,1.0,15983
ptt22_trained_motion_detector,ptt22_outer_oof,window,one_vs_rest,1,544,0.834177452635528,1.0,9.90393118627253e-07,1.0,15983
ptt22_trained_motion_detector,ptt22_outer_oof,window,one_vs_rest,1,545,0.8345526167698368,1.0,9.899370070343139e-07,1.0,15983
ptt22_trained_motion_detector,ptt22_outer_oof,window,one_vs_rest,1,546,0.8773213280810355,1.0,9.673879048932577e-07,1.0,15983
ptt22_trained_motion_detector,ptt22_outer_oof,window,one_vs_rest,1,547,0.8776964922153442,1.0,9.672745591160492e-07,1.0,15983
ptt22_trained_motion_detector,ptt22_outer_oof,window,one_vs_rest,1,548,0.9090226974301256,1.0,9.61282466960256e-07,1.0,15983
ptt22_trained_motion_detector,ptt22_outer_oof,window,one_vs_rest,1,549,0.9093978615644345,1.0,9.612759868105059e-07,1.0,15983
ptt22_trained_motion_detector,ptt22_outer_oof,window,one_vs_rest,1,550,0.9114612643031326,1.0,9.610999995857128e-07,1.0,15983
ptt22_trained_motion_detector,ptt22_outer_oof,window,one_vs_rest,1,551,0.9118364284374414,1.0,9.609881317373947e-07,1.0,15983
ptt22_trained_motion_detector,ptt22_outer_oof,window,one_vs_rest,1,552,0.9352841868317389,1.0,9.57233396547963e-07,1.0,15983
ptt22_trained_motion_detector,ptt22_outer_oof,window,one_vs_rest,1,553,0.9356593509660477,1.0,9.57228849074454e-07,1.0,15983
ptt22_trained_motion_detector,ptt22_outer_oof,window,one_vs_rest,1,554,0.9371600075032827,1.0,9.571422197041102e-07,1.0,15983
ptt22_trained_motion_detector,ptt22_outer_oof,window,one_vs_rest,1,555,0.9375351716375915,1.0,9.571411965225707e-07,1.0,15983
ptt22_trained_motion_detector,ptt22_outer_oof,window,one_vs_rest,1,556,0.938285499906209,1.0,9.570545671522268e-07,1.0,15983
ptt22_trained_motion_detector,ptt22_outer_oof,window,one_vs_rest,1,557,0.9386606640405177,1.0,9.570088650434627e-07,1.0,15983
ptt22_trained_motion_detector,ptt22_outer_oof,window,one_vs_rest,1,558,0.9439129619208404,1.0,9.562526201989385e-07,1.0,15983
ptt22_trained_motion_detector,ptt22_outer_oof,window,one_vs_rest,1,559,0.9442881260551491,1.0,9.562497780279955e-07,1.0,15983
ptt22_trained_motion_detector,ptt22_outer_oof,window,one_vs_rest,1,560,0.9489776777340087,1.0,9.557346629662788e-07,1.0,15983
ptt22_trained_motion_detector,ptt22_outer_oof,window,one_vs_rest,1,561,0.9493528418683174,1.0,9.557164730722434e-07,1.0,15983
ptt22_trained_motion_detector,ptt22_outer_oof,window,one_vs_rest,1,562,0.9508534984055524,1.0,9.55611653807864e-07,1.0,15983
ptt22_trained_motion_detector,ptt22_outer_oof,window,one_vs_rest,1,563,0.9512286625398612,1.0,9.556025588608463e-07,1.0,15983
ptt22_trained_motion_detector,ptt22_outer_oof,window,one_vs_rest,1,564,0.9581691990245732,1.0,9.551223456583102e-07,1.0,15983
ptt22_trained_motion_detector,ptt22_outer_oof,window,one_vs_rest,1,565,0.958544363158882,1.0,9.55086875364941e-07,1.0,15983
ptt22_trained_motion_detector,ptt22_outer_oof,window,one_vs_rest,1,566,0.9630463327705872,1.0,9.548236903356155e-07,1.0,15983
ptt22_trained_motion_detector,ptt22_outer_oof,window,one_vs_rest,1,567,0.9634214969048959,1.0,9.548191428621067e-07,1.0,15983
ptt22_trained_motion_detector,ptt22_outer_oof,window,one_vs_rest,1,568,0.9714875257925343,1.0,9.541791996525717e-07,1.0,15983
ptt22_trained_motion_detector,ptt22_outer_oof,window,one_vs_rest,1,569,0.971862689926843,1.0,9.541773806631682e-07,1.0,15983
ptt22_trained_motion_detector,ptt22_outer_oof,window,one_vs_rest,1,570,0.9726130181954605,1.0,9.541082590658334e-07,1.0,15983
ptt22_trained_motion_detector,ptt22_outer_oof,window,one_vs_rest,1,571,0.9729881823297692,1.0,9.541064400764299e-07,1.0,15983
ptt22_trained_motion_detector,ptt22_outer_oof,window,one_vs_rest,1,572,0.9765522416057025,1.0,9.53615085563797e-07,1.0,15983
ptt22_trained_motion_detector,ptt22_outer_oof,window,one_vs_rest,1,573,0.9769274057400112,1.0,9.535759772916208e-07,1.0,15983
ptt22_trained_motion_detector,ptt22_outer_oof,window,one_vs_rest,1,574,0.9889326580378915,1.0,9.515529768577835e-07,1.0,15983
ptt22_trained_motion_detector,ptt22_outer_oof,window,one_vs_rest,1,575,0.9893078221722004,1.0,9.515439387541846e-07,1.0,15983
ptt22_trained_motion_detector,ptt22_outer_oof,window,one_vs_rest,1,576,0.9936222097167511,1.0,9.509496408099949e-07,1.0,15983
ptt22_trained_motion_detector,ptt22_outer_oof,window,one_vs_rest,1,577,0.9939973738510598,1.0,9.508943890068622e-07,1.0,15983
ptt22_trained_motion_detector,ptt22_outer_oof,window,one_vs_rest,1,578,1.0,1.0,9.494771120444057e-07,1.0,15983
ptt22_trained_motion_detector,ptt22_outer_oof,window,macro_average_ovr,macro,0,0.0,1.0,,1.0,15983
ptt22_trained_motion_detector,ptt22_outer_oof,window,macro_average_ovr,macro,1,0.005,1.0,,1.0,15983
ptt22_trained_motion_detector,ptt22_outer_oof,window,macro_average_ovr,macro,2,0.01,1.0,,1.0,15983
ptt22_trained_motion_detector,ptt22_outer_oof,window,macro_average_ovr,macro,3,0.015,1.0,,1.0,15983
ptt22_trained_motion_detector,ptt22_outer_oof,window,macro_average_ovr,macro,4,0.02,1.0,,1.0,15983
ptt22_trained_motion_detector,ptt22_outer_oof,window,macro_average_ovr,macro,5,0.025,1.0,,1.0,15983
ptt22_trained_motion_detector,ptt22_outer_oof,window,macro_average_ovr,macro,6,0.03,1.0,,1.0,15983
ptt22_trained_motion_detector,ptt22_outer_oof,window,macro_average_ovr,macro,7,0.035,1.0,,1.0,15983
ptt22_trained_motion_detector,ptt22_outer_oof,window,macro_average_ovr,macro,8,0.04,1.0,,1.0,15983
ptt22_trained_motion_detector,ptt22_outer_oof,window,macro_average_ovr,macro,9,0.045,1.0,,1.0,15983
ptt22_trained_motion_detector,ptt22_outer_oof,window,macro_average_ovr,macro,10,0.05,1.0,,1.0,15983
ptt22_trained_motion_detector,ptt22_outer_oof,window,macro_average_ovr,macro,11,0.055,1.0,,1.0,15983
ptt22_trained_motion_detector,ptt22_outer_oof,window,macro_average_ovr,macro,12,0.06,1.0,,1.0,15983
ptt22_trained_motion_detector,ptt22_outer_oof,window,macro_average_ovr,macro,13,0.065,1.0,,1.0,15983
ptt22_trained_motion_detector,ptt22_outer_oof,window,macro_average_ovr,macro,14,0.07,1.0,,1.0,15983
ptt22_trained_motion_detector,ptt22_outer_oof,window,macro_average_ovr,macro,15,0.075,1.0,,1.0,15983
ptt22_trained_motion_detector,ptt22_outer_oof,window,macro_average_ovr,macro,16,0.08,1.0,,1.0,15983
ptt22_trained_motion_detector,ptt22_outer_oof,window,macro_average_ovr,macro,17,0.085,1.0,,1.0,15983
ptt22_trained_motion_detector,ptt22_outer_oof,window,macro_average_ovr,macro,18,0.09,1.0,,1.0,15983
ptt22_trained_motion_detector,ptt22_outer_oof,window,macro_average_ovr,macro,19,0.095,1.0,,1.0,15983
ptt22_trained_motion_detector,ptt22_outer_oof,window,macro_average_ovr,macro,20,0.1,1.0,,1.0,15983
ptt22_trained_motion_detector,ptt22_outer_oof,window,macro_average_ovr,macro,21,0.105,1.0,,1.0,15983
ptt22_trained_motion_detector,ptt22_outer_oof,window,macro_average_ovr,macro,22,0.11,1.0,,1.0,15983
ptt22_trained_motion_detector,ptt22_outer_oof,window,macro_average_ovr,macro,23,0.115,1.0,,1.0,15983
ptt22_trained_motion_detector,ptt22_outer_oof,window,macro_average_ovr,macro,24,0.12,1.0,,1.0,15983
ptt22_trained_motion_detector,ptt22_outer_oof,window,macro_average_ovr,macro,25,0.125,1.0,,1.0,15983
ptt22_trained_motion_detector,ptt22_outer_oof,window,macro_average_ovr,macro,26,0.13,1.0,,1.0,15983
ptt22_trained_motion_detector,ptt22_outer_oof,window,macro_average_ovr,macro,27,0.135,1.0,,1.0,15983
ptt22_trained_motion_detector,ptt22_outer_oof,window,macro_average_ovr,macro,28,0.14,1.0,,1.0,15983
ptt22_trained_motion_detector,ptt22_outer_oof,window,macro_average_ovr,macro,29,0.145,1.0,,1.0,15983
ptt22_trained_motion_detector,ptt22_outer_oof,window,macro_average_ovr,macro,30,0.15,1.0,,1.0,15983
ptt22_trained_motion_detector,ptt22_outer_oof,window,macro_average_ovr,macro,31,0.155,1.0,,1.0,15983
ptt22_trained_motion_detector,ptt22_outer_oof,window,macro_average_ovr,macro,32,0.16,1.0,,1.0,15983
ptt22_trained_motion_detector,ptt22_outer_oof,window,macro_average_ovr,macro,33,0.165,1.0,,1.0,15983
ptt22_trained_motion_detector,ptt22_outer_oof,window,macro_average_ovr,macro,34,0.17,1.0,,1.0,15983
ptt22_trained_motion_detector,ptt22_outer_oof,window,macro_average_ovr,macro,35,0.17500000000000002,1.0,,1.0,15983
ptt22_trained_motion_detector,ptt22_outer_oof,window,macro_average_ovr,macro,36,0.18,1.0,,1.0,15983
ptt22_trained_motion_detector,ptt22_outer_oof,window,macro_average_ovr,macro,37,0.185,1.0,,1.0,15983
ptt22_trained_motion_detector,ptt22_outer_oof,window,macro_average_ovr,macro,38,0.19,1.0,,1.0,15983
ptt22_trained_motion_detector,ptt22_outer_oof,window,macro_average_ovr,macro,39,0.195,1.0,,1.0,15983
ptt22_trained_motion_detector,ptt22_outer_oof,window,macro_average_ovr,macro,40,0.2,1.0,,1.0,15983
ptt22_trained_motion_detector,ptt22_outer_oof,window,macro_average_ovr,macro,41,0.20500000000000002,1.0,,1.0,15983
ptt22_trained_motion_detector,ptt22_outer_oof,window,macro_average_ovr,macro,42,0.21,1.0,,1.0,15983
ptt22_trained_motion_detector,ptt22_outer_oof,window,macro_average_ovr,macro,43,0.215,1.0,,1.0,15983
ptt22_trained_motion_detector,ptt22_outer_oof,window,macro_average_ovr,macro,44,0.22,1.0,,1.0,15983
ptt22_trained_motion_detector,ptt22_outer_oof,window,macro_average_ovr,macro,45,0.225,1.0,,1.0,15983
ptt22_trained_motion_detector,ptt22_outer_oof,window,macro_average_ovr,macro,46,0.23,1.0,,1.0,15983
ptt22_trained_motion_detector,ptt22_outer_oof,window,macro_average_ovr,macro,47,0.23500000000000001,1.0,,1.0,15983
ptt22_trained_motion_detector,ptt22_outer_oof,window,macro_average_ovr,macro,48,0.24,1.0,,1.0,15983
ptt22_trained_motion_detector,ptt22_outer_oof,window,macro_average_ovr,macro,49,0.245,1.0,,1.0,15983
ptt22_trained_motion_detector,ptt22_outer_oof,window,macro_average_ovr,macro,50,0.25,1.0,,1.0,15983
ptt22_trained_motion_detector,ptt22_outer_oof,window,macro_average_ovr,macro,51,0.255,1.0,,1.0,15983
ptt22_trained_motion_detector,ptt22_outer_oof,window,macro_average_ovr,macro,52,0.26,1.0,,1.0,15983
ptt22_trained_motion_detector,ptt22_outer_oof,window,macro_average_ovr,macro,53,0.265,1.0,,1.0,15983
ptt22_trained_motion_detector,ptt22_outer_oof,window,macro_average_ovr,macro,54,0.27,1.0,,1.0,15983
ptt22_trained_motion_detector,ptt22_outer_oof,window,macro_average_ovr,macro,55,0.275,1.0,,1.0,15983
ptt22_trained_motion_detector,ptt22_outer_oof,window,macro_average_ovr,macro,56,0.28,1.0,,1.0,15983
ptt22_trained_motion_detector,ptt22_outer_oof,window,macro_average_ovr,macro,57,0.28500000000000003,1.0,,1.0,15983
ptt22_trained_motion_detector,ptt22_outer_oof,window,macro_average_ovr,macro,58,0.29,1.0,,1.0,15983
ptt22_trained_motion_detector,ptt22_outer_oof,window,macro_average_ovr,macro,59,0.295,1.0,,1.0,15983
ptt22_trained_motion_detector,ptt22_outer_oof,window,macro_average_ovr,macro,60,0.3,1.0,,1.0,15983
ptt22_trained_motion_detector,ptt22_outer_oof,window,macro_average_ovr,macro,61,0.305,1.0,,1.0,15983
ptt22_trained_motion_detector,ptt22_outer_oof,window,macro_average_ovr,macro,62,0.31,1.0,,1.0,15983
ptt22_trained_motion_detector,ptt22_outer_oof,window,macro_average_ovr,macro,63,0.315,1.0,,1.0,15983
ptt22_trained_motion_detector,ptt22_outer_oof,window,macro_average_ovr,macro,64,0.32,1.0,,1.0,15983
ptt22_trained_motion_detector,ptt22_outer_oof,window,macro_average_ovr,macro,65,0.325,1.0,,1.0,15983
ptt22_trained_motion_detector,ptt22_outer_oof,window,macro_average_ovr,macro,66,0.33,1.0,,1.0,15983
ptt22_trained_motion_detector,ptt22_outer_oof,window,macro_average_ovr,macro,67,0.335,1.0,,1.0,15983
ptt22_trained_motion_detector,ptt22_outer_oof,window,macro_average_ovr,macro,68,0.34,1.0,,1.0,15983
ptt22_trained_motion_detector,ptt22_outer_oof,window,macro_average_ovr,macro,69,0.34500000000000003,1.0,,1.0,15983
ptt22_trained_motion_detector,ptt22_outer_oof,window,macro_average_ovr,macro,70,0.35000000000000003,1.0,,1.0,15983
ptt22_trained_motion_detector,ptt22_outer_oof,window,macro_average_ovr,macro,71,0.355,1.0,,1.0,15983
ptt22_trained_motion_detector,ptt22_outer_oof,window,macro_average_ovr,macro,72,0.36,1.0,,1.0,15983
ptt22_trained_motion_detector,ptt22_outer_oof,window,macro_average_ovr,macro,73,0.365,1.0,,1.0,15983
ptt22_trained_motion_detector,ptt22_outer_oof,window,macro_average_ovr,macro,74,0.37,1.0,,1.0,15983
ptt22_trained_motion_detector,ptt22_outer_oof,window,macro_average_ovr,macro,75,0.375,1.0,,1.0,15983
ptt22_trained_motion_detector,ptt22_outer_oof,window,macro_average_ovr,macro,76,0.38,1.0,,1.0,15983
ptt22_trained_motion_detector,ptt22_outer_oof,window,macro_average_ovr,macro,77,0.385,1.0,,1.0,15983
ptt22_trained_motion_detector,ptt22_outer_oof,window,macro_average_ovr,macro,78,0.39,1.0,,1.0,15983
ptt22_trained_motion_detector,ptt22_outer_oof,window,macro_average_ovr,macro,79,0.395,1.0,,1.0,15983
ptt22_trained_motion_detector,ptt22_outer_oof,window,macro_average_ovr,macro,80,0.4,1.0,,1.0,15983
ptt22_trained_motion_detector,ptt22_outer_oof,window,macro_average_ovr,macro,81,0.405,1.0,,1.0,15983
ptt22_trained_motion_detector,ptt22_outer_oof,window,macro_average_ovr,macro,82,0.41000000000000003,1.0,,1.0,15983
ptt22_trained_motion_detector,ptt22_outer_oof,window,macro_average_ovr,macro,83,0.41500000000000004,1.0,,1.0,15983
ptt22_trained_motion_detector,ptt22_outer_oof,window,macro_average_ovr,macro,84,0.42,1.0,,1.0,15983
ptt22_trained_motion_detector,ptt22_outer_oof,window,macro_average_ovr,macro,85,0.425,1.0,,1.0,15983
ptt22_trained_motion_detector,ptt22_outer_oof,window,macro_average_ovr,macro,86,0.43,1.0,,1.0,15983
ptt22_trained_motion_detector,ptt22_outer_oof,window,macro_average_ovr,macro,87,0.435,1.0,,1.0,15983
ptt22_trained_motion_detector,ptt22_outer_oof,window,macro_average_ovr,macro,88,0.44,1.0,,1.0,15983
ptt22_trained_motion_detector,ptt22_outer_oof,window,macro_average_ovr,macro,89,0.445,1.0,,1.0,15983
ptt22_trained_motion_detector,ptt22_outer_oof,window,macro_average_ovr,macro,90,0.45,1.0,,1.0,15983
ptt22_trained_motion_detector,ptt22_outer_oof,window,macro_average_ovr,macro,91,0.455,1.0,,1.0,15983
ptt22_trained_motion_detector,ptt22_outer_oof,window,macro_average_ovr,macro,92,0.46,1.0,,1.0,15983
ptt22_trained_motion_detector,ptt22_outer_oof,window,macro_average_ovr,macro,93,0.465,1.0,,1.0,15983
ptt22_trained_motion_detector,ptt22_outer_oof,window,macro_average_ovr,macro,94,0.47000000000000003,1.0,,1.0,15983
ptt22_trained_motion_detector,ptt22_outer_oof,window,macro_average_ovr,macro,95,0.47500000000000003,1.0,,1.0,15983
ptt22_trained_motion_detector,ptt22_outer_oof,window,macro_average_ovr,macro,96,0.48,1.0,,1.0,15983
ptt22_trained_motion_detector,ptt22_outer_oof,window,macro_average_ovr,macro,97,0.485,1.0,,1.0,15983
ptt22_trained_motion_detector,ptt22_outer_oof,window,macro_average_ovr,macro,98,0.49,1.0,,1.0,15983
ptt22_trained_motion_detector,ptt22_outer_oof,window,macro_average_ovr,macro,99,0.495,1.0,,1.0,15983
ptt22_trained_motion_detector,ptt22_outer_oof,window,macro_average_ovr,macro,100,0.5,1.0,,1.0,15983
ptt22_trained_motion_detector,ptt22_outer_oof,window,macro_average_ovr,macro,101,0.505,1.0,,1.0,15983
ptt22_trained_motion_detector,ptt22_outer_oof,window,macro_average_ovr,macro,102,0.51,1.0,,1.0,15983
ptt22_trained_motion_detector,ptt22_outer_oof,window,macro_average_ovr,macro,103,0.515,1.0,,1.0,15983
ptt22_trained_motion_detector,ptt22_outer_oof,window,macro_average_ovr,macro,104,0.52,1.0,,1.0,15983
ptt22_trained_motion_detector,ptt22_outer_oof,window,macro_average_ovr,macro,105,0.525,1.0,,1.0,15983
ptt22_trained_motion_detector,ptt22_outer_oof,window,macro_average_ovr,macro,106,0.53,1.0,,1.0,15983
ptt22_trained_motion_detector,ptt22_outer_oof,window,macro_average_ovr,macro,107,0.535,1.0,,1.0,15983
ptt22_trained_motion_detector,ptt22_outer_oof,window,macro_average_ovr,macro,108,0.54,1.0,,1.0,15983
ptt22_trained_motion_detector,ptt22_outer_oof,window,macro_average_ovr,macro,109,0.545,1.0,,1.0,15983
ptt22_trained_motion_detector,ptt22_outer_oof,window,macro_average_ovr,macro,110,0.55,1.0,,1.0,15983
ptt22_trained_motion_detector,ptt22_outer_oof,window,macro_average_ovr,macro,111,0.555,1.0,,1.0,15983
ptt22_trained_motion_detector,ptt22_outer_oof,window,macro_average_ovr,macro,112,0.56,1.0,,1.0,15983
ptt22_trained_motion_detector,ptt22_outer_oof,window,macro_average_ovr,macro,113,0.5650000000000001,1.0,,1.0,15983
ptt22_trained_motion_detector,ptt22_outer_oof,window,macro_average_ovr,macro,114,0.5700000000000001,1.0,,1.0,15983
ptt22_trained_motion_detector,ptt22_outer_oof,window,macro_average_ovr,macro,115,0.5750000000000001,1.0,,1.0,15983
ptt22_trained_motion_detector,ptt22_outer_oof,window,macro_average_ovr,macro,116,0.58,1.0,,1.0,15983
ptt22_trained_motion_detector,ptt22_outer_oof,window,macro_average_ovr,macro,117,0.585,1.0,,1.0,15983
ptt22_trained_motion_detector,ptt22_outer_oof,window,macro_average_ovr,macro,118,0.59,1.0,,1.0,15983
ptt22_trained_motion_detector,ptt22_outer_oof,window,macro_average_ovr,macro,119,0.595,1.0,,1.0,15983
ptt22_trained_motion_detector,ptt22_outer_oof,window,macro_average_ovr,macro,120,0.6,1.0,,1.0,15983
ptt22_trained_motion_detector,ptt22_outer_oof,window,macro_average_ovr,macro,121,0.605,1.0,,1.0,15983
ptt22_trained_motion_detector,ptt22_outer_oof,window,macro_average_ovr,macro,122,0.61,1.0,,1.0,15983
ptt22_trained_motion_detector,ptt22_outer_oof,window,macro_average_ovr,macro,123,0.615,1.0,,1.0,15983
ptt22_trained_motion_detector,ptt22_outer_oof,window,macro_average_ovr,macro,124,0.62,1.0,,1.0,15983
ptt22_trained_motion_detector,ptt22_outer_oof,window,macro_average_ovr,macro,125,0.625,1.0,,1.0,15983
ptt22_trained_motion_detector,ptt22_outer_oof,window,macro_average_ovr,macro,126,0.63,1.0,,1.0,15983
ptt22_trained_motion_detector,ptt22_outer_oof,window,macro_average_ovr,macro,127,0.635,1.0,,1.0,15983
ptt22_trained_motion_detector,ptt22_outer_oof,window,macro_average_ovr,macro,128,0.64,1.0,,1.0,15983
ptt22_trained_motion_detector,ptt22_outer_oof,window,macro_average_ovr,macro,129,0.645,1.0,,1.0,15983
ptt22_trained_motion_detector,ptt22_outer_oof,window,macro_average_ovr,macro,130,0.65,1.0,,1.0,15983
ptt22_trained_motion_detector,ptt22_outer_oof,window,macro_average_ovr,macro,131,0.655,1.0,,1.0,15983
ptt22_trained_motion_detector,ptt22_outer_oof,window,macro_average_ovr,macro,132,0.66,1.0,,1.0,15983
ptt22_trained_motion_detector,ptt22_outer_oof,window,macro_average_ovr,macro,133,0.665,1.0,,1.0,15983
ptt22_trained_motion_detector,ptt22_outer_oof,window,macro_average_ovr,macro,134,0.67,1.0,,1.0,15983
ptt22_trained_motion_detector,ptt22_outer_oof,window,macro_average_ovr,macro,135,0.675,1.0,,1.0,15983
ptt22_trained_motion_detector,ptt22_outer_oof,window,macro_average_ovr,macro,136,0.68,1.0,,1.0,15983
ptt22_trained_motion_detector,ptt22_outer_oof,window,macro_average_ovr,macro,137,0.685,1.0,,1.0,15983
ptt22_trained_motion_detector,ptt22_outer_oof,window,macro_average_ovr,macro,138,0.6900000000000001,1.0,,1.0,15983
ptt22_trained_motion_detector,ptt22_outer_oof,window,macro_average_ovr,macro,139,0.6950000000000001,1.0,,1.0,15983
ptt22_trained_motion_detector,ptt22_outer_oof,window,macro_average_ovr,macro,140,0.7000000000000001,1.0,,1.0,15983
ptt22_trained_motion_detector,ptt22_outer_oof,window,macro_average_ovr,macro,141,0.705,1.0,,1.0,15983
ptt22_trained_motion_detector,ptt22_outer_oof,window,macro_average_ovr,macro,142,0.71,1.0,,1.0,15983
ptt22_trained_motion_detector,ptt22_outer_oof,window,macro_average_ovr,macro,143,0.715,1.0,,1.0,15983
ptt22_trained_motion_detector,ptt22_outer_oof,window,macro_average_ovr,macro,144,0.72,1.0,,1.0,15983
ptt22_trained_motion_detector,ptt22_outer_oof,window,macro_average_ovr,macro,145,0.725,1.0,,1.0,15983
ptt22_trained_motion_detector,ptt22_outer_oof,window,macro_average_ovr,macro,146,0.73,1.0,,1.0,15983
ptt22_trained_motion_detector,ptt22_outer_oof,window,macro_average_ovr,macro,147,0.735,1.0,,1.0,15983
ptt22_trained_motion_detector,ptt22_outer_oof,window,macro_average_ovr,macro,148,0.74,1.0,,1.0,15983
ptt22_trained_motion_detector,ptt22_outer_oof,window,macro_average_ovr,macro,149,0.745,1.0,,1.0,15983
ptt22_trained_motion_detector,ptt22_outer_oof,window,macro_average_ovr,macro,150,0.75,1.0,,1.0,15983
ptt22_trained_motion_detector,ptt22_outer_oof,window,macro_average_ovr,macro,151,0.755,1.0,,1.0,15983
ptt22_trained_motion_detector,ptt22_outer_oof,window,macro_average_ovr,macro,152,0.76,1.0,,1.0,15983
ptt22_trained_motion_detector,ptt22_outer_oof,window,macro_average_ovr,macro,153,0.765,1.0,,1.0,15983
ptt22_trained_motion_detector,ptt22_outer_oof,window,macro_average_ovr,macro,154,0.77,1.0,,1.0,15983
ptt22_trained_motion_detector,ptt22_outer_oof,window,macro_average_ovr,macro,155,0.775,1.0,,1.0,15983
ptt22_trained_motion_detector,ptt22_outer_oof,window,macro_average_ovr,macro,156,0.78,1.0,,1.0,15983
ptt22_trained_motion_detector,ptt22_outer_oof,window,macro_average_ovr,macro,157,0.785,1.0,,1.0,15983
ptt22_trained_motion_detector,ptt22_outer_oof,window,macro_average_ovr,macro,158,0.79,1.0,,1.0,15983
ptt22_trained_motion_detector,ptt22_outer_oof,window,macro_average_ovr,macro,159,0.795,1.0,,1.0,15983
ptt22_trained_motion_detector,ptt22_outer_oof,window,macro_average_ovr,macro,160,0.8,1.0,,1.0,15983
ptt22_trained_motion_detector,ptt22_outer_oof,window,macro_average_ovr,macro,161,0.805,1.0,,1.0,15983
ptt22_trained_motion_detector,ptt22_outer_oof,window,macro_average_ovr,macro,162,0.81,1.0,,1.0,15983
ptt22_trained_motion_detector,ptt22_outer_oof,window,macro_average_ovr,macro,163,0.8150000000000001,1.0,,1.0,15983
ptt22_trained_motion_detector,ptt22_outer_oof,window,macro_average_ovr,macro,164,0.8200000000000001,1.0,,1.0,15983
ptt22_trained_motion_detector,ptt22_outer_oof,window,macro_average_ovr,macro,165,0.8250000000000001,1.0,,1.0,15983
ptt22_trained_motion_detector,ptt22_outer_oof,window,macro_average_ovr,macro,166,0.8300000000000001,1.0,,1.0,15983
ptt22_trained_motion_detector,ptt22_outer_oof,window,macro_average_ovr,macro,167,0.835,1.0,,1.0,15983
ptt22_trained_motion_detector,ptt22_outer_oof,window,macro_average_ovr,macro,168,0.84,1.0,,1.0,15983
ptt22_trained_motion_detector,ptt22_outer_oof,window,macro_average_ovr,macro,169,0.845,1.0,,1.0,15983
ptt22_trained_motion_detector,ptt22_outer_oof,window,macro_average_ovr,macro,170,0.85,1.0,,1.0,15983
ptt22_trained_motion_detector,ptt22_outer_oof,window,macro_average_ovr,macro,171,0.855,1.0,,1.0,15983
ptt22_trained_motion_detector,ptt22_outer_oof,window,macro_average_ovr,macro,172,0.86,1.0,,1.0,15983
ptt22_trained_motion_detector,ptt22_outer_oof,window,macro_average_ovr,macro,173,0.865,1.0,,1.0,15983
ptt22_trained_motion_detector,ptt22_outer_oof,window,macro_average_ovr,macro,174,0.87,1.0,,1.0,15983
ptt22_trained_motion_detector,ptt22_outer_oof,window,macro_average_ovr,macro,175,0.875,1.0,,1.0,15983
ptt22_trained_motion_detector,ptt22_outer_oof,window,macro_average_ovr,macro,176,0.88,1.0,,1.0,15983
ptt22_trained_motion_detector,ptt22_outer_oof,window,macro_average_ovr,macro,177,0.885,1.0,,1.0,15983
ptt22_trained_motion_detector,ptt22_outer_oof,window,macro_average_ovr,macro,178,0.89,1.0,,1.0,15983
ptt22_trained_motion_detector,ptt22_outer_oof,window,macro_average_ovr,macro,179,0.895,1.0,,1.0,15983
ptt22_trained_motion_detector,ptt22_outer_oof,window,macro_average_ovr,macro,180,0.9,1.0,,1.0,15983
ptt22_trained_motion_detector,ptt22_outer_oof,window,macro_average_ovr,macro,181,0.905,1.0,,1.0,15983
ptt22_trained_motion_detector,ptt22_outer_oof,window,macro_average_ovr,macro,182,0.91,1.0,,1.0,15983
ptt22_trained_motion_detector,ptt22_outer_oof,window,macro_average_ovr,macro,183,0.915,1.0,,1.0,15983
ptt22_trained_motion_detector,ptt22_outer_oof,window,macro_average_ovr,macro,184,0.92,1.0,,1.0,15983
ptt22_trained_motion_detector,ptt22_outer_oof,window,macro_average_ovr,macro,185,0.925,1.0,,1.0,15983
ptt22_trained_motion_detector,ptt22_outer_oof,window,macro_average_ovr,macro,186,0.93,1.0,,1.0,15983
ptt22_trained_motion_detector,ptt22_outer_oof,window,macro_average_ovr,macro,187,0.935,1.0,,1.0,15983
ptt22_trained_motion_detector,ptt22_outer_oof,window,macro_average_ovr,macro,188,0.9400000000000001,1.0,,1.0,15983
ptt22_trained_motion_detector,ptt22_outer_oof,window,macro_average_ovr,macro,189,0.9450000000000001,1.0,,1.0,15983
ptt22_trained_motion_detector,ptt22_outer_oof,window,macro_average_ovr,macro,190,0.9500000000000001,1.0,,1.0,15983
ptt22_trained_motion_detector,ptt22_outer_oof,window,macro_average_ovr,macro,191,0.9550000000000001,1.0,,1.0,15983
ptt22_trained_motion_detector,ptt22_outer_oof,window,macro_average_ovr,macro,192,0.96,1.0,,1.0,15983
ptt22_trained_motion_detector,ptt22_outer_oof,window,macro_average_ovr,macro,193,0.965,1.0,,1.0,15983
ptt22_trained_motion_detector,ptt22_outer_oof,window,macro_average_ovr,macro,194,0.97,1.0,,1.0,15983
ptt22_trained_motion_detector,ptt22_outer_oof,window,macro_average_ovr,macro,195,0.975,1.0,,1.0,15983
ptt22_trained_motion_detector,ptt22_outer_oof,window,macro_average_ovr,macro,196,0.98,1.0,,1.0,15983
ptt22_trained_motion_detector,ptt22_outer_oof,window,macro_average_ovr,macro,197,0.985,1.0,,1.0,15983
ptt22_trained_motion_detector,ptt22_outer_oof,window,macro_average_ovr,macro,198,0.99,1.0,,1.0,15983
ptt22_trained_motion_detector,ptt22_outer_oof,window,macro_average_ovr,macro,199,0.995,1.0,,1.0,15983
ptt22_trained_motion_detector,ptt22_outer_oof,window,macro_average_ovr,macro,200,1.0,1.0,,1.0,15983
ptt22_trained_motion_detector,ptt22_trained_to_frailty29,file,one_vs_rest,0,0,0.0,0.0,,0.5674433053743398,256
ptt22_trained_motion_detector,ptt22_trained_to_frailty29,file,one_vs_rest,0,1,0.0,0.041379310344827586,1.0728836059570312e-06,0.5674433053743398,256
ptt22_trained_motion_detector,ptt22_trained_to_frailty29,file,one_vs_rest,0,2,0.8648648648648649,0.9655172413793104,9.5367431640625e-07,0.5674433053743398,256
ptt22_trained_motion_detector,ptt22_trained_to_frailty29,file,one_vs_rest,0,3,0.9099099099099099,0.9655172413793104,8.940696716308594e-07,0.5674433053743398,256
ptt22_trained_motion_detector,ptt22_trained_to_frailty29,file,one_vs_rest,0,4,1.0,1.0,8.344650268554688e-07,0.5674433053743398,256
ptt22_trained_motion_detector,ptt22_trained_to_frailty29,file,one_vs_rest,1,0,0.0,0.0,,0.5674433053743398,256
ptt22_trained_motion_detector,ptt22_trained_to_frailty29,file,one_vs_rest,1,1,0.034482758620689655,0.09009009009009009,0.9999991655349731,0.5674433053743398,256
ptt22_trained_motion_detector,ptt22_trained_to_frailty29,file,one_vs_rest,1,2,0.034482758620689655,0.13513513513513514,0.9999991059303284,0.5674433053743398,256
ptt22_trained_motion_detector,ptt22_trained_to_frailty29,file,one_vs_rest,1,3,0.9586206896551724,1.0,0.9999990463256836,0.5674433053743398,256
ptt22_trained_motion_detector,ptt22_trained_to_frailty29,file,one_vs_rest,1,4,1.0,1.0,0.999998927116394,0.5674433053743398,256
ptt22_trained_motion_detector,ptt22_trained_to_frailty29,file,macro_average_ovr,macro,0,0.0,0.020689655172413793,,0.5674856884163177,256
ptt22_trained_motion_detector,ptt22_trained_to_frailty29,file,macro_average_ovr,macro,1,0.005,0.029892522910841875,,0.5674856884163177,256
ptt22_trained_motion_detector,ptt22_trained_to_frailty29,file,macro_average_ovr,macro,2,0.01,0.03909539064926996,,0.5674856884163177,256
ptt22_trained_motion_detector,ptt22_trained_to_frailty29,file,macro_average_ovr,macro,3,0.015,0.04829825838769804,,0.5674856884163177,256
ptt22_trained_motion_detector,ptt22_trained_to_frailty29,file,macro_average_ovr,macro,4,0.02,0.05750112612612612,,0.5674856884163177,256
ptt22_trained_motion_detector,ptt22_trained_to_frailty29,file,macro_average_ovr,macro,5,0.025,0.06670399386455421,,0.5674856884163177,256
ptt22_trained_motion_detector,ptt22_trained_to_frailty29,file,macro_average_ovr,macro,6,0.03,0.0759068616029823,,0.5674856884163177,256
ptt22_trained_motion_detector,ptt22_trained_to_frailty29,file,macro_average_ovr,macro,7,0.035,0.1071986092661112,,0.5674856884163177,256
ptt22_trained_motion_detector,ptt22_trained_to_frailty29,file,macro_average_ovr,macro,8,0.04,0.1122095985589295,,0.5674856884163177,256
ptt22_trained_motion_detector,ptt22_trained_to_frailty29,file,macro_average_ovr,macro,9,0.045,0.11722058785174778,,0.5674856884163177,256
ptt22_trained_motion_detector,ptt22_trained_to_frailty29,file,macro_average_ovr,macro,10,0.05,0.12223157714456609,,0.5674856884163177,256
ptt22_trained_motion_detector,ptt22_trained_to_frailty29,file,macro_average_ovr,macro,11,0.055,0.12724256643738438,,0.5674856884163177,256
ptt22_trained_motion_detector,ptt22_trained_to_frailty29,file,macro_average_ovr,macro,12,0.06,0.13225355573020267,,0.5674856884163177,256
ptt22_trained_motion_detector,ptt22_trained_to_frailty29,file,macro_average_ovr,macro,13,0.065,0.137264545023021,,0.5674856884163177,256
ptt22_trained_motion_detector,ptt22_trained_to_frailty29,file,macro_average_ovr,macro,14,0.07,0.14227553431583928,,0.5674856884163177,256
ptt22_trained_motion_detector,ptt22_trained_to_frailty29,file,macro_average_ovr,macro,15,0.075,0.14728652360865757,,0.5674856884163177,256
ptt22_trained_motion_detector,ptt22_trained_to_frailty29,file,macro_average_ovr,macro,16,0.08,0.15229751290147586,,0.5674856884163177,256
ptt22_trained_motion_detector,ptt22_trained_to_frailty29,file,macro_average_ovr,macro,17,0.085,0.15730850219429415,,0.5674856884163177,256
ptt22_trained_motion_detector,ptt22_trained_to_frailty29,file,macro_average_ovr,macro,18,0.09,0.16231949148711244,,0.5674856884163177,256
ptt22_trained_motion_detector,ptt22_trained_to_frailty29,file,macro_average_ovr,macro,19,0.095,0.16733048077993073,,0.5674856884163177,256
ptt22_trained_motion_detector,ptt22_trained_to_frailty29,file,macro_average_ovr,macro,20,0.1,0.17234147007274903,,0.5674856884163177,256
ptt22_trained_motion_detector,ptt22_trained_to_frailty29,file,macro_average_ovr,macro,21,0.105,0.17735245936556732,,0.5674856884163177,256
ptt22_trained_motion_detector,ptt22_trained_to_frailty29,file,macro_average_ovr,macro,22,0.11,0.1823634486583856,,0.5674856884163177,256
ptt22_trained_motion_detector,ptt22_trained_to_frailty29,file,macro_average_ovr,macro,23,0.115,0.1873744379512039,,0.5674856884163177,256
ptt22_trained_motion_detector,ptt22_trained_to_frailty29,file,macro_average_ovr,macro,24,0.12,0.1923854272440222,,0.5674856884163177,256
ptt22_trained_motion_detector,ptt22_trained_to_frailty29,file,macro_average_ovr,macro,25,0.125,0.19739641653684048,,0.5674856884163177,256
ptt22_trained_motion_detector,ptt22_trained_to_frailty29,file,macro_average_ovr,macro,26,0.13,0.2024074058296588,,0.5674856884163177,256
ptt22_trained_motion_detector,ptt22_trained_to_frailty29,file,macro_average_ovr,macro,27,0.135,0.20741839512247712,,0.5674856884163177,256
ptt22_trained_motion_detector,ptt22_trained_to_frailty29,file,macro_average_ovr,macro,28,0.14,0.2124293844152954,,0.5674856884163177,256
ptt22_trained_motion_detector,ptt22_trained_to_frailty29,file,macro_average_ovr,macro,29,0.145,0.21744037370811367,,0.5674856884163177,256
ptt22_trained_motion_detector,ptt22_trained_to_frailty29,file,macro_average_ovr,macro,30,0.15,0.222451363000932,,0.5674856884163177,256
ptt22_trained_motion_detector,ptt22_trained_to_frailty29,file,macro_average_ovr,macro,31,0.155,0.22746235229375028,,0.5674856884163177,256
ptt22_trained_motion_detector,ptt22_trained_to_frailty29,file,macro_average_ovr,macro,32,0.16,0.23247334158656857,,0.5674856884163177,256
ptt22_trained_motion_detector,ptt22_trained_to_frailty29,file,macro_average_ovr,macro,33,0.165,0.23748433087938686,,0.5674856884163177,256
ptt22_trained_motion_detector,ptt22_trained_to_frailty29,file,macro_average_ovr,macro,34,0.17,0.24249532017220515,,0.5674856884163177,256
ptt22_trained_motion_detector,ptt22_trained_to_frailty29,file,macro_average_ovr,macro,35,0.17500000000000002,0.24750630946502347,,0.5674856884163177,256
ptt22_trained_motion_detector,ptt22_trained_to_frailty29,file,macro_average_ovr,macro,36,0.18,0.25251729875784173,,0.5674856884163177,256
ptt22_trained_motion_detector,ptt22_trained_to_frailty29,file,macro_average_ovr,macro,37,0.185,0.25752828805066,,0.5674856884163177,256
ptt22_trained_motion_detector,ptt22_trained_to_frailty29,file,macro_average_ovr,macro,38,0.19,0.2625392773434783,,0.5674856884163177,256
ptt22_trained_motion_detector,ptt22_trained_to_frailty29,file,macro_average_ovr,macro,39,0.195,0.2675502666362966,,0.5674856884163177,256
ptt22_trained_motion_detector,ptt22_trained_to_frailty29,file,macro_average_ovr,macro,40,0.2,0.2725612559291149,,0.5674856884163177,256
ptt22_trained_motion_detector,ptt22_trained_to_frailty29,file,macro_average_ovr,macro,41,0.20500000000000002,0.27757224522193324,,0.5674856884163177,256
ptt22_trained_motion_detector,ptt22_trained_to_frailty29,file,macro_average_ovr,macro,42,0.21,0.2825832345147515,,0.5674856884163177,256
ptt22_trained_motion_detector,ptt22_trained_to_frailty29,file,macro_average_ovr,macro,43,0.215,0.2875942238075698,,0.5674856884163177,256
ptt22_trained_motion_detector,ptt22_trained_to_frailty29,file,macro_average_ovr,macro,44,0.22,0.2926052131003881,,0.5674856884163177,256
ptt22_trained_motion_detector,ptt22_trained_to_frailty29,file,macro_average_ovr,macro,45,0.225,0.2976162023932064,,0.5674856884163177,256
ptt22_trained_motion_detector,ptt22_trained_to_frailty29,file,macro_average_ovr,macro,46,0.23,0.3026271916860247,,0.5674856884163177,256
ptt22_trained_motion_detector,ptt22_trained_to_frailty29,file,macro_average_ovr,macro,47,0.23500000000000001,0.307638180978843,,0.5674856884163177,256
ptt22_trained_motion_detector,ptt22_trained_to_frailty29,file,macro_average_ovr,macro,48,0.24,0.3126491702716613,,0.5674856884163177,256
ptt22_trained_motion_detector,ptt22_trained_to_frailty29,file,macro_average_ovr,macro,49,0.245,0.31766015956447957,,0.5674856884163177,256
ptt22_trained_motion_detector,ptt22_trained_to_frailty29,file,macro_average_ovr,macro,50,0.25,0.32267114885729786,,0.5674856884163177,256
ptt22_trained_motion_detector,ptt22_trained_to_frailty29,file,macro_average_ovr,macro,51,0.255,0.32768213815011615,,0.5674856884163177,256
ptt22_trained_motion_detector,ptt22_trained_to_frailty29,file,macro_average_ovr,macro,52,0.26,0.33269312744293444,,0.5674856884163177,256
ptt22_trained_motion_detector,ptt22_trained_to_frailty29,file,macro_average_ovr,macro,53,0.265,0.33770411673575274,,0.5674856884163177,256
ptt22_trained_motion_detector,ptt22_trained_to_frailty29,file,macro_average_ovr,macro,54,0.27,0.342715106028571,,0.5674856884163177,256
ptt22_trained_motion_detector,ptt22_trained_to_frailty29,file,macro_average_ovr,macro,55,0.275,0.3477260953213894,,0.5674856884163177,256
ptt22_trained_motion_detector,ptt22_trained_to_frailty29,file,macro_average_ovr,macro,56,0.28,0.35273708461420766,,0.5674856884163177,256
ptt22_trained_motion_detector,ptt22_trained_to_frailty29,file,macro_average_ovr,macro,57,0.28500000000000003,0.35774807390702595,,0.5674856884163177,256
ptt22_trained_motion_detector,ptt22_trained_to_frailty29,file,macro_average_ovr,macro,58,0.29,0.3627590631998442,,0.5674856884163177,256
ptt22_trained_motion_detector,ptt22_trained_to_frailty29,file,macro_average_ovr,macro,59,0.295,0.3677700524926625,,0.5674856884163177,256
ptt22_trained_motion_detector,ptt22_trained_to_frailty29,file,macro_average_ovr,macro,60,0.3,0.37278104178548077,,0.5674856884163177,256
ptt22_trained_motion_detector,ptt22_trained_to_frailty29,file,macro_average_ovr,macro,61,0.305,0.3777920310782991,,0.5674856884163177,256
ptt22_trained_motion_detector,ptt22_trained_to_frailty29,file,macro_average_ovr,macro,62,0.31,0.38280302037111735,,0.5674856884163177,256
ptt22_trained_motion_detector,ptt22_trained_to_frailty29,file,macro_average_ovr,macro,63,0.315,0.3878140096639357,,0.5674856884163177,256
ptt22_trained_motion_detector,ptt22_trained_to_frailty29,file,macro_average_ovr,macro,64,0.32,0.39282499895675393,,0.5674856884163177,256
ptt22_trained_motion_detector,ptt22_trained_to_frailty29,file,macro_average_ovr,macro,65,0.325,0.3978359882495723,,0.5674856884163177,256
ptt22_trained_motion_detector,ptt22_trained_to_frailty29,file,macro_average_ovr,macro,66,0.33,0.40284697754239057,,0.5674856884163177,256
ptt22_trained_motion_detector,ptt22_trained_to_frailty29,file,macro_average_ovr,macro,67,0.335,0.4078579668352089,,0.5674856884163177,256
ptt22_trained_motion_detector,ptt22_trained_to_frailty29,file,macro_average_ovr,macro,68,0.34,0.41286895612802715,,0.5674856884163177,256
ptt22_trained_motion_detector,ptt22_trained_to_frailty29,file,macro_average_ovr,macro,69,0.34500000000000003,0.4178799454208455,,0.5674856884163177,256
ptt22_trained_motion_detector,ptt22_trained_to_frailty29,file,macro_average_ovr,macro,70,0.35000000000000003,0.4228909347136638,,0.5674856884163177,256
ptt22_trained_motion_detector,ptt22_trained_to_frailty29,file,macro_average_ovr,macro,71,0.355,0.4279019240064821,,0.5674856884163177,256
ptt22_trained_motion_detector,ptt22_trained_to_frailty29,file,macro_average_ovr,macro,72,0.36,0.4329129132993003,,0.5674856884163177,256
ptt22_trained_motion_detector,ptt22_trained_to_frailty29,file,macro_average_ovr,macro,73,0.365,0.43792390259211866,,0.5674856884163177,256
ptt22_trained_motion_detector,ptt22_trained_to_frailty29,file,macro_average_ovr,macro,74,0.37,0.4429348918849369,,0.5674856884163177,256
ptt22_trained_motion_detector,ptt22_trained_to_frailty29,file,macro_average_ovr,macro,75,0.375,0.44794588117775525,,0.5674856884163177,256
ptt22_trained_motion_detector,ptt22_trained_to_frailty29,file,macro_average_ovr,macro,76,0.38,0.45295687047057354,,0.5674856884163177,256
ptt22_trained_motion_detector,ptt22_trained_to_frailty29,file,macro_average_ovr,macro,77,0.385,0.4579678597633918,,0.5674856884163177,256
ptt22_trained_motion_detector,ptt22_trained_to_frailty29,file,macro_average_ovr,macro,78,0.39,0.4629788490562101,,0.5674856884163177,256
ptt22_trained_motion_detector,ptt22_trained_to_frailty29,file,macro_average_ovr,macro,79,0.395,0.4679898383490284,,0.5674856884163177,256
ptt22_trained_motion_detector,ptt22_trained_to_frailty29,file,macro_average_ovr,macro,80,0.4,0.4730008276418467,,0.5674856884163177,256
ptt22_trained_motion_detector,ptt22_trained_to_frailty29,file,macro_average_ovr,macro,81,0.405,0.478011816934665,,0.5674856884163177,256
ptt22_trained_motion_detector,ptt22_trained_to_frailty29,file,macro_average_ovr,macro,82,0.41000000000000003,0.48302280622748334,,0.5674856884163177,256
ptt22_trained_motion_detector,ptt22_trained_to_frailty29,file,macro_average_ovr,macro,83,0.41500000000000004,0.48803379552030157,,0.5674856884163177,256
ptt22_trained_motion_detector,ptt22_trained_to_frailty29,file,macro_average_ovr,macro,84,0.42,0.49304478481311986,,0.5674856884163177,256
ptt22_trained_motion_detector,ptt22_trained_to_frailty29,file,macro_average_ovr,macro,85,0.425,0.49805577410593815,,0.5674856884163177,256
ptt22_trained_motion_detector,ptt22_trained_to_frailty29,file,macro_average_ovr,macro,86,0.43,0.5030667633987564,,0.5674856884163177,256
ptt22_trained_motion_detector,ptt22_trained_to_frailty29,file,macro_average_ovr,macro,87,0.435,0.5080777526915747,,0.5674856884163177,256
ptt22_trained_motion_detector,ptt22_trained_to_frailty29,file,macro_average_ovr,macro,88,0.44,0.513088741984393,,0.5674856884163177,256
ptt22_trained_motion_detector,ptt22_trained_to_frailty29,file,macro_average_ovr,macro,89,0.445,0.5180997312772113,,0.5674856884163177,256
ptt22_trained_motion_detector,ptt22_trained_to_frailty29,file,macro_average_ovr,macro,90,0.45,0.5231107205700296,,0.5674856884163177,256
ptt22_trained_motion_detector,ptt22_trained_to_frailty29,file,macro_average_ovr,macro,91,0.455,0.5281217098628479,,0.5674856884163177,256
ptt22_trained_motion_detector,ptt22_trained_to_frailty29,file,macro_average_ovr,macro,92,0.46,0.5331326991556662,,0.5674856884163177,256
ptt22_trained_motion_detector,ptt22_trained_to_frailty29,file,macro_average_ovr,macro,93,0.465,0.5381436884484845,,0.5674856884163177,256
ptt22_trained_motion_detector,ptt22_trained_to_frailty29,file,macro_average_ovr,macro,94,0.47000000000000003,0.5431546777413028,,0.5674856884163177,256
ptt22_trained_motion_detector,ptt22_trained_to_frailty29,file,macro_average_ovr,macro,95,0.47500000000000003,0.5481656670341211,,0.5674856884163177,256
ptt22_trained_motion_detector,ptt22_trained_to_frailty29,file,macro_average_ovr,macro,96,0.48,0.5531766563269394,,0.5674856884163177,256
ptt22_trained_motion_detector,ptt22_trained_to_frailty29,file,macro_average_ovr,macro,97,0.485,0.5581876456197576,,0.5674856884163177,256
ptt22_trained_motion_detector,ptt22_trained_to_frailty29,file,macro_average_ovr,macro,98,0.49,0.5631986349125759,,0.5674856884163177,256
ptt22_trained_motion_detector,ptt22_trained_to_frailty29,file,macro_average_ovr,macro,99,0.495,0.5682096242053942,,0.5674856884163177,256
ptt22_trained_motion_detector,ptt22_trained_to_frailty29,file,macro_average_ovr,macro,100,0.5,0.5732206134982125,,0.5674856884163177,256
ptt22_trained_motion_detector,ptt22_trained_to_frailty29,file,macro_average_ovr,macro,101,0.505,0.5782316027910309,,0.5674856884163177,256
ptt22_trained_motion_detector,ptt22_trained_to_frailty29,file,macro_average_ovr,macro,102,0.51,0.5832425920838491,,0.5674856884163177,256
ptt22_trained_motion_detector,ptt22_trained_to_frailty29,file,macro_average_ovr,macro,103,0.515,0.5882535813766674,,0.5674856884163177,256
ptt22_trained_motion_detector,ptt22_trained_to_frailty29,file,macro_average_ovr,macro,104,0.52,0.5932645706694857,,0.5674856884163177,256
ptt22_trained_motion_detector,ptt22_trained_to_frailty29,file,macro_average_ovr,macro,105,0.525,0.5982755599623041,,0.5674856884163177,256
ptt22_trained_motion_detector,ptt22_trained_to_frailty29,file,macro_average_ovr,macro,106,0.53,0.6032865492551224,,0.5674856884163177,256
ptt22_trained_motion_detector,ptt22_trained_to_frailty29,file,macro_average_ovr,macro,107,0.535,0.6082975385479408,,0.5674856884163177,256
ptt22_trained_motion_detector,ptt22_trained_to_frailty29,file,macro_average_ovr,macro,108,0.54,0.613308527840759,,0.5674856884163177,256
ptt22_trained_motion_detector,ptt22_trained_to_frailty29,file,macro_average_ovr,macro,109,0.545,0.6183195171335774,,0.5674856884163177,256
ptt22_trained_motion_detector,ptt22_trained_to_frailty29,file,macro_average_ovr,macro,110,0.55,0.6233305064263955,,0.5674856884163177,256
ptt22_trained_motion_detector,ptt22_trained_to_frailty29,file,macro_average_ovr,macro,111,0.555,0.6283414957192139,,0.5674856884163177,256
ptt22_trained_motion_detector,ptt22_trained_to_frailty29,file,macro_average_ovr,macro,112,0.56,0.6333524850120322,,0.5674856884163177,256
ptt22_trained_motion_detector,ptt22_trained_to_frailty29,file,macro_average_ovr,macro,113,0.5650000000000001,0.6383634743048505,,0.5674856884163177,256
ptt22_trained_motion_detector,ptt22_trained_to_frailty29,file,macro_average_ovr,macro,114,0.5700000000000001,0.6433744635976688,,0.5674856884163177,256
ptt22_trained_motion_detector,ptt22_trained_to_frailty29,file,macro_average_ovr,macro,115,0.5750000000000001,0.6483854528904871,,0.5674856884163177,256
ptt22_trained_motion_detector,ptt22_trained_to_frailty29,file,macro_average_ovr,macro,116,0.58,0.6533964421833054,,0.5674856884163177,256
ptt22_trained_motion_detector,ptt22_trained_to_frailty29,file,macro_average_ovr,macro,117,0.585,0.6584074314761235,,0.5674856884163177,256
ptt22_trained_motion_detector,ptt22_trained_to_frailty29,file,macro_average_ovr,macro,118,0.59,0.6634184207689419,,0.5674856884163177,256
ptt22_trained_motion_detector,ptt22_trained_to_frailty29,file,macro_average_ovr,macro,119,0.595,0.6684294100617602,,0.5674856884163177,256
ptt22_trained_motion_detector,ptt22_trained_to_frailty29,file,macro_average_ovr,macro,120,0.6,0.6734403993545786,,0.5674856884163177,256
ptt22_trained_motion_detector,ptt22_trained_to_frailty29,file,macro_average_ovr,macro,121,0.605,0.6784513886473968,,0.5674856884163177,256
ptt22_trained_motion_detector,ptt22_trained_to_frailty29,file,macro_average_ovr,macro,122,0.61,0.683462377940215,,0.5674856884163177,256
ptt22_trained_motion_detector,ptt22_trained_to_frailty29,file,macro_average_ovr,macro,123,0.615,0.6884733672330333,,0.5674856884163177,256
ptt22_trained_motion_detector,ptt22_trained_to_frailty29,file,macro_average_ovr,macro,124,0.62,0.6934843565258517,,0.5674856884163177,256
ptt22_trained_motion_detector,ptt22_trained_to_frailty29,file,macro_average_ovr,macro,125,0.625,0.69849534581867,,0.5674856884163177,256
ptt22_trained_motion_detector,ptt22_trained_to_frailty29,file,macro_average_ovr,macro,126,0.63,0.7035063351114883,,0.5674856884163177,256
ptt22_trained_motion_detector,ptt22_trained_to_frailty29,file,macro_average_ovr,macro,127,0.635,0.7085173244043066,,0.5674856884163177,256
ptt22_trained_motion_detector,ptt22_trained_to_frailty29,file,macro_average_ovr,macro,128,0.64,0.7135283136971249,,0.5674856884163177,256
ptt22_trained_motion_detector,ptt22_trained_to_frailty29,file,macro_average_ovr,macro,129,0.645,0.7185393029899432,,0.5674856884163177,256
ptt22_trained_motion_detector,ptt22_trained_to_frailty29,file,macro_average_ovr,macro,130,0.65,0.7235502922827615,,0.5674856884163177,256
ptt22_trained_motion_detector,ptt22_trained_to_frailty29,file,macro_average_ovr,macro,131,0.655,0.7285612815755798,,0.5674856884163177,256
ptt22_trained_motion_detector,ptt22_trained_to_frailty29,file,macro_average_ovr,macro,132,0.66,0.733572270868398,,0.5674856884163177,256
ptt22_trained_motion_detector,ptt22_trained_to_frailty29,file,macro_average_ovr,macro,133,0.665,0.7385832601612163,,0.5674856884163177,256
ptt22_trained_motion_detector,ptt22_trained_to_frailty29,file,macro_average_ovr,macro,134,0.67,0.7435942494540346,,0.5674856884163177,256
ptt22_trained_motion_detector,ptt22_trained_to_frailty29,file,macro_average_ovr,macro,135,0.675,0.7486052387468529,,0.5674856884163177,256
ptt22_trained_motion_detector,ptt22_trained_to_frailty29,file,macro_average_ovr,macro,136,0.68,0.7536162280396712,,0.5674856884163177,256
ptt22_trained_motion_detector,ptt22_trained_to_frailty29,file,macro_average_ovr,macro,137,0.685,0.7586272173324895,,0.5674856884163177,256
ptt22_trained_motion_detector,ptt22_trained_to_frailty29,file,macro_average_ovr,macro,138,0.6900000000000001,0.7636382066253078,,0.5674856884163177,256
ptt22_trained_motion_detector,ptt22_trained_to_frailty29,file,macro_average_ovr,macro,139,0.6950000000000001,0.7686491959181261,,0.5674856884163177,256
ptt22_trained_motion_detector,ptt22_trained_to_frailty29,file,macro_average_ovr,macro,140,0.7000000000000001,0.7736601852109445,,0.5674856884163177,256
ptt22_trained_motion_detector,ptt22_trained_to_frailty29,file,macro_average_ovr,macro,141,0.705,0.7786711745037627,,0.5674856884163177,256
ptt22_trained_motion_detector,ptt22_trained_to_frailty29,file,macro_average_ovr,macro,142,0.71,0.783682163796581,,0.5674856884163177,256
ptt22_trained_motion_detector,ptt22_trained_to_frailty29,file,macro_average_ovr,macro,143,0.715,0.7886931530893992,,0.5674856884163177,256
ptt22_trained_motion_detector,ptt22_trained_to_frailty29,file,macro_average_ovr,macro,144,0.72,0.7937041423822175,,0.5674856884163177,256
ptt22_trained_motion_detector,ptt22_trained_to_frailty29,file,macro_average_ovr,macro,145,0.725,0.7987151316750358,,0.5674856884163177,256
ptt22_trained_motion_detector,ptt22_trained_to_frailty29,file,macro_average_ovr,macro,146,0.73,0.8037261209678541,,0.5674856884163177,256
ptt22_trained_motion_detector,ptt22_trained_to_frailty29,file,macro_average_ovr,macro,147,0.735,0.8087371102606724,,0.5674856884163177,256
ptt22_trained_motion_detector,ptt22_trained_to_frailty29,file,macro_average_ovr,macro,148,0.74,0.8137480995534907,,0.5674856884163177,256
ptt22_trained_motion_detector,ptt22_trained_to_frailty29,file,macro_average_ovr,macro,149,0.745,0.818759088846309,,0.5674856884163177,256
ptt22_trained_motion_detector,ptt22_trained_to_frailty29,file,macro_average_ovr,macro,150,0.75,0.8237700781391273,,0.5674856884163177,256
ptt22_trained_motion_detector,ptt22_trained_to_frailty29,file,macro_average_ovr,macro,151,0.755,0.8287810674319456,,0.5674856884163177,256
ptt22_trained_motion_detector,ptt22_trained_to_frailty29,file,macro_average_ovr,macro,152,0.76,0.8337920567247639,,0.5674856884163177,256
ptt22_trained_motion_detector,ptt22_trained_to_frailty29,file,macro_average_ovr,macro,153,0.765,0.8388030460175823,,0.5674856884163177,256
ptt22_trained_motion_detector,ptt22_trained_to_frailty29,file,macro_average_ovr,macro,154,0.77,0.8438140353104006,,0.5674856884163177,256
ptt22_trained_motion_detector,ptt22_trained_to_frailty29,file,macro_average_ovr,macro,155,0.775,0.8488250246032187,,0.5674856884163177,256
ptt22_trained_motion_detector,ptt22_trained_to_frailty29,file,macro_average_ovr,macro,156,0.78,0.853836013896037,,0.5674856884163177,256
ptt22_trained_motion_detector,ptt22_trained_to_frailty29,file,macro_average_ovr,macro,157,0.785,0.8588470031888554,,0.5674856884163177,256
ptt22_trained_motion_detector,ptt22_trained_to_frailty29,file,macro_average_ovr,macro,158,0.79,0.8638579924816737,,0.5674856884163177,256
ptt22_trained_motion_detector,ptt22_trained_to_frailty29,file,macro_average_ovr,macro,159,0.795,0.8688689817744921,,0.5674856884163177,256
ptt22_trained_motion_detector,ptt22_trained_to_frailty29,file,macro_average_ovr,macro,160,0.8,0.8738799710673102,,0.5674856884163177,256
ptt22_trained_motion_detector,ptt22_trained_to_frailty29,file,macro_average_ovr,macro,161,0.805,0.8788909603601286,,0.5674856884163177,256
ptt22_trained_motion_detector,ptt22_trained_to_frailty29,file,macro_average_ovr,macro,162,0.81,0.883901949652947,,0.5674856884163177,256
ptt22_trained_motion_detector,ptt22_trained_to_frailty29,file,macro_average_ovr,macro,163,0.8150000000000001,0.8889129389457653,,0.5674856884163177,256
ptt22_trained_motion_detector,ptt22_trained_to_frailty29,file,macro_average_ovr,macro,164,0.8200000000000001,0.8939239282385836,,0.5674856884163177,256
ptt22_trained_motion_detector,ptt22_trained_to_frailty29,file,macro_average_ovr,macro,165,0.8250000000000001,0.8989349175314018,,0.5674856884163177,256
ptt22_trained_motion_detector,ptt22_trained_to_frailty29,file,macro_average_ovr,macro,166,0.8300000000000001,0.9039459068242202,,0.5674856884163177,256
ptt22_trained_motion_detector,ptt22_trained_to_frailty29,file,macro_average_ovr,macro,167,0.835,0.9089568961170382,,0.5674856884163177,256
ptt22_trained_motion_detector,ptt22_trained_to_frailty29,file,macro_average_ovr,macro,168,0.84,0.9139678854098565,,0.5674856884163177,256
ptt22_trained_motion_detector,ptt22_trained_to_frailty29,file,macro_average_ovr,macro,169,0.845,0.9189788747026748,,0.5674856884163177,256
ptt22_trained_motion_detector,ptt22_trained_to_frailty29,file,macro_average_ovr,macro,170,0.85,0.9239898639954932,,0.5674856884163177,256
ptt22_trained_motion_detector,ptt22_trained_to_frailty29,file,macro_average_ovr,macro,171,0.855,0.9290008532883115,,0.5674856884163177,256
ptt22_trained_motion_detector,ptt22_trained_to_frailty29,file,macro_average_ovr,macro,172,0.86,0.9340118425811297,,0.5674856884163177,256
ptt22_trained_motion_detector,ptt22_trained_to_frailty29,file,macro_average_ovr,macro,173,0.865,0.938950633598086,,0.5674856884163177,256
ptt22_trained_motion_detector,ptt22_trained_to_frailty29,file,macro_average_ovr,macro,174,0.87,0.9412902866840078,,0.5674856884163177,256
ptt22_trained_motion_detector,ptt22_trained_to_frailty29,file,macro_average_ovr,macro,175,0.875,0.9436299397699295,,0.5674856884163177,256
ptt22_trained_motion_detector,ptt22_trained_to_frailty29,file,macro_average_ovr,macro,176,0.88,0.9459695928558514,,0.5674856884163177,256
ptt22_trained_motion_detector,ptt22_trained_to_frailty29,file,macro_average_ovr,macro,177,0.885,0.948309245941773,,0.5674856884163177,256
ptt22_trained_motion_detector,ptt22_trained_to_frailty29,file,macro_average_ovr,macro,178,0.89,0.9506488990276947,,0.5674856884163177,256
ptt22_trained_motion_detector,ptt22_trained_to_frailty29,file,macro_average_ovr,macro,179,0.895,0.9529885521136165,,0.5674856884163177,256
ptt22_trained_motion_detector,ptt22_trained_to_frailty29,file,macro_average_ovr,macro,180,0.9,0.9553282051995382,,0.5674856884163177,256
ptt22_trained_motion_detector,ptt22_trained_to_frailty29,file,macro_average_ovr,macro,181,0.905,0.9576678582854601,,0.5674856884163177,256
ptt22_trained_motion_detector,ptt22_trained_to_frailty29,file,macro_average_ovr,macro,182,0.91,0.960024752750692,,0.5674856884163177,256
ptt22_trained_motion_detector,ptt22_trained_to_frailty29,file,macro_average_ovr,macro,183,0.915,0.9633213023883379,,0.5674856884163177,256
ptt22_trained_motion_detector,ptt22_trained_to_frailty29,file,macro_average_ovr,macro,184,0.92,0.9666178520259838,,0.5674856884163177,256
ptt22_trained_motion_detector,ptt22_trained_to_frailty29,file,macro_average_ovr,macro,185,0.925,0.9699144016636297,,0.5674856884163177,256
ptt22_trained_motion_detector,ptt22_trained_to_frailty29,file,macro_average_ovr,macro,186,0.93,0.9732109513012757,,0.5674856884163177,256
ptt22_trained_motion_detector,ptt22_trained_to_frailty29,file,macro_average_ovr,macro,187,0.935,0.9765075009389215,,0.5674856884163177,256
ptt22_trained_motion_detector,ptt22_trained_to_frailty29,file,macro_average_ovr,macro,188,0.9400000000000001,0.9798040505765673,,0.5674856884163177,256
ptt22_trained_motion_detector,ptt22_trained_to_frailty29,file,macro_average_ovr,macro,189,0.9450000000000001,0.9831006002142133,,0.5674856884163177,256
ptt22_trained_motion_detector,ptt22_trained_to_frailty29,file,macro_average_ovr,macro,190,0.9500000000000001,0.9863971498518591,,0.5674856884163177,256
ptt22_trained_motion_detector,ptt22_trained_to_frailty29,file,macro_average_ovr,macro,191,0.9550000000000001,0.9896936994895051,,0.5674856884163177,256
ptt22_trained_motion_detector,ptt22_trained_to_frailty29,file,macro_average_ovr,macro,192,0.96,0.9923448275862069,,0.5674856884163177,256
ptt22_trained_motion_detector,ptt22_trained_to_frailty29,file,macro_average_ovr,macro,193,0.965,0.993301724137931,,0.5674856884163177,256
ptt22_trained_motion_detector,ptt22_trained_to_frailty29,file,macro_average_ovr,macro,194,0.97,0.9942586206896551,,0.5674856884163177,256
ptt22_trained_motion_detector,ptt22_trained_to_frailty29,file,macro_average_ovr,macro,195,0.975,0.9952155172413792,,0.5674856884163177,256
ptt22_trained_motion_detector,ptt22_trained_to_frailty29,file,macro_average_ovr,macro,196,0.98,0.9961724137931034,,0.5674856884163177,256
ptt22_trained_motion_detector,ptt22_trained_to_frailty29,file,macro_average_ovr,macro,197,0.985,0.9971293103448275,,0.5674856884163177,256
ptt22_trained_motion_detector,ptt22_trained_to_frailty29,file,macro_average_ovr,macro,198,0.99,0.9980862068965517,,0.5674856884163177,256
ptt22_trained_motion_detector,ptt22_trained_to_frailty29,file,macro_average_ovr,macro,199,0.995,0.9990431034482758,,0.5674856884163177,256
ptt22_trained_motion_detector,ptt22_trained_to_frailty29,file,macro_average_ovr,macro,200,1.0,1.0,,0.5674856884163177,256
ptt22_trained_motion_detector,ptt22_trained_to_frailty29,window,one_vs_rest,0,0,0.0,0.0,,0.5634732731643438,21785
ptt22_trained_motion_detector,ptt22_trained_to_frailty29,window,one_vs_rest,0,1,0.0,4.702120656416044e-05,1.9073486328125e-06,0.5634732731643438,21785
ptt22_trained_motion_detector,ptt22_trained_to_frailty29,window,one_vs_rest,0,2,0.0,0.00018808482625664176,1.7881393432617188e-06,0.5634732731643438,21785
ptt22_trained_motion_detector,ptt22_trained_to_frailty29,window,one_vs_rest,0,3,0.0,0.00042319085907744394,1.6689300537109375e-06,0.5634732731643438,21785
ptt22_trained_motion_detector,ptt22_trained_to_frailty29,window,one_vs_rest,0,4,0.0,0.0007053180984624065,1.5497207641601562e-06,0.5634732731643438,21785
ptt22_trained_motion_detector,ptt22_trained_to_frailty29,window,one_vs_rest,0,5,0.0,0.0014576574034889736,1.430511474609375e-06,0.5634732731643438,21785
ptt22_trained_motion_detector,ptt22_trained_to_frailty29,window,one_vs_rest,0,6,0.0,0.004184887384210279,1.3113021850585938e-06,0.5634732731643438,21785
ptt22_trained_motion_detector,ptt22_trained_to_frailty29,window,one_vs_rest,0,7,0.0,0.010908919922885221,1.1920928955078125e-06,0.5634732731643438,21785
ptt22_trained_motion_detector,ptt22_trained_to_frailty29,window,one_vs_rest,0,8,0.0,0.05647246908355669,1.0728836059570312e-06,0.5634732731643438,21785
ptt22_trained_motion_detector,ptt22_trained_to_frailty29,window,one_vs_rest,0,9,0.888030888030888,0.964828137490008,9.5367431640625e-07,0.5634732731643438,21785
ptt22_trained_motion_detector,ptt22_trained_to_frailty29,window,one_vs_rest,0,10,1.0,1.0,8.344650268554688e-07,0.5634732731643438,21785
ptt22_trained_motion_detector,ptt22_trained_to_frailty29,window,one_vs_rest,1,0,0.0,0.0,,0.5634732731643438,21785
ptt22_trained_motion_detector,ptt22_trained_to_frailty29,window,one_vs_rest,1,1,0.035171862509992005,0.11196911196911197,0.9999991655349731,0.5634732731643438,21785
ptt22_trained_motion_detector,ptt22_trained_to_frailty29,window,one_vs_rest,1,2,0.9435275309164434,1.0,0.9999990463256836,0.5634732731643438,21785
ptt22_trained_motion_detector,ptt22_trained_to_frailty29,window,one_vs_rest,1,3,0.9890910800771148,1.0,0.999998927116394,0.5634732731643438,21785
ptt22_trained_motion_detector,ptt22_trained_to_frailty29,window,one_vs_rest,1,4,0.9958151126157897,1.0,0.9999988079071045,0.5634732731643438,21785
ptt22_trained_motion_detector,ptt22_trained_to_frailty29,window,one_vs_rest,1,5,0.998542342596511,1.0,0.9999986886978149,0.5634732731643438,21785
ptt22_trained_motion_detector,ptt22_trained_to_frailty29,window,one_vs_rest,1,6,0.9992946819015376,1.0,0.9999985694885254,0.5634732731643438,21785
ptt22_trained_motion_detector,ptt22_trained_to_frailty29,window,one_vs_rest,1,7,0.9995768091409225,1.0,0.9999984502792358,0.5634732731643438,21785
ptt22_trained_motion_detector,ptt22_trained_to_frailty29,window,one_vs_rest,1,8,0.9998119151737433,1.0,0.9999983310699463,0.5634732731643438,21785
ptt22_trained_motion_detector,ptt22_trained_to_frailty29,window,one_vs_rest,1,9,0.9999529787934358,1.0,0.9999982118606567,0.5634732731643438,21785
ptt22_trained_motion_detector,ptt22_trained_to_frailty29,window,one_vs_rest,1,10,1.0,1.0,0.9999980926513672,0.5634732731643438,21785
ptt22_trained_motion_detector,ptt22_trained_to_frailty29,window,macro_average_ovr,macro,0,0.0,0.028236234541778343,,0.5634704885748286,21785
ptt22_trained_motion_detector,ptt22_trained_to_frailty29,window,macro_average_ovr,macro,1,0.005,0.03875216680067965,,0.5634704885748286,21785
ptt22_trained_motion_detector,ptt22_trained_to_frailty29,window,macro_average_ovr,macro,2,0.01,0.04926809905958096,,0.5634704885748286,21785
ptt22_trained_motion_detector,ptt22_trained_to_frailty29,window,macro_average_ovr,macro,3,0.015,0.05978403131848228,,0.5634704885748286,21785
ptt22_trained_motion_detector,ptt22_trained_to_frailty29,window,macro_average_ovr,macro,4,0.02,0.07029996357738358,,0.5634704885748286,21785
ptt22_trained_motion_detector,ptt22_trained_to_frailty29,window,macro_average_ovr,macro,5,0.025,0.0808158958362849,,0.5634704885748286,21785
ptt22_trained_motion_detector,ptt22_trained_to_frailty29,window,macro_average_ovr,macro,6,0.03,0.0913318280951862,,0.5634704885748286,21785
ptt22_trained_motion_detector,ptt22_trained_to_frailty29,window,macro_average_ovr,macro,7,0.035,0.10184776035408752,,0.5634704885748286,21785
ptt22_trained_motion_detector,ptt22_trained_to_frailty29,window,macro_average_ovr,macro,8,0.04,0.10703859302813151,,0.5634704885748286,21785
ptt22_trained_motion_detector,ptt22_trained_to_frailty29,window,macro_average_ovr,macro,9,0.045,0.11203987331629067,,0.5634704885748286,21785
ptt22_trained_motion_detector,ptt22_trained_to_frailty29,window,macro_average_ovr,macro,10,0.05,0.11704115360444983,,0.5634704885748286,21785
ptt22_trained_motion_detector,ptt22_trained_to_frailty29,window,macro_average_ovr,macro,11,0.055,0.12204243389260899,,0.5634704885748286,21785
ptt22_trained_motion_detector,ptt22_trained_to_frailty29,window,macro_average_ovr,macro,12,0.06,0.12704371418076815,,0.5634704885748286,21785
ptt22_trained_motion_detector,ptt22_trained_to_frailty29,window,macro_average_ovr,macro,13,0.065,0.13204499446892734,,0.5634704885748286,21785
ptt22_trained_motion_detector,ptt22_trained_to_frailty29,window,macro_average_ovr,macro,14,0.07,0.1370462747570865,,0.5634704885748286,21785
ptt22_trained_motion_detector,ptt22_trained_to_frailty29,window,macro_average_ovr,macro,15,0.075,0.14204755504524563,,0.5634704885748286,21785
ptt22_trained_motion_detector,ptt22_trained_to_frailty29,window,macro_average_ovr,macro,16,0.08,0.14704883533340482,,0.5634704885748286,21785
ptt22_trained_motion_detector,ptt22_trained_to_frailty29,window,macro_average_ovr,macro,17,0.085,0.152050115621564,,0.5634704885748286,21785
ptt22_trained_motion_detector,ptt22_trained_to_frailty29,window,macro_average_ovr,macro,18,0.09,0.15705139590972314,,0.5634704885748286,21785
ptt22_trained_motion_detector,ptt22_trained_to_frailty29,window,macro_average_ovr,macro,19,0.095,0.16205267619788233,,0.5634704885748286,21785
ptt22_trained_motion_detector,ptt22_trained_to_frailty29,window,macro_average_ovr,macro,20,0.1,0.1670539564860415,,0.5634704885748286,21785
ptt22_trained_motion_detector,ptt22_trained_to_frailty29,window,macro_average_ovr,macro,21,0.105,0.17205523677420065,,0.5634704885748286,21785
ptt22_trained_motion_detector,ptt22_trained_to_frailty29,window,macro_average_ovr,macro,22,0.11,0.1770565170623598,,0.5634704885748286,21785
ptt22_trained_motion_detector,ptt22_trained_to_frailty29,window,macro_average_ovr,macro,23,0.115,0.18205779735051897,,0.5634704885748286,21785
ptt22_trained_motion_detector,ptt22_trained_to_frailty29,window,macro_average_ovr,macro,24,0.12,0.18705907763867813,,0.5634704885748286,21785
ptt22_trained_motion_detector,ptt22_trained_to_frailty29,window,macro_average_ovr,macro,25,0.125,0.1920603579268373,,0.5634704885748286,21785
ptt22_trained_motion_detector,ptt22_trained_to_frailty29,window,macro_average_ovr,macro,26,0.13,0.19706163821499645,,0.5634704885748286,21785
ptt22_trained_motion_detector,ptt22_trained_to_frailty29,window,macro_average_ovr,macro,27,0.135,0.20206291850315566,,0.5634704885748286,21785
ptt22_trained_motion_detector,ptt22_trained_to_frailty29,window,macro_average_ovr,macro,28,0.14,0.20706419879131482,,0.5634704885748286,21785
ptt22_trained_motion_detector,ptt22_trained_to_frailty29,window,macro_average_ovr,macro,29,0.145,0.21206547907947396,,0.5634704885748286,21785
ptt22_trained_motion_detector,ptt22_trained_to_frailty29,window,macro_average_ovr,macro,30,0.15,0.21706675936763312,,0.5634704885748286,21785
ptt22_trained_motion_detector,ptt22_trained_to_frailty29,window,macro_average_ovr,macro,31,0.155,0.2220680396557923,,0.5634704885748286,21785
ptt22_trained_motion_detector,ptt22_trained_to_frailty29,window,macro_average_ovr,macro,32,0.16,0.22706931994395146,,0.5634704885748286,21785
ptt22_trained_motion_detector,ptt22_trained_to_frailty29,window,macro_average_ovr,macro,33,0.165,0.23207060023211062,,0.5634704885748286,21785
ptt22_trained_motion_detector,ptt22_trained_to_frailty29,window,macro_average_ovr,macro,34,0.17,0.23707188052026978,,0.5634704885748286,21785
ptt22_trained_motion_detector,ptt22_trained_to_frailty29,window,macro_average_ovr,macro,35,0.17500000000000002,0.24207316080842894,,0.5634704885748286,21785
ptt22_trained_motion_detector,ptt22_trained_to_frailty29,window,macro_average_ovr,macro,36,0.18,0.24707444109658813,,0.5634704885748286,21785
ptt22_trained_motion_detector,ptt22_trained_to_frailty29,window,macro_average_ovr,macro,37,0.185,0.25207572138474726,,0.5634704885748286,21785
ptt22_trained_motion_detector,ptt22_trained_to_frailty29,window,macro_average_ovr,macro,38,0.19,0.2570770016729065,,0.5634704885748286,21785
ptt22_trained_motion_detector,ptt22_trained_to_frailty29,window,macro_average_ovr,macro,39,0.195,0.26207828196106564,,0.5634704885748286,21785
ptt22_trained_motion_detector,ptt22_trained_to_frailty29,window,macro_average_ovr,macro,40,0.2,0.2670795622492248,,0.5634704885748286,21785
ptt22_trained_motion_detector,ptt22_trained_to_frailty29,window,macro_average_ovr,macro,41,0.20500000000000002,0.27208084253738396,,0.5634704885748286,21785
ptt22_trained_motion_detector,ptt22_trained_to_frailty29,window,macro_average_ovr,macro,42,0.21,0.27708212282554306,,0.5634704885748286,21785
ptt22_trained_motion_detector,ptt22_trained_to_frailty29,window,macro_average_ovr,macro,43,0.215,0.2820834031137023,,0.5634704885748286,21785
ptt22_trained_motion_detector,ptt22_trained_to_frailty29,window,macro_average_ovr,macro,44,0.22,0.28708468340186144,,0.5634704885748286,21785
ptt22_trained_motion_detector,ptt22_trained_to_frailty29,window,macro_average_ovr,macro,45,0.225,0.2920859636900206,,0.5634704885748286,21785
ptt22_trained_motion_detector,ptt22_trained_to_frailty29,window,macro_average_ovr,macro,46,0.23,0.29708724397817976,,0.5634704885748286,21785
ptt22_trained_motion_detector,ptt22_trained_to_frailty29,window,macro_average_ovr,macro,47,0.23500000000000001,0.3020885242663389,,0.5634704885748286,21785
ptt22_trained_motion_detector,ptt22_trained_to_frailty29,window,macro_average_ovr,macro,48,0.24,0.3070898045544981,,0.5634704885748286,21785
ptt22_trained_motion_detector,ptt22_trained_to_frailty29,window,macro_average_ovr,macro,49,0.245,0.31209108484265724,,0.5634704885748286,21785
ptt22_trained_motion_detector,ptt22_trained_to_frailty29,window,macro_average_ovr,macro,50,0.25,0.3170923651308164,,0.5634704885748286,21785
ptt22_trained_motion_detector,ptt22_trained_to_frailty29,window,macro_average_ovr,macro,51,0.255,0.3220936454189756,,0.5634704885748286,21785
ptt22_trained_motion_detector,ptt22_trained_to_frailty29,window,macro_average_ovr,macro,52,0.26,0.3270949257071348,,0.5634704885748286,21785
ptt22_trained_motion_detector,ptt22_trained_to_frailty29,window,macro_average_ovr,macro,53,0.265,0.33209620599529394,,0.5634704885748286,21785
ptt22_trained_motion_detector,ptt22_trained_to_frailty29,window,macro_average_ovr,macro,54,0.27,0.33709748628345315,,0.5634704885748286,21785
ptt22_trained_motion_detector,ptt22_trained_to_frailty29,window,macro_average_ovr,macro,55,0.275,0.34209876657161226,,0.5634704885748286,21785
ptt22_trained_motion_detector,ptt22_trained_to_frailty29,window,macro_average_ovr,macro,56,0.28,0.34710004685977147,,0.5634704885748286,21785
ptt22_trained_motion_detector,ptt22_trained_to_frailty29,window,macro_average_ovr,macro,57,0.28500000000000003,0.35210132714793063,,0.5634704885748286,21785
ptt22_trained_motion_detector,ptt22_trained_to_frailty29,window,macro_average_ovr,macro,58,0.29,0.3571026074360897,,0.5634704885748286,21785
ptt22_trained_motion_detector,ptt22_trained_to_frailty29,window,macro_average_ovr,macro,59,0.295,0.3621038877242489,,0.5634704885748286,21785
ptt22_trained_motion_detector,ptt22_trained_to_frailty29,window,macro_average_ovr,macro,60,0.3,0.36710516801240806,,0.5634704885748286,21785
ptt22_trained_motion_detector,ptt22_trained_to_frailty29,window,macro_average_ovr,macro,61,0.305,0.37210644830056727,,0.5634704885748286,21785
ptt22_trained_motion_detector,ptt22_trained_to_frailty29,window,macro_average_ovr,macro,62,0.31,0.37710772858872643,,0.5634704885748286,21785
ptt22_trained_motion_detector,ptt22_trained_to_frailty29,window,macro_average_ovr,macro,63,0.315,0.3821090088768856,,0.5634704885748286,21785
ptt22_trained_motion_detector,ptt22_trained_to_frailty29,window,macro_average_ovr,macro,64,0.32,0.38711028916504475,,0.5634704885748286,21785
ptt22_trained_motion_detector,ptt22_trained_to_frailty29,window,macro_average_ovr,macro,65,0.325,0.3921115694532039,,0.5634704885748286,21785
ptt22_trained_motion_detector,ptt22_trained_to_frailty29,window,macro_average_ovr,macro,66,0.33,0.39711284974136307,,0.5634704885748286,21785
ptt22_trained_motion_detector,ptt22_trained_to_frailty29,window,macro_average_ovr,macro,67,0.335,0.40211413002952223,,0.5634704885748286,21785
ptt22_trained_motion_detector,ptt22_trained_to_frailty29,window,macro_average_ovr,macro,68,0.34,0.4071154103176814,,0.5634704885748286,21785
ptt22_trained_motion_detector,ptt22_trained_to_frailty29,window,macro_average_ovr,macro,69,0.34500000000000003,0.41211669060584055,,0.5634704885748286,21785
ptt22_trained_motion_detector,ptt22_trained_to_frailty29,window,macro_average_ovr,macro,70,0.35000000000000003,0.41711797089399977,,0.5634704885748286,21785
ptt22_trained_motion_detector,ptt22_trained_to_frailty29,window,macro_average_ovr,macro,71,0.355,0.42211925118215887,,0.5634704885748286,21785
ptt22_trained_motion_detector,ptt22_trained_to_frailty29,window,macro_average_ovr,macro,72,0.36,0.42712053147031803,,0.5634704885748286,21785
ptt22_trained_motion_detector,ptt22_trained_to_frailty29,window,macro_average_ovr,macro,73,0.365,0.4321218117584772,,0.5634704885748286,21785
ptt22_trained_motion_detector,ptt22_trained_to_frailty29,window,macro_average_ovr,macro,74,0.37,0.43712309204663635,,0.5634704885748286,21785
ptt22_trained_motion_detector,ptt22_trained_to_frailty29,window,macro_average_ovr,macro,75,0.375,0.4421243723347955,,0.5634704885748286,21785
ptt22_trained_motion_detector,ptt22_trained_to_frailty29,window,macro_average_ovr,macro,76,0.38,0.44712565262295473,,0.5634704885748286,21785
ptt22_trained_motion_detector,ptt22_trained_to_frailty29,window,macro_average_ovr,macro,77,0.385,0.4521269329111139,,0.5634704885748286,21785
ptt22_trained_motion_detector,ptt22_trained_to_frailty29,window,macro_average_ovr,macro,78,0.39,0.45712821319927305,,0.5634704885748286,21785
ptt22_trained_motion_detector,ptt22_trained_to_frailty29,window,macro_average_ovr,macro,79,0.395,0.46212949348743226,,0.5634704885748286,21785
ptt22_trained_motion_detector,ptt22_trained_to_frailty29,window,macro_average_ovr,macro,80,0.4,0.4671307737755914,,0.5634704885748286,21785
ptt22_trained_motion_detector,ptt22_trained_to_frailty29,window,macro_average_ovr,macro,81,0.405,0.4721320540637506,,0.5634704885748286,21785
ptt22_trained_motion_detector,ptt22_trained_to_frailty29,window,macro_average_ovr,macro,82,0.41000000000000003,0.47713333435190974,,0.5634704885748286,21785
ptt22_trained_motion_detector,ptt22_trained_to_frailty29,window,macro_average_ovr,macro,83,0.41500000000000004,0.4821346146400689,,0.5634704885748286,21785
ptt22_trained_motion_detector,ptt22_trained_to_frailty29,window,macro_average_ovr,macro,84,0.42,0.48713589492822806,,0.5634704885748286,21785
ptt22_trained_motion_detector,ptt22_trained_to_frailty29,window,macro_average_ovr,macro,85,0.425,0.49213717521638717,,0.5634704885748286,21785
ptt22_trained_motion_detector,ptt22_trained_to_frailty29,window,macro_average_ovr,macro,86,0.43,0.4971384555045464,,0.5634704885748286,21785
ptt22_trained_motion_detector,ptt22_trained_to_frailty29,window,macro_average_ovr,macro,87,0.435,0.5021397357927055,,0.5634704885748286,21785
ptt22_trained_motion_detector,ptt22_trained_to_frailty29,window,macro_average_ovr,macro,88,0.44,0.5071410160808647,,0.5634704885748286,21785
ptt22_trained_motion_detector,ptt22_trained_to_frailty29,window,macro_average_ovr,macro,89,0.445,0.5121422963690239,,0.5634704885748286,21785
ptt22_trained_motion_detector,ptt22_trained_to_frailty29,window,macro_average_ovr,macro,90,0.45,0.517143576657183,,0.5634704885748286,21785
ptt22_trained_motion_detector,ptt22_trained_to_frailty29,window,macro_average_ovr,macro,91,0.455,0.5221448569453422,,0.5634704885748286,21785
ptt22_trained_motion_detector,ptt22_trained_to_frailty29,window,macro_average_ovr,macro,92,0.46,0.5271461372335013,,0.5634704885748286,21785
ptt22_trained_motion_detector,ptt22_trained_to_frailty29,window,macro_average_ovr,macro,93,0.465,0.5321474175216605,,0.5634704885748286,21785
ptt22_trained_motion_detector,ptt22_trained_to_frailty29,window,macro_average_ovr,macro,94,0.47000000000000003,0.5371486978098197,,0.5634704885748286,21785
ptt22_trained_motion_detector,ptt22_trained_to_frailty29,window,macro_average_ovr,macro,95,0.47500000000000003,0.5421499780979789,,0.5634704885748286,21785
ptt22_trained_motion_detector,ptt22_trained_to_frailty29,window,macro_average_ovr,macro,96,0.48,0.547151258386138,,0.5634704885748286,21785
ptt22_trained_motion_detector,ptt22_trained_to_frailty29,window,macro_average_ovr,macro,97,0.485,0.5521525386742971,,0.5634704885748286,21785
ptt22_trained_motion_detector,ptt22_trained_to_frailty29,window,macro_average_ovr,macro,98,0.49,0.5571538189624563,,0.5634704885748286,21785
ptt22_trained_motion_detector,ptt22_trained_to_frailty29,window,macro_average_ovr,macro,99,0.495,0.5621550992506155,,0.5634704885748286,21785
ptt22_trained_motion_detector,ptt22_trained_to_frailty29,window,macro_average_ovr,macro,100,0.5,0.5671563795387747,,0.5634704885748286,21785
ptt22_trained_motion_detector,ptt22_trained_to_frailty29,window,macro_average_ovr,macro,101,0.505,0.5721576598269338,,0.5634704885748286,21785
ptt22_trained_motion_detector,ptt22_trained_to_frailty29,window,macro_average_ovr,macro,102,0.51,0.5771589401150929,,0.5634704885748286,21785
ptt22_trained_motion_detector,ptt22_trained_to_frailty29,window,macro_average_ovr,macro,103,0.515,0.5821602204032522,,0.5634704885748286,21785
ptt22_trained_motion_detector,ptt22_trained_to_frailty29,window,macro_average_ovr,macro,104,0.52,0.5871615006914113,,0.5634704885748286,21785
ptt22_trained_motion_detector,ptt22_trained_to_frailty29,window,macro_average_ovr,macro,105,0.525,0.5921627809795705,,0.5634704885748286,21785
ptt22_trained_motion_detector,ptt22_trained_to_frailty29,window,macro_average_ovr,macro,106,0.53,0.5971640612677297,,0.5634704885748286,21785
ptt22_trained_motion_detector,ptt22_trained_to_frailty29,window,macro_average_ovr,macro,107,0.535,0.6021653415558887,,0.5634704885748286,21785
ptt22_trained_motion_detector,ptt22_trained_to_frailty29,window,macro_average_ovr,macro,108,0.54,0.607166621844048,,0.5634704885748286,21785
ptt22_trained_motion_detector,ptt22_trained_to_frailty29,window,macro_average_ovr,macro,109,0.545,0.6121679021322072,,0.5634704885748286,21785
ptt22_trained_motion_detector,ptt22_trained_to_frailty29,window,macro_average_ovr,macro,110,0.55,0.6171691824203662,,0.5634704885748286,21785
ptt22_trained_motion_detector,ptt22_trained_to_frailty29,window,macro_average_ovr,macro,111,0.555,0.6221704627085255,,0.5634704885748286,21785
ptt22_trained_motion_detector,ptt22_trained_to_frailty29,window,macro_average_ovr,macro,112,0.56,0.6271717429966848,,0.5634704885748286,21785
ptt22_trained_motion_detector,ptt22_trained_to_frailty29,window,macro_average_ovr,macro,113,0.5650000000000001,0.6321730232848438,,0.5634704885748286,21785
ptt22_trained_motion_detector,ptt22_trained_to_frailty29,window,macro_average_ovr,macro,114,0.5700000000000001,0.6371743035730031,,0.5634704885748286,21785
ptt22_trained_motion_detector,ptt22_trained_to_frailty29,window,macro_average_ovr,macro,115,0.5750000000000001,0.6421755838611622,,0.5634704885748286,21785
ptt22_trained_motion_detector,ptt22_trained_to_frailty29,window,macro_average_ovr,macro,116,0.58,0.6471768641493212,,0.5634704885748286,21785
ptt22_trained_motion_detector,ptt22_trained_to_frailty29,window,macro_average_ovr,macro,117,0.585,0.6521781444374803,,0.5634704885748286,21785
ptt22_trained_motion_detector,ptt22_trained_to_frailty29,window,macro_average_ovr,macro,118,0.59,0.6571794247256395,,0.5634704885748286,21785
ptt22_trained_motion_detector,ptt22_trained_to_frailty29,window,macro_average_ovr,macro,119,0.595,0.6621807050137988,,0.5634704885748286,21785
ptt22_trained_motion_detector,ptt22_trained_to_frailty29,window,macro_average_ovr,macro,120,0.6,0.6671819853019578,,0.5634704885748286,21785
ptt22_trained_motion_detector,ptt22_trained_to_frailty29,window,macro_average_ovr,macro,121,0.605,0.6721832655901171,,0.5634704885748286,21785
ptt22_trained_motion_detector,ptt22_trained_to_frailty29,window,macro_average_ovr,macro,122,0.61,0.6771845458782763,,0.5634704885748286,21785
ptt22_trained_motion_detector,ptt22_trained_to_frailty29,window,macro_average_ovr,macro,123,0.615,0.6821858261664353,,0.5634704885748286,21785
ptt22_trained_motion_detector,ptt22_trained_to_frailty29,window,macro_average_ovr,macro,124,0.62,0.6871871064545946,,0.5634704885748286,21785
ptt22_trained_motion_detector,ptt22_trained_to_frailty29,window,macro_average_ovr,macro,125,0.625,0.6921883867427538,,0.5634704885748286,21785
ptt22_trained_motion_detector,ptt22_trained_to_frailty29,window,macro_average_ovr,macro,126,0.63,0.6971896670309129,,0.5634704885748286,21785
ptt22_trained_motion_detector,ptt22_trained_to_frailty29,window,macro_average_ovr,macro,127,0.635,0.7021909473190722,,0.5634704885748286,21785
ptt22_trained_motion_detector,ptt22_trained_to_frailty29,window,macro_average_ovr,macro,128,0.64,0.7071922276072313,,0.5634704885748286,21785
ptt22_trained_motion_detector,ptt22_trained_to_frailty29,window,macro_average_ovr,macro,129,0.645,0.7121935078953904,,0.5634704885748286,21785
ptt22_trained_motion_detector,ptt22_trained_to_frailty29,window,macro_average_ovr,macro,130,0.65,0.7171947881835496,,0.5634704885748286,21785
ptt22_trained_motion_detector,ptt22_trained_to_frailty29,window,macro_average_ovr,macro,131,0.655,0.7221960684717088,,0.5634704885748286,21785
ptt22_trained_motion_detector,ptt22_trained_to_frailty29,window,macro_average_ovr,macro,132,0.66,0.727197348759868,,0.5634704885748286,21785
ptt22_trained_motion_detector,ptt22_trained_to_frailty29,window,macro_average_ovr,macro,133,0.665,0.7321986290480271,,0.5634704885748286,21785
ptt22_trained_motion_detector,ptt22_trained_to_frailty29,window,macro_average_ovr,macro,134,0.67,0.7371999093361863,,0.5634704885748286,21785
ptt22_trained_motion_detector,ptt22_trained_to_frailty29,window,macro_average_ovr,macro,135,0.675,0.7422011896243454,,0.5634704885748286,21785
ptt22_trained_motion_detector,ptt22_trained_to_frailty29,window,macro_average_ovr,macro,136,0.68,0.7472024699125046,,0.5634704885748286,21785
ptt22_trained_motion_detector,ptt22_trained_to_frailty29,window,macro_average_ovr,macro,137,0.685,0.7522037502006638,,0.5634704885748286,21785
ptt22_trained_motion_detector,ptt22_trained_to_frailty29,window,macro_average_ovr,macro,138,0.6900000000000001,0.7572050304888229,,0.5634704885748286,21785
ptt22_trained_motion_detector,ptt22_trained_to_frailty29,window,macro_average_ovr,macro,139,0.6950000000000001,0.7622063107769821,,0.5634704885748286,21785
ptt22_trained_motion_detector,ptt22_trained_to_frailty29,window,macro_average_ovr,macro,140,0.7000000000000001,0.7672075910651414,,0.5634704885748286,21785
ptt22_trained_motion_detector,ptt22_trained_to_frailty29,window,macro_average_ovr,macro,141,0.705,0.7722088713533004,,0.5634704885748286,21785
ptt22_trained_motion_detector,ptt22_trained_to_frailty29,window,macro_average_ovr,macro,142,0.71,0.7772101516414595,,0.5634704885748286,21785
ptt22_trained_motion_detector,ptt22_trained_to_frailty29,window,macro_average_ovr,macro,143,0.715,0.7822114319296187,,0.5634704885748286,21785
ptt22_trained_motion_detector,ptt22_trained_to_frailty29,window,macro_average_ovr,macro,144,0.72,0.7872127122177779,,0.5634704885748286,21785
ptt22_trained_motion_detector,ptt22_trained_to_frailty29,window,macro_average_ovr,macro,145,0.725,0.792213992505937,,0.5634704885748286,21785
ptt22_trained_motion_detector,ptt22_trained_to_frailty29,window,macro_average_ovr,macro,146,0.73,0.7972152727940962,,0.5634704885748286,21785
ptt22_trained_motion_detector,ptt22_trained_to_frailty29,window,macro_average_ovr,macro,147,0.735,0.8022165530822554,,0.5634704885748286,21785
ptt22_trained_motion_detector,ptt22_trained_to_frailty29,window,macro_average_ovr,macro,148,0.74,0.8072178333704145,,0.5634704885748286,21785
ptt22_trained_motion_detector,ptt22_trained_to_frailty29,window,macro_average_ovr,macro,149,0.745,0.8122191136585737,,0.5634704885748286,21785
ptt22_trained_motion_detector,ptt22_trained_to_frailty29,window,macro_average_ovr,macro,150,0.75,0.8172203939467328,,0.5634704885748286,21785
ptt22_trained_motion_detector,ptt22_trained_to_frailty29,window,macro_average_ovr,macro,151,0.755,0.822221674234892,,0.5634704885748286,21785
ptt22_trained_motion_detector,ptt22_trained_to_frailty29,window,macro_average_ovr,macro,152,0.76,0.8272229545230512,,0.5634704885748286,21785
ptt22_trained_motion_detector,ptt22_trained_to_frailty29,window,macro_average_ovr,macro,153,0.765,0.8322242348112104,,0.5634704885748286,21785
ptt22_trained_motion_detector,ptt22_trained_to_frailty29,window,macro_average_ovr,macro,154,0.77,0.8372255150993695,,0.5634704885748286,21785
ptt22_trained_motion_detector,ptt22_trained_to_frailty29,window,macro_average_ovr,macro,155,0.775,0.8422267953875286,,0.5634704885748286,21785
ptt22_trained_motion_detector,ptt22_trained_to_frailty29,window,macro_average_ovr,macro,156,0.78,0.8472280756756879,,0.5634704885748286,21785
ptt22_trained_motion_detector,ptt22_trained_to_frailty29,window,macro_average_ovr,macro,157,0.785,0.852229355963847,,0.5634704885748286,21785
ptt22_trained_motion_detector,ptt22_trained_to_frailty29,window,macro_average_ovr,macro,158,0.79,0.8572306362520062,,0.5634704885748286,21785
ptt22_trained_motion_detector,ptt22_trained_to_frailty29,window,macro_average_ovr,macro,159,0.795,0.8622319165401655,,0.5634704885748286,21785
ptt22_trained_motion_detector,ptt22_trained_to_frailty29,window,macro_average_ovr,macro,160,0.8,0.8672331968283244,,0.5634704885748286,21785
ptt22_trained_motion_detector,ptt22_trained_to_frailty29,window,macro_average_ovr,macro,161,0.805,0.8722344771164837,,0.5634704885748286,21785
ptt22_trained_motion_detector,ptt22_trained_to_frailty29,window,macro_average_ovr,macro,162,0.81,0.877235757404643,,0.5634704885748286,21785
ptt22_trained_motion_detector,ptt22_trained_to_frailty29,window,macro_average_ovr,macro,163,0.8150000000000001,0.882237037692802,,0.5634704885748286,21785
ptt22_trained_motion_detector,ptt22_trained_to_frailty29,window,macro_average_ovr,macro,164,0.8200000000000001,0.8872383179809613,,0.5634704885748286,21785
ptt22_trained_motion_detector,ptt22_trained_to_frailty29,window,macro_average_ovr,macro,165,0.8250000000000001,0.8922395982691205,,0.5634704885748286,21785
ptt22_trained_motion_detector,ptt22_trained_to_frailty29,window,macro_average_ovr,macro,166,0.8300000000000001,0.8972408785572796,,0.5634704885748286,21785
ptt22_trained_motion_detector,ptt22_trained_to_frailty29,window,macro_average_ovr,macro,167,0.835,0.9022421588454386,,0.5634704885748286,21785
ptt22_trained_motion_detector,ptt22_trained_to_frailty29,window,macro_average_ovr,macro,168,0.84,0.9072434391335977,,0.5634704885748286,21785
ptt22_trained_motion_detector,ptt22_trained_to_frailty29,window,macro_average_ovr,macro,169,0.845,0.912244719421757,,0.5634704885748286,21785
ptt22_trained_motion_detector,ptt22_trained_to_frailty29,window,macro_average_ovr,macro,170,0.85,0.917245999709916,,0.5634704885748286,21785
ptt22_trained_motion_detector,ptt22_trained_to_frailty29,window,macro_average_ovr,macro,171,0.855,0.9222472799980753,,0.5634704885748286,21785
ptt22_trained_motion_detector,ptt22_trained_to_frailty29,window,macro_average_ovr,macro,172,0.86,0.9272485602862346,,0.5634704885748286,21785
ptt22_trained_motion_detector,ptt22_trained_to_frailty29,window,macro_average_ovr,macro,173,0.865,0.9322498405743935,,0.5634704885748286,21785
ptt22_trained_motion_detector,ptt22_trained_to_frailty29,window,macro_average_ovr,macro,174,0.87,0.9372511208625528,,0.5634704885748286,21785
ptt22_trained_motion_detector,ptt22_trained_to_frailty29,window,macro_average_ovr,macro,175,0.875,0.9422524011507121,,0.5634704885748286,21785
ptt22_trained_motion_detector,ptt22_trained_to_frailty29,window,macro_average_ovr,macro,176,0.88,0.9472536814388711,,0.5634704885748286,21785
ptt22_trained_motion_detector,ptt22_trained_to_frailty29,window,macro_average_ovr,macro,177,0.885,0.9522549617270304,,0.5634704885748286,21785
ptt22_trained_motion_detector,ptt22_trained_to_frailty29,window,macro_average_ovr,macro,178,0.89,0.9565584218605186,,0.5634704885748286,21785
ptt22_trained_motion_detector,ptt22_trained_to_frailty29,window,macro_average_ovr,macro,179,0.895,0.9597877862657391,,0.5634704885748286,21785
ptt22_trained_motion_detector,ptt22_trained_to_frailty29,window,macro_average_ovr,macro,180,0.9,0.9630171506709595,,0.5634704885748286,21785
ptt22_trained_motion_detector,ptt22_trained_to_frailty29,window,macro_average_ovr,macro,181,0.905,0.9662465150761799,,0.5634704885748286,21785
ptt22_trained_motion_detector,ptt22_trained_to_frailty29,window,macro_average_ovr,macro,182,0.91,0.9694758794814002,,0.5634704885748286,21785
ptt22_trained_motion_detector,ptt22_trained_to_frailty29,window,macro_average_ovr,macro,183,0.915,0.9727052438866206,,0.5634704885748286,21785
ptt22_trained_motion_detector,ptt22_trained_to_frailty29,window,macro_average_ovr,macro,184,0.92,0.9759346082918411,,0.5634704885748286,21785
ptt22_trained_motion_detector,ptt22_trained_to_frailty29,window,macro_average_ovr,macro,185,0.925,0.9791639726970615,,0.5634704885748286,21785
ptt22_trained_motion_detector,ptt22_trained_to_frailty29,window,macro_average_ovr,macro,186,0.93,0.9823933371022818,,0.5634704885748286,21785
ptt22_trained_motion_detector,ptt22_trained_to_frailty29,window,macro_average_ovr,macro,187,0.935,0.9856227015075023,,0.5634704885748286,21785
ptt22_trained_motion_detector,ptt22_trained_to_frailty29,window,macro_average_ovr,macro,188,0.9400000000000001,0.9888520659127227,,0.5634704885748286,21785
ptt22_trained_motion_detector,ptt22_trained_to_frailty29,window,macro_average_ovr,macro,189,0.9450000000000001,0.9913616692852614,,0.5634704885748286,21785
ptt22_trained_motion_detector,ptt22_trained_to_frailty29,window,macro_average_ovr,macro,190,0.9500000000000001,0.9921469720775105,,0.5634704885748286,21785
ptt22_trained_motion_detector,ptt22_trained_to_frailty29,window,macro_average_ovr,macro,191,0.9550000000000001,0.9929322748697593,,0.5634704885748286,21785
ptt22_trained_motion_detector,ptt22_trained_to_frailty29,window,macro_average_ovr,macro,192,0.96,0.9937175776620083,,0.5634704885748286,21785
ptt22_trained_motion_detector,ptt22_trained_to_frailty29,window,macro_average_ovr,macro,193,0.965,0.9945028804542573,,0.5634704885748286,21785
ptt22_trained_motion_detector,ptt22_trained_to_frailty29,window,macro_average_ovr,macro,194,0.97,0.9952881832465063,,0.5634704885748286,21785
ptt22_trained_motion_detector,ptt22_trained_to_frailty29,window,macro_average_ovr,macro,195,0.975,0.9960734860387552,,0.5634704885748286,21785
ptt22_trained_motion_detector,ptt22_trained_to_frailty29,window,macro_average_ovr,macro,196,0.98,0.9968587888310041,,0.5634704885748286,21785
ptt22_trained_motion_detector,ptt22_trained_to_frailty29,window,macro_average_ovr,macro,197,0.985,0.9976440916232532,,0.5634704885748286,21785
ptt22_trained_motion_detector,ptt22_trained_to_frailty29,window,macro_average_ovr,macro,198,0.99,0.998429394415502,,0.5634704885748286,21785
ptt22_trained_motion_detector,ptt22_trained_to_frailty29,window,macro_average_ovr,macro,199,0.995,0.999214697207751,,0.5634704885748286,21785
ptt22_trained_motion_detector,ptt22_trained_to_frailty29,window,macro_average_ovr,macro,200,1.0,1.0,,0.5634704885748286,21785
