source_study,source_kind,source_file,size_bytes,sha256
20260630_0630_overfitting_sweep_generalization_rank2,root_manifest_or_run_table,/home/trinker/Code/github/PPG-Frailty-pipeline/results_frailty3/_overfitting_sweep/20260630_0630_overfitting_sweep_generalization_rank2/overfitting_manifest.json,287353,f11bd597370c64a2821032171290c5190ae25dd1b595b71802881dc8c9361050
20260630_0630_overfitting_sweep_generalization_rank2,root_manifest_or_run_table,/home/trinker/Code/github/PPG-Frailty-pipeline/results_frailty3/_overfitting_sweep/20260630_0630_overfitting_sweep_generalization_rank2/overfitting_runs.csv,1955764,77c3a1f3d0f6956f8b5b26c4e258ed815c75201417085769135d6d5d39188ca1
20260630_0630_overfitting_sweep_generalization_rank2,root_manifest_or_run_table,/home/trinker/Code/github/PPG-Frailty-pipeline/results_frailty3/_overfitting_sweep/20260630_0630_overfitting_sweep_generalization_rank2/overfitting_summary.csv,489690,5947300456922c41490d03adab1025a5e61161143552cff0b154792afc08e721
20260630_0630_overfitting_sweep_generalization_rank2,consumed_report_json,/home/trinker/Code/github/PPG-Frailty-pipeline/results_frailty3/_overfitting_sweep/20260630_0630_overfitting_sweep_generalization_rank2/reports/gen_001/rank02_r1_inceptiontime_extra-0_seq5_ov50_cv5_static_only_seed42_report.json,24968,bbac39b75e57a62734d4a075104c9e7990ec2e49f5c6a4e39cbd84ed6a9f247b
20260630_0630_overfitting_sweep_generalization_rank2,consumed_report_json,/home/trinker/Code/github/PPG-Frailty-pipeline/results_frailty3/_overfitting_sweep/20260630_0630_overfitting_sweep_generalization_rank2/reports/gen_001/rank02_r2_inceptiontime_extra-0_seq5_ov50_cv5_static_only_seed10042_report.json,24981,6d99dc5bb97d6e72df82783cec5a79d8f81f39d412c14ef6db3edffff59bf415
20260630_0630_overfitting_sweep_generalization_rank2,consumed_report_json,/home/trinker/Code/github/PPG-Frailty-pipeline/results_frailty3/_overfitting_sweep/20260630_0630_overfitting_sweep_generalization_rank2/reports/gen_001/rank02_r3_inceptiontime_extra-0_seq5_ov50_cv5_static_only_seed20042_report.json,25078,2f7d95da7fbf0a5b38e64565fa6d2838d2dff3f7550c34b588a98925a015f525
20260630_0630_overfitting_sweep_generalization_rank2,consumed_report_json,/home/trinker/Code/github/PPG-Frailty-pipeline/results_frailty3/_overfitting_sweep/20260630_0630_overfitting_sweep_generalization_rank2/reports/gen_001/rank02_r4_inceptiontime_extra-0_seq5_ov50_cv5_static_only_seed30042_report.json,25054,609a72f83923ae4a37e43f40e1075eb16fdcdf9552a5485d90a0afdf6d7970ee
20260630_0630_overfitting_sweep_generalization_rank2,consumed_report_json,/home/trinker/Code/github/PPG-Frailty-pipeline/results_frailty3/_overfitting_sweep/20260630_0630_overfitting_sweep_generalization_rank2/reports/gen_001/rank02_r5_inceptiontime_extra-0_seq5_ov50_cv5_static_only_seed40042_report.json,24952,2033b9f6ac75bf5ac4991ca909ca5c94943d446c05df9d11f14b3018551672d0
20260630_0630_overfitting_sweep_generalization_rank2,consumed_report_json,/home/trinker/Code/github/PPG-Frailty-pipeline/results_frailty3/_overfitting_sweep/20260630_0630_overfitting_sweep_generalization_rank2/reports/gen_002/rank02_r1_inceptiontime_extra-0_seq5_ov50_cv5_static_only_seed42_report.json,24963,48502e5532e483682160a4cea11feb47d8b5e7686731dbdd2533c714f4003436
20260630_0630_overfitting_sweep_generalization_rank2,consumed_report_json,/home/trinker/Code/github/PPG-Frailty-pipeline/results_frailty3/_overfitting_sweep/20260630_0630_overfitting_sweep_generalization_rank2/reports/gen_002/rank02_r2_inceptiontime_extra-0_seq5_ov50_cv5_static_only_seed10042_report.json,24988,a0b8051adcac82ced4f1e0e1fa8703660bfabb762a3b93d58e73b14705d1c6c7
20260630_0630_overfitting_sweep_generalization_rank2,consumed_report_json,/home/trinker/Code/github/PPG-Frailty-pipeline/results_frailty3/_overfitting_sweep/20260630_0630_overfitting_sweep_generalization_rank2/reports/gen_002/rank02_r3_inceptiontime_extra-0_seq5_ov50_cv5_static_only_seed20042_report.json,24997,d29d7cc8033b7e25c2109f86e7564ba0b34e4345cfb0b611b0b4172aac07ba96
20260630_0630_overfitting_sweep_generalization_rank2,consumed_report_json,/home/trinker/Code/github/PPG-Frailty-pipeline/results_frailty3/_overfitting_sweep/20260630_0630_overfitting_sweep_generalization_rank2/reports/gen_002/rank02_r4_inceptiontime_extra-0_seq5_ov50_cv5_static_only_seed30042_report.json,24939,058c02a70c17c0511b9fb344504cea94b2ee03810f3a8968f99528ab65fc0e81
20260630_0630_overfitting_sweep_generalization_rank2,consumed_report_json,/home/trinker/Code/github/PPG-Frailty-pipeline/results_frailty3/_overfitting_sweep/20260630_0630_overfitting_sweep_generalization_rank2/reports/gen_002/rank02_r5_inceptiontime_extra-0_seq5_ov50_cv5_static_only_seed40042_report.json,24963,86bd0376701ec86e8326aedcdf1b35372a3ca8134cc8c91b8841bca00e34dc19
20260630_0630_overfitting_sweep_generalization_rank2,consumed_report_json,/home/trinker/Code/github/PPG-Frailty-pipeline/results_frailty3/_overfitting_sweep/20260630_0630_overfitting_sweep_generalization_rank2/reports/gen_003/rank02_r1_inceptiontime_extra-0_seq5_ov50_cv5_static_only_seed42_report.json,24968,e663e812e0e550eb982e24a96cbc5d9aa39d042d1cdd459c60790e7568d2063b
20260630_0630_overfitting_sweep_generalization_rank2,consumed_report_json,/home/trinker/Code/github/PPG-Frailty-pipeline/results_frailty3/_overfitting_sweep/20260630_0630_overfitting_sweep_generalization_rank2/reports/gen_003/rank02_r2_inceptiontime_extra-0_seq5_ov50_cv5_static_only_seed10042_report.json,24974,41bae51cd8dab82bff6b16e9f50783dcb9486b6401fed8c7d103548f169a5359
20260630_0630_overfitting_sweep_generalization_rank2,consumed_report_json,/home/trinker/Code/github/PPG-Frailty-pipeline/results_frailty3/_overfitting_sweep/20260630_0630_overfitting_sweep_generalization_rank2/reports/gen_003/rank02_r3_inceptiontime_extra-0_seq5_ov50_cv5_static_only_seed20042_report.json,25093,48bb88285b40ceed30e520417b0c6871f904b078584416810deb6b3eda2ca0ce
20260630_0630_overfitting_sweep_generalization_rank2,consumed_report_json,/home/trinker/Code/github/PPG-Frailty-pipeline/results_frailty3/_overfitting_sweep/20260630_0630_overfitting_sweep_generalization_rank2/reports/gen_003/rank02_r4_inceptiontime_extra-0_seq5_ov50_cv5_static_only_seed30042_report.json,24994,c132e09ad5839bc6829855d6d5739d0af1920ae453c07a797585475adaa62d5e
20260630_0630_overfitting_sweep_generalization_rank2,consumed_report_json,/home/trinker/Code/github/PPG-Frailty-pipeline/results_frailty3/_overfitting_sweep/20260630_0630_overfitting_sweep_generalization_rank2/reports/gen_003/rank02_r5_inceptiontime_extra-0_seq5_ov50_cv5_static_only_seed40042_report.json,24930,19f393ce55bf3b73e6c7ff2e00568f4fa7653f45e647f6931b0868f73ec577a2
20260630_0630_overfitting_sweep_generalization_rank2,consumed_report_json,/home/trinker/Code/github/PPG-Frailty-pipeline/results_frailty3/_overfitting_sweep/20260630_0630_overfitting_sweep_generalization_rank2/reports/gen_004/rank02_r1_inceptiontime_extra-0_seq5_ov50_cv5_static_only_seed42_report.json,25003,54243dda080ef00f412006d3f3016b82b3df82a5fe3dc3d4f063d7a37dc89f1d
20260630_0630_overfitting_sweep_generalization_rank2,consumed_report_json,/home/trinker/Code/github/PPG-Frailty-pipeline/results_frailty3/_overfitting_sweep/20260630_0630_overfitting_sweep_generalization_rank2/reports/gen_004/rank02_r2_inceptiontime_extra-0_seq5_ov50_cv5_static_only_seed10042_report.json,24864,bf015776586c49b4f704238054a5da49bd0b312f42400251d84aa5b6fedc4f57
20260630_0630_overfitting_sweep_generalization_rank2,consumed_report_json,/home/trinker/Code/github/PPG-Frailty-pipeline/results_frailty3/_overfitting_sweep/20260630_0630_overfitting_sweep_generalization_rank2/reports/gen_004/rank02_r3_inceptiontime_extra-0_seq5_ov50_cv5_static_only_seed20042_report.json,24913,e3a553d14a01f1f03bc13b28abcb7b1404cf99d8dd94c5558cebbd6130c432f4
20260630_0630_overfitting_sweep_generalization_rank2,consumed_report_json,/home/trinker/Code/github/PPG-Frailty-pipeline/results_frailty3/_overfitting_sweep/20260630_0630_overfitting_sweep_generalization_rank2/reports/gen_004/rank02_r4_inceptiontime_extra-0_seq5_ov50_cv5_static_only_seed30042_report.json,24991,71a60b4cbdb0f0d0754282022f1fd19f730c5f5349c713b854b81f0a6e0681cf
20260630_0630_overfitting_sweep_generalization_rank2,consumed_report_json,/home/trinker/Code/github/PPG-Frailty-pipeline/results_frailty3/_overfitting_sweep/20260630_0630_overfitting_sweep_generalization_rank2/reports/gen_004/rank02_r5_inceptiontime_extra-0_seq5_ov50_cv5_static_only_seed40042_report.json,25011,31fe7db7a18323a532d28113a52b28869daf37734b3a12820f94045f7844fa8c
20260630_0630_overfitting_sweep_generalization_rank2,consumed_report_json,/home/trinker/Code/github/PPG-Frailty-pipeline/results_frailty3/_overfitting_sweep/20260630_0630_overfitting_sweep_generalization_rank2/reports/gen_005/rank02_r1_inceptiontime_extra-0_seq5_ov50_cv5_static_only_seed42_report.json,24989,93401ac458b1ea7a4abe73b06234795017f86e3b788ab1774a3be3ba4bec2c55
20260630_0630_overfitting_sweep_generalization_rank2,consumed_report_json,/home/trinker/Code/github/PPG-Frailty-pipeline/results_frailty3/_overfitting_sweep/20260630_0630_overfitting_sweep_generalization_rank2/reports/gen_005/rank02_r2_inceptiontime_extra-0_seq5_ov50_cv5_static_only_seed10042_report.json,25034,2206d1c6fa56c0c4dae2307e85d2600aebfec1946222b8a34b4c5a5578ec42b3
20260630_0630_overfitting_sweep_generalization_rank2,consumed_report_json,/home/trinker/Code/github/PPG-Frailty-pipeline/results_frailty3/_overfitting_sweep/20260630_0630_overfitting_sweep_generalization_rank2/reports/gen_005/rank02_r3_inceptiontime_extra-0_seq5_ov50_cv5_static_only_seed20042_report.json,25076,51de41886f8a3694458f08c56a409a84a326127e53882476815ecac16fcf5166
20260630_0630_overfitting_sweep_generalization_rank2,consumed_report_json,/home/trinker/Code/github/PPG-Frailty-pipeline/results_frailty3/_overfitting_sweep/20260630_0630_overfitting_sweep_generalization_rank2/reports/gen_005/rank02_r4_inceptiontime_extra-0_seq5_ov50_cv5_static_only_seed30042_report.json,24937,ebc9332378756e03c9d0cd0cabff92a7637ed17940be10c0ac034ceab802b5ea
20260630_0630_overfitting_sweep_generalization_rank2,consumed_report_json,/home/trinker/Code/github/PPG-Frailty-pipeline/results_frailty3/_overfitting_sweep/20260630_0630_overfitting_sweep_generalization_rank2/reports/gen_005/rank02_r5_inceptiontime_extra-0_seq5_ov50_cv5_static_only_seed40042_report.json,25078,d72d249f935c8210751e40e77cb8f68c466fce7e3cab8d649e1f0cde29dcbc48
20260630_0630_overfitting_sweep_generalization_rank2,consumed_report_json,/home/trinker/Code/github/PPG-Frailty-pipeline/results_frailty3/_overfitting_sweep/20260630_0630_overfitting_sweep_generalization_rank2/reports/gen_006/rank02_r1_inceptiontime_extra-0_seq5_ov50_cv5_static_only_seed42_report.json,25070,a4f3261c60dc88114faef9d98f81552b026b0b2c5fb07d88255b1f720eb430d2
20260630_0630_overfitting_sweep_generalization_rank2,consumed_report_json,/home/trinker/Code/github/PPG-Frailty-pipeline/results_frailty3/_overfitting_sweep/20260630_0630_overfitting_sweep_generalization_rank2/reports/gen_006/rank02_r2_inceptiontime_extra-0_seq5_ov50_cv5_static_only_seed10042_report.json,24899,1dd1080281f35339aeddd27841c93f7bfd096a1e520d185547af7ca8e778a32b
20260630_0630_overfitting_sweep_generalization_rank2,consumed_report_json,/home/trinker/Code/github/PPG-Frailty-pipeline/results_frailty3/_overfitting_sweep/20260630_0630_overfitting_sweep_generalization_rank2/reports/gen_006/rank02_r3_inceptiontime_extra-0_seq5_ov50_cv5_static_only_seed20042_report.json,24953,23bc9ae27febc06c6c25b01d211a9f961820eb3b27f0cebc7f4adf847efba28a
20260630_0630_overfitting_sweep_generalization_rank2,consumed_report_json,/home/trinker/Code/github/PPG-Frailty-pipeline/results_frailty3/_overfitting_sweep/20260630_0630_overfitting_sweep_generalization_rank2/reports/gen_006/rank02_r4_inceptiontime_extra-0_seq5_ov50_cv5_static_only_seed30042_report.json,25089,159aab70b86a2c69892e2d3bb201c506175aa040afe94727c893dafdab4fbe65
20260630_0630_overfitting_sweep_generalization_rank2,consumed_report_json,/home/trinker/Code/github/PPG-Frailty-pipeline/results_frailty3/_overfitting_sweep/20260630_0630_overfitting_sweep_generalization_rank2/reports/gen_006/rank02_r5_inceptiontime_extra-0_seq5_ov50_cv5_static_only_seed40042_report.json,24977,d7e508e4e6daa38f37cbab86aac55cb322b5c978d8ea149126cd8ed71ee8056e
20260630_0630_overfitting_sweep_generalization_rank2,consumed_report_json,/home/trinker/Code/github/PPG-Frailty-pipeline/results_frailty3/_overfitting_sweep/20260630_0630_overfitting_sweep_generalization_rank2/reports/gen_007/rank02_r1_inceptiontime_extra-0_seq5_ov50_cv5_static_only_seed42_report.json,25007,d726f6066a96a2c95aca27d0e81b5c4875f1002ba876d5fc650164b641d1abde
20260630_0630_overfitting_sweep_generalization_rank2,consumed_report_json,/home/trinker/Code/github/PPG-Frailty-pipeline/results_frailty3/_overfitting_sweep/20260630_0630_overfitting_sweep_generalization_rank2/reports/gen_007/rank02_r2_inceptiontime_extra-0_seq5_ov50_cv5_static_only_seed10042_report.json,25041,33b586c4dc21cc7eff902e32b7c6992a0e3532497e76fbb5c59faeeb76a0c7a9
20260630_0630_overfitting_sweep_generalization_rank2,consumed_report_json,/home/trinker/Code/github/PPG-Frailty-pipeline/results_frailty3/_overfitting_sweep/20260630_0630_overfitting_sweep_generalization_rank2/reports/gen_007/rank02_r3_inceptiontime_extra-0_seq5_ov50_cv5_static_only_seed20042_report.json,24988,f2968a6ae1b23d56c2db12a42720b3b1fef87acd182d6bc65548eab1d3c86ccb
20260630_0630_overfitting_sweep_generalization_rank2,consumed_report_json,/home/trinker/Code/github/PPG-Frailty-pipeline/results_frailty3/_overfitting_sweep/20260630_0630_overfitting_sweep_generalization_rank2/reports/gen_007/rank02_r4_inceptiontime_extra-0_seq5_ov50_cv5_static_only_seed30042_report.json,25036,dbfe80a13ac696c2a30cb528f8688f52a9a07dfea518fcc9a4d1b29c4da44c97
20260630_0630_overfitting_sweep_generalization_rank2,consumed_report_json,/home/trinker/Code/github/PPG-Frailty-pipeline/results_frailty3/_overfitting_sweep/20260630_0630_overfitting_sweep_generalization_rank2/reports/gen_007/rank02_r5_inceptiontime_extra-0_seq5_ov50_cv5_static_only_seed40042_report.json,25037,2441d5e63b55d5872004663cbb5c49bd5713459d017f05c5ac4922e4f4030558
20260630_0630_overfitting_sweep_generalization_rank2,consumed_report_json,/home/trinker/Code/github/PPG-Frailty-pipeline/results_frailty3/_overfitting_sweep/20260630_0630_overfitting_sweep_generalization_rank2/reports/gen_008/rank02_r1_inceptiontime_extra-0_seq5_ov50_cv5_static_only_seed42_report.json,24944,710e8bec35f9e20e9394deaa6b28e4c171ea3b3fe02d7bd4e80c39c76dd9a5d4
20260630_0630_overfitting_sweep_generalization_rank2,consumed_report_json,/home/trinker/Code/github/PPG-Frailty-pipeline/results_frailty3/_overfitting_sweep/20260630_0630_overfitting_sweep_generalization_rank2/reports/gen_008/rank02_r2_inceptiontime_extra-0_seq5_ov50_cv5_static_only_seed10042_report.json,24930,e4bb142ac7aadeef7e2c537c361f18680c87d7487766ae584bfba37a65575306
20260630_0630_overfitting_sweep_generalization_rank2,consumed_report_json,/home/trinker/Code/github/PPG-Frailty-pipeline/results_frailty3/_overfitting_sweep/20260630_0630_overfitting_sweep_generalization_rank2/reports/gen_008/rank02_r3_inceptiontime_extra-0_seq5_ov50_cv5_static_only_seed20042_report.json,24917,91b75fcae84c08b2766496c2077b6614a89bb209c02fff4207a7466080041ffb
20260630_0630_overfitting_sweep_generalization_rank2,consumed_report_json,/home/trinker/Code/github/PPG-Frailty-pipeline/results_frailty3/_overfitting_sweep/20260630_0630_overfitting_sweep_generalization_rank2/reports/gen_008/rank02_r4_inceptiontime_extra-0_seq5_ov50_cv5_static_only_seed30042_report.json,25020,c220372636e85c84772d0a76fbe5fe73320837b01567582fb955c905716d1326
20260630_0630_overfitting_sweep_generalization_rank2,consumed_report_json,/home/trinker/Code/github/PPG-Frailty-pipeline/results_frailty3/_overfitting_sweep/20260630_0630_overfitting_sweep_generalization_rank2/reports/gen_008/rank02_r5_inceptiontime_extra-0_seq5_ov50_cv5_static_only_seed40042_report.json,24985,662971d12b4c787eaf89d622643a4e4d0a35ca98e1b2d68795d69cefdb159e6c
20260630_0630_overfitting_sweep_generalization_rank2,consumed_report_json,/home/trinker/Code/github/PPG-Frailty-pipeline/results_frailty3/_overfitting_sweep/20260630_0630_overfitting_sweep_generalization_rank2/reports/gen_009/rank02_r1_inceptiontime_extra-0_seq5_ov50_cv5_static_only_seed42_report.json,24986,be45e51fd183ca6f5cd5506351b83252d23c31d8719f652184b89c6ec4b6fc9e
20260630_0630_overfitting_sweep_generalization_rank2,consumed_report_json,/home/trinker/Code/github/PPG-Frailty-pipeline/results_frailty3/_overfitting_sweep/20260630_0630_overfitting_sweep_generalization_rank2/reports/gen_009/rank02_r2_inceptiontime_extra-0_seq5_ov50_cv5_static_only_seed10042_report.json,25050,b3246791930897a0f720b5632fe702ed76abe0ffc4aa40bc28a6a498525ac018
20260630_0630_overfitting_sweep_generalization_rank2,consumed_report_json,/home/trinker/Code/github/PPG-Frailty-pipeline/results_frailty3/_overfitting_sweep/20260630_0630_overfitting_sweep_generalization_rank2/reports/gen_009/rank02_r3_inceptiontime_extra-0_seq5_ov50_cv5_static_only_seed20042_report.json,25052,6975850238f02a214fe7ebda2b66ccc05d8ef4b948912ab00c4ac792f93fd22e
20260630_0630_overfitting_sweep_generalization_rank2,consumed_report_json,/home/trinker/Code/github/PPG-Frailty-pipeline/results_frailty3/_overfitting_sweep/20260630_0630_overfitting_sweep_generalization_rank2/reports/gen_009/rank02_r4_inceptiontime_extra-0_seq5_ov50_cv5_static_only_seed30042_report.json,25054,b6ba4ae0e978881fe9c2dc56d98f2acdcee6b15e1e39d5dbb791354b77444a60
20260630_0630_overfitting_sweep_generalization_rank2,consumed_report_json,/home/trinker/Code/github/PPG-Frailty-pipeline/results_frailty3/_overfitting_sweep/20260630_0630_overfitting_sweep_generalization_rank2/reports/gen_009/rank02_r5_inceptiontime_extra-0_seq5_ov50_cv5_static_only_seed40042_report.json,24983,5330da4b40872030a61e78d24d14f25f7e14de8a15254d2aa07da3d3d0d7f007
20260630_0630_overfitting_sweep_generalization_rank2,consumed_report_json,/home/trinker/Code/github/PPG-Frailty-pipeline/results_frailty3/_overfitting_sweep/20260630_0630_overfitting_sweep_generalization_rank2/reports/gen_010/rank02_r1_inceptiontime_extra-0_seq5_ov50_cv5_static_only_seed42_report.json,25005,e9be0524ae258245d936d64a82a62f691a6d2f1b366e7df9a4173388ab68cd64
20260630_0630_overfitting_sweep_generalization_rank2,consumed_report_json,/home/trinker/Code/github/PPG-Frailty-pipeline/results_frailty3/_overfitting_sweep/20260630_0630_overfitting_sweep_generalization_rank2/reports/gen_010/rank02_r2_inceptiontime_extra-0_seq5_ov50_cv5_static_only_seed10042_report.json,25041,50f942827a2cb72a6a1cfbd1d78c206a4d0a509f63baaace1c01731bcfd12270
20260630_0630_overfitting_sweep_generalization_rank2,consumed_report_json,/home/trinker/Code/github/PPG-Frailty-pipeline/results_frailty3/_overfitting_sweep/20260630_0630_overfitting_sweep_generalization_rank2/reports/gen_010/rank02_r3_inceptiontime_extra-0_seq5_ov50_cv5_static_only_seed20042_report.json,25029,7c1dfffa32d256bea13d90408d45e7c33537ff08728d8b22078bd788dee223ef
20260630_0630_overfitting_sweep_generalization_rank2,consumed_report_json,/home/trinker/Code/github/PPG-Frailty-pipeline/results_frailty3/_overfitting_sweep/20260630_0630_overfitting_sweep_generalization_rank2/reports/gen_010/rank02_r4_inceptiontime_extra-0_seq5_ov50_cv5_static_only_seed30042_report.json,25000,347bc064d22c2b3b8bd4ce49e86a721b22b05be9dac3b05cc8a55788410a3225
20260630_0630_overfitting_sweep_generalization_rank2,consumed_report_json,/home/trinker/Code/github/PPG-Frailty-pipeline/results_frailty3/_overfitting_sweep/20260630_0630_overfitting_sweep_generalization_rank2/reports/gen_010/rank02_r5_inceptiontime_extra-0_seq5_ov50_cv5_static_only_seed40042_report.json,25039,9b676651dcbc681b7c7c5642a3190c45e27cb4ba421e9157d6e91ea40903e9fe
20260630_0630_overfitting_sweep_generalization_rank2,consumed_report_json,/home/trinker/Code/github/PPG-Frailty-pipeline/results_frailty3/_overfitting_sweep/20260630_0630_overfitting_sweep_generalization_rank2/reports/gen_011/rank02_r1_inceptiontime_extra-0_seq5_ov50_cv5_static_only_seed42_report.json,25005,b07004b413ab20365989f8fb264a49b746ab5932832d29b29efedb82eb04fb71
20260630_0630_overfitting_sweep_generalization_rank2,consumed_report_json,/home/trinker/Code/github/PPG-Frailty-pipeline/results_frailty3/_overfitting_sweep/20260630_0630_overfitting_sweep_generalization_rank2/reports/gen_011/rank02_r2_inceptiontime_extra-0_seq5_ov50_cv5_static_only_seed10042_report.json,24946,fe18bdbef14f31051c4ac577a82031ce3c393fd92c44173add64c48c3365b236
20260630_0630_overfitting_sweep_generalization_rank2,consumed_report_json,/home/trinker/Code/github/PPG-Frailty-pipeline/results_frailty3/_overfitting_sweep/20260630_0630_overfitting_sweep_generalization_rank2/reports/gen_011/rank02_r3_inceptiontime_extra-0_seq5_ov50_cv5_static_only_seed20042_report.json,24922,1d683ebbc7155c9fe73457bfbf9037c784594d404ee5ee0968dcd4854a421ef8
20260630_0630_overfitting_sweep_generalization_rank2,consumed_report_json,/home/trinker/Code/github/PPG-Frailty-pipeline/results_frailty3/_overfitting_sweep/20260630_0630_overfitting_sweep_generalization_rank2/reports/gen_011/rank02_r4_inceptiontime_extra-0_seq5_ov50_cv5_static_only_seed30042_report.json,24941,bbd6d5d30c7d4ea0887fb0db4901a87bb89991f0ac022fd7107815a76202e8f8
20260630_0630_overfitting_sweep_generalization_rank2,consumed_report_json,/home/trinker/Code/github/PPG-Frailty-pipeline/results_frailty3/_overfitting_sweep/20260630_0630_overfitting_sweep_generalization_rank2/reports/gen_011/rank02_r5_inceptiontime_extra-0_seq5_ov50_cv5_static_only_seed40042_report.json,24955,ae70f3b3878dbf12c08f189a8ecd406d5c98dfd0d781c6493fd3bd86e788ad8d
20260630_0630_overfitting_sweep_generalization_rank2,consumed_report_json,/home/trinker/Code/github/PPG-Frailty-pipeline/results_frailty3/_overfitting_sweep/20260630_0630_overfitting_sweep_generalization_rank2/reports/gen_012/rank02_r1_inceptiontime_extra-0_seq5_ov50_cv5_static_only_seed42_report.json,24908,78064a57da27ed90b10d212957fe25a2c63683e1517afdc7349ab2c8fa015949
20260630_0630_overfitting_sweep_generalization_rank2,consumed_report_json,/home/trinker/Code/github/PPG-Frailty-pipeline/results_frailty3/_overfitting_sweep/20260630_0630_overfitting_sweep_generalization_rank2/reports/gen_012/rank02_r2_inceptiontime_extra-0_seq5_ov50_cv5_static_only_seed10042_report.json,24942,1c522e9c9aee2f1f01f70bb1ab270642d86fdd93162c3801de7baa0a650aa4ef
20260630_0630_overfitting_sweep_generalization_rank2,consumed_report_json,/home/trinker/Code/github/PPG-Frailty-pipeline/results_frailty3/_overfitting_sweep/20260630_0630_overfitting_sweep_generalization_rank2/reports/gen_012/rank02_r3_inceptiontime_extra-0_seq5_ov50_cv5_static_only_seed20042_report.json,24933,6fe916a655503a74797ddd4ece46f6202adf6cec562c000f849d0dc4c3863d0a
20260630_0630_overfitting_sweep_generalization_rank2,consumed_report_json,/home/trinker/Code/github/PPG-Frailty-pipeline/results_frailty3/_overfitting_sweep/20260630_0630_overfitting_sweep_generalization_rank2/reports/gen_012/rank02_r4_inceptiontime_extra-0_seq5_ov50_cv5_static_only_seed30042_report.json,24856,7cb02842106dd3980078582639b4d51b80d084aff5ef5c3077e2fd13e4751037
20260630_0630_overfitting_sweep_generalization_rank2,consumed_report_json,/home/trinker/Code/github/PPG-Frailty-pipeline/results_frailty3/_overfitting_sweep/20260630_0630_overfitting_sweep_generalization_rank2/reports/gen_012/rank02_r5_inceptiontime_extra-0_seq5_ov50_cv5_static_only_seed40042_report.json,24992,5235e5c1bead231e5711bc48a871597955beea2ae818edddec6745a0dfdabef6
20260630_0630_overfitting_sweep_generalization_rank2,consumed_report_json,/home/trinker/Code/github/PPG-Frailty-pipeline/results_frailty3/_overfitting_sweep/20260630_0630_overfitting_sweep_generalization_rank2/reports/gen_013/rank02_r1_inceptiontime_extra-0_seq5_ov50_cv5_static_only_seed42_report.json,24915,d2f3e82bd3a0998cea3646c73005cb30a9f850aabfd03472fd72e6ce2d1a6f95
20260630_0630_overfitting_sweep_generalization_rank2,consumed_report_json,/home/trinker/Code/github/PPG-Frailty-pipeline/results_frailty3/_overfitting_sweep/20260630_0630_overfitting_sweep_generalization_rank2/reports/gen_013/rank02_r2_inceptiontime_extra-0_seq5_ov50_cv5_static_only_seed10042_report.json,25051,70b5438c1353e448e5162469b1140ac6468365425befb72c3aed7e66d08ca766
20260630_0630_overfitting_sweep_generalization_rank2,consumed_report_json,/home/trinker/Code/github/PPG-Frailty-pipeline/results_frailty3/_overfitting_sweep/20260630_0630_overfitting_sweep_generalization_rank2/reports/gen_013/rank02_r3_inceptiontime_extra-0_seq5_ov50_cv5_static_only_seed20042_report.json,24938,6ef2227f08446888f261ef0b39f2252a63493ff66bcd3f4b8de6c43d97ff93d0
20260630_0630_overfitting_sweep_generalization_rank2,consumed_report_json,/home/trinker/Code/github/PPG-Frailty-pipeline/results_frailty3/_overfitting_sweep/20260630_0630_overfitting_sweep_generalization_rank2/reports/gen_013/rank02_r4_inceptiontime_extra-0_seq5_ov50_cv5_static_only_seed30042_report.json,24842,799d7daf9a1a99c014bfae70f2aa303b401aab674e4b2e1a3d5689ca39083f6d
20260630_0630_overfitting_sweep_generalization_rank2,consumed_report_json,/home/trinker/Code/github/PPG-Frailty-pipeline/results_frailty3/_overfitting_sweep/20260630_0630_overfitting_sweep_generalization_rank2/reports/gen_013/rank02_r5_inceptiontime_extra-0_seq5_ov50_cv5_static_only_seed40042_report.json,24916,33bbc0d9198762bb0205476478ce0cbd0b4036fdbf2d059a6adacf24f1c6b1be
20260630_0630_overfitting_sweep_generalization_rank2,consumed_report_json,/home/trinker/Code/github/PPG-Frailty-pipeline/results_frailty3/_overfitting_sweep/20260630_0630_overfitting_sweep_generalization_rank2/reports/gen_014/rank02_r1_inceptiontime_extra-0_seq5_ov50_cv5_static_only_seed42_report.json,24986,c1cfd08982ce6dae7479f248f56ccbd2669412c8e987968ce32db51a572cfd17
20260630_0630_overfitting_sweep_generalization_rank2,consumed_report_json,/home/trinker/Code/github/PPG-Frailty-pipeline/results_frailty3/_overfitting_sweep/20260630_0630_overfitting_sweep_generalization_rank2/reports/gen_014/rank02_r2_inceptiontime_extra-0_seq5_ov50_cv5_static_only_seed10042_report.json,24968,b2422288917cbf941198a4f2456ea70d41f695a957288fa2e4effda38edb5811
20260630_0630_overfitting_sweep_generalization_rank2,consumed_report_json,/home/trinker/Code/github/PPG-Frailty-pipeline/results_frailty3/_overfitting_sweep/20260630_0630_overfitting_sweep_generalization_rank2/reports/gen_014/rank02_r3_inceptiontime_extra-0_seq5_ov50_cv5_static_only_seed20042_report.json,24996,95e91bc1ecbbde2ce8b1e57a24e1e69b0492ab56bd43825d2b9bd43bef5de7b0
20260630_0630_overfitting_sweep_generalization_rank2,consumed_report_json,/home/trinker/Code/github/PPG-Frailty-pipeline/results_frailty3/_overfitting_sweep/20260630_0630_overfitting_sweep_generalization_rank2/reports/gen_014/rank02_r4_inceptiontime_extra-0_seq5_ov50_cv5_static_only_seed30042_report.json,24944,dbd2bf113a15b58b4bbb4f96fa5bdbc322a7184866ecd30f479d3c9c318829b9
20260630_0630_overfitting_sweep_generalization_rank2,consumed_report_json,/home/trinker/Code/github/PPG-Frailty-pipeline/results_frailty3/_overfitting_sweep/20260630_0630_overfitting_sweep_generalization_rank2/reports/gen_014/rank02_r5_inceptiontime_extra-0_seq5_ov50_cv5_static_only_seed40042_report.json,24951,75991479936e679ed86a9ec53dc1d3a7780cc9fb30685dd851d389e9e5078f86
20260630_0630_overfitting_sweep_generalization_rank2,consumed_report_json,/home/trinker/Code/github/PPG-Frailty-pipeline/results_frailty3/_overfitting_sweep/20260630_0630_overfitting_sweep_generalization_rank2/reports/gen_015/rank02_r1_inceptiontime_extra-0_seq5_ov50_cv5_static_only_seed42_report.json,24967,c9a07b334649988b0fd24d327c52d30af308660d8ab543febebcec650fdfc1f6
20260630_0630_overfitting_sweep_generalization_rank2,consumed_report_json,/home/trinker/Code/github/PPG-Frailty-pipeline/results_frailty3/_overfitting_sweep/20260630_0630_overfitting_sweep_generalization_rank2/reports/gen_015/rank02_r2_inceptiontime_extra-0_seq5_ov50_cv5_static_only_seed10042_report.json,24994,31617c268e961ed2b7f667b84688f4894734156a4839f98540450d0e8b042d82
20260630_0630_overfitting_sweep_generalization_rank2,consumed_report_json,/home/trinker/Code/github/PPG-Frailty-pipeline/results_frailty3/_overfitting_sweep/20260630_0630_overfitting_sweep_generalization_rank2/reports/gen_015/rank02_r3_inceptiontime_extra-0_seq5_ov50_cv5_static_only_seed20042_report.json,25064,54269b3e5f3e7dc5e84315fab10b064d89cd6e48c706072b2f7fa5a888dcd1da
20260630_0630_overfitting_sweep_generalization_rank2,consumed_report_json,/home/trinker/Code/github/PPG-Frailty-pipeline/results_frailty3/_overfitting_sweep/20260630_0630_overfitting_sweep_generalization_rank2/reports/gen_015/rank02_r4_inceptiontime_extra-0_seq5_ov50_cv5_static_only_seed30042_report.json,24913,9c99e4e7e7eb92de53bef7c4f4374ee2d5ee51b237b69686ff064e4feb284ed2
20260630_0630_overfitting_sweep_generalization_rank2,consumed_report_json,/home/trinker/Code/github/PPG-Frailty-pipeline/results_frailty3/_overfitting_sweep/20260630_0630_overfitting_sweep_generalization_rank2/reports/gen_015/rank02_r5_inceptiontime_extra-0_seq5_ov50_cv5_static_only_seed40042_report.json,25021,d60db168587adb014052a35fff7e2f599519b88e7629f23885a1914789abe46d
20260630_0630_overfitting_sweep_generalization_rank2,consumed_report_json,/home/trinker/Code/github/PPG-Frailty-pipeline/results_frailty3/_overfitting_sweep/20260630_0630_overfitting_sweep_generalization_rank2/reports/gen_016/rank02_r1_inceptiontime_extra-0_seq5_ov50_cv5_static_only_seed42_report.json,24911,eab948f8c40a2c8ad0ff627b34734e46b7120a1f23a669e616f94edaedb279a4
20260630_0630_overfitting_sweep_generalization_rank2,consumed_report_json,/home/trinker/Code/github/PPG-Frailty-pipeline/results_frailty3/_overfitting_sweep/20260630_0630_overfitting_sweep_generalization_rank2/reports/gen_016/rank02_r2_inceptiontime_extra-0_seq5_ov50_cv5_static_only_seed10042_report.json,25041,b904ebb062ac21cdde033b5b1a297a1e7411d4ded6c261ca16e89b46b69377b3
20260630_0630_overfitting_sweep_generalization_rank2,consumed_report_json,/home/trinker/Code/github/PPG-Frailty-pipeline/results_frailty3/_overfitting_sweep/20260630_0630_overfitting_sweep_generalization_rank2/reports/gen_016/rank02_r3_inceptiontime_extra-0_seq5_ov50_cv5_static_only_seed20042_report.json,24991,f3d45740b610c4d13f90619c63c397b1aa9d4737e3c515190e0e873053ec2d83
20260630_0630_overfitting_sweep_generalization_rank2,consumed_report_json,/home/trinker/Code/github/PPG-Frailty-pipeline/results_frailty3/_overfitting_sweep/20260630_0630_overfitting_sweep_generalization_rank2/reports/gen_016/rank02_r4_inceptiontime_extra-0_seq5_ov50_cv5_static_only_seed30042_report.json,25036,230b1c20c2a7abdcd329fbc0691ee8c42af2f5dc4cef9960f4f46eb542c41348
20260630_0630_overfitting_sweep_generalization_rank2,consumed_report_json,/home/trinker/Code/github/PPG-Frailty-pipeline/results_frailty3/_overfitting_sweep/20260630_0630_overfitting_sweep_generalization_rank2/reports/gen_016/rank02_r5_inceptiontime_extra-0_seq5_ov50_cv5_static_only_seed40042_report.json,25009,f07cc79c137e3df0079a33591f1d72ff57ce6f573fbfedb3e883efe70e5e3997
20260630_0630_overfitting_sweep_generalization_rank2,consumed_report_json,/home/trinker/Code/github/PPG-Frailty-pipeline/results_frailty3/_overfitting_sweep/20260630_0630_overfitting_sweep_generalization_rank2/reports/gen_017/rank02_r1_inceptiontime_extra-0_seq5_ov50_cv5_static_only_seed42_report.json,25086,d93da7988e15821a7adcbd5e7a5669e6b3f8577c6844fd9c763c80a52ea27bf1
20260630_0630_overfitting_sweep_generalization_rank2,consumed_report_json,/home/trinker/Code/github/PPG-Frailty-pipeline/results_frailty3/_overfitting_sweep/20260630_0630_overfitting_sweep_generalization_rank2/reports/gen_017/rank02_r2_inceptiontime_extra-0_seq5_ov50_cv5_static_only_seed10042_report.json,25031,28e6168199bd24a7297d1613a80c726f029a0351d36c4064e7762b7d21b56d48
20260630_0630_overfitting_sweep_generalization_rank2,consumed_report_json,/home/trinker/Code/github/PPG-Frailty-pipeline/results_frailty3/_overfitting_sweep/20260630_0630_overfitting_sweep_generalization_rank2/reports/gen_017/rank02_r3_inceptiontime_extra-0_seq5_ov50_cv5_static_only_seed20042_report.json,25090,a10ed153b3f15276560e643683575cfadb813ffcae03413b4a8e5993460c153d
20260630_0630_overfitting_sweep_generalization_rank2,consumed_report_json,/home/trinker/Code/github/PPG-Frailty-pipeline/results_frailty3/_overfitting_sweep/20260630_0630_overfitting_sweep_generalization_rank2/reports/gen_017/rank02_r4_inceptiontime_extra-0_seq5_ov50_cv5_static_only_seed30042_report.json,24982,0215ae3dccbf58c5bd817cddd447495d493500c96ade9f68ecdc1f2240d13205
20260630_0630_overfitting_sweep_generalization_rank2,consumed_report_json,/home/trinker/Code/github/PPG-Frailty-pipeline/results_frailty3/_overfitting_sweep/20260630_0630_overfitting_sweep_generalization_rank2/reports/gen_017/rank02_r5_inceptiontime_extra-0_seq5_ov50_cv5_static_only_seed40042_report.json,25032,a2a47b0ab1d2eedc35318daabc6daac01074cd1f1eee9cc252023526b6ce4dd7
20260630_0630_overfitting_sweep_generalization_rank2,consumed_report_json,/home/trinker/Code/github/PPG-Frailty-pipeline/results_frailty3/_overfitting_sweep/20260630_0630_overfitting_sweep_generalization_rank2/reports/gen_018/rank02_r1_inceptiontime_extra-0_seq5_ov50_cv5_static_only_seed42_report.json,24902,4e0e7ed1c814be23616770e26ff8b355a44b09a20f0bf34c33d502cc5ea3c6c2
20260630_0630_overfitting_sweep_generalization_rank2,consumed_report_json,/home/trinker/Code/github/PPG-Frailty-pipeline/results_frailty3/_overfitting_sweep/20260630_0630_overfitting_sweep_generalization_rank2/reports/gen_018/rank02_r2_inceptiontime_extra-0_seq5_ov50_cv5_static_only_seed10042_report.json,25112,5d62b5ea5bf81defb77f5ffb40a8fe591eebd25b3e231973628155a4add94a80
20260630_0630_overfitting_sweep_generalization_rank2,consumed_report_json,/home/trinker/Code/github/PPG-Frailty-pipeline/results_frailty3/_overfitting_sweep/20260630_0630_overfitting_sweep_generalization_rank2/reports/gen_018/rank02_r3_inceptiontime_extra-0_seq5_ov50_cv5_static_only_seed20042_report.json,25010,ceed1dbb7776e8ee6bc05285c3d9ec7628a90c80e1ea5beec1c38a940a46c6bc
20260630_0630_overfitting_sweep_generalization_rank2,consumed_report_json,/home/trinker/Code/github/PPG-Frailty-pipeline/results_frailty3/_overfitting_sweep/20260630_0630_overfitting_sweep_generalization_rank2/reports/gen_018/rank02_r4_inceptiontime_extra-0_seq5_ov50_cv5_static_only_seed30042_report.json,24998,26d4842782b6904adf51efeae6bc7b4f2d68f186c777d855cda058141b3bb3c1
20260630_0630_overfitting_sweep_generalization_rank2,consumed_report_json,/home/trinker/Code/github/PPG-Frailty-pipeline/results_frailty3/_overfitting_sweep/20260630_0630_overfitting_sweep_generalization_rank2/reports/gen_018/rank02_r5_inceptiontime_extra-0_seq5_ov50_cv5_static_only_seed40042_report.json,24969,33f76a0af9f0293ba1688eb9e4753af2ef0e952e8d72507f172767f2c8d9debb
20260630_0630_overfitting_sweep_generalization_rank2,consumed_report_json,/home/trinker/Code/github/PPG-Frailty-pipeline/results_frailty3/_overfitting_sweep/20260630_0630_overfitting_sweep_generalization_rank2/reports/gen_019/rank02_r1_inceptiontime_extra-0_seq5_ov50_cv5_static_only_seed42_report.json,24907,7956beaf322535372f34939bea89189ddceac9fb360016eef061264b68b0a260
20260630_0630_overfitting_sweep_generalization_rank2,consumed_report_json,/home/trinker/Code/github/PPG-Frailty-pipeline/results_frailty3/_overfitting_sweep/20260630_0630_overfitting_sweep_generalization_rank2/reports/gen_019/rank02_r2_inceptiontime_extra-0_seq5_ov50_cv5_static_only_seed10042_report.json,25081,a0dc21e532ce332d452670290bd68cd2e98fb1c2a991f5ee57a91d7d8f00aac7
20260630_0630_overfitting_sweep_generalization_rank2,consumed_report_json,/home/trinker/Code/github/PPG-Frailty-pipeline/results_frailty3/_overfitting_sweep/20260630_0630_overfitting_sweep_generalization_rank2/reports/gen_019/rank02_r3_inceptiontime_extra-0_seq5_ov50_cv5_static_only_seed20042_report.json,24997,951a69973ba6ec556040297f7c5e47def079bc4fabdc4d8a2e279835ca927203
20260630_0630_overfitting_sweep_generalization_rank2,consumed_report_json,/home/trinker/Code/github/PPG-Frailty-pipeline/results_frailty3/_overfitting_sweep/20260630_0630_overfitting_sweep_generalization_rank2/reports/gen_019/rank02_r4_inceptiontime_extra-0_seq5_ov50_cv5_static_only_seed30042_report.json,24987,d0133e840189220c221390fc585f371318d1299361155da54ef6584f0ea7c603
20260630_0630_overfitting_sweep_generalization_rank2,consumed_report_json,/home/trinker/Code/github/PPG-Frailty-pipeline/results_frailty3/_overfitting_sweep/20260630_0630_overfitting_sweep_generalization_rank2/reports/gen_019/rank02_r5_inceptiontime_extra-0_seq5_ov50_cv5_static_only_seed40042_report.json,25014,2cc7f6d57ca03e11983a3c4f76daec8dd072adbe7829b39d888b5b7fb4f311b9
20260630_0630_overfitting_sweep_generalization_rank2,consumed_report_json,/home/trinker/Code/github/PPG-Frailty-pipeline/results_frailty3/_overfitting_sweep/20260630_0630_overfitting_sweep_generalization_rank2/reports/gen_020/rank02_r1_inceptiontime_extra-0_seq5_ov50_cv5_static_only_seed42_report.json,24996,fe8b885c500cb82f15b658f8a8d59d628ab6039e04ad22acaf351bc11c30065f
20260630_0630_overfitting_sweep_generalization_rank2,consumed_report_json,/home/trinker/Code/github/PPG-Frailty-pipeline/results_frailty3/_overfitting_sweep/20260630_0630_overfitting_sweep_generalization_rank2/reports/gen_020/rank02_r2_inceptiontime_extra-0_seq5_ov50_cv5_static_only_seed10042_report.json,25086,327b21261be1d656a79d56ecf6f9e911b8219d0e15ff756721b64ff2a37fd0c4
20260630_0630_overfitting_sweep_generalization_rank2,consumed_report_json,/home/trinker/Code/github/PPG-Frailty-pipeline/results_frailty3/_overfitting_sweep/20260630_0630_overfitting_sweep_generalization_rank2/reports/gen_020/rank02_r3_inceptiontime_extra-0_seq5_ov50_cv5_static_only_seed20042_report.json,24944,0feb2eddf326f496cafb6284c6aac1887443e53e8dfd4f49cc0a776703d69af9
20260630_0630_overfitting_sweep_generalization_rank2,consumed_report_json,/home/trinker/Code/github/PPG-Frailty-pipeline/results_frailty3/_overfitting_sweep/20260630_0630_overfitting_sweep_generalization_rank2/reports/gen_020/rank02_r4_inceptiontime_extra-0_seq5_ov50_cv5_static_only_seed30042_report.json,25048,63147c9d6c8be4c5426429aaf4b2b36818ff2dc50ac6bc4c4dbd43333c70aff3
20260630_0630_overfitting_sweep_generalization_rank2,consumed_report_json,/home/trinker/Code/github/PPG-Frailty-pipeline/results_frailty3/_overfitting_sweep/20260630_0630_overfitting_sweep_generalization_rank2/reports/gen_020/rank02_r5_inceptiontime_extra-0_seq5_ov50_cv5_static_only_seed40042_report.json,25083,795fc2d6dd6ebd2ec64413ba5744a76de4b5d91fc40df25e6afa9ab9421feb6a
20260630_0630_overfitting_sweep_generalization_rank2,consumed_report_json,/home/trinker/Code/github/PPG-Frailty-pipeline/results_frailty3/_overfitting_sweep/20260630_0630_overfitting_sweep_generalization_rank2/reports/gen_021/rank02_r1_inceptiontime_extra-0_seq5_ov50_cv5_static_only_seed42_report.json,24926,c52e699ad0092b25ad11b9d63ada6b1dceecbadfd19a49037d26400254160a32
20260630_0630_overfitting_sweep_generalization_rank2,consumed_report_json,/home/trinker/Code/github/PPG-Frailty-pipeline/results_frailty3/_overfitting_sweep/20260630_0630_overfitting_sweep_generalization_rank2/reports/gen_021/rank02_r2_inceptiontime_extra-0_seq5_ov50_cv5_static_only_seed10042_report.json,25152,a784d04200d1a55e369821bfdf912e381488ca1d2649e8e518416965de0c9115
20260630_0630_overfitting_sweep_generalization_rank2,consumed_report_json,/home/trinker/Code/github/PPG-Frailty-pipeline/results_frailty3/_overfitting_sweep/20260630_0630_overfitting_sweep_generalization_rank2/reports/gen_021/rank02_r3_inceptiontime_extra-0_seq5_ov50_cv5_static_only_seed20042_report.json,25093,780d06f5a7eeb69b2a23dfa86df2109760063fc4b381a5b80cfeb42c6a0e0bc3
20260630_0630_overfitting_sweep_generalization_rank2,consumed_report_json,/home/trinker/Code/github/PPG-Frailty-pipeline/results_frailty3/_overfitting_sweep/20260630_0630_overfitting_sweep_generalization_rank2/reports/gen_021/rank02_r4_inceptiontime_extra-0_seq5_ov50_cv5_static_only_seed30042_report.json,25022,598f19851c2be1388c9891dbaf729abd9cce085d44f5aafae0a6f91c3fdc5543
20260630_0630_overfitting_sweep_generalization_rank2,consumed_report_json,/home/trinker/Code/github/PPG-Frailty-pipeline/results_frailty3/_overfitting_sweep/20260630_0630_overfitting_sweep_generalization_rank2/reports/gen_021/rank02_r5_inceptiontime_extra-0_seq5_ov50_cv5_static_only_seed40042_report.json,25038,5c249610b8cad7f6ae75021f1a8ff5483afad2e84034c6dd2048295437d827d0
20260630_0630_overfitting_sweep_generalization_rank2,consumed_report_json,/home/trinker/Code/github/PPG-Frailty-pipeline/results_frailty3/_overfitting_sweep/20260630_0630_overfitting_sweep_generalization_rank2/reports/gen_022/rank02_r1_inceptiontime_extra-0_seq5_ov50_cv5_static_only_seed42_report.json,25052,dd0daf997978f72f6e3620cf7d635f37490f9c084b83b3394122b0768f55954e
20260630_0630_overfitting_sweep_generalization_rank2,consumed_report_json,/home/trinker/Code/github/PPG-Frailty-pipeline/results_frailty3/_overfitting_sweep/20260630_0630_overfitting_sweep_generalization_rank2/reports/gen_022/rank02_r2_inceptiontime_extra-0_seq5_ov50_cv5_static_only_seed10042_report.json,25047,cae862d9497a17379f6ce40187ba5a1318a55efc59d4124a879f0f5cd9994f77
20260630_0630_overfitting_sweep_generalization_rank2,consumed_report_json,/home/trinker/Code/github/PPG-Frailty-pipeline/results_frailty3/_overfitting_sweep/20260630_0630_overfitting_sweep_generalization_rank2/reports/gen_022/rank02_r3_inceptiontime_extra-0_seq5_ov50_cv5_static_only_seed20042_report.json,24997,a5eb2721eceaddc0079558b18a8d55d6896b7e2ae9ca69847496aada076dbcbf
20260630_0630_overfitting_sweep_generalization_rank2,consumed_report_json,/home/trinker/Code/github/PPG-Frailty-pipeline/results_frailty3/_overfitting_sweep/20260630_0630_overfitting_sweep_generalization_rank2/reports/gen_022/rank02_r4_inceptiontime_extra-0_seq5_ov50_cv5_static_only_seed30042_report.json,24895,5e1fd25eb2414b471960d28babd6ec5e254bf1f61bb416b3be18acf7b056fef2
20260630_0630_overfitting_sweep_generalization_rank2,consumed_report_json,/home/trinker/Code/github/PPG-Frailty-pipeline/results_frailty3/_overfitting_sweep/20260630_0630_overfitting_sweep_generalization_rank2/reports/gen_022/rank02_r5_inceptiontime_extra-0_seq5_ov50_cv5_static_only_seed40042_report.json,24927,ebc56e26036e191caeda311febb2c6acafa4c555378fc4bc10fea71a298594d3
20260630_0630_overfitting_sweep_generalization_rank2,consumed_report_json,/home/trinker/Code/github/PPG-Frailty-pipeline/results_frailty3/_overfitting_sweep/20260630_0630_overfitting_sweep_generalization_rank2/reports/gen_023/rank02_r1_inceptiontime_extra-0_seq5_ov50_cv5_static_only_seed42_report.json,24969,df1576f74439db966ebda1140e8ec1f6cb73bd817cff3e63104c5d020b8bafa9
20260630_0630_overfitting_sweep_generalization_rank2,consumed_report_json,/home/trinker/Code/github/PPG-Frailty-pipeline/results_frailty3/_overfitting_sweep/20260630_0630_overfitting_sweep_generalization_rank2/reports/gen_023/rank02_r2_inceptiontime_extra-0_seq5_ov50_cv5_static_only_seed10042_report.json,25120,a22e753d597d0d6d6b1587843f89d4d7c209a14199a056c3b32e35b05d81bec1
20260630_0630_overfitting_sweep_generalization_rank2,consumed_report_json,/home/trinker/Code/github/PPG-Frailty-pipeline/results_frailty3/_overfitting_sweep/20260630_0630_overfitting_sweep_generalization_rank2/reports/gen_023/rank02_r3_inceptiontime_extra-0_seq5_ov50_cv5_static_only_seed20042_report.json,25088,9f783a4b99108507b51ade9bd9946b6c181b1d5ac6374190dbc17dd4c524cb94
20260630_0630_overfitting_sweep_generalization_rank2,consumed_report_json,/home/trinker/Code/github/PPG-Frailty-pipeline/results_frailty3/_overfitting_sweep/20260630_0630_overfitting_sweep_generalization_rank2/reports/gen_023/rank02_r4_inceptiontime_extra-0_seq5_ov50_cv5_static_only_seed30042_report.json,25065,6bcfdfa55f58ddb0a9df58ceed5a4d2bc64af0ad149bfb902993b8afe32d8d09
20260630_0630_overfitting_sweep_generalization_rank2,consumed_report_json,/home/trinker/Code/github/PPG-Frailty-pipeline/results_frailty3/_overfitting_sweep/20260630_0630_overfitting_sweep_generalization_rank2/reports/gen_023/rank02_r5_inceptiontime_extra-0_seq5_ov50_cv5_static_only_seed40042_report.json,25032,006c481431a07a102671f0875a79bd53dc0d2d5c5460a38116896e277cc05636
20260630_0630_overfitting_sweep_generalization_rank2,consumed_report_json,/home/trinker/Code/github/PPG-Frailty-pipeline/results_frailty3/_overfitting_sweep/20260630_0630_overfitting_sweep_generalization_rank2/reports/gen_024/rank02_r1_inceptiontime_extra-0_seq5_ov50_cv5_static_only_seed42_report.json,24931,d4a87384e761d2161cd65c9d582df86ff1abb437f52484102dd5280bebf25389
20260630_0630_overfitting_sweep_generalization_rank2,consumed_report_json,/home/trinker/Code/github/PPG-Frailty-pipeline/results_frailty3/_overfitting_sweep/20260630_0630_overfitting_sweep_generalization_rank2/reports/gen_024/rank02_r2_inceptiontime_extra-0_seq5_ov50_cv5_static_only_seed10042_report.json,25103,16ed9e4bfab2fece75bc8bd8b964f9b04509524e90a9b9b5d740859fda239e27
20260630_0630_overfitting_sweep_generalization_rank2,consumed_report_json,/home/trinker/Code/github/PPG-Frailty-pipeline/results_frailty3/_overfitting_sweep/20260630_0630_overfitting_sweep_generalization_rank2/reports/gen_024/rank02_r3_inceptiontime_extra-0_seq5_ov50_cv5_static_only_seed20042_report.json,25097,6514af9a771c77147df8defdc884bdd4dbf40d3b036352c78db2b2049cce4f3e
20260630_0630_overfitting_sweep_generalization_rank2,consumed_report_json,/home/trinker/Code/github/PPG-Frailty-pipeline/results_frailty3/_overfitting_sweep/20260630_0630_overfitting_sweep_generalization_rank2/reports/gen_024/rank02_r4_inceptiontime_extra-0_seq5_ov50_cv5_static_only_seed30042_report.json,24994,f21f40c63d1d90faebe2597643718a4d34732d796154ac70e4a0652c8c2da44a
20260630_0630_overfitting_sweep_generalization_rank2,consumed_report_json,/home/trinker/Code/github/PPG-Frailty-pipeline/results_frailty3/_overfitting_sweep/20260630_0630_overfitting_sweep_generalization_rank2/reports/gen_024/rank02_r5_inceptiontime_extra-0_seq5_ov50_cv5_static_only_seed40042_report.json,24989,b598c67a04b347fad5935758eb59c561f6ba988ce764da71fe477d338c545ac3
20260630_0630_overfitting_sweep_generalization_rank2,consumed_report_json,/home/trinker/Code/github/PPG-Frailty-pipeline/results_frailty3/_overfitting_sweep/20260630_0630_overfitting_sweep_generalization_rank2/reports/gen_025/rank02_r1_inceptiontime_extra-0_seq5_ov50_cv5_static_only_seed42_report.json,24929,0ed99ea3b48a425a56072b90dabecabcbc9ddac1485c8e3bce56402433b48d15
20260630_0630_overfitting_sweep_generalization_rank2,consumed_report_json,/home/trinker/Code/github/PPG-Frailty-pipeline/results_frailty3/_overfitting_sweep/20260630_0630_overfitting_sweep_generalization_rank2/reports/gen_025/rank02_r2_inceptiontime_extra-0_seq5_ov50_cv5_static_only_seed10042_report.json,24941,6d6f4db35650eb786d2de9b512de70c1a7dcda5ba5c544e416cb3cfbf9abfe7a
20260630_0630_overfitting_sweep_generalization_rank2,consumed_report_json,/home/trinker/Code/github/PPG-Frailty-pipeline/results_frailty3/_overfitting_sweep/20260630_0630_overfitting_sweep_generalization_rank2/reports/gen_025/rank02_r3_inceptiontime_extra-0_seq5_ov50_cv5_static_only_seed20042_report.json,25040,9df466b6d59cc908f70effe0bcbd99910922c3cd7b428a76fd16c86253452ebd
20260630_0630_overfitting_sweep_generalization_rank2,consumed_report_json,/home/trinker/Code/github/PPG-Frailty-pipeline/results_frailty3/_overfitting_sweep/20260630_0630_overfitting_sweep_generalization_rank2/reports/gen_025/rank02_r4_inceptiontime_extra-0_seq5_ov50_cv5_static_only_seed30042_report.json,24948,264e49ce19ace5bc5082f06b426957dcedadb95c06de1b43f4b38705b74ca235
20260630_0630_overfitting_sweep_generalization_rank2,consumed_report_json,/home/trinker/Code/github/PPG-Frailty-pipeline/results_frailty3/_overfitting_sweep/20260630_0630_overfitting_sweep_generalization_rank2/reports/gen_025/rank02_r5_inceptiontime_extra-0_seq5_ov50_cv5_static_only_seed40042_report.json,24897,5215b109c2ee5a5132b390ec94d6fc072aac7d4fec03de8af91dd0b2547135a7
20260630_0630_overfitting_sweep_generalization_rank2,consumed_report_json,/home/trinker/Code/github/PPG-Frailty-pipeline/results_frailty3/_overfitting_sweep/20260630_0630_overfitting_sweep_generalization_rank2/reports/gen_026/rank02_r1_inceptiontime_extra-0_seq5_ov50_cv5_static_only_seed42_report.json,24929,230840a13e577e6d774584b8a6340e4a151592924c6335997ee0b460db440e1d
20260630_0630_overfitting_sweep_generalization_rank2,consumed_report_json,/home/trinker/Code/github/PPG-Frailty-pipeline/results_frailty3/_overfitting_sweep/20260630_0630_overfitting_sweep_generalization_rank2/reports/gen_026/rank02_r2_inceptiontime_extra-0_seq5_ov50_cv5_static_only_seed10042_report.json,24851,4ca0bda866a9f7215b2e75ef985a38ba5444442447c3677e240c1b8eac41fc67
20260630_0630_overfitting_sweep_generalization_rank2,consumed_report_json,/home/trinker/Code/github/PPG-Frailty-pipeline/results_frailty3/_overfitting_sweep/20260630_0630_overfitting_sweep_generalization_rank2/reports/gen_026/rank02_r3_inceptiontime_extra-0_seq5_ov50_cv5_static_only_seed20042_report.json,24939,07824c424e625fb70cc437a95951a8fc954285ac8d106be60f500cec9831c76f
20260630_0630_overfitting_sweep_generalization_rank2,consumed_report_json,/home/trinker/Code/github/PPG-Frailty-pipeline/results_frailty3/_overfitting_sweep/20260630_0630_overfitting_sweep_generalization_rank2/reports/gen_026/rank02_r4_inceptiontime_extra-0_seq5_ov50_cv5_static_only_seed30042_report.json,24991,11d5fa41cc0bf8b0d8ecd1e2fb9a2b1be3e37cbc753ad8075feaa09f9233e08a
20260630_0630_overfitting_sweep_generalization_rank2,consumed_report_json,/home/trinker/Code/github/PPG-Frailty-pipeline/results_frailty3/_overfitting_sweep/20260630_0630_overfitting_sweep_generalization_rank2/reports/gen_026/rank02_r5_inceptiontime_extra-0_seq5_ov50_cv5_static_only_seed40042_report.json,24985,2c4b6a295714d433e9de01f7a14a5ab0382989084459cbe5a535fe77a2975b95
20260630_0630_overfitting_sweep_generalization_rank2,consumed_report_json,/home/trinker/Code/github/PPG-Frailty-pipeline/results_frailty3/_overfitting_sweep/20260630_0630_overfitting_sweep_generalization_rank2/reports/gen_027/rank02_r1_inceptiontime_extra-0_seq5_ov50_cv5_static_only_seed42_report.json,24988,04b2dc2d6bc039e464ac6aacb829a66df80934256a4fe175b021a9042bbce0f5
20260630_0630_overfitting_sweep_generalization_rank2,consumed_report_json,/home/trinker/Code/github/PPG-Frailty-pipeline/results_frailty3/_overfitting_sweep/20260630_0630_overfitting_sweep_generalization_rank2/reports/gen_027/rank02_r2_inceptiontime_extra-0_seq5_ov50_cv5_static_only_seed10042_report.json,24870,2b652664e18602642ea70c573c7657f42ef1bc218edb4465f7de675f895f997a
20260630_0630_overfitting_sweep_generalization_rank2,consumed_report_json,/home/trinker/Code/github/PPG-Frailty-pipeline/results_frailty3/_overfitting_sweep/20260630_0630_overfitting_sweep_generalization_rank2/reports/gen_027/rank02_r3_inceptiontime_extra-0_seq5_ov50_cv5_static_only_seed20042_report.json,25069,728d4169af9def3cd444ff7adfa21f06abf9592f5b6ffb2e3b743e0dbd55fed3
20260630_0630_overfitting_sweep_generalization_rank2,consumed_report_json,/home/trinker/Code/github/PPG-Frailty-pipeline/results_frailty3/_overfitting_sweep/20260630_0630_overfitting_sweep_generalization_rank2/reports/gen_027/rank02_r4_inceptiontime_extra-0_seq5_ov50_cv5_static_only_seed30042_report.json,24953,f26832f195139369b229cda1c750f5eb7d9e6a02a9d0366a2242c709a3cd8bba
20260630_0630_overfitting_sweep_generalization_rank2,consumed_report_json,/home/trinker/Code/github/PPG-Frailty-pipeline/results_frailty3/_overfitting_sweep/20260630_0630_overfitting_sweep_generalization_rank2/reports/gen_027/rank02_r5_inceptiontime_extra-0_seq5_ov50_cv5_static_only_seed40042_report.json,24972,9f5b496d777562ea7d17e7ff8b4ccb47f7491ce3a3f6decbd5a50b715c8c6209
20260630_0630_overfitting_sweep_generalization_rank2,consumed_report_json,/home/trinker/Code/github/PPG-Frailty-pipeline/results_frailty3/_overfitting_sweep/20260630_0630_overfitting_sweep_generalization_rank2/reports/gen_028/rank02_r1_inceptiontime_extra-0_seq5_ov50_cv5_static_only_seed42_report.json,24937,12b30c249915ea4cab4dc8fdcdb8ec965ef3862e7b0ea29e695a96b69de400dd
20260630_0630_overfitting_sweep_generalization_rank2,consumed_report_json,/home/trinker/Code/github/PPG-Frailty-pipeline/results_frailty3/_overfitting_sweep/20260630_0630_overfitting_sweep_generalization_rank2/reports/gen_028/rank02_r2_inceptiontime_extra-0_seq5_ov50_cv5_static_only_seed10042_report.json,24988,dd6b214846a7ad5028510a8f0c0d5adb82ffd3591b906429966ce68417de612c
20260630_0630_overfitting_sweep_generalization_rank2,consumed_report_json,/home/trinker/Code/github/PPG-Frailty-pipeline/results_frailty3/_overfitting_sweep/20260630_0630_overfitting_sweep_generalization_rank2/reports/gen_028/rank02_r3_inceptiontime_extra-0_seq5_ov50_cv5_static_only_seed20042_report.json,24883,909bd43fc9eb0f88040107bdbc8303d73d5f6294490d8f341103de69595522ab
20260630_0630_overfitting_sweep_generalization_rank2,consumed_report_json,/home/trinker/Code/github/PPG-Frailty-pipeline/results_frailty3/_overfitting_sweep/20260630_0630_overfitting_sweep_generalization_rank2/reports/gen_028/rank02_r4_inceptiontime_extra-0_seq5_ov50_cv5_static_only_seed30042_report.json,25001,f0956ed9133aa05e1f095b79fd65592932e5e4152bbc0718708e93eeab978e02
20260630_0630_overfitting_sweep_generalization_rank2,consumed_report_json,/home/trinker/Code/github/PPG-Frailty-pipeline/results_frailty3/_overfitting_sweep/20260630_0630_overfitting_sweep_generalization_rank2/reports/gen_028/rank02_r5_inceptiontime_extra-0_seq5_ov50_cv5_static_only_seed40042_report.json,25072,ba928b74e99a320e4ac57a950215e657c4e9e737642aab87256459c10b17ffa8
20260630_0630_overfitting_sweep_generalization_rank2,consumed_report_json,/home/trinker/Code/github/PPG-Frailty-pipeline/results_frailty3/_overfitting_sweep/20260630_0630_overfitting_sweep_generalization_rank2/reports/gen_029/rank02_r1_inceptiontime_extra-0_seq5_ov50_cv5_static_only_seed42_report.json,24884,494da7c369d50449d3d86befc862b283ab744ed95bbbd1548a1ae606cf543303
20260630_0630_overfitting_sweep_generalization_rank2,consumed_report_json,/home/trinker/Code/github/PPG-Frailty-pipeline/results_frailty3/_overfitting_sweep/20260630_0630_overfitting_sweep_generalization_rank2/reports/gen_029/rank02_r2_inceptiontime_extra-0_seq5_ov50_cv5_static_only_seed10042_report.json,25025,ff65634f8c7daf27b5591591df7fa8bf79e324acaebc8bce684e8424fab12878
20260630_0630_overfitting_sweep_generalization_rank2,consumed_report_json,/home/trinker/Code/github/PPG-Frailty-pipeline/results_frailty3/_overfitting_sweep/20260630_0630_overfitting_sweep_generalization_rank2/reports/gen_029/rank02_r3_inceptiontime_extra-0_seq5_ov50_cv5_static_only_seed20042_report.json,24891,2370c32884fe436eb00d71ff32ca947926ae636d7713f70c8e2f911eb6961d18
20260630_0630_overfitting_sweep_generalization_rank2,consumed_report_json,/home/trinker/Code/github/PPG-Frailty-pipeline/results_frailty3/_overfitting_sweep/20260630_0630_overfitting_sweep_generalization_rank2/reports/gen_029/rank02_r4_inceptiontime_extra-0_seq5_ov50_cv5_static_only_seed30042_report.json,25052,ded51387b5a7642c6bf7dc550a871b2be2ae3ee30008bcdfb5725c65de9afce0
20260630_0630_overfitting_sweep_generalization_rank2,consumed_report_json,/home/trinker/Code/github/PPG-Frailty-pipeline/results_frailty3/_overfitting_sweep/20260630_0630_overfitting_sweep_generalization_rank2/reports/gen_029/rank02_r5_inceptiontime_extra-0_seq5_ov50_cv5_static_only_seed40042_report.json,25030,4421ed0edc63d681b5af4ba39df923bd420eb1a79b9a24cac35ba00deeeb30c3
20260630_0630_overfitting_sweep_generalization_rank2,consumed_report_json,/home/trinker/Code/github/PPG-Frailty-pipeline/results_frailty3/_overfitting_sweep/20260630_0630_overfitting_sweep_generalization_rank2/reports/gen_030/rank02_r1_inceptiontime_extra-0_seq5_ov50_cv5_static_only_seed42_report.json,25016,6a415aa0295b166fd99d1bf2d5e68d026bc1bd1278f9b3e185fa47fab7e69c51
20260630_0630_overfitting_sweep_generalization_rank2,consumed_report_json,/home/trinker/Code/github/PPG-Frailty-pipeline/results_frailty3/_overfitting_sweep/20260630_0630_overfitting_sweep_generalization_rank2/reports/gen_030/rank02_r2_inceptiontime_extra-0_seq5_ov50_cv5_static_only_seed10042_report.json,25033,a4461d0a62566c4b272eeb029cd41bc8765f7173ce725db342e88053a2062610
20260630_0630_overfitting_sweep_generalization_rank2,consumed_report_json,/home/trinker/Code/github/PPG-Frailty-pipeline/results_frailty3/_overfitting_sweep/20260630_0630_overfitting_sweep_generalization_rank2/reports/gen_030/rank02_r3_inceptiontime_extra-0_seq5_ov50_cv5_static_only_seed20042_report.json,25024,f168d2fd1aed6da18fb19438483e6c0b3c23c1fb012dba8ddc4686ab4f2d088b
20260630_0630_overfitting_sweep_generalization_rank2,consumed_report_json,/home/trinker/Code/github/PPG-Frailty-pipeline/results_frailty3/_overfitting_sweep/20260630_0630_overfitting_sweep_generalization_rank2/reports/gen_030/rank02_r4_inceptiontime_extra-0_seq5_ov50_cv5_static_only_seed30042_report.json,24909,6cd2020c0e4f4bec00eafbda3a1eea47f52e39f67bc87a6e13c21579cdc44c1c
20260630_0630_overfitting_sweep_generalization_rank2,consumed_report_json,/home/trinker/Code/github/PPG-Frailty-pipeline/results_frailty3/_overfitting_sweep/20260630_0630_overfitting_sweep_generalization_rank2/reports/gen_030/rank02_r5_inceptiontime_extra-0_seq5_ov50_cv5_static_only_seed40042_report.json,24959,fd3b6283ebafa8955c294501f14daa36f6954919f3f6a3a398f3924091b2cfa6
20260630_0630_overfitting_sweep_generalization_rank2,consumed_report_json,/home/trinker/Code/github/PPG-Frailty-pipeline/results_frailty3/_overfitting_sweep/20260630_0630_overfitting_sweep_generalization_rank2/reports/gen_031/rank02_r1_inceptiontime_extra-0_seq5_ov50_cv5_static_only_seed42_report.json,24978,422d4e81d017d7b8bd536759e8a28eaae1ba3263daff55008ac421a575cb9fbd
20260630_0630_overfitting_sweep_generalization_rank2,consumed_report_json,/home/trinker/Code/github/PPG-Frailty-pipeline/results_frailty3/_overfitting_sweep/20260630_0630_overfitting_sweep_generalization_rank2/reports/gen_031/rank02_r2_inceptiontime_extra-0_seq5_ov50_cv5_static_only_seed10042_report.json,25027,7298de23c0d11b7fc89b209aa58d819c9b87f891a7d8d7e413075376c4664e32
20260630_0630_overfitting_sweep_generalization_rank2,consumed_report_json,/home/trinker/Code/github/PPG-Frailty-pipeline/results_frailty3/_overfitting_sweep/20260630_0630_overfitting_sweep_generalization_rank2/reports/gen_031/rank02_r3_inceptiontime_extra-0_seq5_ov50_cv5_static_only_seed20042_report.json,25060,eddacb17b1cad09ec8cac0456df4733e244170914c74a0dc63b29f22bfa1f13b
20260630_0630_overfitting_sweep_generalization_rank2,consumed_report_json,/home/trinker/Code/github/PPG-Frailty-pipeline/results_frailty3/_overfitting_sweep/20260630_0630_overfitting_sweep_generalization_rank2/reports/gen_031/rank02_r4_inceptiontime_extra-0_seq5_ov50_cv5_static_only_seed30042_report.json,25009,b7a772ebb4e1123057044c65d189a649afc81cb266f0914656a811d6fbcd178e
20260630_0630_overfitting_sweep_generalization_rank2,consumed_report_json,/home/trinker/Code/github/PPG-Frailty-pipeline/results_frailty3/_overfitting_sweep/20260630_0630_overfitting_sweep_generalization_rank2/reports/gen_031/rank02_r5_inceptiontime_extra-0_seq5_ov50_cv5_static_only_seed40042_report.json,24995,28a1dbd4725eb2aaf3c44d40f00788b032d5ee38e3cf7ca3c8960b0f42c6fede
20260630_0630_overfitting_sweep_generalization_rank2,consumed_report_json,/home/trinker/Code/github/PPG-Frailty-pipeline/results_frailty3/_overfitting_sweep/20260630_0630_overfitting_sweep_generalization_rank2/reports/gen_032/rank02_r1_inceptiontime_extra-0_seq5_ov50_cv5_static_only_seed42_report.json,25019,913962150c1cbda362515ba70870dd0858d2aab789f323cfaf7479aec25f991e
20260630_0630_overfitting_sweep_generalization_rank2,consumed_report_json,/home/trinker/Code/github/PPG-Frailty-pipeline/results_frailty3/_overfitting_sweep/20260630_0630_overfitting_sweep_generalization_rank2/reports/gen_032/rank02_r2_inceptiontime_extra-0_seq5_ov50_cv5_static_only_seed10042_report.json,25104,1f5732c2630abc54c4b4546f402e9bbc4687cf51d2428eabb65f1ecf8657f2cb
20260630_0630_overfitting_sweep_generalization_rank2,consumed_report_json,/home/trinker/Code/github/PPG-Frailty-pipeline/results_frailty3/_overfitting_sweep/20260630_0630_overfitting_sweep_generalization_rank2/reports/gen_032/rank02_r3_inceptiontime_extra-0_seq5_ov50_cv5_static_only_seed20042_report.json,25014,36b9854d812dfa2a74c344532b3dab8689f7e4668a3fd91e6eeba7bb69b0ba97
20260630_0630_overfitting_sweep_generalization_rank2,consumed_report_json,/home/trinker/Code/github/PPG-Frailty-pipeline/results_frailty3/_overfitting_sweep/20260630_0630_overfitting_sweep_generalization_rank2/reports/gen_032/rank02_r4_inceptiontime_extra-0_seq5_ov50_cv5_static_only_seed30042_report.json,24964,2292fdb9441dab4a9dea8a63159014416d01d730f2a10e916e28d052d11313cf
20260630_0630_overfitting_sweep_generalization_rank2,consumed_report_json,/home/trinker/Code/github/PPG-Frailty-pipeline/results_frailty3/_overfitting_sweep/20260630_0630_overfitting_sweep_generalization_rank2/reports/gen_032/rank02_r5_inceptiontime_extra-0_seq5_ov50_cv5_static_only_seed40042_report.json,25115,e348211a900355dc01393f05b54b3b2679b562acb78de2ae3cb0632c27eb5999
20260630_0630_overfitting_sweep_generalization_rank2,consumed_report_json,/home/trinker/Code/github/PPG-Frailty-pipeline/results_frailty3/_overfitting_sweep/20260630_0630_overfitting_sweep_generalization_rank2/reports/gen_033/rank02_r1_inceptiontime_extra-0_seq5_ov50_cv5_static_only_seed42_report.json,24974,fa8b874ae0f59a5e1becacfc75e4559d77cbb11d8f764a0de642ccca6da0a0e2
20260630_0630_overfitting_sweep_generalization_rank2,consumed_report_json,/home/trinker/Code/github/PPG-Frailty-pipeline/results_frailty3/_overfitting_sweep/20260630_0630_overfitting_sweep_generalization_rank2/reports/gen_033/rank02_r2_inceptiontime_extra-0_seq5_ov50_cv5_static_only_seed10042_report.json,25052,bffbe78579699f11f2dcb090c66ce3babb644cf972c27ef2ed5924946d785674
20260630_0630_overfitting_sweep_generalization_rank2,consumed_report_json,/home/trinker/Code/github/PPG-Frailty-pipeline/results_frailty3/_overfitting_sweep/20260630_0630_overfitting_sweep_generalization_rank2/reports/gen_033/rank02_r3_inceptiontime_extra-0_seq5_ov50_cv5_static_only_seed20042_report.json,25029,25473a96cef3d1ba5c1a1319a9458524afc3b329204251c2564c773b582b1ee9
20260630_0630_overfitting_sweep_generalization_rank2,consumed_report_json,/home/trinker/Code/github/PPG-Frailty-pipeline/results_frailty3/_overfitting_sweep/20260630_0630_overfitting_sweep_generalization_rank2/reports/gen_033/rank02_r4_inceptiontime_extra-0_seq5_ov50_cv5_static_only_seed30042_report.json,25051,7f99b8dc40c213e6b4ebe8d32b04029f79f411bcccff5cd2d734f446188dad57
20260630_0630_overfitting_sweep_generalization_rank2,consumed_report_json,/home/trinker/Code/github/PPG-Frailty-pipeline/results_frailty3/_overfitting_sweep/20260630_0630_overfitting_sweep_generalization_rank2/reports/gen_033/rank02_r5_inceptiontime_extra-0_seq5_ov50_cv5_static_only_seed40042_report.json,25035,812eb1f779f6e50802743fb12df33836064709b6fb67b529e3f1d7f44f3af5bf
20260630_0630_overfitting_sweep_generalization_rank2,consumed_report_json,/home/trinker/Code/github/PPG-Frailty-pipeline/results_frailty3/_overfitting_sweep/20260630_0630_overfitting_sweep_generalization_rank2/reports/gen_034/rank02_r1_inceptiontime_extra-0_seq5_ov50_cv5_static_only_seed42_report.json,24957,2279b280fbc427ebc956bd57a3e6102f1eeb91f7c30df02e6c4e775e5979aefa
20260630_0630_overfitting_sweep_generalization_rank2,consumed_report_json,/home/trinker/Code/github/PPG-Frailty-pipeline/results_frailty3/_overfitting_sweep/20260630_0630_overfitting_sweep_generalization_rank2/reports/gen_034/rank02_r2_inceptiontime_extra-0_seq5_ov50_cv5_static_only_seed10042_report.json,24913,7174a182b4140cd04fc60cf3ef5b914a087954286e3ae320a3f5d1e9c26a17e1
20260630_0630_overfitting_sweep_generalization_rank2,consumed_report_json,/home/trinker/Code/github/PPG-Frailty-pipeline/results_frailty3/_overfitting_sweep/20260630_0630_overfitting_sweep_generalization_rank2/reports/gen_034/rank02_r3_inceptiontime_extra-0_seq5_ov50_cv5_static_only_seed20042_report.json,24934,0d9504d083eb911f60e22b70079a22e088d64aa52c12739cbc45833fa19f52c2
20260630_0630_overfitting_sweep_generalization_rank2,consumed_report_json,/home/trinker/Code/github/PPG-Frailty-pipeline/results_frailty3/_overfitting_sweep/20260630_0630_overfitting_sweep_generalization_rank2/reports/gen_034/rank02_r4_inceptiontime_extra-0_seq5_ov50_cv5_static_only_seed30042_report.json,24980,8792c5c1ee67bbf94ad5863c4eea0088c0573089212d8e1691a912a6cfad564d
20260630_0630_overfitting_sweep_generalization_rank2,consumed_report_json,/home/trinker/Code/github/PPG-Frailty-pipeline/results_frailty3/_overfitting_sweep/20260630_0630_overfitting_sweep_generalization_rank2/reports/gen_034/rank02_r5_inceptiontime_extra-0_seq5_ov50_cv5_static_only_seed40042_report.json,24856,4417cfd9cc6ef25dbd73cbfcf0ae4c7f90b0f66d0c6b72ede6511592850f7290
20260630_0630_overfitting_sweep_generalization_rank2,consumed_report_json,/home/trinker/Code/github/PPG-Frailty-pipeline/results_frailty3/_overfitting_sweep/20260630_0630_overfitting_sweep_generalization_rank2/reports/gen_035/rank02_r1_inceptiontime_extra-0_seq5_ov50_cv5_static_only_seed42_report.json,24957,e8098477e68c846fe172b39fd69055d4cdb1670a1e26c58e5e75439ecec856b5
20260630_0630_overfitting_sweep_generalization_rank2,consumed_report_json,/home/trinker/Code/github/PPG-Frailty-pipeline/results_frailty3/_overfitting_sweep/20260630_0630_overfitting_sweep_generalization_rank2/reports/gen_035/rank02_r2_inceptiontime_extra-0_seq5_ov50_cv5_static_only_seed10042_report.json,25057,05c334c6d7f71053ef65d696dac3fb9b45c0942792f2cdea6b3873b432dfb9d1
20260630_0630_overfitting_sweep_generalization_rank2,consumed_report_json,/home/trinker/Code/github/PPG-Frailty-pipeline/results_frailty3/_overfitting_sweep/20260630_0630_overfitting_sweep_generalization_rank2/reports/gen_035/rank02_r3_inceptiontime_extra-0_seq5_ov50_cv5_static_only_seed20042_report.json,25024,921340761374499e4fd338b24d812c5d26948cfc266162f1e723e97eb5e56ab1
20260630_0630_overfitting_sweep_generalization_rank2,consumed_report_json,/home/trinker/Code/github/PPG-Frailty-pipeline/results_frailty3/_overfitting_sweep/20260630_0630_overfitting_sweep_generalization_rank2/reports/gen_035/rank02_r4_inceptiontime_extra-0_seq5_ov50_cv5_static_only_seed30042_report.json,25085,a594102d8e81b37971993ad5a9e93194ab30dbce152e9688d3218a11321d4c67
20260630_0630_overfitting_sweep_generalization_rank2,consumed_report_json,/home/trinker/Code/github/PPG-Frailty-pipeline/results_frailty3/_overfitting_sweep/20260630_0630_overfitting_sweep_generalization_rank2/reports/gen_035/rank02_r5_inceptiontime_extra-0_seq5_ov50_cv5_static_only_seed40042_report.json,25050,ed4cf0bb984c61378073e1c36ba9c118a2f52f6c302fbfab5294aa37547be2e1
20260630_0630_overfitting_sweep_generalization_rank2,consumed_report_json,/home/trinker/Code/github/PPG-Frailty-pipeline/results_frailty3/_overfitting_sweep/20260630_0630_overfitting_sweep_generalization_rank2/reports/gen_036/rank02_r1_inceptiontime_extra-0_seq5_ov50_cv5_static_only_seed42_report.json,25063,d0cf47ad7f628bca335f0be2f356205ea123dbf5883f2da76feedb95b65e75ba
20260630_0630_overfitting_sweep_generalization_rank2,consumed_report_json,/home/trinker/Code/github/PPG-Frailty-pipeline/results_frailty3/_overfitting_sweep/20260630_0630_overfitting_sweep_generalization_rank2/reports/gen_036/rank02_r2_inceptiontime_extra-0_seq5_ov50_cv5_static_only_seed10042_report.json,25027,3c66e083dc38f97f09dbc56eb5f97023dbb2dad06d979665eb158ef5a8811368
20260630_0630_overfitting_sweep_generalization_rank2,consumed_report_json,/home/trinker/Code/github/PPG-Frailty-pipeline/results_frailty3/_overfitting_sweep/20260630_0630_overfitting_sweep_generalization_rank2/reports/gen_036/rank02_r3_inceptiontime_extra-0_seq5_ov50_cv5_static_only_seed20042_report.json,24998,0aec2927ffe470d31b244e00db9a921646c9586e4d60abb5a91e6626538ff4ed
20260630_0630_overfitting_sweep_generalization_rank2,consumed_report_json,/home/trinker/Code/github/PPG-Frailty-pipeline/results_frailty3/_overfitting_sweep/20260630_0630_overfitting_sweep_generalization_rank2/reports/gen_036/rank02_r4_inceptiontime_extra-0_seq5_ov50_cv5_static_only_seed30042_report.json,24991,b2144f7fc22b23e87a115626ca2941d22902eb1392a50ce4d0550028642bed09
20260630_0630_overfitting_sweep_generalization_rank2,consumed_report_json,/home/trinker/Code/github/PPG-Frailty-pipeline/results_frailty3/_overfitting_sweep/20260630_0630_overfitting_sweep_generalization_rank2/reports/gen_036/rank02_r5_inceptiontime_extra-0_seq5_ov50_cv5_static_only_seed40042_report.json,25043,a1c30797d0f695e678e3c6238f61f9bb4e270a6645b4a15b1ea84fdfeb99f03f
20260630_0630_overfitting_sweep_generalization_rank2,consumed_report_json,/home/trinker/Code/github/PPG-Frailty-pipeline/results_frailty3/_overfitting_sweep/20260630_0630_overfitting_sweep_generalization_rank2/reports/gen_037/rank02_r1_inceptiontime_extra-0_seq5_ov50_cv5_static_only_seed42_report.json,25052,4ce78c9dbaf17736c57c4119a0088471c35942516417f5d63eb79252183e4479
20260630_0630_overfitting_sweep_generalization_rank2,consumed_report_json,/home/trinker/Code/github/PPG-Frailty-pipeline/results_frailty3/_overfitting_sweep/20260630_0630_overfitting_sweep_generalization_rank2/reports/gen_037/rank02_r2_inceptiontime_extra-0_seq5_ov50_cv5_static_only_seed10042_report.json,25000,e9ac9144b7baa7059c8a4964e59cc39f9bb36f1a1d4738e1eb33035f1a05dca6
20260630_0630_overfitting_sweep_generalization_rank2,consumed_report_json,/home/trinker/Code/github/PPG-Frailty-pipeline/results_frailty3/_overfitting_sweep/20260630_0630_overfitting_sweep_generalization_rank2/reports/gen_037/rank02_r3_inceptiontime_extra-0_seq5_ov50_cv5_static_only_seed20042_report.json,25055,7b309af957b3a91d7587db3257df3a118366a08d592ecf565fa8abf3c103b954
20260630_0630_overfitting_sweep_generalization_rank2,consumed_report_json,/home/trinker/Code/github/PPG-Frailty-pipeline/results_frailty3/_overfitting_sweep/20260630_0630_overfitting_sweep_generalization_rank2/reports/gen_037/rank02_r4_inceptiontime_extra-0_seq5_ov50_cv5_static_only_seed30042_report.json,24978,a7c14b27f9bf26734828333f923029e3fe5a43106f73a7c461b6f8635ad4ea01
20260630_0630_overfitting_sweep_generalization_rank2,consumed_report_json,/home/trinker/Code/github/PPG-Frailty-pipeline/results_frailty3/_overfitting_sweep/20260630_0630_overfitting_sweep_generalization_rank2/reports/gen_037/rank02_r5_inceptiontime_extra-0_seq5_ov50_cv5_static_only_seed40042_report.json,24979,ffc5ac4ac927d62367d290a67d96f7bcad9a496bd8f31485ab225be77eb2ef17
20260630_0630_overfitting_sweep_generalization_rank2,consumed_report_json,/home/trinker/Code/github/PPG-Frailty-pipeline/results_frailty3/_overfitting_sweep/20260630_0630_overfitting_sweep_generalization_rank2/reports/gen_038/rank02_r1_inceptiontime_extra-0_seq5_ov50_cv5_static_only_seed42_report.json,25050,cd5826ff4b150fb3e1c6ddd8a484654f0680ffca8e06def19de5b269133cafc6
20260630_0630_overfitting_sweep_generalization_rank2,consumed_report_json,/home/trinker/Code/github/PPG-Frailty-pipeline/results_frailty3/_overfitting_sweep/20260630_0630_overfitting_sweep_generalization_rank2/reports/gen_038/rank02_r2_inceptiontime_extra-0_seq5_ov50_cv5_static_only_seed10042_report.json,25065,011a0d8bd7ff407898b7910462adec31195a0dcb49fa114aecd0aa250bf44d9b
20260630_0630_overfitting_sweep_generalization_rank2,consumed_report_json,/home/trinker/Code/github/PPG-Frailty-pipeline/results_frailty3/_overfitting_sweep/20260630_0630_overfitting_sweep_generalization_rank2/reports/gen_038/rank02_r3_inceptiontime_extra-0_seq5_ov50_cv5_static_only_seed20042_report.json,25100,b51c4d0e7c6999fc537f5ca8d2e002146a777c075493b8ebb2c7315cc03a619a
20260630_0630_overfitting_sweep_generalization_rank2,consumed_report_json,/home/trinker/Code/github/PPG-Frailty-pipeline/results_frailty3/_overfitting_sweep/20260630_0630_overfitting_sweep_generalization_rank2/reports/gen_038/rank02_r4_inceptiontime_extra-0_seq5_ov50_cv5_static_only_seed30042_report.json,25056,8f4baa0aac67a95b3bef654dfd9b8acd6bd2f3d5ab42fbd057a8689176c335a3
20260630_0630_overfitting_sweep_generalization_rank2,consumed_report_json,/home/trinker/Code/github/PPG-Frailty-pipeline/results_frailty3/_overfitting_sweep/20260630_0630_overfitting_sweep_generalization_rank2/reports/gen_038/rank02_r5_inceptiontime_extra-0_seq5_ov50_cv5_static_only_seed40042_report.json,24900,178c11683917a63429cc86e00160315a0a548af6dc41ca5a9204ed83b307c9f4
20260630_0630_overfitting_sweep_generalization_rank2,consumed_report_json,/home/trinker/Code/github/PPG-Frailty-pipeline/results_frailty3/_overfitting_sweep/20260630_0630_overfitting_sweep_generalization_rank2/reports/gen_039/rank02_r1_inceptiontime_extra-0_seq5_ov50_cv5_static_only_seed42_report.json,24900,5a15e1d08fda8768971c39f7036152317e0b336b75e7e26f93001ec50203555e
20260630_0630_overfitting_sweep_generalization_rank2,consumed_report_json,/home/trinker/Code/github/PPG-Frailty-pipeline/results_frailty3/_overfitting_sweep/20260630_0630_overfitting_sweep_generalization_rank2/reports/gen_039/rank02_r2_inceptiontime_extra-0_seq5_ov50_cv5_static_only_seed10042_report.json,24936,0f6b62486af21acca40c7a07f54fdb355eb8461a47ae51adb15d7fa0e0f0c901
20260630_0630_overfitting_sweep_generalization_rank2,consumed_report_json,/home/trinker/Code/github/PPG-Frailty-pipeline/results_frailty3/_overfitting_sweep/20260630_0630_overfitting_sweep_generalization_rank2/reports/gen_039/rank02_r3_inceptiontime_extra-0_seq5_ov50_cv5_static_only_seed20042_report.json,24961,5d9970a2307875b6518a6b93ac610a322378d38fb62493f91a15febda0b3c61f
20260630_0630_overfitting_sweep_generalization_rank2,consumed_report_json,/home/trinker/Code/github/PPG-Frailty-pipeline/results_frailty3/_overfitting_sweep/20260630_0630_overfitting_sweep_generalization_rank2/reports/gen_039/rank02_r4_inceptiontime_extra-0_seq5_ov50_cv5_static_only_seed30042_report.json,24850,7a42fa8debc8ffe513407cdafba89e51bb0e23345a0be1c4e481ce4c79db09cf
20260630_0630_overfitting_sweep_generalization_rank2,consumed_report_json,/home/trinker/Code/github/PPG-Frailty-pipeline/results_frailty3/_overfitting_sweep/20260630_0630_overfitting_sweep_generalization_rank2/reports/gen_039/rank02_r5_inceptiontime_extra-0_seq5_ov50_cv5_static_only_seed40042_report.json,25011,3daf0394c4e09f1a2c40c35737326ae4f1e3a2cd995099f3ee681c2fbaafc422
20260630_0630_overfitting_sweep_generalization_rank2,consumed_report_json,/home/trinker/Code/github/PPG-Frailty-pipeline/results_frailty3/_overfitting_sweep/20260630_0630_overfitting_sweep_generalization_rank2/reports/gen_040/rank02_r1_inceptiontime_extra-0_seq5_ov50_cv5_static_only_seed42_report.json,25009,5e6bfec480b09fd2a2b0306b407092c8315021607bb3bc38dafc6fb07aec03cf
20260630_0630_overfitting_sweep_generalization_rank2,consumed_report_json,/home/trinker/Code/github/PPG-Frailty-pipeline/results_frailty3/_overfitting_sweep/20260630_0630_overfitting_sweep_generalization_rank2/reports/gen_040/rank02_r2_inceptiontime_extra-0_seq5_ov50_cv5_static_only_seed10042_report.json,24911,b484756ba4c95a21d3a0c81da103d2bb3a610c0bcd8870e2d801110c9197188a
20260630_0630_overfitting_sweep_generalization_rank2,consumed_report_json,/home/trinker/Code/github/PPG-Frailty-pipeline/results_frailty3/_overfitting_sweep/20260630_0630_overfitting_sweep_generalization_rank2/reports/gen_040/rank02_r3_inceptiontime_extra-0_seq5_ov50_cv5_static_only_seed20042_report.json,24953,7a60a9478a75fff65d51bc65649e3a9baece93d1e2d558387a6a936dace05e86
20260630_0630_overfitting_sweep_generalization_rank2,consumed_report_json,/home/trinker/Code/github/PPG-Frailty-pipeline/results_frailty3/_overfitting_sweep/20260630_0630_overfitting_sweep_generalization_rank2/reports/gen_040/rank02_r4_inceptiontime_extra-0_seq5_ov50_cv5_static_only_seed30042_report.json,24834,1037a97bc5ee8634884903631d1f55773ff520738976cfc3d3131d523f4f432a
20260630_0630_overfitting_sweep_generalization_rank2,consumed_report_json,/home/trinker/Code/github/PPG-Frailty-pipeline/results_frailty3/_overfitting_sweep/20260630_0630_overfitting_sweep_generalization_rank2/reports/gen_040/rank02_r5_inceptiontime_extra-0_seq5_ov50_cv5_static_only_seed40042_report.json,24978,e913171bb608431a5550203ebd124f81a78b9593eab2d75fb8193004168d7307
20260630_0630_overfitting_sweep_generalization_rank2,consumed_report_json,/home/trinker/Code/github/PPG-Frailty-pipeline/results_frailty3/_overfitting_sweep/20260630_0630_overfitting_sweep_generalization_rank2/reports/gen_041/rank02_r1_inceptiontime_extra-0_seq5_ov50_cv5_static_only_seed42_report.json,25011,1875f24689b2c5acdbfabfecefc5bf49dfc1f591d6f76c5f684d649612e6cbe2
20260630_0630_overfitting_sweep_generalization_rank2,consumed_report_json,/home/trinker/Code/github/PPG-Frailty-pipeline/results_frailty3/_overfitting_sweep/20260630_0630_overfitting_sweep_generalization_rank2/reports/gen_041/rank02_r2_inceptiontime_extra-0_seq5_ov50_cv5_static_only_seed10042_report.json,25072,4e878dc35e050cbda7d518df9ec3c39d65df9d6cc344c888ed46b2f9780a87c8
20260630_0630_overfitting_sweep_generalization_rank2,consumed_report_json,/home/trinker/Code/github/PPG-Frailty-pipeline/results_frailty3/_overfitting_sweep/20260630_0630_overfitting_sweep_generalization_rank2/reports/gen_041/rank02_r3_inceptiontime_extra-0_seq5_ov50_cv5_static_only_seed20042_report.json,24980,06e14eeabae1f3ce7d39aaccd23b0368a62011bed315e019825444ef1f9c1311
20260630_0630_overfitting_sweep_generalization_rank2,consumed_report_json,/home/trinker/Code/github/PPG-Frailty-pipeline/results_frailty3/_overfitting_sweep/20260630_0630_overfitting_sweep_generalization_rank2/reports/gen_041/rank02_r4_inceptiontime_extra-0_seq5_ov50_cv5_static_only_seed30042_report.json,24952,99f7dea7fa87916030519d0ffd7c487cdbd6ddf5fa8e2c174ba2ad60895361df
20260630_0630_overfitting_sweep_generalization_rank2,consumed_report_json,/home/trinker/Code/github/PPG-Frailty-pipeline/results_frailty3/_overfitting_sweep/20260630_0630_overfitting_sweep_generalization_rank2/reports/gen_041/rank02_r5_inceptiontime_extra-0_seq5_ov50_cv5_static_only_seed40042_report.json,25053,530f99c086b821c2f1ed2f113e698f5b6fc645ead8e1c4218cf24f3854b0b47c
20260630_0630_overfitting_sweep_generalization_rank2,consumed_report_json,/home/trinker/Code/github/PPG-Frailty-pipeline/results_frailty3/_overfitting_sweep/20260630_0630_overfitting_sweep_generalization_rank2/reports/gen_042/rank02_r1_inceptiontime_extra-0_seq5_ov50_cv5_static_only_seed42_report.json,24912,337197143eb7d7c140b7aea6f68de7d410e114f2b27eb91133c9d1b08958dc49
20260630_0630_overfitting_sweep_generalization_rank2,consumed_report_json,/home/trinker/Code/github/PPG-Frailty-pipeline/results_frailty3/_overfitting_sweep/20260630_0630_overfitting_sweep_generalization_rank2/reports/gen_042/rank02_r2_inceptiontime_extra-0_seq5_ov50_cv5_static_only_seed10042_report.json,25014,4f0afa6eb3707e6f41a0fee82a745e2e74232ec373f471c56d9a98b5dcffe62d
20260630_0630_overfitting_sweep_generalization_rank2,consumed_report_json,/home/trinker/Code/github/PPG-Frailty-pipeline/results_frailty3/_overfitting_sweep/20260630_0630_overfitting_sweep_generalization_rank2/reports/gen_042/rank02_r3_inceptiontime_extra-0_seq5_ov50_cv5_static_only_seed20042_report.json,24860,7a58142098b007dbf7fea0c9f45631e15724789d3ca091e71ac2620e0f7e636a
20260630_0630_overfitting_sweep_generalization_rank2,consumed_report_json,/home/trinker/Code/github/PPG-Frailty-pipeline/results_frailty3/_overfitting_sweep/20260630_0630_overfitting_sweep_generalization_rank2/reports/gen_042/rank02_r4_inceptiontime_extra-0_seq5_ov50_cv5_static_only_seed30042_report.json,24921,ca4e20b4909920b7ddd1cb333abaf660e1307dee5e881adfeb529b03c134a8d8
20260630_0630_overfitting_sweep_generalization_rank2,consumed_report_json,/home/trinker/Code/github/PPG-Frailty-pipeline/results_frailty3/_overfitting_sweep/20260630_0630_overfitting_sweep_generalization_rank2/reports/gen_042/rank02_r5_inceptiontime_extra-0_seq5_ov50_cv5_static_only_seed40042_report.json,24963,690e35da80b201de1ae902917805db12c99d052ea09dd871f5b6fcfce89e0ded
20260630_0630_overfitting_sweep_generalization_rank2,consumed_report_json,/home/trinker/Code/github/PPG-Frailty-pipeline/results_frailty3/_overfitting_sweep/20260630_0630_overfitting_sweep_generalization_rank2/reports/gen_043/rank02_r1_inceptiontime_extra-0_seq5_ov50_cv5_static_only_seed42_report.json,25026,eb02da77b798738042d61d79efee24f7798e1c366e503eb4cb4b0a142650d9a1
20260630_0630_overfitting_sweep_generalization_rank2,consumed_report_json,/home/trinker/Code/github/PPG-Frailty-pipeline/results_frailty3/_overfitting_sweep/20260630_0630_overfitting_sweep_generalization_rank2/reports/gen_043/rank02_r2_inceptiontime_extra-0_seq5_ov50_cv5_static_only_seed10042_report.json,25034,3cd47eff0a52f9c40faa196391639991ba8e40b6228b58cd1762482905a809b1
20260630_0630_overfitting_sweep_generalization_rank2,consumed_report_json,/home/trinker/Code/github/PPG-Frailty-pipeline/results_frailty3/_overfitting_sweep/20260630_0630_overfitting_sweep_generalization_rank2/reports/gen_043/rank02_r3_inceptiontime_extra-0_seq5_ov50_cv5_static_only_seed20042_report.json,24942,49b7b7f983e78af8e1325364dc5e2f55a1a96163a41f132a8c67d0ed15c8fb78
20260630_0630_overfitting_sweep_generalization_rank2,consumed_report_json,/home/trinker/Code/github/PPG-Frailty-pipeline/results_frailty3/_overfitting_sweep/20260630_0630_overfitting_sweep_generalization_rank2/reports/gen_043/rank02_r4_inceptiontime_extra-0_seq5_ov50_cv5_static_only_seed30042_report.json,25016,8b009d9de34352c13995b09dc0d9bd4b128bcf84568b93d1271898b4f7da74af
20260630_0630_overfitting_sweep_generalization_rank2,consumed_report_json,/home/trinker/Code/github/PPG-Frailty-pipeline/results_frailty3/_overfitting_sweep/20260630_0630_overfitting_sweep_generalization_rank2/reports/gen_043/rank02_r5_inceptiontime_extra-0_seq5_ov50_cv5_static_only_seed40042_report.json,24960,452ffa5c1bf9b87c8c53c5644486cb19bf31b6bc9ac209868a222dd1db780208
20260630_0630_overfitting_sweep_generalization_rank2,consumed_report_json,/home/trinker/Code/github/PPG-Frailty-pipeline/results_frailty3/_overfitting_sweep/20260630_0630_overfitting_sweep_generalization_rank2/reports/gen_044/rank02_r1_inceptiontime_extra-0_seq5_ov50_cv5_static_only_seed42_report.json,25025,2d45bfe5efa7e9aefe998bc9bbae8c32b1794c6b8da2b95df398b47d1dca76fb
20260630_0630_overfitting_sweep_generalization_rank2,consumed_report_json,/home/trinker/Code/github/PPG-Frailty-pipeline/results_frailty3/_overfitting_sweep/20260630_0630_overfitting_sweep_generalization_rank2/reports/gen_044/rank02_r2_inceptiontime_extra-0_seq5_ov50_cv5_static_only_seed10042_report.json,24971,86294fba51aba7fd3c61c0d26598c56ecb8cfa88d79627b679b927206621bedf
20260630_0630_overfitting_sweep_generalization_rank2,consumed_report_json,/home/trinker/Code/github/PPG-Frailty-pipeline/results_frailty3/_overfitting_sweep/20260630_0630_overfitting_sweep_generalization_rank2/reports/gen_044/rank02_r3_inceptiontime_extra-0_seq5_ov50_cv5_static_only_seed20042_report.json,25032,4b0dd3a9e672c82d00265cdd650ec9f3a6c580dbf64235db2c6e5a9d745417b4
20260630_0630_overfitting_sweep_generalization_rank2,consumed_report_json,/home/trinker/Code/github/PPG-Frailty-pipeline/results_frailty3/_overfitting_sweep/20260630_0630_overfitting_sweep_generalization_rank2/reports/gen_044/rank02_r4_inceptiontime_extra-0_seq5_ov50_cv5_static_only_seed30042_report.json,24991,5bba45274b45a4a910bf36b00bb050d86d1bbf3604285cc10268cc09abbf30fd
20260630_0630_overfitting_sweep_generalization_rank2,consumed_report_json,/home/trinker/Code/github/PPG-Frailty-pipeline/results_frailty3/_overfitting_sweep/20260630_0630_overfitting_sweep_generalization_rank2/reports/gen_044/rank02_r5_inceptiontime_extra-0_seq5_ov50_cv5_static_only_seed40042_report.json,25069,beaad8371ea1ba6c828b02c318796500b917bff3566b5ee05b2b7dcf086fbbd5
20260630_0630_overfitting_sweep_generalization_rank2,consumed_report_json,/home/trinker/Code/github/PPG-Frailty-pipeline/results_frailty3/_overfitting_sweep/20260630_0630_overfitting_sweep_generalization_rank2/reports/gen_045/rank02_r1_inceptiontime_extra-0_seq5_ov50_cv5_static_only_seed42_report.json,25027,7317655125715c26a847b186c4c70c3ddfc4d59b3c57afcbf3d4047033d963ba
20260630_0630_overfitting_sweep_generalization_rank2,consumed_report_json,/home/trinker/Code/github/PPG-Frailty-pipeline/results_frailty3/_overfitting_sweep/20260630_0630_overfitting_sweep_generalization_rank2/reports/gen_045/rank02_r2_inceptiontime_extra-0_seq5_ov50_cv5_static_only_seed10042_report.json,25054,cb1ea749469d1d313add0921b108e2ca25df951b0914c2b3110b5d4f71ecb8b9
20260630_0630_overfitting_sweep_generalization_rank2,consumed_report_json,/home/trinker/Code/github/PPG-Frailty-pipeline/results_frailty3/_overfitting_sweep/20260630_0630_overfitting_sweep_generalization_rank2/reports/gen_045/rank02_r3_inceptiontime_extra-0_seq5_ov50_cv5_static_only_seed20042_report.json,24831,e9974a15ef48f86dd343530f2b58f031948002792ce27741d9c6b4cce630f544
20260630_0630_overfitting_sweep_generalization_rank2,consumed_report_json,/home/trinker/Code/github/PPG-Frailty-pipeline/results_frailty3/_overfitting_sweep/20260630_0630_overfitting_sweep_generalization_rank2/reports/gen_045/rank02_r4_inceptiontime_extra-0_seq5_ov50_cv5_static_only_seed30042_report.json,25050,8c7a50c527fdabc3ab755711081d00bae7b631e67f4945b35e9b71a5ae46251f
20260630_0630_overfitting_sweep_generalization_rank2,consumed_report_json,/home/trinker/Code/github/PPG-Frailty-pipeline/results_frailty3/_overfitting_sweep/20260630_0630_overfitting_sweep_generalization_rank2/reports/gen_045/rank02_r5_inceptiontime_extra-0_seq5_ov50_cv5_static_only_seed40042_report.json,25037,7f731914d7cae6f5cbe10ca64d6b59abe119ba38de35f63650267187b8a01f20
20260630_0630_overfitting_sweep_generalization_rank2,consumed_report_json,/home/trinker/Code/github/PPG-Frailty-pipeline/results_frailty3/_overfitting_sweep/20260630_0630_overfitting_sweep_generalization_rank2/reports/gen_046/rank02_r1_inceptiontime_extra-0_seq5_ov50_cv5_static_only_seed42_report.json,25005,f603208acfb1a2fc922c656a59583d22ef92177ad92997e133a4b5a815e40ae6
20260630_0630_overfitting_sweep_generalization_rank2,consumed_report_json,/home/trinker/Code/github/PPG-Frailty-pipeline/results_frailty3/_overfitting_sweep/20260630_0630_overfitting_sweep_generalization_rank2/reports/gen_046/rank02_r2_inceptiontime_extra-0_seq5_ov50_cv5_static_only_seed10042_report.json,25109,580228f095cea9007ea014baf0cbace0ff97afb977c5d0527cb4026da263294b
20260630_0630_overfitting_sweep_generalization_rank2,consumed_report_json,/home/trinker/Code/github/PPG-Frailty-pipeline/results_frailty3/_overfitting_sweep/20260630_0630_overfitting_sweep_generalization_rank2/reports/gen_046/rank02_r3_inceptiontime_extra-0_seq5_ov50_cv5_static_only_seed20042_report.json,25097,a98c47b0a202e4c7c38d41991c16fd43c1e06740f7115605469e2dd79c81d6a5
20260630_0630_overfitting_sweep_generalization_rank2,consumed_report_json,/home/trinker/Code/github/PPG-Frailty-pipeline/results_frailty3/_overfitting_sweep/20260630_0630_overfitting_sweep_generalization_rank2/reports/gen_046/rank02_r4_inceptiontime_extra-0_seq5_ov50_cv5_static_only_seed30042_report.json,24982,73c13bde86068b82160caff339f985016fdb79d4e6a0aa89f6eeeaa8acf3e07e
20260630_0630_overfitting_sweep_generalization_rank2,consumed_report_json,/home/trinker/Code/github/PPG-Frailty-pipeline/results_frailty3/_overfitting_sweep/20260630_0630_overfitting_sweep_generalization_rank2/reports/gen_046/rank02_r5_inceptiontime_extra-0_seq5_ov50_cv5_static_only_seed40042_report.json,24915,5098c3d96d2671f6560c9756e252610833d48d43223c41d2c59842bb9f419917
20260630_0630_overfitting_sweep_generalization_rank2,consumed_report_json,/home/trinker/Code/github/PPG-Frailty-pipeline/results_frailty3/_overfitting_sweep/20260630_0630_overfitting_sweep_generalization_rank2/reports/gen_047/rank02_r1_inceptiontime_extra-0_seq5_ov50_cv5_static_only_seed42_report.json,25099,469c77d772807ce09b4c4b8499399073b91aec87c9ab5036b8ac5a5b9f39a7d6
20260630_0630_overfitting_sweep_generalization_rank2,consumed_report_json,/home/trinker/Code/github/PPG-Frailty-pipeline/results_frailty3/_overfitting_sweep/20260630_0630_overfitting_sweep_generalization_rank2/reports/gen_047/rank02_r2_inceptiontime_extra-0_seq5_ov50_cv5_static_only_seed10042_report.json,24907,7ebc635e79090a561450c8b049c12377bbd8274971016509df08c7b898492704
20260630_0630_overfitting_sweep_generalization_rank2,consumed_report_json,/home/trinker/Code/github/PPG-Frailty-pipeline/results_frailty3/_overfitting_sweep/20260630_0630_overfitting_sweep_generalization_rank2/reports/gen_047/rank02_r3_inceptiontime_extra-0_seq5_ov50_cv5_static_only_seed20042_report.json,24972,120da6f842e9f5be5e8271116c9504a0b6c50c37cc603c48efc53cde060c1c7b
20260630_0630_overfitting_sweep_generalization_rank2,consumed_report_json,/home/trinker/Code/github/PPG-Frailty-pipeline/results_frailty3/_overfitting_sweep/20260630_0630_overfitting_sweep_generalization_rank2/reports/gen_047/rank02_r4_inceptiontime_extra-0_seq5_ov50_cv5_static_only_seed30042_report.json,25060,78018c82c1eb1eb8b05227d4779bec8c2363c2a63f8a47c1b0b76a83cea30a08
20260630_0630_overfitting_sweep_generalization_rank2,consumed_report_json,/home/trinker/Code/github/PPG-Frailty-pipeline/results_frailty3/_overfitting_sweep/20260630_0630_overfitting_sweep_generalization_rank2/reports/gen_047/rank02_r5_inceptiontime_extra-0_seq5_ov50_cv5_static_only_seed40042_report.json,25065,58bbc055f72fc7328eae10d8221444379a65263f0e8739c5989113c0211307ea
20260630_0630_overfitting_sweep_generalization_rank2,consumed_report_json,/home/trinker/Code/github/PPG-Frailty-pipeline/results_frailty3/_overfitting_sweep/20260630_0630_overfitting_sweep_generalization_rank2/reports/gen_048/rank02_r1_inceptiontime_extra-0_seq5_ov50_cv5_static_only_seed42_report.json,25057,b67f895a4727ea72f39877f009312c1516dee61637fca086daad78960684b410
20260630_0630_overfitting_sweep_generalization_rank2,consumed_report_json,/home/trinker/Code/github/PPG-Frailty-pipeline/results_frailty3/_overfitting_sweep/20260630_0630_overfitting_sweep_generalization_rank2/reports/gen_048/rank02_r2_inceptiontime_extra-0_seq5_ov50_cv5_static_only_seed10042_report.json,25059,ff26e0bb407c6dff7d0004380045a8b9b765c0feb4bc6628f271fc23a68f0d30
20260630_0630_overfitting_sweep_generalization_rank2,consumed_report_json,/home/trinker/Code/github/PPG-Frailty-pipeline/results_frailty3/_overfitting_sweep/20260630_0630_overfitting_sweep_generalization_rank2/reports/gen_048/rank02_r3_inceptiontime_extra-0_seq5_ov50_cv5_static_only_seed20042_report.json,25108,abdd433a9aaa49dc6b85ba9b398c426b4b7d9814cc42bdf78589eb527b4dceff
20260630_0630_overfitting_sweep_generalization_rank2,consumed_report_json,/home/trinker/Code/github/PPG-Frailty-pipeline/results_frailty3/_overfitting_sweep/20260630_0630_overfitting_sweep_generalization_rank2/reports/gen_048/rank02_r4_inceptiontime_extra-0_seq5_ov50_cv5_static_only_seed30042_report.json,25029,71f5a6b9b5a7b865d0765a8f5a4f2ad73c868c74711553534c6766fa7a6a9e51
20260630_0630_overfitting_sweep_generalization_rank2,consumed_report_json,/home/trinker/Code/github/PPG-Frailty-pipeline/results_frailty3/_overfitting_sweep/20260630_0630_overfitting_sweep_generalization_rank2/reports/gen_048/rank02_r5_inceptiontime_extra-0_seq5_ov50_cv5_static_only_seed40042_report.json,25004,c2309a7b950fbbeea03a31c33ccfe56d8bb18feae291c6bdfae749b1fea25591
20260630_0630_overfitting_sweep_generalization_rank2,consumed_report_json,/home/trinker/Code/github/PPG-Frailty-pipeline/results_frailty3/_overfitting_sweep/20260630_0630_overfitting_sweep_generalization_rank2/reports/gen_049/rank02_r1_inceptiontime_extra-0_seq5_ov50_cv5_static_only_seed42_report.json,24914,548303b4dac78e222737b2d2c8d8655b38c16952c3ca8ed2d6e5b80eb4b0078a
20260630_0630_overfitting_sweep_generalization_rank2,consumed_report_json,/home/trinker/Code/github/PPG-Frailty-pipeline/results_frailty3/_overfitting_sweep/20260630_0630_overfitting_sweep_generalization_rank2/reports/gen_049/rank02_r2_inceptiontime_extra-0_seq5_ov50_cv5_static_only_seed10042_report.json,25124,a2267f6fa8f79acdb85ea0e5985991ab70552e837d1fa00c60fc6c5dd8b7771e
20260630_0630_overfitting_sweep_generalization_rank2,consumed_report_json,/home/trinker/Code/github/PPG-Frailty-pipeline/results_frailty3/_overfitting_sweep/20260630_0630_overfitting_sweep_generalization_rank2/reports/gen_049/rank02_r3_inceptiontime_extra-0_seq5_ov50_cv5_static_only_seed20042_report.json,24959,53ed6b97030f6d325189581d9e53e0acd5549783dd3f4fdd1417cac032d46d64
20260630_0630_overfitting_sweep_generalization_rank2,consumed_report_json,/home/trinker/Code/github/PPG-Frailty-pipeline/results_frailty3/_overfitting_sweep/20260630_0630_overfitting_sweep_generalization_rank2/reports/gen_049/rank02_r4_inceptiontime_extra-0_seq5_ov50_cv5_static_only_seed30042_report.json,24891,8d57e4dc5199d8c7722a2db43846130e1f2119220e2431194624c314433a635d
20260630_0630_overfitting_sweep_generalization_rank2,consumed_report_json,/home/trinker/Code/github/PPG-Frailty-pipeline/results_frailty3/_overfitting_sweep/20260630_0630_overfitting_sweep_generalization_rank2/reports/gen_049/rank02_r5_inceptiontime_extra-0_seq5_ov50_cv5_static_only_seed40042_report.json,24943,ca0a73184365018e35f89172842e82501d48e4377574b7c2ffc38d3bce3d13d6
20260630_0630_overfitting_sweep_generalization_rank2,consumed_report_json,/home/trinker/Code/github/PPG-Frailty-pipeline/results_frailty3/_overfitting_sweep/20260630_0630_overfitting_sweep_generalization_rank2/reports/gen_050/rank02_r1_inceptiontime_extra-0_seq5_ov50_cv5_static_only_seed42_report.json,25043,40fe29f821500c7599d1371e5e846cb084ea78b95d40e3bf4726b219964fa6c8
20260630_0630_overfitting_sweep_generalization_rank2,consumed_report_json,/home/trinker/Code/github/PPG-Frailty-pipeline/results_frailty3/_overfitting_sweep/20260630_0630_overfitting_sweep_generalization_rank2/reports/gen_050/rank02_r2_inceptiontime_extra-0_seq5_ov50_cv5_static_only_seed10042_report.json,24936,6dd6aa28dc215a35fa19bf9054d3f47c73094607a508a0983347830fcadc88c3
20260630_0630_overfitting_sweep_generalization_rank2,consumed_report_json,/home/trinker/Code/github/PPG-Frailty-pipeline/results_frailty3/_overfitting_sweep/20260630_0630_overfitting_sweep_generalization_rank2/reports/gen_050/rank02_r3_inceptiontime_extra-0_seq5_ov50_cv5_static_only_seed20042_report.json,24987,bd0a12b56825b3513106a3484e4bfede738b570e2f086bbeb4a3b34e1a65b8fd
20260630_0630_overfitting_sweep_generalization_rank2,consumed_report_json,/home/trinker/Code/github/PPG-Frailty-pipeline/results_frailty3/_overfitting_sweep/20260630_0630_overfitting_sweep_generalization_rank2/reports/gen_050/rank02_r4_inceptiontime_extra-0_seq5_ov50_cv5_static_only_seed30042_report.json,24989,5ce780cec13d4e24910194d3593bac2abebf3a26bd2d3882f130f8127eab3604
20260630_0630_overfitting_sweep_generalization_rank2,consumed_report_json,/home/trinker/Code/github/PPG-Frailty-pipeline/results_frailty3/_overfitting_sweep/20260630_0630_overfitting_sweep_generalization_rank2/reports/gen_050/rank02_r5_inceptiontime_extra-0_seq5_ov50_cv5_static_only_seed40042_report.json,24944,564d9ea228a01f587ce86a828ae9c415796bb48133651ab17b46e7febd5ae7e0
20260630_0630_overfitting_sweep_generalization_rank2,consumed_report_json,/home/trinker/Code/github/PPG-Frailty-pipeline/results_frailty3/_overfitting_sweep/20260630_0630_overfitting_sweep_generalization_rank2/reports/gen_051/rank02_r1_inceptiontime_extra-0_seq5_ov50_cv5_static_only_seed42_report.json,25095,7a321495e145f59e1fcea8cc44df3957b92b533027dea4cba419398b9234bfd4
20260630_0630_overfitting_sweep_generalization_rank2,consumed_report_json,/home/trinker/Code/github/PPG-Frailty-pipeline/results_frailty3/_overfitting_sweep/20260630_0630_overfitting_sweep_generalization_rank2/reports/gen_051/rank02_r2_inceptiontime_extra-0_seq5_ov50_cv5_static_only_seed10042_report.json,25042,aaf7215b165ddf8b9ae9e4524349aee175bc1e1cac0f20f3b8df961a95de00c3
20260630_0630_overfitting_sweep_generalization_rank2,consumed_report_json,/home/trinker/Code/github/PPG-Frailty-pipeline/results_frailty3/_overfitting_sweep/20260630_0630_overfitting_sweep_generalization_rank2/reports/gen_051/rank02_r3_inceptiontime_extra-0_seq5_ov50_cv5_static_only_seed20042_report.json,25049,53d31092eed631435133c05082d634bcfe367b41d85642f631d13b232b857fb6
20260630_0630_overfitting_sweep_generalization_rank2,consumed_report_json,/home/trinker/Code/github/PPG-Frailty-pipeline/results_frailty3/_overfitting_sweep/20260630_0630_overfitting_sweep_generalization_rank2/reports/gen_051/rank02_r4_inceptiontime_extra-0_seq5_ov50_cv5_static_only_seed30042_report.json,25139,28e38d2ca6cd4da825d532c56b5f916177c246df20807484a4a3faaf781020e2
20260630_0630_overfitting_sweep_generalization_rank2,consumed_report_json,/home/trinker/Code/github/PPG-Frailty-pipeline/results_frailty3/_overfitting_sweep/20260630_0630_overfitting_sweep_generalization_rank2/reports/gen_051/rank02_r5_inceptiontime_extra-0_seq5_ov50_cv5_static_only_seed40042_report.json,25047,b3995ea5256e57f756f061ad48befb8dde72a3e27aace16dd9be8dd15384376a
20260630_0630_overfitting_sweep_generalization_rank2,consumed_report_json,/home/trinker/Code/github/PPG-Frailty-pipeline/results_frailty3/_overfitting_sweep/20260630_0630_overfitting_sweep_generalization_rank2/reports/gen_052/rank02_r1_inceptiontime_extra-0_seq5_ov50_cv5_static_only_seed42_report.json,24939,3d91ee8f1fae80e042f9c5fefcb474a11c63f5843153dc30013f78bb06993906
20260630_0630_overfitting_sweep_generalization_rank2,consumed_report_json,/home/trinker/Code/github/PPG-Frailty-pipeline/results_frailty3/_overfitting_sweep/20260630_0630_overfitting_sweep_generalization_rank2/reports/gen_052/rank02_r2_inceptiontime_extra-0_seq5_ov50_cv5_static_only_seed10042_report.json,25080,d1dda0eba50fe77111e1b422141ad4c8dcda5f85a2dc1bd793e22e6dd4a721b7
20260630_0630_overfitting_sweep_generalization_rank2,consumed_report_json,/home/trinker/Code/github/PPG-Frailty-pipeline/results_frailty3/_overfitting_sweep/20260630_0630_overfitting_sweep_generalization_rank2/reports/gen_052/rank02_r3_inceptiontime_extra-0_seq5_ov50_cv5_static_only_seed20042_report.json,24982,58d50cf6c757d86b742b815440783812de67c467dbda3ee9b9ea9fe4bcb6ef43
20260630_0630_overfitting_sweep_generalization_rank2,consumed_report_json,/home/trinker/Code/github/PPG-Frailty-pipeline/results_frailty3/_overfitting_sweep/20260630_0630_overfitting_sweep_generalization_rank2/reports/gen_052/rank02_r4_inceptiontime_extra-0_seq5_ov50_cv5_static_only_seed30042_report.json,25019,6650da99995734170c11f31c89d7c7e570617d5575928ed863ce4c35ebf06820
20260630_0630_overfitting_sweep_generalization_rank2,consumed_report_json,/home/trinker/Code/github/PPG-Frailty-pipeline/results_frailty3/_overfitting_sweep/20260630_0630_overfitting_sweep_generalization_rank2/reports/gen_052/rank02_r5_inceptiontime_extra-0_seq5_ov50_cv5_static_only_seed40042_report.json,25094,cb30be197293b697aedff4d1a234eeb10b594a843b5285a1d0ad845e8ff14745
20260630_0630_overfitting_sweep_generalization_rank2,consumed_report_json,/home/trinker/Code/github/PPG-Frailty-pipeline/results_frailty3/_overfitting_sweep/20260630_0630_overfitting_sweep_generalization_rank2/reports/gen_053/rank02_r1_inceptiontime_extra-0_seq5_ov50_cv5_static_only_seed42_report.json,24821,7acb490fc0c7f4fb542e81bbb46fcb18ff13a04f7b1dd1b2460515651da772f5
20260630_0630_overfitting_sweep_generalization_rank2,consumed_report_json,/home/trinker/Code/github/PPG-Frailty-pipeline/results_frailty3/_overfitting_sweep/20260630_0630_overfitting_sweep_generalization_rank2/reports/gen_053/rank02_r2_inceptiontime_extra-0_seq5_ov50_cv5_static_only_seed10042_report.json,25075,fe999a7dbf2e8f9f1850f1c3183a1873922d232b081ccf123e02f224748b9ed5
20260630_0630_overfitting_sweep_generalization_rank2,consumed_report_json,/home/trinker/Code/github/PPG-Frailty-pipeline/results_frailty3/_overfitting_sweep/20260630_0630_overfitting_sweep_generalization_rank2/reports/gen_053/rank02_r3_inceptiontime_extra-0_seq5_ov50_cv5_static_only_seed20042_report.json,24847,0d9ccb65a5d467bd05f43cb3417584dd12876786329de556c5f853997f9692d4
20260630_0630_overfitting_sweep_generalization_rank2,consumed_report_json,/home/trinker/Code/github/PPG-Frailty-pipeline/results_frailty3/_overfitting_sweep/20260630_0630_overfitting_sweep_generalization_rank2/reports/gen_053/rank02_r4_inceptiontime_extra-0_seq5_ov50_cv5_static_only_seed30042_report.json,24960,0496a0509c5eddbcf8bb18e898bac48a27bdfb0cb4f42129e78afab3a19120b9
20260630_0630_overfitting_sweep_generalization_rank2,consumed_report_json,/home/trinker/Code/github/PPG-Frailty-pipeline/results_frailty3/_overfitting_sweep/20260630_0630_overfitting_sweep_generalization_rank2/reports/gen_053/rank02_r5_inceptiontime_extra-0_seq5_ov50_cv5_static_only_seed40042_report.json,25052,1aac3cd84bbf9aa43fb18ab77d3ea0a47cfcdfb31b964e4997634338b90895ca
20260630_0630_overfitting_sweep_generalization_rank2,consumed_report_json,/home/trinker/Code/github/PPG-Frailty-pipeline/results_frailty3/_overfitting_sweep/20260630_0630_overfitting_sweep_generalization_rank2/reports/gen_054/rank02_r1_inceptiontime_extra-0_seq5_ov50_cv5_static_only_seed42_report.json,24917,6c713213e039fa22d2a7ff191c6fca935572adfd1bf0c5cc2971b357ea26e0ef
20260630_0630_overfitting_sweep_generalization_rank2,consumed_report_json,/home/trinker/Code/github/PPG-Frailty-pipeline/results_frailty3/_overfitting_sweep/20260630_0630_overfitting_sweep_generalization_rank2/reports/gen_054/rank02_r2_inceptiontime_extra-0_seq5_ov50_cv5_static_only_seed10042_report.json,24929,1f8e1439d96a63e30111219c0669ebd8487c98411398a675032689911eb7e1e4
20260630_0630_overfitting_sweep_generalization_rank2,consumed_report_json,/home/trinker/Code/github/PPG-Frailty-pipeline/results_frailty3/_overfitting_sweep/20260630_0630_overfitting_sweep_generalization_rank2/reports/gen_054/rank02_r3_inceptiontime_extra-0_seq5_ov50_cv5_static_only_seed20042_report.json,24952,97bab344aeeb64f44f4c47963eb5c581f927650f07e9e67b9f96ee74ba136adc
20260630_0630_overfitting_sweep_generalization_rank2,consumed_report_json,/home/trinker/Code/github/PPG-Frailty-pipeline/results_frailty3/_overfitting_sweep/20260630_0630_overfitting_sweep_generalization_rank2/reports/gen_054/rank02_r4_inceptiontime_extra-0_seq5_ov50_cv5_static_only_seed30042_report.json,24985,2553a7f839eea30ca518fe82ea0479e4d739340267615e0c044484806daddc6b
20260630_0630_overfitting_sweep_generalization_rank2,consumed_report_json,/home/trinker/Code/github/PPG-Frailty-pipeline/results_frailty3/_overfitting_sweep/20260630_0630_overfitting_sweep_generalization_rank2/reports/gen_054/rank02_r5_inceptiontime_extra-0_seq5_ov50_cv5_static_only_seed40042_report.json,24968,1ed0d26388b4e06dd7f7f5fdac4a60d6d4e3da0aefdda718d653428dc57db118
20260630_0630_overfitting_sweep_generalization_rank2,consumed_report_json,/home/trinker/Code/github/PPG-Frailty-pipeline/results_frailty3/_overfitting_sweep/20260630_0630_overfitting_sweep_generalization_rank2/reports/gen_055/rank02_r1_inceptiontime_extra-0_seq5_ov50_cv5_static_only_seed42_report.json,24961,f168e639562e071a3a41c17733632f78b34f8ec823bba95134941d90055b3879
20260630_0630_overfitting_sweep_generalization_rank2,consumed_report_json,/home/trinker/Code/github/PPG-Frailty-pipeline/results_frailty3/_overfitting_sweep/20260630_0630_overfitting_sweep_generalization_rank2/reports/gen_055/rank02_r2_inceptiontime_extra-0_seq5_ov50_cv5_static_only_seed10042_report.json,24974,51c961e8fb9a6ea0c62eb460e27fcf7e72520b1ed96a5a0484cb779d435b0188
20260630_0630_overfitting_sweep_generalization_rank2,consumed_report_json,/home/trinker/Code/github/PPG-Frailty-pipeline/results_frailty3/_overfitting_sweep/20260630_0630_overfitting_sweep_generalization_rank2/reports/gen_055/rank02_r3_inceptiontime_extra-0_seq5_ov50_cv5_static_only_seed20042_report.json,24927,4a0b94b2b998cda7c290d341026e37a4fd055527c0d4d88ca97fa1300ff8e999
20260630_0630_overfitting_sweep_generalization_rank2,consumed_report_json,/home/trinker/Code/github/PPG-Frailty-pipeline/results_frailty3/_overfitting_sweep/20260630_0630_overfitting_sweep_generalization_rank2/reports/gen_055/rank02_r4_inceptiontime_extra-0_seq5_ov50_cv5_static_only_seed30042_report.json,25020,ef54bae431993ecacab02a06188ee0b4d49149b430e893cb035210721d5cc8a8
20260630_0630_overfitting_sweep_generalization_rank2,consumed_report_json,/home/trinker/Code/github/PPG-Frailty-pipeline/results_frailty3/_overfitting_sweep/20260630_0630_overfitting_sweep_generalization_rank2/reports/gen_055/rank02_r5_inceptiontime_extra-0_seq5_ov50_cv5_static_only_seed40042_report.json,24848,c33d5a8530992a7315481839d17102faf5c4902bf5f9ce0fa2ee3a8750a2d2f5
20260630_0630_overfitting_sweep_generalization_rank2,consumed_report_json,/home/trinker/Code/github/PPG-Frailty-pipeline/results_frailty3/_overfitting_sweep/20260630_0630_overfitting_sweep_generalization_rank2/reports/gen_056/rank02_r1_inceptiontime_extra-0_seq5_ov50_cv5_static_only_seed42_report.json,25057,be0d09028141e42e00c10260218197d68ee655419e50105229a9485639ab5c38
20260630_0630_overfitting_sweep_generalization_rank2,consumed_report_json,/home/trinker/Code/github/PPG-Frailty-pipeline/results_frailty3/_overfitting_sweep/20260630_0630_overfitting_sweep_generalization_rank2/reports/gen_056/rank02_r2_inceptiontime_extra-0_seq5_ov50_cv5_static_only_seed10042_report.json,24957,c07607ba2e1bca4d9ddf790f80e695bf98013a5f06408566db603fa74994a1f1
20260630_0630_overfitting_sweep_generalization_rank2,consumed_report_json,/home/trinker/Code/github/PPG-Frailty-pipeline/results_frailty3/_overfitting_sweep/20260630_0630_overfitting_sweep_generalization_rank2/reports/gen_056/rank02_r3_inceptiontime_extra-0_seq5_ov50_cv5_static_only_seed20042_report.json,25007,abf6fe42e97bbf675e39c5bf682be0e0e1f331d0d5ff236a6e74b00cbb1605e7
20260630_0630_overfitting_sweep_generalization_rank2,consumed_report_json,/home/trinker/Code/github/PPG-Frailty-pipeline/results_frailty3/_overfitting_sweep/20260630_0630_overfitting_sweep_generalization_rank2/reports/gen_056/rank02_r4_inceptiontime_extra-0_seq5_ov50_cv5_static_only_seed30042_report.json,24890,2ddfcc80f6ebb13f89264c515080b4914f6f913ca558b3d629023b1ca36aa153
20260630_0630_overfitting_sweep_generalization_rank2,consumed_report_json,/home/trinker/Code/github/PPG-Frailty-pipeline/results_frailty3/_overfitting_sweep/20260630_0630_overfitting_sweep_generalization_rank2/reports/gen_056/rank02_r5_inceptiontime_extra-0_seq5_ov50_cv5_static_only_seed40042_report.json,24838,eff99a92a55837cc6d379013c978e447f8c96d6548d631fa244e38f75ce67545
20260630_0630_overfitting_sweep_generalization_rank2,consumed_report_json,/home/trinker/Code/github/PPG-Frailty-pipeline/results_frailty3/_overfitting_sweep/20260630_0630_overfitting_sweep_generalization_rank2/reports/gen_057/rank02_r1_inceptiontime_extra-0_seq5_ov50_cv5_static_only_seed42_report.json,31011,80da2dc33f49e789b5c081289d660db0cc813ff66e72d33886529e3c3097877e
20260630_0630_overfitting_sweep_generalization_rank2,consumed_report_json,/home/trinker/Code/github/PPG-Frailty-pipeline/results_frailty3/_overfitting_sweep/20260630_0630_overfitting_sweep_generalization_rank2/reports/gen_057/rank02_r2_inceptiontime_extra-0_seq5_ov50_cv5_static_only_seed10042_report.json,31065,a6a96685a6392a28ba9ea205ff87ac42917c1fa33a8ea28c44de310afa639bb5
20260630_0630_overfitting_sweep_generalization_rank2,consumed_report_json,/home/trinker/Code/github/PPG-Frailty-pipeline/results_frailty3/_overfitting_sweep/20260630_0630_overfitting_sweep_generalization_rank2/reports/gen_057/rank02_r3_inceptiontime_extra-0_seq5_ov50_cv5_static_only_seed20042_report.json,30945,ba58af9bc5d39d082f35da1f1d804d1b7e2613a0e0cd292e69136171c570990f
20260630_0630_overfitting_sweep_generalization_rank2,consumed_report_json,/home/trinker/Code/github/PPG-Frailty-pipeline/results_frailty3/_overfitting_sweep/20260630_0630_overfitting_sweep_generalization_rank2/reports/gen_057/rank02_r4_inceptiontime_extra-0_seq5_ov50_cv5_static_only_seed30042_report.json,30984,4dd02c4b4e26fb9e3eb8580e6241ea1e1efecec695cc666f847025de021db7f0
20260630_0630_overfitting_sweep_generalization_rank2,consumed_report_json,/home/trinker/Code/github/PPG-Frailty-pipeline/results_frailty3/_overfitting_sweep/20260630_0630_overfitting_sweep_generalization_rank2/reports/gen_057/rank02_r5_inceptiontime_extra-0_seq5_ov50_cv5_static_only_seed40042_report.json,30950,fdd296cf4ec6fa7d0c93bff9fa2ad313a505afd0477ff6edbb4b23c12e421c49
20260630_0630_overfitting_sweep_generalization_rank2,consumed_report_json,/home/trinker/Code/github/PPG-Frailty-pipeline/results_frailty3/_overfitting_sweep/20260630_0630_overfitting_sweep_generalization_rank2/reports/gen_058/rank02_r1_inceptiontime_extra-0_seq5_ov50_cv5_static_only_seed42_report.json,30988,d6d39fe2f4d450e71c36f66efa5c25b34464c3c9bd582be3dc498d9659f9bb34
20260630_0630_overfitting_sweep_generalization_rank2,consumed_report_json,/home/trinker/Code/github/PPG-Frailty-pipeline/results_frailty3/_overfitting_sweep/20260630_0630_overfitting_sweep_generalization_rank2/reports/gen_058/rank02_r2_inceptiontime_extra-0_seq5_ov50_cv5_static_only_seed10042_report.json,31040,8e9de3c8b6b52762a9ca6944fdaa6f5792cfffbe668af42367acd425165d59dd
20260630_0630_overfitting_sweep_generalization_rank2,consumed_report_json,/home/trinker/Code/github/PPG-Frailty-pipeline/results_frailty3/_overfitting_sweep/20260630_0630_overfitting_sweep_generalization_rank2/reports/gen_058/rank02_r3_inceptiontime_extra-0_seq5_ov50_cv5_static_only_seed20042_report.json,31000,39de44b23324a1787246365b56b1dbfc073e95137c5fc06e88da77227a8122a4
20260630_0630_overfitting_sweep_generalization_rank2,consumed_report_json,/home/trinker/Code/github/PPG-Frailty-pipeline/results_frailty3/_overfitting_sweep/20260630_0630_overfitting_sweep_generalization_rank2/reports/gen_058/rank02_r4_inceptiontime_extra-0_seq5_ov50_cv5_static_only_seed30042_report.json,31068,c32cdc92b6f35ed58227ff7b7c51436f70f97b4246c5b79aec91c03f94a4873b
20260630_0630_overfitting_sweep_generalization_rank2,consumed_report_json,/home/trinker/Code/github/PPG-Frailty-pipeline/results_frailty3/_overfitting_sweep/20260630_0630_overfitting_sweep_generalization_rank2/reports/gen_058/rank02_r5_inceptiontime_extra-0_seq5_ov50_cv5_static_only_seed40042_report.json,31030,de73e5560fc4acdd12dbd110b23a49f6abc71034d37a7bf3520f8ac26f3c4c2a
20260630_0630_overfitting_sweep_generalization_rank2,consumed_report_json,/home/trinker/Code/github/PPG-Frailty-pipeline/results_frailty3/_overfitting_sweep/20260630_0630_overfitting_sweep_generalization_rank2/reports/gen_059/rank02_r1_inceptiontime_extra-0_seq5_ov50_cv5_static_only_seed42_report.json,31071,b23e0f83d0b4bfcb4477f0331ae4dd0c8849b0477f4b3d1b5f17bfd0c2eb832d
20260630_0630_overfitting_sweep_generalization_rank2,consumed_report_json,/home/trinker/Code/github/PPG-Frailty-pipeline/results_frailty3/_overfitting_sweep/20260630_0630_overfitting_sweep_generalization_rank2/reports/gen_059/rank02_r2_inceptiontime_extra-0_seq5_ov50_cv5_static_only_seed10042_report.json,31175,4c8bc671587569477088b12ad2761d502aa7552b2787a88b980ce13329c9a225
20260630_0630_overfitting_sweep_generalization_rank2,consumed_report_json,/home/trinker/Code/github/PPG-Frailty-pipeline/results_frailty3/_overfitting_sweep/20260630_0630_overfitting_sweep_generalization_rank2/reports/gen_059/rank02_r3_inceptiontime_extra-0_seq5_ov50_cv5_static_only_seed20042_report.json,31059,119b2a922f66b5788b1c5cd16153cb9c494d54b925fc9fed1d6692dc30b12790
20260630_0630_overfitting_sweep_generalization_rank2,consumed_report_json,/home/trinker/Code/github/PPG-Frailty-pipeline/results_frailty3/_overfitting_sweep/20260630_0630_overfitting_sweep_generalization_rank2/reports/gen_059/rank02_r4_inceptiontime_extra-0_seq5_ov50_cv5_static_only_seed30042_report.json,31088,ef8514d7760656a090140f08c1c8e83862476b0fa00720970d9ac968e68b21be
20260630_0630_overfitting_sweep_generalization_rank2,consumed_report_json,/home/trinker/Code/github/PPG-Frailty-pipeline/results_frailty3/_overfitting_sweep/20260630_0630_overfitting_sweep_generalization_rank2/reports/gen_059/rank02_r5_inceptiontime_extra-0_seq5_ov50_cv5_static_only_seed40042_report.json,31060,a1ecdd0a9df42986121b9a07a8b2b31eb18d701e8493972d9ac6b7cd22fe077f
20260630_0630_overfitting_sweep_generalization_rank2,consumed_report_json,/home/trinker/Code/github/PPG-Frailty-pipeline/results_frailty3/_overfitting_sweep/20260630_0630_overfitting_sweep_generalization_rank2/reports/gen_060/rank02_r1_inceptiontime_extra-0_seq5_ov50_cv5_static_only_seed42_report.json,31035,08f3a1972be01b4f3f6749954d006a5a06293a0af889479ff81307b73b6f86dd
20260630_0630_overfitting_sweep_generalization_rank2,consumed_report_json,/home/trinker/Code/github/PPG-Frailty-pipeline/results_frailty3/_overfitting_sweep/20260630_0630_overfitting_sweep_generalization_rank2/reports/gen_060/rank02_r2_inceptiontime_extra-0_seq5_ov50_cv5_static_only_seed10042_report.json,31169,ec3d5c8db21cfb8e8125c80642bb70b4df69b15dc0e482fc15fb6eaed2b47c20
20260630_0630_overfitting_sweep_generalization_rank2,consumed_report_json,/home/trinker/Code/github/PPG-Frailty-pipeline/results_frailty3/_overfitting_sweep/20260630_0630_overfitting_sweep_generalization_rank2/reports/gen_060/rank02_r3_inceptiontime_extra-0_seq5_ov50_cv5_static_only_seed20042_report.json,31076,bfc9f571ca81f15c601eacdb2b499cd35fc91fb268098be73b3119f906bb3854
20260630_0630_overfitting_sweep_generalization_rank2,consumed_report_json,/home/trinker/Code/github/PPG-Frailty-pipeline/results_frailty3/_overfitting_sweep/20260630_0630_overfitting_sweep_generalization_rank2/reports/gen_060/rank02_r4_inceptiontime_extra-0_seq5_ov50_cv5_static_only_seed30042_report.json,31036,7c24a71dc48dbc80d9e59f55b71c90a7264b596dbced4ddc9aaebb85212d02ca
20260630_0630_overfitting_sweep_generalization_rank2,consumed_report_json,/home/trinker/Code/github/PPG-Frailty-pipeline/results_frailty3/_overfitting_sweep/20260630_0630_overfitting_sweep_generalization_rank2/reports/gen_060/rank02_r5_inceptiontime_extra-0_seq5_ov50_cv5_static_only_seed40042_report.json,31089,b8c05458bfb24a4078576e470d41e376ed2d197e5087e8e7c678f928cf2ce945
20260630_0630_overfitting_sweep_generalization_rank2,consumed_report_json,/home/trinker/Code/github/PPG-Frailty-pipeline/results_frailty3/_overfitting_sweep/20260630_0630_overfitting_sweep_generalization_rank2/reports/gen_061/rank02_r1_inceptiontime_extra-0_seq5_ov50_cv5_static_only_seed42_report.json,31056,e28ae862d006dcaa86654b5a65b903ea22fe5ddab2bf3ff0db02adcec9ccde99
20260630_0630_overfitting_sweep_generalization_rank2,consumed_report_json,/home/trinker/Code/github/PPG-Frailty-pipeline/results_frailty3/_overfitting_sweep/20260630_0630_overfitting_sweep_generalization_rank2/reports/gen_061/rank02_r2_inceptiontime_extra-0_seq5_ov50_cv5_static_only_seed10042_report.json,31071,55e8ba41b9957f592ecf0f956c93df51d6ec13a4d737c85b80fc6f82749b734a
20260630_0630_overfitting_sweep_generalization_rank2,consumed_report_json,/home/trinker/Code/github/PPG-Frailty-pipeline/results_frailty3/_overfitting_sweep/20260630_0630_overfitting_sweep_generalization_rank2/reports/gen_061/rank02_r3_inceptiontime_extra-0_seq5_ov50_cv5_static_only_seed20042_report.json,31036,d04d604838f1f902e286b2a7e96485c940d152aacc0eaee61af04b2658ced59a
20260630_0630_overfitting_sweep_generalization_rank2,consumed_report_json,/home/trinker/Code/github/PPG-Frailty-pipeline/results_frailty3/_overfitting_sweep/20260630_0630_overfitting_sweep_generalization_rank2/reports/gen_061/rank02_r4_inceptiontime_extra-0_seq5_ov50_cv5_static_only_seed30042_report.json,31218,035d3caf83023cb5678a800b06f1f3bb47cb8be9a3842c3eae9f864c4cca4b35
20260630_0630_overfitting_sweep_generalization_rank2,consumed_report_json,/home/trinker/Code/github/PPG-Frailty-pipeline/results_frailty3/_overfitting_sweep/20260630_0630_overfitting_sweep_generalization_rank2/reports/gen_061/rank02_r5_inceptiontime_extra-0_seq5_ov50_cv5_static_only_seed40042_report.json,30925,cb39ca41efa6b544ef73c4a7a1276910452c8903284aa085775a38c5a3d69239
20260630_0630_overfitting_sweep_generalization_rank2,consumed_report_json,/home/trinker/Code/github/PPG-Frailty-pipeline/results_frailty3/_overfitting_sweep/20260630_0630_overfitting_sweep_generalization_rank2/reports/gen_062/rank02_r1_inceptiontime_extra-0_seq5_ov50_cv5_static_only_seed42_report.json,30955,876cae26a0bb84340756586da6ff097d1853b4b384f646dc0f476aa99f7275f6
20260630_0630_overfitting_sweep_generalization_rank2,consumed_report_json,/home/trinker/Code/github/PPG-Frailty-pipeline/results_frailty3/_overfitting_sweep/20260630_0630_overfitting_sweep_generalization_rank2/reports/gen_062/rank02_r2_inceptiontime_extra-0_seq5_ov50_cv5_static_only_seed10042_report.json,31121,6f32fe265b15611d479dfa5e9773c7f7e50f1a415b13719860d59809331e2898
20260630_0630_overfitting_sweep_generalization_rank2,consumed_report_json,/home/trinker/Code/github/PPG-Frailty-pipeline/results_frailty3/_overfitting_sweep/20260630_0630_overfitting_sweep_generalization_rank2/reports/gen_062/rank02_r3_inceptiontime_extra-0_seq5_ov50_cv5_static_only_seed20042_report.json,31042,7b1c8dc6642f00da6017975740f536bdfcb1deb7a516be8378296f2c5174bf0f
20260630_0630_overfitting_sweep_generalization_rank2,consumed_report_json,/home/trinker/Code/github/PPG-Frailty-pipeline/results_frailty3/_overfitting_sweep/20260630_0630_overfitting_sweep_generalization_rank2/reports/gen_062/rank02_r4_inceptiontime_extra-0_seq5_ov50_cv5_static_only_seed30042_report.json,31193,6fd8d1dd8db9f177344eea67e7e78303fabe0e3484f145b14e7a96e76c71e23f
20260630_0630_overfitting_sweep_generalization_rank2,consumed_report_json,/home/trinker/Code/github/PPG-Frailty-pipeline/results_frailty3/_overfitting_sweep/20260630_0630_overfitting_sweep_generalization_rank2/reports/gen_062/rank02_r5_inceptiontime_extra-0_seq5_ov50_cv5_static_only_seed40042_report.json,31084,ef6d324dd41394ae434c7c4c5482f44e9c78c76b952b58366865595325cec7db
20260630_0630_overfitting_sweep_generalization_rank2,consumed_report_json,/home/trinker/Code/github/PPG-Frailty-pipeline/results_frailty3/_overfitting_sweep/20260630_0630_overfitting_sweep_generalization_rank2/reports/gen_063/rank02_r1_inceptiontime_extra-0_seq5_ov50_cv5_static_only_seed42_report.json,31097,f45bf037c1d397d666d1dc27678a12758b77d4892ba837230315ab0f51aa92a7
20260630_0630_overfitting_sweep_generalization_rank2,consumed_report_json,/home/trinker/Code/github/PPG-Frailty-pipeline/results_frailty3/_overfitting_sweep/20260630_0630_overfitting_sweep_generalization_rank2/reports/gen_063/rank02_r2_inceptiontime_extra-0_seq5_ov50_cv5_static_only_seed10042_report.json,31046,6e95152e0d4b963a5ba9bcd76a790ca7648ffccc4024cf281716b1f7012d0d71
20260630_0630_overfitting_sweep_generalization_rank2,consumed_report_json,/home/trinker/Code/github/PPG-Frailty-pipeline/results_frailty3/_overfitting_sweep/20260630_0630_overfitting_sweep_generalization_rank2/reports/gen_063/rank02_r3_inceptiontime_extra-0_seq5_ov50_cv5_static_only_seed20042_report.json,31040,44a4ba5cd93eb93fbff44def9c2c2f357ed078502df8181159abf26953846568
20260630_0630_overfitting_sweep_generalization_rank2,consumed_report_json,/home/trinker/Code/github/PPG-Frailty-pipeline/results_frailty3/_overfitting_sweep/20260630_0630_overfitting_sweep_generalization_rank2/reports/gen_063/rank02_r4_inceptiontime_extra-0_seq5_ov50_cv5_static_only_seed30042_report.json,31002,31f93309f23cbbc4e5aed8e90dc8855ad29443df5c04fb7f0aa9953a66bbb163
20260630_0630_overfitting_sweep_generalization_rank2,consumed_report_json,/home/trinker/Code/github/PPG-Frailty-pipeline/results_frailty3/_overfitting_sweep/20260630_0630_overfitting_sweep_generalization_rank2/reports/gen_063/rank02_r5_inceptiontime_extra-0_seq5_ov50_cv5_static_only_seed40042_report.json,31045,16cc11ad68eacd8b521f8f317c91c4abb17c802a9fa2ea6699c0756d00d4487e
20260630_0630_overfitting_sweep_generalization_rank2,consumed_report_json,/home/trinker/Code/github/PPG-Frailty-pipeline/results_frailty3/_overfitting_sweep/20260630_0630_overfitting_sweep_generalization_rank2/reports/gen_064/rank02_r1_inceptiontime_extra-0_seq5_ov50_cv5_static_only_seed42_report.json,31020,5e7f1795ec346fd9775d17b2e9a03be9ef60230bf5fd9f0def7b2a1a36fdd714
20260630_0630_overfitting_sweep_generalization_rank2,consumed_report_json,/home/trinker/Code/github/PPG-Frailty-pipeline/results_frailty3/_overfitting_sweep/20260630_0630_overfitting_sweep_generalization_rank2/reports/gen_064/rank02_r2_inceptiontime_extra-0_seq5_ov50_cv5_static_only_seed10042_report.json,31075,2f2de8a7010d412e7dc872a7995788dfc984fb4873b8995f434a35f99e58ab97
20260630_0630_overfitting_sweep_generalization_rank2,consumed_report_json,/home/trinker/Code/github/PPG-Frailty-pipeline/results_frailty3/_overfitting_sweep/20260630_0630_overfitting_sweep_generalization_rank2/reports/gen_064/rank02_r3_inceptiontime_extra-0_seq5_ov50_cv5_static_only_seed20042_report.json,31069,1e47d2bfa1c4a74dc2350c96c757688b6f699def1c30b09e573af22e83436876
20260630_0630_overfitting_sweep_generalization_rank2,consumed_report_json,/home/trinker/Code/github/PPG-Frailty-pipeline/results_frailty3/_overfitting_sweep/20260630_0630_overfitting_sweep_generalization_rank2/reports/gen_064/rank02_r4_inceptiontime_extra-0_seq5_ov50_cv5_static_only_seed30042_report.json,31083,0c8031bfe15aa6fff73cef7610ed954e7791ed228dd8160647524750469c78c6
20260630_0630_overfitting_sweep_generalization_rank2,consumed_report_json,/home/trinker/Code/github/PPG-Frailty-pipeline/results_frailty3/_overfitting_sweep/20260630_0630_overfitting_sweep_generalization_rank2/reports/gen_064/rank02_r5_inceptiontime_extra-0_seq5_ov50_cv5_static_only_seed40042_report.json,31141,32eabafc94558081682355dd8a5db20a6c1766ae26bf6bb76f6446166d5b5576
20260630_0630_overfitting_sweep_generalization_rank2,consumed_report_json,/home/trinker/Code/github/PPG-Frailty-pipeline/results_frailty3/_overfitting_sweep/20260630_0630_overfitting_sweep_generalization_rank2/reports/gen_065/rank02_r1_inceptiontime_extra-0_seq5_ov50_cv5_static_only_seed42_report.json,30952,44a60eabaa09f087868989a159db4becafc701f6823a9e7171d3d056323a5405
20260630_0630_overfitting_sweep_generalization_rank2,consumed_report_json,/home/trinker/Code/github/PPG-Frailty-pipeline/results_frailty3/_overfitting_sweep/20260630_0630_overfitting_sweep_generalization_rank2/reports/gen_065/rank02_r2_inceptiontime_extra-0_seq5_ov50_cv5_static_only_seed10042_report.json,31131,e77e13075661ec2bc95b4dba24be5e45c0b1282835e5c20580d2762ca3e7668c
20260630_0630_overfitting_sweep_generalization_rank2,consumed_report_json,/home/trinker/Code/github/PPG-Frailty-pipeline/results_frailty3/_overfitting_sweep/20260630_0630_overfitting_sweep_generalization_rank2/reports/gen_065/rank02_r3_inceptiontime_extra-0_seq5_ov50_cv5_static_only_seed20042_report.json,31100,0bdf12ef28b24db940057e65abe01d8cefce164cb76b25c4167cac60aa4936f9
20260630_0630_overfitting_sweep_generalization_rank2,consumed_report_json,/home/trinker/Code/github/PPG-Frailty-pipeline/results_frailty3/_overfitting_sweep/20260630_0630_overfitting_sweep_generalization_rank2/reports/gen_065/rank02_r4_inceptiontime_extra-0_seq5_ov50_cv5_static_only_seed30042_report.json,31135,f527e51448856de8639c222b0af08a22fe1bb3370b69978634e24f7857c10aa8
20260630_0630_overfitting_sweep_generalization_rank2,consumed_report_json,/home/trinker/Code/github/PPG-Frailty-pipeline/results_frailty3/_overfitting_sweep/20260630_0630_overfitting_sweep_generalization_rank2/reports/gen_065/rank02_r5_inceptiontime_extra-0_seq5_ov50_cv5_static_only_seed40042_report.json,31098,c404c8d0c26f009016fd823fda9dc974fb8a149b80bb12e52f6bdc05ce6720fc
20260630_0630_overfitting_sweep_generalization_rank2,consumed_report_json,/home/trinker/Code/github/PPG-Frailty-pipeline/results_frailty3/_overfitting_sweep/20260630_0630_overfitting_sweep_generalization_rank2/reports/gen_066/rank02_r1_inceptiontime_extra-0_seq5_ov50_cv5_static_only_seed42_report.json,31066,f80e9853b925b31e60dd4bfe21c4b740bb8bbac3f0412a9bcc4e2aea800dc254
20260630_0630_overfitting_sweep_generalization_rank2,consumed_report_json,/home/trinker/Code/github/PPG-Frailty-pipeline/results_frailty3/_overfitting_sweep/20260630_0630_overfitting_sweep_generalization_rank2/reports/gen_066/rank02_r2_inceptiontime_extra-0_seq5_ov50_cv5_static_only_seed10042_report.json,31038,3b215e32a12115378eb2d5dcd1a6ff9aa3bc48a8cbd0678c5a092b341ecd7457
20260630_0630_overfitting_sweep_generalization_rank2,consumed_report_json,/home/trinker/Code/github/PPG-Frailty-pipeline/results_frailty3/_overfitting_sweep/20260630_0630_overfitting_sweep_generalization_rank2/reports/gen_066/rank02_r3_inceptiontime_extra-0_seq5_ov50_cv5_static_only_seed20042_report.json,31080,6e302cb6d31255fcf2c0893e5168dcdeedc8cef7f71b9fa75d64223670bdf5c9
20260630_0630_overfitting_sweep_generalization_rank2,consumed_report_json,/home/trinker/Code/github/PPG-Frailty-pipeline/results_frailty3/_overfitting_sweep/20260630_0630_overfitting_sweep_generalization_rank2/reports/gen_066/rank02_r4_inceptiontime_extra-0_seq5_ov50_cv5_static_only_seed30042_report.json,31047,e26af0d85e3e8012be282d4db9dc37b7cb76120850847cf0451953c8f304d399
20260630_0630_overfitting_sweep_generalization_rank2,consumed_report_json,/home/trinker/Code/github/PPG-Frailty-pipeline/results_frailty3/_overfitting_sweep/20260630_0630_overfitting_sweep_generalization_rank2/reports/gen_066/rank02_r5_inceptiontime_extra-0_seq5_ov50_cv5_static_only_seed40042_report.json,31049,59a327056d194f9f8936c76a170a2dbcef019f7fe19b772c268eb213952ee26f
20260630_0630_overfitting_sweep_generalization_rank2,consumed_report_json,/home/trinker/Code/github/PPG-Frailty-pipeline/results_frailty3/_overfitting_sweep/20260630_0630_overfitting_sweep_generalization_rank2/reports/gen_067/rank02_r1_inceptiontime_extra-0_seq5_ov50_cv5_static_only_seed42_report.json,31067,0312e8defc089d5c531962c499beb9cf63b1a07f9d6a308f88953e81c4eda2c2
20260630_0630_overfitting_sweep_generalization_rank2,consumed_report_json,/home/trinker/Code/github/PPG-Frailty-pipeline/results_frailty3/_overfitting_sweep/20260630_0630_overfitting_sweep_generalization_rank2/reports/gen_067/rank02_r2_inceptiontime_extra-0_seq5_ov50_cv5_static_only_seed10042_report.json,31014,03a1c5af9d5527199149661d9b14017a5094254e83d505000c13f5dd395b6ff8
20260630_0630_overfitting_sweep_generalization_rank2,consumed_report_json,/home/trinker/Code/github/PPG-Frailty-pipeline/results_frailty3/_overfitting_sweep/20260630_0630_overfitting_sweep_generalization_rank2/reports/gen_067/rank02_r3_inceptiontime_extra-0_seq5_ov50_cv5_static_only_seed20042_report.json,31041,aafc38aa465b71ecef44d08a13ea33081ceebccb6a1057be6c8d09aba8ffefa4
20260630_0630_overfitting_sweep_generalization_rank2,consumed_report_json,/home/trinker/Code/github/PPG-Frailty-pipeline/results_frailty3/_overfitting_sweep/20260630_0630_overfitting_sweep_generalization_rank2/reports/gen_067/rank02_r4_inceptiontime_extra-0_seq5_ov50_cv5_static_only_seed30042_report.json,30996,d946d4d9c01570769922868a66ae21d14e33cbaebf369ea436a0d2d48527d8d2
20260630_0630_overfitting_sweep_generalization_rank2,consumed_report_json,/home/trinker/Code/github/PPG-Frailty-pipeline/results_frailty3/_overfitting_sweep/20260630_0630_overfitting_sweep_generalization_rank2/reports/gen_067/rank02_r5_inceptiontime_extra-0_seq5_ov50_cv5_static_only_seed40042_report.json,31028,42e75cb8089584801f7bd7dfe0d2d2dd50e637fdf9f8881e24d5481590f9bb1e
20260630_0630_overfitting_sweep_generalization_rank2,consumed_report_json,/home/trinker/Code/github/PPG-Frailty-pipeline/results_frailty3/_overfitting_sweep/20260630_0630_overfitting_sweep_generalization_rank2/reports/gen_068/rank02_r1_inceptiontime_extra-0_seq5_ov50_cv5_static_only_seed42_report.json,30918,8650de023e70a5f53d7c4c0e9498ece612832ea6bb405855ed437d252189f444
20260630_0630_overfitting_sweep_generalization_rank2,consumed_report_json,/home/trinker/Code/github/PPG-Frailty-pipeline/results_frailty3/_overfitting_sweep/20260630_0630_overfitting_sweep_generalization_rank2/reports/gen_068/rank02_r2_inceptiontime_extra-0_seq5_ov50_cv5_static_only_seed10042_report.json,31042,64e64e44cffb9954ebd0f90eac963df4919fe1bb7ab1361ec80393bdc7276ed9
20260630_0630_overfitting_sweep_generalization_rank2,consumed_report_json,/home/trinker/Code/github/PPG-Frailty-pipeline/results_frailty3/_overfitting_sweep/20260630_0630_overfitting_sweep_generalization_rank2/reports/gen_068/rank02_r3_inceptiontime_extra-0_seq5_ov50_cv5_static_only_seed20042_report.json,30992,c56717eb67d152abf37c689ab4aef94f96194e81f65483253d46a37ad8edbec6
20260630_0630_overfitting_sweep_generalization_rank2,consumed_report_json,/home/trinker/Code/github/PPG-Frailty-pipeline/results_frailty3/_overfitting_sweep/20260630_0630_overfitting_sweep_generalization_rank2/reports/gen_068/rank02_r4_inceptiontime_extra-0_seq5_ov50_cv5_static_only_seed30042_report.json,31041,df99a9960d1b891fc8de1545f4b1262ce72efdb88276f06935d54dfa50f66a36
20260630_0630_overfitting_sweep_generalization_rank2,consumed_report_json,/home/trinker/Code/github/PPG-Frailty-pipeline/results_frailty3/_overfitting_sweep/20260630_0630_overfitting_sweep_generalization_rank2/reports/gen_068/rank02_r5_inceptiontime_extra-0_seq5_ov50_cv5_static_only_seed40042_report.json,30941,bed6dd44370b9d6174f464398f71799c8775722e931cfe70851b1f6f294cdb91
20260630_0630_overfitting_sweep_generalization_rank2,consumed_report_json,/home/trinker/Code/github/PPG-Frailty-pipeline/results_frailty3/_overfitting_sweep/20260630_0630_overfitting_sweep_generalization_rank2/reports/gen_069/rank02_r1_inceptiontime_extra-0_seq5_ov50_cv5_static_only_seed42_report.json,30928,57065de3701929ce8b0af6e74d61982a68b793d3b288201f1246b784c359577d
20260630_0630_overfitting_sweep_generalization_rank2,consumed_report_json,/home/trinker/Code/github/PPG-Frailty-pipeline/results_frailty3/_overfitting_sweep/20260630_0630_overfitting_sweep_generalization_rank2/reports/gen_069/rank02_r2_inceptiontime_extra-0_seq5_ov50_cv5_static_only_seed10042_report.json,31010,b4b00bc4a9154f6de33ee7162808f1d15fb3d4ed23e831822fce04c8fe04e0f9
20260630_0630_overfitting_sweep_generalization_rank2,consumed_report_json,/home/trinker/Code/github/PPG-Frailty-pipeline/results_frailty3/_overfitting_sweep/20260630_0630_overfitting_sweep_generalization_rank2/reports/gen_069/rank02_r3_inceptiontime_extra-0_seq5_ov50_cv5_static_only_seed20042_report.json,30869,461e873f283d3a48de7cebe719b70b848c8ac6710eedf45f495174630610e529
20260630_0630_overfitting_sweep_generalization_rank2,consumed_report_json,/home/trinker/Code/github/PPG-Frailty-pipeline/results_frailty3/_overfitting_sweep/20260630_0630_overfitting_sweep_generalization_rank2/reports/gen_069/rank02_r4_inceptiontime_extra-0_seq5_ov50_cv5_static_only_seed30042_report.json,30944,29283b2d28e56259a01bf83af6b07baac8b327d9e055fad37bcd6bb3894f01e9
20260630_0630_overfitting_sweep_generalization_rank2,consumed_report_json,/home/trinker/Code/github/PPG-Frailty-pipeline/results_frailty3/_overfitting_sweep/20260630_0630_overfitting_sweep_generalization_rank2/reports/gen_069/rank02_r5_inceptiontime_extra-0_seq5_ov50_cv5_static_only_seed40042_report.json,30878,d21975d269cff6049992e35c6fd2ae249482532ff643a17a08afeb03832e89dd
20260630_0630_overfitting_sweep_generalization_rank2,consumed_report_json,/home/trinker/Code/github/PPG-Frailty-pipeline/results_frailty3/_overfitting_sweep/20260630_0630_overfitting_sweep_generalization_rank2/reports/gen_070/rank02_r1_inceptiontime_extra-0_seq5_ov50_cv5_static_only_seed42_report.json,30966,068dd4cbe7d5c5911d4fb02578f86c2def3075fd1aa9aa507ab2e5470d3768f2
20260630_0630_overfitting_sweep_generalization_rank2,consumed_report_json,/home/trinker/Code/github/PPG-Frailty-pipeline/results_frailty3/_overfitting_sweep/20260630_0630_overfitting_sweep_generalization_rank2/reports/gen_070/rank02_r2_inceptiontime_extra-0_seq5_ov50_cv5_static_only_seed10042_report.json,30954,a3f182f7afe89d73d6a7224e3781d0bb47007cbc8e07bba0c5b7216f48d393a8
20260630_0630_overfitting_sweep_generalization_rank2,consumed_report_json,/home/trinker/Code/github/PPG-Frailty-pipeline/results_frailty3/_overfitting_sweep/20260630_0630_overfitting_sweep_generalization_rank2/reports/gen_070/rank02_r3_inceptiontime_extra-0_seq5_ov50_cv5_static_only_seed20042_report.json,31112,919612e02f9eee2fd9a9aa61171dc32f418b6b164e1b64ba3a2eb376754c46ad
20260630_0630_overfitting_sweep_generalization_rank2,consumed_report_json,/home/trinker/Code/github/PPG-Frailty-pipeline/results_frailty3/_overfitting_sweep/20260630_0630_overfitting_sweep_generalization_rank2/reports/gen_070/rank02_r4_inceptiontime_extra-0_seq5_ov50_cv5_static_only_seed30042_report.json,31029,ea010bc439e7200b14ebc9c14a90e1e05fa23ed23873d0133d03b298d6af0e5c
20260630_0630_overfitting_sweep_generalization_rank2,consumed_report_json,/home/trinker/Code/github/PPG-Frailty-pipeline/results_frailty3/_overfitting_sweep/20260630_0630_overfitting_sweep_generalization_rank2/reports/gen_070/rank02_r5_inceptiontime_extra-0_seq5_ov50_cv5_static_only_seed40042_report.json,31136,5c526a68e96fa5240198da04bf1a177bb3d0d47248c01d0fb60171e4ccca8058
20260630_0630_overfitting_sweep_generalization_rank2,consumed_report_json,/home/trinker/Code/github/PPG-Frailty-pipeline/results_frailty3/_overfitting_sweep/20260630_0630_overfitting_sweep_generalization_rank2/reports/gen_071/rank02_r1_inceptiontime_extra-0_seq5_ov50_cv5_static_only_seed42_report.json,31051,26a6df852ece825b47c90819e048d5833ba7edf2612bdac75fc69e7a21c1c039
20260630_0630_overfitting_sweep_generalization_rank2,consumed_report_json,/home/trinker/Code/github/PPG-Frailty-pipeline/results_frailty3/_overfitting_sweep/20260630_0630_overfitting_sweep_generalization_rank2/reports/gen_071/rank02_r2_inceptiontime_extra-0_seq5_ov50_cv5_static_only_seed10042_report.json,31011,6e3f0ad5bae1449dc3d391f1396925d8da2d0a6efbb682267d87fec45ede566c
20260630_0630_overfitting_sweep_generalization_rank2,consumed_report_json,/home/trinker/Code/github/PPG-Frailty-pipeline/results_frailty3/_overfitting_sweep/20260630_0630_overfitting_sweep_generalization_rank2/reports/gen_071/rank02_r3_inceptiontime_extra-0_seq5_ov50_cv5_static_only_seed20042_report.json,31074,4fb6d052e4e0e0b28f76d7162856ca86e08479aac4faa0fe32d0004ef1cad3f0
20260630_0630_overfitting_sweep_generalization_rank2,consumed_report_json,/home/trinker/Code/github/PPG-Frailty-pipeline/results_frailty3/_overfitting_sweep/20260630_0630_overfitting_sweep_generalization_rank2/reports/gen_071/rank02_r4_inceptiontime_extra-0_seq5_ov50_cv5_static_only_seed30042_report.json,31139,b5a354b7d36a2bd2d394ed5e53c61faa4413600cbbf1e7f015d3c416961e322e
20260630_0630_overfitting_sweep_generalization_rank2,consumed_report_json,/home/trinker/Code/github/PPG-Frailty-pipeline/results_frailty3/_overfitting_sweep/20260630_0630_overfitting_sweep_generalization_rank2/reports/gen_071/rank02_r5_inceptiontime_extra-0_seq5_ov50_cv5_static_only_seed40042_report.json,31021,87d711ae0d5befcef7c8b29a8c766e388dcc6bd2827bcf2ce5ed1412874bc91e
20260630_0630_overfitting_sweep_generalization_rank2,consumed_report_json,/home/trinker/Code/github/PPG-Frailty-pipeline/results_frailty3/_overfitting_sweep/20260630_0630_overfitting_sweep_generalization_rank2/reports/gen_072/rank02_r1_inceptiontime_extra-0_seq5_ov50_cv5_static_only_seed42_report.json,31074,fc321199bb4d24669023ac633cc9544516ab49022f0d554fe352c16f7cf46c65
20260630_0630_overfitting_sweep_generalization_rank2,consumed_report_json,/home/trinker/Code/github/PPG-Frailty-pipeline/results_frailty3/_overfitting_sweep/20260630_0630_overfitting_sweep_generalization_rank2/reports/gen_072/rank02_r2_inceptiontime_extra-0_seq5_ov50_cv5_static_only_seed10042_report.json,31158,87c7adb19638942f37b388b31246c3020989c4d98776036ff9ed60381ca056e8
20260630_0630_overfitting_sweep_generalization_rank2,consumed_report_json,/home/trinker/Code/github/PPG-Frailty-pipeline/results_frailty3/_overfitting_sweep/20260630_0630_overfitting_sweep_generalization_rank2/reports/gen_072/rank02_r3_inceptiontime_extra-0_seq5_ov50_cv5_static_only_seed20042_report.json,31014,91502ce63002c3b119c07caba53f7c987f60b48f7529ec920dd63626089eb443
20260630_0630_overfitting_sweep_generalization_rank2,consumed_report_json,/home/trinker/Code/github/PPG-Frailty-pipeline/results_frailty3/_overfitting_sweep/20260630_0630_overfitting_sweep_generalization_rank2/reports/gen_072/rank02_r4_inceptiontime_extra-0_seq5_ov50_cv5_static_only_seed30042_report.json,31145,e90daa667eb95df2f79ddfcd445664b12b19707252c849e0fe438e45c5cc54f1
20260630_0630_overfitting_sweep_generalization_rank2,consumed_report_json,/home/trinker/Code/github/PPG-Frailty-pipeline/results_frailty3/_overfitting_sweep/20260630_0630_overfitting_sweep_generalization_rank2/reports/gen_072/rank02_r5_inceptiontime_extra-0_seq5_ov50_cv5_static_only_seed40042_report.json,31059,9f8d82af05f1c6e5aefd90ae7eb0b7e800aae61499856bdae8f8a23e972a3fcf
20260630_0630_overfitting_sweep_generalization_rank2,consumed_report_json,/home/trinker/Code/github/PPG-Frailty-pipeline/results_frailty3/_overfitting_sweep/20260630_0630_overfitting_sweep_generalization_rank2/reports/gen_073/rank02_r1_inceptiontime_extra-0_seq5_ov50_cv5_static_only_seed42_report.json,31138,3b3c606b33db7f49ef0b47de38de318d7c3bacf59818a5eabebb93987e6dbf5e
20260630_0630_overfitting_sweep_generalization_rank2,consumed_report_json,/home/trinker/Code/github/PPG-Frailty-pipeline/results_frailty3/_overfitting_sweep/20260630_0630_overfitting_sweep_generalization_rank2/reports/gen_073/rank02_r2_inceptiontime_extra-0_seq5_ov50_cv5_static_only_seed10042_report.json,31160,826396a6a5f29d8aad5324ce3776f0b1e438f98235195bdddc970ada7542455c
20260630_0630_overfitting_sweep_generalization_rank2,consumed_report_json,/home/trinker/Code/github/PPG-Frailty-pipeline/results_frailty3/_overfitting_sweep/20260630_0630_overfitting_sweep_generalization_rank2/reports/gen_073/rank02_r3_inceptiontime_extra-0_seq5_ov50_cv5_static_only_seed20042_report.json,31159,f41bd522e72f122a5ad7e4b1c11b7b5a7e5340d3cb3a202dfc9a16a05370f5ff
20260630_0630_overfitting_sweep_generalization_rank2,consumed_report_json,/home/trinker/Code/github/PPG-Frailty-pipeline/results_frailty3/_overfitting_sweep/20260630_0630_overfitting_sweep_generalization_rank2/reports/gen_073/rank02_r4_inceptiontime_extra-0_seq5_ov50_cv5_static_only_seed30042_report.json,31141,c73a9dd3951c81b90249a2c42f381e7fcd87a8ed75f1f514b13ddfc43b1b7b56
20260630_0630_overfitting_sweep_generalization_rank2,consumed_report_json,/home/trinker/Code/github/PPG-Frailty-pipeline/results_frailty3/_overfitting_sweep/20260630_0630_overfitting_sweep_generalization_rank2/reports/gen_073/rank02_r5_inceptiontime_extra-0_seq5_ov50_cv5_static_only_seed40042_report.json,31091,afafd6a1920e908bd244de9f139145fd2a4dfa5a9d8c412715a43c53fa6e9020
20260630_0630_overfitting_sweep_generalization_rank2,consumed_report_json,/home/trinker/Code/github/PPG-Frailty-pipeline/results_frailty3/_overfitting_sweep/20260630_0630_overfitting_sweep_generalization_rank2/reports/gen_074/rank02_r1_inceptiontime_extra-0_seq5_ov50_cv5_static_only_seed42_report.json,30994,4fffbf800556e49a4d62cf9e6c61484f1dd1f9977f1f01a985f52e648158f3ff
20260630_0630_overfitting_sweep_generalization_rank2,consumed_report_json,/home/trinker/Code/github/PPG-Frailty-pipeline/results_frailty3/_overfitting_sweep/20260630_0630_overfitting_sweep_generalization_rank2/reports/gen_074/rank02_r2_inceptiontime_extra-0_seq5_ov50_cv5_static_only_seed10042_report.json,31060,c84f0efa0fb7169054800c7b925e76731829cbb91d2b318011fb09d5267b8a81
20260630_0630_overfitting_sweep_generalization_rank2,consumed_report_json,/home/trinker/Code/github/PPG-Frailty-pipeline/results_frailty3/_overfitting_sweep/20260630_0630_overfitting_sweep_generalization_rank2/reports/gen_074/rank02_r3_inceptiontime_extra-0_seq5_ov50_cv5_static_only_seed20042_report.json,31109,d0aaa216aafce89fa8208d51b44fec3cba754ca4b30487038c9b820a1e386bff
20260630_0630_overfitting_sweep_generalization_rank2,consumed_report_json,/home/trinker/Code/github/PPG-Frailty-pipeline/results_frailty3/_overfitting_sweep/20260630_0630_overfitting_sweep_generalization_rank2/reports/gen_074/rank02_r4_inceptiontime_extra-0_seq5_ov50_cv5_static_only_seed30042_report.json,31141,0e3467d80305a8bea6a00cb0afafad1c5bddb26aa92314831ff91c769a5519f6
20260630_0630_overfitting_sweep_generalization_rank2,consumed_report_json,/home/trinker/Code/github/PPG-Frailty-pipeline/results_frailty3/_overfitting_sweep/20260630_0630_overfitting_sweep_generalization_rank2/reports/gen_074/rank02_r5_inceptiontime_extra-0_seq5_ov50_cv5_static_only_seed40042_report.json,31129,edaef23d00ff211549fee417c2f76983a2da7ac901d5228d915369e46f59815d
20260630_0630_overfitting_sweep_generalization_rank2,consumed_report_json,/home/trinker/Code/github/PPG-Frailty-pipeline/results_frailty3/_overfitting_sweep/20260630_0630_overfitting_sweep_generalization_rank2/reports/gen_075/rank02_r1_inceptiontime_extra-0_seq5_ov50_cv5_static_only_seed42_report.json,30987,a1ce1ab3ee7e31b33d06069fe543f7b24e4c08fbf17891b2b25f2c59466fa90b
20260630_0630_overfitting_sweep_generalization_rank2,consumed_report_json,/home/trinker/Code/github/PPG-Frailty-pipeline/results_frailty3/_overfitting_sweep/20260630_0630_overfitting_sweep_generalization_rank2/reports/gen_075/rank02_r2_inceptiontime_extra-0_seq5_ov50_cv5_static_only_seed10042_report.json,31061,9e21df63c84b03637cb21c8b3ab218fcd3bc0e79110e157f30e5921a27f2acee
20260630_0630_overfitting_sweep_generalization_rank2,consumed_report_json,/home/trinker/Code/github/PPG-Frailty-pipeline/results_frailty3/_overfitting_sweep/20260630_0630_overfitting_sweep_generalization_rank2/reports/gen_075/rank02_r3_inceptiontime_extra-0_seq5_ov50_cv5_static_only_seed20042_report.json,31179,61f9e1f8965445bca8db3e356f1255bd97b513dedaaf73f2735ec1e870345774
20260630_0630_overfitting_sweep_generalization_rank2,consumed_report_json,/home/trinker/Code/github/PPG-Frailty-pipeline/results_frailty3/_overfitting_sweep/20260630_0630_overfitting_sweep_generalization_rank2/reports/gen_075/rank02_r4_inceptiontime_extra-0_seq5_ov50_cv5_static_only_seed30042_report.json,30964,36cc23a5794cf8f6f97d2e2a244d6c494c160be292161cbb13a6919dae0e90c2
20260630_0630_overfitting_sweep_generalization_rank2,consumed_report_json,/home/trinker/Code/github/PPG-Frailty-pipeline/results_frailty3/_overfitting_sweep/20260630_0630_overfitting_sweep_generalization_rank2/reports/gen_075/rank02_r5_inceptiontime_extra-0_seq5_ov50_cv5_static_only_seed40042_report.json,31057,53205e6f993c40db77c9a03e76ee8ba9894b70fc11489229eecd94b9699d2de0
20260630_0630_overfitting_sweep_generalization_rank2,consumed_report_json,/home/trinker/Code/github/PPG-Frailty-pipeline/results_frailty3/_overfitting_sweep/20260630_0630_overfitting_sweep_generalization_rank2/reports/gen_076/rank02_r1_inceptiontime_extra-0_seq5_ov50_cv5_static_only_seed42_report.json,31139,6bb53f162e2ef7a29d764aabcd5a30bec3cf5a0723736c6d602d5eb142e2202b
20260630_0630_overfitting_sweep_generalization_rank2,consumed_report_json,/home/trinker/Code/github/PPG-Frailty-pipeline/results_frailty3/_overfitting_sweep/20260630_0630_overfitting_sweep_generalization_rank2/reports/gen_076/rank02_r2_inceptiontime_extra-0_seq5_ov50_cv5_static_only_seed10042_report.json,31092,332c84d733a40d2bbb30e7ff2ebfed13e7c47af52e10959101d3fdec2ab941bc
20260630_0630_overfitting_sweep_generalization_rank2,consumed_report_json,/home/trinker/Code/github/PPG-Frailty-pipeline/results_frailty3/_overfitting_sweep/20260630_0630_overfitting_sweep_generalization_rank2/reports/gen_076/rank02_r3_inceptiontime_extra-0_seq5_ov50_cv5_static_only_seed20042_report.json,31050,d0fa673e04a3028686e2512b8601c7ef713fb2d57950e2dd43bbe16f2cf2a850
20260630_0630_overfitting_sweep_generalization_rank2,consumed_report_json,/home/trinker/Code/github/PPG-Frailty-pipeline/results_frailty3/_overfitting_sweep/20260630_0630_overfitting_sweep_generalization_rank2/reports/gen_076/rank02_r4_inceptiontime_extra-0_seq5_ov50_cv5_static_only_seed30042_report.json,31140,86dc0950a8ed7eb1184dfc92caf1f3b262c4901cd68003f37a7994ab767a8eae
20260630_0630_overfitting_sweep_generalization_rank2,consumed_report_json,/home/trinker/Code/github/PPG-Frailty-pipeline/results_frailty3/_overfitting_sweep/20260630_0630_overfitting_sweep_generalization_rank2/reports/gen_076/rank02_r5_inceptiontime_extra-0_seq5_ov50_cv5_static_only_seed40042_report.json,31048,9aea940ca7881197dfa3c1e882e4eded7a16ffc08acc48cb46ca23975daddbe6
20260630_0630_overfitting_sweep_generalization_rank2,consumed_report_json,/home/trinker/Code/github/PPG-Frailty-pipeline/results_frailty3/_overfitting_sweep/20260630_0630_overfitting_sweep_generalization_rank2/reports/gen_077/rank02_r1_inceptiontime_extra-0_seq5_ov50_cv5_static_only_seed42_report.json,30954,df610214b02e0d7892a8293cb102231c3d84c79a6c050deadec7b8371fe5fc04
20260630_0630_overfitting_sweep_generalization_rank2,consumed_report_json,/home/trinker/Code/github/PPG-Frailty-pipeline/results_frailty3/_overfitting_sweep/20260630_0630_overfitting_sweep_generalization_rank2/reports/gen_077/rank02_r2_inceptiontime_extra-0_seq5_ov50_cv5_static_only_seed10042_report.json,31131,5ffdc702ba02de044a65dc8061985cadeff1aca5eb0dab4b4ead567093b85550
20260630_0630_overfitting_sweep_generalization_rank2,consumed_report_json,/home/trinker/Code/github/PPG-Frailty-pipeline/results_frailty3/_overfitting_sweep/20260630_0630_overfitting_sweep_generalization_rank2/reports/gen_077/rank02_r3_inceptiontime_extra-0_seq5_ov50_cv5_static_only_seed20042_report.json,31118,39c115ad80fb41ddeae7ce29563674eae3036ef225ba7ef96259624dddef25fb
20260630_0630_overfitting_sweep_generalization_rank2,consumed_report_json,/home/trinker/Code/github/PPG-Frailty-pipeline/results_frailty3/_overfitting_sweep/20260630_0630_overfitting_sweep_generalization_rank2/reports/gen_077/rank02_r4_inceptiontime_extra-0_seq5_ov50_cv5_static_only_seed30042_report.json,31165,e53079c73beef17734fe29bb58cb10f6f3012f629a8e9c7924ed02573cad6215
20260630_0630_overfitting_sweep_generalization_rank2,consumed_report_json,/home/trinker/Code/github/PPG-Frailty-pipeline/results_frailty3/_overfitting_sweep/20260630_0630_overfitting_sweep_generalization_rank2/reports/gen_077/rank02_r5_inceptiontime_extra-0_seq5_ov50_cv5_static_only_seed40042_report.json,31171,317eb70f04522c204b69ec85b0b0c787b2352878cd95875e0a673d684da10d87
20260630_0630_overfitting_sweep_generalization_rank2,consumed_report_json,/home/trinker/Code/github/PPG-Frailty-pipeline/results_frailty3/_overfitting_sweep/20260630_0630_overfitting_sweep_generalization_rank2/reports/gen_078/rank02_r1_inceptiontime_extra-0_seq5_ov50_cv5_static_only_seed42_report.json,31052,3e41f42522f1d5fc684ad765367bbab155b4705c3c076b88292ca495a9ecbdfe
20260630_0630_overfitting_sweep_generalization_rank2,consumed_report_json,/home/trinker/Code/github/PPG-Frailty-pipeline/results_frailty3/_overfitting_sweep/20260630_0630_overfitting_sweep_generalization_rank2/reports/gen_078/rank02_r2_inceptiontime_extra-0_seq5_ov50_cv5_static_only_seed10042_report.json,31104,dd5122d565348f00392c12be34c685e568273b88a36ba8dde179b5dc0aa9be03
20260630_0630_overfitting_sweep_generalization_rank2,consumed_report_json,/home/trinker/Code/github/PPG-Frailty-pipeline/results_frailty3/_overfitting_sweep/20260630_0630_overfitting_sweep_generalization_rank2/reports/gen_078/rank02_r3_inceptiontime_extra-0_seq5_ov50_cv5_static_only_seed20042_report.json,31043,4ebb2b445279450ee75d25fb76564349d525b8cecbb9acfac4aedfd6410cf592
20260630_0630_overfitting_sweep_generalization_rank2,consumed_report_json,/home/trinker/Code/github/PPG-Frailty-pipeline/results_frailty3/_overfitting_sweep/20260630_0630_overfitting_sweep_generalization_rank2/reports/gen_078/rank02_r4_inceptiontime_extra-0_seq5_ov50_cv5_static_only_seed30042_report.json,31001,cb9476036565833ea7cd345e8bbaa6213b8a20a49e57dcc5b2ec09b21ca513bc
20260630_0630_overfitting_sweep_generalization_rank2,consumed_report_json,/home/trinker/Code/github/PPG-Frailty-pipeline/results_frailty3/_overfitting_sweep/20260630_0630_overfitting_sweep_generalization_rank2/reports/gen_078/rank02_r5_inceptiontime_extra-0_seq5_ov50_cv5_static_only_seed40042_report.json,31165,16a28095a66b80e16f8b26c248d0e55d123f6565840e6c3658aa5aee91cbfe9a
20260630_0630_overfitting_sweep_generalization_rank2,consumed_report_json,/home/trinker/Code/github/PPG-Frailty-pipeline/results_frailty3/_overfitting_sweep/20260630_0630_overfitting_sweep_generalization_rank2/reports/gen_079/rank02_r1_inceptiontime_extra-0_seq5_ov50_cv5_static_only_seed42_report.json,30979,3343ee7a4058b63f8915e03664306511c1dec5965c838935c71082093c4d4f6d
20260630_0630_overfitting_sweep_generalization_rank2,consumed_report_json,/home/trinker/Code/github/PPG-Frailty-pipeline/results_frailty3/_overfitting_sweep/20260630_0630_overfitting_sweep_generalization_rank2/reports/gen_079/rank02_r2_inceptiontime_extra-0_seq5_ov50_cv5_static_only_seed10042_report.json,31154,040427c7c61e73ca73f3332489f787c3cc6d4b4ee5c1e132e2463e889990aae9
20260630_0630_overfitting_sweep_generalization_rank2,consumed_report_json,/home/trinker/Code/github/PPG-Frailty-pipeline/results_frailty3/_overfitting_sweep/20260630_0630_overfitting_sweep_generalization_rank2/reports/gen_079/rank02_r3_inceptiontime_extra-0_seq5_ov50_cv5_static_only_seed20042_report.json,31167,c33c4a9d8620398f20d76d2092525563e46d359b1ac4993ee6e9c2dba42d3ede
20260630_0630_overfitting_sweep_generalization_rank2,consumed_report_json,/home/trinker/Code/github/PPG-Frailty-pipeline/results_frailty3/_overfitting_sweep/20260630_0630_overfitting_sweep_generalization_rank2/reports/gen_079/rank02_r4_inceptiontime_extra-0_seq5_ov50_cv5_static_only_seed30042_report.json,31145,a107b4351efd3b8754789ae14e7c4c3060e8d18ec607928559852f1de6398fa5
20260630_0630_overfitting_sweep_generalization_rank2,consumed_report_json,/home/trinker/Code/github/PPG-Frailty-pipeline/results_frailty3/_overfitting_sweep/20260630_0630_overfitting_sweep_generalization_rank2/reports/gen_079/rank02_r5_inceptiontime_extra-0_seq5_ov50_cv5_static_only_seed40042_report.json,30997,8ce15041f0e2d7b5424e93f8d91d8ded8c20327eb80dda8a9de6088803e54d2c
20260630_0630_overfitting_sweep_generalization_rank2,consumed_report_json,/home/trinker/Code/github/PPG-Frailty-pipeline/results_frailty3/_overfitting_sweep/20260630_0630_overfitting_sweep_generalization_rank2/reports/gen_080/rank02_r1_inceptiontime_extra-0_seq5_ov50_cv5_static_only_seed42_report.json,31182,84af2822e3f327a9ff25cbccf88a00b490ad837344881d4877d2308a18266ddb
20260630_0630_overfitting_sweep_generalization_rank2,consumed_report_json,/home/trinker/Code/github/PPG-Frailty-pipeline/results_frailty3/_overfitting_sweep/20260630_0630_overfitting_sweep_generalization_rank2/reports/gen_080/rank02_r2_inceptiontime_extra-0_seq5_ov50_cv5_static_only_seed10042_report.json,31094,56ca6e9530424a56dacf1a542ac7b5d85f38b1e40aa031ded1bd19a478d4fc46
20260630_0630_overfitting_sweep_generalization_rank2,consumed_report_json,/home/trinker/Code/github/PPG-Frailty-pipeline/results_frailty3/_overfitting_sweep/20260630_0630_overfitting_sweep_generalization_rank2/reports/gen_080/rank02_r3_inceptiontime_extra-0_seq5_ov50_cv5_static_only_seed20042_report.json,31061,1c9c315a30a91f2103bb2264f81fc18ee2540eeb9b4f8618e26f5f67c2a45d5e
20260630_0630_overfitting_sweep_generalization_rank2,consumed_report_json,/home/trinker/Code/github/PPG-Frailty-pipeline/results_frailty3/_overfitting_sweep/20260630_0630_overfitting_sweep_generalization_rank2/reports/gen_080/rank02_r4_inceptiontime_extra-0_seq5_ov50_cv5_static_only_seed30042_report.json,31129,a6d98702801578dd57d754efde089be70ee0bd3b26ef66592a5a045aa43f5af0
20260630_0630_overfitting_sweep_generalization_rank2,consumed_report_json,/home/trinker/Code/github/PPG-Frailty-pipeline/results_frailty3/_overfitting_sweep/20260630_0630_overfitting_sweep_generalization_rank2/reports/gen_080/rank02_r5_inceptiontime_extra-0_seq5_ov50_cv5_static_only_seed40042_report.json,31014,80d363769bfa61d2d3b6f249348915d0e2cc365d02c28a68b9bbf605a17562eb
20260630_0630_overfitting_sweep_generalization_rank2,consumed_report_json,/home/trinker/Code/github/PPG-Frailty-pipeline/results_frailty3/_overfitting_sweep/20260630_0630_overfitting_sweep_generalization_rank2/reports/gen_081/rank02_r1_inceptiontime_extra-0_seq5_ov50_cv5_static_only_seed42_report.json,30919,bfbeb47ecfd40fb14d3e9d395ac9dedd20559534c7cad09b59ad1664c3b848a9
20260630_0630_overfitting_sweep_generalization_rank2,consumed_report_json,/home/trinker/Code/github/PPG-Frailty-pipeline/results_frailty3/_overfitting_sweep/20260630_0630_overfitting_sweep_generalization_rank2/reports/gen_081/rank02_r2_inceptiontime_extra-0_seq5_ov50_cv5_static_only_seed10042_report.json,31068,35241ce506452d198241b956ef8141026f0437213d99293e32ac7aeb7a02d289
20260630_0630_overfitting_sweep_generalization_rank2,consumed_report_json,/home/trinker/Code/github/PPG-Frailty-pipeline/results_frailty3/_overfitting_sweep/20260630_0630_overfitting_sweep_generalization_rank2/reports/gen_081/rank02_r3_inceptiontime_extra-0_seq5_ov50_cv5_static_only_seed20042_report.json,31020,3a81a9b523feca4ecd84e1a166f5eb3ade364836fa9051334b2b6baa3e294472
20260630_0630_overfitting_sweep_generalization_rank2,consumed_report_json,/home/trinker/Code/github/PPG-Frailty-pipeline/results_frailty3/_overfitting_sweep/20260630_0630_overfitting_sweep_generalization_rank2/reports/gen_081/rank02_r4_inceptiontime_extra-0_seq5_ov50_cv5_static_only_seed30042_report.json,31008,8c947f2814cf20317220af9fffbdf7465d376ca9f73eb2797b3a4e829b9edd31
20260630_0630_overfitting_sweep_generalization_rank2,consumed_report_json,/home/trinker/Code/github/PPG-Frailty-pipeline/results_frailty3/_overfitting_sweep/20260630_0630_overfitting_sweep_generalization_rank2/reports/gen_081/rank02_r5_inceptiontime_extra-0_seq5_ov50_cv5_static_only_seed40042_report.json,31039,6a200a0843eaa16b42488dfd2b69619ff6d1f18a6c1bd47afd4bc31821874300
20260630_0630_overfitting_sweep_generalization_rank2,consumed_report_json,/home/trinker/Code/github/PPG-Frailty-pipeline/results_frailty3/_overfitting_sweep/20260630_0630_overfitting_sweep_generalization_rank2/reports/gen_082/rank02_r1_inceptiontime_extra-0_seq5_ov50_cv5_static_only_seed42_report.json,31057,e85881b9a520a90787297ffd4eb8b2c33389aa84dd1ba650594a36943023351c
20260630_0630_overfitting_sweep_generalization_rank2,consumed_report_json,/home/trinker/Code/github/PPG-Frailty-pipeline/results_frailty3/_overfitting_sweep/20260630_0630_overfitting_sweep_generalization_rank2/reports/gen_082/rank02_r2_inceptiontime_extra-0_seq5_ov50_cv5_static_only_seed10042_report.json,31053,46564d98df617af7231e4205f75f44de7f75213def7fe09f3cb67cd3b4d4885e
20260630_0630_overfitting_sweep_generalization_rank2,consumed_report_json,/home/trinker/Code/github/PPG-Frailty-pipeline/results_frailty3/_overfitting_sweep/20260630_0630_overfitting_sweep_generalization_rank2/reports/gen_082/rank02_r3_inceptiontime_extra-0_seq5_ov50_cv5_static_only_seed20042_report.json,30946,7f44742999f6429d35b97d28df088b12a4a2eef7e8829d6af7fe9e72fb4359b1
20260630_0630_overfitting_sweep_generalization_rank2,consumed_report_json,/home/trinker/Code/github/PPG-Frailty-pipeline/results_frailty3/_overfitting_sweep/20260630_0630_overfitting_sweep_generalization_rank2/reports/gen_082/rank02_r4_inceptiontime_extra-0_seq5_ov50_cv5_static_only_seed30042_report.json,30924,4f2ffeb66148619731f4fec0f4378f991ce007beb99f28a891c88401c412b165
20260630_0630_overfitting_sweep_generalization_rank2,consumed_report_json,/home/trinker/Code/github/PPG-Frailty-pipeline/results_frailty3/_overfitting_sweep/20260630_0630_overfitting_sweep_generalization_rank2/reports/gen_082/rank02_r5_inceptiontime_extra-0_seq5_ov50_cv5_static_only_seed40042_report.json,31169,edf45f2a6f9fdc71a404f483d93a55ca5d6e285cedfae5eb32b2f371701fe187
20260630_0630_overfitting_sweep_generalization_rank2,consumed_report_json,/home/trinker/Code/github/PPG-Frailty-pipeline/results_frailty3/_overfitting_sweep/20260630_0630_overfitting_sweep_generalization_rank2/reports/gen_083/rank02_r1_inceptiontime_extra-0_seq5_ov50_cv5_static_only_seed42_report.json,30899,e0efc613d90e71fe3fcc4f62f65fd0fe5c42290947441542869014522772085d
20260630_0630_overfitting_sweep_generalization_rank2,consumed_report_json,/home/trinker/Code/github/PPG-Frailty-pipeline/results_frailty3/_overfitting_sweep/20260630_0630_overfitting_sweep_generalization_rank2/reports/gen_083/rank02_r2_inceptiontime_extra-0_seq5_ov50_cv5_static_only_seed10042_report.json,30886,eefdc1908308d2c8edd75e3afef95f9049a30ee443f4bc47c99ca03c8feb420a
20260630_0630_overfitting_sweep_generalization_rank2,consumed_report_json,/home/trinker/Code/github/PPG-Frailty-pipeline/results_frailty3/_overfitting_sweep/20260630_0630_overfitting_sweep_generalization_rank2/reports/gen_083/rank02_r3_inceptiontime_extra-0_seq5_ov50_cv5_static_only_seed20042_report.json,30893,d9b572ae3390a139a6453365b4e8293a792b58a6b1d8993acd8ca6b8fe2189c3
20260630_0630_overfitting_sweep_generalization_rank2,consumed_report_json,/home/trinker/Code/github/PPG-Frailty-pipeline/results_frailty3/_overfitting_sweep/20260630_0630_overfitting_sweep_generalization_rank2/reports/gen_083/rank02_r4_inceptiontime_extra-0_seq5_ov50_cv5_static_only_seed30042_report.json,30947,7404f76fc2d16d905586090aaa548a14cc2d393cc670322f22f8bf9e01b1ebdd
20260630_0630_overfitting_sweep_generalization_rank2,consumed_report_json,/home/trinker/Code/github/PPG-Frailty-pipeline/results_frailty3/_overfitting_sweep/20260630_0630_overfitting_sweep_generalization_rank2/reports/gen_083/rank02_r5_inceptiontime_extra-0_seq5_ov50_cv5_static_only_seed40042_report.json,30973,fa2602de2dd032a403207322beb0777defe20fe84d5646a007f6b724ff45d24e
20260630_0630_overfitting_sweep_generalization_rank2,consumed_report_json,/home/trinker/Code/github/PPG-Frailty-pipeline/results_frailty3/_overfitting_sweep/20260630_0630_overfitting_sweep_generalization_rank2/reports/gen_084/rank02_r1_inceptiontime_extra-0_seq5_ov50_cv5_static_only_seed42_report.json,30820,01106ec95ccb1804b3a597958633b3da96f1504d95bb9a4daae3bc1646c47659
20260630_0630_overfitting_sweep_generalization_rank2,consumed_report_json,/home/trinker/Code/github/PPG-Frailty-pipeline/results_frailty3/_overfitting_sweep/20260630_0630_overfitting_sweep_generalization_rank2/reports/gen_084/rank02_r2_inceptiontime_extra-0_seq5_ov50_cv5_static_only_seed10042_report.json,30911,26539ef4e739f0efa209c7e30c2c9af6275d01d4fffb8f10cc434a1c9cb27537
20260630_0630_overfitting_sweep_generalization_rank2,consumed_report_json,/home/trinker/Code/github/PPG-Frailty-pipeline/results_frailty3/_overfitting_sweep/20260630_0630_overfitting_sweep_generalization_rank2/reports/gen_084/rank02_r3_inceptiontime_extra-0_seq5_ov50_cv5_static_only_seed20042_report.json,31024,5db43607cb1aef2f898e883c633172bb8420bb81dcedd219d880e4092b087c17
20260630_0630_overfitting_sweep_generalization_rank2,consumed_report_json,/home/trinker/Code/github/PPG-Frailty-pipeline/results_frailty3/_overfitting_sweep/20260630_0630_overfitting_sweep_generalization_rank2/reports/gen_084/rank02_r4_inceptiontime_extra-0_seq5_ov50_cv5_static_only_seed30042_report.json,30896,b3b39292c2c96a8f57efef3ea31aadd1a35597504eccbb493e6c67a37eb5873d
20260630_0630_overfitting_sweep_generalization_rank2,consumed_report_json,/home/trinker/Code/github/PPG-Frailty-pipeline/results_frailty3/_overfitting_sweep/20260630_0630_overfitting_sweep_generalization_rank2/reports/gen_084/rank02_r5_inceptiontime_extra-0_seq5_ov50_cv5_static_only_seed40042_report.json,30963,924ecddd7376adbf64c4de781b9a56cdbcbcaf22dcc0645a72cb9ac10fc87521
20260630_0630_overfitting_sweep_generalization_rank2,consumed_report_json,/home/trinker/Code/github/PPG-Frailty-pipeline/results_frailty3/_overfitting_sweep/20260630_0630_overfitting_sweep_generalization_rank2/reports/gen_085/rank02_r1_inceptiontime_extra-0_seq5_ov50_cv5_static_only_seed42_report.json,31016,ad2a251e42e524db4b8e585d50f910fb6f155af3eb1c151bc2ca7304f39ff678
20260630_0630_overfitting_sweep_generalization_rank2,consumed_report_json,/home/trinker/Code/github/PPG-Frailty-pipeline/results_frailty3/_overfitting_sweep/20260630_0630_overfitting_sweep_generalization_rank2/reports/gen_085/rank02_r2_inceptiontime_extra-0_seq5_ov50_cv5_static_only_seed10042_report.json,30899,14aa408ae07386df44fba3e9ae19c263e1c26da0c3003111e49bef4d29e4d78d
20260630_0630_overfitting_sweep_generalization_rank2,consumed_report_json,/home/trinker/Code/github/PPG-Frailty-pipeline/results_frailty3/_overfitting_sweep/20260630_0630_overfitting_sweep_generalization_rank2/reports/gen_085/rank02_r3_inceptiontime_extra-0_seq5_ov50_cv5_static_only_seed20042_report.json,31001,4a11c16ec635679e621c5da08b9fbd1107465182f82a8d3dc0ffaff05d0920db
20260630_0630_overfitting_sweep_generalization_rank2,consumed_report_json,/home/trinker/Code/github/PPG-Frailty-pipeline/results_frailty3/_overfitting_sweep/20260630_0630_overfitting_sweep_generalization_rank2/reports/gen_085/rank02_r4_inceptiontime_extra-0_seq5_ov50_cv5_static_only_seed30042_report.json,31108,264be00586e0fdead8a990f5b828f90fe83f669f6eb74e7a83cdee47b169903e
20260630_0630_overfitting_sweep_generalization_rank2,consumed_report_json,/home/trinker/Code/github/PPG-Frailty-pipeline/results_frailty3/_overfitting_sweep/20260630_0630_overfitting_sweep_generalization_rank2/reports/gen_085/rank02_r5_inceptiontime_extra-0_seq5_ov50_cv5_static_only_seed40042_report.json,31132,0c7de802dcab7cbf7c42173c26f31eaf97c0b4078f696f9ea2d11f07b5bfb269
20260630_0630_overfitting_sweep_generalization_rank2,consumed_report_json,/home/trinker/Code/github/PPG-Frailty-pipeline/results_frailty3/_overfitting_sweep/20260630_0630_overfitting_sweep_generalization_rank2/reports/gen_086/rank02_r1_inceptiontime_extra-0_seq5_ov50_cv5_static_only_seed42_report.json,31014,08de86d2e69c4a021ff49810b8c24e90bc033dc74b66d2bc30ea3fd6c2fb047b
20260630_0630_overfitting_sweep_generalization_rank2,consumed_report_json,/home/trinker/Code/github/PPG-Frailty-pipeline/results_frailty3/_overfitting_sweep/20260630_0630_overfitting_sweep_generalization_rank2/reports/gen_086/rank02_r2_inceptiontime_extra-0_seq5_ov50_cv5_static_only_seed10042_report.json,31068,f2cf6ae1ffa7065dc75630251931db954f97823edc81a94482b6457c86bd442f
20260630_0630_overfitting_sweep_generalization_rank2,consumed_report_json,/home/trinker/Code/github/PPG-Frailty-pipeline/results_frailty3/_overfitting_sweep/20260630_0630_overfitting_sweep_generalization_rank2/reports/gen_086/rank02_r3_inceptiontime_extra-0_seq5_ov50_cv5_static_only_seed20042_report.json,31065,cb4619aecbdf02b19264be27146f3a0c7f95f2edfd1b47d348f8bf40003bcb84
20260630_0630_overfitting_sweep_generalization_rank2,consumed_report_json,/home/trinker/Code/github/PPG-Frailty-pipeline/results_frailty3/_overfitting_sweep/20260630_0630_overfitting_sweep_generalization_rank2/reports/gen_086/rank02_r4_inceptiontime_extra-0_seq5_ov50_cv5_static_only_seed30042_report.json,31126,3a14bddb23451fa36dfa8b77bd217ac57576c5370704246f9682b0632a98636c
20260630_0630_overfitting_sweep_generalization_rank2,consumed_report_json,/home/trinker/Code/github/PPG-Frailty-pipeline/results_frailty3/_overfitting_sweep/20260630_0630_overfitting_sweep_generalization_rank2/reports/gen_086/rank02_r5_inceptiontime_extra-0_seq5_ov50_cv5_static_only_seed40042_report.json,31013,7e56e60b1eac0442dec99ec31b5e7efaf1a9a2aa57fd259fac9339ba2cf6332b
20260630_0630_overfitting_sweep_generalization_rank2,consumed_report_json,/home/trinker/Code/github/PPG-Frailty-pipeline/results_frailty3/_overfitting_sweep/20260630_0630_overfitting_sweep_generalization_rank2/reports/gen_087/rank02_r1_inceptiontime_extra-0_seq5_ov50_cv5_static_only_seed42_report.json,31087,17c1c9ac5dae675f2d6bfb073713ff909fd6483cf9b3e37f046cdac24176d172
20260630_0630_overfitting_sweep_generalization_rank2,consumed_report_json,/home/trinker/Code/github/PPG-Frailty-pipeline/results_frailty3/_overfitting_sweep/20260630_0630_overfitting_sweep_generalization_rank2/reports/gen_087/rank02_r2_inceptiontime_extra-0_seq5_ov50_cv5_static_only_seed10042_report.json,31175,7af8f6137cc08268637f3090bc1e8266e4fd10e61a46a3130c5ff8201c92dc58
20260630_0630_overfitting_sweep_generalization_rank2,consumed_report_json,/home/trinker/Code/github/PPG-Frailty-pipeline/results_frailty3/_overfitting_sweep/20260630_0630_overfitting_sweep_generalization_rank2/reports/gen_087/rank02_r3_inceptiontime_extra-0_seq5_ov50_cv5_static_only_seed20042_report.json,31154,f8e1aa243c658db958dde30c51cf51b799b5d5c2e358d44519d303ecdf63f594
20260630_0630_overfitting_sweep_generalization_rank2,consumed_report_json,/home/trinker/Code/github/PPG-Frailty-pipeline/results_frailty3/_overfitting_sweep/20260630_0630_overfitting_sweep_generalization_rank2/reports/gen_087/rank02_r4_inceptiontime_extra-0_seq5_ov50_cv5_static_only_seed30042_report.json,31079,89146acc26c0f102cc57b275724ef087533e9f1574a95c31e1664ae27eaad17e
20260630_0630_overfitting_sweep_generalization_rank2,consumed_report_json,/home/trinker/Code/github/PPG-Frailty-pipeline/results_frailty3/_overfitting_sweep/20260630_0630_overfitting_sweep_generalization_rank2/reports/gen_087/rank02_r5_inceptiontime_extra-0_seq5_ov50_cv5_static_only_seed40042_report.json,31047,4e9140e447353d136927df52d0f4e5f033d5f87fcea9d7e106bff8c6d91f6147
20260630_0630_overfitting_sweep_generalization_rank2,consumed_report_json,/home/trinker/Code/github/PPG-Frailty-pipeline/results_frailty3/_overfitting_sweep/20260630_0630_overfitting_sweep_generalization_rank2/reports/gen_088/rank02_r1_inceptiontime_extra-0_seq5_ov50_cv5_static_only_seed42_report.json,31161,fdc8f5370d1a4639391c0050eb91c731c61ccbabf5927632b1f6907c757b55be
20260630_0630_overfitting_sweep_generalization_rank2,consumed_report_json,/home/trinker/Code/github/PPG-Frailty-pipeline/results_frailty3/_overfitting_sweep/20260630_0630_overfitting_sweep_generalization_rank2/reports/gen_088/rank02_r2_inceptiontime_extra-0_seq5_ov50_cv5_static_only_seed10042_report.json,31021,10ccfcaf8942e6d5d35492b6b63a391862d4b7c6f559e5ae0869f3f261afb073
20260630_0630_overfitting_sweep_generalization_rank2,consumed_report_json,/home/trinker/Code/github/PPG-Frailty-pipeline/results_frailty3/_overfitting_sweep/20260630_0630_overfitting_sweep_generalization_rank2/reports/gen_088/rank02_r3_inceptiontime_extra-0_seq5_ov50_cv5_static_only_seed20042_report.json,30999,61d90085544642f9a22f3f9be1c5d42810cc1a7ac9048a315b0889b915d07044
20260630_0630_overfitting_sweep_generalization_rank2,consumed_report_json,/home/trinker/Code/github/PPG-Frailty-pipeline/results_frailty3/_overfitting_sweep/20260630_0630_overfitting_sweep_generalization_rank2/reports/gen_088/rank02_r4_inceptiontime_extra-0_seq5_ov50_cv5_static_only_seed30042_report.json,31102,8f4eba0139550b4588a2113e3f85707d23140b070a69423a7f54980c3f242dc1
20260630_0630_overfitting_sweep_generalization_rank2,consumed_report_json,/home/trinker/Code/github/PPG-Frailty-pipeline/results_frailty3/_overfitting_sweep/20260630_0630_overfitting_sweep_generalization_rank2/reports/gen_088/rank02_r5_inceptiontime_extra-0_seq5_ov50_cv5_static_only_seed40042_report.json,31047,11e27adafdf247df2fd91f6c685ac531d87571d728be30c2147d5f22c372bd9c
20260630_0630_overfitting_sweep_generalization_rank2,consumed_report_json,/home/trinker/Code/github/PPG-Frailty-pipeline/results_frailty3/_overfitting_sweep/20260630_0630_overfitting_sweep_generalization_rank2/reports/gen_089/rank02_r1_inceptiontime_extra-0_seq5_ov50_cv5_static_only_seed42_report.json,30920,15f684cbc92991bac0f5a7ac3522ca228a98c516e14fc345c3725a58c71825f4
20260630_0630_overfitting_sweep_generalization_rank2,consumed_report_json,/home/trinker/Code/github/PPG-Frailty-pipeline/results_frailty3/_overfitting_sweep/20260630_0630_overfitting_sweep_generalization_rank2/reports/gen_089/rank02_r2_inceptiontime_extra-0_seq5_ov50_cv5_static_only_seed10042_report.json,31117,87a605e7c966861075e7c82b026aff2b7a82b7a0736d25217d54d08796978279
20260630_0630_overfitting_sweep_generalization_rank2,consumed_report_json,/home/trinker/Code/github/PPG-Frailty-pipeline/results_frailty3/_overfitting_sweep/20260630_0630_overfitting_sweep_generalization_rank2/reports/gen_089/rank02_r3_inceptiontime_extra-0_seq5_ov50_cv5_static_only_seed20042_report.json,31067,0c58ceea50d8951100c232e24511d1d63a76b515ae04c6dca7934590133964e6
20260630_0630_overfitting_sweep_generalization_rank2,consumed_report_json,/home/trinker/Code/github/PPG-Frailty-pipeline/results_frailty3/_overfitting_sweep/20260630_0630_overfitting_sweep_generalization_rank2/reports/gen_089/rank02_r4_inceptiontime_extra-0_seq5_ov50_cv5_static_only_seed30042_report.json,31125,027f214cdf87f5fe00d29d926b101d8d0e63b0c8c561f84d8d879b5ebd99bf0d
20260630_0630_overfitting_sweep_generalization_rank2,consumed_report_json,/home/trinker/Code/github/PPG-Frailty-pipeline/results_frailty3/_overfitting_sweep/20260630_0630_overfitting_sweep_generalization_rank2/reports/gen_089/rank02_r5_inceptiontime_extra-0_seq5_ov50_cv5_static_only_seed40042_report.json,31090,14a90ff50fb64a5000d4d237087b742cd0f41a4c4c110cb80e54ef98f21efab8
20260630_0630_overfitting_sweep_generalization_rank2,consumed_report_json,/home/trinker/Code/github/PPG-Frailty-pipeline/results_frailty3/_overfitting_sweep/20260630_0630_overfitting_sweep_generalization_rank2/reports/gen_090/rank02_r1_inceptiontime_extra-0_seq5_ov50_cv5_static_only_seed42_report.json,30922,587980d3d878bfe3d8b0d618400e20537c67c686087941529b01b39cd1702bdb
20260630_0630_overfitting_sweep_generalization_rank2,consumed_report_json,/home/trinker/Code/github/PPG-Frailty-pipeline/results_frailty3/_overfitting_sweep/20260630_0630_overfitting_sweep_generalization_rank2/reports/gen_090/rank02_r2_inceptiontime_extra-0_seq5_ov50_cv5_static_only_seed10042_report.json,31059,8032d7ea603e563cd8eb9c3c2758ec753a41b0124f72fbbc5fe0956d6acc7b26
20260630_0630_overfitting_sweep_generalization_rank2,consumed_report_json,/home/trinker/Code/github/PPG-Frailty-pipeline/results_frailty3/_overfitting_sweep/20260630_0630_overfitting_sweep_generalization_rank2/reports/gen_090/rank02_r3_inceptiontime_extra-0_seq5_ov50_cv5_static_only_seed20042_report.json,30999,43f333f26f9fe795c53134a090f77033f21c6ed043f8f74acc48bc5d8296a36e
20260630_0630_overfitting_sweep_generalization_rank2,consumed_report_json,/home/trinker/Code/github/PPG-Frailty-pipeline/results_frailty3/_overfitting_sweep/20260630_0630_overfitting_sweep_generalization_rank2/reports/gen_090/rank02_r4_inceptiontime_extra-0_seq5_ov50_cv5_static_only_seed30042_report.json,31065,6ec8d164f346e53b121bbaa4bf22dc3f638440a1380b970cd78c1beea85a904e
20260630_0630_overfitting_sweep_generalization_rank2,consumed_report_json,/home/trinker/Code/github/PPG-Frailty-pipeline/results_frailty3/_overfitting_sweep/20260630_0630_overfitting_sweep_generalization_rank2/reports/gen_090/rank02_r5_inceptiontime_extra-0_seq5_ov50_cv5_static_only_seed40042_report.json,31050,19b430051a064d51a3fd0535c950973e421dfa652df876f1d7d0203c768dfdbb
20260630_0630_overfitting_sweep_generalization_rank2,consumed_report_json,/home/trinker/Code/github/PPG-Frailty-pipeline/results_frailty3/_overfitting_sweep/20260630_0630_overfitting_sweep_generalization_rank2/reports/gen_091/rank02_r1_inceptiontime_extra-0_seq5_ov50_cv5_static_only_seed42_report.json,31050,cf81b998e05b020e91951ffca9b117460f095b109745a6fa8c2c5c1bed2a5d8b
20260630_0630_overfitting_sweep_generalization_rank2,consumed_report_json,/home/trinker/Code/github/PPG-Frailty-pipeline/results_frailty3/_overfitting_sweep/20260630_0630_overfitting_sweep_generalization_rank2/reports/gen_091/rank02_r2_inceptiontime_extra-0_seq5_ov50_cv5_static_only_seed10042_report.json,31092,d7fd681370de228fa1230d948d8f0c89392d2fbb20801a97f4a3691463e4cbe5
20260630_0630_overfitting_sweep_generalization_rank2,consumed_report_json,/home/trinker/Code/github/PPG-Frailty-pipeline/results_frailty3/_overfitting_sweep/20260630_0630_overfitting_sweep_generalization_rank2/reports/gen_091/rank02_r3_inceptiontime_extra-0_seq5_ov50_cv5_static_only_seed20042_report.json,30912,e28e1fb2a3f76b9ac849b320e74f3dc8ba0c842d9e75f4372a5c46013ce18e1a
20260630_0630_overfitting_sweep_generalization_rank2,consumed_report_json,/home/trinker/Code/github/PPG-Frailty-pipeline/results_frailty3/_overfitting_sweep/20260630_0630_overfitting_sweep_generalization_rank2/reports/gen_091/rank02_r4_inceptiontime_extra-0_seq5_ov50_cv5_static_only_seed30042_report.json,31092,5c7f626f83bc4cfdfa8480040ab92b7b1e4c9f802efe0d5e6e0b037e3d84bb22
20260630_0630_overfitting_sweep_generalization_rank2,consumed_report_json,/home/trinker/Code/github/PPG-Frailty-pipeline/results_frailty3/_overfitting_sweep/20260630_0630_overfitting_sweep_generalization_rank2/reports/gen_091/rank02_r5_inceptiontime_extra-0_seq5_ov50_cv5_static_only_seed40042_report.json,31042,0e4415a001d7f345bfd94081329da0df3ff4ecbd3dff002eadd8ed1ac1881efb
20260630_0630_overfitting_sweep_generalization_rank2,consumed_report_json,/home/trinker/Code/github/PPG-Frailty-pipeline/results_frailty3/_overfitting_sweep/20260630_0630_overfitting_sweep_generalization_rank2/reports/gen_092/rank02_r1_inceptiontime_extra-0_seq5_ov50_cv5_static_only_seed42_report.json,31013,7df9899a2a153d4d921f8fadb8b2c8f9eb181f09aba951d1e27eed73bbd5aebb
20260630_0630_overfitting_sweep_generalization_rank2,consumed_report_json,/home/trinker/Code/github/PPG-Frailty-pipeline/results_frailty3/_overfitting_sweep/20260630_0630_overfitting_sweep_generalization_rank2/reports/gen_092/rank02_r2_inceptiontime_extra-0_seq5_ov50_cv5_static_only_seed10042_report.json,31120,def4c264fb2b82420bd8b1c781eff79c8e40fc38ffbf372bb824dc465621121e
20260630_0630_overfitting_sweep_generalization_rank2,consumed_report_json,/home/trinker/Code/github/PPG-Frailty-pipeline/results_frailty3/_overfitting_sweep/20260630_0630_overfitting_sweep_generalization_rank2/reports/gen_092/rank02_r3_inceptiontime_extra-0_seq5_ov50_cv5_static_only_seed20042_report.json,31112,e8f498b678b688a28f95e8b08311e79c474ce06339e8acf7aa482cb243c27b68
20260630_0630_overfitting_sweep_generalization_rank2,consumed_report_json,/home/trinker/Code/github/PPG-Frailty-pipeline/results_frailty3/_overfitting_sweep/20260630_0630_overfitting_sweep_generalization_rank2/reports/gen_092/rank02_r4_inceptiontime_extra-0_seq5_ov50_cv5_static_only_seed30042_report.json,30990,d075b3b75efa9d7bd4e41255e0a3ae7d5e3876a8b9abd954fb7d37a4a7a82ec9
20260630_0630_overfitting_sweep_generalization_rank2,consumed_report_json,/home/trinker/Code/github/PPG-Frailty-pipeline/results_frailty3/_overfitting_sweep/20260630_0630_overfitting_sweep_generalization_rank2/reports/gen_092/rank02_r5_inceptiontime_extra-0_seq5_ov50_cv5_static_only_seed40042_report.json,30957,fe5a65cdfc9faae444c754703a46f8fcf36e96a070bb8f36e55acfa5fc2ca071
20260630_0630_overfitting_sweep_generalization_rank2,consumed_report_json,/home/trinker/Code/github/PPG-Frailty-pipeline/results_frailty3/_overfitting_sweep/20260630_0630_overfitting_sweep_generalization_rank2/reports/gen_093/rank02_r1_inceptiontime_extra-0_seq5_ov50_cv5_static_only_seed42_report.json,31034,198a09c86701316370154f032bfab2bde363668af2a315b6458b7e59c44c86e5
20260630_0630_overfitting_sweep_generalization_rank2,consumed_report_json,/home/trinker/Code/github/PPG-Frailty-pipeline/results_frailty3/_overfitting_sweep/20260630_0630_overfitting_sweep_generalization_rank2/reports/gen_093/rank02_r2_inceptiontime_extra-0_seq5_ov50_cv5_static_only_seed10042_report.json,31027,0a3ed955ca03aac7587ffaf104eff9fbab909db70574734329a765454459f987
20260630_0630_overfitting_sweep_generalization_rank2,consumed_report_json,/home/trinker/Code/github/PPG-Frailty-pipeline/results_frailty3/_overfitting_sweep/20260630_0630_overfitting_sweep_generalization_rank2/reports/gen_093/rank02_r3_inceptiontime_extra-0_seq5_ov50_cv5_static_only_seed20042_report.json,31058,bfec8ff1e8a4f062c254b4b47195b1079f1d5ae93dca3534eba130eecafcbd13
20260630_0630_overfitting_sweep_generalization_rank2,consumed_report_json,/home/trinker/Code/github/PPG-Frailty-pipeline/results_frailty3/_overfitting_sweep/20260630_0630_overfitting_sweep_generalization_rank2/reports/gen_093/rank02_r4_inceptiontime_extra-0_seq5_ov50_cv5_static_only_seed30042_report.json,30969,e901dc98b23c33e84b684e387e562a073f990d62ec20cf247e0ec1106a80f9c5
20260630_0630_overfitting_sweep_generalization_rank2,consumed_report_json,/home/trinker/Code/github/PPG-Frailty-pipeline/results_frailty3/_overfitting_sweep/20260630_0630_overfitting_sweep_generalization_rank2/reports/gen_093/rank02_r5_inceptiontime_extra-0_seq5_ov50_cv5_static_only_seed40042_report.json,31111,448579a15f6135acaddec34e9e567153831a22e1282254c25f26a14b69a866b9
20260630_0630_overfitting_sweep_generalization_rank2,consumed_report_json,/home/trinker/Code/github/PPG-Frailty-pipeline/results_frailty3/_overfitting_sweep/20260630_0630_overfitting_sweep_generalization_rank2/reports/gen_094/rank02_r1_inceptiontime_extra-0_seq5_ov50_cv5_static_only_seed42_report.json,31017,755ac624198ea54c8aa486f0db9dcfadcce80ef2d9e1a2cb3611ba5fe3454f56
20260630_0630_overfitting_sweep_generalization_rank2,consumed_report_json,/home/trinker/Code/github/PPG-Frailty-pipeline/results_frailty3/_overfitting_sweep/20260630_0630_overfitting_sweep_generalization_rank2/reports/gen_094/rank02_r2_inceptiontime_extra-0_seq5_ov50_cv5_static_only_seed10042_report.json,31136,972bd4e86c2cde1a151baef1d6a1f2f295cf19207be53906a999e585ad0e742f
20260630_0630_overfitting_sweep_generalization_rank2,consumed_report_json,/home/trinker/Code/github/PPG-Frailty-pipeline/results_frailty3/_overfitting_sweep/20260630_0630_overfitting_sweep_generalization_rank2/reports/gen_094/rank02_r3_inceptiontime_extra-0_seq5_ov50_cv5_static_only_seed20042_report.json,31070,8f547dc156f659a487f6f9db5637a3f3d2c4e0ca5328e5df5c85e8debbd46de7
20260630_0630_overfitting_sweep_generalization_rank2,consumed_report_json,/home/trinker/Code/github/PPG-Frailty-pipeline/results_frailty3/_overfitting_sweep/20260630_0630_overfitting_sweep_generalization_rank2/reports/gen_094/rank02_r4_inceptiontime_extra-0_seq5_ov50_cv5_static_only_seed30042_report.json,31066,b27783d0b171c4b0c5c024b8c52947bec7048ebaf06c9fb91cc3e60c87ae56b4
20260630_0630_overfitting_sweep_generalization_rank2,consumed_report_json,/home/trinker/Code/github/PPG-Frailty-pipeline/results_frailty3/_overfitting_sweep/20260630_0630_overfitting_sweep_generalization_rank2/reports/gen_094/rank02_r5_inceptiontime_extra-0_seq5_ov50_cv5_static_only_seed40042_report.json,31120,b693a6141e01ff6f4e4c33713d45aef0eaaae2b27b40c00fa27c0499dd521341
20260630_0630_overfitting_sweep_generalization_rank2,consumed_report_json,/home/trinker/Code/github/PPG-Frailty-pipeline/results_frailty3/_overfitting_sweep/20260630_0630_overfitting_sweep_generalization_rank2/reports/gen_095/rank02_r1_inceptiontime_extra-0_seq5_ov50_cv5_static_only_seed42_report.json,30970,8e775d47bb3a8ec9d11ae9043b05de9343e10658fa74c36a2320ba0898fd6a7a
20260630_0630_overfitting_sweep_generalization_rank2,consumed_report_json,/home/trinker/Code/github/PPG-Frailty-pipeline/results_frailty3/_overfitting_sweep/20260630_0630_overfitting_sweep_generalization_rank2/reports/gen_095/rank02_r2_inceptiontime_extra-0_seq5_ov50_cv5_static_only_seed10042_report.json,30781,d6f2cfad78d112724badc8e4e7fc89d81c2763bdfc65e542382c38de41c67629
20260630_0630_overfitting_sweep_generalization_rank2,consumed_report_json,/home/trinker/Code/github/PPG-Frailty-pipeline/results_frailty3/_overfitting_sweep/20260630_0630_overfitting_sweep_generalization_rank2/reports/gen_095/rank02_r3_inceptiontime_extra-0_seq5_ov50_cv5_static_only_seed20042_report.json,31007,4975a65b45f4d731214b59ae7ea2e840dc8388aacb26dc581c52831b4d9ec396
20260630_0630_overfitting_sweep_generalization_rank2,consumed_report_json,/home/trinker/Code/github/PPG-Frailty-pipeline/results_frailty3/_overfitting_sweep/20260630_0630_overfitting_sweep_generalization_rank2/reports/gen_095/rank02_r4_inceptiontime_extra-0_seq5_ov50_cv5_static_only_seed30042_report.json,30931,108bdc9558bccf23e29c1ef124c6e67c806b6865cf3577b9ea8575e2c32d5450
20260630_0630_overfitting_sweep_generalization_rank2,consumed_report_json,/home/trinker/Code/github/PPG-Frailty-pipeline/results_frailty3/_overfitting_sweep/20260630_0630_overfitting_sweep_generalization_rank2/reports/gen_095/rank02_r5_inceptiontime_extra-0_seq5_ov50_cv5_static_only_seed40042_report.json,30912,85024b3c837c1fff96e7dff043bbc494e5e7b8850266bd67e2fee3cc93d3bd8f
20260630_0630_overfitting_sweep_generalization_rank2,consumed_report_json,/home/trinker/Code/github/PPG-Frailty-pipeline/results_frailty3/_overfitting_sweep/20260630_0630_overfitting_sweep_generalization_rank2/reports/gen_096/rank02_r1_inceptiontime_extra-0_seq5_ov50_cv5_static_only_seed42_report.json,30912,9a92750e2c6237459dd7d2f3b3d7256c0dce1a3158504ba9fd539f1d0dcf9f5a
20260630_0630_overfitting_sweep_generalization_rank2,consumed_report_json,/home/trinker/Code/github/PPG-Frailty-pipeline/results_frailty3/_overfitting_sweep/20260630_0630_overfitting_sweep_generalization_rank2/reports/gen_096/rank02_r2_inceptiontime_extra-0_seq5_ov50_cv5_static_only_seed10042_report.json,31038,5385cdad9bb255de86a5f8e915838eb54510cb5b8c435858e065af905f1828cf
20260630_0630_overfitting_sweep_generalization_rank2,consumed_report_json,/home/trinker/Code/github/PPG-Frailty-pipeline/results_frailty3/_overfitting_sweep/20260630_0630_overfitting_sweep_generalization_rank2/reports/gen_096/rank02_r3_inceptiontime_extra-0_seq5_ov50_cv5_static_only_seed20042_report.json,30991,5a44be825374f4b547a7f6ae48292bd2f6f87abba79a8b630e43805ee484d473
20260630_0630_overfitting_sweep_generalization_rank2,consumed_report_json,/home/trinker/Code/github/PPG-Frailty-pipeline/results_frailty3/_overfitting_sweep/20260630_0630_overfitting_sweep_generalization_rank2/reports/gen_096/rank02_r4_inceptiontime_extra-0_seq5_ov50_cv5_static_only_seed30042_report.json,31027,908e4bae8295c850e80591fe73763f758b514a34d544de592da05c3787c991da
20260630_0630_overfitting_sweep_generalization_rank2,consumed_report_json,/home/trinker/Code/github/PPG-Frailty-pipeline/results_frailty3/_overfitting_sweep/20260630_0630_overfitting_sweep_generalization_rank2/reports/gen_096/rank02_r5_inceptiontime_extra-0_seq5_ov50_cv5_static_only_seed40042_report.json,30912,4fa0a4f892a137d44bfbc26b79e053c6a687ee618ced1efa353b76a00265addc
20260630_0630_overfitting_sweep_generalization_rank2,consumed_report_json,/home/trinker/Code/github/PPG-Frailty-pipeline/results_frailty3/_overfitting_sweep/20260630_0630_overfitting_sweep_generalization_rank2/reports/gen_097/rank02_r1_inceptiontime_extra-0_seq5_ov50_cv5_static_only_seed42_report.json,31028,a296faa09549f0577b40a5662223c9c8ee380b0cfc98fca8f3600410840f168b
20260630_0630_overfitting_sweep_generalization_rank2,consumed_report_json,/home/trinker/Code/github/PPG-Frailty-pipeline/results_frailty3/_overfitting_sweep/20260630_0630_overfitting_sweep_generalization_rank2/reports/gen_097/rank02_r2_inceptiontime_extra-0_seq5_ov50_cv5_static_only_seed10042_report.json,31007,6802f18b9c627f071d726a3177b86a7fe9a6317dd0e486714eadd6c2d4aa8244
20260630_0630_overfitting_sweep_generalization_rank2,consumed_report_json,/home/trinker/Code/github/PPG-Frailty-pipeline/results_frailty3/_overfitting_sweep/20260630_0630_overfitting_sweep_generalization_rank2/reports/gen_097/rank02_r3_inceptiontime_extra-0_seq5_ov50_cv5_static_only_seed20042_report.json,31011,52a29e2d20c84c57c4e2656c9d018545d0a4e2d48226495e608a33a3b6fc5104
20260630_0630_overfitting_sweep_generalization_rank2,consumed_report_json,/home/trinker/Code/github/PPG-Frailty-pipeline/results_frailty3/_overfitting_sweep/20260630_0630_overfitting_sweep_generalization_rank2/reports/gen_097/rank02_r4_inceptiontime_extra-0_seq5_ov50_cv5_static_only_seed30042_report.json,30912,0669a1f094e91ee7d2c1e5d1233b239fb2462adc4a9218fb21574d91daa01f62
20260630_0630_overfitting_sweep_generalization_rank2,consumed_report_json,/home/trinker/Code/github/PPG-Frailty-pipeline/results_frailty3/_overfitting_sweep/20260630_0630_overfitting_sweep_generalization_rank2/reports/gen_097/rank02_r5_inceptiontime_extra-0_seq5_ov50_cv5_static_only_seed40042_report.json,31020,36502f86ccf95fb974988b5e3dac320c275fb3b6e6bf4ac3195476d6aafd9a99
20260630_0630_overfitting_sweep_generalization_rank2,consumed_report_json,/home/trinker/Code/github/PPG-Frailty-pipeline/results_frailty3/_overfitting_sweep/20260630_0630_overfitting_sweep_generalization_rank2/reports/gen_098/rank02_r1_inceptiontime_extra-0_seq5_ov50_cv5_static_only_seed42_report.json,30849,da948a235e899b4a9488f170d33eb36abe3d9d99705b27f7626fb895bc5afb9c
20260630_0630_overfitting_sweep_generalization_rank2,consumed_report_json,/home/trinker/Code/github/PPG-Frailty-pipeline/results_frailty3/_overfitting_sweep/20260630_0630_overfitting_sweep_generalization_rank2/reports/gen_098/rank02_r2_inceptiontime_extra-0_seq5_ov50_cv5_static_only_seed10042_report.json,30968,a41f273fda12f4ba2cf76a1173b8328ed3e9f57aa033bbb5be7908b82b90a388
20260630_0630_overfitting_sweep_generalization_rank2,consumed_report_json,/home/trinker/Code/github/PPG-Frailty-pipeline/results_frailty3/_overfitting_sweep/20260630_0630_overfitting_sweep_generalization_rank2/reports/gen_098/rank02_r3_inceptiontime_extra-0_seq5_ov50_cv5_static_only_seed20042_report.json,30965,2aad8a000c28c00453bb3572544d6e29e856cbe9bde2c6bbb6768c2824199cf3
20260630_0630_overfitting_sweep_generalization_rank2,consumed_report_json,/home/trinker/Code/github/PPG-Frailty-pipeline/results_frailty3/_overfitting_sweep/20260630_0630_overfitting_sweep_generalization_rank2/reports/gen_098/rank02_r4_inceptiontime_extra-0_seq5_ov50_cv5_static_only_seed30042_report.json,30980,7f100a8d0ed16538c35fe9843379402d4fa409a6239b305b50069d1fcb09787d
20260630_0630_overfitting_sweep_generalization_rank2,consumed_report_json,/home/trinker/Code/github/PPG-Frailty-pipeline/results_frailty3/_overfitting_sweep/20260630_0630_overfitting_sweep_generalization_rank2/reports/gen_098/rank02_r5_inceptiontime_extra-0_seq5_ov50_cv5_static_only_seed40042_report.json,31034,017cb2e5d9c5184f2b29147dde6d18e2b711e07834a17f23f838e9e00fed8506
20260630_0630_overfitting_sweep_generalization_rank2,consumed_report_json,/home/trinker/Code/github/PPG-Frailty-pipeline/results_frailty3/_overfitting_sweep/20260630_0630_overfitting_sweep_generalization_rank2/reports/gen_099/rank02_r1_inceptiontime_extra-0_seq5_ov50_cv5_static_only_seed42_report.json,31008,3edc2610c575a25c18cb655c57cc5f97aee4bbe23e2713bb751736ed072677eb
20260630_0630_overfitting_sweep_generalization_rank2,consumed_report_json,/home/trinker/Code/github/PPG-Frailty-pipeline/results_frailty3/_overfitting_sweep/20260630_0630_overfitting_sweep_generalization_rank2/reports/gen_099/rank02_r2_inceptiontime_extra-0_seq5_ov50_cv5_static_only_seed10042_report.json,31180,eeed37455ff49d80ddfcecd8c0296588f6ff1df504a0a02599834b184742d033
20260630_0630_overfitting_sweep_generalization_rank2,consumed_report_json,/home/trinker/Code/github/PPG-Frailty-pipeline/results_frailty3/_overfitting_sweep/20260630_0630_overfitting_sweep_generalization_rank2/reports/gen_099/rank02_r3_inceptiontime_extra-0_seq5_ov50_cv5_static_only_seed20042_report.json,31057,d665dd001455f156ef898f70c9cb294a0fdb4fce2c55d0bd59f1d50663b5b274
20260630_0630_overfitting_sweep_generalization_rank2,consumed_report_json,/home/trinker/Code/github/PPG-Frailty-pipeline/results_frailty3/_overfitting_sweep/20260630_0630_overfitting_sweep_generalization_rank2/reports/gen_099/rank02_r4_inceptiontime_extra-0_seq5_ov50_cv5_static_only_seed30042_report.json,31077,7dabe2e6a8d53b57a69ca3ea10cfb596e936d37208393b7d440c7a670121a3aa
20260630_0630_overfitting_sweep_generalization_rank2,consumed_report_json,/home/trinker/Code/github/PPG-Frailty-pipeline/results_frailty3/_overfitting_sweep/20260630_0630_overfitting_sweep_generalization_rank2/reports/gen_099/rank02_r5_inceptiontime_extra-0_seq5_ov50_cv5_static_only_seed40042_report.json,31058,f57adc44b3ad3621206eb5738c424174ec11c1e7bf9f97c0fa6d746a4fa1814c
20260630_0630_overfitting_sweep_generalization_rank2,consumed_report_json,/home/trinker/Code/github/PPG-Frailty-pipeline/results_frailty3/_overfitting_sweep/20260630_0630_overfitting_sweep_generalization_rank2/reports/gen_100/rank02_r1_inceptiontime_extra-0_seq5_ov50_cv5_static_only_seed42_report.json,31017,fc26b32f57efef36d8b945f41495286ba74f9f0beb3c1df67bcd93be232b5220
20260630_0630_overfitting_sweep_generalization_rank2,consumed_report_json,/home/trinker/Code/github/PPG-Frailty-pipeline/results_frailty3/_overfitting_sweep/20260630_0630_overfitting_sweep_generalization_rank2/reports/gen_100/rank02_r2_inceptiontime_extra-0_seq5_ov50_cv5_static_only_seed10042_report.json,31171,8ca1e246f1f46ab4686f38a14f0c0790d00e053a2785cf57874a77e4cf383180
20260630_0630_overfitting_sweep_generalization_rank2,consumed_report_json,/home/trinker/Code/github/PPG-Frailty-pipeline/results_frailty3/_overfitting_sweep/20260630_0630_overfitting_sweep_generalization_rank2/reports/gen_100/rank02_r3_inceptiontime_extra-0_seq5_ov50_cv5_static_only_seed20042_report.json,31003,955e5911c0a1b5db5ce1509b2a755a20fc73f16a3895396c52d4e7ec8f62d6dd
20260630_0630_overfitting_sweep_generalization_rank2,consumed_report_json,/home/trinker/Code/github/PPG-Frailty-pipeline/results_frailty3/_overfitting_sweep/20260630_0630_overfitting_sweep_generalization_rank2/reports/gen_100/rank02_r4_inceptiontime_extra-0_seq5_ov50_cv5_static_only_seed30042_report.json,31055,d681e19fe0c440af0daf8857d8c26d1b3e7abd18188b96f17dca32805f36c279
20260630_0630_overfitting_sweep_generalization_rank2,consumed_report_json,/home/trinker/Code/github/PPG-Frailty-pipeline/results_frailty3/_overfitting_sweep/20260630_0630_overfitting_sweep_generalization_rank2/reports/gen_100/rank02_r5_inceptiontime_extra-0_seq5_ov50_cv5_static_only_seed40042_report.json,31020,3def7da9dfc440d3aac4f9e31dcfb1ffe750ced773bf9d13fbf4a61fd74508c4
20260630_0630_overfitting_sweep_generalization_rank2,consumed_report_json,/home/trinker/Code/github/PPG-Frailty-pipeline/results_frailty3/_overfitting_sweep/20260630_0630_overfitting_sweep_generalization_rank2/reports/gen_101/rank02_r1_inceptiontime_extra-0_seq5_ov50_cv5_static_only_seed42_report.json,31093,3b96478da0800c034bf8f23b266721b4492ba685aba15a4e71127f163bc517c6
20260630_0630_overfitting_sweep_generalization_rank2,consumed_report_json,/home/trinker/Code/github/PPG-Frailty-pipeline/results_frailty3/_overfitting_sweep/20260630_0630_overfitting_sweep_generalization_rank2/reports/gen_101/rank02_r2_inceptiontime_extra-0_seq5_ov50_cv5_static_only_seed10042_report.json,31162,a9aa207588542cf43e6421af3a64494ed36402005599b618e4fcc52f7721bb77
20260630_0630_overfitting_sweep_generalization_rank2,consumed_report_json,/home/trinker/Code/github/PPG-Frailty-pipeline/results_frailty3/_overfitting_sweep/20260630_0630_overfitting_sweep_generalization_rank2/reports/gen_101/rank02_r3_inceptiontime_extra-0_seq5_ov50_cv5_static_only_seed20042_report.json,31077,2b132bb4fecc72737b157fe4866c1e6a405afcb6c75e6d2194ea6ec74e5310df
20260630_0630_overfitting_sweep_generalization_rank2,consumed_report_json,/home/trinker/Code/github/PPG-Frailty-pipeline/results_frailty3/_overfitting_sweep/20260630_0630_overfitting_sweep_generalization_rank2/reports/gen_101/rank02_r4_inceptiontime_extra-0_seq5_ov50_cv5_static_only_seed30042_report.json,31053,ae8d469e96151cfc051bab92fe90dad3b9910f86cd378cb4a432941aa5b7146f
20260630_0630_overfitting_sweep_generalization_rank2,consumed_report_json,/home/trinker/Code/github/PPG-Frailty-pipeline/results_frailty3/_overfitting_sweep/20260630_0630_overfitting_sweep_generalization_rank2/reports/gen_101/rank02_r5_inceptiontime_extra-0_seq5_ov50_cv5_static_only_seed40042_report.json,31068,aec7cefeb38a335b263b02c517616ed9cae8227e352ed179a3e10ba5d8733a2e
20260630_0630_overfitting_sweep_generalization_rank2,consumed_report_json,/home/trinker/Code/github/PPG-Frailty-pipeline/results_frailty3/_overfitting_sweep/20260630_0630_overfitting_sweep_generalization_rank2/reports/gen_102/rank02_r1_inceptiontime_extra-0_seq5_ov50_cv5_static_only_seed42_report.json,30995,c7d4ec90f787486242da3255f9c3b3f05bab6bdc1bd889692e784ca259778573
20260630_0630_overfitting_sweep_generalization_rank2,consumed_report_json,/home/trinker/Code/github/PPG-Frailty-pipeline/results_frailty3/_overfitting_sweep/20260630_0630_overfitting_sweep_generalization_rank2/reports/gen_102/rank02_r2_inceptiontime_extra-0_seq5_ov50_cv5_static_only_seed10042_report.json,31070,fbe15643a7f7a78a70c39fb01aa81027917920872adebc87a85a698d78f506d4
20260630_0630_overfitting_sweep_generalization_rank2,consumed_report_json,/home/trinker/Code/github/PPG-Frailty-pipeline/results_frailty3/_overfitting_sweep/20260630_0630_overfitting_sweep_generalization_rank2/reports/gen_102/rank02_r3_inceptiontime_extra-0_seq5_ov50_cv5_static_only_seed20042_report.json,31096,12bc82b11d776c7b828f4459a0d7c2b7983dbe09d0e2dfca202052fe3389594e
20260630_0630_overfitting_sweep_generalization_rank2,consumed_report_json,/home/trinker/Code/github/PPG-Frailty-pipeline/results_frailty3/_overfitting_sweep/20260630_0630_overfitting_sweep_generalization_rank2/reports/gen_102/rank02_r4_inceptiontime_extra-0_seq5_ov50_cv5_static_only_seed30042_report.json,31124,428944612017dbff3835a335d3afd409cf45a7df406e5dbbee9574ab8fba282b
20260630_0630_overfitting_sweep_generalization_rank2,consumed_report_json,/home/trinker/Code/github/PPG-Frailty-pipeline/results_frailty3/_overfitting_sweep/20260630_0630_overfitting_sweep_generalization_rank2/reports/gen_102/rank02_r5_inceptiontime_extra-0_seq5_ov50_cv5_static_only_seed40042_report.json,31102,93e23a365fd56e46994e104ef488b0709b61ba0cf67ce12c56e51e1f72c63a31
20260630_0630_overfitting_sweep_generalization_rank2,consumed_report_json,/home/trinker/Code/github/PPG-Frailty-pipeline/results_frailty3/_overfitting_sweep/20260630_0630_overfitting_sweep_generalization_rank2/reports/gen_103/rank02_r1_inceptiontime_extra-0_seq5_ov50_cv5_static_only_seed42_report.json,31112,995e1fe0a8f5d54746cbb0a449d614a5c6267695e4d70f668552b193d8f03479
20260630_0630_overfitting_sweep_generalization_rank2,consumed_report_json,/home/trinker/Code/github/PPG-Frailty-pipeline/results_frailty3/_overfitting_sweep/20260630_0630_overfitting_sweep_generalization_rank2/reports/gen_103/rank02_r2_inceptiontime_extra-0_seq5_ov50_cv5_static_only_seed10042_report.json,31113,f14799ebadfc8f404d36312e6a64b7df0312575f6da054bce752d855be4e84e3
20260630_0630_overfitting_sweep_generalization_rank2,consumed_report_json,/home/trinker/Code/github/PPG-Frailty-pipeline/results_frailty3/_overfitting_sweep/20260630_0630_overfitting_sweep_generalization_rank2/reports/gen_103/rank02_r3_inceptiontime_extra-0_seq5_ov50_cv5_static_only_seed20042_report.json,31147,f87889b159e801b24f53d8d8629e6a05e48c94eb0dbe012f85ef62e0cff38574
20260630_0630_overfitting_sweep_generalization_rank2,consumed_report_json,/home/trinker/Code/github/PPG-Frailty-pipeline/results_frailty3/_overfitting_sweep/20260630_0630_overfitting_sweep_generalization_rank2/reports/gen_103/rank02_r4_inceptiontime_extra-0_seq5_ov50_cv5_static_only_seed30042_report.json,31049,82799a944c617fd09d6b99a6021133c2128e6019da896bcd19c38e63bc0b4608
20260630_0630_overfitting_sweep_generalization_rank2,consumed_report_json,/home/trinker/Code/github/PPG-Frailty-pipeline/results_frailty3/_overfitting_sweep/20260630_0630_overfitting_sweep_generalization_rank2/reports/gen_103/rank02_r5_inceptiontime_extra-0_seq5_ov50_cv5_static_only_seed40042_report.json,31034,230da9ab91bb276f6d4a70b23ff9aed76b5fcf9c27882492ba5e78a7842989e1
20260630_0630_overfitting_sweep_generalization_rank2,consumed_report_json,/home/trinker/Code/github/PPG-Frailty-pipeline/results_frailty3/_overfitting_sweep/20260630_0630_overfitting_sweep_generalization_rank2/reports/gen_104/rank02_r1_inceptiontime_extra-0_seq5_ov50_cv5_static_only_seed42_report.json,30948,75348c42baf6e6425448f5c0f19749fcfd7cce618e38445e93dbe8d391661c5c
20260630_0630_overfitting_sweep_generalization_rank2,consumed_report_json,/home/trinker/Code/github/PPG-Frailty-pipeline/results_frailty3/_overfitting_sweep/20260630_0630_overfitting_sweep_generalization_rank2/reports/gen_104/rank02_r2_inceptiontime_extra-0_seq5_ov50_cv5_static_only_seed10042_report.json,30992,bcda6ca0e8cf0a14105bbcf06e5dada7c285010039a4fb529f6ea96384c3967c
20260630_0630_overfitting_sweep_generalization_rank2,consumed_report_json,/home/trinker/Code/github/PPG-Frailty-pipeline/results_frailty3/_overfitting_sweep/20260630_0630_overfitting_sweep_generalization_rank2/reports/gen_104/rank02_r3_inceptiontime_extra-0_seq5_ov50_cv5_static_only_seed20042_report.json,31125,057dd6605891e2f8b00f892ffdf95bc32a1b3d34fecb593bde0356d597135fbc
20260630_0630_overfitting_sweep_generalization_rank2,consumed_report_json,/home/trinker/Code/github/PPG-Frailty-pipeline/results_frailty3/_overfitting_sweep/20260630_0630_overfitting_sweep_generalization_rank2/reports/gen_104/rank02_r4_inceptiontime_extra-0_seq5_ov50_cv5_static_only_seed30042_report.json,31049,d9752332369fb43becf5a41d79900c9d07c3ed8b37168ddcc70bc8ab3b41f179
20260630_0630_overfitting_sweep_generalization_rank2,consumed_report_json,/home/trinker/Code/github/PPG-Frailty-pipeline/results_frailty3/_overfitting_sweep/20260630_0630_overfitting_sweep_generalization_rank2/reports/gen_104/rank02_r5_inceptiontime_extra-0_seq5_ov50_cv5_static_only_seed40042_report.json,31117,163d23ea0bf7f4f305e952a72de1835ade6071a44521abbdfe26b8e3a8c0a781
20260630_0630_overfitting_sweep_generalization_rank2,consumed_report_json,/home/trinker/Code/github/PPG-Frailty-pipeline/results_frailty3/_overfitting_sweep/20260630_0630_overfitting_sweep_generalization_rank2/reports/gen_105/rank02_r1_inceptiontime_extra-0_seq5_ov50_cv5_static_only_seed42_report.json,30990,5b91a54c57e6afd601e1177bf491557df2ee87b4aedee61c69bd0519bb020757
20260630_0630_overfitting_sweep_generalization_rank2,consumed_report_json,/home/trinker/Code/github/PPG-Frailty-pipeline/results_frailty3/_overfitting_sweep/20260630_0630_overfitting_sweep_generalization_rank2/reports/gen_105/rank02_r2_inceptiontime_extra-0_seq5_ov50_cv5_static_only_seed10042_report.json,31067,0349908a614d0c4e1445acdbe8cb0607d97485d7ddbe283e683475a84c45bb42
20260630_0630_overfitting_sweep_generalization_rank2,consumed_report_json,/home/trinker/Code/github/PPG-Frailty-pipeline/results_frailty3/_overfitting_sweep/20260630_0630_overfitting_sweep_generalization_rank2/reports/gen_105/rank02_r3_inceptiontime_extra-0_seq5_ov50_cv5_static_only_seed20042_report.json,31177,6f593bae04d041a3d5736b9ab9c146400d39f36ce7d2560874e1296300bbff29
20260630_0630_overfitting_sweep_generalization_rank2,consumed_report_json,/home/trinker/Code/github/PPG-Frailty-pipeline/results_frailty3/_overfitting_sweep/20260630_0630_overfitting_sweep_generalization_rank2/reports/gen_105/rank02_r4_inceptiontime_extra-0_seq5_ov50_cv5_static_only_seed30042_report.json,31021,7735f047d3f04a9315d1bb92badd6018ce2fb1124a613f4928c5f7c3a5ef28b0
20260630_0630_overfitting_sweep_generalization_rank2,consumed_report_json,/home/trinker/Code/github/PPG-Frailty-pipeline/results_frailty3/_overfitting_sweep/20260630_0630_overfitting_sweep_generalization_rank2/reports/gen_105/rank02_r5_inceptiontime_extra-0_seq5_ov50_cv5_static_only_seed40042_report.json,31056,dae0b5d7d1506ac5b8de2b8c302260ae0b48abf3e82c52956132f81ff08e7a85
20260630_0630_overfitting_sweep_generalization_rank2,consumed_report_json,/home/trinker/Code/github/PPG-Frailty-pipeline/results_frailty3/_overfitting_sweep/20260630_0630_overfitting_sweep_generalization_rank2/reports/gen_106/rank02_r1_inceptiontime_extra-0_seq5_ov50_cv5_static_only_seed42_report.json,31136,c5e6de9295d95187fb0d401d2a791ef5de9b03cdb78518f65f07b53f593c7e17
20260630_0630_overfitting_sweep_generalization_rank2,consumed_report_json,/home/trinker/Code/github/PPG-Frailty-pipeline/results_frailty3/_overfitting_sweep/20260630_0630_overfitting_sweep_generalization_rank2/reports/gen_106/rank02_r2_inceptiontime_extra-0_seq5_ov50_cv5_static_only_seed10042_report.json,31075,5f7fe796362b993a9b90db0ff54405645ba4834df5d3997cafc5192ab6c476a5
20260630_0630_overfitting_sweep_generalization_rank2,consumed_report_json,/home/trinker/Code/github/PPG-Frailty-pipeline/results_frailty3/_overfitting_sweep/20260630_0630_overfitting_sweep_generalization_rank2/reports/gen_106/rank02_r3_inceptiontime_extra-0_seq5_ov50_cv5_static_only_seed20042_report.json,31178,a69e0f75f8a803e410f0095f2a940ab8ac558ad68b63fa92b195e7e24e2e606f
20260630_0630_overfitting_sweep_generalization_rank2,consumed_report_json,/home/trinker/Code/github/PPG-Frailty-pipeline/results_frailty3/_overfitting_sweep/20260630_0630_overfitting_sweep_generalization_rank2/reports/gen_106/rank02_r4_inceptiontime_extra-0_seq5_ov50_cv5_static_only_seed30042_report.json,30985,3ef94f46aec96bf9760ad6022b037757a1191882708c890c8cb9f81beacba531
20260630_0630_overfitting_sweep_generalization_rank2,consumed_report_json,/home/trinker/Code/github/PPG-Frailty-pipeline/results_frailty3/_overfitting_sweep/20260630_0630_overfitting_sweep_generalization_rank2/reports/gen_106/rank02_r5_inceptiontime_extra-0_seq5_ov50_cv5_static_only_seed40042_report.json,31144,12f66370c3129e8b7f2670ea504c550cf2dff2a04053a4a78b1d988e69d6ff69
20260630_0630_overfitting_sweep_generalization_rank2,consumed_report_json,/home/trinker/Code/github/PPG-Frailty-pipeline/results_frailty3/_overfitting_sweep/20260630_0630_overfitting_sweep_generalization_rank2/reports/gen_107/rank02_r1_inceptiontime_extra-0_seq5_ov50_cv5_static_only_seed42_report.json,30994,57bbc45a2f594060ef3b4776c4e0b311e897eaf75c9a9ce64326c11ff47c801a
20260630_0630_overfitting_sweep_generalization_rank2,consumed_report_json,/home/trinker/Code/github/PPG-Frailty-pipeline/results_frailty3/_overfitting_sweep/20260630_0630_overfitting_sweep_generalization_rank2/reports/gen_107/rank02_r2_inceptiontime_extra-0_seq5_ov50_cv5_static_only_seed10042_report.json,31106,eb59aae4fb75c28996c14c4ce95c0dcc3c7db8a859fc314a0bac851f6937611d
20260630_0630_overfitting_sweep_generalization_rank2,consumed_report_json,/home/trinker/Code/github/PPG-Frailty-pipeline/results_frailty3/_overfitting_sweep/20260630_0630_overfitting_sweep_generalization_rank2/reports/gen_107/rank02_r3_inceptiontime_extra-0_seq5_ov50_cv5_static_only_seed20042_report.json,31134,b6976421125d2a622b99d0dfe6635141c1d3289be1fcc9f089939a6b2fbc25b9
20260630_0630_overfitting_sweep_generalization_rank2,consumed_report_json,/home/trinker/Code/github/PPG-Frailty-pipeline/results_frailty3/_overfitting_sweep/20260630_0630_overfitting_sweep_generalization_rank2/reports/gen_107/rank02_r4_inceptiontime_extra-0_seq5_ov50_cv5_static_only_seed30042_report.json,31118,9021825b5b1209d65bae7fa08456b149ab001d42b795172f2555f44a185d5cbf
20260630_0630_overfitting_sweep_generalization_rank2,consumed_report_json,/home/trinker/Code/github/PPG-Frailty-pipeline/results_frailty3/_overfitting_sweep/20260630_0630_overfitting_sweep_generalization_rank2/reports/gen_107/rank02_r5_inceptiontime_extra-0_seq5_ov50_cv5_static_only_seed40042_report.json,31079,1bb1977398f3caa3ab9ceb6edbbae91c771dc14b4635d378e82ea9316cab7718
20260630_0630_overfitting_sweep_generalization_rank2,consumed_report_json,/home/trinker/Code/github/PPG-Frailty-pipeline/results_frailty3/_overfitting_sweep/20260630_0630_overfitting_sweep_generalization_rank2/reports/gen_108/rank02_r1_inceptiontime_extra-0_seq5_ov50_cv5_static_only_seed42_report.json,31166,fcac68e877d826b2e96d153fd011aefd35d79b915fb411fd88fac56ea421f4c1
20260630_0630_overfitting_sweep_generalization_rank2,consumed_report_json,/home/trinker/Code/github/PPG-Frailty-pipeline/results_frailty3/_overfitting_sweep/20260630_0630_overfitting_sweep_generalization_rank2/reports/gen_108/rank02_r2_inceptiontime_extra-0_seq5_ov50_cv5_static_only_seed10042_report.json,31024,6b67743cc70e2cdbdefeae5abcbe60d234e75d39b30c7fbe647431c593dcb9bc
20260630_0630_overfitting_sweep_generalization_rank2,consumed_report_json,/home/trinker/Code/github/PPG-Frailty-pipeline/results_frailty3/_overfitting_sweep/20260630_0630_overfitting_sweep_generalization_rank2/reports/gen_108/rank02_r3_inceptiontime_extra-0_seq5_ov50_cv5_static_only_seed20042_report.json,31036,f049578485a48ce22590e675237de2c73277705b561d911e2c5d58c202d8bbf7
20260630_0630_overfitting_sweep_generalization_rank2,consumed_report_json,/home/trinker/Code/github/PPG-Frailty-pipeline/results_frailty3/_overfitting_sweep/20260630_0630_overfitting_sweep_generalization_rank2/reports/gen_108/rank02_r4_inceptiontime_extra-0_seq5_ov50_cv5_static_only_seed30042_report.json,31012,96897c0656d7c998581dadfb083fa216a6783d8c9062b21a3832318e0caa416d
20260630_0630_overfitting_sweep_generalization_rank2,consumed_report_json,/home/trinker/Code/github/PPG-Frailty-pipeline/results_frailty3/_overfitting_sweep/20260630_0630_overfitting_sweep_generalization_rank2/reports/gen_108/rank02_r5_inceptiontime_extra-0_seq5_ov50_cv5_static_only_seed40042_report.json,31123,0b70aa41e9f1a92e5d6aca04414433ebd8b6611007e4ddd335a45ef7a64ce209
20260630_0630_overfitting_sweep_generalization_rank2,consumed_report_json,/home/trinker/Code/github/PPG-Frailty-pipeline/results_frailty3/_overfitting_sweep/20260630_0630_overfitting_sweep_generalization_rank2/reports/gen_109/rank02_r1_inceptiontime_extra-0_seq5_ov50_cv5_static_only_seed42_report.json,30917,fc02e2c29e8a7b5297022e0e87128a8057f3a37ec46ee124dc2964febefab23f
20260630_0630_overfitting_sweep_generalization_rank2,consumed_report_json,/home/trinker/Code/github/PPG-Frailty-pipeline/results_frailty3/_overfitting_sweep/20260630_0630_overfitting_sweep_generalization_rank2/reports/gen_109/rank02_r2_inceptiontime_extra-0_seq5_ov50_cv5_static_only_seed10042_report.json,31098,b4164e7ff527a4034c374c294f334fe876fee985c6c85fa052fe81ace0982c07
20260630_0630_overfitting_sweep_generalization_rank2,consumed_report_json,/home/trinker/Code/github/PPG-Frailty-pipeline/results_frailty3/_overfitting_sweep/20260630_0630_overfitting_sweep_generalization_rank2/reports/gen_109/rank02_r3_inceptiontime_extra-0_seq5_ov50_cv5_static_only_seed20042_report.json,31004,753f23dc685a15937d9a07203f8adcb77c41fa0942c4a0595358afecc5bf1027
20260630_0630_overfitting_sweep_generalization_rank2,consumed_report_json,/home/trinker/Code/github/PPG-Frailty-pipeline/results_frailty3/_overfitting_sweep/20260630_0630_overfitting_sweep_generalization_rank2/reports/gen_109/rank02_r4_inceptiontime_extra-0_seq5_ov50_cv5_static_only_seed30042_report.json,31120,9c9929a12c91cf77ad4623f9bdb40780319e4842e0f7f1ae136bc8a6a9c2c161
20260630_0630_overfitting_sweep_generalization_rank2,consumed_report_json,/home/trinker/Code/github/PPG-Frailty-pipeline/results_frailty3/_overfitting_sweep/20260630_0630_overfitting_sweep_generalization_rank2/reports/gen_109/rank02_r5_inceptiontime_extra-0_seq5_ov50_cv5_static_only_seed40042_report.json,31040,a7318bbd16abefb833209be80b2676897bd947248242d24cec42246098cafcd7
20260630_0630_overfitting_sweep_generalization_rank2,consumed_report_json,/home/trinker/Code/github/PPG-Frailty-pipeline/results_frailty3/_overfitting_sweep/20260630_0630_overfitting_sweep_generalization_rank2/reports/gen_110/rank02_r1_inceptiontime_extra-0_seq5_ov50_cv5_static_only_seed42_report.json,30848,d0bfc7a96f830fa7ce977a74dca9b0efc11f73783f787cfa8258082a3c77b79a
20260630_0630_overfitting_sweep_generalization_rank2,consumed_report_json,/home/trinker/Code/github/PPG-Frailty-pipeline/results_frailty3/_overfitting_sweep/20260630_0630_overfitting_sweep_generalization_rank2/reports/gen_110/rank02_r2_inceptiontime_extra-0_seq5_ov50_cv5_static_only_seed10042_report.json,31056,6fa462e3a5ad51c7a0b354741a8cffa106081f6f5356b30c733d483bd607d524
20260630_0630_overfitting_sweep_generalization_rank2,consumed_report_json,/home/trinker/Code/github/PPG-Frailty-pipeline/results_frailty3/_overfitting_sweep/20260630_0630_overfitting_sweep_generalization_rank2/reports/gen_110/rank02_r3_inceptiontime_extra-0_seq5_ov50_cv5_static_only_seed20042_report.json,30938,cfd1bd4a4a212fad2f0f61fb21bc39660766cb7960f74307971d415027899ab3
20260630_0630_overfitting_sweep_generalization_rank2,consumed_report_json,/home/trinker/Code/github/PPG-Frailty-pipeline/results_frailty3/_overfitting_sweep/20260630_0630_overfitting_sweep_generalization_rank2/reports/gen_110/rank02_r4_inceptiontime_extra-0_seq5_ov50_cv5_static_only_seed30042_report.json,31004,41fc72a6be8891387597491c44b9c2a09e8ccdfe10ef5f0a3ed04b222936ff31
20260630_0630_overfitting_sweep_generalization_rank2,consumed_report_json,/home/trinker/Code/github/PPG-Frailty-pipeline/results_frailty3/_overfitting_sweep/20260630_0630_overfitting_sweep_generalization_rank2/reports/gen_110/rank02_r5_inceptiontime_extra-0_seq5_ov50_cv5_static_only_seed40042_report.json,30871,4bfbda5e6932da1f43216fc09449681353aa343da5f1157fd89ded5d0ffaebe0
20260630_0630_overfitting_sweep_generalization_rank2,consumed_report_json,/home/trinker/Code/github/PPG-Frailty-pipeline/results_frailty3/_overfitting_sweep/20260630_0630_overfitting_sweep_generalization_rank2/reports/gen_111/rank02_r1_inceptiontime_extra-0_seq5_ov50_cv5_static_only_seed42_report.json,31007,20d3015691bdf5dba811339a72f280210c053010a4e1265a5353682a956b21f6
20260630_0630_overfitting_sweep_generalization_rank2,consumed_report_json,/home/trinker/Code/github/PPG-Frailty-pipeline/results_frailty3/_overfitting_sweep/20260630_0630_overfitting_sweep_generalization_rank2/reports/gen_111/rank02_r2_inceptiontime_extra-0_seq5_ov50_cv5_static_only_seed10042_report.json,31036,15459f01f176d09951c301a349e6315844c3016208ddc12864f3a88db869de77
20260630_0630_overfitting_sweep_generalization_rank2,consumed_report_json,/home/trinker/Code/github/PPG-Frailty-pipeline/results_frailty3/_overfitting_sweep/20260630_0630_overfitting_sweep_generalization_rank2/reports/gen_111/rank02_r3_inceptiontime_extra-0_seq5_ov50_cv5_static_only_seed20042_report.json,30896,ab37ce8d6109ffbca171d5289d6d1907c3d1cf0618f68811985cc02d06063777
20260630_0630_overfitting_sweep_generalization_rank2,consumed_report_json,/home/trinker/Code/github/PPG-Frailty-pipeline/results_frailty3/_overfitting_sweep/20260630_0630_overfitting_sweep_generalization_rank2/reports/gen_111/rank02_r4_inceptiontime_extra-0_seq5_ov50_cv5_static_only_seed30042_report.json,30841,5bb5cb2a7c89b7e4b0cbc7f29030cb9d6bc7d553823c9fe869ec0fc697cababa
20260630_0630_overfitting_sweep_generalization_rank2,consumed_report_json,/home/trinker/Code/github/PPG-Frailty-pipeline/results_frailty3/_overfitting_sweep/20260630_0630_overfitting_sweep_generalization_rank2/reports/gen_111/rank02_r5_inceptiontime_extra-0_seq5_ov50_cv5_static_only_seed40042_report.json,30987,a13f1d50a6b15887ce45b3672905e0e0fc7858e05ad3dd4e491f7c4f1d0d0728
20260630_0630_overfitting_sweep_generalization_rank2,consumed_report_json,/home/trinker/Code/github/PPG-Frailty-pipeline/results_frailty3/_overfitting_sweep/20260630_0630_overfitting_sweep_generalization_rank2/reports/gen_112/rank02_r1_inceptiontime_extra-0_seq5_ov50_cv5_static_only_seed42_report.json,31068,bc427499ee2ad0e3c9a0825f9ed8491da91065804e46d027c09a531d21e718e0
20260630_0630_overfitting_sweep_generalization_rank2,consumed_report_json,/home/trinker/Code/github/PPG-Frailty-pipeline/results_frailty3/_overfitting_sweep/20260630_0630_overfitting_sweep_generalization_rank2/reports/gen_112/rank02_r2_inceptiontime_extra-0_seq5_ov50_cv5_static_only_seed10042_report.json,30991,29014bff3863456c5e493d11c54caab522c7be2e14309047e5c16c61e0d45047
20260630_0630_overfitting_sweep_generalization_rank2,consumed_report_json,/home/trinker/Code/github/PPG-Frailty-pipeline/results_frailty3/_overfitting_sweep/20260630_0630_overfitting_sweep_generalization_rank2/reports/gen_112/rank02_r3_inceptiontime_extra-0_seq5_ov50_cv5_static_only_seed20042_report.json,30923,ac43b9562e7232a6ffb92c854f8856bd84deb7085e0aea54be5673928243e01d
20260630_0630_overfitting_sweep_generalization_rank2,consumed_report_json,/home/trinker/Code/github/PPG-Frailty-pipeline/results_frailty3/_overfitting_sweep/20260630_0630_overfitting_sweep_generalization_rank2/reports/gen_112/rank02_r4_inceptiontime_extra-0_seq5_ov50_cv5_static_only_seed30042_report.json,30934,d64d72d5630824d3ee40814f5746bf3d6695d14e32f74594a7bc1e93a174f526
20260630_0630_overfitting_sweep_generalization_rank2,consumed_report_json,/home/trinker/Code/github/PPG-Frailty-pipeline/results_frailty3/_overfitting_sweep/20260630_0630_overfitting_sweep_generalization_rank2/reports/gen_112/rank02_r5_inceptiontime_extra-0_seq5_ov50_cv5_static_only_seed40042_report.json,31011,0173cf8876bc7d55ce5628f42e6d57efec8ec646ac11d7f75b1f34a71e7eea88
20260630_0630_overfitting_sweep_generalization_rank2,consumed_report_json,/home/trinker/Code/github/PPG-Frailty-pipeline/results_frailty3/_overfitting_sweep/20260630_0630_overfitting_sweep_generalization_rank2/reports/gen_113/rank02_r1_small_inceptiontime_extra-0_seq5_ov50_cv5_static_only_seed42_report.json,25033,95ae4b76f9dfc856c5a8e5dfec033264ea727f732ecd6d3855fe7eca27e58018
20260630_0630_overfitting_sweep_generalization_rank2,consumed_report_json,/home/trinker/Code/github/PPG-Frailty-pipeline/results_frailty3/_overfitting_sweep/20260630_0630_overfitting_sweep_generalization_rank2/reports/gen_113/rank02_r2_small_inceptiontime_extra-0_seq5_ov50_cv5_static_only_seed10042_report.json,24992,6548f369520386b4eaed38298cd61f373908c86f10c95670bdbba8ac18ce0091
20260630_0630_overfitting_sweep_generalization_rank2,consumed_report_json,/home/trinker/Code/github/PPG-Frailty-pipeline/results_frailty3/_overfitting_sweep/20260630_0630_overfitting_sweep_generalization_rank2/reports/gen_113/rank02_r3_small_inceptiontime_extra-0_seq5_ov50_cv5_static_only_seed20042_report.json,24970,5b886d2c1eff5c33a100ed9aa2eb2274f878cdc7933c45f1aa06ba75931799f2
20260630_0630_overfitting_sweep_generalization_rank2,consumed_report_json,/home/trinker/Code/github/PPG-Frailty-pipeline/results_frailty3/_overfitting_sweep/20260630_0630_overfitting_sweep_generalization_rank2/reports/gen_113/rank02_r4_small_inceptiontime_extra-0_seq5_ov50_cv5_static_only_seed30042_report.json,24987,7bfcfdfc523671de23a2784f562c3ef194b517626a5255933a4ab8925cb3d8a8
20260630_0630_overfitting_sweep_generalization_rank2,consumed_report_json,/home/trinker/Code/github/PPG-Frailty-pipeline/results_frailty3/_overfitting_sweep/20260630_0630_overfitting_sweep_generalization_rank2/reports/gen_113/rank02_r5_small_inceptiontime_extra-0_seq5_ov50_cv5_static_only_seed40042_report.json,24970,ad2d4030462237d9a8af8443c0cbc64a1c016c49cd5568880c6a8617f45198a2
20260630_0630_overfitting_sweep_generalization_rank2,consumed_report_json,/home/trinker/Code/github/PPG-Frailty-pipeline/results_frailty3/_overfitting_sweep/20260630_0630_overfitting_sweep_generalization_rank2/reports/gen_114/rank02_r1_small_inceptiontime_extra-0_seq5_ov50_cv5_static_only_seed42_report.json,25085,3648551e9a473734040c72026238eb77c60c16c71660f38d84f836386bb4eea2
20260630_0630_overfitting_sweep_generalization_rank2,consumed_report_json,/home/trinker/Code/github/PPG-Frailty-pipeline/results_frailty3/_overfitting_sweep/20260630_0630_overfitting_sweep_generalization_rank2/reports/gen_114/rank02_r2_small_inceptiontime_extra-0_seq5_ov50_cv5_static_only_seed10042_report.json,25059,5a5a4168786bc22d641298b3f28c0043dfabd8c6c036d5f3fa5a30d35bfee5f8
20260630_0630_overfitting_sweep_generalization_rank2,consumed_report_json,/home/trinker/Code/github/PPG-Frailty-pipeline/results_frailty3/_overfitting_sweep/20260630_0630_overfitting_sweep_generalization_rank2/reports/gen_114/rank02_r3_small_inceptiontime_extra-0_seq5_ov50_cv5_static_only_seed20042_report.json,24919,e48e1750ac2a14a8f75f151b4afe326d469d583a52cf2a9f9a36b4502111f478
20260630_0630_overfitting_sweep_generalization_rank2,consumed_report_json,/home/trinker/Code/github/PPG-Frailty-pipeline/results_frailty3/_overfitting_sweep/20260630_0630_overfitting_sweep_generalization_rank2/reports/gen_114/rank02_r4_small_inceptiontime_extra-0_seq5_ov50_cv5_static_only_seed30042_report.json,24963,6afde2a5a7191be5e4f864b4da5066837178ffc90aa20c84ba1105556348b098
20260630_0630_overfitting_sweep_generalization_rank2,consumed_report_json,/home/trinker/Code/github/PPG-Frailty-pipeline/results_frailty3/_overfitting_sweep/20260630_0630_overfitting_sweep_generalization_rank2/reports/gen_114/rank02_r5_small_inceptiontime_extra-0_seq5_ov50_cv5_static_only_seed40042_report.json,25030,79a7271404b31e9cc3cf91d0eb63c0c5b111fa81aba261e42e2d1ad007d535e5
20260630_0630_overfitting_sweep_generalization_rank2,consumed_report_json,/home/trinker/Code/github/PPG-Frailty-pipeline/results_frailty3/_overfitting_sweep/20260630_0630_overfitting_sweep_generalization_rank2/reports/gen_115/rank02_r1_small_inceptiontime_extra-0_seq5_ov50_cv5_static_only_seed42_report.json,25120,e49205d80bf2ac0f229f0d436d9a157e1913205af7a98905d551202fba5b890f
20260630_0630_overfitting_sweep_generalization_rank2,consumed_report_json,/home/trinker/Code/github/PPG-Frailty-pipeline/results_frailty3/_overfitting_sweep/20260630_0630_overfitting_sweep_generalization_rank2/reports/gen_115/rank02_r2_small_inceptiontime_extra-0_seq5_ov50_cv5_static_only_seed10042_report.json,25036,2c4f186768a024f7736f919bdddeff088eb8eb836fe0a59ea6a7961ec570b303
20260630_0630_overfitting_sweep_generalization_rank2,consumed_report_json,/home/trinker/Code/github/PPG-Frailty-pipeline/results_frailty3/_overfitting_sweep/20260630_0630_overfitting_sweep_generalization_rank2/reports/gen_115/rank02_r3_small_inceptiontime_extra-0_seq5_ov50_cv5_static_only_seed20042_report.json,24973,673f29fa62ab89976791432667896f2ec744ca080c0e80d983189466cd07b210
20260630_0630_overfitting_sweep_generalization_rank2,consumed_report_json,/home/trinker/Code/github/PPG-Frailty-pipeline/results_frailty3/_overfitting_sweep/20260630_0630_overfitting_sweep_generalization_rank2/reports/gen_115/rank02_r4_small_inceptiontime_extra-0_seq5_ov50_cv5_static_only_seed30042_report.json,25032,8bc75222896b07be968f9559c6ce5ea7831206ba731ab6053b10a7d168acff4a
20260630_0630_overfitting_sweep_generalization_rank2,consumed_report_json,/home/trinker/Code/github/PPG-Frailty-pipeline/results_frailty3/_overfitting_sweep/20260630_0630_overfitting_sweep_generalization_rank2/reports/gen_115/rank02_r5_small_inceptiontime_extra-0_seq5_ov50_cv5_static_only_seed40042_report.json,24995,f12409be72b8af0821f24476c71fd0705baa0affad04586caab53e7d6d2eb1a5
20260630_0630_overfitting_sweep_generalization_rank2,consumed_report_json,/home/trinker/Code/github/PPG-Frailty-pipeline/results_frailty3/_overfitting_sweep/20260630_0630_overfitting_sweep_generalization_rank2/reports/gen_116/rank02_r1_small_inceptiontime_extra-0_seq5_ov50_cv5_static_only_seed42_report.json,25034,faa69faf0141d399befb73d5718fd45031b9d087065e34e96ee0cc2e580d49f5
20260630_0630_overfitting_sweep_generalization_rank2,consumed_report_json,/home/trinker/Code/github/PPG-Frailty-pipeline/results_frailty3/_overfitting_sweep/20260630_0630_overfitting_sweep_generalization_rank2/reports/gen_116/rank02_r2_small_inceptiontime_extra-0_seq5_ov50_cv5_static_only_seed10042_report.json,25069,dc39d68e9ece1c2b37f013cf468b4e12993b3dbae756db668a3a5f296e2a2197
20260630_0630_overfitting_sweep_generalization_rank2,consumed_report_json,/home/trinker/Code/github/PPG-Frailty-pipeline/results_frailty3/_overfitting_sweep/20260630_0630_overfitting_sweep_generalization_rank2/reports/gen_116/rank02_r3_small_inceptiontime_extra-0_seq5_ov50_cv5_static_only_seed20042_report.json,25117,2dbbcfd737e25b9f56cb61a58a16241e9e86680416bd6683280c79640f2a36fe
20260630_0630_overfitting_sweep_generalization_rank2,consumed_report_json,/home/trinker/Code/github/PPG-Frailty-pipeline/results_frailty3/_overfitting_sweep/20260630_0630_overfitting_sweep_generalization_rank2/reports/gen_116/rank02_r4_small_inceptiontime_extra-0_seq5_ov50_cv5_static_only_seed30042_report.json,25080,09b72a7be23d1ac9c8af052cba2721f6cbc92c9eb3063b0a1ae84bb5d9f3cad3
20260630_0630_overfitting_sweep_generalization_rank2,consumed_report_json,/home/trinker/Code/github/PPG-Frailty-pipeline/results_frailty3/_overfitting_sweep/20260630_0630_overfitting_sweep_generalization_rank2/reports/gen_116/rank02_r5_small_inceptiontime_extra-0_seq5_ov50_cv5_static_only_seed40042_report.json,25085,fac7a308a347e97261653c79c0e9899290c10d3bf029bb250ec48765bc7a3eee
20260630_0630_overfitting_sweep_generalization_rank2,consumed_report_json,/home/trinker/Code/github/PPG-Frailty-pipeline/results_frailty3/_overfitting_sweep/20260630_0630_overfitting_sweep_generalization_rank2/reports/gen_117/rank02_r1_small_inceptiontime_extra-0_seq5_ov50_cv5_static_only_seed42_report.json,25078,83750a8184f380aaa3612bddb3c9dfa2bc445c697242dcc1a6cab966e87d6fa7
20260630_0630_overfitting_sweep_generalization_rank2,consumed_report_json,/home/trinker/Code/github/PPG-Frailty-pipeline/results_frailty3/_overfitting_sweep/20260630_0630_overfitting_sweep_generalization_rank2/reports/gen_117/rank02_r2_small_inceptiontime_extra-0_seq5_ov50_cv5_static_only_seed10042_report.json,25087,9ea0dab8e3c9ef2fb75a1d67a6b791c0df197208fb60f1468be559e1ee34ad1f
20260630_0630_overfitting_sweep_generalization_rank2,consumed_report_json,/home/trinker/Code/github/PPG-Frailty-pipeline/results_frailty3/_overfitting_sweep/20260630_0630_overfitting_sweep_generalization_rank2/reports/gen_117/rank02_r3_small_inceptiontime_extra-0_seq5_ov50_cv5_static_only_seed20042_report.json,25049,aa22f4d59ab63ef5af093160642c0262e4c4ffbbe8b8de86014c0ca70f48a20c
20260630_0630_overfitting_sweep_generalization_rank2,consumed_report_json,/home/trinker/Code/github/PPG-Frailty-pipeline/results_frailty3/_overfitting_sweep/20260630_0630_overfitting_sweep_generalization_rank2/reports/gen_117/rank02_r4_small_inceptiontime_extra-0_seq5_ov50_cv5_static_only_seed30042_report.json,24977,c6ef58018d98e80daf33b0b5fa17168e4f8110541d88643762989c9a2276cc93
20260630_0630_overfitting_sweep_generalization_rank2,consumed_report_json,/home/trinker/Code/github/PPG-Frailty-pipeline/results_frailty3/_overfitting_sweep/20260630_0630_overfitting_sweep_generalization_rank2/reports/gen_117/rank02_r5_small_inceptiontime_extra-0_seq5_ov50_cv5_static_only_seed40042_report.json,25089,d020597a20f626402e8a2e4e8aa0afda4d9f7211fe0954ee14f501cb4b47ac8f
20260630_0630_overfitting_sweep_generalization_rank2,consumed_report_json,/home/trinker/Code/github/PPG-Frailty-pipeline/results_frailty3/_overfitting_sweep/20260630_0630_overfitting_sweep_generalization_rank2/reports/gen_118/rank02_r1_small_inceptiontime_extra-0_seq5_ov50_cv5_static_only_seed42_report.json,25046,bd6e169cd136932977245613a154d2e8e29b2f6f649560fd41f73935dc9b2d0b
20260630_0630_overfitting_sweep_generalization_rank2,consumed_report_json,/home/trinker/Code/github/PPG-Frailty-pipeline/results_frailty3/_overfitting_sweep/20260630_0630_overfitting_sweep_generalization_rank2/reports/gen_118/rank02_r2_small_inceptiontime_extra-0_seq5_ov50_cv5_static_only_seed10042_report.json,25038,48180193aa299bd3803e9d1cdae45d8ee6ddad5119c05d895d90a0f4cba9a2c3
20260630_0630_overfitting_sweep_generalization_rank2,consumed_report_json,/home/trinker/Code/github/PPG-Frailty-pipeline/results_frailty3/_overfitting_sweep/20260630_0630_overfitting_sweep_generalization_rank2/reports/gen_118/rank02_r3_small_inceptiontime_extra-0_seq5_ov50_cv5_static_only_seed20042_report.json,24987,2223c83c4ff2330899b1883a7beb86f477f39eff92f5859760ab7fb5a674c032
20260630_0630_overfitting_sweep_generalization_rank2,consumed_report_json,/home/trinker/Code/github/PPG-Frailty-pipeline/results_frailty3/_overfitting_sweep/20260630_0630_overfitting_sweep_generalization_rank2/reports/gen_118/rank02_r4_small_inceptiontime_extra-0_seq5_ov50_cv5_static_only_seed30042_report.json,25132,c35c1f059b020933bdbb9434e8a75bb4961974edeb33de52d6dc935420692044
20260630_0630_overfitting_sweep_generalization_rank2,consumed_report_json,/home/trinker/Code/github/PPG-Frailty-pipeline/results_frailty3/_overfitting_sweep/20260630_0630_overfitting_sweep_generalization_rank2/reports/gen_118/rank02_r5_small_inceptiontime_extra-0_seq5_ov50_cv5_static_only_seed40042_report.json,25069,826fbfb358124bbf7e9d1cc15bcfbe37d7161ed731bf9d2b76600fe454b1e52f
20260630_0630_overfitting_sweep_generalization_rank2,consumed_report_json,/home/trinker/Code/github/PPG-Frailty-pipeline/results_frailty3/_overfitting_sweep/20260630_0630_overfitting_sweep_generalization_rank2/reports/gen_119/rank02_r1_small_inceptiontime_extra-0_seq5_ov50_cv5_static_only_seed42_report.json,25017,2f0235330716515ea9cd028f90fe369dab0854ba2f303a5183a7d1f6ce362506
20260630_0630_overfitting_sweep_generalization_rank2,consumed_report_json,/home/trinker/Code/github/PPG-Frailty-pipeline/results_frailty3/_overfitting_sweep/20260630_0630_overfitting_sweep_generalization_rank2/reports/gen_119/rank02_r2_small_inceptiontime_extra-0_seq5_ov50_cv5_static_only_seed10042_report.json,24994,b9587a921557246b1def1e40cec3da6c8509ca3accf0772a21666fc8a2d66a8c
20260630_0630_overfitting_sweep_generalization_rank2,consumed_report_json,/home/trinker/Code/github/PPG-Frailty-pipeline/results_frailty3/_overfitting_sweep/20260630_0630_overfitting_sweep_generalization_rank2/reports/gen_119/rank02_r3_small_inceptiontime_extra-0_seq5_ov50_cv5_static_only_seed20042_report.json,24984,dbd3c98f934c80e038cbf9001e63604c9553415c5c20d8443e23b349f6ea9fb6
20260630_0630_overfitting_sweep_generalization_rank2,consumed_report_json,/home/trinker/Code/github/PPG-Frailty-pipeline/results_frailty3/_overfitting_sweep/20260630_0630_overfitting_sweep_generalization_rank2/reports/gen_119/rank02_r4_small_inceptiontime_extra-0_seq5_ov50_cv5_static_only_seed30042_report.json,25030,c4ad45e6fca63a0fdb4328807863f1dbdc23b6bc79797e16d6644278f926adf1
20260630_0630_overfitting_sweep_generalization_rank2,consumed_report_json,/home/trinker/Code/github/PPG-Frailty-pipeline/results_frailty3/_overfitting_sweep/20260630_0630_overfitting_sweep_generalization_rank2/reports/gen_119/rank02_r5_small_inceptiontime_extra-0_seq5_ov50_cv5_static_only_seed40042_report.json,24941,144ffeae93258a81213e0b6ab4877c8d2cd974b9d4f2c4aa46d0ff992e45e638
20260630_0630_overfitting_sweep_generalization_rank2,consumed_report_json,/home/trinker/Code/github/PPG-Frailty-pipeline/results_frailty3/_overfitting_sweep/20260630_0630_overfitting_sweep_generalization_rank2/reports/gen_120/rank02_r1_small_inceptiontime_extra-0_seq5_ov50_cv5_static_only_seed42_report.json,24952,b4f1a540428c5915605e3f97913dd4c9d55a4c20ef78b8c52d89b9ace4ba5404
20260630_0630_overfitting_sweep_generalization_rank2,consumed_report_json,/home/trinker/Code/github/PPG-Frailty-pipeline/results_frailty3/_overfitting_sweep/20260630_0630_overfitting_sweep_generalization_rank2/reports/gen_120/rank02_r2_small_inceptiontime_extra-0_seq5_ov50_cv5_static_only_seed10042_report.json,25118,0d4201faed615b04b9a547d4dd1f3d2df6cdc9cdc4105e4f21f707436d63d93e
20260630_0630_overfitting_sweep_generalization_rank2,consumed_report_json,/home/trinker/Code/github/PPG-Frailty-pipeline/results_frailty3/_overfitting_sweep/20260630_0630_overfitting_sweep_generalization_rank2/reports/gen_120/rank02_r3_small_inceptiontime_extra-0_seq5_ov50_cv5_static_only_seed20042_report.json,24982,7309e305127ea6f6c17836fecfe4abf5eb6267ce4b6bd7ba3374242921995c56
20260630_0630_overfitting_sweep_generalization_rank2,consumed_report_json,/home/trinker/Code/github/PPG-Frailty-pipeline/results_frailty3/_overfitting_sweep/20260630_0630_overfitting_sweep_generalization_rank2/reports/gen_120/rank02_r4_small_inceptiontime_extra-0_seq5_ov50_cv5_static_only_seed30042_report.json,25042,2d6fd4dd67e1b4b3fd675044928a952e6496ba85199eda4e0003a4fdbfdcdc03
20260630_0630_overfitting_sweep_generalization_rank2,consumed_report_json,/home/trinker/Code/github/PPG-Frailty-pipeline/results_frailty3/_overfitting_sweep/20260630_0630_overfitting_sweep_generalization_rank2/reports/gen_120/rank02_r5_small_inceptiontime_extra-0_seq5_ov50_cv5_static_only_seed40042_report.json,25049,6c88515e7ccb66b489aabe7321af65c7bf1ef690fd15409089b516d8786d55c4
20260630_0630_overfitting_sweep_generalization_rank2,consumed_report_json,/home/trinker/Code/github/PPG-Frailty-pipeline/results_frailty3/_overfitting_sweep/20260630_0630_overfitting_sweep_generalization_rank2/reports/gen_121/rank02_r1_small_inceptiontime_extra-0_seq5_ov50_cv5_static_only_seed42_report.json,24971,c743b0ca4a75e02e503bf2040612ace6f67a81c4e439b85aceecf3f701042af5
20260630_0630_overfitting_sweep_generalization_rank2,consumed_report_json,/home/trinker/Code/github/PPG-Frailty-pipeline/results_frailty3/_overfitting_sweep/20260630_0630_overfitting_sweep_generalization_rank2/reports/gen_121/rank02_r2_small_inceptiontime_extra-0_seq5_ov50_cv5_static_only_seed10042_report.json,25031,53aab677ae7b2b4f2edecfb82d2b1fe0fb0fc10fcb2ac87f87b48da1f5e13033
20260630_0630_overfitting_sweep_generalization_rank2,consumed_report_json,/home/trinker/Code/github/PPG-Frailty-pipeline/results_frailty3/_overfitting_sweep/20260630_0630_overfitting_sweep_generalization_rank2/reports/gen_121/rank02_r3_small_inceptiontime_extra-0_seq5_ov50_cv5_static_only_seed20042_report.json,25069,286485d047519a484330986820ecb3fef946cfbb5f1f85e254be898cb4adf5e6
20260630_0630_overfitting_sweep_generalization_rank2,consumed_report_json,/home/trinker/Code/github/PPG-Frailty-pipeline/results_frailty3/_overfitting_sweep/20260630_0630_overfitting_sweep_generalization_rank2/reports/gen_121/rank02_r4_small_inceptiontime_extra-0_seq5_ov50_cv5_static_only_seed30042_report.json,25097,06cc7e8db4df35a75111a63ad5e735aab85ca1ebfd0c20bd584b3557600f3e11
20260630_0630_overfitting_sweep_generalization_rank2,consumed_report_json,/home/trinker/Code/github/PPG-Frailty-pipeline/results_frailty3/_overfitting_sweep/20260630_0630_overfitting_sweep_generalization_rank2/reports/gen_121/rank02_r5_small_inceptiontime_extra-0_seq5_ov50_cv5_static_only_seed40042_report.json,25101,c317ee0884ae14c47d2319f110b14913dfaa7e68eea5759b31802cb6e530574a
20260630_0630_overfitting_sweep_generalization_rank2,consumed_report_json,/home/trinker/Code/github/PPG-Frailty-pipeline/results_frailty3/_overfitting_sweep/20260630_0630_overfitting_sweep_generalization_rank2/reports/gen_122/rank02_r1_small_inceptiontime_extra-0_seq5_ov50_cv5_static_only_seed42_report.json,25016,d798b86c3a271ae42824701c9ab5771d8f1442c906252d352610281dfef736b4
20260630_0630_overfitting_sweep_generalization_rank2,consumed_report_json,/home/trinker/Code/github/PPG-Frailty-pipeline/results_frailty3/_overfitting_sweep/20260630_0630_overfitting_sweep_generalization_rank2/reports/gen_122/rank02_r2_small_inceptiontime_extra-0_seq5_ov50_cv5_static_only_seed10042_report.json,25024,63cb906f98dd20e79c6d2e4a544cc8c73cf2ae616426f2af2c93d360e391c93a
20260630_0630_overfitting_sweep_generalization_rank2,consumed_report_json,/home/trinker/Code/github/PPG-Frailty-pipeline/results_frailty3/_overfitting_sweep/20260630_0630_overfitting_sweep_generalization_rank2/reports/gen_122/rank02_r3_small_inceptiontime_extra-0_seq5_ov50_cv5_static_only_seed20042_report.json,25075,96262297a9a5e9f72b32b0bedb3d3b63de3c4a4b398ff2f24d56f55f9ec5137d
20260630_0630_overfitting_sweep_generalization_rank2,consumed_report_json,/home/trinker/Code/github/PPG-Frailty-pipeline/results_frailty3/_overfitting_sweep/20260630_0630_overfitting_sweep_generalization_rank2/reports/gen_122/rank02_r4_small_inceptiontime_extra-0_seq5_ov50_cv5_static_only_seed30042_report.json,25047,69f3f1894221761ecf687a2d5c2b6f39535cd29401a805d97b497a576d825ada
20260630_0630_overfitting_sweep_generalization_rank2,consumed_report_json,/home/trinker/Code/github/PPG-Frailty-pipeline/results_frailty3/_overfitting_sweep/20260630_0630_overfitting_sweep_generalization_rank2/reports/gen_122/rank02_r5_small_inceptiontime_extra-0_seq5_ov50_cv5_static_only_seed40042_report.json,25025,68f0e01a56cc13baa77eb8a8d2af26b5cde01bab3867d65bb662d46cb1fd3e95
20260630_0630_overfitting_sweep_generalization_rank2,consumed_report_json,/home/trinker/Code/github/PPG-Frailty-pipeline/results_frailty3/_overfitting_sweep/20260630_0630_overfitting_sweep_generalization_rank2/reports/gen_123/rank02_r1_small_inceptiontime_extra-0_seq5_ov50_cv5_static_only_seed42_report.json,24978,61eecff2e76796c8e6829a64aad4c1436e2c2728e6977fa3da1fb0533eca60bc
20260630_0630_overfitting_sweep_generalization_rank2,consumed_report_json,/home/trinker/Code/github/PPG-Frailty-pipeline/results_frailty3/_overfitting_sweep/20260630_0630_overfitting_sweep_generalization_rank2/reports/gen_123/rank02_r2_small_inceptiontime_extra-0_seq5_ov50_cv5_static_only_seed10042_report.json,24898,1671d338cdfa3282b74f1afdae63076deb08809c0341fc6f3e7afb22229e7bb6
20260630_0630_overfitting_sweep_generalization_rank2,consumed_report_json,/home/trinker/Code/github/PPG-Frailty-pipeline/results_frailty3/_overfitting_sweep/20260630_0630_overfitting_sweep_generalization_rank2/reports/gen_123/rank02_r3_small_inceptiontime_extra-0_seq5_ov50_cv5_static_only_seed20042_report.json,24975,f8796675f3a0efcd13f30c1393b1a34152937215ba38b0d53f384dfed9808c52
20260630_0630_overfitting_sweep_generalization_rank2,consumed_report_json,/home/trinker/Code/github/PPG-Frailty-pipeline/results_frailty3/_overfitting_sweep/20260630_0630_overfitting_sweep_generalization_rank2/reports/gen_123/rank02_r4_small_inceptiontime_extra-0_seq5_ov50_cv5_static_only_seed30042_report.json,24973,08bf41aafcca99bed02af1e5c6e592390e68d778605ce9b41afc75a7ee813357
20260630_0630_overfitting_sweep_generalization_rank2,consumed_report_json,/home/trinker/Code/github/PPG-Frailty-pipeline/results_frailty3/_overfitting_sweep/20260630_0630_overfitting_sweep_generalization_rank2/reports/gen_123/rank02_r5_small_inceptiontime_extra-0_seq5_ov50_cv5_static_only_seed40042_report.json,24954,9244a25bc0a6b36921537805e660b01d8868c1dd0a7e91deac6871fde492e85a
20260630_0630_overfitting_sweep_generalization_rank2,consumed_report_json,/home/trinker/Code/github/PPG-Frailty-pipeline/results_frailty3/_overfitting_sweep/20260630_0630_overfitting_sweep_generalization_rank2/reports/gen_124/rank02_r1_small_inceptiontime_extra-0_seq5_ov50_cv5_static_only_seed42_report.json,24942,c1b539f192587b2941490f14f8356c5b7c19d8a53ed375f8e1fb2bf46e7a68c6
20260630_0630_overfitting_sweep_generalization_rank2,consumed_report_json,/home/trinker/Code/github/PPG-Frailty-pipeline/results_frailty3/_overfitting_sweep/20260630_0630_overfitting_sweep_generalization_rank2/reports/gen_124/rank02_r2_small_inceptiontime_extra-0_seq5_ov50_cv5_static_only_seed10042_report.json,24976,820fafea36f15ca1bd2ee0d098c647f632b2ac9850b446a9c1a55a0ab644559e
20260630_0630_overfitting_sweep_generalization_rank2,consumed_report_json,/home/trinker/Code/github/PPG-Frailty-pipeline/results_frailty3/_overfitting_sweep/20260630_0630_overfitting_sweep_generalization_rank2/reports/gen_124/rank02_r3_small_inceptiontime_extra-0_seq5_ov50_cv5_static_only_seed20042_report.json,25046,77d2d067eaf148eaa12880703974da81373bf1a1054b6dd2601ab14c8d707e21
20260630_0630_overfitting_sweep_generalization_rank2,consumed_report_json,/home/trinker/Code/github/PPG-Frailty-pipeline/results_frailty3/_overfitting_sweep/20260630_0630_overfitting_sweep_generalization_rank2/reports/gen_124/rank02_r4_small_inceptiontime_extra-0_seq5_ov50_cv5_static_only_seed30042_report.json,24956,b857ec539b6afec05e9418bc504cdbebda5bb1f26e9371b49fa8e0d55897dd4a
20260630_0630_overfitting_sweep_generalization_rank2,consumed_report_json,/home/trinker/Code/github/PPG-Frailty-pipeline/results_frailty3/_overfitting_sweep/20260630_0630_overfitting_sweep_generalization_rank2/reports/gen_124/rank02_r5_small_inceptiontime_extra-0_seq5_ov50_cv5_static_only_seed40042_report.json,24943,c6a45a60558c11e93401e27d3a955b733627ed02f8f564596abe15556b896e77
20260630_0630_overfitting_sweep_generalization_rank2,consumed_report_json,/home/trinker/Code/github/PPG-Frailty-pipeline/results_frailty3/_overfitting_sweep/20260630_0630_overfitting_sweep_generalization_rank2/reports/gen_125/rank02_r1_small_inceptiontime_extra-0_seq5_ov50_cv5_static_only_seed42_report.json,24966,bd2c07cf01efc39d715beb9f8acf05d271b3601710b7eea576f76665d05e62cc
20260630_0630_overfitting_sweep_generalization_rank2,consumed_report_json,/home/trinker/Code/github/PPG-Frailty-pipeline/results_frailty3/_overfitting_sweep/20260630_0630_overfitting_sweep_generalization_rank2/reports/gen_125/rank02_r2_small_inceptiontime_extra-0_seq5_ov50_cv5_static_only_seed10042_report.json,24964,3978302d39b73170b56111595427f9c280eccbd9d21e6e06d7badbc4efd7d8f3
20260630_0630_overfitting_sweep_generalization_rank2,consumed_report_json,/home/trinker/Code/github/PPG-Frailty-pipeline/results_frailty3/_overfitting_sweep/20260630_0630_overfitting_sweep_generalization_rank2/reports/gen_125/rank02_r3_small_inceptiontime_extra-0_seq5_ov50_cv5_static_only_seed20042_report.json,24873,08e15981ede4d5d85e809302e1036f07fd2f0a534510f2f3752ea53332671a53
20260630_0630_overfitting_sweep_generalization_rank2,consumed_report_json,/home/trinker/Code/github/PPG-Frailty-pipeline/results_frailty3/_overfitting_sweep/20260630_0630_overfitting_sweep_generalization_rank2/reports/gen_125/rank02_r4_small_inceptiontime_extra-0_seq5_ov50_cv5_static_only_seed30042_report.json,25047,a5659426f95ea5747b8d47f4d61492de2bcaa003111abc8d0c907ed5d6f1a1b9
20260630_0630_overfitting_sweep_generalization_rank2,consumed_report_json,/home/trinker/Code/github/PPG-Frailty-pipeline/results_frailty3/_overfitting_sweep/20260630_0630_overfitting_sweep_generalization_rank2/reports/gen_125/rank02_r5_small_inceptiontime_extra-0_seq5_ov50_cv5_static_only_seed40042_report.json,24958,91637c8a2398fe2b497726699c8fe80818b8822b72cacd4123d996f54569ae6b
20260630_0630_overfitting_sweep_generalization_rank2,consumed_report_json,/home/trinker/Code/github/PPG-Frailty-pipeline/results_frailty3/_overfitting_sweep/20260630_0630_overfitting_sweep_generalization_rank2/reports/gen_126/rank02_r1_small_inceptiontime_extra-0_seq5_ov50_cv5_static_only_seed42_report.json,24961,6c208b48263146bf532819936c8f2536d49c1a2ddcb3ace388595554eea1e576
20260630_0630_overfitting_sweep_generalization_rank2,consumed_report_json,/home/trinker/Code/github/PPG-Frailty-pipeline/results_frailty3/_overfitting_sweep/20260630_0630_overfitting_sweep_generalization_rank2/reports/gen_126/rank02_r2_small_inceptiontime_extra-0_seq5_ov50_cv5_static_only_seed10042_report.json,25010,6f8948dea82b7ed92f1af561c9ce0ad948e4a113502724677585dbb71a8da9b1
20260630_0630_overfitting_sweep_generalization_rank2,consumed_report_json,/home/trinker/Code/github/PPG-Frailty-pipeline/results_frailty3/_overfitting_sweep/20260630_0630_overfitting_sweep_generalization_rank2/reports/gen_126/rank02_r3_small_inceptiontime_extra-0_seq5_ov50_cv5_static_only_seed20042_report.json,24967,11d1ca797e4848f88566b653bc57b7808e056f018c15b19718bc53c09c4e3734
20260630_0630_overfitting_sweep_generalization_rank2,consumed_report_json,/home/trinker/Code/github/PPG-Frailty-pipeline/results_frailty3/_overfitting_sweep/20260630_0630_overfitting_sweep_generalization_rank2/reports/gen_126/rank02_r4_small_inceptiontime_extra-0_seq5_ov50_cv5_static_only_seed30042_report.json,25058,0ee875ac0900bd7b7e656f7e895851691aba6bd45ac03cc573107d2d6da61acc
20260630_0630_overfitting_sweep_generalization_rank2,consumed_report_json,/home/trinker/Code/github/PPG-Frailty-pipeline/results_frailty3/_overfitting_sweep/20260630_0630_overfitting_sweep_generalization_rank2/reports/gen_126/rank02_r5_small_inceptiontime_extra-0_seq5_ov50_cv5_static_only_seed40042_report.json,25076,5be899a829410b40eb1b94555df0d5bcb82ba00394eb6d4cdb0e81f5e24d0c31
20260630_0630_overfitting_sweep_generalization_rank2,consumed_report_json,/home/trinker/Code/github/PPG-Frailty-pipeline/results_frailty3/_overfitting_sweep/20260630_0630_overfitting_sweep_generalization_rank2/reports/gen_127/rank02_r1_small_inceptiontime_extra-0_seq5_ov50_cv5_static_only_seed42_report.json,25041,429c1d64e8f348df85cddc30a00216dbf4b045645207846b40e71ba959f356ba
20260630_0630_overfitting_sweep_generalization_rank2,consumed_report_json,/home/trinker/Code/github/PPG-Frailty-pipeline/results_frailty3/_overfitting_sweep/20260630_0630_overfitting_sweep_generalization_rank2/reports/gen_127/rank02_r2_small_inceptiontime_extra-0_seq5_ov50_cv5_static_only_seed10042_report.json,25073,3ef482364d58a2563f18ba6d9bbd0a8b1c886c2c2bba416b7db50d24c3ce5c44
20260630_0630_overfitting_sweep_generalization_rank2,consumed_report_json,/home/trinker/Code/github/PPG-Frailty-pipeline/results_frailty3/_overfitting_sweep/20260630_0630_overfitting_sweep_generalization_rank2/reports/gen_127/rank02_r3_small_inceptiontime_extra-0_seq5_ov50_cv5_static_only_seed20042_report.json,24976,ffb5e84219ece7fde4773c92dd9a4a196059a7258501a1f5c3ba212a6e80208b
20260630_0630_overfitting_sweep_generalization_rank2,consumed_report_json,/home/trinker/Code/github/PPG-Frailty-pipeline/results_frailty3/_overfitting_sweep/20260630_0630_overfitting_sweep_generalization_rank2/reports/gen_127/rank02_r4_small_inceptiontime_extra-0_seq5_ov50_cv5_static_only_seed30042_report.json,25007,2fb8779e341a46c27d4946e1e37a4afb3e3816b6d4d530980c6bc9871499d6fe
20260630_0630_overfitting_sweep_generalization_rank2,consumed_report_json,/home/trinker/Code/github/PPG-Frailty-pipeline/results_frailty3/_overfitting_sweep/20260630_0630_overfitting_sweep_generalization_rank2/reports/gen_127/rank02_r5_small_inceptiontime_extra-0_seq5_ov50_cv5_static_only_seed40042_report.json,24944,a3cebb8b30381e2a1d081cf1d3097fb5d107965f16b8de5236e2c12ff4de2a86
20260630_0630_overfitting_sweep_generalization_rank2,consumed_report_json,/home/trinker/Code/github/PPG-Frailty-pipeline/results_frailty3/_overfitting_sweep/20260630_0630_overfitting_sweep_generalization_rank2/reports/gen_128/rank02_r1_small_inceptiontime_extra-0_seq5_ov50_cv5_static_only_seed42_report.json,25026,ee1c7f96221a2980b90ab43bf500cd6578ad86c524b7c29adbcee6f3e21cd97b
20260630_0630_overfitting_sweep_generalization_rank2,consumed_report_json,/home/trinker/Code/github/PPG-Frailty-pipeline/results_frailty3/_overfitting_sweep/20260630_0630_overfitting_sweep_generalization_rank2/reports/gen_128/rank02_r2_small_inceptiontime_extra-0_seq5_ov50_cv5_static_only_seed10042_report.json,25048,6db7b1bfadd699a7947de9359a38dda3775d823a52683a53261400eea3fafa8e
20260630_0630_overfitting_sweep_generalization_rank2,consumed_report_json,/home/trinker/Code/github/PPG-Frailty-pipeline/results_frailty3/_overfitting_sweep/20260630_0630_overfitting_sweep_generalization_rank2/reports/gen_128/rank02_r3_small_inceptiontime_extra-0_seq5_ov50_cv5_static_only_seed20042_report.json,25073,4ea551f1446d95e71024b3e233de181e3ea2812a5e50bab8fe3577fd05614953
20260630_0630_overfitting_sweep_generalization_rank2,consumed_report_json,/home/trinker/Code/github/PPG-Frailty-pipeline/results_frailty3/_overfitting_sweep/20260630_0630_overfitting_sweep_generalization_rank2/reports/gen_128/rank02_r4_small_inceptiontime_extra-0_seq5_ov50_cv5_static_only_seed30042_report.json,25035,26c2d898f7a9db3bfbe6704e50c347362c3add66f64c86b3b2ba50f7d6e143a5
20260630_0630_overfitting_sweep_generalization_rank2,consumed_report_json,/home/trinker/Code/github/PPG-Frailty-pipeline/results_frailty3/_overfitting_sweep/20260630_0630_overfitting_sweep_generalization_rank2/reports/gen_128/rank02_r5_small_inceptiontime_extra-0_seq5_ov50_cv5_static_only_seed40042_report.json,25104,bb2f5f1fc0fe5b918dc6e82de4ea770993ed019053feeb9cce315692cce1142e
20260630_0630_overfitting_sweep_generalization_rank2,consumed_report_json,/home/trinker/Code/github/PPG-Frailty-pipeline/results_frailty3/_overfitting_sweep/20260630_0630_overfitting_sweep_generalization_rank2/reports/gen_129/rank02_r1_small_inceptiontime_extra-0_seq5_ov50_cv5_static_only_seed42_report.json,25007,77bc546fc36e896645153e929f46aa83d90bf0b12919f34af02dc892938d9d63
20260630_0630_overfitting_sweep_generalization_rank2,consumed_report_json,/home/trinker/Code/github/PPG-Frailty-pipeline/results_frailty3/_overfitting_sweep/20260630_0630_overfitting_sweep_generalization_rank2/reports/gen_129/rank02_r2_small_inceptiontime_extra-0_seq5_ov50_cv5_static_only_seed10042_report.json,25175,62e2ad2b09d278e5466f419d7e6e7f0c1b02d9a52e152a8beee1cfcc2f06d497
20260630_0630_overfitting_sweep_generalization_rank2,consumed_report_json,/home/trinker/Code/github/PPG-Frailty-pipeline/results_frailty3/_overfitting_sweep/20260630_0630_overfitting_sweep_generalization_rank2/reports/gen_129/rank02_r3_small_inceptiontime_extra-0_seq5_ov50_cv5_static_only_seed20042_report.json,25025,efbbbebb3c085480c20e2f973c49753548ed0b2fa78c1d91ec8e9f4a4081dc89
20260630_0630_overfitting_sweep_generalization_rank2,consumed_report_json,/home/trinker/Code/github/PPG-Frailty-pipeline/results_frailty3/_overfitting_sweep/20260630_0630_overfitting_sweep_generalization_rank2/reports/gen_129/rank02_r4_small_inceptiontime_extra-0_seq5_ov50_cv5_static_only_seed30042_report.json,25063,b120577f16cb71a02b1b1594b4005cdbde2ad76173667e2b4d1d78c6dd453b56
20260630_0630_overfitting_sweep_generalization_rank2,consumed_report_json,/home/trinker/Code/github/PPG-Frailty-pipeline/results_frailty3/_overfitting_sweep/20260630_0630_overfitting_sweep_generalization_rank2/reports/gen_129/rank02_r5_small_inceptiontime_extra-0_seq5_ov50_cv5_static_only_seed40042_report.json,25046,885997fc4ff76362f0adc945b1940b80ac8a564e5c768c23bb8a32c233a35386
20260630_0630_overfitting_sweep_generalization_rank2,consumed_report_json,/home/trinker/Code/github/PPG-Frailty-pipeline/results_frailty3/_overfitting_sweep/20260630_0630_overfitting_sweep_generalization_rank2/reports/gen_130/rank02_r1_small_inceptiontime_extra-0_seq5_ov50_cv5_static_only_seed42_report.json,25056,243aac01d6ab0d0f2f936baf5603c147cabb7dfdc5e16606899670783c5fc537
20260630_0630_overfitting_sweep_generalization_rank2,consumed_report_json,/home/trinker/Code/github/PPG-Frailty-pipeline/results_frailty3/_overfitting_sweep/20260630_0630_overfitting_sweep_generalization_rank2/reports/gen_130/rank02_r2_small_inceptiontime_extra-0_seq5_ov50_cv5_static_only_seed10042_report.json,25008,cd7f5c7a345179d767c3f3e6189ecbb410f1b2c83255c8aac09a06fb0874822c
20260630_0630_overfitting_sweep_generalization_rank2,consumed_report_json,/home/trinker/Code/github/PPG-Frailty-pipeline/results_frailty3/_overfitting_sweep/20260630_0630_overfitting_sweep_generalization_rank2/reports/gen_130/rank02_r3_small_inceptiontime_extra-0_seq5_ov50_cv5_static_only_seed20042_report.json,25023,cd53c421b07fb75e0b5271942df8d5df306b453f9caee1cb446c7bb67e07156e
20260630_0630_overfitting_sweep_generalization_rank2,consumed_report_json,/home/trinker/Code/github/PPG-Frailty-pipeline/results_frailty3/_overfitting_sweep/20260630_0630_overfitting_sweep_generalization_rank2/reports/gen_130/rank02_r4_small_inceptiontime_extra-0_seq5_ov50_cv5_static_only_seed30042_report.json,24970,f15f79ebe45768a1eecb823bb98c546a023a7fb604a4c07720f11c9ee7ef7ab9
20260630_0630_overfitting_sweep_generalization_rank2,consumed_report_json,/home/trinker/Code/github/PPG-Frailty-pipeline/results_frailty3/_overfitting_sweep/20260630_0630_overfitting_sweep_generalization_rank2/reports/gen_130/rank02_r5_small_inceptiontime_extra-0_seq5_ov50_cv5_static_only_seed40042_report.json,25018,62dd619c11e92bd30e5585b5f8ed46a25596976fbfc012a7f044894602079560
20260630_0630_overfitting_sweep_generalization_rank2,consumed_report_json,/home/trinker/Code/github/PPG-Frailty-pipeline/results_frailty3/_overfitting_sweep/20260630_0630_overfitting_sweep_generalization_rank2/reports/gen_131/rank02_r1_small_inceptiontime_extra-0_seq5_ov50_cv5_static_only_seed42_report.json,25048,55d0c2f820ca6bce904bbdbf2cd7f5684ba76cb742015afe48e455f10f7cca60
20260630_0630_overfitting_sweep_generalization_rank2,consumed_report_json,/home/trinker/Code/github/PPG-Frailty-pipeline/results_frailty3/_overfitting_sweep/20260630_0630_overfitting_sweep_generalization_rank2/reports/gen_131/rank02_r2_small_inceptiontime_extra-0_seq5_ov50_cv5_static_only_seed10042_report.json,25005,6c4d0a4b48ea893fa2c889e2a9e295bb90a05f07f0d851f72287ac0f674fd418
20260630_0630_overfitting_sweep_generalization_rank2,consumed_report_json,/home/trinker/Code/github/PPG-Frailty-pipeline/results_frailty3/_overfitting_sweep/20260630_0630_overfitting_sweep_generalization_rank2/reports/gen_131/rank02_r3_small_inceptiontime_extra-0_seq5_ov50_cv5_static_only_seed20042_report.json,24960,ba961f6ec58acf0251a537deaf94b1e35808a7727215e3b404ddd1e1fc3fdb53
20260630_0630_overfitting_sweep_generalization_rank2,consumed_report_json,/home/trinker/Code/github/PPG-Frailty-pipeline/results_frailty3/_overfitting_sweep/20260630_0630_overfitting_sweep_generalization_rank2/reports/gen_131/rank02_r4_small_inceptiontime_extra-0_seq5_ov50_cv5_static_only_seed30042_report.json,24958,b42c18c6a53c6c5dd3c80b5867ac5522383b23581058ee471b03425534a48e17
20260630_0630_overfitting_sweep_generalization_rank2,consumed_report_json,/home/trinker/Code/github/PPG-Frailty-pipeline/results_frailty3/_overfitting_sweep/20260630_0630_overfitting_sweep_generalization_rank2/reports/gen_131/rank02_r5_small_inceptiontime_extra-0_seq5_ov50_cv5_static_only_seed40042_report.json,25018,c9e4808957fcc4e442365f6f88a274fee00ccce97e2b28dfcf134cbc1f36ae5d
20260630_0630_overfitting_sweep_generalization_rank2,consumed_report_json,/home/trinker/Code/github/PPG-Frailty-pipeline/results_frailty3/_overfitting_sweep/20260630_0630_overfitting_sweep_generalization_rank2/reports/gen_132/rank02_r1_small_inceptiontime_extra-0_seq5_ov50_cv5_static_only_seed42_report.json,25105,ed91cd46046c4f88270cda294a9204d4d28bda00dcc54210130352c53b0f565a
20260630_0630_overfitting_sweep_generalization_rank2,consumed_report_json,/home/trinker/Code/github/PPG-Frailty-pipeline/results_frailty3/_overfitting_sweep/20260630_0630_overfitting_sweep_generalization_rank2/reports/gen_132/rank02_r2_small_inceptiontime_extra-0_seq5_ov50_cv5_static_only_seed10042_report.json,24997,251156bef72d22e3736b0778cd5abe3795e29f955eae4babd3f8b06cb6e98504
20260630_0630_overfitting_sweep_generalization_rank2,consumed_report_json,/home/trinker/Code/github/PPG-Frailty-pipeline/results_frailty3/_overfitting_sweep/20260630_0630_overfitting_sweep_generalization_rank2/reports/gen_132/rank02_r3_small_inceptiontime_extra-0_seq5_ov50_cv5_static_only_seed20042_report.json,25066,24ed0c1eb53d408cd00c8a950553df91aad497fce873da550cf16bc2b00c0e47
20260630_0630_overfitting_sweep_generalization_rank2,consumed_report_json,/home/trinker/Code/github/PPG-Frailty-pipeline/results_frailty3/_overfitting_sweep/20260630_0630_overfitting_sweep_generalization_rank2/reports/gen_132/rank02_r4_small_inceptiontime_extra-0_seq5_ov50_cv5_static_only_seed30042_report.json,25111,6cb87b8262a984b1ba405c046e92333cfb807c69dde0711dd262cc6301c4adbb
20260630_0630_overfitting_sweep_generalization_rank2,consumed_report_json,/home/trinker/Code/github/PPG-Frailty-pipeline/results_frailty3/_overfitting_sweep/20260630_0630_overfitting_sweep_generalization_rank2/reports/gen_132/rank02_r5_small_inceptiontime_extra-0_seq5_ov50_cv5_static_only_seed40042_report.json,24978,d05a29d041e04a5cfad8b7bd15acc1760a6c05209a073fce75b893bb03c5ab3d
20260630_0630_overfitting_sweep_generalization_rank2,consumed_report_json,/home/trinker/Code/github/PPG-Frailty-pipeline/results_frailty3/_overfitting_sweep/20260630_0630_overfitting_sweep_generalization_rank2/reports/gen_133/rank02_r1_small_inceptiontime_extra-0_seq5_ov50_cv5_static_only_seed42_report.json,25057,a20db51e803ef69b871d2709e61623c6abbf1cde4e4a82605bbb78a16a72a8aa
20260630_0630_overfitting_sweep_generalization_rank2,consumed_report_json,/home/trinker/Code/github/PPG-Frailty-pipeline/results_frailty3/_overfitting_sweep/20260630_0630_overfitting_sweep_generalization_rank2/reports/gen_133/rank02_r2_small_inceptiontime_extra-0_seq5_ov50_cv5_static_only_seed10042_report.json,25049,cbd14d6ea214af7efa3f1ed32b62b957e0ff88f04e3fdd9408fb0705cf656b70
20260630_0630_overfitting_sweep_generalization_rank2,consumed_report_json,/home/trinker/Code/github/PPG-Frailty-pipeline/results_frailty3/_overfitting_sweep/20260630_0630_overfitting_sweep_generalization_rank2/reports/gen_133/rank02_r3_small_inceptiontime_extra-0_seq5_ov50_cv5_static_only_seed20042_report.json,25134,fb4ab29f4d66289077d40734517765629345c6b5cbd64bc291efcea28e7b17e2
20260630_0630_overfitting_sweep_generalization_rank2,consumed_report_json,/home/trinker/Code/github/PPG-Frailty-pipeline/results_frailty3/_overfitting_sweep/20260630_0630_overfitting_sweep_generalization_rank2/reports/gen_133/rank02_r4_small_inceptiontime_extra-0_seq5_ov50_cv5_static_only_seed30042_report.json,25045,7717ded92b985a9bdc42617af3cc9ac8b82f1ae803c6b971ba614ec08d4849f7
20260630_0630_overfitting_sweep_generalization_rank2,consumed_report_json,/home/trinker/Code/github/PPG-Frailty-pipeline/results_frailty3/_overfitting_sweep/20260630_0630_overfitting_sweep_generalization_rank2/reports/gen_133/rank02_r5_small_inceptiontime_extra-0_seq5_ov50_cv5_static_only_seed40042_report.json,25033,033d5a7b9911d16cf059f66d4356c557ca06cbb116884e1ddb8280f4e6fd4008
20260630_0630_overfitting_sweep_generalization_rank2,consumed_report_json,/home/trinker/Code/github/PPG-Frailty-pipeline/results_frailty3/_overfitting_sweep/20260630_0630_overfitting_sweep_generalization_rank2/reports/gen_134/rank02_r1_small_inceptiontime_extra-0_seq5_ov50_cv5_static_only_seed42_report.json,25057,f40467aa5d3d38c1df6e0d618c01940bbcb2e0079009a991c58b5882dff548e3
20260630_0630_overfitting_sweep_generalization_rank2,consumed_report_json,/home/trinker/Code/github/PPG-Frailty-pipeline/results_frailty3/_overfitting_sweep/20260630_0630_overfitting_sweep_generalization_rank2/reports/gen_134/rank02_r2_small_inceptiontime_extra-0_seq5_ov50_cv5_static_only_seed10042_report.json,25080,554bdddf76412a27350fa1e32e71c09092a21a66cf4b17b31ae35b140d1b548c
20260630_0630_overfitting_sweep_generalization_rank2,consumed_report_json,/home/trinker/Code/github/PPG-Frailty-pipeline/results_frailty3/_overfitting_sweep/20260630_0630_overfitting_sweep_generalization_rank2/reports/gen_134/rank02_r3_small_inceptiontime_extra-0_seq5_ov50_cv5_static_only_seed20042_report.json,24980,eaedb98e750ba977db67dfe06a9b9e3605b390c9a2bd2f9d05d19219604a86bc
20260630_0630_overfitting_sweep_generalization_rank2,consumed_report_json,/home/trinker/Code/github/PPG-Frailty-pipeline/results_frailty3/_overfitting_sweep/20260630_0630_overfitting_sweep_generalization_rank2/reports/gen_134/rank02_r4_small_inceptiontime_extra-0_seq5_ov50_cv5_static_only_seed30042_report.json,25118,ca77eb5adcb7377358916bf1a3007d4c93483f9b46f7ba41471cf563cefa9de6
20260630_0630_overfitting_sweep_generalization_rank2,consumed_report_json,/home/trinker/Code/github/PPG-Frailty-pipeline/results_frailty3/_overfitting_sweep/20260630_0630_overfitting_sweep_generalization_rank2/reports/gen_134/rank02_r5_small_inceptiontime_extra-0_seq5_ov50_cv5_static_only_seed40042_report.json,25084,ad60dfcae1cdb8ba6c9fae0d299c4a0924824acc13eb2e5bd66a64e385074865
20260630_0630_overfitting_sweep_generalization_rank2,consumed_report_json,/home/trinker/Code/github/PPG-Frailty-pipeline/results_frailty3/_overfitting_sweep/20260630_0630_overfitting_sweep_generalization_rank2/reports/gen_135/rank02_r1_small_inceptiontime_extra-0_seq5_ov50_cv5_static_only_seed42_report.json,25099,eb6526c064fbec65f69f2600169f69acaada98813e29daf31f0fb973743ee745
20260630_0630_overfitting_sweep_generalization_rank2,consumed_report_json,/home/trinker/Code/github/PPG-Frailty-pipeline/results_frailty3/_overfitting_sweep/20260630_0630_overfitting_sweep_generalization_rank2/reports/gen_135/rank02_r2_small_inceptiontime_extra-0_seq5_ov50_cv5_static_only_seed10042_report.json,25118,5ab4feb5dcc6d0f6a013a255632cbf1778de6f6a81b382e55d73a214e12e00ed
20260630_0630_overfitting_sweep_generalization_rank2,consumed_report_json,/home/trinker/Code/github/PPG-Frailty-pipeline/results_frailty3/_overfitting_sweep/20260630_0630_overfitting_sweep_generalization_rank2/reports/gen_135/rank02_r3_small_inceptiontime_extra-0_seq5_ov50_cv5_static_only_seed20042_report.json,25116,b7678929fd17d51056752675232e38aa571025d72ad0305c73871c8a27fa8407
20260630_0630_overfitting_sweep_generalization_rank2,consumed_report_json,/home/trinker/Code/github/PPG-Frailty-pipeline/results_frailty3/_overfitting_sweep/20260630_0630_overfitting_sweep_generalization_rank2/reports/gen_135/rank02_r4_small_inceptiontime_extra-0_seq5_ov50_cv5_static_only_seed30042_report.json,24946,efa85d0fff18ebf6a44b0443062af66baa64680d53b571ea31413804432ec5f5
20260630_0630_overfitting_sweep_generalization_rank2,consumed_report_json,/home/trinker/Code/github/PPG-Frailty-pipeline/results_frailty3/_overfitting_sweep/20260630_0630_overfitting_sweep_generalization_rank2/reports/gen_135/rank02_r5_small_inceptiontime_extra-0_seq5_ov50_cv5_static_only_seed40042_report.json,25077,2b0e0cbcc321536435a5fadc40f9fcb872346844743fc7a8c0934058ea533d56
20260630_0630_overfitting_sweep_generalization_rank2,consumed_report_json,/home/trinker/Code/github/PPG-Frailty-pipeline/results_frailty3/_overfitting_sweep/20260630_0630_overfitting_sweep_generalization_rank2/reports/gen_136/rank02_r1_small_inceptiontime_extra-0_seq5_ov50_cv5_static_only_seed42_report.json,25114,db522071e1e64fc622df9b67f07cda64e0b1af17f31e600e2c6c3043b14f4177
20260630_0630_overfitting_sweep_generalization_rank2,consumed_report_json,/home/trinker/Code/github/PPG-Frailty-pipeline/results_frailty3/_overfitting_sweep/20260630_0630_overfitting_sweep_generalization_rank2/reports/gen_136/rank02_r2_small_inceptiontime_extra-0_seq5_ov50_cv5_static_only_seed10042_report.json,25014,1ae224fe4b34e58e6bf44025bcaca190dc76a641590aebd413997d30454430e0
20260630_0630_overfitting_sweep_generalization_rank2,consumed_report_json,/home/trinker/Code/github/PPG-Frailty-pipeline/results_frailty3/_overfitting_sweep/20260630_0630_overfitting_sweep_generalization_rank2/reports/gen_136/rank02_r3_small_inceptiontime_extra-0_seq5_ov50_cv5_static_only_seed20042_report.json,25094,937d443a554aaffca603eb02f45643c8bb212e7659584e79b28e88d1781442c4
20260630_0630_overfitting_sweep_generalization_rank2,consumed_report_json,/home/trinker/Code/github/PPG-Frailty-pipeline/results_frailty3/_overfitting_sweep/20260630_0630_overfitting_sweep_generalization_rank2/reports/gen_136/rank02_r4_small_inceptiontime_extra-0_seq5_ov50_cv5_static_only_seed30042_report.json,25091,53d80d34ba36ee34b33e693a0c5902efbf031e70f83a2af02cf78ac5120bcc3d
20260630_0630_overfitting_sweep_generalization_rank2,consumed_report_json,/home/trinker/Code/github/PPG-Frailty-pipeline/results_frailty3/_overfitting_sweep/20260630_0630_overfitting_sweep_generalization_rank2/reports/gen_136/rank02_r5_small_inceptiontime_extra-0_seq5_ov50_cv5_static_only_seed40042_report.json,25084,d1ee8c557e6a5e6a9a4105eb69c7f3917c2f85b9a66167027b1ca3672061a099
20260630_0630_overfitting_sweep_generalization_rank2,consumed_report_json,/home/trinker/Code/github/PPG-Frailty-pipeline/results_frailty3/_overfitting_sweep/20260630_0630_overfitting_sweep_generalization_rank2/reports/gen_137/rank02_r1_small_inceptiontime_extra-0_seq5_ov50_cv5_static_only_seed42_report.json,24842,366473117eda918526fcca2a88d23241a54f4d592c4513494b96e284255b06e8
20260630_0630_overfitting_sweep_generalization_rank2,consumed_report_json,/home/trinker/Code/github/PPG-Frailty-pipeline/results_frailty3/_overfitting_sweep/20260630_0630_overfitting_sweep_generalization_rank2/reports/gen_137/rank02_r2_small_inceptiontime_extra-0_seq5_ov50_cv5_static_only_seed10042_report.json,25014,93b37c6d98409869eeda7c4c5db83cf1b1f8943adc05c39608d9acd23c8c70b0
20260630_0630_overfitting_sweep_generalization_rank2,consumed_report_json,/home/trinker/Code/github/PPG-Frailty-pipeline/results_frailty3/_overfitting_sweep/20260630_0630_overfitting_sweep_generalization_rank2/reports/gen_137/rank02_r3_small_inceptiontime_extra-0_seq5_ov50_cv5_static_only_seed20042_report.json,25026,a33f39d35f1e26eb47a2a3b188435d5758f3b478898c6745fedec4fcb34d91a1
20260630_0630_overfitting_sweep_generalization_rank2,consumed_report_json,/home/trinker/Code/github/PPG-Frailty-pipeline/results_frailty3/_overfitting_sweep/20260630_0630_overfitting_sweep_generalization_rank2/reports/gen_137/rank02_r4_small_inceptiontime_extra-0_seq5_ov50_cv5_static_only_seed30042_report.json,24933,8d9c8cf8e2ea5596a9ffdbdcddc72fb36a184d2a531c6312df46a8d0cc7f1732
20260630_0630_overfitting_sweep_generalization_rank2,consumed_report_json,/home/trinker/Code/github/PPG-Frailty-pipeline/results_frailty3/_overfitting_sweep/20260630_0630_overfitting_sweep_generalization_rank2/reports/gen_137/rank02_r5_small_inceptiontime_extra-0_seq5_ov50_cv5_static_only_seed40042_report.json,24987,4bded3fb389238956d0d1d51f6bdc93e9b196702a66fe0df9f91bc25881ccd85
20260630_0630_overfitting_sweep_generalization_rank2,consumed_report_json,/home/trinker/Code/github/PPG-Frailty-pipeline/results_frailty3/_overfitting_sweep/20260630_0630_overfitting_sweep_generalization_rank2/reports/gen_138/rank02_r1_small_inceptiontime_extra-0_seq5_ov50_cv5_static_only_seed42_report.json,24808,edf5dab60472af2000bf51daf13afe0da7ca93713a55dd1ed1a7d2fd5129d813
20260630_0630_overfitting_sweep_generalization_rank2,consumed_report_json,/home/trinker/Code/github/PPG-Frailty-pipeline/results_frailty3/_overfitting_sweep/20260630_0630_overfitting_sweep_generalization_rank2/reports/gen_138/rank02_r2_small_inceptiontime_extra-0_seq5_ov50_cv5_static_only_seed10042_report.json,24957,4eb621ac2cd6edf3123636fbc7d06e370f2791f894789af30f97d5170bfdb56a
20260630_0630_overfitting_sweep_generalization_rank2,consumed_report_json,/home/trinker/Code/github/PPG-Frailty-pipeline/results_frailty3/_overfitting_sweep/20260630_0630_overfitting_sweep_generalization_rank2/reports/gen_138/rank02_r3_small_inceptiontime_extra-0_seq5_ov50_cv5_static_only_seed20042_report.json,25043,5d53674a761581c3850ce1e9b292b0beea54f0f975c08e89de88d93da2a14bfe
20260630_0630_overfitting_sweep_generalization_rank2,consumed_report_json,/home/trinker/Code/github/PPG-Frailty-pipeline/results_frailty3/_overfitting_sweep/20260630_0630_overfitting_sweep_generalization_rank2/reports/gen_138/rank02_r4_small_inceptiontime_extra-0_seq5_ov50_cv5_static_only_seed30042_report.json,25018,7c455b424d714c6170d9d5c770694ffae190c084bf02662f74a229c44a92c732
20260630_0630_overfitting_sweep_generalization_rank2,consumed_report_json,/home/trinker/Code/github/PPG-Frailty-pipeline/results_frailty3/_overfitting_sweep/20260630_0630_overfitting_sweep_generalization_rank2/reports/gen_138/rank02_r5_small_inceptiontime_extra-0_seq5_ov50_cv5_static_only_seed40042_report.json,24899,8fbac3fb5ca68baa248b2b3528a70b4db0ed11608f132d3772bd88cba8f5ccbd
20260630_0630_overfitting_sweep_generalization_rank2,consumed_report_json,/home/trinker/Code/github/PPG-Frailty-pipeline/results_frailty3/_overfitting_sweep/20260630_0630_overfitting_sweep_generalization_rank2/reports/gen_139/rank02_r1_small_inceptiontime_extra-0_seq5_ov50_cv5_static_only_seed42_report.json,24793,409dfc2f2867ae3c6f37936e1429cff65d8371f70a5275757cc855ed657ce6b9
20260630_0630_overfitting_sweep_generalization_rank2,consumed_report_json,/home/trinker/Code/github/PPG-Frailty-pipeline/results_frailty3/_overfitting_sweep/20260630_0630_overfitting_sweep_generalization_rank2/reports/gen_139/rank02_r2_small_inceptiontime_extra-0_seq5_ov50_cv5_static_only_seed10042_report.json,24989,a179f591500045f9f2c9871d45c677700a4842b899040ae759a18f5b249f389a
20260630_0630_overfitting_sweep_generalization_rank2,consumed_report_json,/home/trinker/Code/github/PPG-Frailty-pipeline/results_frailty3/_overfitting_sweep/20260630_0630_overfitting_sweep_generalization_rank2/reports/gen_139/rank02_r3_small_inceptiontime_extra-0_seq5_ov50_cv5_static_only_seed20042_report.json,24871,4919a464cd4c8aadb09d8f7eab883bb29942c42c9a48efbd322338de0ae3be02
20260630_0630_overfitting_sweep_generalization_rank2,consumed_report_json,/home/trinker/Code/github/PPG-Frailty-pipeline/results_frailty3/_overfitting_sweep/20260630_0630_overfitting_sweep_generalization_rank2/reports/gen_139/rank02_r4_small_inceptiontime_extra-0_seq5_ov50_cv5_static_only_seed30042_report.json,24942,be5b54166d83601ceaff28737b1a18e3005be3f9050d2da1819e2c55a05f55a8
20260630_0630_overfitting_sweep_generalization_rank2,consumed_report_json,/home/trinker/Code/github/PPG-Frailty-pipeline/results_frailty3/_overfitting_sweep/20260630_0630_overfitting_sweep_generalization_rank2/reports/gen_139/rank02_r5_small_inceptiontime_extra-0_seq5_ov50_cv5_static_only_seed40042_report.json,24828,4196fb5ce424e0822c859deedd7eebba5b76ba99eaf394d0f23db4ece6911f95
20260630_0630_overfitting_sweep_generalization_rank2,consumed_report_json,/home/trinker/Code/github/PPG-Frailty-pipeline/results_frailty3/_overfitting_sweep/20260630_0630_overfitting_sweep_generalization_rank2/reports/gen_140/rank02_r1_small_inceptiontime_extra-0_seq5_ov50_cv5_static_only_seed42_report.json,24950,11709be10b0597d77ffc740cce95ec044def6a6aaa1426ebc143f5c44f366044
20260630_0630_overfitting_sweep_generalization_rank2,consumed_report_json,/home/trinker/Code/github/PPG-Frailty-pipeline/results_frailty3/_overfitting_sweep/20260630_0630_overfitting_sweep_generalization_rank2/reports/gen_140/rank02_r2_small_inceptiontime_extra-0_seq5_ov50_cv5_static_only_seed10042_report.json,24937,bca8324513704edfc12332868a0d4200edf607db942c094c0f4b48933f5fb64e
20260630_0630_overfitting_sweep_generalization_rank2,consumed_report_json,/home/trinker/Code/github/PPG-Frailty-pipeline/results_frailty3/_overfitting_sweep/20260630_0630_overfitting_sweep_generalization_rank2/reports/gen_140/rank02_r3_small_inceptiontime_extra-0_seq5_ov50_cv5_static_only_seed20042_report.json,25053,c245c8b6b3fc6512eb777354c5814575bc3494b264f4615207c5b613df99ede5
20260630_0630_overfitting_sweep_generalization_rank2,consumed_report_json,/home/trinker/Code/github/PPG-Frailty-pipeline/results_frailty3/_overfitting_sweep/20260630_0630_overfitting_sweep_generalization_rank2/reports/gen_140/rank02_r4_small_inceptiontime_extra-0_seq5_ov50_cv5_static_only_seed30042_report.json,24900,d244f9e805537e8f62e226cbba9a8e3402c4a53b95e76ec4253b889171fe702e
20260630_0630_overfitting_sweep_generalization_rank2,consumed_report_json,/home/trinker/Code/github/PPG-Frailty-pipeline/results_frailty3/_overfitting_sweep/20260630_0630_overfitting_sweep_generalization_rank2/reports/gen_140/rank02_r5_small_inceptiontime_extra-0_seq5_ov50_cv5_static_only_seed40042_report.json,24970,4d8cb5c75be8d596d11f74be2b2aa8c1db69e92cee9da8ffc88198d91041b96c
20260630_0630_overfitting_sweep_generalization_rank2,consumed_report_json,/home/trinker/Code/github/PPG-Frailty-pipeline/results_frailty3/_overfitting_sweep/20260630_0630_overfitting_sweep_generalization_rank2/reports/gen_141/rank02_r1_small_inceptiontime_extra-0_seq5_ov50_cv5_static_only_seed42_report.json,24990,839c92fdb82c3db9341c3287103758932848f93964410f412094596b3d00d2e0
20260630_0630_overfitting_sweep_generalization_rank2,consumed_report_json,/home/trinker/Code/github/PPG-Frailty-pipeline/results_frailty3/_overfitting_sweep/20260630_0630_overfitting_sweep_generalization_rank2/reports/gen_141/rank02_r2_small_inceptiontime_extra-0_seq5_ov50_cv5_static_only_seed10042_report.json,25045,ecac8040a5568999a623ea618e5c3fd29652cc930228bc469c6f37f601d75a20
20260630_0630_overfitting_sweep_generalization_rank2,consumed_report_json,/home/trinker/Code/github/PPG-Frailty-pipeline/results_frailty3/_overfitting_sweep/20260630_0630_overfitting_sweep_generalization_rank2/reports/gen_141/rank02_r3_small_inceptiontime_extra-0_seq5_ov50_cv5_static_only_seed20042_report.json,24909,16e25e9342a27088969a6b0d6c99c177c2c3280a44b96a47a4119e554dd43c4e
20260630_0630_overfitting_sweep_generalization_rank2,consumed_report_json,/home/trinker/Code/github/PPG-Frailty-pipeline/results_frailty3/_overfitting_sweep/20260630_0630_overfitting_sweep_generalization_rank2/reports/gen_141/rank02_r4_small_inceptiontime_extra-0_seq5_ov50_cv5_static_only_seed30042_report.json,25057,51d5ac3bb328e9bd587d0d4345814900e32a8afac473758bfed9a0c6d444bfc6
20260630_0630_overfitting_sweep_generalization_rank2,consumed_report_json,/home/trinker/Code/github/PPG-Frailty-pipeline/results_frailty3/_overfitting_sweep/20260630_0630_overfitting_sweep_generalization_rank2/reports/gen_141/rank02_r5_small_inceptiontime_extra-0_seq5_ov50_cv5_static_only_seed40042_report.json,25025,7b2631a2aff01f2d488aeb610964c2620798ce4a729b80ac66a9585284636b32
20260630_0630_overfitting_sweep_generalization_rank2,consumed_report_json,/home/trinker/Code/github/PPG-Frailty-pipeline/results_frailty3/_overfitting_sweep/20260630_0630_overfitting_sweep_generalization_rank2/reports/gen_142/rank02_r1_small_inceptiontime_extra-0_seq5_ov50_cv5_static_only_seed42_report.json,24886,a833486e42c01c6b69e180c2d5f63c0b7266f891b446279a3a71e2eb19b79b1a
20260630_0630_overfitting_sweep_generalization_rank2,consumed_report_json,/home/trinker/Code/github/PPG-Frailty-pipeline/results_frailty3/_overfitting_sweep/20260630_0630_overfitting_sweep_generalization_rank2/reports/gen_142/rank02_r2_small_inceptiontime_extra-0_seq5_ov50_cv5_static_only_seed10042_report.json,25029,f62191ee68d60c87670253eee9167eada8e4b4f7854262f90acbb06d689fb0cc
20260630_0630_overfitting_sweep_generalization_rank2,consumed_report_json,/home/trinker/Code/github/PPG-Frailty-pipeline/results_frailty3/_overfitting_sweep/20260630_0630_overfitting_sweep_generalization_rank2/reports/gen_142/rank02_r3_small_inceptiontime_extra-0_seq5_ov50_cv5_static_only_seed20042_report.json,25016,143e163869e97b1f749da845041aecf27b481b85f40b32bbb54150e971b2085d
20260630_0630_overfitting_sweep_generalization_rank2,consumed_report_json,/home/trinker/Code/github/PPG-Frailty-pipeline/results_frailty3/_overfitting_sweep/20260630_0630_overfitting_sweep_generalization_rank2/reports/gen_142/rank02_r4_small_inceptiontime_extra-0_seq5_ov50_cv5_static_only_seed30042_report.json,25090,aa36ba16a18b404e0bc7f8e5bb2699cc34534c343a23922f09ed9e80f2f4f1d6
20260630_0630_overfitting_sweep_generalization_rank2,consumed_report_json,/home/trinker/Code/github/PPG-Frailty-pipeline/results_frailty3/_overfitting_sweep/20260630_0630_overfitting_sweep_generalization_rank2/reports/gen_142/rank02_r5_small_inceptiontime_extra-0_seq5_ov50_cv5_static_only_seed40042_report.json,25031,9f1d756b36a221d671645a1cdb910ff2fdb32f4d20f9b66478b7c99d4db86d4a
20260630_0630_overfitting_sweep_generalization_rank2,consumed_report_json,/home/trinker/Code/github/PPG-Frailty-pipeline/results_frailty3/_overfitting_sweep/20260630_0630_overfitting_sweep_generalization_rank2/reports/gen_143/rank02_r1_small_inceptiontime_extra-0_seq5_ov50_cv5_static_only_seed42_report.json,24958,5f1bad999c247810519c45fdf5eebd62a06c87a71e3206546bd8eb3b0e5fac52
20260630_0630_overfitting_sweep_generalization_rank2,consumed_report_json,/home/trinker/Code/github/PPG-Frailty-pipeline/results_frailty3/_overfitting_sweep/20260630_0630_overfitting_sweep_generalization_rank2/reports/gen_143/rank02_r2_small_inceptiontime_extra-0_seq5_ov50_cv5_static_only_seed10042_report.json,24931,82e014a6dd21113415a7ea435c313855e72c2249400bb6842252f295ff9cbaef
20260630_0630_overfitting_sweep_generalization_rank2,consumed_report_json,/home/trinker/Code/github/PPG-Frailty-pipeline/results_frailty3/_overfitting_sweep/20260630_0630_overfitting_sweep_generalization_rank2/reports/gen_143/rank02_r3_small_inceptiontime_extra-0_seq5_ov50_cv5_static_only_seed20042_report.json,25088,ce38d8cf0a19809703b11943d00fcd56c217a429419709b54f7b3c40b944aac2
20260630_0630_overfitting_sweep_generalization_rank2,consumed_report_json,/home/trinker/Code/github/PPG-Frailty-pipeline/results_frailty3/_overfitting_sweep/20260630_0630_overfitting_sweep_generalization_rank2/reports/gen_143/rank02_r4_small_inceptiontime_extra-0_seq5_ov50_cv5_static_only_seed30042_report.json,24994,43820442ab796e3681a58f34dc1fdfcf1820cd3f1771933d0fea85dc12ba0abe
20260630_0630_overfitting_sweep_generalization_rank2,consumed_report_json,/home/trinker/Code/github/PPG-Frailty-pipeline/results_frailty3/_overfitting_sweep/20260630_0630_overfitting_sweep_generalization_rank2/reports/gen_143/rank02_r5_small_inceptiontime_extra-0_seq5_ov50_cv5_static_only_seed40042_report.json,24998,d9a9b13c383978ab5645237c3529a0d3764c6fdf4a611a0792d755bdd3c4b1ff
20260630_0630_overfitting_sweep_generalization_rank2,consumed_report_json,/home/trinker/Code/github/PPG-Frailty-pipeline/results_frailty3/_overfitting_sweep/20260630_0630_overfitting_sweep_generalization_rank2/reports/gen_144/rank02_r1_small_inceptiontime_extra-0_seq5_ov50_cv5_static_only_seed42_report.json,24961,e5d8946d4e0c25c1f31a1152010ab29637720bc1d9d567d531ee1fbd48c50778
20260630_0630_overfitting_sweep_generalization_rank2,consumed_report_json,/home/trinker/Code/github/PPG-Frailty-pipeline/results_frailty3/_overfitting_sweep/20260630_0630_overfitting_sweep_generalization_rank2/reports/gen_144/rank02_r2_small_inceptiontime_extra-0_seq5_ov50_cv5_static_only_seed10042_report.json,24938,c3ae55ec0fc7076f5ad0726a9538a132e3eaf9c89c8fdeadf7cc3a70675bfc8d
20260630_0630_overfitting_sweep_generalization_rank2,consumed_report_json,/home/trinker/Code/github/PPG-Frailty-pipeline/results_frailty3/_overfitting_sweep/20260630_0630_overfitting_sweep_generalization_rank2/reports/gen_144/rank02_r3_small_inceptiontime_extra-0_seq5_ov50_cv5_static_only_seed20042_report.json,25041,532ea5179f2e1fb6292f32fb4b6a9981f19464a9cdd2b7725feee6e73b2043e4
20260630_0630_overfitting_sweep_generalization_rank2,consumed_report_json,/home/trinker/Code/github/PPG-Frailty-pipeline/results_frailty3/_overfitting_sweep/20260630_0630_overfitting_sweep_generalization_rank2/reports/gen_144/rank02_r4_small_inceptiontime_extra-0_seq5_ov50_cv5_static_only_seed30042_report.json,24984,d232ce01d6b736d1ae7f5e2f85fec2d2a69d5ac4c44bcfec7b1371ab67aba321
20260630_0630_overfitting_sweep_generalization_rank2,consumed_report_json,/home/trinker/Code/github/PPG-Frailty-pipeline/results_frailty3/_overfitting_sweep/20260630_0630_overfitting_sweep_generalization_rank2/reports/gen_144/rank02_r5_small_inceptiontime_extra-0_seq5_ov50_cv5_static_only_seed40042_report.json,25069,46a8b5adb2cacb52e3686c615c0f57b5bb5cf9e93bfbaeb9e08753ff35829d7f
20260630_0630_overfitting_sweep_generalization_rank2,consumed_report_json,/home/trinker/Code/github/PPG-Frailty-pipeline/results_frailty3/_overfitting_sweep/20260630_0630_overfitting_sweep_generalization_rank2/reports/gen_145/rank02_r1_small_inceptiontime_extra-0_seq5_ov50_cv5_static_only_seed42_report.json,25000,2634850483a0e8563daac6a26ce77ba587a1fcefc0b83aa1875f4bc14c0ec579
20260630_0630_overfitting_sweep_generalization_rank2,consumed_report_json,/home/trinker/Code/github/PPG-Frailty-pipeline/results_frailty3/_overfitting_sweep/20260630_0630_overfitting_sweep_generalization_rank2/reports/gen_145/rank02_r2_small_inceptiontime_extra-0_seq5_ov50_cv5_static_only_seed10042_report.json,25042,bd50121f32559b711d0c513a383967103764d607f8c2e32777e7f473101d8c83
20260630_0630_overfitting_sweep_generalization_rank2,consumed_report_json,/home/trinker/Code/github/PPG-Frailty-pipeline/results_frailty3/_overfitting_sweep/20260630_0630_overfitting_sweep_generalization_rank2/reports/gen_145/rank02_r3_small_inceptiontime_extra-0_seq5_ov50_cv5_static_only_seed20042_report.json,25130,38717d0a2dc651dd21cd634c320ec7f262c94c31683c6d984f3e17fccc34d27b
20260630_0630_overfitting_sweep_generalization_rank2,consumed_report_json,/home/trinker/Code/github/PPG-Frailty-pipeline/results_frailty3/_overfitting_sweep/20260630_0630_overfitting_sweep_generalization_rank2/reports/gen_145/rank02_r4_small_inceptiontime_extra-0_seq5_ov50_cv5_static_only_seed30042_report.json,24827,c9b9d289286e387a42fc0f4ee3e060ecf09236b3b0e48de42715184a646abf38
20260630_0630_overfitting_sweep_generalization_rank2,consumed_report_json,/home/trinker/Code/github/PPG-Frailty-pipeline/results_frailty3/_overfitting_sweep/20260630_0630_overfitting_sweep_generalization_rank2/reports/gen_145/rank02_r5_small_inceptiontime_extra-0_seq5_ov50_cv5_static_only_seed40042_report.json,25113,c3e4018815fed00438b7a528edc9a3b5fda4030e9b8af525eb9be68821f760fb
20260630_0630_overfitting_sweep_generalization_rank2,consumed_report_json,/home/trinker/Code/github/PPG-Frailty-pipeline/results_frailty3/_overfitting_sweep/20260630_0630_overfitting_sweep_generalization_rank2/reports/gen_146/rank02_r1_small_inceptiontime_extra-0_seq5_ov50_cv5_static_only_seed42_report.json,25063,2d2706e7e147a4a0214a3a4d7abf4442709fade5e3145f899e2c8962be362b14
20260630_0630_overfitting_sweep_generalization_rank2,consumed_report_json,/home/trinker/Code/github/PPG-Frailty-pipeline/results_frailty3/_overfitting_sweep/20260630_0630_overfitting_sweep_generalization_rank2/reports/gen_146/rank02_r2_small_inceptiontime_extra-0_seq5_ov50_cv5_static_only_seed10042_report.json,25075,2c7401d9e4161ebbeef8ec8bda66ecd56049154f880e5658949ca3ebad15a7ed
20260630_0630_overfitting_sweep_generalization_rank2,consumed_report_json,/home/trinker/Code/github/PPG-Frailty-pipeline/results_frailty3/_overfitting_sweep/20260630_0630_overfitting_sweep_generalization_rank2/reports/gen_146/rank02_r3_small_inceptiontime_extra-0_seq5_ov50_cv5_static_only_seed20042_report.json,25095,e57e1e17a5fede0efe15548bc15d5f1d1830ddfba1da5deccf195a4baa2cafbd
20260630_0630_overfitting_sweep_generalization_rank2,consumed_report_json,/home/trinker/Code/github/PPG-Frailty-pipeline/results_frailty3/_overfitting_sweep/20260630_0630_overfitting_sweep_generalization_rank2/reports/gen_146/rank02_r4_small_inceptiontime_extra-0_seq5_ov50_cv5_static_only_seed30042_report.json,25053,04cc746941e1bb2d9426ac19a25076f35d2e03cdcd08aab085b4203057c599c1
20260630_0630_overfitting_sweep_generalization_rank2,consumed_report_json,/home/trinker/Code/github/PPG-Frailty-pipeline/results_frailty3/_overfitting_sweep/20260630_0630_overfitting_sweep_generalization_rank2/reports/gen_146/rank02_r5_small_inceptiontime_extra-0_seq5_ov50_cv5_static_only_seed40042_report.json,24961,79b86df28d8892c4af2a16026c80515a59078cdbcacfa753a2cd890b60aa97fc
20260630_0630_overfitting_sweep_generalization_rank2,consumed_report_json,/home/trinker/Code/github/PPG-Frailty-pipeline/results_frailty3/_overfitting_sweep/20260630_0630_overfitting_sweep_generalization_rank2/reports/gen_147/rank02_r1_small_inceptiontime_extra-0_seq5_ov50_cv5_static_only_seed42_report.json,24978,1c328b95f81c95923579211e8e51661cc89cf52958749de383968d9de202526e
20260630_0630_overfitting_sweep_generalization_rank2,consumed_report_json,/home/trinker/Code/github/PPG-Frailty-pipeline/results_frailty3/_overfitting_sweep/20260630_0630_overfitting_sweep_generalization_rank2/reports/gen_147/rank02_r2_small_inceptiontime_extra-0_seq5_ov50_cv5_static_only_seed10042_report.json,25025,52344704b664890c6f12822b3d5c1776789d7cd311c8d9c9b4f0ae0d0b37ccc4
20260630_0630_overfitting_sweep_generalization_rank2,consumed_report_json,/home/trinker/Code/github/PPG-Frailty-pipeline/results_frailty3/_overfitting_sweep/20260630_0630_overfitting_sweep_generalization_rank2/reports/gen_147/rank02_r3_small_inceptiontime_extra-0_seq5_ov50_cv5_static_only_seed20042_report.json,25117,9e2af3de383f3d17e0f85aae40f738ca6f0e862c4868dc6405efafaaf0793327
20260630_0630_overfitting_sweep_generalization_rank2,consumed_report_json,/home/trinker/Code/github/PPG-Frailty-pipeline/results_frailty3/_overfitting_sweep/20260630_0630_overfitting_sweep_generalization_rank2/reports/gen_147/rank02_r4_small_inceptiontime_extra-0_seq5_ov50_cv5_static_only_seed30042_report.json,25005,e62e434b37e7ae6831c49efb1d43c1ac235c81a37d681d644d99978b38facb82
20260630_0630_overfitting_sweep_generalization_rank2,consumed_report_json,/home/trinker/Code/github/PPG-Frailty-pipeline/results_frailty3/_overfitting_sweep/20260630_0630_overfitting_sweep_generalization_rank2/reports/gen_147/rank02_r5_small_inceptiontime_extra-0_seq5_ov50_cv5_static_only_seed40042_report.json,24917,f408f66f962510e3f947c65a61f8c3658d8b38b59240303bd1f741d2ae92b830
20260630_0630_overfitting_sweep_generalization_rank2,consumed_report_json,/home/trinker/Code/github/PPG-Frailty-pipeline/results_frailty3/_overfitting_sweep/20260630_0630_overfitting_sweep_generalization_rank2/reports/gen_148/rank02_r1_small_inceptiontime_extra-0_seq5_ov50_cv5_static_only_seed42_report.json,25049,a4abefbcfc54c266730d23696ff311e3ea10883ab806e998b97552e167e54971
20260630_0630_overfitting_sweep_generalization_rank2,consumed_report_json,/home/trinker/Code/github/PPG-Frailty-pipeline/results_frailty3/_overfitting_sweep/20260630_0630_overfitting_sweep_generalization_rank2/reports/gen_148/rank02_r2_small_inceptiontime_extra-0_seq5_ov50_cv5_static_only_seed10042_report.json,24931,2dfd3240ff1f61aaaa93bf7f11f1d6fd537a0dea0710eda2b5cc8edd46d0aff5
20260630_0630_overfitting_sweep_generalization_rank2,consumed_report_json,/home/trinker/Code/github/PPG-Frailty-pipeline/results_frailty3/_overfitting_sweep/20260630_0630_overfitting_sweep_generalization_rank2/reports/gen_148/rank02_r3_small_inceptiontime_extra-0_seq5_ov50_cv5_static_only_seed20042_report.json,25054,684d61de04dec487c105136ca69a4894c40cfff3ca4cd7e00cf48f993962c27c
20260630_0630_overfitting_sweep_generalization_rank2,consumed_report_json,/home/trinker/Code/github/PPG-Frailty-pipeline/results_frailty3/_overfitting_sweep/20260630_0630_overfitting_sweep_generalization_rank2/reports/gen_148/rank02_r4_small_inceptiontime_extra-0_seq5_ov50_cv5_static_only_seed30042_report.json,25069,9f45915cd8ae924465c62a557f848adfbf0b8ba7de8ff29701f4fca3d7a2ad99
20260630_0630_overfitting_sweep_generalization_rank2,consumed_report_json,/home/trinker/Code/github/PPG-Frailty-pipeline/results_frailty3/_overfitting_sweep/20260630_0630_overfitting_sweep_generalization_rank2/reports/gen_148/rank02_r5_small_inceptiontime_extra-0_seq5_ov50_cv5_static_only_seed40042_report.json,25012,bb7f98bcac79a6a51b803ecf6d8963833dea083abb1f313dec2bba0bc5b12813
20260630_0630_overfitting_sweep_generalization_rank2,consumed_report_json,/home/trinker/Code/github/PPG-Frailty-pipeline/results_frailty3/_overfitting_sweep/20260630_0630_overfitting_sweep_generalization_rank2/reports/gen_149/rank02_r1_small_inceptiontime_extra-0_seq5_ov50_cv5_static_only_seed42_report.json,24940,cbe183038e219f1afb51882fb5d76c22eb77d3efee801a0a924a7ef884db452b
20260630_0630_overfitting_sweep_generalization_rank2,consumed_report_json,/home/trinker/Code/github/PPG-Frailty-pipeline/results_frailty3/_overfitting_sweep/20260630_0630_overfitting_sweep_generalization_rank2/reports/gen_149/rank02_r2_small_inceptiontime_extra-0_seq5_ov50_cv5_static_only_seed10042_report.json,25055,94a185551b1e0209f2aa4b2fd8345dce14d69964fc3b44c9710047ee11132a54
20260630_0630_overfitting_sweep_generalization_rank2,consumed_report_json,/home/trinker/Code/github/PPG-Frailty-pipeline/results_frailty3/_overfitting_sweep/20260630_0630_overfitting_sweep_generalization_rank2/reports/gen_149/rank02_r3_small_inceptiontime_extra-0_seq5_ov50_cv5_static_only_seed20042_report.json,25028,818b7ae388254656cd44e39c6cceed69a61cb5487d624999af15464ccc873e89
20260630_0630_overfitting_sweep_generalization_rank2,consumed_report_json,/home/trinker/Code/github/PPG-Frailty-pipeline/results_frailty3/_overfitting_sweep/20260630_0630_overfitting_sweep_generalization_rank2/reports/gen_149/rank02_r4_small_inceptiontime_extra-0_seq5_ov50_cv5_static_only_seed30042_report.json,25038,242b517ae18f2a972bea01262ed06af7d72ae9ebe1a28281c59fa582ddbbe0bb
20260630_0630_overfitting_sweep_generalization_rank2,consumed_report_json,/home/trinker/Code/github/PPG-Frailty-pipeline/results_frailty3/_overfitting_sweep/20260630_0630_overfitting_sweep_generalization_rank2/reports/gen_149/rank02_r5_small_inceptiontime_extra-0_seq5_ov50_cv5_static_only_seed40042_report.json,25086,03a3b9e953ac208663d509bde553cbdeb6cafbe2fca9bb3a28c4b3fafca957e3
20260630_0630_overfitting_sweep_generalization_rank2,consumed_report_json,/home/trinker/Code/github/PPG-Frailty-pipeline/results_frailty3/_overfitting_sweep/20260630_0630_overfitting_sweep_generalization_rank2/reports/gen_150/rank02_r1_small_inceptiontime_extra-0_seq5_ov50_cv5_static_only_seed42_report.json,24970,01f6b147a71717cb6653b40729f58a7d24092e134ff2d39ff3da0442a548507e
20260630_0630_overfitting_sweep_generalization_rank2,consumed_report_json,/home/trinker/Code/github/PPG-Frailty-pipeline/results_frailty3/_overfitting_sweep/20260630_0630_overfitting_sweep_generalization_rank2/reports/gen_150/rank02_r2_small_inceptiontime_extra-0_seq5_ov50_cv5_static_only_seed10042_report.json,24926,848670cb6dfd66d5ffd54005d8d01188c60e7830a8911891d1e7879832b7f8f9
20260630_0630_overfitting_sweep_generalization_rank2,consumed_report_json,/home/trinker/Code/github/PPG-Frailty-pipeline/results_frailty3/_overfitting_sweep/20260630_0630_overfitting_sweep_generalization_rank2/reports/gen_150/rank02_r3_small_inceptiontime_extra-0_seq5_ov50_cv5_static_only_seed20042_report.json,24984,d8365f5cba29f864689a4bcd5b1ba8cd93ce89a0454f8f148da5f87f2632a61e
20260630_0630_overfitting_sweep_generalization_rank2,consumed_report_json,/home/trinker/Code/github/PPG-Frailty-pipeline/results_frailty3/_overfitting_sweep/20260630_0630_overfitting_sweep_generalization_rank2/reports/gen_150/rank02_r4_small_inceptiontime_extra-0_seq5_ov50_cv5_static_only_seed30042_report.json,25025,bff6e33b3049bf7bae10bcfde6b66f92ba8bbec62e3c190968bd742e781f03b2
20260630_0630_overfitting_sweep_generalization_rank2,consumed_report_json,/home/trinker/Code/github/PPG-Frailty-pipeline/results_frailty3/_overfitting_sweep/20260630_0630_overfitting_sweep_generalization_rank2/reports/gen_150/rank02_r5_small_inceptiontime_extra-0_seq5_ov50_cv5_static_only_seed40042_report.json,25040,5a5755eb25e0300fdabceffe3e902a056749b9c4d5d4ea4b4e81e305b7081160
20260630_0630_overfitting_sweep_generalization_rank2,consumed_report_json,/home/trinker/Code/github/PPG-Frailty-pipeline/results_frailty3/_overfitting_sweep/20260630_0630_overfitting_sweep_generalization_rank2/reports/gen_151/rank02_r1_small_inceptiontime_extra-0_seq5_ov50_cv5_static_only_seed42_report.json,25030,9729c7d6749e3a3bae306ba7d2dbf2f69a8e0499cd286ed474dcfdedfa710e67
20260630_0630_overfitting_sweep_generalization_rank2,consumed_report_json,/home/trinker/Code/github/PPG-Frailty-pipeline/results_frailty3/_overfitting_sweep/20260630_0630_overfitting_sweep_generalization_rank2/reports/gen_151/rank02_r2_small_inceptiontime_extra-0_seq5_ov50_cv5_static_only_seed10042_report.json,24911,ad9c9cdfe97cb5005a4c775bd89a81794f7aa992eb6e631d65659410edfa3ab1
20260630_0630_overfitting_sweep_generalization_rank2,consumed_report_json,/home/trinker/Code/github/PPG-Frailty-pipeline/results_frailty3/_overfitting_sweep/20260630_0630_overfitting_sweep_generalization_rank2/reports/gen_151/rank02_r3_small_inceptiontime_extra-0_seq5_ov50_cv5_static_only_seed20042_report.json,24971,45a043d5b6fdf0c47b1d42501836c09b31e75c2bfff13a6a138035482231f703
20260630_0630_overfitting_sweep_generalization_rank2,consumed_report_json,/home/trinker/Code/github/PPG-Frailty-pipeline/results_frailty3/_overfitting_sweep/20260630_0630_overfitting_sweep_generalization_rank2/reports/gen_151/rank02_r4_small_inceptiontime_extra-0_seq5_ov50_cv5_static_only_seed30042_report.json,24917,8c94ccce0f2e28799000d14f676d8a4d92ef9a4b51e26fb27c0efa57eeb99393
20260630_0630_overfitting_sweep_generalization_rank2,consumed_report_json,/home/trinker/Code/github/PPG-Frailty-pipeline/results_frailty3/_overfitting_sweep/20260630_0630_overfitting_sweep_generalization_rank2/reports/gen_151/rank02_r5_small_inceptiontime_extra-0_seq5_ov50_cv5_static_only_seed40042_report.json,24881,9510e4e69896db60755e6125370892fe85e4892b204f5caf9e9a67987166b386
20260630_0630_overfitting_sweep_generalization_rank2,consumed_report_json,/home/trinker/Code/github/PPG-Frailty-pipeline/results_frailty3/_overfitting_sweep/20260630_0630_overfitting_sweep_generalization_rank2/reports/gen_152/rank02_r1_small_inceptiontime_extra-0_seq5_ov50_cv5_static_only_seed42_report.json,24861,d7c6f71e21027b435c37af6124947562477a8b720362267012ae6c117c8dd475
20260630_0630_overfitting_sweep_generalization_rank2,consumed_report_json,/home/trinker/Code/github/PPG-Frailty-pipeline/results_frailty3/_overfitting_sweep/20260630_0630_overfitting_sweep_generalization_rank2/reports/gen_152/rank02_r2_small_inceptiontime_extra-0_seq5_ov50_cv5_static_only_seed10042_report.json,24957,e82663281962eea209b5d53397d18e31eb51bfd63c537269cf57d82717aa92d3
20260630_0630_overfitting_sweep_generalization_rank2,consumed_report_json,/home/trinker/Code/github/PPG-Frailty-pipeline/results_frailty3/_overfitting_sweep/20260630_0630_overfitting_sweep_generalization_rank2/reports/gen_152/rank02_r3_small_inceptiontime_extra-0_seq5_ov50_cv5_static_only_seed20042_report.json,24977,da492d7b3518c5937aeeb9975322988b06babc6b0ed7954707043bbfc19dfdb5
20260630_0630_overfitting_sweep_generalization_rank2,consumed_report_json,/home/trinker/Code/github/PPG-Frailty-pipeline/results_frailty3/_overfitting_sweep/20260630_0630_overfitting_sweep_generalization_rank2/reports/gen_152/rank02_r4_small_inceptiontime_extra-0_seq5_ov50_cv5_static_only_seed30042_report.json,24871,3e48f9c9f5c780004b9f3e81b0fcf628d033e08b323538cdea625d6265881dd7
20260630_0630_overfitting_sweep_generalization_rank2,consumed_report_json,/home/trinker/Code/github/PPG-Frailty-pipeline/results_frailty3/_overfitting_sweep/20260630_0630_overfitting_sweep_generalization_rank2/reports/gen_152/rank02_r5_small_inceptiontime_extra-0_seq5_ov50_cv5_static_only_seed40042_report.json,24910,594564ec02ef5877482ff06de8a604b44f3ab7fc6dbc41fd34d5bc3de12cd8e6
20260630_0630_overfitting_sweep_generalization_rank2,consumed_report_json,/home/trinker/Code/github/PPG-Frailty-pipeline/results_frailty3/_overfitting_sweep/20260630_0630_overfitting_sweep_generalization_rank2/reports/gen_153/rank02_r1_small_inceptiontime_extra-0_seq5_ov50_cv5_static_only_seed42_report.json,25009,58d930352a48ff1af10685c8668e10ef7039c9bd871b3099ec1d25ed99b4557e
20260630_0630_overfitting_sweep_generalization_rank2,consumed_report_json,/home/trinker/Code/github/PPG-Frailty-pipeline/results_frailty3/_overfitting_sweep/20260630_0630_overfitting_sweep_generalization_rank2/reports/gen_153/rank02_r2_small_inceptiontime_extra-0_seq5_ov50_cv5_static_only_seed10042_report.json,24881,442cbe1e027fecba407133b7fe34fda31dd353188661f5ca6ead8fefc6117be2
20260630_0630_overfitting_sweep_generalization_rank2,consumed_report_json,/home/trinker/Code/github/PPG-Frailty-pipeline/results_frailty3/_overfitting_sweep/20260630_0630_overfitting_sweep_generalization_rank2/reports/gen_153/rank02_r3_small_inceptiontime_extra-0_seq5_ov50_cv5_static_only_seed20042_report.json,25002,cbb4fd17261494353f025e939c8471e20886bc2bdfec0d80d0dccf7407d68055
20260630_0630_overfitting_sweep_generalization_rank2,consumed_report_json,/home/trinker/Code/github/PPG-Frailty-pipeline/results_frailty3/_overfitting_sweep/20260630_0630_overfitting_sweep_generalization_rank2/reports/gen_153/rank02_r4_small_inceptiontime_extra-0_seq5_ov50_cv5_static_only_seed30042_report.json,25094,7e6d7bece24e78c028ccfac75734ab202014cadfc777fdccc34ca4d85bb72dc8
20260630_0630_overfitting_sweep_generalization_rank2,consumed_report_json,/home/trinker/Code/github/PPG-Frailty-pipeline/results_frailty3/_overfitting_sweep/20260630_0630_overfitting_sweep_generalization_rank2/reports/gen_153/rank02_r5_small_inceptiontime_extra-0_seq5_ov50_cv5_static_only_seed40042_report.json,24912,a04756675f5b3abd7ba665c193ed3a36b69cc088a87f0cb0be5c1bcd579cadfb
20260630_0630_overfitting_sweep_generalization_rank2,consumed_report_json,/home/trinker/Code/github/PPG-Frailty-pipeline/results_frailty3/_overfitting_sweep/20260630_0630_overfitting_sweep_generalization_rank2/reports/gen_154/rank02_r1_small_inceptiontime_extra-0_seq5_ov50_cv5_static_only_seed42_report.json,25047,f4051da2024e2a8124e18da31962f4e8b13cfa0bd7f221c23a6ab9582b6f4ee7
20260630_0630_overfitting_sweep_generalization_rank2,consumed_report_json,/home/trinker/Code/github/PPG-Frailty-pipeline/results_frailty3/_overfitting_sweep/20260630_0630_overfitting_sweep_generalization_rank2/reports/gen_154/rank02_r2_small_inceptiontime_extra-0_seq5_ov50_cv5_static_only_seed10042_report.json,24902,20740d0ea05bef2bc77c64545c928e912742df9ee9a85c2c9770bde7a90867f0
20260630_0630_overfitting_sweep_generalization_rank2,consumed_report_json,/home/trinker/Code/github/PPG-Frailty-pipeline/results_frailty3/_overfitting_sweep/20260630_0630_overfitting_sweep_generalization_rank2/reports/gen_154/rank02_r3_small_inceptiontime_extra-0_seq5_ov50_cv5_static_only_seed20042_report.json,24962,9c7e26b256ec035a671462a2875ddacfb62ee9ccf8f3fe64c15c9af92ad86aed
20260630_0630_overfitting_sweep_generalization_rank2,consumed_report_json,/home/trinker/Code/github/PPG-Frailty-pipeline/results_frailty3/_overfitting_sweep/20260630_0630_overfitting_sweep_generalization_rank2/reports/gen_154/rank02_r4_small_inceptiontime_extra-0_seq5_ov50_cv5_static_only_seed30042_report.json,24940,551059da32dc874690edb5f0f70fbca652972e0ca50b3ddfb8b76a8042aa8161
20260630_0630_overfitting_sweep_generalization_rank2,consumed_report_json,/home/trinker/Code/github/PPG-Frailty-pipeline/results_frailty3/_overfitting_sweep/20260630_0630_overfitting_sweep_generalization_rank2/reports/gen_154/rank02_r5_small_inceptiontime_extra-0_seq5_ov50_cv5_static_only_seed40042_report.json,24924,4b19a388e5460544d7df10aa0c2c8f4ac6c9d732d250e208fdfdaa40b7e33af0
20260630_0630_overfitting_sweep_generalization_rank2,consumed_report_json,/home/trinker/Code/github/PPG-Frailty-pipeline/results_frailty3/_overfitting_sweep/20260630_0630_overfitting_sweep_generalization_rank2/reports/gen_155/rank02_r1_small_inceptiontime_extra-0_seq5_ov50_cv5_static_only_seed42_report.json,25015,d8dc15747ef5eef5662b05ee46b3f17a10b00b5f082aaac11b3740af18b82ca1
20260630_0630_overfitting_sweep_generalization_rank2,consumed_report_json,/home/trinker/Code/github/PPG-Frailty-pipeline/results_frailty3/_overfitting_sweep/20260630_0630_overfitting_sweep_generalization_rank2/reports/gen_155/rank02_r2_small_inceptiontime_extra-0_seq5_ov50_cv5_static_only_seed10042_report.json,25020,e88f1efe0d599a441a6ca58130d9bcf7db4fc9c04bee4781489e204af5c41cc0
20260630_0630_overfitting_sweep_generalization_rank2,consumed_report_json,/home/trinker/Code/github/PPG-Frailty-pipeline/results_frailty3/_overfitting_sweep/20260630_0630_overfitting_sweep_generalization_rank2/reports/gen_155/rank02_r3_small_inceptiontime_extra-0_seq5_ov50_cv5_static_only_seed20042_report.json,24988,1ab9825210d3844129297bdad0d19babab70aa7522b45a5bd39066a9f0f14f83
20260630_0630_overfitting_sweep_generalization_rank2,consumed_report_json,/home/trinker/Code/github/PPG-Frailty-pipeline/results_frailty3/_overfitting_sweep/20260630_0630_overfitting_sweep_generalization_rank2/reports/gen_155/rank02_r4_small_inceptiontime_extra-0_seq5_ov50_cv5_static_only_seed30042_report.json,25048,af6050beae05a82546f26df056bd17f69d7dedbaad0083cd4b56b01eb395724e
20260630_0630_overfitting_sweep_generalization_rank2,consumed_report_json,/home/trinker/Code/github/PPG-Frailty-pipeline/results_frailty3/_overfitting_sweep/20260630_0630_overfitting_sweep_generalization_rank2/reports/gen_155/rank02_r5_small_inceptiontime_extra-0_seq5_ov50_cv5_static_only_seed40042_report.json,25027,01e24438aaac3a02bea2bb8337f632ae16a5229b6e53c16f0622d5960805f568
20260630_0630_overfitting_sweep_generalization_rank2,consumed_report_json,/home/trinker/Code/github/PPG-Frailty-pipeline/results_frailty3/_overfitting_sweep/20260630_0630_overfitting_sweep_generalization_rank2/reports/gen_156/rank02_r1_small_inceptiontime_extra-0_seq5_ov50_cv5_static_only_seed42_report.json,25015,90e1ee55a063411295426cbb72920c51629dfe1e1ae704852d0bc93611413b12
20260630_0630_overfitting_sweep_generalization_rank2,consumed_report_json,/home/trinker/Code/github/PPG-Frailty-pipeline/results_frailty3/_overfitting_sweep/20260630_0630_overfitting_sweep_generalization_rank2/reports/gen_156/rank02_r2_small_inceptiontime_extra-0_seq5_ov50_cv5_static_only_seed10042_report.json,24931,0330cf8ab3b8a263ca4de99d57cdbbc9b5ac9626c61650df30864f4715108254
20260630_0630_overfitting_sweep_generalization_rank2,consumed_report_json,/home/trinker/Code/github/PPG-Frailty-pipeline/results_frailty3/_overfitting_sweep/20260630_0630_overfitting_sweep_generalization_rank2/reports/gen_156/rank02_r3_small_inceptiontime_extra-0_seq5_ov50_cv5_static_only_seed20042_report.json,25017,73d84727866d4b01538d791c7a313fa7ccdcec279bf3b9f22faaaf4e8120ebfa
20260630_0630_overfitting_sweep_generalization_rank2,consumed_report_json,/home/trinker/Code/github/PPG-Frailty-pipeline/results_frailty3/_overfitting_sweep/20260630_0630_overfitting_sweep_generalization_rank2/reports/gen_156/rank02_r4_small_inceptiontime_extra-0_seq5_ov50_cv5_static_only_seed30042_report.json,25052,aba94c70c326deb02791409ec8158fae79975afc395c433c862135566f338794
20260630_0630_overfitting_sweep_generalization_rank2,consumed_report_json,/home/trinker/Code/github/PPG-Frailty-pipeline/results_frailty3/_overfitting_sweep/20260630_0630_overfitting_sweep_generalization_rank2/reports/gen_156/rank02_r5_small_inceptiontime_extra-0_seq5_ov50_cv5_static_only_seed40042_report.json,25052,0a75fb477ae6525d086b57e22f8d9d910ce717470a87b60956091dc5de7db7b6
20260630_0630_overfitting_sweep_generalization_rank2,consumed_report_json,/home/trinker/Code/github/PPG-Frailty-pipeline/results_frailty3/_overfitting_sweep/20260630_0630_overfitting_sweep_generalization_rank2/reports/gen_157/rank02_r1_small_inceptiontime_extra-0_seq5_ov50_cv5_static_only_seed42_report.json,24936,584770669b0e43ce65e8de71e78c47e1e7dd9f6e1ba919d90d63f7b5ccdcefec
20260630_0630_overfitting_sweep_generalization_rank2,consumed_report_json,/home/trinker/Code/github/PPG-Frailty-pipeline/results_frailty3/_overfitting_sweep/20260630_0630_overfitting_sweep_generalization_rank2/reports/gen_157/rank02_r2_small_inceptiontime_extra-0_seq5_ov50_cv5_static_only_seed10042_report.json,24972,ba70d0d2dc4c7421a9221c55c34f30edb4afec2a243e25d718f67d6bad6e0d96
20260630_0630_overfitting_sweep_generalization_rank2,consumed_report_json,/home/trinker/Code/github/PPG-Frailty-pipeline/results_frailty3/_overfitting_sweep/20260630_0630_overfitting_sweep_generalization_rank2/reports/gen_157/rank02_r3_small_inceptiontime_extra-0_seq5_ov50_cv5_static_only_seed20042_report.json,25066,ab427c5f7d758036606561d30d562f0c91829ef39daabb5f2d588cacc7ea5e36
20260630_0630_overfitting_sweep_generalization_rank2,consumed_report_json,/home/trinker/Code/github/PPG-Frailty-pipeline/results_frailty3/_overfitting_sweep/20260630_0630_overfitting_sweep_generalization_rank2/reports/gen_157/rank02_r4_small_inceptiontime_extra-0_seq5_ov50_cv5_static_only_seed30042_report.json,25087,51dd31691115924307412621f3119e56eb8274c241ef63d2ac3f826b1f85a3d3
20260630_0630_overfitting_sweep_generalization_rank2,consumed_report_json,/home/trinker/Code/github/PPG-Frailty-pipeline/results_frailty3/_overfitting_sweep/20260630_0630_overfitting_sweep_generalization_rank2/reports/gen_157/rank02_r5_small_inceptiontime_extra-0_seq5_ov50_cv5_static_only_seed40042_report.json,25017,567e3b7a63ac71e7b136d126a6bd7eacedb2d1b6d80de627ab7f7e4e0afdb62a
20260630_0630_overfitting_sweep_generalization_rank2,consumed_report_json,/home/trinker/Code/github/PPG-Frailty-pipeline/results_frailty3/_overfitting_sweep/20260630_0630_overfitting_sweep_generalization_rank2/reports/gen_158/rank02_r1_small_inceptiontime_extra-0_seq5_ov50_cv5_static_only_seed42_report.json,25123,9423c5682c6f38ffe068c2efc34e5d746ad9c242ad2fa86f772a681f616e0ba6
20260630_0630_overfitting_sweep_generalization_rank2,consumed_report_json,/home/trinker/Code/github/PPG-Frailty-pipeline/results_frailty3/_overfitting_sweep/20260630_0630_overfitting_sweep_generalization_rank2/reports/gen_158/rank02_r2_small_inceptiontime_extra-0_seq5_ov50_cv5_static_only_seed10042_report.json,25120,ffd9521ba2695f38c4c8f69f48c6bec068e16944c8b9972dc8380b4e0d07ce39
20260630_0630_overfitting_sweep_generalization_rank2,consumed_report_json,/home/trinker/Code/github/PPG-Frailty-pipeline/results_frailty3/_overfitting_sweep/20260630_0630_overfitting_sweep_generalization_rank2/reports/gen_158/rank02_r3_small_inceptiontime_extra-0_seq5_ov50_cv5_static_only_seed20042_report.json,25134,edaada59ae2cb6f9d9476a59933d48dec43288eb25a40f856039f4abb5356217
20260630_0630_overfitting_sweep_generalization_rank2,consumed_report_json,/home/trinker/Code/github/PPG-Frailty-pipeline/results_frailty3/_overfitting_sweep/20260630_0630_overfitting_sweep_generalization_rank2/reports/gen_158/rank02_r4_small_inceptiontime_extra-0_seq5_ov50_cv5_static_only_seed30042_report.json,25053,e7d1797702e77ee59907f673a1833f097fc379db4c47cb9aef0d2174ac36de86
20260630_0630_overfitting_sweep_generalization_rank2,consumed_report_json,/home/trinker/Code/github/PPG-Frailty-pipeline/results_frailty3/_overfitting_sweep/20260630_0630_overfitting_sweep_generalization_rank2/reports/gen_158/rank02_r5_small_inceptiontime_extra-0_seq5_ov50_cv5_static_only_seed40042_report.json,24940,153e9858f8934af0e6f8f1182248ff12c79b74690037162c11dd97adbd5ed657
20260630_0630_overfitting_sweep_generalization_rank2,consumed_report_json,/home/trinker/Code/github/PPG-Frailty-pipeline/results_frailty3/_overfitting_sweep/20260630_0630_overfitting_sweep_generalization_rank2/reports/gen_159/rank02_r1_small_inceptiontime_extra-0_seq5_ov50_cv5_static_only_seed42_report.json,25024,67ab5401eecea8cbe95056b8ae199a47cd08b2beb97c955e811f6cc0c4eb4617
20260630_0630_overfitting_sweep_generalization_rank2,consumed_report_json,/home/trinker/Code/github/PPG-Frailty-pipeline/results_frailty3/_overfitting_sweep/20260630_0630_overfitting_sweep_generalization_rank2/reports/gen_159/rank02_r2_small_inceptiontime_extra-0_seq5_ov50_cv5_static_only_seed10042_report.json,25006,351a4ecfa08956c5527a32c6ec5c7a62a9b28cf64a70c259e9c2ac50182e5499
20260630_0630_overfitting_sweep_generalization_rank2,consumed_report_json,/home/trinker/Code/github/PPG-Frailty-pipeline/results_frailty3/_overfitting_sweep/20260630_0630_overfitting_sweep_generalization_rank2/reports/gen_159/rank02_r3_small_inceptiontime_extra-0_seq5_ov50_cv5_static_only_seed20042_report.json,25047,1a6bdc5e64f4d84f9cfae72dc2b68f43a77926c8b802eb4c99ced05e3e6ca6f2
20260630_0630_overfitting_sweep_generalization_rank2,consumed_report_json,/home/trinker/Code/github/PPG-Frailty-pipeline/results_frailty3/_overfitting_sweep/20260630_0630_overfitting_sweep_generalization_rank2/reports/gen_159/rank02_r4_small_inceptiontime_extra-0_seq5_ov50_cv5_static_only_seed30042_report.json,24847,57a0b1d5b912d6ebb46e572f3e99050671a9d225826f09e2654cc9a893d01346
20260630_0630_overfitting_sweep_generalization_rank2,consumed_report_json,/home/trinker/Code/github/PPG-Frailty-pipeline/results_frailty3/_overfitting_sweep/20260630_0630_overfitting_sweep_generalization_rank2/reports/gen_159/rank02_r5_small_inceptiontime_extra-0_seq5_ov50_cv5_static_only_seed40042_report.json,24938,e1fd3734d3b2f2dae9166a6dfe3d2eb6ed109aa1bc14c086e0d735d006e58fd8
20260630_0630_overfitting_sweep_generalization_rank2,consumed_report_json,/home/trinker/Code/github/PPG-Frailty-pipeline/results_frailty3/_overfitting_sweep/20260630_0630_overfitting_sweep_generalization_rank2/reports/gen_160/rank02_r1_small_inceptiontime_extra-0_seq5_ov50_cv5_static_only_seed42_report.json,25053,82928715aa3befa3235e982fce3867af7d59a771bbaa834c148304e697791f4e
20260630_0630_overfitting_sweep_generalization_rank2,consumed_report_json,/home/trinker/Code/github/PPG-Frailty-pipeline/results_frailty3/_overfitting_sweep/20260630_0630_overfitting_sweep_generalization_rank2/reports/gen_160/rank02_r2_small_inceptiontime_extra-0_seq5_ov50_cv5_static_only_seed10042_report.json,25126,299f1554591a401cb36b6fe596769502f69d82eaa0ec79dcf9e8b6d1ebcea0f4
20260630_0630_overfitting_sweep_generalization_rank2,consumed_report_json,/home/trinker/Code/github/PPG-Frailty-pipeline/results_frailty3/_overfitting_sweep/20260630_0630_overfitting_sweep_generalization_rank2/reports/gen_160/rank02_r3_small_inceptiontime_extra-0_seq5_ov50_cv5_static_only_seed20042_report.json,24976,e3007e84511cc0caf3a48c4247d1328028b454118816c2c0378aed05a10d43ca
20260630_0630_overfitting_sweep_generalization_rank2,consumed_report_json,/home/trinker/Code/github/PPG-Frailty-pipeline/results_frailty3/_overfitting_sweep/20260630_0630_overfitting_sweep_generalization_rank2/reports/gen_160/rank02_r4_small_inceptiontime_extra-0_seq5_ov50_cv5_static_only_seed30042_report.json,25024,07e8e96f6d8b418799e901e74ac9a21e705aa5d020827c1ad11acf01f63b65e3
20260630_0630_overfitting_sweep_generalization_rank2,consumed_report_json,/home/trinker/Code/github/PPG-Frailty-pipeline/results_frailty3/_overfitting_sweep/20260630_0630_overfitting_sweep_generalization_rank2/reports/gen_160/rank02_r5_small_inceptiontime_extra-0_seq5_ov50_cv5_static_only_seed40042_report.json,25123,878e1f925c8c2342b367a450f4c5f060e40596fae9b72994e38ae88e0e01ff38
20260630_0630_overfitting_sweep_generalization_rank2,consumed_report_json,/home/trinker/Code/github/PPG-Frailty-pipeline/results_frailty3/_overfitting_sweep/20260630_0630_overfitting_sweep_generalization_rank2/reports/gen_161/rank02_r1_small_inceptiontime_extra-0_seq5_ov50_cv5_static_only_seed42_report.json,25022,20d2aaba7c63b637c9ba360b41fd69c2368215c88fb575815e365862818fe216
20260630_0630_overfitting_sweep_generalization_rank2,consumed_report_json,/home/trinker/Code/github/PPG-Frailty-pipeline/results_frailty3/_overfitting_sweep/20260630_0630_overfitting_sweep_generalization_rank2/reports/gen_161/rank02_r2_small_inceptiontime_extra-0_seq5_ov50_cv5_static_only_seed10042_report.json,25007,134ee88276a3e621e8d8ac2d93585f1fa5f5169ddca25a14e211bb4a579f834a
20260630_0630_overfitting_sweep_generalization_rank2,consumed_report_json,/home/trinker/Code/github/PPG-Frailty-pipeline/results_frailty3/_overfitting_sweep/20260630_0630_overfitting_sweep_generalization_rank2/reports/gen_161/rank02_r3_small_inceptiontime_extra-0_seq5_ov50_cv5_static_only_seed20042_report.json,25053,5dec101a5c86847681a5d8ae49db66432fab54d4359052c5fbc8a231e5c19316
20260630_0630_overfitting_sweep_generalization_rank2,consumed_report_json,/home/trinker/Code/github/PPG-Frailty-pipeline/results_frailty3/_overfitting_sweep/20260630_0630_overfitting_sweep_generalization_rank2/reports/gen_161/rank02_r4_small_inceptiontime_extra-0_seq5_ov50_cv5_static_only_seed30042_report.json,25049,087bbf42e20d44f5c849eda5bcd5263cc498a359013f06a1405a3da7e8eb05a9
20260630_0630_overfitting_sweep_generalization_rank2,consumed_report_json,/home/trinker/Code/github/PPG-Frailty-pipeline/results_frailty3/_overfitting_sweep/20260630_0630_overfitting_sweep_generalization_rank2/reports/gen_161/rank02_r5_small_inceptiontime_extra-0_seq5_ov50_cv5_static_only_seed40042_report.json,25105,ebd6b1e00c96bc413b23bdfd7a4d1bc49e5f4454f27312038a8c0b31f9134e77
20260630_0630_overfitting_sweep_generalization_rank2,consumed_report_json,/home/trinker/Code/github/PPG-Frailty-pipeline/results_frailty3/_overfitting_sweep/20260630_0630_overfitting_sweep_generalization_rank2/reports/gen_162/rank02_r1_small_inceptiontime_extra-0_seq5_ov50_cv5_static_only_seed42_report.json,24983,aec016319b472189ab24eae35c40cce3647ebc15faddad2e19eac61e77aa1a3f
20260630_0630_overfitting_sweep_generalization_rank2,consumed_report_json,/home/trinker/Code/github/PPG-Frailty-pipeline/results_frailty3/_overfitting_sweep/20260630_0630_overfitting_sweep_generalization_rank2/reports/gen_162/rank02_r2_small_inceptiontime_extra-0_seq5_ov50_cv5_static_only_seed10042_report.json,25037,791b2f895ae2146cb32ccd6a3cae56366635c3f39f9f3c6e2dc243baa5e6dce2
20260630_0630_overfitting_sweep_generalization_rank2,consumed_report_json,/home/trinker/Code/github/PPG-Frailty-pipeline/results_frailty3/_overfitting_sweep/20260630_0630_overfitting_sweep_generalization_rank2/reports/gen_162/rank02_r3_small_inceptiontime_extra-0_seq5_ov50_cv5_static_only_seed20042_report.json,24988,0928ea3a7fd8201cfcec476ab47c060a2f145f3b7fb4dec1ac95af78bf5ed154
20260630_0630_overfitting_sweep_generalization_rank2,consumed_report_json,/home/trinker/Code/github/PPG-Frailty-pipeline/results_frailty3/_overfitting_sweep/20260630_0630_overfitting_sweep_generalization_rank2/reports/gen_162/rank02_r4_small_inceptiontime_extra-0_seq5_ov50_cv5_static_only_seed30042_report.json,25055,f58d4e26ab614f0412d34d1633a3166dc61b05ecdeaa9d52d7f2189e90bd8233
20260630_0630_overfitting_sweep_generalization_rank2,consumed_report_json,/home/trinker/Code/github/PPG-Frailty-pipeline/results_frailty3/_overfitting_sweep/20260630_0630_overfitting_sweep_generalization_rank2/reports/gen_162/rank02_r5_small_inceptiontime_extra-0_seq5_ov50_cv5_static_only_seed40042_report.json,25025,1e39162b3dad7f3756b85fa8203272822251239d5aff83d8d5f1c27be4c3305d
20260630_0630_overfitting_sweep_generalization_rank2,consumed_report_json,/home/trinker/Code/github/PPG-Frailty-pipeline/results_frailty3/_overfitting_sweep/20260630_0630_overfitting_sweep_generalization_rank2/reports/gen_163/rank02_r1_small_inceptiontime_extra-0_seq5_ov50_cv5_static_only_seed42_report.json,25029,869d03cade84710c6dfb1dc4febe504f4b8685d93329fab37e4ca28d720a7341
20260630_0630_overfitting_sweep_generalization_rank2,consumed_report_json,/home/trinker/Code/github/PPG-Frailty-pipeline/results_frailty3/_overfitting_sweep/20260630_0630_overfitting_sweep_generalization_rank2/reports/gen_163/rank02_r2_small_inceptiontime_extra-0_seq5_ov50_cv5_static_only_seed10042_report.json,25113,b0a17e72c1fb746f0eea88e409696b5e9983bf473aa72a95be0c0e717b97ab61
20260630_0630_overfitting_sweep_generalization_rank2,consumed_report_json,/home/trinker/Code/github/PPG-Frailty-pipeline/results_frailty3/_overfitting_sweep/20260630_0630_overfitting_sweep_generalization_rank2/reports/gen_163/rank02_r3_small_inceptiontime_extra-0_seq5_ov50_cv5_static_only_seed20042_report.json,25129,c388e065774ac529534f84b9990f29dbe7d8e2e74072b8a7b66eed27991c063f
20260630_0630_overfitting_sweep_generalization_rank2,consumed_report_json,/home/trinker/Code/github/PPG-Frailty-pipeline/results_frailty3/_overfitting_sweep/20260630_0630_overfitting_sweep_generalization_rank2/reports/gen_163/rank02_r4_small_inceptiontime_extra-0_seq5_ov50_cv5_static_only_seed30042_report.json,25015,de81017d51778a75cb86da448c89cde444d2899cbfa074b54da1828a5b0b8b34
20260630_0630_overfitting_sweep_generalization_rank2,consumed_report_json,/home/trinker/Code/github/PPG-Frailty-pipeline/results_frailty3/_overfitting_sweep/20260630_0630_overfitting_sweep_generalization_rank2/reports/gen_163/rank02_r5_small_inceptiontime_extra-0_seq5_ov50_cv5_static_only_seed40042_report.json,25106,5470f4a21e41afbf8e365399c9902d6a660b0c05377dc24b6b998794d3f28354
20260630_0630_overfitting_sweep_generalization_rank2,consumed_report_json,/home/trinker/Code/github/PPG-Frailty-pipeline/results_frailty3/_overfitting_sweep/20260630_0630_overfitting_sweep_generalization_rank2/reports/gen_164/rank02_r1_small_inceptiontime_extra-0_seq5_ov50_cv5_static_only_seed42_report.json,25012,8d1b66223108e598d35de60d2dee5953a09cc84e7f7acf1912f05925518f6708
20260630_0630_overfitting_sweep_generalization_rank2,consumed_report_json,/home/trinker/Code/github/PPG-Frailty-pipeline/results_frailty3/_overfitting_sweep/20260630_0630_overfitting_sweep_generalization_rank2/reports/gen_164/rank02_r2_small_inceptiontime_extra-0_seq5_ov50_cv5_static_only_seed10042_report.json,25158,733742d9f387e5bdd85017a87ba6397cc0c3879fc81fe825d51198312f9a5278
20260630_0630_overfitting_sweep_generalization_rank2,consumed_report_json,/home/trinker/Code/github/PPG-Frailty-pipeline/results_frailty3/_overfitting_sweep/20260630_0630_overfitting_sweep_generalization_rank2/reports/gen_164/rank02_r3_small_inceptiontime_extra-0_seq5_ov50_cv5_static_only_seed20042_report.json,25031,0d3511ba13138b2dbde2b03cb9ae2382f349f14893dc6bec161ed2a5258c4c78
20260630_0630_overfitting_sweep_generalization_rank2,consumed_report_json,/home/trinker/Code/github/PPG-Frailty-pipeline/results_frailty3/_overfitting_sweep/20260630_0630_overfitting_sweep_generalization_rank2/reports/gen_164/rank02_r4_small_inceptiontime_extra-0_seq5_ov50_cv5_static_only_seed30042_report.json,25096,b6a8ab706c4a92692200454ceaf8140caaa67277a5a245bdfea7010495add8b9
20260630_0630_overfitting_sweep_generalization_rank2,consumed_report_json,/home/trinker/Code/github/PPG-Frailty-pipeline/results_frailty3/_overfitting_sweep/20260630_0630_overfitting_sweep_generalization_rank2/reports/gen_164/rank02_r5_small_inceptiontime_extra-0_seq5_ov50_cv5_static_only_seed40042_report.json,25071,dc5c2468b2db3145b829148cbc1f9857b0bab74b09c7d82ddde060bc28ab6ac8
20260630_0630_overfitting_sweep_generalization_rank2,consumed_report_json,/home/trinker/Code/github/PPG-Frailty-pipeline/results_frailty3/_overfitting_sweep/20260630_0630_overfitting_sweep_generalization_rank2/reports/gen_165/rank02_r1_small_inceptiontime_extra-0_seq5_ov50_cv5_static_only_seed42_report.json,24981,2384baa3c7f76545550de908e91880a9b9f037424bd4a854988c28c4ec613a76
20260630_0630_overfitting_sweep_generalization_rank2,consumed_report_json,/home/trinker/Code/github/PPG-Frailty-pipeline/results_frailty3/_overfitting_sweep/20260630_0630_overfitting_sweep_generalization_rank2/reports/gen_165/rank02_r2_small_inceptiontime_extra-0_seq5_ov50_cv5_static_only_seed10042_report.json,25069,42d32f19f89e1d6917137dff9fa142e53ebff8775c7a4dd3b15998cae7ad83cd
20260630_0630_overfitting_sweep_generalization_rank2,consumed_report_json,/home/trinker/Code/github/PPG-Frailty-pipeline/results_frailty3/_overfitting_sweep/20260630_0630_overfitting_sweep_generalization_rank2/reports/gen_165/rank02_r3_small_inceptiontime_extra-0_seq5_ov50_cv5_static_only_seed20042_report.json,24943,64617b6ec0af62cd08d4a59e7121d76c60e0059dd57cfd7fe2ff6172d5c31b99
20260630_0630_overfitting_sweep_generalization_rank2,consumed_report_json,/home/trinker/Code/github/PPG-Frailty-pipeline/results_frailty3/_overfitting_sweep/20260630_0630_overfitting_sweep_generalization_rank2/reports/gen_165/rank02_r4_small_inceptiontime_extra-0_seq5_ov50_cv5_static_only_seed30042_report.json,24996,c259315621f2206a2be757e4d72a1beb3636fe0f5c4b8cb8d85ca154235962ef
20260630_0630_overfitting_sweep_generalization_rank2,consumed_report_json,/home/trinker/Code/github/PPG-Frailty-pipeline/results_frailty3/_overfitting_sweep/20260630_0630_overfitting_sweep_generalization_rank2/reports/gen_165/rank02_r5_small_inceptiontime_extra-0_seq5_ov50_cv5_static_only_seed40042_report.json,24942,1d286cc88c5daf7217acd6657d4579a83420d5a7d89873648629e665068de54d
20260630_0630_overfitting_sweep_generalization_rank2,consumed_report_json,/home/trinker/Code/github/PPG-Frailty-pipeline/results_frailty3/_overfitting_sweep/20260630_0630_overfitting_sweep_generalization_rank2/reports/gen_166/rank02_r1_small_inceptiontime_extra-0_seq5_ov50_cv5_static_only_seed42_report.json,24998,5dd3beca7a10505f7c911ae1e7125ba67ae7309775e007afc26f11902dc38096
20260630_0630_overfitting_sweep_generalization_rank2,consumed_report_json,/home/trinker/Code/github/PPG-Frailty-pipeline/results_frailty3/_overfitting_sweep/20260630_0630_overfitting_sweep_generalization_rank2/reports/gen_166/rank02_r2_small_inceptiontime_extra-0_seq5_ov50_cv5_static_only_seed10042_report.json,24859,3731c57afafc5f2b7a121e3720b3f17999841deadad7940642cc8c7ac59e114e
20260630_0630_overfitting_sweep_generalization_rank2,consumed_report_json,/home/trinker/Code/github/PPG-Frailty-pipeline/results_frailty3/_overfitting_sweep/20260630_0630_overfitting_sweep_generalization_rank2/reports/gen_166/rank02_r3_small_inceptiontime_extra-0_seq5_ov50_cv5_static_only_seed20042_report.json,25053,979e56941518ce2d63a5fbc6e792c7d0d61b5b60898d968f78f835200cd7858e
20260630_0630_overfitting_sweep_generalization_rank2,consumed_report_json,/home/trinker/Code/github/PPG-Frailty-pipeline/results_frailty3/_overfitting_sweep/20260630_0630_overfitting_sweep_generalization_rank2/reports/gen_166/rank02_r4_small_inceptiontime_extra-0_seq5_ov50_cv5_static_only_seed30042_report.json,25045,25f7d94b95b972e869e59c372a08fe766c38e5606d5a88f4323ac6acce90c533
20260630_0630_overfitting_sweep_generalization_rank2,consumed_report_json,/home/trinker/Code/github/PPG-Frailty-pipeline/results_frailty3/_overfitting_sweep/20260630_0630_overfitting_sweep_generalization_rank2/reports/gen_166/rank02_r5_small_inceptiontime_extra-0_seq5_ov50_cv5_static_only_seed40042_report.json,24995,8aa398dfc9ad19c3b110ca7dc48ee1124cc90598ef70049f399528ce2be8ac59
20260630_0630_overfitting_sweep_generalization_rank2,consumed_report_json,/home/trinker/Code/github/PPG-Frailty-pipeline/results_frailty3/_overfitting_sweep/20260630_0630_overfitting_sweep_generalization_rank2/reports/gen_167/rank02_r1_small_inceptiontime_extra-0_seq5_ov50_cv5_static_only_seed42_report.json,24983,c46c3b428e6f051a65ac4bd9c920991cb4e783c60ce5e193dacd83bd207dffbb
20260630_0630_overfitting_sweep_generalization_rank2,consumed_report_json,/home/trinker/Code/github/PPG-Frailty-pipeline/results_frailty3/_overfitting_sweep/20260630_0630_overfitting_sweep_generalization_rank2/reports/gen_167/rank02_r2_small_inceptiontime_extra-0_seq5_ov50_cv5_static_only_seed10042_report.json,25031,15398c3b860877506013cbca97fb828456cf1da2d01103b26dcc90fe85027769
20260630_0630_overfitting_sweep_generalization_rank2,consumed_report_json,/home/trinker/Code/github/PPG-Frailty-pipeline/results_frailty3/_overfitting_sweep/20260630_0630_overfitting_sweep_generalization_rank2/reports/gen_167/rank02_r3_small_inceptiontime_extra-0_seq5_ov50_cv5_static_only_seed20042_report.json,24910,247c6b2d7da3b4ae157537eeabe362a00d54460dc6cac70b6c177d1f8f4c03b4
20260630_0630_overfitting_sweep_generalization_rank2,consumed_report_json,/home/trinker/Code/github/PPG-Frailty-pipeline/results_frailty3/_overfitting_sweep/20260630_0630_overfitting_sweep_generalization_rank2/reports/gen_167/rank02_r4_small_inceptiontime_extra-0_seq5_ov50_cv5_static_only_seed30042_report.json,25061,c818f699e89e3be51c65bcb76184eee7b7e7b9000c289928fb87118264cb379a
20260630_0630_overfitting_sweep_generalization_rank2,consumed_report_json,/home/trinker/Code/github/PPG-Frailty-pipeline/results_frailty3/_overfitting_sweep/20260630_0630_overfitting_sweep_generalization_rank2/reports/gen_167/rank02_r5_small_inceptiontime_extra-0_seq5_ov50_cv5_static_only_seed40042_report.json,25038,745dbda61a96ad3f94e05a2e62a345c9597e8820c26a204df49f041e0599486a
20260630_0630_overfitting_sweep_generalization_rank2,consumed_report_json,/home/trinker/Code/github/PPG-Frailty-pipeline/results_frailty3/_overfitting_sweep/20260630_0630_overfitting_sweep_generalization_rank2/reports/gen_168/rank02_r1_small_inceptiontime_extra-0_seq5_ov50_cv5_static_only_seed42_report.json,25005,ce328eb885bd7c081180b5ebd8539454ae7adb9d1782f92390fbf8f48fdcfb55
20260630_0630_overfitting_sweep_generalization_rank2,consumed_report_json,/home/trinker/Code/github/PPG-Frailty-pipeline/results_frailty3/_overfitting_sweep/20260630_0630_overfitting_sweep_generalization_rank2/reports/gen_168/rank02_r2_small_inceptiontime_extra-0_seq5_ov50_cv5_static_only_seed10042_report.json,25055,fac7af991ab0a6ec01571584356959bc611155d14fa8ac1ad534002cbd721a36
20260630_0630_overfitting_sweep_generalization_rank2,consumed_report_json,/home/trinker/Code/github/PPG-Frailty-pipeline/results_frailty3/_overfitting_sweep/20260630_0630_overfitting_sweep_generalization_rank2/reports/gen_168/rank02_r3_small_inceptiontime_extra-0_seq5_ov50_cv5_static_only_seed20042_report.json,25026,963c98a78ae50a25fd9e468d7df8f209e9737708b4520e7ad3f25671bba051af
20260630_0630_overfitting_sweep_generalization_rank2,consumed_report_json,/home/trinker/Code/github/PPG-Frailty-pipeline/results_frailty3/_overfitting_sweep/20260630_0630_overfitting_sweep_generalization_rank2/reports/gen_168/rank02_r4_small_inceptiontime_extra-0_seq5_ov50_cv5_static_only_seed30042_report.json,25016,9b741ca15501f39c0c05047e934edac4f5f6d105851f3ddfb4122502be9bfd47
20260630_0630_overfitting_sweep_generalization_rank2,consumed_report_json,/home/trinker/Code/github/PPG-Frailty-pipeline/results_frailty3/_overfitting_sweep/20260630_0630_overfitting_sweep_generalization_rank2/reports/gen_168/rank02_r5_small_inceptiontime_extra-0_seq5_ov50_cv5_static_only_seed40042_report.json,24920,8dc7d31f182284d47bdb1e44bf4058e9d771762432fd9c556291483113066df6
20260630_0630_overfitting_sweep_generalization_rank2,consumed_report_json,/home/trinker/Code/github/PPG-Frailty-pipeline/results_frailty3/_overfitting_sweep/20260630_0630_overfitting_sweep_generalization_rank2/reports/gen_169/rank02_r1_small_inceptiontime_extra-0_seq5_ov50_cv5_static_only_seed42_report.json,30957,d2a17e5f28eb265220b002bd73fdfbd8972c93b4dc0f868c5035b0eabbb717ed
20260630_0630_overfitting_sweep_generalization_rank2,consumed_report_json,/home/trinker/Code/github/PPG-Frailty-pipeline/results_frailty3/_overfitting_sweep/20260630_0630_overfitting_sweep_generalization_rank2/reports/gen_169/rank02_r2_small_inceptiontime_extra-0_seq5_ov50_cv5_static_only_seed10042_report.json,31057,43b8b36ceaf1ffaade0aa41a5f22dbedc73de6513211050d5efb74147f8f8319
20260630_0630_overfitting_sweep_generalization_rank2,consumed_report_json,/home/trinker/Code/github/PPG-Frailty-pipeline/results_frailty3/_overfitting_sweep/20260630_0630_overfitting_sweep_generalization_rank2/reports/gen_169/rank02_r3_small_inceptiontime_extra-0_seq5_ov50_cv5_static_only_seed20042_report.json,31045,9c307fee6e13cd3ce4e26287c879fac2a15b33116a597fd8ad7f198e73ab78bb
20260630_0630_overfitting_sweep_generalization_rank2,consumed_report_json,/home/trinker/Code/github/PPG-Frailty-pipeline/results_frailty3/_overfitting_sweep/20260630_0630_overfitting_sweep_generalization_rank2/reports/gen_169/rank02_r4_small_inceptiontime_extra-0_seq5_ov50_cv5_static_only_seed30042_report.json,31005,f601f2b77bc34c6fa0a46cdf718ebfc0824abdbbb0b897637af2ad0932848be1
20260630_0630_overfitting_sweep_generalization_rank2,consumed_report_json,/home/trinker/Code/github/PPG-Frailty-pipeline/results_frailty3/_overfitting_sweep/20260630_0630_overfitting_sweep_generalization_rank2/reports/gen_169/rank02_r5_small_inceptiontime_extra-0_seq5_ov50_cv5_static_only_seed40042_report.json,31041,c82cabae7e677a167808793629b2ac620aa185ea2cde2ca2cbe433696e6f83a8
20260630_0630_overfitting_sweep_generalization_rank2,consumed_report_json,/home/trinker/Code/github/PPG-Frailty-pipeline/results_frailty3/_overfitting_sweep/20260630_0630_overfitting_sweep_generalization_rank2/reports/gen_170/rank02_r1_small_inceptiontime_extra-0_seq5_ov50_cv5_static_only_seed42_report.json,31027,41a011e3ea8c66dd7800f4d0096ac53767fa5e96ad84bfd2d91caca71fcc91b6
20260630_0630_overfitting_sweep_generalization_rank2,consumed_report_json,/home/trinker/Code/github/PPG-Frailty-pipeline/results_frailty3/_overfitting_sweep/20260630_0630_overfitting_sweep_generalization_rank2/reports/gen_170/rank02_r2_small_inceptiontime_extra-0_seq5_ov50_cv5_static_only_seed10042_report.json,31019,8a521890719cf59b97dab526c9f5975bb8c48e0b6b1645838caf9dd86f333708
20260630_0630_overfitting_sweep_generalization_rank2,consumed_report_json,/home/trinker/Code/github/PPG-Frailty-pipeline/results_frailty3/_overfitting_sweep/20260630_0630_overfitting_sweep_generalization_rank2/reports/gen_170/rank02_r3_small_inceptiontime_extra-0_seq5_ov50_cv5_static_only_seed20042_report.json,31106,2939dc6ec9fc698503085a26f70eec0e4698abe8cdce1536d63328990fe6ad6a
20260630_0630_overfitting_sweep_generalization_rank2,consumed_report_json,/home/trinker/Code/github/PPG-Frailty-pipeline/results_frailty3/_overfitting_sweep/20260630_0630_overfitting_sweep_generalization_rank2/reports/gen_170/rank02_r4_small_inceptiontime_extra-0_seq5_ov50_cv5_static_only_seed30042_report.json,30975,ebaed719ce0266b489ba00173d8144d9ecb7627248c94087d71c804a85710f3e
20260630_0630_overfitting_sweep_generalization_rank2,consumed_report_json,/home/trinker/Code/github/PPG-Frailty-pipeline/results_frailty3/_overfitting_sweep/20260630_0630_overfitting_sweep_generalization_rank2/reports/gen_170/rank02_r5_small_inceptiontime_extra-0_seq5_ov50_cv5_static_only_seed40042_report.json,31009,e1ee356eb0cc2864b99bf0cef786308ca4e00713f01700ebe0f52f2885383ce0
20260630_0630_overfitting_sweep_generalization_rank2,consumed_report_json,/home/trinker/Code/github/PPG-Frailty-pipeline/results_frailty3/_overfitting_sweep/20260630_0630_overfitting_sweep_generalization_rank2/reports/gen_171/rank02_r1_small_inceptiontime_extra-0_seq5_ov50_cv5_static_only_seed42_report.json,31068,a1c557f186184403ad1baa26bed9bc040ca2ddded40d6eb8241b8c1bb6608cb2
20260630_0630_overfitting_sweep_generalization_rank2,consumed_report_json,/home/trinker/Code/github/PPG-Frailty-pipeline/results_frailty3/_overfitting_sweep/20260630_0630_overfitting_sweep_generalization_rank2/reports/gen_171/rank02_r2_small_inceptiontime_extra-0_seq5_ov50_cv5_static_only_seed10042_report.json,31108,6cb840486a835da6275c1bc9659f58d681522c35b7643e822af492f9a8087bbd
20260630_0630_overfitting_sweep_generalization_rank2,consumed_report_json,/home/trinker/Code/github/PPG-Frailty-pipeline/results_frailty3/_overfitting_sweep/20260630_0630_overfitting_sweep_generalization_rank2/reports/gen_171/rank02_r3_small_inceptiontime_extra-0_seq5_ov50_cv5_static_only_seed20042_report.json,31181,e36addf3d846320eaccbe1ed14a419fa2b153ead974a04c01a40d4f3a241b364
20260630_0630_overfitting_sweep_generalization_rank2,consumed_report_json,/home/trinker/Code/github/PPG-Frailty-pipeline/results_frailty3/_overfitting_sweep/20260630_0630_overfitting_sweep_generalization_rank2/reports/gen_171/rank02_r4_small_inceptiontime_extra-0_seq5_ov50_cv5_static_only_seed30042_report.json,31042,ff2f4fec0a5e73b02252ac40ed2ffbc8c2b1c5837aaf5ac2735e49836e2c9751
20260630_0630_overfitting_sweep_generalization_rank2,consumed_report_json,/home/trinker/Code/github/PPG-Frailty-pipeline/results_frailty3/_overfitting_sweep/20260630_0630_overfitting_sweep_generalization_rank2/reports/gen_171/rank02_r5_small_inceptiontime_extra-0_seq5_ov50_cv5_static_only_seed40042_report.json,30947,c27c47287f23db9e2f8f14ae588ecdb4f2d31bc181369cdd4cd004d077573793
20260630_0630_overfitting_sweep_generalization_rank2,consumed_report_json,/home/trinker/Code/github/PPG-Frailty-pipeline/results_frailty3/_overfitting_sweep/20260630_0630_overfitting_sweep_generalization_rank2/reports/gen_172/rank02_r1_small_inceptiontime_extra-0_seq5_ov50_cv5_static_only_seed42_report.json,31050,f12c8d824012c834af42c7b0ce048ca696786650cee594063cf9867bd2d1fb7a
20260630_0630_overfitting_sweep_generalization_rank2,consumed_report_json,/home/trinker/Code/github/PPG-Frailty-pipeline/results_frailty3/_overfitting_sweep/20260630_0630_overfitting_sweep_generalization_rank2/reports/gen_172/rank02_r2_small_inceptiontime_extra-0_seq5_ov50_cv5_static_only_seed10042_report.json,31110,5eadb0cac6fcfe083fa2b671e5ee7381c2383b8e9069738ab98fccf952f5f851
20260630_0630_overfitting_sweep_generalization_rank2,consumed_report_json,/home/trinker/Code/github/PPG-Frailty-pipeline/results_frailty3/_overfitting_sweep/20260630_0630_overfitting_sweep_generalization_rank2/reports/gen_172/rank02_r3_small_inceptiontime_extra-0_seq5_ov50_cv5_static_only_seed20042_report.json,31028,483b7dca599abd9238853ec2f160140791531817aba13f4e6491bb6e3b321d67
20260630_0630_overfitting_sweep_generalization_rank2,consumed_report_json,/home/trinker/Code/github/PPG-Frailty-pipeline/results_frailty3/_overfitting_sweep/20260630_0630_overfitting_sweep_generalization_rank2/reports/gen_172/rank02_r4_small_inceptiontime_extra-0_seq5_ov50_cv5_static_only_seed30042_report.json,31079,36b68547f2f80768dfc6ff8e0545e85bc362978e36b768b8a744f4edfe67ebca
20260630_0630_overfitting_sweep_generalization_rank2,consumed_report_json,/home/trinker/Code/github/PPG-Frailty-pipeline/results_frailty3/_overfitting_sweep/20260630_0630_overfitting_sweep_generalization_rank2/reports/gen_172/rank02_r5_small_inceptiontime_extra-0_seq5_ov50_cv5_static_only_seed40042_report.json,31169,5d6b2991425239fe71c2c051e9a24a8064156dcfa52aa25f70ff4d57cecf378f
20260630_0630_overfitting_sweep_generalization_rank2,consumed_report_json,/home/trinker/Code/github/PPG-Frailty-pipeline/results_frailty3/_overfitting_sweep/20260630_0630_overfitting_sweep_generalization_rank2/reports/gen_173/rank02_r1_small_inceptiontime_extra-0_seq5_ov50_cv5_static_only_seed42_report.json,31135,fca4ceae3a97e840a7f924f4fa09b70eb7a5cb400d3610f7c969c86d4a0dcd87
20260630_0630_overfitting_sweep_generalization_rank2,consumed_report_json,/home/trinker/Code/github/PPG-Frailty-pipeline/results_frailty3/_overfitting_sweep/20260630_0630_overfitting_sweep_generalization_rank2/reports/gen_173/rank02_r2_small_inceptiontime_extra-0_seq5_ov50_cv5_static_only_seed10042_report.json,31177,2625af5eebf8f93eff408b7ddd4a88042e9db9ac1ac3aa512a8d410d60238d2e
20260630_0630_overfitting_sweep_generalization_rank2,consumed_report_json,/home/trinker/Code/github/PPG-Frailty-pipeline/results_frailty3/_overfitting_sweep/20260630_0630_overfitting_sweep_generalization_rank2/reports/gen_173/rank02_r3_small_inceptiontime_extra-0_seq5_ov50_cv5_static_only_seed20042_report.json,31156,7486a2822c4fa43fae8690a9a16b175a368a8a2323c153414d73b60fdeb6dd6d
20260630_0630_overfitting_sweep_generalization_rank2,consumed_report_json,/home/trinker/Code/github/PPG-Frailty-pipeline/results_frailty3/_overfitting_sweep/20260630_0630_overfitting_sweep_generalization_rank2/reports/gen_173/rank02_r4_small_inceptiontime_extra-0_seq5_ov50_cv5_static_only_seed30042_report.json,31029,fc93afb0b5834c85cbb1f93b22d6b67614f7422a3e024c9ad4917aab1b17e442
20260630_0630_overfitting_sweep_generalization_rank2,consumed_report_json,/home/trinker/Code/github/PPG-Frailty-pipeline/results_frailty3/_overfitting_sweep/20260630_0630_overfitting_sweep_generalization_rank2/reports/gen_173/rank02_r5_small_inceptiontime_extra-0_seq5_ov50_cv5_static_only_seed40042_report.json,31032,9a35ce8aa4d489afc53d9a7ba1ff61f9802b547974d8bf658e01bd6eb33e5a8e
20260630_0630_overfitting_sweep_generalization_rank2,consumed_report_json,/home/trinker/Code/github/PPG-Frailty-pipeline/results_frailty3/_overfitting_sweep/20260630_0630_overfitting_sweep_generalization_rank2/reports/gen_174/rank02_r1_small_inceptiontime_extra-0_seq5_ov50_cv5_static_only_seed42_report.json,31126,acfdb91c4716829dc38146b0cf742c39b7b5ee4b7f921bc5448b775650a201bf
20260630_0630_overfitting_sweep_generalization_rank2,consumed_report_json,/home/trinker/Code/github/PPG-Frailty-pipeline/results_frailty3/_overfitting_sweep/20260630_0630_overfitting_sweep_generalization_rank2/reports/gen_174/rank02_r2_small_inceptiontime_extra-0_seq5_ov50_cv5_static_only_seed10042_report.json,31091,b8d19f2ff1a7e9640955513110f24465b54cbf0ba4c4c1d18208daac42205cb0
20260630_0630_overfitting_sweep_generalization_rank2,consumed_report_json,/home/trinker/Code/github/PPG-Frailty-pipeline/results_frailty3/_overfitting_sweep/20260630_0630_overfitting_sweep_generalization_rank2/reports/gen_174/rank02_r3_small_inceptiontime_extra-0_seq5_ov50_cv5_static_only_seed20042_report.json,31042,88001bc32b0976ee8129e784815e9ac985a87f457cd9cc8d90feb1868d98e79e
20260630_0630_overfitting_sweep_generalization_rank2,consumed_report_json,/home/trinker/Code/github/PPG-Frailty-pipeline/results_frailty3/_overfitting_sweep/20260630_0630_overfitting_sweep_generalization_rank2/reports/gen_174/rank02_r4_small_inceptiontime_extra-0_seq5_ov50_cv5_static_only_seed30042_report.json,31112,3822195289361691fda040ba666cbf38c81096a1f9858d4d7e31983ae9f17060
20260630_0630_overfitting_sweep_generalization_rank2,consumed_report_json,/home/trinker/Code/github/PPG-Frailty-pipeline/results_frailty3/_overfitting_sweep/20260630_0630_overfitting_sweep_generalization_rank2/reports/gen_174/rank02_r5_small_inceptiontime_extra-0_seq5_ov50_cv5_static_only_seed40042_report.json,31128,c68bafcf97cbb44258b113f59326409f9c5cacee852bf2fba21cfcd87cc4bb4a
20260630_0630_overfitting_sweep_generalization_rank2,consumed_report_json,/home/trinker/Code/github/PPG-Frailty-pipeline/results_frailty3/_overfitting_sweep/20260630_0630_overfitting_sweep_generalization_rank2/reports/gen_175/rank02_r1_small_inceptiontime_extra-0_seq5_ov50_cv5_static_only_seed42_report.json,31063,a1c9b84cb145a27a8cb4427adac6236b07636bdfd90810811eb986c4f382ee2c
20260630_0630_overfitting_sweep_generalization_rank2,consumed_report_json,/home/trinker/Code/github/PPG-Frailty-pipeline/results_frailty3/_overfitting_sweep/20260630_0630_overfitting_sweep_generalization_rank2/reports/gen_175/rank02_r2_small_inceptiontime_extra-0_seq5_ov50_cv5_static_only_seed10042_report.json,31084,f36a96d5cabf05899729b85dcbaedb3e329d6e01dcf89b1d93acab2cedb655ae
20260630_0630_overfitting_sweep_generalization_rank2,consumed_report_json,/home/trinker/Code/github/PPG-Frailty-pipeline/results_frailty3/_overfitting_sweep/20260630_0630_overfitting_sweep_generalization_rank2/reports/gen_175/rank02_r3_small_inceptiontime_extra-0_seq5_ov50_cv5_static_only_seed20042_report.json,31064,8fe5b36758b096c86c846735fb42a0372346e5ad78427b97294b99912fa6e2ba
20260630_0630_overfitting_sweep_generalization_rank2,consumed_report_json,/home/trinker/Code/github/PPG-Frailty-pipeline/results_frailty3/_overfitting_sweep/20260630_0630_overfitting_sweep_generalization_rank2/reports/gen_175/rank02_r4_small_inceptiontime_extra-0_seq5_ov50_cv5_static_only_seed30042_report.json,31040,f47c492bbe10ae92f237c0a442a10e685aa16cc347e08e5b984283e1e35643ac
20260630_0630_overfitting_sweep_generalization_rank2,consumed_report_json,/home/trinker/Code/github/PPG-Frailty-pipeline/results_frailty3/_overfitting_sweep/20260630_0630_overfitting_sweep_generalization_rank2/reports/gen_175/rank02_r5_small_inceptiontime_extra-0_seq5_ov50_cv5_static_only_seed40042_report.json,31015,7a76f3abf3a5bc3473307e4e8508f6ab0a241907a593b0c2b9d62cbd8d4693f7
20260630_0630_overfitting_sweep_generalization_rank2,consumed_report_json,/home/trinker/Code/github/PPG-Frailty-pipeline/results_frailty3/_overfitting_sweep/20260630_0630_overfitting_sweep_generalization_rank2/reports/gen_176/rank02_r1_small_inceptiontime_extra-0_seq5_ov50_cv5_static_only_seed42_report.json,31130,78cc780e045eb7ba1c16f3a2962a2c75b59a1441fb6bbf9386c76a6c20bdaba4
20260630_0630_overfitting_sweep_generalization_rank2,consumed_report_json,/home/trinker/Code/github/PPG-Frailty-pipeline/results_frailty3/_overfitting_sweep/20260630_0630_overfitting_sweep_generalization_rank2/reports/gen_176/rank02_r2_small_inceptiontime_extra-0_seq5_ov50_cv5_static_only_seed10042_report.json,31084,7d615917c0175cfc93cf8fa88bf1feea6f86131b159859b38d671afd1187580d
20260630_0630_overfitting_sweep_generalization_rank2,consumed_report_json,/home/trinker/Code/github/PPG-Frailty-pipeline/results_frailty3/_overfitting_sweep/20260630_0630_overfitting_sweep_generalization_rank2/reports/gen_176/rank02_r3_small_inceptiontime_extra-0_seq5_ov50_cv5_static_only_seed20042_report.json,31096,ce4f6e8e269150f2a225f897e842e3c52a455b578773ca44f3148f9578a2a78a
20260630_0630_overfitting_sweep_generalization_rank2,consumed_report_json,/home/trinker/Code/github/PPG-Frailty-pipeline/results_frailty3/_overfitting_sweep/20260630_0630_overfitting_sweep_generalization_rank2/reports/gen_176/rank02_r4_small_inceptiontime_extra-0_seq5_ov50_cv5_static_only_seed30042_report.json,31106,dfc13aceee398cbf2efbd3fcddbe4bc8699b246942fc7d317ac4ccd5caafe4c8
20260630_0630_overfitting_sweep_generalization_rank2,consumed_report_json,/home/trinker/Code/github/PPG-Frailty-pipeline/results_frailty3/_overfitting_sweep/20260630_0630_overfitting_sweep_generalization_rank2/reports/gen_176/rank02_r5_small_inceptiontime_extra-0_seq5_ov50_cv5_static_only_seed40042_report.json,31004,94d2d58c40ed94750ac05e1d02d6a1191dc6648adc80a2df98af0c1b274b44c6
20260630_0630_overfitting_sweep_generalization_rank2,consumed_report_json,/home/trinker/Code/github/PPG-Frailty-pipeline/results_frailty3/_overfitting_sweep/20260630_0630_overfitting_sweep_generalization_rank2/reports/gen_177/rank02_r1_small_inceptiontime_extra-0_seq5_ov50_cv5_static_only_seed42_report.json,31125,0c2fe4f9595addbe0119a5d069c21f76ff8a0cb4abc189d10f515a2517fe082a
20260630_0630_overfitting_sweep_generalization_rank2,consumed_report_json,/home/trinker/Code/github/PPG-Frailty-pipeline/results_frailty3/_overfitting_sweep/20260630_0630_overfitting_sweep_generalization_rank2/reports/gen_177/rank02_r2_small_inceptiontime_extra-0_seq5_ov50_cv5_static_only_seed10042_report.json,31143,81b49cb6089fa3a6024e080c1dfde90bb31d161da8930ede2ee1eb496e8c189f
20260630_0630_overfitting_sweep_generalization_rank2,consumed_report_json,/home/trinker/Code/github/PPG-Frailty-pipeline/results_frailty3/_overfitting_sweep/20260630_0630_overfitting_sweep_generalization_rank2/reports/gen_177/rank02_r3_small_inceptiontime_extra-0_seq5_ov50_cv5_static_only_seed20042_report.json,31081,076499e973399e557021067244c30a1a82020126610576cb6d211bebf7786e4e
20260630_0630_overfitting_sweep_generalization_rank2,consumed_report_json,/home/trinker/Code/github/PPG-Frailty-pipeline/results_frailty3/_overfitting_sweep/20260630_0630_overfitting_sweep_generalization_rank2/reports/gen_177/rank02_r4_small_inceptiontime_extra-0_seq5_ov50_cv5_static_only_seed30042_report.json,31079,9f57762a9464464cfd2de8ddad58a5a04fc886aa2eb86a5f3194e44253fe7c51
20260630_0630_overfitting_sweep_generalization_rank2,consumed_report_json,/home/trinker/Code/github/PPG-Frailty-pipeline/results_frailty3/_overfitting_sweep/20260630_0630_overfitting_sweep_generalization_rank2/reports/gen_177/rank02_r5_small_inceptiontime_extra-0_seq5_ov50_cv5_static_only_seed40042_report.json,31165,cb5c3f8c394285acbb9080c6e9f90803b289410d80b1daa9a7eefb23f37ed958
20260630_0630_overfitting_sweep_generalization_rank2,consumed_report_json,/home/trinker/Code/github/PPG-Frailty-pipeline/results_frailty3/_overfitting_sweep/20260630_0630_overfitting_sweep_generalization_rank2/reports/gen_178/rank02_r1_small_inceptiontime_extra-0_seq5_ov50_cv5_static_only_seed42_report.json,31111,cc722111956f35e3132aeaf3d70a50fcbd96764702d4ef143232adede98fcd44
20260630_0630_overfitting_sweep_generalization_rank2,consumed_report_json,/home/trinker/Code/github/PPG-Frailty-pipeline/results_frailty3/_overfitting_sweep/20260630_0630_overfitting_sweep_generalization_rank2/reports/gen_178/rank02_r2_small_inceptiontime_extra-0_seq5_ov50_cv5_static_only_seed10042_report.json,31139,55cce750aa3724e366d64c3156e5b684a72e08a3a633c011be417edfc9f001ae
20260630_0630_overfitting_sweep_generalization_rank2,consumed_report_json,/home/trinker/Code/github/PPG-Frailty-pipeline/results_frailty3/_overfitting_sweep/20260630_0630_overfitting_sweep_generalization_rank2/reports/gen_178/rank02_r3_small_inceptiontime_extra-0_seq5_ov50_cv5_static_only_seed20042_report.json,31120,462cf6cc93cea76e3e23cde3743f8807d67254187b85235aee23f2d2365d4446
20260630_0630_overfitting_sweep_generalization_rank2,consumed_report_json,/home/trinker/Code/github/PPG-Frailty-pipeline/results_frailty3/_overfitting_sweep/20260630_0630_overfitting_sweep_generalization_rank2/reports/gen_178/rank02_r4_small_inceptiontime_extra-0_seq5_ov50_cv5_static_only_seed30042_report.json,31172,0acff1e8e7dc510702dcad040eada856861d935792d6bcf4cc814973ee94eee7
20260630_0630_overfitting_sweep_generalization_rank2,consumed_report_json,/home/trinker/Code/github/PPG-Frailty-pipeline/results_frailty3/_overfitting_sweep/20260630_0630_overfitting_sweep_generalization_rank2/reports/gen_178/rank02_r5_small_inceptiontime_extra-0_seq5_ov50_cv5_static_only_seed40042_report.json,31092,c1e1f01e07d033c94eb9e00568ebd241d1c5c9b251cace27b5fe76769835124b
20260630_0630_overfitting_sweep_generalization_rank2,consumed_report_json,/home/trinker/Code/github/PPG-Frailty-pipeline/results_frailty3/_overfitting_sweep/20260630_0630_overfitting_sweep_generalization_rank2/reports/gen_179/rank02_r1_small_inceptiontime_extra-0_seq5_ov50_cv5_static_only_seed42_report.json,30957,ac38d26d656b0653f0482e6209f8c848e9e4b092f5a14faa8456e7f4ce6fa705
20260630_0630_overfitting_sweep_generalization_rank2,consumed_report_json,/home/trinker/Code/github/PPG-Frailty-pipeline/results_frailty3/_overfitting_sweep/20260630_0630_overfitting_sweep_generalization_rank2/reports/gen_179/rank02_r2_small_inceptiontime_extra-0_seq5_ov50_cv5_static_only_seed10042_report.json,30992,5247de07c006f7a385a6d9fa6adc2a917c4a76bf932addcdcee00f26bf39c2fa
20260630_0630_overfitting_sweep_generalization_rank2,consumed_report_json,/home/trinker/Code/github/PPG-Frailty-pipeline/results_frailty3/_overfitting_sweep/20260630_0630_overfitting_sweep_generalization_rank2/reports/gen_179/rank02_r3_small_inceptiontime_extra-0_seq5_ov50_cv5_static_only_seed20042_report.json,31115,7059b0aa14063c0e2eb451c244c474ddad195f471c5f0894acbaa73c253503ad
20260630_0630_overfitting_sweep_generalization_rank2,consumed_report_json,/home/trinker/Code/github/PPG-Frailty-pipeline/results_frailty3/_overfitting_sweep/20260630_0630_overfitting_sweep_generalization_rank2/reports/gen_179/rank02_r4_small_inceptiontime_extra-0_seq5_ov50_cv5_static_only_seed30042_report.json,30975,a7be06bc47891178f21d1b49a628324688a51cf391ff42ed32fcfc00e471f5ed
20260630_0630_overfitting_sweep_generalization_rank2,consumed_report_json,/home/trinker/Code/github/PPG-Frailty-pipeline/results_frailty3/_overfitting_sweep/20260630_0630_overfitting_sweep_generalization_rank2/reports/gen_179/rank02_r5_small_inceptiontime_extra-0_seq5_ov50_cv5_static_only_seed40042_report.json,30978,0fc42641d13a7e40fd150ef3b2fd38a75280fe28a6b062f89f794748542120c2
20260630_0630_overfitting_sweep_generalization_rank2,consumed_report_json,/home/trinker/Code/github/PPG-Frailty-pipeline/results_frailty3/_overfitting_sweep/20260630_0630_overfitting_sweep_generalization_rank2/reports/gen_180/rank02_r1_small_inceptiontime_extra-0_seq5_ov50_cv5_static_only_seed42_report.json,30907,871c8d247e0a19e9f240102beacf0d7ddd0b6cad08e7ad272aef7ab5c0b73789
20260630_0630_overfitting_sweep_generalization_rank2,consumed_report_json,/home/trinker/Code/github/PPG-Frailty-pipeline/results_frailty3/_overfitting_sweep/20260630_0630_overfitting_sweep_generalization_rank2/reports/gen_180/rank02_r2_small_inceptiontime_extra-0_seq5_ov50_cv5_static_only_seed10042_report.json,31053,09a70e7a9a6936912546358c1b78cf094f958a5b793fe663bb795708cef7328f
20260630_0630_overfitting_sweep_generalization_rank2,consumed_report_json,/home/trinker/Code/github/PPG-Frailty-pipeline/results_frailty3/_overfitting_sweep/20260630_0630_overfitting_sweep_generalization_rank2/reports/gen_180/rank02_r3_small_inceptiontime_extra-0_seq5_ov50_cv5_static_only_seed20042_report.json,31102,8267e45d0a9a0eba17ddf74f82b2d0c89b815fd01dfdaf0610aa7c3e92711fe1
20260630_0630_overfitting_sweep_generalization_rank2,consumed_report_json,/home/trinker/Code/github/PPG-Frailty-pipeline/results_frailty3/_overfitting_sweep/20260630_0630_overfitting_sweep_generalization_rank2/reports/gen_180/rank02_r4_small_inceptiontime_extra-0_seq5_ov50_cv5_static_only_seed30042_report.json,30963,bda78cf765703bf41cb17214e69006f6ec195fb44e53582d7c0dd3b471638c5d
20260630_0630_overfitting_sweep_generalization_rank2,consumed_report_json,/home/trinker/Code/github/PPG-Frailty-pipeline/results_frailty3/_overfitting_sweep/20260630_0630_overfitting_sweep_generalization_rank2/reports/gen_180/rank02_r5_small_inceptiontime_extra-0_seq5_ov50_cv5_static_only_seed40042_report.json,31017,a8ac57b7bc3fdcdc807f00a618ad804c0ee315b981e3f87c6d3f74770ae2a608
20260630_0630_overfitting_sweep_generalization_rank2,consumed_report_json,/home/trinker/Code/github/PPG-Frailty-pipeline/results_frailty3/_overfitting_sweep/20260630_0630_overfitting_sweep_generalization_rank2/reports/gen_181/rank02_r1_small_inceptiontime_extra-0_seq5_ov50_cv5_static_only_seed42_report.json,30949,9a7cf25e0ea3329995bafef5b0c381d04eec52e0bf5a1f502b890b9e44c79a0e
20260630_0630_overfitting_sweep_generalization_rank2,consumed_report_json,/home/trinker/Code/github/PPG-Frailty-pipeline/results_frailty3/_overfitting_sweep/20260630_0630_overfitting_sweep_generalization_rank2/reports/gen_181/rank02_r2_small_inceptiontime_extra-0_seq5_ov50_cv5_static_only_seed10042_report.json,31060,501ee7a925f5f81094cdc388d80ccecc5c3302b0ab98afd4851b25719a62cc34
20260630_0630_overfitting_sweep_generalization_rank2,consumed_report_json,/home/trinker/Code/github/PPG-Frailty-pipeline/results_frailty3/_overfitting_sweep/20260630_0630_overfitting_sweep_generalization_rank2/reports/gen_181/rank02_r3_small_inceptiontime_extra-0_seq5_ov50_cv5_static_only_seed20042_report.json,30955,e4806136455a8b14e3154c75fd474de0afe6757fc8866c273439f967f882690b
20260630_0630_overfitting_sweep_generalization_rank2,consumed_report_json,/home/trinker/Code/github/PPG-Frailty-pipeline/results_frailty3/_overfitting_sweep/20260630_0630_overfitting_sweep_generalization_rank2/reports/gen_181/rank02_r4_small_inceptiontime_extra-0_seq5_ov50_cv5_static_only_seed30042_report.json,31080,59c6d4869c203912781f89947e85c25d44a412713f21ab85142ab89b2cc1c024
20260630_0630_overfitting_sweep_generalization_rank2,consumed_report_json,/home/trinker/Code/github/PPG-Frailty-pipeline/results_frailty3/_overfitting_sweep/20260630_0630_overfitting_sweep_generalization_rank2/reports/gen_181/rank02_r5_small_inceptiontime_extra-0_seq5_ov50_cv5_static_only_seed40042_report.json,30955,ecc8bdd03b673b1003e33fc935dd17b3b92747a44bb4d0dc54b81b1d4549e74c
20260630_0630_overfitting_sweep_generalization_rank2,consumed_report_json,/home/trinker/Code/github/PPG-Frailty-pipeline/results_frailty3/_overfitting_sweep/20260630_0630_overfitting_sweep_generalization_rank2/reports/gen_182/rank02_r1_small_inceptiontime_extra-0_seq5_ov50_cv5_static_only_seed42_report.json,31034,b3657aafca07106fca8b69e05a45d18bb52be7e7e3fe106b02d76a07830feeab
20260630_0630_overfitting_sweep_generalization_rank2,consumed_report_json,/home/trinker/Code/github/PPG-Frailty-pipeline/results_frailty3/_overfitting_sweep/20260630_0630_overfitting_sweep_generalization_rank2/reports/gen_182/rank02_r2_small_inceptiontime_extra-0_seq5_ov50_cv5_static_only_seed10042_report.json,31018,10f03b3f0d7a299e8c7a73aaa1cca9c3706bd456c1d79f0e012f8ee33be6ca71
20260630_0630_overfitting_sweep_generalization_rank2,consumed_report_json,/home/trinker/Code/github/PPG-Frailty-pipeline/results_frailty3/_overfitting_sweep/20260630_0630_overfitting_sweep_generalization_rank2/reports/gen_182/rank02_r3_small_inceptiontime_extra-0_seq5_ov50_cv5_static_only_seed20042_report.json,30965,018203b3680daf293adddcc2ed2ad9c81299e91b18b3330c8231ca20b95ba0c7
20260630_0630_overfitting_sweep_generalization_rank2,consumed_report_json,/home/trinker/Code/github/PPG-Frailty-pipeline/results_frailty3/_overfitting_sweep/20260630_0630_overfitting_sweep_generalization_rank2/reports/gen_182/rank02_r4_small_inceptiontime_extra-0_seq5_ov50_cv5_static_only_seed30042_report.json,31104,d4a222ab7bbd1f841a6bcfc4c71bd4104f353ba2e0898823e05d484669e38917
20260630_0630_overfitting_sweep_generalization_rank2,consumed_report_json,/home/trinker/Code/github/PPG-Frailty-pipeline/results_frailty3/_overfitting_sweep/20260630_0630_overfitting_sweep_generalization_rank2/reports/gen_182/rank02_r5_small_inceptiontime_extra-0_seq5_ov50_cv5_static_only_seed40042_report.json,31030,02166b598573326a8be71650e88b268cf9ecac60a459a6ade46b07195845bab4
20260630_0630_overfitting_sweep_generalization_rank2,consumed_report_json,/home/trinker/Code/github/PPG-Frailty-pipeline/results_frailty3/_overfitting_sweep/20260630_0630_overfitting_sweep_generalization_rank2/reports/gen_183/rank02_r1_small_inceptiontime_extra-0_seq5_ov50_cv5_static_only_seed42_report.json,31086,c370dee1115777c8d7ccfe15655e2656eb67f3263f2038948fd18bbd284a520e
20260630_0630_overfitting_sweep_generalization_rank2,consumed_report_json,/home/trinker/Code/github/PPG-Frailty-pipeline/results_frailty3/_overfitting_sweep/20260630_0630_overfitting_sweep_generalization_rank2/reports/gen_183/rank02_r2_small_inceptiontime_extra-0_seq5_ov50_cv5_static_only_seed10042_report.json,31135,6a66b44aa6f04e8c7021d934fec30887e0050e9a29d5de9f852ce2bdb09bc8ef
20260630_0630_overfitting_sweep_generalization_rank2,consumed_report_json,/home/trinker/Code/github/PPG-Frailty-pipeline/results_frailty3/_overfitting_sweep/20260630_0630_overfitting_sweep_generalization_rank2/reports/gen_183/rank02_r3_small_inceptiontime_extra-0_seq5_ov50_cv5_static_only_seed20042_report.json,31041,2fb6b325c8b20b8c80d8a7bb1f435d9143d972b471011cf4c278a6394ef3934f
20260630_0630_overfitting_sweep_generalization_rank2,consumed_report_json,/home/trinker/Code/github/PPG-Frailty-pipeline/results_frailty3/_overfitting_sweep/20260630_0630_overfitting_sweep_generalization_rank2/reports/gen_183/rank02_r4_small_inceptiontime_extra-0_seq5_ov50_cv5_static_only_seed30042_report.json,31222,799ac979527dec288de27d893f5961c10af816d3070e3bf02bf23c391bb8c4d4
20260630_0630_overfitting_sweep_generalization_rank2,consumed_report_json,/home/trinker/Code/github/PPG-Frailty-pipeline/results_frailty3/_overfitting_sweep/20260630_0630_overfitting_sweep_generalization_rank2/reports/gen_183/rank02_r5_small_inceptiontime_extra-0_seq5_ov50_cv5_static_only_seed40042_report.json,31105,700102f4ed3eb0d46d61b97a87728295f13c1eed9d1911a39771aaae53d295e0
20260630_0630_overfitting_sweep_generalization_rank2,consumed_report_json,/home/trinker/Code/github/PPG-Frailty-pipeline/results_frailty3/_overfitting_sweep/20260630_0630_overfitting_sweep_generalization_rank2/reports/gen_184/rank02_r1_small_inceptiontime_extra-0_seq5_ov50_cv5_static_only_seed42_report.json,31002,f3087d72fcd004428c7c4eac3db2774c42c7df94cb60f32b1f82fa0eecd17239
20260630_0630_overfitting_sweep_generalization_rank2,consumed_report_json,/home/trinker/Code/github/PPG-Frailty-pipeline/results_frailty3/_overfitting_sweep/20260630_0630_overfitting_sweep_generalization_rank2/reports/gen_184/rank02_r2_small_inceptiontime_extra-0_seq5_ov50_cv5_static_only_seed10042_report.json,31120,293f361926d03cc1f9859efe6d1abe7ea6a0d0e4b0bb594b4235dbaeba7ef11b
20260630_0630_overfitting_sweep_generalization_rank2,consumed_report_json,/home/trinker/Code/github/PPG-Frailty-pipeline/results_frailty3/_overfitting_sweep/20260630_0630_overfitting_sweep_generalization_rank2/reports/gen_184/rank02_r3_small_inceptiontime_extra-0_seq5_ov50_cv5_static_only_seed20042_report.json,31014,8869782be99174b7d50242ac1fd5fcf27a93c6ab00b3d781a91041c67f641a98
20260630_0630_overfitting_sweep_generalization_rank2,consumed_report_json,/home/trinker/Code/github/PPG-Frailty-pipeline/results_frailty3/_overfitting_sweep/20260630_0630_overfitting_sweep_generalization_rank2/reports/gen_184/rank02_r4_small_inceptiontime_extra-0_seq5_ov50_cv5_static_only_seed30042_report.json,31030,e6f604577fd7251d03114a9b76934a38e93efb7f6dba5767645c6d4250165b6b
20260630_0630_overfitting_sweep_generalization_rank2,consumed_report_json,/home/trinker/Code/github/PPG-Frailty-pipeline/results_frailty3/_overfitting_sweep/20260630_0630_overfitting_sweep_generalization_rank2/reports/gen_184/rank02_r5_small_inceptiontime_extra-0_seq5_ov50_cv5_static_only_seed40042_report.json,31118,75f71f694c3ca470cf1b4aa9235b8bd09a58f4c1e887c65977f774315158c047
20260630_0630_overfitting_sweep_generalization_rank2,consumed_report_json,/home/trinker/Code/github/PPG-Frailty-pipeline/results_frailty3/_overfitting_sweep/20260630_0630_overfitting_sweep_generalization_rank2/reports/gen_185/rank02_r1_small_inceptiontime_extra-0_seq5_ov50_cv5_static_only_seed42_report.json,31117,82b6c74df65e06b8c2aafa9e28e5c9ab076bd3318eb10fdf4b4d7c3d57c8341b
20260630_0630_overfitting_sweep_generalization_rank2,consumed_report_json,/home/trinker/Code/github/PPG-Frailty-pipeline/results_frailty3/_overfitting_sweep/20260630_0630_overfitting_sweep_generalization_rank2/reports/gen_185/rank02_r2_small_inceptiontime_extra-0_seq5_ov50_cv5_static_only_seed10042_report.json,31150,124f75303877d7b17047af44743017bd6efe4517be063d207e2a42b9e83818e2
20260630_0630_overfitting_sweep_generalization_rank2,consumed_report_json,/home/trinker/Code/github/PPG-Frailty-pipeline/results_frailty3/_overfitting_sweep/20260630_0630_overfitting_sweep_generalization_rank2/reports/gen_185/rank02_r3_small_inceptiontime_extra-0_seq5_ov50_cv5_static_only_seed20042_report.json,31066,114495c118004a56d110167d7e928e6cb7baae6f8aebc3c2577abff0ec2ae81b
20260630_0630_overfitting_sweep_generalization_rank2,consumed_report_json,/home/trinker/Code/github/PPG-Frailty-pipeline/results_frailty3/_overfitting_sweep/20260630_0630_overfitting_sweep_generalization_rank2/reports/gen_185/rank02_r4_small_inceptiontime_extra-0_seq5_ov50_cv5_static_only_seed30042_report.json,31047,28b02c37258bef06040b0b96acfb3f16047b649fb13daf052e319bc39f60e42c
20260630_0630_overfitting_sweep_generalization_rank2,consumed_report_json,/home/trinker/Code/github/PPG-Frailty-pipeline/results_frailty3/_overfitting_sweep/20260630_0630_overfitting_sweep_generalization_rank2/reports/gen_185/rank02_r5_small_inceptiontime_extra-0_seq5_ov50_cv5_static_only_seed40042_report.json,31039,d05f6b0453249e6c2006b5176bd792983ce8d32690943963a8650d5b983c0525
20260630_0630_overfitting_sweep_generalization_rank2,consumed_report_json,/home/trinker/Code/github/PPG-Frailty-pipeline/results_frailty3/_overfitting_sweep/20260630_0630_overfitting_sweep_generalization_rank2/reports/gen_186/rank02_r1_small_inceptiontime_extra-0_seq5_ov50_cv5_static_only_seed42_report.json,31127,6194f218cba2c4e94c41d773f9e9f2e8ec935f03991b3c75870365a9f73f8029
20260630_0630_overfitting_sweep_generalization_rank2,consumed_report_json,/home/trinker/Code/github/PPG-Frailty-pipeline/results_frailty3/_overfitting_sweep/20260630_0630_overfitting_sweep_generalization_rank2/reports/gen_186/rank02_r2_small_inceptiontime_extra-0_seq5_ov50_cv5_static_only_seed10042_report.json,31160,dd38a1e9aaf416f93ee31f31b31f37894ac4597eda0d0252a17874109eadedaf
20260630_0630_overfitting_sweep_generalization_rank2,consumed_report_json,/home/trinker/Code/github/PPG-Frailty-pipeline/results_frailty3/_overfitting_sweep/20260630_0630_overfitting_sweep_generalization_rank2/reports/gen_186/rank02_r3_small_inceptiontime_extra-0_seq5_ov50_cv5_static_only_seed20042_report.json,31069,d549b9a39616def871409dad1b75b058af35d0f2769709d5a8d2535923019019
20260630_0630_overfitting_sweep_generalization_rank2,consumed_report_json,/home/trinker/Code/github/PPG-Frailty-pipeline/results_frailty3/_overfitting_sweep/20260630_0630_overfitting_sweep_generalization_rank2/reports/gen_186/rank02_r4_small_inceptiontime_extra-0_seq5_ov50_cv5_static_only_seed30042_report.json,31134,a0b3b0d0d7d879e8392bb3ea3eee5da9985e7b54edbbaaefa976baa69605b1ef
20260630_0630_overfitting_sweep_generalization_rank2,consumed_report_json,/home/trinker/Code/github/PPG-Frailty-pipeline/results_frailty3/_overfitting_sweep/20260630_0630_overfitting_sweep_generalization_rank2/reports/gen_186/rank02_r5_small_inceptiontime_extra-0_seq5_ov50_cv5_static_only_seed40042_report.json,31132,7973a71aa3764700a8ab301b45dc85f0bc232633643271e8ef7b787558a4a763
20260630_0630_overfitting_sweep_generalization_rank2,consumed_report_json,/home/trinker/Code/github/PPG-Frailty-pipeline/results_frailty3/_overfitting_sweep/20260630_0630_overfitting_sweep_generalization_rank2/reports/gen_187/rank02_r1_small_inceptiontime_extra-0_seq5_ov50_cv5_static_only_seed42_report.json,31089,ed9e9f4704580837c39a0862f4e75a621412bf9799cdb34c40347b8adad863b9
20260630_0630_overfitting_sweep_generalization_rank2,consumed_report_json,/home/trinker/Code/github/PPG-Frailty-pipeline/results_frailty3/_overfitting_sweep/20260630_0630_overfitting_sweep_generalization_rank2/reports/gen_187/rank02_r2_small_inceptiontime_extra-0_seq5_ov50_cv5_static_only_seed10042_report.json,31129,741a548693d549de6532986ac0371612ff4b686879347d509792a380458abb4b
20260630_0630_overfitting_sweep_generalization_rank2,consumed_report_json,/home/trinker/Code/github/PPG-Frailty-pipeline/results_frailty3/_overfitting_sweep/20260630_0630_overfitting_sweep_generalization_rank2/reports/gen_187/rank02_r3_small_inceptiontime_extra-0_seq5_ov50_cv5_static_only_seed20042_report.json,31083,b899d4b2167ce414a3ec949c0eb35d4bab5e7bd5c7d3ec464ee7eb82612844e6
20260630_0630_overfitting_sweep_generalization_rank2,consumed_report_json,/home/trinker/Code/github/PPG-Frailty-pipeline/results_frailty3/_overfitting_sweep/20260630_0630_overfitting_sweep_generalization_rank2/reports/gen_187/rank02_r4_small_inceptiontime_extra-0_seq5_ov50_cv5_static_only_seed30042_report.json,31075,895f1475981a42ca68eaf3a61ab85bb27688b4bce2c0c69f69ac0d29192a73f4
20260630_0630_overfitting_sweep_generalization_rank2,consumed_report_json,/home/trinker/Code/github/PPG-Frailty-pipeline/results_frailty3/_overfitting_sweep/20260630_0630_overfitting_sweep_generalization_rank2/reports/gen_187/rank02_r5_small_inceptiontime_extra-0_seq5_ov50_cv5_static_only_seed40042_report.json,31095,915ab53ef069cae7b6dd4b7500eca2887daff10b7a43b01c20cb76c29dec7bf3
20260630_0630_overfitting_sweep_generalization_rank2,consumed_report_json,/home/trinker/Code/github/PPG-Frailty-pipeline/results_frailty3/_overfitting_sweep/20260630_0630_overfitting_sweep_generalization_rank2/reports/gen_188/rank02_r1_small_inceptiontime_extra-0_seq5_ov50_cv5_static_only_seed42_report.json,31085,28442047acd657417329e0d66cc05fb1a2b3066adc1f5d10b60e1515fd815dba
20260630_0630_overfitting_sweep_generalization_rank2,consumed_report_json,/home/trinker/Code/github/PPG-Frailty-pipeline/results_frailty3/_overfitting_sweep/20260630_0630_overfitting_sweep_generalization_rank2/reports/gen_188/rank02_r2_small_inceptiontime_extra-0_seq5_ov50_cv5_static_only_seed10042_report.json,31242,0e6e40392b6e560081c6324aca43a0fb5d0790e62c37ce40f433b235629cf3e7
20260630_0630_overfitting_sweep_generalization_rank2,consumed_report_json,/home/trinker/Code/github/PPG-Frailty-pipeline/results_frailty3/_overfitting_sweep/20260630_0630_overfitting_sweep_generalization_rank2/reports/gen_188/rank02_r3_small_inceptiontime_extra-0_seq5_ov50_cv5_static_only_seed20042_report.json,31183,e2390aedb7eeb821a9fd79c0238d98d90d8e517353867fbb5033b84d55dfe393
20260630_0630_overfitting_sweep_generalization_rank2,consumed_report_json,/home/trinker/Code/github/PPG-Frailty-pipeline/results_frailty3/_overfitting_sweep/20260630_0630_overfitting_sweep_generalization_rank2/reports/gen_188/rank02_r4_small_inceptiontime_extra-0_seq5_ov50_cv5_static_only_seed30042_report.json,31083,b824aa519e4e6147f89455222bd5a2ebaca001ba77d5e1f8387757dee2888ce8
20260630_0630_overfitting_sweep_generalization_rank2,consumed_report_json,/home/trinker/Code/github/PPG-Frailty-pipeline/results_frailty3/_overfitting_sweep/20260630_0630_overfitting_sweep_generalization_rank2/reports/gen_188/rank02_r5_small_inceptiontime_extra-0_seq5_ov50_cv5_static_only_seed40042_report.json,31113,042629ea7a86733e9513be781985c44ec95559cd2882c275787ae7097b3d2c92
20260630_0630_overfitting_sweep_generalization_rank2,consumed_report_json,/home/trinker/Code/github/PPG-Frailty-pipeline/results_frailty3/_overfitting_sweep/20260630_0630_overfitting_sweep_generalization_rank2/reports/gen_189/rank02_r1_small_inceptiontime_extra-0_seq5_ov50_cv5_static_only_seed42_report.json,30981,061d25a83dc28c47a94f2b5b0a581bc7942b0fd95d0bdbd53ac208d04aaf764b
20260630_0630_overfitting_sweep_generalization_rank2,consumed_report_json,/home/trinker/Code/github/PPG-Frailty-pipeline/results_frailty3/_overfitting_sweep/20260630_0630_overfitting_sweep_generalization_rank2/reports/gen_189/rank02_r2_small_inceptiontime_extra-0_seq5_ov50_cv5_static_only_seed10042_report.json,31130,7eb7dfe1c912fdacd100dc17419d97f08b735a18f8e08a10a1a58092d8835aad
20260630_0630_overfitting_sweep_generalization_rank2,consumed_report_json,/home/trinker/Code/github/PPG-Frailty-pipeline/results_frailty3/_overfitting_sweep/20260630_0630_overfitting_sweep_generalization_rank2/reports/gen_189/rank02_r3_small_inceptiontime_extra-0_seq5_ov50_cv5_static_only_seed20042_report.json,31156,c3e78a5161a06440618e7449a6d576311330899558a7148a2c292cc752edde22
20260630_0630_overfitting_sweep_generalization_rank2,consumed_report_json,/home/trinker/Code/github/PPG-Frailty-pipeline/results_frailty3/_overfitting_sweep/20260630_0630_overfitting_sweep_generalization_rank2/reports/gen_189/rank02_r4_small_inceptiontime_extra-0_seq5_ov50_cv5_static_only_seed30042_report.json,31128,1ecb28288797e02893d92f55c283d4dec653c063dadf77c7b18fb927f51af979
20260630_0630_overfitting_sweep_generalization_rank2,consumed_report_json,/home/trinker/Code/github/PPG-Frailty-pipeline/results_frailty3/_overfitting_sweep/20260630_0630_overfitting_sweep_generalization_rank2/reports/gen_189/rank02_r5_small_inceptiontime_extra-0_seq5_ov50_cv5_static_only_seed40042_report.json,31087,de147ed1535e9727dc060a3446bd99754139f9706a9fc2ca902eecba923fb86d
20260630_0630_overfitting_sweep_generalization_rank2,consumed_report_json,/home/trinker/Code/github/PPG-Frailty-pipeline/results_frailty3/_overfitting_sweep/20260630_0630_overfitting_sweep_generalization_rank2/reports/gen_190/rank02_r1_small_inceptiontime_extra-0_seq5_ov50_cv5_static_only_seed42_report.json,31121,e1a06ffdd731839a744e8a1a3f772fc0211538773fdc5342666f9fc7df264b74
20260630_0630_overfitting_sweep_generalization_rank2,consumed_report_json,/home/trinker/Code/github/PPG-Frailty-pipeline/results_frailty3/_overfitting_sweep/20260630_0630_overfitting_sweep_generalization_rank2/reports/gen_190/rank02_r2_small_inceptiontime_extra-0_seq5_ov50_cv5_static_only_seed10042_report.json,31108,71c75213a23c95e85f8006c2a304a9ff824e93a67154ef18e25331308d5386ac
20260630_0630_overfitting_sweep_generalization_rank2,consumed_report_json,/home/trinker/Code/github/PPG-Frailty-pipeline/results_frailty3/_overfitting_sweep/20260630_0630_overfitting_sweep_generalization_rank2/reports/gen_190/rank02_r3_small_inceptiontime_extra-0_seq5_ov50_cv5_static_only_seed20042_report.json,31090,6facd81bfb8022d3c7ec8552ece9b9d76a8d4df5fef11abda00e6dd043cb75d0
20260630_0630_overfitting_sweep_generalization_rank2,consumed_report_json,/home/trinker/Code/github/PPG-Frailty-pipeline/results_frailty3/_overfitting_sweep/20260630_0630_overfitting_sweep_generalization_rank2/reports/gen_190/rank02_r4_small_inceptiontime_extra-0_seq5_ov50_cv5_static_only_seed30042_report.json,31065,a2b337806e9ff9742814abd49da6e045995bcfed95187d396d3af1a7c33029e0
20260630_0630_overfitting_sweep_generalization_rank2,consumed_report_json,/home/trinker/Code/github/PPG-Frailty-pipeline/results_frailty3/_overfitting_sweep/20260630_0630_overfitting_sweep_generalization_rank2/reports/gen_190/rank02_r5_small_inceptiontime_extra-0_seq5_ov50_cv5_static_only_seed40042_report.json,31056,aab876deebc6c31ab811b2ca1934b5dd2f3ba2dc37a4bf3dd456b35c9c1eb5c8
20260630_0630_overfitting_sweep_generalization_rank2,consumed_report_json,/home/trinker/Code/github/PPG-Frailty-pipeline/results_frailty3/_overfitting_sweep/20260630_0630_overfitting_sweep_generalization_rank2/reports/gen_191/rank02_r1_small_inceptiontime_extra-0_seq5_ov50_cv5_static_only_seed42_report.json,31038,fe301a16301a6ad3c379072badbb6411d9453f06709d46fb160cb905f1ab2829
20260630_0630_overfitting_sweep_generalization_rank2,consumed_report_json,/home/trinker/Code/github/PPG-Frailty-pipeline/results_frailty3/_overfitting_sweep/20260630_0630_overfitting_sweep_generalization_rank2/reports/gen_191/rank02_r2_small_inceptiontime_extra-0_seq5_ov50_cv5_static_only_seed10042_report.json,31142,3f59497f1055e97717c76008a1916ca7bc5f5ea57e9e7a3c9f756728b208c06e
20260630_0630_overfitting_sweep_generalization_rank2,consumed_report_json,/home/trinker/Code/github/PPG-Frailty-pipeline/results_frailty3/_overfitting_sweep/20260630_0630_overfitting_sweep_generalization_rank2/reports/gen_191/rank02_r3_small_inceptiontime_extra-0_seq5_ov50_cv5_static_only_seed20042_report.json,31144,d93cea91e0a0ad6d0beb393c865678935173867d446be3bc9c29e3bd287a4193
20260630_0630_overfitting_sweep_generalization_rank2,consumed_report_json,/home/trinker/Code/github/PPG-Frailty-pipeline/results_frailty3/_overfitting_sweep/20260630_0630_overfitting_sweep_generalization_rank2/reports/gen_191/rank02_r4_small_inceptiontime_extra-0_seq5_ov50_cv5_static_only_seed30042_report.json,31080,7d54fc33b36640ca746616c3effd63a46ed38a09dc66a0e0cfc53c55cbabed3d
20260630_0630_overfitting_sweep_generalization_rank2,consumed_report_json,/home/trinker/Code/github/PPG-Frailty-pipeline/results_frailty3/_overfitting_sweep/20260630_0630_overfitting_sweep_generalization_rank2/reports/gen_191/rank02_r5_small_inceptiontime_extra-0_seq5_ov50_cv5_static_only_seed40042_report.json,31094,e8553829b80224250963339360e55d3161c4e7784143dcf676d2b9a56a42ae49
20260630_0630_overfitting_sweep_generalization_rank2,consumed_report_json,/home/trinker/Code/github/PPG-Frailty-pipeline/results_frailty3/_overfitting_sweep/20260630_0630_overfitting_sweep_generalization_rank2/reports/gen_192/rank02_r1_small_inceptiontime_extra-0_seq5_ov50_cv5_static_only_seed42_report.json,31098,ec69389dd8012d5c3b461e19f2dcf6a049b3e76c64a1bbb23cf503f27cadd8ea
20260630_0630_overfitting_sweep_generalization_rank2,consumed_report_json,/home/trinker/Code/github/PPG-Frailty-pipeline/results_frailty3/_overfitting_sweep/20260630_0630_overfitting_sweep_generalization_rank2/reports/gen_192/rank02_r2_small_inceptiontime_extra-0_seq5_ov50_cv5_static_only_seed10042_report.json,31244,b165f0879e03f99c9fa69eefa857f0d1c7701c453eead2346e11ba0c44678c07
20260630_0630_overfitting_sweep_generalization_rank2,consumed_report_json,/home/trinker/Code/github/PPG-Frailty-pipeline/results_frailty3/_overfitting_sweep/20260630_0630_overfitting_sweep_generalization_rank2/reports/gen_192/rank02_r3_small_inceptiontime_extra-0_seq5_ov50_cv5_static_only_seed20042_report.json,31159,1a209374bcdb61b4f7cc374dd097070aebbb2f0c3de66c3b96999a6f25b1326b
20260630_0630_overfitting_sweep_generalization_rank2,consumed_report_json,/home/trinker/Code/github/PPG-Frailty-pipeline/results_frailty3/_overfitting_sweep/20260630_0630_overfitting_sweep_generalization_rank2/reports/gen_192/rank02_r4_small_inceptiontime_extra-0_seq5_ov50_cv5_static_only_seed30042_report.json,31205,71fa7b05c9ad88f6c745fee32b8e85fac3d49e11a8c0d6cd46f07f923e3a5309
20260630_0630_overfitting_sweep_generalization_rank2,consumed_report_json,/home/trinker/Code/github/PPG-Frailty-pipeline/results_frailty3/_overfitting_sweep/20260630_0630_overfitting_sweep_generalization_rank2/reports/gen_192/rank02_r5_small_inceptiontime_extra-0_seq5_ov50_cv5_static_only_seed40042_report.json,31165,499ace1c322410a5c5b3ad963bc05a185d9a339168dc0da75d9a1c0f07e6c587
20260630_0630_overfitting_sweep_generalization_rank2,consumed_report_json,/home/trinker/Code/github/PPG-Frailty-pipeline/results_frailty3/_overfitting_sweep/20260630_0630_overfitting_sweep_generalization_rank2/reports/gen_193/rank02_r1_small_inceptiontime_extra-0_seq5_ov50_cv5_static_only_seed42_report.json,31031,5c047be5aed4e6ab2b527509085e0e34524eddfae5d7249fc5e6879324b08d3c
20260630_0630_overfitting_sweep_generalization_rank2,consumed_report_json,/home/trinker/Code/github/PPG-Frailty-pipeline/results_frailty3/_overfitting_sweep/20260630_0630_overfitting_sweep_generalization_rank2/reports/gen_193/rank02_r2_small_inceptiontime_extra-0_seq5_ov50_cv5_static_only_seed10042_report.json,30843,4207c226206af2a3ee88a12eec8b1f6a18fbbe77e8a0b23077cb9cc505dc38a2
20260630_0630_overfitting_sweep_generalization_rank2,consumed_report_json,/home/trinker/Code/github/PPG-Frailty-pipeline/results_frailty3/_overfitting_sweep/20260630_0630_overfitting_sweep_generalization_rank2/reports/gen_193/rank02_r3_small_inceptiontime_extra-0_seq5_ov50_cv5_static_only_seed20042_report.json,30980,3cd928617c99a48d937139c54d305aedc0311e105ddacce329c6bb50a367d840
20260630_0630_overfitting_sweep_generalization_rank2,consumed_report_json,/home/trinker/Code/github/PPG-Frailty-pipeline/results_frailty3/_overfitting_sweep/20260630_0630_overfitting_sweep_generalization_rank2/reports/gen_193/rank02_r4_small_inceptiontime_extra-0_seq5_ov50_cv5_static_only_seed30042_report.json,31023,f7472f9b957c4b49728e69b53af6a36692a7a54086cc7ede338132df18cc5c15
20260630_0630_overfitting_sweep_generalization_rank2,consumed_report_json,/home/trinker/Code/github/PPG-Frailty-pipeline/results_frailty3/_overfitting_sweep/20260630_0630_overfitting_sweep_generalization_rank2/reports/gen_193/rank02_r5_small_inceptiontime_extra-0_seq5_ov50_cv5_static_only_seed40042_report.json,30981,90a78f8ffc9c082ed1604efbff5369da47531141ff6dd7a7abda6cca17cd0b1a
20260630_0630_overfitting_sweep_generalization_rank2,consumed_report_json,/home/trinker/Code/github/PPG-Frailty-pipeline/results_frailty3/_overfitting_sweep/20260630_0630_overfitting_sweep_generalization_rank2/reports/gen_194/rank02_r1_small_inceptiontime_extra-0_seq5_ov50_cv5_static_only_seed42_report.json,31078,f49c1e48e6d80ebca34ec873d7efe3917798269f6d8a28dc50c92c31c1af5729
20260630_0630_overfitting_sweep_generalization_rank2,consumed_report_json,/home/trinker/Code/github/PPG-Frailty-pipeline/results_frailty3/_overfitting_sweep/20260630_0630_overfitting_sweep_generalization_rank2/reports/gen_194/rank02_r2_small_inceptiontime_extra-0_seq5_ov50_cv5_static_only_seed10042_report.json,31024,3fbbc48b49f22c21ab2e5013c17ab963360ce2e17544fad516689e8eabf4d614
20260630_0630_overfitting_sweep_generalization_rank2,consumed_report_json,/home/trinker/Code/github/PPG-Frailty-pipeline/results_frailty3/_overfitting_sweep/20260630_0630_overfitting_sweep_generalization_rank2/reports/gen_194/rank02_r3_small_inceptiontime_extra-0_seq5_ov50_cv5_static_only_seed20042_report.json,31110,4f4ffd527e5b6a572c0d57575d9bc2419dc8d4af34d5c18971c5c10771f5af12
20260630_0630_overfitting_sweep_generalization_rank2,consumed_report_json,/home/trinker/Code/github/PPG-Frailty-pipeline/results_frailty3/_overfitting_sweep/20260630_0630_overfitting_sweep_generalization_rank2/reports/gen_194/rank02_r4_small_inceptiontime_extra-0_seq5_ov50_cv5_static_only_seed30042_report.json,30988,9338ec3ec1f21b40e75bd60f60b94c809f515dc960f0557c62b081e7848b93c1
20260630_0630_overfitting_sweep_generalization_rank2,consumed_report_json,/home/trinker/Code/github/PPG-Frailty-pipeline/results_frailty3/_overfitting_sweep/20260630_0630_overfitting_sweep_generalization_rank2/reports/gen_194/rank02_r5_small_inceptiontime_extra-0_seq5_ov50_cv5_static_only_seed40042_report.json,31001,86f0078f9e8999e125feb8703baa5a65bcf743dd585a4bfced691d14e1fd6cb8
20260630_0630_overfitting_sweep_generalization_rank2,consumed_report_json,/home/trinker/Code/github/PPG-Frailty-pipeline/results_frailty3/_overfitting_sweep/20260630_0630_overfitting_sweep_generalization_rank2/reports/gen_195/rank02_r1_small_inceptiontime_extra-0_seq5_ov50_cv5_static_only_seed42_report.json,31040,2fde044920d17399e3c9a0134575d554905c79904bdb2eb2c7af8a82e55f2b15
20260630_0630_overfitting_sweep_generalization_rank2,consumed_report_json,/home/trinker/Code/github/PPG-Frailty-pipeline/results_frailty3/_overfitting_sweep/20260630_0630_overfitting_sweep_generalization_rank2/reports/gen_195/rank02_r2_small_inceptiontime_extra-0_seq5_ov50_cv5_static_only_seed10042_report.json,31086,29c8d4abf30cd50d8654c8a1e7ca4e2a6d8ab6224f83188700d629389aa63e1f
20260630_0630_overfitting_sweep_generalization_rank2,consumed_report_json,/home/trinker/Code/github/PPG-Frailty-pipeline/results_frailty3/_overfitting_sweep/20260630_0630_overfitting_sweep_generalization_rank2/reports/gen_195/rank02_r3_small_inceptiontime_extra-0_seq5_ov50_cv5_static_only_seed20042_report.json,31123,5ce2d01d45443b4debfd4e288e7a147123a81998110fbdc850e9ba5d97dc0e6e
20260630_0630_overfitting_sweep_generalization_rank2,consumed_report_json,/home/trinker/Code/github/PPG-Frailty-pipeline/results_frailty3/_overfitting_sweep/20260630_0630_overfitting_sweep_generalization_rank2/reports/gen_195/rank02_r4_small_inceptiontime_extra-0_seq5_ov50_cv5_static_only_seed30042_report.json,30930,cb41b429fcdaaf750fec6c693bced052eee01bcd08b6c5f4cf2d1461b3bcb63b
20260630_0630_overfitting_sweep_generalization_rank2,consumed_report_json,/home/trinker/Code/github/PPG-Frailty-pipeline/results_frailty3/_overfitting_sweep/20260630_0630_overfitting_sweep_generalization_rank2/reports/gen_195/rank02_r5_small_inceptiontime_extra-0_seq5_ov50_cv5_static_only_seed40042_report.json,31056,f801d1aecc265d5a666250397789617f0cde78cf294fc20b11281a73cdd901ea
20260630_0630_overfitting_sweep_generalization_rank2,consumed_report_json,/home/trinker/Code/github/PPG-Frailty-pipeline/results_frailty3/_overfitting_sweep/20260630_0630_overfitting_sweep_generalization_rank2/reports/gen_196/rank02_r1_small_inceptiontime_extra-0_seq5_ov50_cv5_static_only_seed42_report.json,31072,362dda89830b33665a11dc04cdd12c8f8914121b21a3b5f38c8e2e1b5dd146ae
20260630_0630_overfitting_sweep_generalization_rank2,consumed_report_json,/home/trinker/Code/github/PPG-Frailty-pipeline/results_frailty3/_overfitting_sweep/20260630_0630_overfitting_sweep_generalization_rank2/reports/gen_196/rank02_r2_small_inceptiontime_extra-0_seq5_ov50_cv5_static_only_seed10042_report.json,31086,70c7a955b828977d667d704e4fea5d74df6aad20d7358ab86dad8f0a6c7a48e5
20260630_0630_overfitting_sweep_generalization_rank2,consumed_report_json,/home/trinker/Code/github/PPG-Frailty-pipeline/results_frailty3/_overfitting_sweep/20260630_0630_overfitting_sweep_generalization_rank2/reports/gen_196/rank02_r3_small_inceptiontime_extra-0_seq5_ov50_cv5_static_only_seed20042_report.json,31055,517901f53548b7d54db8cac07f1da50a4b4be81e38be9fc569eb2a016ef9dec3
20260630_0630_overfitting_sweep_generalization_rank2,consumed_report_json,/home/trinker/Code/github/PPG-Frailty-pipeline/results_frailty3/_overfitting_sweep/20260630_0630_overfitting_sweep_generalization_rank2/reports/gen_196/rank02_r4_small_inceptiontime_extra-0_seq5_ov50_cv5_static_only_seed30042_report.json,30958,161092bf53b285d0853ef8dadb08e4715675b9ffa9b09ab3c407f7387f3fe1e0
20260630_0630_overfitting_sweep_generalization_rank2,consumed_report_json,/home/trinker/Code/github/PPG-Frailty-pipeline/results_frailty3/_overfitting_sweep/20260630_0630_overfitting_sweep_generalization_rank2/reports/gen_196/rank02_r5_small_inceptiontime_extra-0_seq5_ov50_cv5_static_only_seed40042_report.json,31094,8cbe37963d1834aac897f30a23c477b48403334260980995ff7890652ba99731
20260630_0630_overfitting_sweep_generalization_rank2,consumed_report_json,/home/trinker/Code/github/PPG-Frailty-pipeline/results_frailty3/_overfitting_sweep/20260630_0630_overfitting_sweep_generalization_rank2/reports/gen_197/rank02_r1_small_inceptiontime_extra-0_seq5_ov50_cv5_static_only_seed42_report.json,31042,54a8b8582c9922686be570aa9ba49a8fdb3eb6ff3ff94cdadd22e69d915061e3
20260630_0630_overfitting_sweep_generalization_rank2,consumed_report_json,/home/trinker/Code/github/PPG-Frailty-pipeline/results_frailty3/_overfitting_sweep/20260630_0630_overfitting_sweep_generalization_rank2/reports/gen_197/rank02_r2_small_inceptiontime_extra-0_seq5_ov50_cv5_static_only_seed10042_report.json,31205,c977a077b5d1115eab2d5a55ae5fa1b3873d4520424fb0c5fa91d69a5a9a9eaf
20260630_0630_overfitting_sweep_generalization_rank2,consumed_report_json,/home/trinker/Code/github/PPG-Frailty-pipeline/results_frailty3/_overfitting_sweep/20260630_0630_overfitting_sweep_generalization_rank2/reports/gen_197/rank02_r3_small_inceptiontime_extra-0_seq5_ov50_cv5_static_only_seed20042_report.json,31118,4fd12cbeb5c2feb92bb162765e73c043308a8aefe6df23f3a7f1996b34ae6b32
20260630_0630_overfitting_sweep_generalization_rank2,consumed_report_json,/home/trinker/Code/github/PPG-Frailty-pipeline/results_frailty3/_overfitting_sweep/20260630_0630_overfitting_sweep_generalization_rank2/reports/gen_197/rank02_r4_small_inceptiontime_extra-0_seq5_ov50_cv5_static_only_seed30042_report.json,31002,92a432fe0499975cd6446ead13e3437a2d77de31cc30c745e47e330e6c26489e
20260630_0630_overfitting_sweep_generalization_rank2,consumed_report_json,/home/trinker/Code/github/PPG-Frailty-pipeline/results_frailty3/_overfitting_sweep/20260630_0630_overfitting_sweep_generalization_rank2/reports/gen_197/rank02_r5_small_inceptiontime_extra-0_seq5_ov50_cv5_static_only_seed40042_report.json,31137,a9967b99ed86d6cb6d0433169af28fb0e96b19f0728e7d1154c6f06dfb57b0e1
20260630_0630_overfitting_sweep_generalization_rank2,consumed_report_json,/home/trinker/Code/github/PPG-Frailty-pipeline/results_frailty3/_overfitting_sweep/20260630_0630_overfitting_sweep_generalization_rank2/reports/gen_198/rank02_r1_small_inceptiontime_extra-0_seq5_ov50_cv5_static_only_seed42_report.json,31011,1b489b47bbb9fe11a96f6cc9cd7981a5c5ce9da60f222b125e56bed2e38fe29e
20260630_0630_overfitting_sweep_generalization_rank2,consumed_report_json,/home/trinker/Code/github/PPG-Frailty-pipeline/results_frailty3/_overfitting_sweep/20260630_0630_overfitting_sweep_generalization_rank2/reports/gen_198/rank02_r2_small_inceptiontime_extra-0_seq5_ov50_cv5_static_only_seed10042_report.json,30954,4461b7f4b3cad0d7ca620ee0251c565b840a4dec546affd89cfae2bbb9c5ae04
20260630_0630_overfitting_sweep_generalization_rank2,consumed_report_json,/home/trinker/Code/github/PPG-Frailty-pipeline/results_frailty3/_overfitting_sweep/20260630_0630_overfitting_sweep_generalization_rank2/reports/gen_198/rank02_r3_small_inceptiontime_extra-0_seq5_ov50_cv5_static_only_seed20042_report.json,31049,f7ed0c176f5848e12039b5130583b7367d5609a15634350c697f446fece0758d
20260630_0630_overfitting_sweep_generalization_rank2,consumed_report_json,/home/trinker/Code/github/PPG-Frailty-pipeline/results_frailty3/_overfitting_sweep/20260630_0630_overfitting_sweep_generalization_rank2/reports/gen_198/rank02_r4_small_inceptiontime_extra-0_seq5_ov50_cv5_static_only_seed30042_report.json,31095,d96a79bac72a6de94d503173bd8bc58350609e80205e56caa879f4dd3cfdc17b
20260630_0630_overfitting_sweep_generalization_rank2,consumed_report_json,/home/trinker/Code/github/PPG-Frailty-pipeline/results_frailty3/_overfitting_sweep/20260630_0630_overfitting_sweep_generalization_rank2/reports/gen_198/rank02_r5_small_inceptiontime_extra-0_seq5_ov50_cv5_static_only_seed40042_report.json,31075,56d5b14a3e91941fa8a3403cda4eddb6ab474ecce93278b7fd50133c6740b778
20260630_0630_overfitting_sweep_generalization_rank2,consumed_report_json,/home/trinker/Code/github/PPG-Frailty-pipeline/results_frailty3/_overfitting_sweep/20260630_0630_overfitting_sweep_generalization_rank2/reports/gen_199/rank02_r1_small_inceptiontime_extra-0_seq5_ov50_cv5_static_only_seed42_report.json,31038,bc7b5d56046b6c6a69f7f2dc7663543d024ff1296a87d49a56e1196323872306
20260630_0630_overfitting_sweep_generalization_rank2,consumed_report_json,/home/trinker/Code/github/PPG-Frailty-pipeline/results_frailty3/_overfitting_sweep/20260630_0630_overfitting_sweep_generalization_rank2/reports/gen_199/rank02_r2_small_inceptiontime_extra-0_seq5_ov50_cv5_static_only_seed10042_report.json,31004,dc8afe783c40eb563d0273dbb323644a15a2e6f6b253ed7764221a917b1e7c60
20260630_0630_overfitting_sweep_generalization_rank2,consumed_report_json,/home/trinker/Code/github/PPG-Frailty-pipeline/results_frailty3/_overfitting_sweep/20260630_0630_overfitting_sweep_generalization_rank2/reports/gen_199/rank02_r3_small_inceptiontime_extra-0_seq5_ov50_cv5_static_only_seed20042_report.json,31095,9bd79eabca31afd80a689468b657bf9e199b9677d1adc2b4bee4cdf2b092b81f
20260630_0630_overfitting_sweep_generalization_rank2,consumed_report_json,/home/trinker/Code/github/PPG-Frailty-pipeline/results_frailty3/_overfitting_sweep/20260630_0630_overfitting_sweep_generalization_rank2/reports/gen_199/rank02_r4_small_inceptiontime_extra-0_seq5_ov50_cv5_static_only_seed30042_report.json,30959,d2741d935473a84c7c48589ca46b32814d33a9c4b144f2e95344e99c28791782
20260630_0630_overfitting_sweep_generalization_rank2,consumed_report_json,/home/trinker/Code/github/PPG-Frailty-pipeline/results_frailty3/_overfitting_sweep/20260630_0630_overfitting_sweep_generalization_rank2/reports/gen_199/rank02_r5_small_inceptiontime_extra-0_seq5_ov50_cv5_static_only_seed40042_report.json,31064,8f4985ba6252e4938ed656be328422663a0730ae222f1346c66ac8647cc10684
20260630_0630_overfitting_sweep_generalization_rank2,consumed_report_json,/home/trinker/Code/github/PPG-Frailty-pipeline/results_frailty3/_overfitting_sweep/20260630_0630_overfitting_sweep_generalization_rank2/reports/gen_200/rank02_r1_small_inceptiontime_extra-0_seq5_ov50_cv5_static_only_seed42_report.json,31100,a6c50272a372f91429ff100c7588c6efaddffa97b8d500c6aa0299fbe05f9c17
20260630_0630_overfitting_sweep_generalization_rank2,consumed_report_json,/home/trinker/Code/github/PPG-Frailty-pipeline/results_frailty3/_overfitting_sweep/20260630_0630_overfitting_sweep_generalization_rank2/reports/gen_200/rank02_r2_small_inceptiontime_extra-0_seq5_ov50_cv5_static_only_seed10042_report.json,31121,cc7828e2fd67726c5ff528ce9519d55692a412d88c8be6d73b82c05afdc4e6c6
20260630_0630_overfitting_sweep_generalization_rank2,consumed_report_json,/home/trinker/Code/github/PPG-Frailty-pipeline/results_frailty3/_overfitting_sweep/20260630_0630_overfitting_sweep_generalization_rank2/reports/gen_200/rank02_r3_small_inceptiontime_extra-0_seq5_ov50_cv5_static_only_seed20042_report.json,31122,2d344947c16edc8b5f009c82494ac2d2cc82e72d6332206614511d3320311cae
20260630_0630_overfitting_sweep_generalization_rank2,consumed_report_json,/home/trinker/Code/github/PPG-Frailty-pipeline/results_frailty3/_overfitting_sweep/20260630_0630_overfitting_sweep_generalization_rank2/reports/gen_200/rank02_r4_small_inceptiontime_extra-0_seq5_ov50_cv5_static_only_seed30042_report.json,31044,ea1007faab19a476d6b0327b20531b036062f6bfa1fbfff76e3bf81f0cdd7360
20260630_0630_overfitting_sweep_generalization_rank2,consumed_report_json,/home/trinker/Code/github/PPG-Frailty-pipeline/results_frailty3/_overfitting_sweep/20260630_0630_overfitting_sweep_generalization_rank2/reports/gen_200/rank02_r5_small_inceptiontime_extra-0_seq5_ov50_cv5_static_only_seed40042_report.json,31062,ecdf99d3d05b46b7c2d49ccd6410e4b1ea60e3580042568207a0a60e3db8d890
20260630_0630_overfitting_sweep_generalization_rank2,consumed_report_json,/home/trinker/Code/github/PPG-Frailty-pipeline/results_frailty3/_overfitting_sweep/20260630_0630_overfitting_sweep_generalization_rank2/reports/gen_201/rank02_r1_small_inceptiontime_extra-0_seq5_ov50_cv5_static_only_seed42_report.json,31139,75d9212664d47a07e34e093e1f61d6962eb3604726f1210ac3c41e979767e065
20260630_0630_overfitting_sweep_generalization_rank2,consumed_report_json,/home/trinker/Code/github/PPG-Frailty-pipeline/results_frailty3/_overfitting_sweep/20260630_0630_overfitting_sweep_generalization_rank2/reports/gen_201/rank02_r2_small_inceptiontime_extra-0_seq5_ov50_cv5_static_only_seed10042_report.json,31181,5b115ae77889bf6143364eae1b1aa2d33526c26868761dfa366caf27654bbc6f
20260630_0630_overfitting_sweep_generalization_rank2,consumed_report_json,/home/trinker/Code/github/PPG-Frailty-pipeline/results_frailty3/_overfitting_sweep/20260630_0630_overfitting_sweep_generalization_rank2/reports/gen_201/rank02_r3_small_inceptiontime_extra-0_seq5_ov50_cv5_static_only_seed20042_report.json,31066,0779062d44135d2b8cffd890924c8d082e8d51b29fad6dc83dedcd07ae78a0b1
20260630_0630_overfitting_sweep_generalization_rank2,consumed_report_json,/home/trinker/Code/github/PPG-Frailty-pipeline/results_frailty3/_overfitting_sweep/20260630_0630_overfitting_sweep_generalization_rank2/reports/gen_201/rank02_r4_small_inceptiontime_extra-0_seq5_ov50_cv5_static_only_seed30042_report.json,31074,aea530d23d8e4a8c3c7e0bc2c755bf871a48aa5f2f7e7f8bd73a07702ab5a84f
20260630_0630_overfitting_sweep_generalization_rank2,consumed_report_json,/home/trinker/Code/github/PPG-Frailty-pipeline/results_frailty3/_overfitting_sweep/20260630_0630_overfitting_sweep_generalization_rank2/reports/gen_201/rank02_r5_small_inceptiontime_extra-0_seq5_ov50_cv5_static_only_seed40042_report.json,31073,733e9908dca285d22dca68249bacbaa76fa540babab0fd93e885b49df04113ec
20260630_0630_overfitting_sweep_generalization_rank2,consumed_report_json,/home/trinker/Code/github/PPG-Frailty-pipeline/results_frailty3/_overfitting_sweep/20260630_0630_overfitting_sweep_generalization_rank2/reports/gen_202/rank02_r1_small_inceptiontime_extra-0_seq5_ov50_cv5_static_only_seed42_report.json,31177,5e88f5af704155417e7128ce1c4eddd797988f0e78c5c1640660a2d12f1aeef6
20260630_0630_overfitting_sweep_generalization_rank2,consumed_report_json,/home/trinker/Code/github/PPG-Frailty-pipeline/results_frailty3/_overfitting_sweep/20260630_0630_overfitting_sweep_generalization_rank2/reports/gen_202/rank02_r2_small_inceptiontime_extra-0_seq5_ov50_cv5_static_only_seed10042_report.json,31090,1e8be8afaf5b38922c0c85813d3990e897c9603876933025812586bb72e1a70d
20260630_0630_overfitting_sweep_generalization_rank2,consumed_report_json,/home/trinker/Code/github/PPG-Frailty-pipeline/results_frailty3/_overfitting_sweep/20260630_0630_overfitting_sweep_generalization_rank2/reports/gen_202/rank02_r3_small_inceptiontime_extra-0_seq5_ov50_cv5_static_only_seed20042_report.json,31050,f9aa37ac127df0ff8a4a804185bd2f58ce2fed29d0521b541f40b25bb11d4c09
20260630_0630_overfitting_sweep_generalization_rank2,consumed_report_json,/home/trinker/Code/github/PPG-Frailty-pipeline/results_frailty3/_overfitting_sweep/20260630_0630_overfitting_sweep_generalization_rank2/reports/gen_202/rank02_r4_small_inceptiontime_extra-0_seq5_ov50_cv5_static_only_seed30042_report.json,31104,0423f3ff569c0b4c91dc22741e5e6fbeba1e9f6f76a5dd4200cf52a2705f470e
20260630_0630_overfitting_sweep_generalization_rank2,consumed_report_json,/home/trinker/Code/github/PPG-Frailty-pipeline/results_frailty3/_overfitting_sweep/20260630_0630_overfitting_sweep_generalization_rank2/reports/gen_202/rank02_r5_small_inceptiontime_extra-0_seq5_ov50_cv5_static_only_seed40042_report.json,31162,4b37af78e2a1a4abe06341c8096f38be50ea2c97d1b734853a63079f4cdb327d
20260630_0630_overfitting_sweep_generalization_rank2,consumed_report_json,/home/trinker/Code/github/PPG-Frailty-pipeline/results_frailty3/_overfitting_sweep/20260630_0630_overfitting_sweep_generalization_rank2/reports/gen_203/rank02_r1_small_inceptiontime_extra-0_seq5_ov50_cv5_static_only_seed42_report.json,31170,b29ec2874f202140579777dcef50725709ec8e1d329ae63050b185cb76beecf5
20260630_0630_overfitting_sweep_generalization_rank2,consumed_report_json,/home/trinker/Code/github/PPG-Frailty-pipeline/results_frailty3/_overfitting_sweep/20260630_0630_overfitting_sweep_generalization_rank2/reports/gen_203/rank02_r2_small_inceptiontime_extra-0_seq5_ov50_cv5_static_only_seed10042_report.json,31208,e22ac157a5c62b588e76327bc453de9d7b4855aca6509632464ae779f86e3899
20260630_0630_overfitting_sweep_generalization_rank2,consumed_report_json,/home/trinker/Code/github/PPG-Frailty-pipeline/results_frailty3/_overfitting_sweep/20260630_0630_overfitting_sweep_generalization_rank2/reports/gen_203/rank02_r3_small_inceptiontime_extra-0_seq5_ov50_cv5_static_only_seed20042_report.json,30995,8de97b2b6e78a639149ee54c9e45e0026e3a2cf93a6f7504eb0240b250132212
20260630_0630_overfitting_sweep_generalization_rank2,consumed_report_json,/home/trinker/Code/github/PPG-Frailty-pipeline/results_frailty3/_overfitting_sweep/20260630_0630_overfitting_sweep_generalization_rank2/reports/gen_203/rank02_r4_small_inceptiontime_extra-0_seq5_ov50_cv5_static_only_seed30042_report.json,31066,01bd5a1133c28b76e1ab36bf10879235a740368f6b1dbd5f0bc4839f1cc07fb0
20260630_0630_overfitting_sweep_generalization_rank2,consumed_report_json,/home/trinker/Code/github/PPG-Frailty-pipeline/results_frailty3/_overfitting_sweep/20260630_0630_overfitting_sweep_generalization_rank2/reports/gen_203/rank02_r5_small_inceptiontime_extra-0_seq5_ov50_cv5_static_only_seed40042_report.json,31058,1845e4399b29a65500328caa12b90dc7a10f477f7c4aed5f070b1e8ba8232326
20260630_0630_overfitting_sweep_generalization_rank2,consumed_report_json,/home/trinker/Code/github/PPG-Frailty-pipeline/results_frailty3/_overfitting_sweep/20260630_0630_overfitting_sweep_generalization_rank2/reports/gen_204/rank02_r1_small_inceptiontime_extra-0_seq5_ov50_cv5_static_only_seed42_report.json,31063,73e7c37e566ed3809bba7095768277cd63aca861f55295dad191d4e4ec5623ad
20260630_0630_overfitting_sweep_generalization_rank2,consumed_report_json,/home/trinker/Code/github/PPG-Frailty-pipeline/results_frailty3/_overfitting_sweep/20260630_0630_overfitting_sweep_generalization_rank2/reports/gen_204/rank02_r2_small_inceptiontime_extra-0_seq5_ov50_cv5_static_only_seed10042_report.json,31038,3a452df49f6d288746a8d6fa04006e77495b0cca0407e45d74ca8c8501d377b1
20260630_0630_overfitting_sweep_generalization_rank2,consumed_report_json,/home/trinker/Code/github/PPG-Frailty-pipeline/results_frailty3/_overfitting_sweep/20260630_0630_overfitting_sweep_generalization_rank2/reports/gen_204/rank02_r3_small_inceptiontime_extra-0_seq5_ov50_cv5_static_only_seed20042_report.json,31161,a7068fb5b45f2091838fe006f7a89d072c6882540e404ed15f0db09961af3754
20260630_0630_overfitting_sweep_generalization_rank2,consumed_report_json,/home/trinker/Code/github/PPG-Frailty-pipeline/results_frailty3/_overfitting_sweep/20260630_0630_overfitting_sweep_generalization_rank2/reports/gen_204/rank02_r4_small_inceptiontime_extra-0_seq5_ov50_cv5_static_only_seed30042_report.json,31170,4afa7d16b4e24c23a9beb01cabc9e36c6258563da592ec2c58fdbe0727a352b2
20260630_0630_overfitting_sweep_generalization_rank2,consumed_report_json,/home/trinker/Code/github/PPG-Frailty-pipeline/results_frailty3/_overfitting_sweep/20260630_0630_overfitting_sweep_generalization_rank2/reports/gen_204/rank02_r5_small_inceptiontime_extra-0_seq5_ov50_cv5_static_only_seed40042_report.json,31112,be6f17673aeccbfd90d7c50d9cc3d289c063cd4ca5093f80469301dae3282c97
20260630_0630_overfitting_sweep_generalization_rank2,consumed_report_json,/home/trinker/Code/github/PPG-Frailty-pipeline/results_frailty3/_overfitting_sweep/20260630_0630_overfitting_sweep_generalization_rank2/reports/gen_205/rank02_r1_small_inceptiontime_extra-0_seq5_ov50_cv5_static_only_seed42_report.json,31175,fa49eeeea4a71a841cb419ad92a31037adbbe44ace7e4d7c3154fc27bfce1518
20260630_0630_overfitting_sweep_generalization_rank2,consumed_report_json,/home/trinker/Code/github/PPG-Frailty-pipeline/results_frailty3/_overfitting_sweep/20260630_0630_overfitting_sweep_generalization_rank2/reports/gen_205/rank02_r2_small_inceptiontime_extra-0_seq5_ov50_cv5_static_only_seed10042_report.json,31169,2a505bfd310044a7528644dd17d2f149a3549c4adaca2b2349c95ffd323f8b03
20260630_0630_overfitting_sweep_generalization_rank2,consumed_report_json,/home/trinker/Code/github/PPG-Frailty-pipeline/results_frailty3/_overfitting_sweep/20260630_0630_overfitting_sweep_generalization_rank2/reports/gen_205/rank02_r3_small_inceptiontime_extra-0_seq5_ov50_cv5_static_only_seed20042_report.json,31123,a7db557e142659582da29c93e33b3485aa5f2e831849c42bf6c34c331f79799a
20260630_0630_overfitting_sweep_generalization_rank2,consumed_report_json,/home/trinker/Code/github/PPG-Frailty-pipeline/results_frailty3/_overfitting_sweep/20260630_0630_overfitting_sweep_generalization_rank2/reports/gen_205/rank02_r4_small_inceptiontime_extra-0_seq5_ov50_cv5_static_only_seed30042_report.json,31131,f071bc1610e85331e79a9ffaeb6f4459ef4918fbb2b8df956d22ad935a01d2d2
20260630_0630_overfitting_sweep_generalization_rank2,consumed_report_json,/home/trinker/Code/github/PPG-Frailty-pipeline/results_frailty3/_overfitting_sweep/20260630_0630_overfitting_sweep_generalization_rank2/reports/gen_205/rank02_r5_small_inceptiontime_extra-0_seq5_ov50_cv5_static_only_seed40042_report.json,31092,d3640750bce53614e109dab6520e3ba48293ffb3215fbdbffd7f82a4e8917210
20260630_0630_overfitting_sweep_generalization_rank2,consumed_report_json,/home/trinker/Code/github/PPG-Frailty-pipeline/results_frailty3/_overfitting_sweep/20260630_0630_overfitting_sweep_generalization_rank2/reports/gen_206/rank02_r1_small_inceptiontime_extra-0_seq5_ov50_cv5_static_only_seed42_report.json,31072,968a0b205f3cf32e982091a233cebce835664185c76d72b599dcb869d4ca7a73
20260630_0630_overfitting_sweep_generalization_rank2,consumed_report_json,/home/trinker/Code/github/PPG-Frailty-pipeline/results_frailty3/_overfitting_sweep/20260630_0630_overfitting_sweep_generalization_rank2/reports/gen_206/rank02_r2_small_inceptiontime_extra-0_seq5_ov50_cv5_static_only_seed10042_report.json,31084,9adb71c45c7c6338914467bc68ab3fa746133655259bebf0bdd31d985fb8d6a3
20260630_0630_overfitting_sweep_generalization_rank2,consumed_report_json,/home/trinker/Code/github/PPG-Frailty-pipeline/results_frailty3/_overfitting_sweep/20260630_0630_overfitting_sweep_generalization_rank2/reports/gen_206/rank02_r3_small_inceptiontime_extra-0_seq5_ov50_cv5_static_only_seed20042_report.json,31201,494780603e20eb3239293655cc7fcd5d93ef926a50c2aa9f289760019de1e943
20260630_0630_overfitting_sweep_generalization_rank2,consumed_report_json,/home/trinker/Code/github/PPG-Frailty-pipeline/results_frailty3/_overfitting_sweep/20260630_0630_overfitting_sweep_generalization_rank2/reports/gen_206/rank02_r4_small_inceptiontime_extra-0_seq5_ov50_cv5_static_only_seed30042_report.json,31113,c17e99972b150994c38081a172cf017a27151d2accd22335f313386a5043af68
20260630_0630_overfitting_sweep_generalization_rank2,consumed_report_json,/home/trinker/Code/github/PPG-Frailty-pipeline/results_frailty3/_overfitting_sweep/20260630_0630_overfitting_sweep_generalization_rank2/reports/gen_206/rank02_r5_small_inceptiontime_extra-0_seq5_ov50_cv5_static_only_seed40042_report.json,31118,059a8fbaa357d01ac5cf6409bd40766182b53e2c758e0630ddbbe1b4cd376e23
20260630_0630_overfitting_sweep_generalization_rank2,consumed_report_json,/home/trinker/Code/github/PPG-Frailty-pipeline/results_frailty3/_overfitting_sweep/20260630_0630_overfitting_sweep_generalization_rank2/reports/gen_207/rank02_r1_small_inceptiontime_extra-0_seq5_ov50_cv5_static_only_seed42_report.json,30997,b4f67d73ac3a33fab537d2534bd3853de175be022577448929a6ccd9534a66db
20260630_0630_overfitting_sweep_generalization_rank2,consumed_report_json,/home/trinker/Code/github/PPG-Frailty-pipeline/results_frailty3/_overfitting_sweep/20260630_0630_overfitting_sweep_generalization_rank2/reports/gen_207/rank02_r2_small_inceptiontime_extra-0_seq5_ov50_cv5_static_only_seed10042_report.json,31031,5f73b5a6dfb0bc3d5c22b9058d3a3d1d36bf227c32bc8434aab6ed2acbb922a1
20260630_0630_overfitting_sweep_generalization_rank2,consumed_report_json,/home/trinker/Code/github/PPG-Frailty-pipeline/results_frailty3/_overfitting_sweep/20260630_0630_overfitting_sweep_generalization_rank2/reports/gen_207/rank02_r3_small_inceptiontime_extra-0_seq5_ov50_cv5_static_only_seed20042_report.json,31045,bbd3ff6e2204c897c2cb8ad2af5be36237462c6986e2563bf517607548d73d05
20260630_0630_overfitting_sweep_generalization_rank2,consumed_report_json,/home/trinker/Code/github/PPG-Frailty-pipeline/results_frailty3/_overfitting_sweep/20260630_0630_overfitting_sweep_generalization_rank2/reports/gen_207/rank02_r4_small_inceptiontime_extra-0_seq5_ov50_cv5_static_only_seed30042_report.json,30951,dbbbed3528a5f8594c0f8d91f7152fbf8e705edb0209043e5a5406d492ac7799
20260630_0630_overfitting_sweep_generalization_rank2,consumed_report_json,/home/trinker/Code/github/PPG-Frailty-pipeline/results_frailty3/_overfitting_sweep/20260630_0630_overfitting_sweep_generalization_rank2/reports/gen_207/rank02_r5_small_inceptiontime_extra-0_seq5_ov50_cv5_static_only_seed40042_report.json,30975,125b141e032cf28a291f8d95f3f9d05814990aa6f998ec2a33a5e82046cd6006
20260630_0630_overfitting_sweep_generalization_rank2,consumed_report_json,/home/trinker/Code/github/PPG-Frailty-pipeline/results_frailty3/_overfitting_sweep/20260630_0630_overfitting_sweep_generalization_rank2/reports/gen_208/rank02_r1_small_inceptiontime_extra-0_seq5_ov50_cv5_static_only_seed42_report.json,31103,f45501d34b2e845651ae3b7e96d21dc0b1f740adaf14e194a5d53b6fe2b600f8
20260630_0630_overfitting_sweep_generalization_rank2,consumed_report_json,/home/trinker/Code/github/PPG-Frailty-pipeline/results_frailty3/_overfitting_sweep/20260630_0630_overfitting_sweep_generalization_rank2/reports/gen_208/rank02_r2_small_inceptiontime_extra-0_seq5_ov50_cv5_static_only_seed10042_report.json,31035,b62ef8d9c174d6b45ccae8a85ad2d7773c3c75cd69b23d8a3b619d1bb95ef305
20260630_0630_overfitting_sweep_generalization_rank2,consumed_report_json,/home/trinker/Code/github/PPG-Frailty-pipeline/results_frailty3/_overfitting_sweep/20260630_0630_overfitting_sweep_generalization_rank2/reports/gen_208/rank02_r3_small_inceptiontime_extra-0_seq5_ov50_cv5_static_only_seed20042_report.json,31064,2f690681733816e5053ce59230a7e9c7a7b373be26b0bb7263c557f5e8a4ef4a
20260630_0630_overfitting_sweep_generalization_rank2,consumed_report_json,/home/trinker/Code/github/PPG-Frailty-pipeline/results_frailty3/_overfitting_sweep/20260630_0630_overfitting_sweep_generalization_rank2/reports/gen_208/rank02_r4_small_inceptiontime_extra-0_seq5_ov50_cv5_static_only_seed30042_report.json,30993,1b8deaab231e766b8e1cec6575f48762bc93c92c81fc4624cbcb33980b69c140
20260630_0630_overfitting_sweep_generalization_rank2,consumed_report_json,/home/trinker/Code/github/PPG-Frailty-pipeline/results_frailty3/_overfitting_sweep/20260630_0630_overfitting_sweep_generalization_rank2/reports/gen_208/rank02_r5_small_inceptiontime_extra-0_seq5_ov50_cv5_static_only_seed40042_report.json,30995,1f9b91f436729932402805ec9b9140d4599efcaedf132c7962f3317a07baa999
20260630_0630_overfitting_sweep_generalization_rank2,consumed_report_json,/home/trinker/Code/github/PPG-Frailty-pipeline/results_frailty3/_overfitting_sweep/20260630_0630_overfitting_sweep_generalization_rank2/reports/gen_209/rank02_r1_small_inceptiontime_extra-0_seq5_ov50_cv5_static_only_seed42_report.json,30986,a336bdc38d03a90ccaa3fc26b3cd822d843f2b6cef915db0da4c053a065c6582
20260630_0630_overfitting_sweep_generalization_rank2,consumed_report_json,/home/trinker/Code/github/PPG-Frailty-pipeline/results_frailty3/_overfitting_sweep/20260630_0630_overfitting_sweep_generalization_rank2/reports/gen_209/rank02_r2_small_inceptiontime_extra-0_seq5_ov50_cv5_static_only_seed10042_report.json,31014,b769a2a99cffac7cc947ddfdc21830f294e64cb62f54ce11a97d42e7d62b7fc6
20260630_0630_overfitting_sweep_generalization_rank2,consumed_report_json,/home/trinker/Code/github/PPG-Frailty-pipeline/results_frailty3/_overfitting_sweep/20260630_0630_overfitting_sweep_generalization_rank2/reports/gen_209/rank02_r3_small_inceptiontime_extra-0_seq5_ov50_cv5_static_only_seed20042_report.json,31036,ec604336457b5dcd77f2966f4eeafa5283204c7b3757e4977a9276538d297be6
20260630_0630_overfitting_sweep_generalization_rank2,consumed_report_json,/home/trinker/Code/github/PPG-Frailty-pipeline/results_frailty3/_overfitting_sweep/20260630_0630_overfitting_sweep_generalization_rank2/reports/gen_209/rank02_r4_small_inceptiontime_extra-0_seq5_ov50_cv5_static_only_seed30042_report.json,31088,dc8a78a7a3f68361ea09994fd2f5a6e977bbf7ed268146e2ca4d5f309e675444
20260630_0630_overfitting_sweep_generalization_rank2,consumed_report_json,/home/trinker/Code/github/PPG-Frailty-pipeline/results_frailty3/_overfitting_sweep/20260630_0630_overfitting_sweep_generalization_rank2/reports/gen_209/rank02_r5_small_inceptiontime_extra-0_seq5_ov50_cv5_static_only_seed40042_report.json,30929,4867a18e8f6e910cf1658269389aefc04de015da619086e727feef30d4bf3f08
20260630_0630_overfitting_sweep_generalization_rank2,consumed_report_json,/home/trinker/Code/github/PPG-Frailty-pipeline/results_frailty3/_overfitting_sweep/20260630_0630_overfitting_sweep_generalization_rank2/reports/gen_210/rank02_r1_small_inceptiontime_extra-0_seq5_ov50_cv5_static_only_seed42_report.json,30941,3a38d02775b0b4913a521ecabae62356332a9f18fc5eae43855b5c4650bf6cf4
20260630_0630_overfitting_sweep_generalization_rank2,consumed_report_json,/home/trinker/Code/github/PPG-Frailty-pipeline/results_frailty3/_overfitting_sweep/20260630_0630_overfitting_sweep_generalization_rank2/reports/gen_210/rank02_r2_small_inceptiontime_extra-0_seq5_ov50_cv5_static_only_seed10042_report.json,30991,58ac6df8bb3f400c75eb791cbe239939097426a70c2f8dfc2683fe588fb46d75
20260630_0630_overfitting_sweep_generalization_rank2,consumed_report_json,/home/trinker/Code/github/PPG-Frailty-pipeline/results_frailty3/_overfitting_sweep/20260630_0630_overfitting_sweep_generalization_rank2/reports/gen_210/rank02_r3_small_inceptiontime_extra-0_seq5_ov50_cv5_static_only_seed20042_report.json,31058,bcf0647a8b7366fc5933db95888abe266d06123375f6a3cb53a27e25d152834c
20260630_0630_overfitting_sweep_generalization_rank2,consumed_report_json,/home/trinker/Code/github/PPG-Frailty-pipeline/results_frailty3/_overfitting_sweep/20260630_0630_overfitting_sweep_generalization_rank2/reports/gen_210/rank02_r4_small_inceptiontime_extra-0_seq5_ov50_cv5_static_only_seed30042_report.json,30968,032b5958ddf921ebe91346e1d1e0684ef85e45e67b09e6092f0a8d43618afc66
20260630_0630_overfitting_sweep_generalization_rank2,consumed_report_json,/home/trinker/Code/github/PPG-Frailty-pipeline/results_frailty3/_overfitting_sweep/20260630_0630_overfitting_sweep_generalization_rank2/reports/gen_210/rank02_r5_small_inceptiontime_extra-0_seq5_ov50_cv5_static_only_seed40042_report.json,31029,480ebd465ca61ce0411f4eb9a3f9c3a5bf4243166c6b01272cda32630a388cf8
20260630_0630_overfitting_sweep_generalization_rank2,consumed_report_json,/home/trinker/Code/github/PPG-Frailty-pipeline/results_frailty3/_overfitting_sweep/20260630_0630_overfitting_sweep_generalization_rank2/reports/gen_211/rank02_r1_small_inceptiontime_extra-0_seq5_ov50_cv5_static_only_seed42_report.json,31051,9cba971163eb6edc7459362331c35cba1ea18b5ecc58a30ac48862615620ec8b
20260630_0630_overfitting_sweep_generalization_rank2,consumed_report_json,/home/trinker/Code/github/PPG-Frailty-pipeline/results_frailty3/_overfitting_sweep/20260630_0630_overfitting_sweep_generalization_rank2/reports/gen_211/rank02_r2_small_inceptiontime_extra-0_seq5_ov50_cv5_static_only_seed10042_report.json,31119,1cf1241d687cfd894c93a53202afce357f706059f071a1cd18992026b36a4eb1
20260630_0630_overfitting_sweep_generalization_rank2,consumed_report_json,/home/trinker/Code/github/PPG-Frailty-pipeline/results_frailty3/_overfitting_sweep/20260630_0630_overfitting_sweep_generalization_rank2/reports/gen_211/rank02_r3_small_inceptiontime_extra-0_seq5_ov50_cv5_static_only_seed20042_report.json,31066,7e6598c6ff66665924a065253b62add9f74e188a3c3f8ff28044c3cb5478a948
20260630_0630_overfitting_sweep_generalization_rank2,consumed_report_json,/home/trinker/Code/github/PPG-Frailty-pipeline/results_frailty3/_overfitting_sweep/20260630_0630_overfitting_sweep_generalization_rank2/reports/gen_211/rank02_r4_small_inceptiontime_extra-0_seq5_ov50_cv5_static_only_seed30042_report.json,31141,7ac3927fc8f70684896999ffab18acf46810ffeff8c7e165d32b9d9b29feb7ca
20260630_0630_overfitting_sweep_generalization_rank2,consumed_report_json,/home/trinker/Code/github/PPG-Frailty-pipeline/results_frailty3/_overfitting_sweep/20260630_0630_overfitting_sweep_generalization_rank2/reports/gen_211/rank02_r5_small_inceptiontime_extra-0_seq5_ov50_cv5_static_only_seed40042_report.json,31140,ed876491a03748c1ba1368af1833ea9d33f728baa9246a52a5c6513932300d5a
20260630_0630_overfitting_sweep_generalization_rank2,consumed_report_json,/home/trinker/Code/github/PPG-Frailty-pipeline/results_frailty3/_overfitting_sweep/20260630_0630_overfitting_sweep_generalization_rank2/reports/gen_212/rank02_r1_small_inceptiontime_extra-0_seq5_ov50_cv5_static_only_seed42_report.json,31090,5b0e9a4496f9d6cc104cc309b4abda974bc128d84fb148870c143fb30f3d283a
20260630_0630_overfitting_sweep_generalization_rank2,consumed_report_json,/home/trinker/Code/github/PPG-Frailty-pipeline/results_frailty3/_overfitting_sweep/20260630_0630_overfitting_sweep_generalization_rank2/reports/gen_212/rank02_r2_small_inceptiontime_extra-0_seq5_ov50_cv5_static_only_seed10042_report.json,31140,1f60b14e3a4422af3dc6ea2182b295dbef1b9a6afe606415ff5ea8186a49228a
20260630_0630_overfitting_sweep_generalization_rank2,consumed_report_json,/home/trinker/Code/github/PPG-Frailty-pipeline/results_frailty3/_overfitting_sweep/20260630_0630_overfitting_sweep_generalization_rank2/reports/gen_212/rank02_r3_small_inceptiontime_extra-0_seq5_ov50_cv5_static_only_seed20042_report.json,31105,451ba19bf10b6f129a1dd26a470227e8e465324bf48a582c5c51fddc82ac1bc0
20260630_0630_overfitting_sweep_generalization_rank2,consumed_report_json,/home/trinker/Code/github/PPG-Frailty-pipeline/results_frailty3/_overfitting_sweep/20260630_0630_overfitting_sweep_generalization_rank2/reports/gen_212/rank02_r4_small_inceptiontime_extra-0_seq5_ov50_cv5_static_only_seed30042_report.json,31080,32b7226850a56114b4cf1ca61442625de7cd85b55a46d95482730bceb13b6dfb
20260630_0630_overfitting_sweep_generalization_rank2,consumed_report_json,/home/trinker/Code/github/PPG-Frailty-pipeline/results_frailty3/_overfitting_sweep/20260630_0630_overfitting_sweep_generalization_rank2/reports/gen_212/rank02_r5_small_inceptiontime_extra-0_seq5_ov50_cv5_static_only_seed40042_report.json,31040,af775cd59c53f6e2e0907003376a191d34b745020467f7aab4247c32e9ac2d51
20260630_0630_overfitting_sweep_generalization_rank2,consumed_report_json,/home/trinker/Code/github/PPG-Frailty-pipeline/results_frailty3/_overfitting_sweep/20260630_0630_overfitting_sweep_generalization_rank2/reports/gen_213/rank02_r1_small_inceptiontime_extra-0_seq5_ov50_cv5_static_only_seed42_report.json,31121,aa547070e788842e7f316dd50b264489ec40ad2761af9dbcfa740e45fd66c70a
20260630_0630_overfitting_sweep_generalization_rank2,consumed_report_json,/home/trinker/Code/github/PPG-Frailty-pipeline/results_frailty3/_overfitting_sweep/20260630_0630_overfitting_sweep_generalization_rank2/reports/gen_213/rank02_r2_small_inceptiontime_extra-0_seq5_ov50_cv5_static_only_seed10042_report.json,31220,97e8b939a77d263eab3e470e7d8e954f4e22ffa04ecfb0d069f6039aee748f7d
20260630_0630_overfitting_sweep_generalization_rank2,consumed_report_json,/home/trinker/Code/github/PPG-Frailty-pipeline/results_frailty3/_overfitting_sweep/20260630_0630_overfitting_sweep_generalization_rank2/reports/gen_213/rank02_r3_small_inceptiontime_extra-0_seq5_ov50_cv5_static_only_seed20042_report.json,31089,c1890d1549addab8c6546571072c0fd0fed196e80c08eea4c5125356e063e3f3
20260630_0630_overfitting_sweep_generalization_rank2,consumed_report_json,/home/trinker/Code/github/PPG-Frailty-pipeline/results_frailty3/_overfitting_sweep/20260630_0630_overfitting_sweep_generalization_rank2/reports/gen_213/rank02_r4_small_inceptiontime_extra-0_seq5_ov50_cv5_static_only_seed30042_report.json,31062,0ac21094b5b1da46339848a1ba94d991e19dfa03d654d346eef9af682390c6c3
20260630_0630_overfitting_sweep_generalization_rank2,consumed_report_json,/home/trinker/Code/github/PPG-Frailty-pipeline/results_frailty3/_overfitting_sweep/20260630_0630_overfitting_sweep_generalization_rank2/reports/gen_213/rank02_r5_small_inceptiontime_extra-0_seq5_ov50_cv5_static_only_seed40042_report.json,31180,9df0f2d53bac2aa6a9246ae071ea834ed38271099e4c09f92462412fc82a1449
20260630_0630_overfitting_sweep_generalization_rank2,consumed_report_json,/home/trinker/Code/github/PPG-Frailty-pipeline/results_frailty3/_overfitting_sweep/20260630_0630_overfitting_sweep_generalization_rank2/reports/gen_214/rank02_r1_small_inceptiontime_extra-0_seq5_ov50_cv5_static_only_seed42_report.json,31129,db414ba1ce29ee7c6b40a6e054788b68da3d325f94418fa3f6760b7e35ab39e1
20260630_0630_overfitting_sweep_generalization_rank2,consumed_report_json,/home/trinker/Code/github/PPG-Frailty-pipeline/results_frailty3/_overfitting_sweep/20260630_0630_overfitting_sweep_generalization_rank2/reports/gen_214/rank02_r2_small_inceptiontime_extra-0_seq5_ov50_cv5_static_only_seed10042_report.json,31072,4dd0af4e007e85279478bbb99a3bc3badaf8a0b2c83a452c3712e254c665f24e
20260630_0630_overfitting_sweep_generalization_rank2,consumed_report_json,/home/trinker/Code/github/PPG-Frailty-pipeline/results_frailty3/_overfitting_sweep/20260630_0630_overfitting_sweep_generalization_rank2/reports/gen_214/rank02_r3_small_inceptiontime_extra-0_seq5_ov50_cv5_static_only_seed20042_report.json,31146,f1e4e02aafaff5ea545e98659fdc6ff2f87f6c6b918d9ba10252deb8f1a5c019
20260630_0630_overfitting_sweep_generalization_rank2,consumed_report_json,/home/trinker/Code/github/PPG-Frailty-pipeline/results_frailty3/_overfitting_sweep/20260630_0630_overfitting_sweep_generalization_rank2/reports/gen_214/rank02_r4_small_inceptiontime_extra-0_seq5_ov50_cv5_static_only_seed30042_report.json,31078,e3e04c84365f7f1bd55dccefc9faefaa148142ee5865a05d8d99fcf313bfdc6b
20260630_0630_overfitting_sweep_generalization_rank2,consumed_report_json,/home/trinker/Code/github/PPG-Frailty-pipeline/results_frailty3/_overfitting_sweep/20260630_0630_overfitting_sweep_generalization_rank2/reports/gen_214/rank02_r5_small_inceptiontime_extra-0_seq5_ov50_cv5_static_only_seed40042_report.json,31107,f07a30a80acf034775b147dcea38a3b22bcc9cd79e6756c9d0337eddc93d4bb0
20260630_0630_overfitting_sweep_generalization_rank2,consumed_report_json,/home/trinker/Code/github/PPG-Frailty-pipeline/results_frailty3/_overfitting_sweep/20260630_0630_overfitting_sweep_generalization_rank2/reports/gen_215/rank02_r1_small_inceptiontime_extra-0_seq5_ov50_cv5_static_only_seed42_report.json,31155,41c4c8a5b30646a50edc4a0c9c81092971e7139101c435f61b5b9446b334adc0
20260630_0630_overfitting_sweep_generalization_rank2,consumed_report_json,/home/trinker/Code/github/PPG-Frailty-pipeline/results_frailty3/_overfitting_sweep/20260630_0630_overfitting_sweep_generalization_rank2/reports/gen_215/rank02_r2_small_inceptiontime_extra-0_seq5_ov50_cv5_static_only_seed10042_report.json,31056,b8adecf2bb975c2c57c37069926baf97afbd8420c176f5c74f03de001a903a5c
20260630_0630_overfitting_sweep_generalization_rank2,consumed_report_json,/home/trinker/Code/github/PPG-Frailty-pipeline/results_frailty3/_overfitting_sweep/20260630_0630_overfitting_sweep_generalization_rank2/reports/gen_215/rank02_r3_small_inceptiontime_extra-0_seq5_ov50_cv5_static_only_seed20042_report.json,31099,f868856ff76d201f3950a5a3c1a490dd8e283429dbce7aff110d80b1dc1e534d
20260630_0630_overfitting_sweep_generalization_rank2,consumed_report_json,/home/trinker/Code/github/PPG-Frailty-pipeline/results_frailty3/_overfitting_sweep/20260630_0630_overfitting_sweep_generalization_rank2/reports/gen_215/rank02_r4_small_inceptiontime_extra-0_seq5_ov50_cv5_static_only_seed30042_report.json,31096,ff6dce27ce53b55882d94dbea0553048a2ce7cff348c45aca979d834eaa18328
20260630_0630_overfitting_sweep_generalization_rank2,consumed_report_json,/home/trinker/Code/github/PPG-Frailty-pipeline/results_frailty3/_overfitting_sweep/20260630_0630_overfitting_sweep_generalization_rank2/reports/gen_215/rank02_r5_small_inceptiontime_extra-0_seq5_ov50_cv5_static_only_seed40042_report.json,31067,8335580e7ef1afa4314c5b91f8ef095f4fec16c08aba8d3ab1bbfc8f7c38a5f6
20260630_0630_overfitting_sweep_generalization_rank2,consumed_report_json,/home/trinker/Code/github/PPG-Frailty-pipeline/results_frailty3/_overfitting_sweep/20260630_0630_overfitting_sweep_generalization_rank2/reports/gen_216/rank02_r1_small_inceptiontime_extra-0_seq5_ov50_cv5_static_only_seed42_report.json,31120,f98d53f7762cb341c9f04bdd96c99299375d16a01a57459fdaacb1cee068c69b
20260630_0630_overfitting_sweep_generalization_rank2,consumed_report_json,/home/trinker/Code/github/PPG-Frailty-pipeline/results_frailty3/_overfitting_sweep/20260630_0630_overfitting_sweep_generalization_rank2/reports/gen_216/rank02_r2_small_inceptiontime_extra-0_seq5_ov50_cv5_static_only_seed10042_report.json,31231,9d047a9d33f8edff28a9dae88dffa83f04ec66fbef5858548ab5abd7b0a07bdd
20260630_0630_overfitting_sweep_generalization_rank2,consumed_report_json,/home/trinker/Code/github/PPG-Frailty-pipeline/results_frailty3/_overfitting_sweep/20260630_0630_overfitting_sweep_generalization_rank2/reports/gen_216/rank02_r3_small_inceptiontime_extra-0_seq5_ov50_cv5_static_only_seed20042_report.json,31141,54bb1720e9b5ecae4cacc2ed998b62b25da8f95cea3323d3e5f6f9442a394958
20260630_0630_overfitting_sweep_generalization_rank2,consumed_report_json,/home/trinker/Code/github/PPG-Frailty-pipeline/results_frailty3/_overfitting_sweep/20260630_0630_overfitting_sweep_generalization_rank2/reports/gen_216/rank02_r4_small_inceptiontime_extra-0_seq5_ov50_cv5_static_only_seed30042_report.json,31061,8ce35fa86e8559c68625ba7d0dc36c91b5228cec4a5620924ae3871c871d5379
20260630_0630_overfitting_sweep_generalization_rank2,consumed_report_json,/home/trinker/Code/github/PPG-Frailty-pipeline/results_frailty3/_overfitting_sweep/20260630_0630_overfitting_sweep_generalization_rank2/reports/gen_216/rank02_r5_small_inceptiontime_extra-0_seq5_ov50_cv5_static_only_seed40042_report.json,31089,9124e4148f27cd9a74b6d683cc0a5965dd7add0d2b273c1e2ff744959ec0cb69
20260630_0630_overfitting_sweep_generalization_rank2,consumed_report_json,/home/trinker/Code/github/PPG-Frailty-pipeline/results_frailty3/_overfitting_sweep/20260630_0630_overfitting_sweep_generalization_rank2/reports/gen_217/rank02_r1_small_inceptiontime_extra-0_seq5_ov50_cv5_static_only_seed42_report.json,31061,eeb216f5342619fdc545408c38355949d52b7d109979eac5ef146361f2ac8483
20260630_0630_overfitting_sweep_generalization_rank2,consumed_report_json,/home/trinker/Code/github/PPG-Frailty-pipeline/results_frailty3/_overfitting_sweep/20260630_0630_overfitting_sweep_generalization_rank2/reports/gen_217/rank02_r2_small_inceptiontime_extra-0_seq5_ov50_cv5_static_only_seed10042_report.json,31062,091e928cc10b2de99717aae13f37e456595f35a39c6857cf2f3047837361bcfe
20260630_0630_overfitting_sweep_generalization_rank2,consumed_report_json,/home/trinker/Code/github/PPG-Frailty-pipeline/results_frailty3/_overfitting_sweep/20260630_0630_overfitting_sweep_generalization_rank2/reports/gen_217/rank02_r3_small_inceptiontime_extra-0_seq5_ov50_cv5_static_only_seed20042_report.json,30987,6bedacab2b1a20e6fa12ff85234ebbeff272a45268b268ca263b401c9e4f968d
20260630_0630_overfitting_sweep_generalization_rank2,consumed_report_json,/home/trinker/Code/github/PPG-Frailty-pipeline/results_frailty3/_overfitting_sweep/20260630_0630_overfitting_sweep_generalization_rank2/reports/gen_217/rank02_r4_small_inceptiontime_extra-0_seq5_ov50_cv5_static_only_seed30042_report.json,31095,6b7a032bfbd07020eb55ece90cd7d41270a4a56361e9d6c6ab295874b178745b
20260630_0630_overfitting_sweep_generalization_rank2,consumed_report_json,/home/trinker/Code/github/PPG-Frailty-pipeline/results_frailty3/_overfitting_sweep/20260630_0630_overfitting_sweep_generalization_rank2/reports/gen_217/rank02_r5_small_inceptiontime_extra-0_seq5_ov50_cv5_static_only_seed40042_report.json,31156,fd026266e38c193e2b4064ee470f399c58cf3b03c33082524271a158156c116c
20260630_0630_overfitting_sweep_generalization_rank2,consumed_report_json,/home/trinker/Code/github/PPG-Frailty-pipeline/results_frailty3/_overfitting_sweep/20260630_0630_overfitting_sweep_generalization_rank2/reports/gen_218/rank02_r1_small_inceptiontime_extra-0_seq5_ov50_cv5_static_only_seed42_report.json,31099,05929fc02e9ba59e86993e932110f45b6ffaae011957d6c840325e1a8188123f
20260630_0630_overfitting_sweep_generalization_rank2,consumed_report_json,/home/trinker/Code/github/PPG-Frailty-pipeline/results_frailty3/_overfitting_sweep/20260630_0630_overfitting_sweep_generalization_rank2/reports/gen_218/rank02_r2_small_inceptiontime_extra-0_seq5_ov50_cv5_static_only_seed10042_report.json,31050,6eda80bc40b31ba90040f8b79370f64314fc6ef10a17645d7fffed4162c30417
20260630_0630_overfitting_sweep_generalization_rank2,consumed_report_json,/home/trinker/Code/github/PPG-Frailty-pipeline/results_frailty3/_overfitting_sweep/20260630_0630_overfitting_sweep_generalization_rank2/reports/gen_218/rank02_r3_small_inceptiontime_extra-0_seq5_ov50_cv5_static_only_seed20042_report.json,31066,36e049d8521e6377cf8d8880f1707284624339a4daa4097221443b762b2a76a1
20260630_0630_overfitting_sweep_generalization_rank2,consumed_report_json,/home/trinker/Code/github/PPG-Frailty-pipeline/results_frailty3/_overfitting_sweep/20260630_0630_overfitting_sweep_generalization_rank2/reports/gen_218/rank02_r4_small_inceptiontime_extra-0_seq5_ov50_cv5_static_only_seed30042_report.json,30960,28b2e090e8f3285ef3048d75a5a6ef322af16a6ceda256abe63dad0a1384653e
20260630_0630_overfitting_sweep_generalization_rank2,consumed_report_json,/home/trinker/Code/github/PPG-Frailty-pipeline/results_frailty3/_overfitting_sweep/20260630_0630_overfitting_sweep_generalization_rank2/reports/gen_218/rank02_r5_small_inceptiontime_extra-0_seq5_ov50_cv5_static_only_seed40042_report.json,31106,303c9a6921c217695af89508dd0ef39d4fc45543fb40897da22b5bd6faba1eec
20260630_0630_overfitting_sweep_generalization_rank2,consumed_report_json,/home/trinker/Code/github/PPG-Frailty-pipeline/results_frailty3/_overfitting_sweep/20260630_0630_overfitting_sweep_generalization_rank2/reports/gen_219/rank02_r1_small_inceptiontime_extra-0_seq5_ov50_cv5_static_only_seed42_report.json,31046,962afb411b04f79e0980d3d2e61fbc752abffea8174cb156711b868ff21ed640
20260630_0630_overfitting_sweep_generalization_rank2,consumed_report_json,/home/trinker/Code/github/PPG-Frailty-pipeline/results_frailty3/_overfitting_sweep/20260630_0630_overfitting_sweep_generalization_rank2/reports/gen_219/rank02_r2_small_inceptiontime_extra-0_seq5_ov50_cv5_static_only_seed10042_report.json,31247,327822473b28cc3d5fd3ac15e254f7a83085cba2191e03d6a5056f406d3c1265
20260630_0630_overfitting_sweep_generalization_rank2,consumed_report_json,/home/trinker/Code/github/PPG-Frailty-pipeline/results_frailty3/_overfitting_sweep/20260630_0630_overfitting_sweep_generalization_rank2/reports/gen_219/rank02_r3_small_inceptiontime_extra-0_seq5_ov50_cv5_static_only_seed20042_report.json,31032,f192d0e3948910aaf619ff83783a5bc310f7e164ca682fee498629ca926f3b08
20260630_0630_overfitting_sweep_generalization_rank2,consumed_report_json,/home/trinker/Code/github/PPG-Frailty-pipeline/results_frailty3/_overfitting_sweep/20260630_0630_overfitting_sweep_generalization_rank2/reports/gen_219/rank02_r4_small_inceptiontime_extra-0_seq5_ov50_cv5_static_only_seed30042_report.json,31121,fdd805654b87da59678da9ed8d1a441f376297b0f7b9343b0264f416a577237b
20260630_0630_overfitting_sweep_generalization_rank2,consumed_report_json,/home/trinker/Code/github/PPG-Frailty-pipeline/results_frailty3/_overfitting_sweep/20260630_0630_overfitting_sweep_generalization_rank2/reports/gen_219/rank02_r5_small_inceptiontime_extra-0_seq5_ov50_cv5_static_only_seed40042_report.json,31086,ad89fa7548e5f96c122f8e6923167d017434ca16700cd310e82bd05064b9d18f
20260630_0630_overfitting_sweep_generalization_rank2,consumed_report_json,/home/trinker/Code/github/PPG-Frailty-pipeline/results_frailty3/_overfitting_sweep/20260630_0630_overfitting_sweep_generalization_rank2/reports/gen_220/rank02_r1_small_inceptiontime_extra-0_seq5_ov50_cv5_static_only_seed42_report.json,31105,6f6a7e804d64b1b916ff6e959b3f0e5b82debc9748bb26b0c403f51a346d5d69
20260630_0630_overfitting_sweep_generalization_rank2,consumed_report_json,/home/trinker/Code/github/PPG-Frailty-pipeline/results_frailty3/_overfitting_sweep/20260630_0630_overfitting_sweep_generalization_rank2/reports/gen_220/rank02_r2_small_inceptiontime_extra-0_seq5_ov50_cv5_static_only_seed10042_report.json,31151,d1781c034aeca4317fff6698e340ea02411f7b2709fe084ea0b1593270948ebe
20260630_0630_overfitting_sweep_generalization_rank2,consumed_report_json,/home/trinker/Code/github/PPG-Frailty-pipeline/results_frailty3/_overfitting_sweep/20260630_0630_overfitting_sweep_generalization_rank2/reports/gen_220/rank02_r3_small_inceptiontime_extra-0_seq5_ov50_cv5_static_only_seed20042_report.json,31039,72e1438d42728d4aa4a5897d1064414e15c8157f035fe2a8a01bcbbb3b171c38
20260630_0630_overfitting_sweep_generalization_rank2,consumed_report_json,/home/trinker/Code/github/PPG-Frailty-pipeline/results_frailty3/_overfitting_sweep/20260630_0630_overfitting_sweep_generalization_rank2/reports/gen_220/rank02_r4_small_inceptiontime_extra-0_seq5_ov50_cv5_static_only_seed30042_report.json,30982,f5dd4e381d1462d77608610460166053d400092120232f9ee8b21fa7a5b8c312
20260630_0630_overfitting_sweep_generalization_rank2,consumed_report_json,/home/trinker/Code/github/PPG-Frailty-pipeline/results_frailty3/_overfitting_sweep/20260630_0630_overfitting_sweep_generalization_rank2/reports/gen_220/rank02_r5_small_inceptiontime_extra-0_seq5_ov50_cv5_static_only_seed40042_report.json,31188,6699e91638b4e76476a0d376c99dc453287d3c4690777cf41dca02cf3735b330
20260630_0630_overfitting_sweep_generalization_rank2,consumed_report_json,/home/trinker/Code/github/PPG-Frailty-pipeline/results_frailty3/_overfitting_sweep/20260630_0630_overfitting_sweep_generalization_rank2/reports/gen_221/rank02_r1_small_inceptiontime_extra-0_seq5_ov50_cv5_static_only_seed42_report.json,31087,cfcee89d4d6bbbc12ac3835c82c33eee2324fe89f6636798a0f131cdf7bb84f8
20260630_0630_overfitting_sweep_generalization_rank2,consumed_report_json,/home/trinker/Code/github/PPG-Frailty-pipeline/results_frailty3/_overfitting_sweep/20260630_0630_overfitting_sweep_generalization_rank2/reports/gen_221/rank02_r2_small_inceptiontime_extra-0_seq5_ov50_cv5_static_only_seed10042_report.json,31083,bd7eaa0c89614766804f8e1988865c8d38d6b80920bf00f2fb3eaa1240106fd3
20260630_0630_overfitting_sweep_generalization_rank2,consumed_report_json,/home/trinker/Code/github/PPG-Frailty-pipeline/results_frailty3/_overfitting_sweep/20260630_0630_overfitting_sweep_generalization_rank2/reports/gen_221/rank02_r3_small_inceptiontime_extra-0_seq5_ov50_cv5_static_only_seed20042_report.json,30966,9626c1685b70ea70eeb7364e5d84ab31e7b1cc8d65d40fc2f0e34e31caa7badc
20260630_0630_overfitting_sweep_generalization_rank2,consumed_report_json,/home/trinker/Code/github/PPG-Frailty-pipeline/results_frailty3/_overfitting_sweep/20260630_0630_overfitting_sweep_generalization_rank2/reports/gen_221/rank02_r4_small_inceptiontime_extra-0_seq5_ov50_cv5_static_only_seed30042_report.json,31114,7b1411b178e00cf1bb4a62942bffd63738d4e9a0071a686e17c0c683ee5c8b30
20260630_0630_overfitting_sweep_generalization_rank2,consumed_report_json,/home/trinker/Code/github/PPG-Frailty-pipeline/results_frailty3/_overfitting_sweep/20260630_0630_overfitting_sweep_generalization_rank2/reports/gen_221/rank02_r5_small_inceptiontime_extra-0_seq5_ov50_cv5_static_only_seed40042_report.json,30968,a6d1ed2e98501ca0b79a886f171168f088f454f20f55a2dfc1929c10559580c9
20260630_0630_overfitting_sweep_generalization_rank2,consumed_report_json,/home/trinker/Code/github/PPG-Frailty-pipeline/results_frailty3/_overfitting_sweep/20260630_0630_overfitting_sweep_generalization_rank2/reports/gen_222/rank02_r1_small_inceptiontime_extra-0_seq5_ov50_cv5_static_only_seed42_report.json,31098,93cef782c51c7c7006d2b2c45bc96702ad7827214eeace188f1031061761878d
20260630_0630_overfitting_sweep_generalization_rank2,consumed_report_json,/home/trinker/Code/github/PPG-Frailty-pipeline/results_frailty3/_overfitting_sweep/20260630_0630_overfitting_sweep_generalization_rank2/reports/gen_222/rank02_r2_small_inceptiontime_extra-0_seq5_ov50_cv5_static_only_seed10042_report.json,31043,5c7bd2329516a8478718acfaac56d87daa3732247cf1dad69806d7d8f9ccc7df
20260630_0630_overfitting_sweep_generalization_rank2,consumed_report_json,/home/trinker/Code/github/PPG-Frailty-pipeline/results_frailty3/_overfitting_sweep/20260630_0630_overfitting_sweep_generalization_rank2/reports/gen_222/rank02_r3_small_inceptiontime_extra-0_seq5_ov50_cv5_static_only_seed20042_report.json,31113,ccb4821badace99fb63c0408537918020d7702d04c19dba88ab81b1ced8124d1
20260630_0630_overfitting_sweep_generalization_rank2,consumed_report_json,/home/trinker/Code/github/PPG-Frailty-pipeline/results_frailty3/_overfitting_sweep/20260630_0630_overfitting_sweep_generalization_rank2/reports/gen_222/rank02_r4_small_inceptiontime_extra-0_seq5_ov50_cv5_static_only_seed30042_report.json,31093,3add06be21a9f78e8dd46861d89e243cc6dd2366e91c25235df435663cf13f59
20260630_0630_overfitting_sweep_generalization_rank2,consumed_report_json,/home/trinker/Code/github/PPG-Frailty-pipeline/results_frailty3/_overfitting_sweep/20260630_0630_overfitting_sweep_generalization_rank2/reports/gen_222/rank02_r5_small_inceptiontime_extra-0_seq5_ov50_cv5_static_only_seed40042_report.json,31069,e31b2fc6905f996d90c194ec5825e2cb610fef7a94e144df8214fb99ba70e2c5
20260630_0630_overfitting_sweep_generalization_rank2,consumed_report_json,/home/trinker/Code/github/PPG-Frailty-pipeline/results_frailty3/_overfitting_sweep/20260630_0630_overfitting_sweep_generalization_rank2/reports/gen_223/rank02_r1_small_inceptiontime_extra-0_seq5_ov50_cv5_static_only_seed42_report.json,31052,fda95e9b5e6b7231f377f6a79e19aa5685e39a6069bf382b217a43c720f5337c
20260630_0630_overfitting_sweep_generalization_rank2,consumed_report_json,/home/trinker/Code/github/PPG-Frailty-pipeline/results_frailty3/_overfitting_sweep/20260630_0630_overfitting_sweep_generalization_rank2/reports/gen_223/rank02_r2_small_inceptiontime_extra-0_seq5_ov50_cv5_static_only_seed10042_report.json,31031,352300f10a81abaae773ce468b3c5ad38c37c2535067743e3704de20c083f80e
20260630_0630_overfitting_sweep_generalization_rank2,consumed_report_json,/home/trinker/Code/github/PPG-Frailty-pipeline/results_frailty3/_overfitting_sweep/20260630_0630_overfitting_sweep_generalization_rank2/reports/gen_223/rank02_r3_small_inceptiontime_extra-0_seq5_ov50_cv5_static_only_seed20042_report.json,30948,df92551d7020288b73142c6139e407d0d6d30c4ebd4b0d5c98af7f5b3b0108da
20260630_0630_overfitting_sweep_generalization_rank2,consumed_report_json,/home/trinker/Code/github/PPG-Frailty-pipeline/results_frailty3/_overfitting_sweep/20260630_0630_overfitting_sweep_generalization_rank2/reports/gen_223/rank02_r4_small_inceptiontime_extra-0_seq5_ov50_cv5_static_only_seed30042_report.json,30991,b0408922b109a2531e4488cf4457be389b85e92e5274d1d74d2965b461e50eb0
20260630_0630_overfitting_sweep_generalization_rank2,consumed_report_json,/home/trinker/Code/github/PPG-Frailty-pipeline/results_frailty3/_overfitting_sweep/20260630_0630_overfitting_sweep_generalization_rank2/reports/gen_223/rank02_r5_small_inceptiontime_extra-0_seq5_ov50_cv5_static_only_seed40042_report.json,31118,e4e0d5447b6524a096d900be9b6eafe88cff04b1d57c46a39e63159a74ee9f68
20260630_0630_overfitting_sweep_generalization_rank2,consumed_report_json,/home/trinker/Code/github/PPG-Frailty-pipeline/results_frailty3/_overfitting_sweep/20260630_0630_overfitting_sweep_generalization_rank2/reports/gen_224/rank02_r1_small_inceptiontime_extra-0_seq5_ov50_cv5_static_only_seed42_report.json,31048,16af708c36c2b87498e262727c0ec8914c52bdecafa7c12f4bf06502a0cad1bb
20260630_0630_overfitting_sweep_generalization_rank2,consumed_report_json,/home/trinker/Code/github/PPG-Frailty-pipeline/results_frailty3/_overfitting_sweep/20260630_0630_overfitting_sweep_generalization_rank2/reports/gen_224/rank02_r2_small_inceptiontime_extra-0_seq5_ov50_cv5_static_only_seed10042_report.json,31113,275e51236984e3ae1a41829f081b63981538abcfd3250e7a80ef885670b80666
20260630_0630_overfitting_sweep_generalization_rank2,consumed_report_json,/home/trinker/Code/github/PPG-Frailty-pipeline/results_frailty3/_overfitting_sweep/20260630_0630_overfitting_sweep_generalization_rank2/reports/gen_224/rank02_r3_small_inceptiontime_extra-0_seq5_ov50_cv5_static_only_seed20042_report.json,31123,6993bc25e4062fe8362a0fb9eb65c77727ffbb7c4533d6fb2a1e5920491dd252
20260630_0630_overfitting_sweep_generalization_rank2,consumed_report_json,/home/trinker/Code/github/PPG-Frailty-pipeline/results_frailty3/_overfitting_sweep/20260630_0630_overfitting_sweep_generalization_rank2/reports/gen_224/rank02_r4_small_inceptiontime_extra-0_seq5_ov50_cv5_static_only_seed30042_report.json,30922,ef72834bcac18469571248a281093822c2e92102b8ee0b49c22fa3528d6afd7f
20260630_0630_overfitting_sweep_generalization_rank2,consumed_report_json,/home/trinker/Code/github/PPG-Frailty-pipeline/results_frailty3/_overfitting_sweep/20260630_0630_overfitting_sweep_generalization_rank2/reports/gen_224/rank02_r5_small_inceptiontime_extra-0_seq5_ov50_cv5_static_only_seed40042_report.json,30954,d49a3cabf57320121f48b68739a3344f784d48dd4fd1b4097ec215193992bb69
20260630_0630_overfitting_sweep_generalization_rank2,consumed_report_json,/home/trinker/Code/github/PPG-Frailty-pipeline/results_frailty3/_overfitting_sweep/20260630_0630_overfitting_sweep_generalization_rank2/reports/ref_20260527_top1_g0068/rank01_r1_inceptiontime_extra-0_seq5_ov30_cv5_static_only_seed42_report.json,73911,092e52d202339348c71a1e494c09e9c66f0336af2fa9b69d42ae4238f6f1283c
20260630_0630_overfitting_sweep_generalization_rank2,consumed_report_json,/home/trinker/Code/github/PPG-Frailty-pipeline/results_frailty3/_overfitting_sweep/20260630_0630_overfitting_sweep_generalization_rank2/reports/ref_20260527_top1_g0068/rank01_r2_inceptiontime_extra-0_seq5_ov30_cv5_static_only_seed10042_report.json,73912,2cc756e02b67cc7db905d71b5338412a128cba5a96cbf8db628ad0a82e79f60d
20260630_0630_overfitting_sweep_generalization_rank2,consumed_report_json,/home/trinker/Code/github/PPG-Frailty-pipeline/results_frailty3/_overfitting_sweep/20260630_0630_overfitting_sweep_generalization_rank2/reports/ref_20260527_top1_g0068/rank01_r3_inceptiontime_extra-0_seq5_ov30_cv5_static_only_seed20042_report.json,73939,5285188f123ae985dcd9587ac328386a69546bc84b98583ca4b03b52d9ff5a77
20260630_0630_overfitting_sweep_generalization_rank2,consumed_report_json,/home/trinker/Code/github/PPG-Frailty-pipeline/results_frailty3/_overfitting_sweep/20260630_0630_overfitting_sweep_generalization_rank2/reports/ref_20260527_top1_g0068/rank01_r4_inceptiontime_extra-0_seq5_ov30_cv5_static_only_seed30042_report.json,73767,caae2e8fd7ef79028cf13c879ce8b981399afda134a03fb06787ba50f54928ec
20260630_0630_overfitting_sweep_generalization_rank2,consumed_report_json,/home/trinker/Code/github/PPG-Frailty-pipeline/results_frailty3/_overfitting_sweep/20260630_0630_overfitting_sweep_generalization_rank2/reports/ref_20260527_top1_g0068/rank01_r5_inceptiontime_extra-0_seq5_ov30_cv5_static_only_seed40042_report.json,73952,f49ae5fbb5117975dc7f0eb2dd2e6edfe532792d7f6120603049826632ecc9e7
20260630_0630_overfitting_sweep_generalization_rank2,consumed_report_json,/home/trinker/Code/github/PPG-Frailty-pipeline/results_frailty3/_overfitting_sweep/20260630_0630_overfitting_sweep_generalization_rank2/reports/ref_20260527_top2_g0056/rank02_r1_inceptiontime_extra-0_seq5_ov50_cv5_static_only_seed42_report.json,73886,e1d279ea2eb3d43ef4a9024638d86cb1a502ec9daedcbb62b1d6f9b762bb26fb
20260630_0630_overfitting_sweep_generalization_rank2,consumed_report_json,/home/trinker/Code/github/PPG-Frailty-pipeline/results_frailty3/_overfitting_sweep/20260630_0630_overfitting_sweep_generalization_rank2/reports/ref_20260527_top2_g0056/rank02_r2_inceptiontime_extra-0_seq5_ov50_cv5_static_only_seed10042_report.json,73977,ab28ae3db89c25614fb4c11cfb1cf7b46d862858b34410b4bbb1599c1efde376
20260630_0630_overfitting_sweep_generalization_rank2,consumed_report_json,/home/trinker/Code/github/PPG-Frailty-pipeline/results_frailty3/_overfitting_sweep/20260630_0630_overfitting_sweep_generalization_rank2/reports/ref_20260527_top2_g0056/rank02_r3_inceptiontime_extra-0_seq5_ov50_cv5_static_only_seed20042_report.json,73943,63705eda2838c2919b70198616c13a5e6c26ac296bbc34ab9d52eb524501fa09
20260630_0630_overfitting_sweep_generalization_rank2,consumed_report_json,/home/trinker/Code/github/PPG-Frailty-pipeline/results_frailty3/_overfitting_sweep/20260630_0630_overfitting_sweep_generalization_rank2/reports/ref_20260527_top2_g0056/rank02_r4_inceptiontime_extra-0_seq5_ov50_cv5_static_only_seed30042_report.json,73836,98c87ebab4431bfdaa1790b43d82f76b7acada283d9005790eb313007068f6c4
20260630_0630_overfitting_sweep_generalization_rank2,consumed_report_json,/home/trinker/Code/github/PPG-Frailty-pipeline/results_frailty3/_overfitting_sweep/20260630_0630_overfitting_sweep_generalization_rank2/reports/ref_20260527_top2_g0056/rank02_r5_inceptiontime_extra-0_seq5_ov50_cv5_static_only_seed40042_report.json,73953,53adc7362935e109f1351a83d712485fec41c3cfadf46ca315cde94d8467116e
20260630_0630_overfitting_sweep_generalization_rank2,consumed_report_json,/home/trinker/Code/github/PPG-Frailty-pipeline/results_frailty3/_overfitting_sweep/20260630_0630_overfitting_sweep_generalization_rank2/reports/ref_20260608_top1_s1_085/rank02_r1_inceptiontime_extra-0_seq5_ov50_cv5_static_only_seed42_report.json,25052,6ac73b5444a87bada8bddc98dfeb97272903b851a038bc4ba6851f620ba756f9
20260630_0630_overfitting_sweep_generalization_rank2,consumed_report_json,/home/trinker/Code/github/PPG-Frailty-pipeline/results_frailty3/_overfitting_sweep/20260630_0630_overfitting_sweep_generalization_rank2/reports/ref_20260608_top1_s1_085/rank02_r2_inceptiontime_extra-0_seq5_ov50_cv5_static_only_seed10042_report.json,25092,f639c20df66ed0d0a4db8fd45d626614ca276b16794719af614db73278d2cd9b
20260630_0630_overfitting_sweep_generalization_rank2,consumed_report_json,/home/trinker/Code/github/PPG-Frailty-pipeline/results_frailty3/_overfitting_sweep/20260630_0630_overfitting_sweep_generalization_rank2/reports/ref_20260608_top1_s1_085/rank02_r3_inceptiontime_extra-0_seq5_ov50_cv5_static_only_seed20042_report.json,25042,23acbb91f6c1db19445408d8ad48594f5856319525cc59d9842e76ac83422bbf
20260630_0630_overfitting_sweep_generalization_rank2,consumed_report_json,/home/trinker/Code/github/PPG-Frailty-pipeline/results_frailty3/_overfitting_sweep/20260630_0630_overfitting_sweep_generalization_rank2/reports/ref_20260608_top1_s1_085/rank02_r4_inceptiontime_extra-0_seq5_ov50_cv5_static_only_seed30042_report.json,24973,6c2c2cef854f00388c952b21e95af4e41bdd00806d8f2b110a0e5e2d08036bc9
20260630_0630_overfitting_sweep_generalization_rank2,consumed_report_json,/home/trinker/Code/github/PPG-Frailty-pipeline/results_frailty3/_overfitting_sweep/20260630_0630_overfitting_sweep_generalization_rank2/reports/ref_20260608_top1_s1_085/rank02_r5_inceptiontime_extra-0_seq5_ov50_cv5_static_only_seed40042_report.json,25010,463c789787e577739ec881610305e3953518dab6d59c68c9ad60af2ce770aeb5
20260630_0630_overfitting_sweep_generalization_rank2,consumed_report_json,/home/trinker/Code/github/PPG-Frailty-pipeline/results_frailty3/_overfitting_sweep/20260630_0630_overfitting_sweep_generalization_rank2/reports/ref_20260608_top2_s1_091/rank02_r1_inceptiontime_extra-0_seq5_ov50_cv5_static_only_seed42_report.json,25027,ed7ca9b5c007254793afd78f5c962655bc3295070e1b1f722cbc20c9ea30aab1
20260630_0630_overfitting_sweep_generalization_rank2,consumed_report_json,/home/trinker/Code/github/PPG-Frailty-pipeline/results_frailty3/_overfitting_sweep/20260630_0630_overfitting_sweep_generalization_rank2/reports/ref_20260608_top2_s1_091/rank02_r2_inceptiontime_extra-0_seq5_ov50_cv5_static_only_seed10042_report.json,25056,c8dc7305739ab733409ee1e8098d820fb1f85fcbdf3467fcb165905fe0f71664
20260630_0630_overfitting_sweep_generalization_rank2,consumed_report_json,/home/trinker/Code/github/PPG-Frailty-pipeline/results_frailty3/_overfitting_sweep/20260630_0630_overfitting_sweep_generalization_rank2/reports/ref_20260608_top2_s1_091/rank02_r3_inceptiontime_extra-0_seq5_ov50_cv5_static_only_seed20042_report.json,25112,7d7f8dd1b504e007b2fa8d127ce6b0fc522a8adb62c08cf81017a7597352e05f
20260630_0630_overfitting_sweep_generalization_rank2,consumed_report_json,/home/trinker/Code/github/PPG-Frailty-pipeline/results_frailty3/_overfitting_sweep/20260630_0630_overfitting_sweep_generalization_rank2/reports/ref_20260608_top2_s1_091/rank02_r4_inceptiontime_extra-0_seq5_ov50_cv5_static_only_seed30042_report.json,25132,5b8ea7e5a785a8669a4e0abd96b0bb75f815e3c15d82fd5e17212c0e31eba4e8
20260630_0630_overfitting_sweep_generalization_rank2,consumed_report_json,/home/trinker/Code/github/PPG-Frailty-pipeline/results_frailty3/_overfitting_sweep/20260630_0630_overfitting_sweep_generalization_rank2/reports/ref_20260608_top2_s1_091/rank02_r5_inceptiontime_extra-0_seq5_ov50_cv5_static_only_seed40042_report.json,25024,de4ca15d6b239a2e67d82900086f0b0e9e9cf225b3e5568ba52500d6f63f29b4
20260630_0630_overfitting_sweep_generalization_rank2,consumed_report_json,/home/trinker/Code/github/PPG-Frailty-pipeline/results_frailty3/_overfitting_sweep/20260630_0630_overfitting_sweep_generalization_rank2/reports/ref_20260608_top3_s1_105/rank02_r1_inceptiontime_extra-0_seq5_ov50_cv5_static_only_seed42_report.json,24982,394afa08acb43c1c28d4c3396fb6fdf3ca846287d920962a865b9a075ea63557
20260630_0630_overfitting_sweep_generalization_rank2,consumed_report_json,/home/trinker/Code/github/PPG-Frailty-pipeline/results_frailty3/_overfitting_sweep/20260630_0630_overfitting_sweep_generalization_rank2/reports/ref_20260608_top3_s1_105/rank02_r2_inceptiontime_extra-0_seq5_ov50_cv5_static_only_seed10042_report.json,24972,ef37eee555a050f18cbd99c3f2c4d3be130f097a5c015ee7743bdac7d1f54cf3
20260630_0630_overfitting_sweep_generalization_rank2,consumed_report_json,/home/trinker/Code/github/PPG-Frailty-pipeline/results_frailty3/_overfitting_sweep/20260630_0630_overfitting_sweep_generalization_rank2/reports/ref_20260608_top3_s1_105/rank02_r3_inceptiontime_extra-0_seq5_ov50_cv5_static_only_seed20042_report.json,24846,2eef296fbe953dd498d26e4ad31295b267e47cceedae645c9b0ed2b290db301e
20260630_0630_overfitting_sweep_generalization_rank2,consumed_report_json,/home/trinker/Code/github/PPG-Frailty-pipeline/results_frailty3/_overfitting_sweep/20260630_0630_overfitting_sweep_generalization_rank2/reports/ref_20260608_top3_s1_105/rank02_r4_inceptiontime_extra-0_seq5_ov50_cv5_static_only_seed30042_report.json,24955,5b3d76a6e068c7ddc62984fffc4dee5b58f9c0e4477be1515e76ef23e965e8cb
20260630_0630_overfitting_sweep_generalization_rank2,consumed_report_json,/home/trinker/Code/github/PPG-Frailty-pipeline/results_frailty3/_overfitting_sweep/20260630_0630_overfitting_sweep_generalization_rank2/reports/ref_20260608_top3_s1_105/rank02_r5_inceptiontime_extra-0_seq5_ov50_cv5_static_only_seed40042_report.json,25139,e0d13aaf450e667c8add760c26d4f41532b4b8bb39f9463cf084a117cc99a831
20260630_0630_overfitting_sweep_generalization_rank2,consumed_report_json,/home/trinker/Code/github/PPG-Frailty-pipeline/results_frailty3/_overfitting_sweep/20260630_0630_overfitting_sweep_generalization_rank2/reports/ref_20260608_top4_s1_163/rank02_r1_inceptiontime_extra-0_seq5_ov50_cv5_static_only_seed42_report.json,31076,bbd7192cba6ce99aee387ac007726b55d0a4b54e04668cc67643ac5cd078bde0
20260630_0630_overfitting_sweep_generalization_rank2,consumed_report_json,/home/trinker/Code/github/PPG-Frailty-pipeline/results_frailty3/_overfitting_sweep/20260630_0630_overfitting_sweep_generalization_rank2/reports/ref_20260608_top4_s1_163/rank02_r2_inceptiontime_extra-0_seq5_ov50_cv5_static_only_seed10042_report.json,31156,9c49287c7a87c5fb38fa3bd0a19dc1a40351887c515244071c684f8bfd6ce805
20260630_0630_overfitting_sweep_generalization_rank2,consumed_report_json,/home/trinker/Code/github/PPG-Frailty-pipeline/results_frailty3/_overfitting_sweep/20260630_0630_overfitting_sweep_generalization_rank2/reports/ref_20260608_top4_s1_163/rank02_r3_inceptiontime_extra-0_seq5_ov50_cv5_static_only_seed20042_report.json,31063,d8c5f1c757c13b3d86b4b0b8aa0a0731e75f52c33cc505f8ccda482df2e9c153
20260630_0630_overfitting_sweep_generalization_rank2,consumed_report_json,/home/trinker/Code/github/PPG-Frailty-pipeline/results_frailty3/_overfitting_sweep/20260630_0630_overfitting_sweep_generalization_rank2/reports/ref_20260608_top4_s1_163/rank02_r4_inceptiontime_extra-0_seq5_ov50_cv5_static_only_seed30042_report.json,31177,2c92c3b3c0f0807242181beacba1a348900e64c416c38e086150a745850630f5
20260630_0630_overfitting_sweep_generalization_rank2,consumed_report_json,/home/trinker/Code/github/PPG-Frailty-pipeline/results_frailty3/_overfitting_sweep/20260630_0630_overfitting_sweep_generalization_rank2/reports/ref_20260608_top4_s1_163/rank02_r5_inceptiontime_extra-0_seq5_ov50_cv5_static_only_seed40042_report.json,31056,e14a0e89ac1e9dea400260e8bca546cfafff61385f18d0732a81b92328312adb
20260630_0630_overfitting_sweep_generalization_rank2,consumed_report_json,/home/trinker/Code/github/PPG-Frailty-pipeline/results_frailty3/_overfitting_sweep/20260630_0630_overfitting_sweep_generalization_rank2/reports/ref_20260625_top1_s1_122/rank02_r1_inceptiontime_extra-0_seq5_ov50_cv5_static_only_seed42_report.json,31100,52cdd332742d749a82566c016bc8bd155dcdc554e0eac69969d0ef22fe484c7d
20260630_0630_overfitting_sweep_generalization_rank2,consumed_report_json,/home/trinker/Code/github/PPG-Frailty-pipeline/results_frailty3/_overfitting_sweep/20260630_0630_overfitting_sweep_generalization_rank2/reports/ref_20260625_top1_s1_122/rank02_r2_inceptiontime_extra-0_seq5_ov50_cv5_static_only_seed10042_report.json,31169,3766adb07b38019eb51ae8316abb9a12ac75dd652b7f28ae65ca7cc81f2fcae6
20260630_0630_overfitting_sweep_generalization_rank2,consumed_report_json,/home/trinker/Code/github/PPG-Frailty-pipeline/results_frailty3/_overfitting_sweep/20260630_0630_overfitting_sweep_generalization_rank2/reports/ref_20260625_top1_s1_122/rank02_r3_inceptiontime_extra-0_seq5_ov50_cv5_static_only_seed20042_report.json,31096,34790c15a97d9f086cd93eb71eb3a3f4ba61ac0a387af2ac1db307e78d304f12
20260630_0630_overfitting_sweep_generalization_rank2,consumed_report_json,/home/trinker/Code/github/PPG-Frailty-pipeline/results_frailty3/_overfitting_sweep/20260630_0630_overfitting_sweep_generalization_rank2/reports/ref_20260625_top1_s1_122/rank02_r4_inceptiontime_extra-0_seq5_ov50_cv5_static_only_seed30042_report.json,31155,a63cc053512ce4d7e0bbcc54bce361a1e90e0c097bc8a1f0f53e1950045c620f
20260630_0630_overfitting_sweep_generalization_rank2,consumed_report_json,/home/trinker/Code/github/PPG-Frailty-pipeline/results_frailty3/_overfitting_sweep/20260630_0630_overfitting_sweep_generalization_rank2/reports/ref_20260625_top1_s1_122/rank02_r5_inceptiontime_extra-0_seq5_ov50_cv5_static_only_seed40042_report.json,31019,f5791747df8116455fd3a9cd7a9a2bf508c4217356e065156ccb043246940889
20260630_0630_overfitting_sweep_generalization_rank2,consumed_report_json,/home/trinker/Code/github/PPG-Frailty-pipeline/results_frailty3/_overfitting_sweep/20260630_0630_overfitting_sweep_generalization_rank2/reports/ref_20260625_top2_s1_102/rank02_r1_inceptiontime_extra-0_seq5_ov50_cv5_static_only_seed42_report.json,31122,fd912c29bff3f6e5c081a5888d150a09ded7c8ff0d14c3f0f5c125c0261add82
20260630_0630_overfitting_sweep_generalization_rank2,consumed_report_json,/home/trinker/Code/github/PPG-Frailty-pipeline/results_frailty3/_overfitting_sweep/20260630_0630_overfitting_sweep_generalization_rank2/reports/ref_20260625_top2_s1_102/rank02_r2_inceptiontime_extra-0_seq5_ov50_cv5_static_only_seed10042_report.json,31105,97e57ca22765e3d5ee5d662053f02a625ade9b5b7f8e106ea61fd6a55b47fe63
20260630_0630_overfitting_sweep_generalization_rank2,consumed_report_json,/home/trinker/Code/github/PPG-Frailty-pipeline/results_frailty3/_overfitting_sweep/20260630_0630_overfitting_sweep_generalization_rank2/reports/ref_20260625_top2_s1_102/rank02_r3_inceptiontime_extra-0_seq5_ov50_cv5_static_only_seed20042_report.json,31136,f448baea406bceca3bb6c416a9dcd03a31b1e330dd86d5c7d3a0d9cb29fdb302
20260630_0630_overfitting_sweep_generalization_rank2,consumed_report_json,/home/trinker/Code/github/PPG-Frailty-pipeline/results_frailty3/_overfitting_sweep/20260630_0630_overfitting_sweep_generalization_rank2/reports/ref_20260625_top2_s1_102/rank02_r4_inceptiontime_extra-0_seq5_ov50_cv5_static_only_seed30042_report.json,31140,cb4b48cf05a70282715eb54944060963a2301c78f437dd19f7cd711268e64ac7
20260630_0630_overfitting_sweep_generalization_rank2,consumed_report_json,/home/trinker/Code/github/PPG-Frailty-pipeline/results_frailty3/_overfitting_sweep/20260630_0630_overfitting_sweep_generalization_rank2/reports/ref_20260625_top2_s1_102/rank02_r5_inceptiontime_extra-0_seq5_ov50_cv5_static_only_seed40042_report.json,31077,a4eac8491b68e25b584faea1b6bb577fae2fe4ce0755ed3e06091ba23fd105e2
