overfit_rank,rank,model,resolved_model,extra_input,cnn_epochs,cnn_patience,window_sec,hop_sec,overlap_pct,max_windows_fraction,overfit_stage,overfit_config_id,overfit_config_name,stage1_screen_group,stage1_regularization_factor,stage1_regularization_value,cnn_lr,cnn_weight_decay,cnn_dropout,cnn_label_smoothing,sqi_mode,aggregation,manual_features,loss_type,class_weight_mode,dynamic_data_mode,stage2_fixed_epoch,n_repeats,validation_subject_balanced_accuracy_mean,validation_subject_balanced_accuracy_std,validation_subject_balanced_accuracy_ci95_low,validation_subject_balanced_accuracy_ci95_high,validation_subject_balanced_accuracy_min,validation_subject_balanced_accuracy_max,validation_subject_macro_f1_mean,validation_subject_macro_f1_std,validation_subject_macro_f1_ci95_low,validation_subject_macro_f1_ci95_high,validation_subject_macro_f1_min,validation_subject_macro_f1_max,subject_balanced_accuracy_mean,subject_balanced_accuracy_std,subject_balanced_accuracy_ci95_low,subject_balanced_accuracy_ci95_high,subject_balanced_accuracy_min,subject_balanced_accuracy_max,subject_macro_f1_mean,subject_macro_f1_std,subject_macro_f1_ci95_low,subject_macro_f1_ci95_high,subject_macro_f1_min,subject_macro_f1_max,worst_class_recall_mean,worst_class_recall_std,worst_class_recall_ci95_low,worst_class_recall_ci95_high,worst_class_recall_min,worst_class_recall_max,worst_class_f1_mean,worst_class_f1_std,worst_class_f1_ci95_low,worst_class_f1_ci95_high,worst_class_f1_min,worst_class_f1_max,best_epoch_mean,best_epoch_std,best_epoch_ci95_low,best_epoch_ci95_high,best_epoch_min,best_epoch_max,duration_sec_mean,duration_sec_std,duration_sec_ci95_low,duration_sec_ci95_high,duration_sec_min,duration_sec_max,best_epoch_train_balanced_accuracy_mean,best_epoch_train_balanced_accuracy_std,best_epoch_train_balanced_accuracy_ci95_low,best_epoch_train_balanced_accuracy_ci95_high,best_epoch_train_balanced_accuracy_min,best_epoch_train_balanced_accuracy_max,best_epoch_val_balanced_accuracy_mean,best_epoch_val_balanced_accuracy_std,best_epoch_val_balanced_accuracy_ci95_low,best_epoch_val_balanced_accuracy_ci95_high,best_epoch_val_balanced_accuracy_min,best_epoch_val_balanced_accuracy_max,train_val_balanced_accuracy_gap_mean,train_val_balanced_accuracy_gap_std,train_val_balanced_accuracy_gap_ci95_low,train_val_balanced_accuracy_gap_ci95_high,train_val_balanced_accuracy_gap_min,train_val_balanced_accuracy_gap_max,best_epoch_train_loss_mean,best_epoch_train_loss_std,best_epoch_train_loss_ci95_low,best_epoch_train_loss_ci95_high,best_epoch_train_loss_min,best_epoch_train_loss_max,best_epoch_val_loss_mean,best_epoch_val_loss_std,best_epoch_val_loss_ci95_low,best_epoch_val_loss_ci95_high,best_epoch_val_loss_min,best_epoch_val_loss_max,val_train_loss_gap_mean,val_train_loss_gap_std,val_train_loss_gap_ci95_low,val_train_loss_gap_ci95_high,val_train_loss_gap_min,val_train_loss_gap_max,mean_window_sqi_mean,mean_window_sqi_std,mean_window_sqi_ci95_low,mean_window_sqi_ci95_high,mean_window_sqi_min,mean_window_sqi_max,n_file_aggregation_windows_mean,n_file_aggregation_windows_std,n_file_aggregation_windows_ci95_low,n_file_aggregation_windows_ci95_high,n_file_aggregation_windows_min,n_file_aggregation_windows_max,n_subject_aggregation_windows_mean,n_subject_aggregation_windows_std,n_subject_aggregation_windows_ci95_low,n_subject_aggregation_windows_ci95_high,n_subject_aggregation_windows_min,n_subject_aggregation_windows_max
1,2,inceptiontime,inception_time,0,15,0,5.0,2.5,50.0,0.9,stage1,s1_122,quality_combo_sqi_aggregation-top50_quality_quality_weighted_mean_lr0.001_wd0.005_do0.5_ls0.2_mw90_sqitop50_quality_aggquality_weighted_mean_mannone_lossweighted_ce_cwinverse_subject_count_ep15,quality_combo,sqi_aggregation,top50_quality_quality_weighted_mean,0.001,0.005,0.5,0.2,top50_quality,quality_weighted_mean,none,weighted_ce,inverse_subject_count,static_only,0,5,0.6101851851851852,0.061453864837204136,0.5338923664942137,0.6864780038761567,0.5277777777777778,0.6990740740740741,0.6039883573216906,0.06050733526861957,0.5288706219058389,0.6791060927375424,0.5223171889838556,0.6883116883116882,0.6101851851851852,0.061453864837204136,0.5338923664942137,0.6864780038761567,0.5277777777777778,0.6990740740740741,0.6039883573216906,0.06050733526861957,0.5288706219058389,0.6791060927375424,0.5223171889838556,0.6883116883116882,0.4666666666666667,0.12638125740085918,0.3097687663903688,0.6235645669429646,0.25,0.5833333333333334,0.503096903096903,0.12311719682419735,0.3502512195921832,0.6559425866016229,0.3076923076923077,0.6363636363636364,15.0,0.0,15.0,15.0,15.0,15.0,400.9502202016767,0.0720885859778378,400.8607247495312,401.0397156538222,400.8613250020426,401.0197152651381,0.9951322829202047,0.0006136521149222581,0.994370455333492,0.9958941105069175,0.9942176442343442,0.9957109450390407,0.5317834423505758,0.025769530316371105,0.4997914739139844,0.5637754107871673,0.5054016915260592,0.5623884388395916,0.463348840569629,0.025654606671297844,0.43149954580930033,0.49519813532995766,0.432524581568399,0.4897506836222749,0.5389480053958383,0.0009830200720177423,0.537727620440023,0.5401683903516536,0.5376549613112884,0.5399401201472828,1.1447428625150529,0.01576362364064509,1.1251728764203726,1.1643128486097332,1.12770749497325,1.1646375565709246,0.6057948571192145,0.016651445048224238,0.5851226718730597,0.6264670423653694,0.5882365387130595,0.6269825952596362,0.6416292190551758,0.0,0.6416292190551758,0.6416292190551758,0.6416292190551758,0.6416292190551758,7832.0,0.0,7832.0,7832.0,7832.0,7832.0,7831.0,0.0,7831.0,7831.0,7831.0,7831.0
2,2,inceptiontime,inception_time,0,15,0,5.0,2.5,50.0,0.9,stage1,s1_102,main_effect_sqi_mode-top50_quality_lr0.001_wd0.005_do0.5_ls0.2_mw90_sqitop50_quality_aggmean_prob_mannone_lossweighted_ce_cwinverse_subject_count_ep15,main_effect,sqi_mode,top50_quality,0.001,0.005,0.5,0.2,top50_quality,mean_prob,none,weighted_ce,inverse_subject_count,static_only,0,5,0.6101851851851852,0.020807597272448363,0.5843532826627486,0.6360170877076218,0.5925925925925926,0.6435185185185185,0.6012339544513459,0.0201931768060333,0.5761648333970627,0.626303075505629,0.5793650793650794,0.6207729468599034,0.6101851851851852,0.020807597272448363,0.5843532826627486,0.6360170877076218,0.5925925925925926,0.6435185185185185,0.6012339544513459,0.0201931768060333,0.5761648333970627,0.626303075505629,0.5793650793650794,0.6207729468599034,0.4833333333333334,0.03726779962499649,0.4370666666666667,0.5296000000000001,0.4166666666666667,0.5,0.5133333333333333,0.018257418583505533,0.49066738824677963,0.5359992784198869,0.5,0.5333333333333333,15.0,0.0,15.0,15.0,15.0,15.0,395.0220142561942,0.07977197566170369,394.92298014512727,395.12104836726115,394.93303333199583,395.11183201894164,0.9950932113103986,0.0006303305752078528,0.9943106779999697,0.9958757446208275,0.9940869153379006,0.9956144843803021,0.5336202541022981,0.024429119742379546,0.5032923584000074,0.5639481498045887,0.511124756247555,0.5603065885137479,0.46147295720810055,0.024311845842422894,0.4312906529411131,0.49165526147508803,0.43457114301021027,0.48423769470617595,0.5388568709998014,0.0009397771129627813,0.5376901706616025,0.5400235713380003,0.5377195394972983,0.5398787497331273,1.1442335847156286,0.016432143163305987,1.1238336550711188,1.1646335143601385,1.1275871981040868,1.16268301381371,0.6053767137158272,0.017191798920862485,0.5840336980810001,0.6267197293506543,0.588200850726467,0.6249634743164117,0.6416292190551758,0.0,0.6416292190551758,0.6416292190551758,0.6416292190551758,0.6416292190551758,7832.0,0.0,7832.0,7832.0,7832.0,7832.0,7831.0,0.0,7831.0,7831.0,7831.0,7831.0
3,2,inceptiontime,inception_time,0,15,0,5.0,2.5,50.0,0.9,stage1,s1_121,quality_combo_sqi_aggregation-top70_quality_quality_weighted_mean_lr0.001_wd0.005_do0.5_ls0.2_mw90_sqitop70_quality_aggquality_weighted_mean_mannone_lossweighted_ce_cwinverse_subject_count_ep15,quality_combo,sqi_aggregation,top70_quality_quality_weighted_mean,0.001,0.005,0.5,0.2,top70_quality,quality_weighted_mean,none,weighted_ce,inverse_subject_count,static_only,0,5,0.5925925925925926,0.08249319296854382,0.4901801856420981,0.695004999543087,0.47222222222222215,0.6759259259259259,0.5873073569565694,0.08433293608833721,0.48261097342220705,0.6920037404909318,0.4582953278605453,0.6815114709851552,0.5925925925925926,0.08249319296854382,0.4901801856420981,0.695004999543087,0.47222222222222215,0.6759259259259259,0.5873073569565694,0.08433293608833721,0.48261097342220705,0.6920037404909318,0.4582953278605453,0.6815114709851552,0.45,0.12638125740085918,0.29310209972370216,0.6068979002762979,0.25,0.5833333333333334,0.5157264957264956,0.1246451607585255,0.3609838985660302,0.6704690928869611,0.3076923076923077,0.6153846153846154,15.0,0.0,15.0,15.0,15.0,15.0,538.3218986376189,0.5246783835024714,537.6705288191434,538.9732684560944,537.7235419780482,538.8823310718872,0.9960764327150828,0.0003631862661012326,0.9956255496986263,0.9965273157315394,0.9956365163205012,0.9963865293175221,0.5163067901958193,0.036665815817900196,0.4707874653207773,0.5618261150708612,0.4617974735330949,0.5567587961329516,0.4797696425192637,0.0367717160269317,0.4341188462474531,0.5254204387910743,0.43956799792413437,0.5345890557844273,0.53428729503792,0.0010694179969883818,0.5329596500872692,0.5356149399885709,0.533073138946391,0.5357496032731043,1.1676533286751405,0.07527601000985595,1.0742008013414182,1.2611058560088628,1.0855686469468286,1.2344176963531739,0.6333660336372205,0.07534063354275157,0.5398332784530379,0.7268987888214032,0.5498190436737244,0.6996457675367884,0.6416292190551758,0.0,0.6416292190551758,0.6416292190551758,0.6416292190551758,0.6416292190551758,11020.0,0.0,11020.0,11020.0,11020.0,11020.0,10964.0,0.0,10964.0,10964.0,10964.0,10964.0
4,2,inceptiontime,inception_time,0,10,0,5.0,2.5,50.0,0.9,stage1,s1_055,main_effect_label_smoothing-0p3_lr0.001_wd0.005_do0.5_ls0.3_mw90_sqinone_aggmean_prob_mannone_lossweighted_ce_cwinverse_subject_count_ep10,main_effect,label_smoothing,0.3,0.001,0.005,0.5,0.3,none,mean_prob,none,weighted_ce,inverse_subject_count,static_only,0,5,0.5796296296296297,0.053831266124994934,0.5128000000000001,0.6464592592592593,0.5,0.625,0.5668447201034359,0.06446094344991829,0.4868187187396245,0.6468707214672473,0.4874847374847375,0.6302941176470589,0.5796296296296297,0.053831266124994934,0.5128000000000001,0.6464592592592593,0.5,0.625,0.5668447201034359,0.06446094344991829,0.4868187187396245,0.6468707214672473,0.4874847374847375,0.6302941176470589,0.4333333333333334,0.17078251276599332,0.2213128311800432,0.6453538354866236,0.25,0.5833333333333334,0.46040714840714847,0.12813527253237664,0.30133169983889896,0.619482596975398,0.3076923076923077,0.56,10.0,0.0,10.0,10.0,10.0,10.0,488.6132306108251,0.31610299535984365,488.22079982430665,489.00566139734354,488.2622522129677,488.984732944984,0.9918659490035753,0.00035172044283523444,0.9914293004047244,0.9923025976024261,0.9915721752695326,0.9923991314692622,0.5174134374338785,0.022670085201127267,0.4892693214447503,0.5455575534230066,0.49743080962158165,0.5471509765737068,0.4744525115696967,0.022821019577990913,0.44612101584328434,0.5027840072961091,0.4445793271802184,0.4941591377319598,0.6906772937791024,0.0004595829039985615,0.6901067377162556,0.6912478498419491,0.6900565920140356,0.6913269365423278,1.1591334500967319,0.02425046894646352,1.1290273430942719,1.1892395570991918,1.1385302657181926,1.1955368270084274,0.4684561563176297,0.02388339260221999,0.4388057617272582,0.4981065509080012,0.448473673704157,0.5042098904660997,0.6416292190551758,0.0,0.6416292190551758,0.6416292190551758,0.6416292190551758,0.6416292190551758,15657.0,0.0,15657.0,15657.0,15657.0,15657.0,15657.0,0.0,15657.0,15657.0,15657.0,15657.0
5,2,inceptiontime,inception_time,0,10,0,5.0,2.5,50.0,0.9,stage1,s1_075,focused_combo_combined_regularization-wd0p01_do0p5_ls0p3_mw0p9_lr0.001_wd0.01_do0.5_ls0.3_mw90_sqinone_aggmean_prob_mannone_lossweighted_ce_cwinverse_subject_count_ep10,focused_combo,combined_regularization,wd0.01_do0.5_ls0.3_mw0.9,0.001,0.01,0.5,0.3,none,mean_prob,none,weighted_ce,inverse_subject_count,static_only,0,5,0.5796296296296296,0.05597832963034018,0.5101344959317816,0.6491247633274776,0.5092592592592592,0.6527777777777778,0.5686845507433743,0.06778870264412995,0.4845272530074997,0.6528418484792489,0.47222222222222227,0.6527777777777778,0.5796296296296296,0.05597832963034018,0.5101344959317816,0.6491247633274776,0.5092592592592592,0.6527777777777778,0.5686845507433743,0.06778870264412995,0.4845272530074997,0.6528418484792489,0.47222222222222227,0.6527777777777778,0.4444444444444445,0.14861760110439373,0.2599409030417834,0.6289479858471055,0.25,0.625,0.48507326007326,0.1105328805273911,0.34785056405883774,0.6222959560876823,0.3333333333333333,0.625,10.0,0.0,10.0,10.0,10.0,10.0,488.69576523844154,0.4524764147359161,488.1340316328687,489.2574988440144,488.1509259319864,489.254679255886,0.9918870511339589,0.0003147039404887363,0.9914963572250136,0.9922777450429042,0.9915425472012217,0.9923075278316962,0.511435565008511,0.016910797256357156,0.49044140308856016,0.5324297269284617,0.49603528559135845,0.5375129173924178,0.480451486125448,0.017088327001625964,0.4592369272507422,0.5016660450001539,0.4540296298088039,0.4962722422403377,0.6907770589433143,0.00039546067380826763,0.6902861083811944,0.6912680095054342,0.6902836169134094,0.6913036345424309,1.171155807376527,0.0280743893144161,1.1363024372996655,1.2060091774533883,1.1466875492628104,1.2097334529870003,0.4803787484332126,0.027858778106021026,0.4457930521124836,0.5149644447539415,0.45600048025434226,0.5184298184445694,0.6416292190551758,0.0,0.6416292190551758,0.6416292190551758,0.6416292190551758,0.6416292190551758,15657.0,0.0,15657.0,15657.0,15657.0,15657.0,15657.0,0.0,15657.0,15657.0,15657.0,15657.0
6,2,inceptiontime,inception_time,0,10,0,5.0,2.5,50.0,0.9,stage1,s1_061,main_effect_aggregation-quality_weighted_mean_lr0.001_wd0.005_do0.5_ls0.2_mw90_sqinone_aggquality_weighted_mean_mannone_lossweighted_ce_cwinverse_subject_count_ep10,main_effect,aggregation,quality_weighted_mean,0.001,0.005,0.5,0.2,none,quality_weighted_mean,none,weighted_ce,inverse_subject_count,static_only,0,5,0.5777777777777777,0.05730277202505854,0.5066383952803699,0.6489171602751855,0.5231481481481481,0.6527777777777778,0.5755028513312267,0.06485297628784427,0.4949901549433672,0.6560155477190862,0.5044858523119393,0.6527777777777778,0.5777777777777777,0.05730277202505854,0.5066383952803699,0.6489171602751855,0.5231481481481481,0.6527777777777778,0.5755028513312267,0.06485297628784427,0.4949901549433672,0.6560155477190862,0.5044858523119393,0.6527777777777778,0.4916666666666667,0.11562030771259674,0.34812810816137246,0.6352052251719609,0.375,0.625,0.5136917293233083,0.08541704330659462,0.40764946468507735,0.6197339939615393,0.42857142857142855,0.625,10.0,0.0,10.0,10.0,10.0,10.0,488.4181493367534,0.29698949412521825,488.0494472919196,488.7868513815872,488.2126711870078,488.922279041959,0.9924252416409963,0.00028963057470434583,0.9920656754366279,0.9927848078453647,0.9921361960826547,0.9928228715733894,0.5184389085293315,0.01845694416618859,0.4955252594270227,0.5413525576316403,0.5043497235234783,0.5471458851348935,0.47398633311166494,0.018508379499915094,0.4510088288458005,0.49696383737752936,0.4450825975853211,0.4877864725591764,0.54171402194984,0.0007637752035954188,0.5407658218116888,0.5426622220879912,0.5408766453633501,0.5428607696704116,1.1908239809912857,0.021080769385559188,1.1646529448675336,1.2169950171150379,1.1666698463631247,1.2236719937417306,0.6491099590414456,0.020417354504966206,0.623762529233359,0.6744573888495323,0.6257932009997745,0.680811224071319,0.6416292190551758,0.0,0.6416292190551758,0.6416292190551758,0.6416292190551758,0.6416292190551758,15657.0,0.0,15657.0,15657.0,15657.0,15657.0,15657.0,0.0,15657.0,15657.0,15657.0,15657.0
7,2,inceptiontime,inception_time,0,10,0,5.0,2.5,50.0,0.9,stage1,s1_054,main_effect_label_smoothing-0p15_lr0.001_wd0.005_do0.5_ls0.15_mw90_sqinone_aggmean_prob_mannone_lossweighted_ce_cwinverse_subject_count_ep10,main_effect,label_smoothing,0.15,0.001,0.005,0.5,0.15,none,mean_prob,none,weighted_ce,inverse_subject_count,static_only,0,5,0.575,0.060220787190774484,0.5002380039767348,0.6497619960232651,0.5092592592592592,0.6620370370370371,0.5633248081841432,0.07427244799148688,0.47111816791245364,0.6555314484558328,0.47087240693378796,0.6658730158730158,0.575,0.060220787190774484,0.5002380039767348,0.6497619960232651,0.5092592592592592,0.6620370370370371,0.5633248081841432,0.07427244799148688,0.47111816791245364,0.6555314484558328,0.47087240693378796,0.6658730158730158,0.45,0.12638125740085918,0.29310209972370216,0.6068979002762979,0.25,0.5833333333333334,0.4917366946778712,0.10043393832195038,0.3670514813537783,0.6164219080019641,0.3333333333333333,0.5833333333333334,10.0,0.0,10.0,10.0,10.0,10.0,489.12417036020196,0.865032462127984,488.05026288554984,490.1980778348541,488.32239720597863,490.1426076630596,0.99275648020013,0.00030406916751539713,0.9923789889889877,0.9931339714112722,0.9922983835258588,0.9931226504643705,0.5179400879717824,0.03155116106284314,0.47877042766101446,0.5571097482825502,0.49139081049854727,0.5640674133235548,0.4748163922283476,0.031471719280016616,0.43574535610581794,0.5138874283508773,0.42871727962887984,0.5009075730273115,0.45239885867118346,0.0006717548271012405,0.45156489860431726,0.45323281873804966,0.45165458449433843,0.45314581700379175,1.230260348138082,0.06342349423820612,1.1515223035987914,1.3089983926773727,1.1479299177866877,1.3251115552198212,0.7778614894668987,0.06305341337917492,0.6995828873394703,0.8561400915943271,0.6956914496921787,0.8720615817741749,0.6416292190551758,0.0,0.6416292190551758,0.6416292190551758,0.6416292190551758,0.6416292190551758,15657.0,0.0,15657.0,15657.0,15657.0,15657.0,15657.0,0.0,15657.0,15657.0,15657.0,15657.0
8,2,inceptiontime,inception_time,0,9,0,5.0,2.5,50.0,0.9,stage1,s1_033,focused_combo_combined_regularization-wd0p01_do0p5_ls0p3_mw0p9_lr0.001_wd0.01_do0.5_ls0.3_mw90_sqinone_aggmean_prob_mannone_lossweighted_ce_cwinverse_subject_count_ep9,focused_combo,combined_regularization,wd0.01_do0.5_ls0.3_mw0.9,0.001,0.01,0.5,0.3,none,mean_prob,none,weighted_ce,inverse_subject_count,static_only,0,5,0.5731481481481482,0.04323191677751388,0.519477239131971,0.6268190571643254,0.5,0.611111111111111,0.5555138722173317,0.049060644513811716,0.4946068020652777,0.6164209423693858,0.4838468720821662,0.603425985778927,0.5731481481481482,0.04323191677751388,0.519477239131971,0.6268190571643254,0.5,0.611111111111111,0.5555138722173317,0.049060644513811716,0.4946068020652777,0.6164209423693858,0.4838468720821662,0.603425985778927,0.3583333333333333,0.03726779962499651,0.3120666666666666,0.40459999999999996,0.3333333333333333,0.4166666666666667,0.43683567894094216,0.03737970179525522,0.3904300896530654,0.4832412682288189,0.38095238095238093,0.47619047619047616,9.0,0.0,9.0,9.0,9.0,9.0,440.77646427792496,0.3319347494658462,440.36437892372766,441.18854963212226,440.3853658689186,441.1454694699496,0.9911579781547187,0.00016326855019782043,0.9909552859736627,0.9913606703357748,0.9910087573096906,0.9913770377586882,0.5216450758094552,0.05109452897681784,0.458213009402315,0.5850771422165953,0.44822413979810216,0.5777655538974168,0.4695129023452635,0.05097771724167908,0.4062258536120081,0.532799951078519,0.41361148386127145,0.5427846175115885,0.6922099688656018,0.0004191603272842427,0.6916895960145751,0.6927303417166285,0.6916929177254174,0.6927555640639138,1.1530624776818423,0.05822119986261443,1.0807828992231714,1.2253420561405133,1.0703697578197173,1.2122787056269093,0.46085250881624046,0.058311125204234995,0.3884612911986305,0.5332437264338504,0.3776141937558035,0.5200353392087977,0.6416292190551758,0.0,0.6416292190551758,0.6416292190551758,0.6416292190551758,0.6416292190551758,15657.0,0.0,15657.0,15657.0,15657.0,15657.0,15657.0,0.0,15657.0,15657.0,15657.0,15657.0
9,2,inceptiontime,inception_time,0,15,0,5.0,2.5,50.0,0.7,stage1,s1_099,main_effect_max_windows_fraction-0p7_lr0.001_wd0.005_do0.5_ls0.2_mw70_sqinone_aggmean_prob_mannone_lossweighted_ce_cwinverse_subject_count_ep15,main_effect,max_windows_fraction,0.7,0.001,0.005,0.5,0.2,none,mean_prob,none,weighted_ce,inverse_subject_count,static_only,0,5,0.5731481481481481,0.05645491178340359,0.5030613544157142,0.643234941880582,0.5138888888888888,0.6481481481481481,0.5627801200409895,0.052114069565275145,0.4980823297372431,0.627477910344736,0.5095238095238096,0.6287878787878788,0.5731481481481481,0.05645491178340359,0.5030613544157142,0.643234941880582,0.5138888888888888,0.6481481481481481,0.5627801200409895,0.052114069565275145,0.4980823297372431,0.627477910344736,0.5095238095238096,0.6287878787878788,0.4166666666666667,0.05103103630798288,0.3533134241819025,0.4800199091514309,0.375,0.5,0.47333333333333333,0.04562491263620376,0.4166916038543763,0.5299750628122903,0.42857142857142855,0.5333333333333333,15.0,0.0,15.0,15.0,15.0,15.0,566.4911339507438,0.2094075090627954,566.2311618698376,566.75110603165,566.2713989848271,566.8187417669687,0.9948067377869287,0.00039874327474551027,0.9943117119908297,0.9953017635830278,0.9942188064855186,0.9952441607067382,0.5276434956108249,0.04753698224112509,0.4686279987524001,0.5866589924692498,0.4541476690311349,0.5799164263577653,0.4671632421761037,0.04728522360751269,0.4084602948349299,0.5258661895172776,0.4149964459277221,0.5400711374543837,0.5370842849315771,0.000512294563080282,0.5364482891919927,0.5377202806711615,0.5365597096820556,0.537678210921412,1.168478715184328,0.066406829000047,1.0860369651306234,1.2509204652380328,1.0878780580062464,1.251326786000626,0.6313944302527512,0.06594001073126246,0.5495322187136112,0.7132566417918912,0.5513183483241908,0.7136485750792141,0.6418812870979309,0.0,0.6418812870979309,0.6418812870979309,0.6418812870979309,0.6418812870979309,12180.0,0.0,12180.0,12180.0,12180.0,12180.0,12180.0,0.0,12180.0,12180.0,12180.0,12180.0
10,2,inceptiontime,inception_time,0,10,0,5.0,2.5,50.0,0.9,stage1,s1_067,focused_combo_combined_regularization-wd0p005_do0p4_ls0p15_mw0p9_lr0.001_wd0.005_do0.4_ls0.15_mw90_sqinone_aggmean_prob_mannone_lossweighted_ce_cwinverse_subject_count_ep10,focused_combo,combined_regularization,wd0.005_do0.4_ls0.15_mw0.9,0.001,0.005,0.4,0.15,none,mean_prob,none,weighted_ce,inverse_subject_count,static_only,0,5,0.5722222222222222,0.04554953287499571,0.5156740740740741,0.6287703703703703,0.5138888888888888,0.625,0.554863683078113,0.05078412903129859,0.49181696732105673,0.6179103988351692,0.5072463768115941,0.6251207729468599,0.5722222222222222,0.04554953287499571,0.5156740740740741,0.6287703703703703,0.5138888888888888,0.625,0.554863683078113,0.05078412903129859,0.49181696732105673,0.6179103988351692,0.5072463768115941,0.6251207729468599,0.4083333333333333,0.13307266185559427,0.24312828901970876,0.5735383776469579,0.25,0.5833333333333334,0.46736842105263154,0.11730961905978869,0.3217326417351828,0.6130042003700803,0.3157894736842105,0.6,10.0,0.0,10.0,10.0,10.0,10.0,488.39988420573064,0.1942996961967405,488.15866794483446,488.6411004666268,488.19049886986613,488.6255639248993,0.9939016569010718,0.0003480931903179565,0.9934695114090537,0.9943338023930899,0.9934801530444677,0.9944472342188959,0.5154151474483043,0.02003263771109002,0.49054533005207035,0.5402849648445383,0.4880983509455449,0.5424392469622699,0.4784865094527676,0.020230118462807256,0.4533715266267331,0.5036014922788021,0.4514123995325745,0.506348883273351,0.44728009102456195,0.0009668104307200597,0.4460798297701256,0.4484803522789983,0.44608609392142384,0.44876875550660944,1.2329028714710497,0.04048246491341221,1.1826453105514185,1.283160432390681,1.1992536557971962,1.292053759558811,0.7856227804464877,0.04036341682511908,0.7355130135547783,0.8357325473381971,0.7528860215969134,0.8446658381501481,0.6416292190551758,0.0,0.6416292190551758,0.6416292190551758,0.6416292190551758,0.6416292190551758,15657.0,0.0,15657.0,15657.0,15657.0,15657.0,15657.0,0.0,15657.0,15657.0,15657.0,15657.0
11,2,inceptiontime,inception_time,0,10,0,5.0,2.5,50.0,0.9,stage1,s1_065,main_effect_loss_type-focal_loss_lr0.001_wd0.005_do0.5_ls0.2_mw90_sqinone_aggmean_prob_mannone_lossfocal_loss_cwinverse_subject_count_ep10,main_effect,loss_type,focal_loss,0.001,0.005,0.5,0.2,none,mean_prob,none,focal_loss,inverse_subject_count,static_only,0,5,0.5703703703703703,0.02106354290014322,0.5442207203243207,0.5965200204164199,0.5416666666666666,0.5925925925925926,0.5704112212899398,0.025490635160356812,0.5387654914117849,0.6020569511680948,0.5373015873015873,0.5993650793650794,0.5703703703703703,0.02106354290014322,0.5442207203243207,0.5965200204164199,0.5416666666666666,0.5925925925925926,0.5704112212899398,0.025490635160356812,0.5387654914117849,0.6020569511680948,0.5373015873015873,0.5993650793650794,0.45,0.06846531968814576,0.3650027059254237,0.5349972940745763,0.375,0.5,0.4820621118012423,0.06626800027771956,0.399792712739126,0.5643315108633586,0.4,0.56,10.0,0.0,10.0,10.0,10.0,10.0,479.28063014373186,0.2793809256508433,478.9337885193221,479.6274717681416,478.9351087368559,479.68819952197373,0.9852376926181862,0.0009916083658684776,0.9840066455966512,0.9864687396397211,0.9837490078651984,0.9863275010923103,0.4935448410304647,0.03018641933911191,0.45606945972337626,0.5310202223375531,0.44342225265114693,0.5244827405297517,0.49169285158772136,0.03079754872571394,0.45345877457268574,0.529926928602757,0.4604829603878492,0.5429052484411634,0.01783105787141567,0.0009927782401351352,0.016598558491993116,0.019063557250838224,0.01639161312849432,0.0189866090699709,1.3543983946608442,0.2666075929984865,1.0234144149200637,1.6853823744016247,1.0787339399948102,1.7708621194019138,1.3365673367894284,0.2674060239717482,1.0045921329874488,1.668542540591408,1.0597473309248393,1.7544705062734196,0.6416292190551758,0.0,0.6416292190551758,0.6416292190551758,0.6416292190551758,0.6416292190551758,15657.0,0.0,15657.0,15657.0,15657.0,15657.0,15657.0,0.0,15657.0,15657.0,15657.0,15657.0
12,2,inceptiontime,inception_time,0,9,0,5.0,2.5,50.0,0.9,stage1,s1_003,main_effect_weight_decay-0p002_lr0.001_wd0.002_do0.5_ls0.2_mw90_sqinone_aggmean_prob_mannone_lossweighted_ce_cwinverse_subject_count_ep9,main_effect,weight_decay,0.002,0.001,0.002,0.5,0.2,none,mean_prob,none,weighted_ce,inverse_subject_count,static_only,0,5,0.5703703703703703,0.07961078588408063,0.47153637076123783,0.6692043699795027,0.46296296296296297,0.6620370370370371,0.5607222572823596,0.08022890729521162,0.46112088161195985,0.6603236329527593,0.45772005772005775,0.6537878787878788,0.5703703703703703,0.07961078588408063,0.47153637076123783,0.6692043699795027,0.46296296296296297,0.6620370370370371,0.5607222572823596,0.08022890729521162,0.46112088161195985,0.6603236329527593,0.45772005772005775,0.6537878787878788,0.45,0.11180339887498951,0.3112,0.5888,0.3333333333333333,0.5833333333333334,0.4963608130999436,0.11149938735732288,0.3579382327408197,0.6347833934590675,0.36363636363636365,0.625,9.0,0.0,9.0,9.0,9.0,9.0,447.19398510679605,0.2216146360278966,446.918858305731,447.4691119078611,446.86227871105075,447.4137136840727,0.9916927543389564,0.00026531387342858167,0.9913633764667054,0.9920221322112075,0.9914022172757369,0.9920722422287389,0.5074740589565205,0.04271394325980899,0.4544461959029963,0.5605019220100448,0.43684245379016823,0.5429572276346704,0.4842186953824358,0.042873689312280916,0.43099251320528725,0.5374448775595843,0.44888361986424297,0.5552297884385706,0.543554005052498,0.0006275810760145303,0.5427748851489231,0.5443331249560728,0.5428449975667944,0.5444772090536238,1.2066280510426632,0.07823672461345714,1.109499900327944,1.3037562017573825,1.104600112074104,1.267477353904501,0.6630740459901654,0.07841647042533259,0.5657227471516918,0.760425344828639,0.5601229030204802,0.7236654676614114,0.6416292190551758,0.0,0.6416292190551758,0.6416292190551758,0.6416292190551758,0.6416292190551758,15657.0,0.0,15657.0,15657.0,15657.0,15657.0,15657.0,0.0,15657.0,15657.0,15657.0,15657.0
13,2,inceptiontime,inception_time,0,15,0,5.0,2.5,50.0,0.9,stage1,s1_090,main_effect_dropout-0p3_lr0.001_wd0.005_do0.3_ls0.2_mw90_sqinone_aggmean_prob_mannone_lossweighted_ce_cwinverse_subject_count_ep15,main_effect,dropout,0.3,0.001,0.005,0.3,0.2,none,mean_prob,none,weighted_ce,inverse_subject_count,static_only,0,5,0.5694444444444444,0.047552404130032706,0.5104098018516151,0.6284790870372737,0.5324074074074073,0.6342592592592592,0.5469259559184179,0.05420125744500959,0.47963699503647583,0.6142149168003599,0.4993252361673415,0.621031746031746,0.5694444444444444,0.047552404130032706,0.5104098018516151,0.6284790870372737,0.5324074074074073,0.6342592592592592,0.5469259559184179,0.05420125744500959,0.47963699503647583,0.6142149168003599,0.4993252361673415,0.621031746031746,0.3833333333333333,0.074535599249993,0.29079999999999995,0.47586666666666666,0.3333333333333333,0.5,0.453734335839599,0.072799489730281,0.36335632160891174,0.5441123500702862,0.4,0.5714285714285714,15.0,0.0,15.0,15.0,15.0,15.0,727.5726816389245,0.5469768206404594,726.8936290925006,728.2517341853483,727.0131586340722,728.3793785059825,0.9971231118544995,0.00030068761163248625,0.9967498187264323,0.9974964049825668,0.9968506613928877,0.9976126361494504,0.5297149120634012,0.03707630282921148,0.4836859819550361,0.5757438421717662,0.48914823828521314,0.5735999462585232,0.4674081997910985,0.037000670148406925,0.4214731650043543,0.5133432345778427,0.4232507151343645,0.5079351002136197,0.524965178357647,0.0006810619609607305,0.5241196638103921,0.5258106929049019,0.5238863576122085,0.5257692538063667,1.197876962256513,0.06104583065099031,1.1220907037024996,1.2736632208105265,1.0998192859776137,1.2675729964141191,0.6729117838988661,0.06105561179099423,0.5971133824024537,0.7487101853952784,0.5746646340409567,0.7425129606475405,0.6416292190551758,0.0,0.6416292190551758,0.6416292190551758,0.6416292190551758,0.6416292190551758,15657.0,0.0,15657.0,15657.0,15657.0,15657.0,15657.0,0.0,15657.0,15657.0,15657.0,15657.0
14,2,inceptiontime,inception_time,0,10,0,5.0,2.5,50.0,0.9,stage1,s1_074,focused_combo_combined_regularization-wd0p01_do0p5_ls0p15_mw0p9_lr0.001_wd0.01_do0.5_ls0.15_mw90_sqinone_aggmean_prob_mannone_lossweighted_ce_cwinverse_subject_count_ep10,focused_combo,combined_regularization,wd0.01_do0.5_ls0.15_mw0.9,0.001,0.01,0.5,0.15,none,mean_prob,none,weighted_ce,inverse_subject_count,static_only,0,5,0.5675925925925925,0.07418972453337087,0.47548865059396117,0.6596965345912239,0.4861111111111111,0.6620370370370371,0.5576793692091847,0.08114716942228384,0.4569380033012777,0.6584207351170918,0.47968852612815466,0.6658730158730158,0.5675925925925925,0.07418972453337087,0.47548865059396117,0.6596965345912239,0.4861111111111111,0.6620370370370371,0.5576793692091847,0.08114716942228384,0.4569380033012777,0.6584207351170918,0.47968852612815466,0.6658730158730158,0.4333333333333334,0.14613064930625155,0.25191725539829113,0.6147494112683757,0.25,0.5833333333333334,0.4679683913699259,0.12699649088190038,0.3103067002963197,0.6256300824435321,0.3333333333333333,0.6086956521739131,10.0,0.0,10.0,10.0,10.0,10.0,488.5783414343838,0.19427261062964885,488.33715879926956,488.819524069498,488.3184472499415,488.84149237303063,0.9926022578990935,0.00034480361258411324,0.992174196302503,0.993030319495684,0.9921951913208378,0.9930753724087961,0.52073643397643,0.03594309281670797,0.47611434436950045,0.5653585235833595,0.48053901505939384,0.566250080517639,0.4718658239226635,0.035885211132819346,0.427315592397014,0.516416055448313,0.42629146400557405,0.5118576996838187,0.4525262903714723,0.0007484938054803612,0.451597061553332,0.4534555191896126,0.45146582184613215,0.4533279800919254,1.2132328703316042,0.05389872329042097,1.1463194949960716,1.2801462456671369,1.1509291201715492,1.2945877776276185,0.7607065799601318,0.05347653661673823,0.6943173345785794,0.8270958253416842,0.698425758325887,0.8414550872564374,0.6416292190551758,0.0,0.6416292190551758,0.6416292190551758,0.6416292190551758,0.6416292190551758,15657.0,0.0,15657.0,15657.0,15657.0,15657.0,15657.0,0.0,15657.0,15657.0,15657.0,15657.0
15,2,inceptiontime,inception_time,0,10,0,5.0,2.5,50.0,0.9,stage1,s1_079,quality_combo_sqi_aggregation-top70_quality_quality_weighted_mean_lr0.001_wd0.005_do0.5_ls0.2_mw90_sqitop70_quality_aggquality_weighted_mean_mannone_lossweighted_ce_cwinverse_subject_count_ep10,quality_combo,sqi_aggregation,top70_quality_quality_weighted_mean,0.001,0.005,0.5,0.2,top70_quality,quality_weighted_mean,none,weighted_ce,inverse_subject_count,static_only,0,5,0.5666666666666667,0.0899269059986863,0.4550255656069934,0.6783077677263398,0.48148148148148145,0.6944444444444443,0.5578343479406879,0.10071939185142599,0.4327947540674355,0.6828739418139402,0.45845410628019323,0.6985507246376811,0.5666666666666667,0.0899269059986863,0.4550255656069934,0.6783077677263398,0.48148148148148145,0.6944444444444443,0.5578343479406879,0.10071939185142599,0.4327947540674355,0.6828739418139402,0.45845410628019323,0.6985507246376811,0.45,0.1728036779443977,0.23547029213753273,0.6645297078624672,0.25,0.6666666666666666,0.4642424242424242,0.14152520890872228,0.2885438390992764,0.639941009385572,0.26666666666666666,0.6,10.0,0.0,10.0,10.0,10.0,10.0,357.2164042428136,0.25883190150029967,356.8950735114607,357.53773497416654,356.99029761296697,357.63697173190303,0.993103111720829,0.0006159515185908238,0.9923384295050763,0.9938677939365816,0.992090775124294,0.9935121989195638,0.5146256197695562,0.04109752588886941,0.46360448221225126,0.5656467573268612,0.47292643364829845,0.5688695417788633,0.4784774919512726,0.04109267318189982,0.42746237885953986,0.5294926050430053,0.4246426571407005,0.5205476902769961,0.5428934342940044,0.0012235040280224787,0.5413744969379102,0.5444123716500986,0.5417908314153528,0.5447705925204127,1.1803300548800268,0.07608827850281408,1.0858691246895305,1.2747909850705232,1.0691436449392613,1.243394980141076,0.6374366205860224,0.07576954281651473,0.5433713895755466,0.731501851596498,0.5273528135239085,0.7007151776602624,0.6416292190551758,0.0,0.6416292190551758,0.6416292190551758,0.6416292190551758,0.6416292190551758,11020.0,0.0,11020.0,11020.0,11020.0,11020.0,10964.0,0.0,10964.0,10964.0,10964.0,10964.0
16,2,inceptiontime,inception_time,0,10,0,5.0,2.5,50.0,0.7,stage1,s1_057,main_effect_max_windows_fraction-0p7_lr0.001_wd0.005_do0.5_ls0.2_mw70_sqinone_aggmean_prob_mannone_lossweighted_ce_cwinverse_subject_count_ep10,main_effect,max_windows_fraction,0.7,0.001,0.005,0.5,0.2,none,mean_prob,none,weighted_ce,inverse_subject_count,static_only,0,5,0.5657407407407409,0.08913690322838674,0.4550804004237727,0.6764010810577091,0.48148148148148145,0.6620370370370371,0.5529212967576139,0.09934019910432758,0.4295939223269145,0.6762486711883133,0.4588744588744588,0.6623376623376623,0.5657407407407409,0.08913690322838674,0.4550804004237727,0.6764010810577091,0.48148148148148145,0.6620370370370371,0.5529212967576139,0.09934019910432758,0.4295939223269145,0.6762486711883133,0.4588744588744588,0.6623376623376623,0.425,0.15138251770487463,0.23706391157275475,0.6129360884272452,0.25,0.5833333333333334,0.46777692895339945,0.14336080799440598,0.2897995118994457,0.6457543460073532,0.2857142857142857,0.6363636363636364,10.0,0.0,10.0,10.0,10.0,10.0,380.4384327942971,0.11061311051799895,380.3011104955621,380.5757550930321,380.2746849770192,380.5574551378377,0.9909968352250514,0.0005515946830799445,0.9903120497643062,0.9916816206857967,0.990308664570637,0.9916416175834198,0.5230674001700547,0.05532658269614213,0.4543813874414882,0.5917534128986213,0.4730874774639183,0.6119289947060992,0.46792943505499685,0.054885290507031684,0.3997912711079957,0.536067599001998,0.37971262287732066,0.5175146571008703,0.5463323434941717,0.0009268367105868682,0.5451817082118463,0.5474829787764971,0.5451055441478272,0.5474011679704046,1.1776985877676498,0.08194355032334373,1.075968542891309,1.2794286326439905,1.0581082138423188,1.2718316289556204,0.6313662442734782,0.08109330140032295,0.5306917536262825,0.7320407349206739,0.5130026696944916,0.7248567505640136,0.6418812870979309,0.0,0.6418812870979309,0.6418812870979309,0.6418812870979309,0.6418812870979309,12180.0,0.0,12180.0,12180.0,12180.0,12180.0,12180.0,0.0,12180.0,12180.0,12180.0,12180.0
17,2,inceptiontime,inception_time,0,9,0,5.0,2.5,50.0,0.9,stage1,s1_002,main_effect_weight_decay-0p001_lr0.001_wd0.001_do0.5_ls0.2_mw90_sqinone_aggmean_prob_mannone_lossweighted_ce_cwinverse_subject_count_ep9,main_effect,weight_decay,0.001,0.001,0.001,0.5,0.2,none,mean_prob,none,weighted_ce,inverse_subject_count,static_only,0,5,0.5657407407407408,0.059143405269152995,0.4923162766013521,0.6391652048801295,0.46296296296296297,0.611111111111111,0.5589990504851187,0.06338469589092513,0.48030917273375023,0.6376889282364872,0.45772005772005775,0.6182001005530418,0.5657407407407408,0.059143405269152995,0.4923162766013521,0.6391652048801295,0.46296296296296297,0.611111111111111,0.5589990504851187,0.06338469589092513,0.48030917273375023,0.6376889282364872,0.45772005772005775,0.6182001005530418,0.4333333333333333,0.09128709291752769,0.3200036079005649,0.5466630587661017,0.3333333333333333,0.5,0.4869810890863523,0.08980469882744577,0.37549170394532616,0.5984704742273784,0.36363636363636365,0.5714285714285714,9.0,0.0,9.0,9.0,9.0,9.0,446.93025962635875,0.23517928932136756,446.6382927837916,447.2222264689259,446.5385731649585,447.15458817593753,0.9916803016031472,0.0004533326298036066,0.9911175050365858,0.9922430981697087,0.9911736566787361,0.9921641035673032,0.5023756652284549,0.04011533994374018,0.45257387708767677,0.552177453369233,0.434643040708362,0.5395461683919656,0.4893046363746924,0.040275279621335425,0.4393042887314877,0.5393049840178971,0.45167247591232007,0.5572596268485798,0.5433980322313496,0.0005785768188171822,0.5426797493950504,0.5441163150676489,0.5427015708251732,0.5441911858327909,1.2125307511432346,0.07872173652189478,1.1148004751481702,1.310261027138299,1.1070408362789814,1.2701757477199955,0.6691327189118853,0.07886654287737505,0.5712226709032425,0.7670427669205281,0.5628496504461905,0.7269189501991016,0.6416292190551758,0.0,0.6416292190551758,0.6416292190551758,0.6416292190551758,0.6416292190551758,15657.0,0.0,15657.0,15657.0,15657.0,15657.0,15657.0,0.0,15657.0,15657.0,15657.0,15657.0
18,2,inceptiontime,inception_time,0,10,0,5.0,2.5,50.0,0.9,stage1,s1_068,focused_combo_combined_regularization-wd0p005_do0p4_ls0p3_mw0p9_lr0.001_wd0.005_do0.4_ls0.3_mw90_sqinone_aggmean_prob_mannone_lossweighted_ce_cwinverse_subject_count_ep10,focused_combo,combined_regularization,wd0.005_do0.4_ls0.3_mw0.9,0.001,0.005,0.4,0.3,none,mean_prob,none,weighted_ce,inverse_subject_count,static_only,0,5,0.5657407407407407,0.029716308399780032,0.5288489856832641,0.6026324957982172,0.5324074074074074,0.6064814814814815,0.5487017156676599,0.02268571982771154,0.52053818983776,0.5768652414975598,0.5214752567693745,0.5828460038986355,0.5657407407407407,0.029716308399780032,0.5288489856832641,0.6026324957982172,0.5324074074074074,0.6064814814814815,0.5487017156676599,0.02268571982771154,0.52053818983776,0.5768652414975598,0.5214752567693745,0.5828460038986355,0.3916666666666667,0.03726779962499651,0.34540000000000004,0.4379333333333334,0.3333333333333333,0.4166666666666667,0.4756892230576441,0.05082222297999629,0.4125952149988113,0.5387832311164769,0.42105263157894735,0.5263157894736842,10.0,0.0,10.0,10.0,10.0,10.0,489.05095732472836,1.1794498388146775,487.5867117000446,490.5152029494121,488.4032241178211,491.1408194848336,0.9930093550898338,0.00014913784737731714,0.9928242056809226,0.993194504498745,0.9928224187809542,0.9932312456525555,0.5221429830202227,0.023786426375680174,0.49261296860057185,0.5516729974398734,0.49037279782422516,0.5498642664805763,0.47086637206961096,0.023841692977647495,0.44126774610120356,0.5004649980380184,0.4430956522013124,0.5026103397125725,0.6868092332423433,0.0002888234122540899,0.6864506691018587,0.687167797382828,0.686469657796739,0.6871440889926778,1.155413608867093,0.011246542641648519,1.1414514204688115,1.1693757972653744,1.1439649397537601,1.1726188952306575,0.4686043756247498,0.010978100319418965,0.45497544895822595,0.4822333022912737,0.45749528195702116,0.4854748062379798,0.6416292190551758,0.0,0.6416292190551758,0.6416292190551758,0.6416292190551758,0.6416292190551758,15657.0,0.0,15657.0,15657.0,15657.0,15657.0,15657.0,0.0,15657.0,15657.0,15657.0,15657.0
19,2,inceptiontime,inception_time,0,10,0,5.0,2.5,50.0,0.9,stage1,s1_051,main_effect_dropout-0p7_lr0.001_wd0.005_do0.7_ls0.2_mw90_sqinone_aggmean_prob_mannone_lossweighted_ce_cwinverse_subject_count_ep10,main_effect,dropout,0.7,0.001,0.005,0.7,0.2,none,mean_prob,none,weighted_ce,inverse_subject_count,static_only,0,5,0.5648148148148148,0.06612433730132268,0.4827237683012304,0.6469058613283991,0.4583333333333333,0.625,0.5525769470056723,0.07779624249301346,0.45599563940066873,0.6491582546106758,0.4305694305694306,0.6258169934640523,0.5648148148148148,0.06612433730132268,0.4827237683012304,0.6469058613283991,0.4583333333333333,0.625,0.5525769470056723,0.07779624249301346,0.45599563940066873,0.6491582546106758,0.4305694305694306,0.6258169934640523,0.38333333333333336,0.1752973663996886,0.16570779867957697,0.6009588679870898,0.125,0.5833333333333334,0.4315265436318068,0.1628463773989413,0.22935847530459802,0.6336946119590157,0.18181818181818182,0.5833333333333334,10.0,0.0,10.0,10.0,10.0,10.0,488.68188643744213,0.2311461487907465,488.39492659744633,488.96884627743793,488.4191760160029,488.93064345116727,0.9886511163923469,0.0004493746914207273,0.988093233467527,0.9892089993171669,0.9880888948455429,0.9892004895659511,0.512269554820224,0.03740481733420237,0.4658327854712673,0.5587063241691806,0.47234166984715314,0.5625574678075583,0.4763815615721228,0.037781542814244104,0.4294771007472723,0.5232860223969733,0.4257445219615775,0.5165253922580504,0.5587836150716184,0.0005657430567064055,0.5580812649010423,0.5594859652421946,0.5578538710179451,0.5593973741049061,1.1686762831430249,0.03571150544165975,1.1243417011430208,1.213010865143029,1.125087027714828,1.2217370979554802,0.6098926680714063,0.03587379115933942,0.5653566140424605,0.6544287221003521,0.5661767712048511,0.6629096693204327,0.6416292190551758,0.0,0.6416292190551758,0.6416292190551758,0.6416292190551758,0.6416292190551758,15657.0,0.0,15657.0,15657.0,15657.0,15657.0,15657.0,0.0,15657.0,15657.0,15657.0,15657.0
20,2,inceptiontime,inception_time,0,10,0,5.0,2.5,50.0,0.9,stage1,s1_052,main_effect_label_smoothing-0p05_lr0.001_wd0.005_do0.5_ls0.05_mw90_sqinone_aggmean_prob_mannone_lossweighted_ce_cwinverse_subject_count_ep10,main_effect,label_smoothing,0.05,0.001,0.005,0.5,0.05,none,mean_prob,none,weighted_ce,inverse_subject_count,static_only,0,5,0.5638888888888889,0.03328829261527324,0.5225626406576868,0.605215137120091,0.5046296296296297,0.5833333333333334,0.5494666580982371,0.02996435448473938,0.5122669625225045,0.5866663536739698,0.5075295075295075,0.5917948717948719,0.5638888888888889,0.03328829261527324,0.5225626406576868,0.605215137120091,0.5046296296296297,0.5833333333333334,0.5494666580982371,0.02996435448473938,0.5122669625225045,0.5866663536739698,0.5075295075295075,0.5917948717948719,0.39166666666666666,0.06972166887783965,0.3051096591192961,0.4782236742140372,0.3333333333333333,0.5,0.4660517961570593,0.05662516722546919,0.3957536362622681,0.5363499560518504,0.42105263157894735,0.56,10.0,0.0,10.0,10.0,10.0,10.0,488.8456804265734,0.23168030151258848,488.5580574547002,489.13330339844657,488.4602481198963,489.0362389681395,0.9924477408206787,0.00028307188443279623,0.992096317000342,0.9927991646410154,0.9921606981215177,0.9928261615412323,0.5174827830703983,0.012149166189445008,0.5024000191825091,0.5325655469582875,0.49911533662652774,0.5298670559182532,0.47496495775028025,0.01201399647160367,0.4600500023281905,0.48987991317237,0.46244038255345343,0.49304536149499,0.22374490001960184,0.0011855119907309137,0.2222731284458464,0.2252166715933573,0.2226791310402069,0.2253836379565896,1.4399659710023296,0.038650487647356756,1.3919827456314129,1.4879491963732463,1.3902108370496382,1.4783150556025177,1.2162210709827277,0.039664445364797234,1.1669790526538428,1.2654630893116126,1.1648271990930485,1.2549193234312122,0.6416292190551758,0.0,0.6416292190551758,0.6416292190551758,0.6416292190551758,0.6416292190551758,15657.0,0.0,15657.0,15657.0,15657.0,15657.0,15657.0,0.0,15657.0,15657.0,15657.0,15657.0
21,2,inceptiontime,inception_time,0,10,0,5.0,2.5,50.0,0.9,stage1,s1_078,focused_combo_combined_regularization-wd0p01_do0p6_ls0p3_mw0p9_lr0.001_wd0.01_do0.6_ls0.3_mw90_sqinone_aggmean_prob_mannone_lossweighted_ce_cwinverse_subject_count_ep10,focused_combo,combined_regularization,wd0.01_do0.6_ls0.3_mw0.9,0.001,0.01,0.6,0.3,none,mean_prob,none,weighted_ce,inverse_subject_count,static_only,0,5,0.562962962962963,0.06816726784928138,0.4783356897969696,0.6475902361289564,0.47222222222222215,0.6620370370370371,0.5449206514907148,0.07140890269650195,0.45626900231002343,0.6335723006714061,0.4597069597069597,0.6538136785814804,0.562962962962963,0.06816726784928138,0.4783356897969696,0.6475902361289564,0.47222222222222215,0.6620370370370371,0.5449206514907148,0.07140890269650195,0.45626900231002343,0.6335723006714061,0.4597069597069597,0.6538136785814804,0.37222222222222223,0.14245423783286762,0.19537028024047287,0.5490741642039716,0.25,0.5833333333333334,0.4300627133444471,0.11653546679382638,0.2853880169242698,0.5747374097646245,0.3076923076923077,0.5882352941176471,10.0,0.0,10.0,10.0,10.0,10.0,488.8690094090067,0.299430607272644,488.49727680778307,489.24074201023035,488.61450822884217,489.34812009404413,0.9899577812281427,0.00042552314661116865,0.9894295091599951,0.9904860532962904,0.9894299341751257,0.9904944149116742,0.5230903395732212,0.027544505288782134,0.4888948019370375,0.5572858772094048,0.49111083531872096,0.5638114157154704,0.4668674416549215,0.02773457808958866,0.43243593530027835,0.5012989480095646,0.42625273143723263,0.49938357959295326,0.6967745022721206,0.0005927750407679441,0.6960385928410434,0.6975104117031977,0.6960276127355083,0.6974954626207301,1.1477341357931934,0.013769808888112288,1.1306394008128462,1.1648288707735406,1.1347895553195557,1.1650175391699364,0.4509596335210729,0.013218032685221422,0.43454990935195237,0.4673693576901934,0.43876194258404744,0.4677686353411805,0.6416292190551758,0.0,0.6416292190551758,0.6416292190551758,0.6416292190551758,0.6416292190551758,15657.0,0.0,15657.0,15657.0,15657.0,15657.0,15657.0,0.0,15657.0,15657.0,15657.0,15657.0
22,2,inceptiontime,inception_time,0,15,0,5.0,2.5,50.0,0.9,stage1,s1_096,main_effect_label_smoothing-0p15_lr0.001_wd0.005_do0.5_ls0.15_mw90_sqinone_aggmean_prob_mannone_lossweighted_ce_cwinverse_subject_count_ep15,main_effect,label_smoothing,0.15,0.001,0.005,0.5,0.15,none,mean_prob,none,weighted_ce,inverse_subject_count,static_only,0,5,0.562037037037037,0.05284677101898522,0.49642962356621073,0.6276444505078633,0.5046296296296297,0.611111111111111,0.5561030921138608,0.04557680092390553,0.4995210916389787,0.6126850925887428,0.5049624060150376,0.5922136970730322,0.562037037037037,0.05284677101898522,0.49642962356621073,0.6276444505078633,0.5046296296296297,0.611111111111111,0.5561030921138608,0.04557680092390553,0.4995210916389787,0.6126850925887428,0.5049624060150376,0.5922136970730322,0.4333333333333334,0.06319062870042959,0.35488438319518445,0.5117822834714824,0.375,0.5,0.49013046450117387,0.05689523101280813,0.4194970298825386,0.5607638991198092,0.42857142857142855,0.5454545454545454,15.0,0.0,15.0,15.0,15.0,15.0,727.4008512045723,0.3374681125619649,726.9818963740847,727.8198060350599,726.8805400829297,727.7358669009991,0.9960351750358063,0.0004213780822541011,0.9955120489197365,0.996558301151876,0.9956352382676453,0.9967501115670402,0.5262013671011981,0.048874485086681144,0.4655254073513834,0.5868773268510129,0.45878733530416926,0.5837956053568434,0.46983380793460805,0.04858749742264956,0.409514133308219,0.5301534825609971,0.4129545062101968,0.5371156406909454,0.4422133372231752,0.0008795702514592691,0.44112138159274705,0.4433052928536033,0.4406960845673488,0.4429782014706203,1.2119860121664723,0.08131036879309975,1.1110420399612864,1.3129299843716582,1.1034083101198482,1.295053351330965,0.7697726749432972,0.08094562502911999,0.6692815193335799,0.8702638305530144,0.6608488684912611,0.8525859763039408,0.6416292190551758,0.0,0.6416292190551758,0.6416292190551758,0.6416292190551758,0.6416292190551758,15657.0,0.0,15657.0,15657.0,15657.0,15657.0,15657.0,0.0,15657.0,15657.0,15657.0,15657.0
23,2,inceptiontime,inception_time,0,9,0,5.0,2.5,50.0,0.9,stage1,s1_037,quality_combo_sqi_aggregation-top70_quality_quality_weighted_mean_lr0.001_wd0.005_do0.5_ls0.2_mw90_sqitop70_quality_aggquality_weighted_mean_mannone_lossweighted_ce_cwinverse_subject_count_ep9,quality_combo,sqi_aggregation,top70_quality_quality_weighted_mean,0.001,0.005,0.5,0.2,top70_quality,quality_weighted_mean,none,weighted_ce,inverse_subject_count,static_only,0,5,0.562037037037037,0.09468696168589369,0.4444864937239746,0.6795875803500994,0.4490740740740741,0.6898148148148149,0.5525338606642954,0.09411388580304152,0.4356947709683885,0.6693729503602024,0.4431818181818182,0.68743961352657,0.562037037037037,0.09468696168589369,0.4444864937239746,0.6795875803500994,0.4490740740740741,0.6898148148148149,0.5525338606642954,0.09411388580304152,0.4356947709683885,0.6693729503602024,0.4431818181818182,0.68743961352657,0.41666666666666663,0.1473139127471974,0.23378160865359537,0.5995517246797379,0.25,0.625,0.4631085098476403,0.13886965616660688,0.29070670033309176,0.6355103193621888,0.3076923076923077,0.6666666666666666,9.0,0.0,9.0,9.0,9.0,9.0,322.78776311054827,0.13702786499096478,322.61764782020714,322.9578784008894,322.646797997877,322.924240126973,0.9920909926439885,0.0004039434651353437,0.9915895109938333,0.9925924742941437,0.9915384112752783,0.9925663916391123,0.5070175974255691,0.05491834938702232,0.43883839203806724,0.5751968028130708,0.43108400227396027,0.5768795860343178,0.4850733952184195,0.05471922995025205,0.41714138963076114,0.5530054008060779,0.41568680560479454,0.5611187289452854,0.5455131565249252,0.0010647441072050038,0.5441913140445789,0.5468349990052714,0.5441618095863765,0.546980909003526,1.2111114326355539,0.08781119801763432,1.1020969088599788,1.320125956411129,1.1043835832018214,1.3218237299945197,0.6655982761106285,0.08706312833907108,0.5575124546144955,0.7736840976067615,0.5602217736154449,0.7748428209909937,0.6416292190551758,0.0,0.6416292190551758,0.6416292190551758,0.6416292190551758,0.6416292190551758,11020.0,0.0,11020.0,11020.0,11020.0,11020.0,10964.0,0.0,10964.0,10964.0,10964.0,10964.0
24,2,inceptiontime,inception_time,0,15,0,5.0,2.5,50.0,0.9,stage1,s1_101,main_effect_sqi_mode-top70_quality_lr0.001_wd0.005_do0.5_ls0.2_mw90_sqitop70_quality_aggmean_prob_mannone_lossweighted_ce_cwinverse_subject_count_ep15,main_effect,sqi_mode,top70_quality,0.001,0.005,0.5,0.2,top70_quality,mean_prob,none,weighted_ce,inverse_subject_count,static_only,0,5,0.5601851851851851,0.07529377762634532,0.4667105999785043,0.653659770391866,0.47685185185185186,0.6481481481481481,0.5505676375343894,0.0705626114973663,0.4629666292073931,0.6381686458613857,0.47420634920634913,0.6517948717948717,0.5601851851851851,0.07529377762634532,0.4667105999785043,0.653659770391866,0.47685185185185186,0.6481481481481481,0.5505676375343894,0.0705626114973663,0.4629666292073931,0.6381686458613857,0.47420634920634913,0.6517948717948717,0.4083333333333334,0.06180165405913053,0.3316087465164451,0.48505792015022164,0.3333333333333333,0.5,0.4743891871129723,0.08852159939737703,0.364492724930332,0.5842856492956126,0.375,0.6153846153846154,15.0,0.0,15.0,15.0,15.0,15.0,530.7805798785761,0.25292628557754265,530.4665807623469,531.0945789948053,530.3892810500693,531.058266676031,0.9960177157943597,0.00041044800344444015,0.9955081589879358,0.9965272726007837,0.9954280676005414,0.9963732112498931,0.5204771609240351,0.04126798000692935,0.46924441055509125,0.5717099112929789,0.46477930278110485,0.5733439863676285,0.4755405548703247,0.041337705166384145,0.42422124316040455,0.5268598665802449,0.42283434048264645,0.5315939084687882,0.5341761374452731,0.001089778361751915,0.5328232158155801,0.5355290590749662,0.5331435332237774,0.5354297976072633,1.1654939275331129,0.08189996761607307,1.0638179890598871,1.2671698660063386,1.0677901368306864,1.2385853025986941,0.6313177900878395,0.08185350064588444,0.5296995387290225,0.7329360414466565,0.534646603606909,0.7033030659518082,0.6416292190551758,0.0,0.6416292190551758,0.6416292190551758,0.6416292190551758,0.6416292190551758,11020.0,0.0,11020.0,11020.0,11020.0,11020.0,10964.0,0.0,10964.0,10964.0,10964.0,10964.0
25,2,inceptiontime,inception_time,0,10,0,5.0,2.5,50.0,0.9,stage1,s1_070,focused_combo_combined_regularization-wd0p005_do0p6_ls0p3_mw0p9_lr0.001_wd0.005_do0.6_ls0.3_mw90_sqinone_aggmean_prob_mannone_lossweighted_ce_cwinverse_subject_count_ep10,focused_combo,combined_regularization,wd0.005_do0.6_ls0.3_mw0.9,0.001,0.005,0.6,0.3,none,mean_prob,none,weighted_ce,inverse_subject_count,static_only,0,5,0.5592592592592592,0.04947425928663904,0.4978387008676158,0.6206798176509027,0.4953703703703704,0.625,0.5421113288530168,0.06506552671898752,0.4613347585566756,0.622887899149358,0.4706349206349207,0.6311111111111111,0.5592592592592592,0.04947425928663904,0.4978387008676158,0.6206798176509027,0.4953703703703704,0.625,0.5421113288530168,0.06506552671898752,0.4613347585566756,0.622887899149358,0.4706349206349207,0.6311111111111111,0.4111111111111111,0.14881216928865418,0.2263660201290357,0.5958562020931865,0.25,0.5833333333333334,0.45533333333333337,0.10993937723430433,0.31884745084971045,0.5918192158169563,0.3333333333333333,0.5833333333333334,10.0,0.0,10.0,10.0,10.0,10.0,488.5426049666479,0.31274148537897756,488.1543473769199,488.9308625563759,488.08081564097665,488.95633504516445,0.9900279800387762,0.00039242997464256915,0.9895407919834176,0.9905151680941349,0.9895951571080654,0.99057932163059,0.5184258075483056,0.01480367892240032,0.5000475591667278,0.5368040559298833,0.5079006649194218,0.5439013230707498,0.47160217249047054,0.014756758346176206,0.45328217435929163,0.48992217062164944,0.4463604834816973,0.4826786567111683,0.6966952702776028,0.0004334293076262142,0.6961571829877362,0.6972333575674694,0.6961181423813623,0.6971429050570946,1.156336508338145,0.026313694433515254,1.1236689792279102,1.1890040374483797,1.1237692553225087,1.1793763904519938,0.459641238060542,0.026026803054804582,0.4273298745388826,0.49195260158220144,0.42708339677519946,0.48228898021200706,0.6416292190551758,0.0,0.6416292190551758,0.6416292190551758,0.6416292190551758,0.6416292190551758,15657.0,0.0,15657.0,15657.0,15657.0,15657.0,15657.0,0.0,15657.0,15657.0,15657.0,15657.0
26,2,inceptiontime,inception_time,0,9,0,5.0,2.5,50.0,0.9,stage1,s1_019,main_effect_aggregation-quality_weighted_mean_lr0.001_wd0.005_do0.5_ls0.2_mw90_sqinone_aggquality_weighted_mean_mannone_lossweighted_ce_cwinverse_subject_count_ep9,main_effect,aggregation,quality_weighted_mean,0.001,0.005,0.5,0.2,none,quality_weighted_mean,none,weighted_ce,inverse_subject_count,static_only,0,5,0.5583333333333333,0.06745610267982959,0.47458894679255137,0.6420777198741153,0.4583333333333333,0.6342592592592592,0.5512995132176718,0.07206013707617646,0.46183937938617037,0.6407596470491732,0.4414565826330532,0.6248196248196248,0.5583333333333333,0.06745610267982959,0.47458894679255137,0.6420777198741153,0.4583333333333333,0.6342592592592592,0.5512995132176718,0.07206013707617646,0.46183937938617037,0.6407596470491732,0.4414565826330532,0.6248196248196248,0.4611111111111111,0.08695819912499184,0.3531555555555555,0.5690666666666666,0.3333333333333333,0.5555555555555556,0.5067354214413038,0.10076471337659781,0.3816395624834731,0.6318312803991345,0.35294117647058826,0.5833333333333334,9.0,0.0,9.0,9.0,9.0,9.0,447.1806715183426,0.3692356520242544,446.72227840134735,447.63906463533783,446.64575248002075,447.65651815384626,0.9915717549108637,0.0003291862333222671,0.9911630817430988,0.9919804280786286,0.9910750197419814,0.9918594250816305,0.5026805857838126,0.042100107712353715,0.45041477804205987,0.5549463935255653,0.4306879683092397,0.5345836597658284,0.4888911691270512,0.04218114939554202,0.43652475097685184,0.5412575872772506,0.45681500607909675,0.5610527994024359,0.5435397183075926,0.0005370909053088862,0.5428729387784638,0.5442064978367215,0.5429046948746261,0.5443008717322438,1.208750351146173,0.06974819767711456,1.122160409024573,1.2953402932677731,1.1179203966607147,1.2661333853704035,0.6652106328385805,0.06987096146819789,0.578468283774313,0.751952981902848,0.5736195249284709,0.7223092146943813,0.6416292190551758,0.0,0.6416292190551758,0.6416292190551758,0.6416292190551758,0.6416292190551758,15657.0,0.0,15657.0,15657.0,15657.0,15657.0,15657.0,0.0,15657.0,15657.0,15657.0,15657.0
27,2,inceptiontime,inception_time,0,9,0,5.0,2.5,50.0,0.9,stage1,s1_022,main_effect_loss_type-balanced_softmax_lr0.001_wd0.005_do0.5_ls0.2_mw90_sqinone_aggmean_prob_mannone_lossbalanced_softmax_cwinverse_subject_count_ep9,main_effect,loss_type,balanced_softmax,0.001,0.005,0.5,0.2,none,mean_prob,none,balanced_softmax,inverse_subject_count,static_only,0,5,0.5583333333333333,0.06568529221346836,0.4767873459038858,0.639879320762781,0.46296296296296297,0.625,0.5430028383495876,0.075489959793808,0.4492846998599313,0.6367209768392439,0.4545454545454546,0.6271929824561403,0.5583333333333333,0.06568529221346836,0.4767873459038858,0.639879320762781,0.46296296296296297,0.625,0.5430028383495876,0.075489959793808,0.4492846998599313,0.6367209768392439,0.4545454545454546,0.6271929824561403,0.41111111111111115,0.14881216928865418,0.22636602012903576,0.5958562020931866,0.25,0.5833333333333334,0.4510932857991682,0.10987819350090622,0.31468336077552506,0.5875032108228113,0.35294117647058826,0.5833333333333334,9.0,0.0,9.0,9.0,9.0,9.0,437.6228531153873,0.07544606255156723,437.52918947378487,437.7165167569897,437.55819765105844,437.7492342258338,0.9916092802045859,0.0003901598102827555,0.9911249104786906,0.9920936499304813,0.991003251315673,0.9919956946779258,0.5219317875276166,0.05268115659439136,0.45652997855866534,0.5873335964965678,0.4516624723893671,0.5716939418762363,0.46967749267696934,0.052872670611440985,0.40403792577012027,0.5353170595838185,0.4193093094394367,0.5399603899956753,0.5316869822071633,0.0007859731178020074,0.5307112241367589,0.5326627402775677,0.5308037004083369,0.5327110060519158,1.1624534197887961,0.07195655956295775,1.073121873808643,1.2517849657689493,1.0616468604484435,1.227734772803323,0.6307664375816329,0.07218512959402426,0.5411511299213226,0.7203817452419431,0.5289358543965277,0.6964297815190661,0.6416292190551758,0.0,0.6416292190551758,0.6416292190551758,0.6416292190551758,0.6416292190551758,15657.0,0.0,15657.0,15657.0,15657.0,15657.0,15657.0,0.0,15657.0,15657.0,15657.0,15657.0
28,2,inceptiontime,inception_time,0,15,0,5.0,2.5,50.0,0.5,stage1,s1_100,main_effect_max_windows_fraction-0p5_lr0.001_wd0.005_do0.5_ls0.2_mw50_sqinone_aggmean_prob_mannone_lossweighted_ce_cwinverse_subject_count_ep15,main_effect,max_windows_fraction,0.5,0.001,0.005,0.5,0.2,none,mean_prob,none,weighted_ce,inverse_subject_count,static_only,0,5,0.5583333333333333,0.03473765089315572,0.5152077576130356,0.6014589090536311,0.5092592592592592,0.6064814814814815,0.5348670330531953,0.04572733041346681,0.47809815549442,0.5916359106119705,0.4742471151139882,0.5917874396135265,0.5583333333333333,0.03473765089315572,0.5152077576130356,0.6014589090536311,0.5092592592592592,0.6064814814814815,0.5348670330531953,0.04572733041346681,0.47809815549442,0.5916359106119705,0.4742471151139882,0.5917874396135265,0.3666666666666667,0.11180339887498948,0.22786666666666672,0.5054666666666667,0.25,0.5,0.42786377708978324,0.08718757682110831,0.319623457166227,0.5361040970133395,0.3157894736842105,0.5,15.0,0.0,15.0,15.0,15.0,15.0,405.83273619138635,0.3098921989603209,405.44801589085426,406.2174564919184,405.4077543579042,406.1777471047826,0.9918939019455305,0.00013808694391564396,0.9917224718458345,0.9920653320452265,0.9917491366415107,0.9920296224733027,0.5072765798271606,0.014323116118085533,0.4894949333191401,0.525058226335181,0.49448034856792555,0.5256807383125937,0.48461732211836994,0.014361699210194093,0.4667877760541772,0.5024468681825627,0.46606985394279143,0.4975492739053772,0.5445123154950987,0.0008377066917990839,0.5434723320062986,0.5455522989838988,0.5431634071914333,0.5454022661972036,1.2015413451024706,0.032464759941493546,1.1612374838136228,1.2418452063913183,1.1643997534753558,1.245539294780712,0.657029029607372,0.03198529876932986,0.6173204025543878,0.6967376566603561,0.6195588012458096,0.7001370285835085,0.6436895728111267,0.0,0.6436895728111267,0.6436895728111267,0.6436895728111267,0.6436895728111267,8701.0,0.0,8701.0,8701.0,8701.0,8701.0,8701.0,0.0,8701.0,8701.0,8701.0,8701.0
29,2,inceptiontime,inception_time,0,10,0,5.0,2.5,50.0,0.9,stage1,s1_043,main_effect_baseline-wd0p005_do0p5_ls0p2_lr0.001_wd0.005_do0.5_ls0.2_mw90_sqinone_aggmean_prob_mannone_lossweighted_ce_cwinverse_subject_count_ep10,main_effect,baseline,wd0p005_do0p5_ls0p2,0.001,0.005,0.5,0.2,none,mean_prob,none,weighted_ce,inverse_subject_count,static_only,0,5,0.5574074074074074,0.05943261679956006,0.48362389729245414,0.6311909175223606,0.4583333333333333,0.6064814814814815,0.5469441359389761,0.06804972043210787,0.46246279377032135,0.6314254781076307,0.4334455667789001,0.6047619047619048,0.5574074074074074,0.05943261679956006,0.48362389729245414,0.6311909175223606,0.4583333333333333,0.6064814814814815,0.5469441359389761,0.06804972043210787,0.46246279377032135,0.6314254781076307,0.4334455667789001,0.6047619047619048,0.38333333333333336,0.1542229626943479,0.19187093203451147,0.5747957346321553,0.125,0.5,0.4273410799726589,0.14198383509729168,0.2510731264953283,0.6036090334499895,0.18181818181818182,0.5263157894736842,10.0,0.0,10.0,10.0,10.0,10.0,488.60535493469797,0.4668273665461381,488.0258051255812,489.18490474381474,488.0017340800259,489.04662059480324,0.9924808156692047,0.00022507519907155016,0.9922013927004445,0.9927602386379648,0.9922508806279561,0.9927602750142196,0.5142734475239505,0.021889345429944328,0.4870985925888746,0.5414483024590265,0.49694497303037427,0.5456542618542765,0.4782073681452542,0.021875050081125037,0.4510502603845583,0.5053644759059501,0.44666143251412593,0.4954563069547904,0.5416978717647095,0.0005950721753406838,0.5409591105215953,0.5424366330078237,0.5410435605427159,0.5425595415721914,1.1935361703366616,0.02314834205107829,1.1647983152354746,1.2222740254378486,1.1733282326785237,1.2332737036506676,0.6518382985719523,0.02260084268886059,0.6237801447342375,0.6798964524096671,0.6322846721358079,0.6907141620784761,0.6416292190551758,0.0,0.6416292190551758,0.6416292190551758,0.6416292190551758,0.6416292190551758,15657.0,0.0,15657.0,15657.0,15657.0,15657.0,15657.0,0.0,15657.0,15657.0,15657.0,15657.0
30,2,inceptiontime,inception_time,0,10,0,5.0,2.5,50.0,0.9,stage1,s1_072,focused_combo_combined_regularization-wd0p01_do0p4_ls0p2_mw0p9_lr0.001_wd0.01_do0.4_ls0.2_mw90_sqinone_aggmean_prob_mannone_lossweighted_ce_cwinverse_subject_count_ep10,focused_combo,combined_regularization,wd0.01_do0.4_ls0.2_mw0.9,0.001,0.01,0.4,0.2,none,mean_prob,none,weighted_ce,inverse_subject_count,static_only,0,5,0.5564814814814815,0.0408090756871093,0.5058184447369172,0.6071445182260458,0.4861111111111111,0.5833333333333334,0.541115751480538,0.03975934284453247,0.4917559212575624,0.5904755817035137,0.47391304347826085,0.5803751803751803,0.5564814814814815,0.0408090756871093,0.5058184447369172,0.6071445182260458,0.4861111111111111,0.5833333333333334,0.541115751480538,0.03975934284453247,0.4917559212575624,0.5904755817035137,0.47391304347826085,0.5803751803751803,0.4083333333333333,0.08539125638299666,0.30232308225668825,0.5143435844099784,0.3333333333333333,0.5,0.45087719298245615,0.06180321036424047,0.37415067406733626,0.527603711897576,0.4,0.5333333333333333,10.0,0.0,10.0,10.0,10.0,10.0,488.77354103485123,0.2895126699422588,488.41412120511137,489.1329608645911,488.44361131009646,489.23401660309173,0.993551757215943,0.00033425929298520863,0.9931367860224624,0.9939667284094237,0.993307115457721,0.9941378005012786,0.5228916233306053,0.02468641972995987,0.49224429871438624,0.5535389479468245,0.4869255908671737,0.5525577092393481,0.4706601338853377,0.024930286514352532,0.4397100572059944,0.501610210564681,0.44093171511076523,0.507212209634105,0.5370853355690333,0.0009650415780640499,0.5358872702831553,0.5382834008549112,0.53584681431961,0.538552180199307,1.189887315547168,0.025897359566492723,1.1577366515781025,1.2220379795162337,1.1549509641281817,1.2127502759524573,0.6528019799781346,0.025292857902458787,0.6214017836318085,0.6842021763244607,0.6180616887764281,0.6742747194552594,0.6416292190551758,0.0,0.6416292190551758,0.6416292190551758,0.6416292190551758,0.6416292190551758,15657.0,0.0,15657.0,15657.0,15657.0,15657.0,15657.0,0.0,15657.0,15657.0,15657.0,15657.0
31,2,inceptiontime,inception_time,0,10,0,5.0,2.5,50.0,0.9,stage1,s1_053,main_effect_label_smoothing-0p1_lr0.001_wd0.005_do0.5_ls0.1_mw90_sqinone_aggmean_prob_mannone_lossweighted_ce_cwinverse_subject_count_ep10,main_effect,label_smoothing,0.1,0.001,0.005,0.5,0.1,none,mean_prob,none,weighted_ce,inverse_subject_count,static_only,0,5,0.5564814814814815,0.026474034176844047,0.5236148962012377,0.5893480667617252,0.5370370370370371,0.5972222222222222,0.5406190687910972,0.03362985922112253,0.4988687775936799,0.5823693599885145,0.5093348344122338,0.5884229289802044,0.5564814814814815,0.026474034176844047,0.5236148962012377,0.5893480667617252,0.5370370370370371,0.5972222222222222,0.5406190687910972,0.03362985922112253,0.4988687775936799,0.5823693599885145,0.5093348344122338,0.5884229289802044,0.39166666666666666,0.06972166887783965,0.3051096591192961,0.4782236742140372,0.3333333333333333,0.5,0.4541353383458647,0.05287203948984397,0.3884965549543519,0.5197741217373775,0.42105263157894735,0.5454545454545454,10.0,0.0,10.0,10.0,10.0,10.0,489.0410434943624,0.23683502678613208,488.74702111178107,489.3350658769437,488.78507524495944,489.30638462794013,0.9927720074799936,0.00039376063487329976,0.99228316745661,0.9932608475033772,0.992170635684268,0.9931027536426109,0.5215911725629047,0.02657790742003139,0.48859563229292463,0.5545867128328847,0.4913048885103447,0.5576610973628093,0.4711808349170889,0.02661542205142193,0.4381387215474589,0.5042229482867189,0.4349128441178378,0.5017978651322662,0.34883075273959985,0.0006282360460234098,0.34805081971372154,0.34961068576547816,0.3479960970823671,0.3496104351613234,1.280463087204387,0.02470082640279256,1.249797877208928,1.311128297199846,1.246325908695909,1.3046399091524568,0.931632334464787,0.024999991138451316,0.9005957219383919,0.9626689469911821,0.8974209129359851,0.9561851720394924,0.6416292190551758,0.0,0.6416292190551758,0.6416292190551758,0.6416292190551758,0.6416292190551758,15657.0,0.0,15657.0,15657.0,15657.0,15657.0,15657.0,0.0,15657.0,15657.0,15657.0,15657.0
32,2,inceptiontime,inception_time,0,9,0,5.0,2.5,50.0,0.9,stage1,s1_024,main_effect_class_weight_mode-effective_number_lr0.001_wd0.005_do0.5_ls0.2_mw90_sqinone_aggmean_prob_mannone_lossweighted_ce_cweffective_number_ep9,main_effect,class_weight_mode,effective_number,0.001,0.005,0.5,0.2,none,mean_prob,none,weighted_ce,effective_number,static_only,0,5,0.5555555555555556,0.06571791466008513,0.4739690685023401,0.637142042608771,0.46296296296296297,0.611111111111111,0.5478400924840554,0.07557358897708653,0.4540181312953053,0.6416620536728055,0.45772005772005775,0.6182001005530418,0.5555555555555556,0.06571791466008513,0.4739690685023401,0.637142042608771,0.46296296296296297,0.611111111111111,0.5478400924840554,0.07557358897708653,0.4540181312953053,0.6416620536728055,0.45772005772005775,0.6182001005530418,0.41666666666666663,0.11785113019775792,0.2703586202562096,0.5629747130771237,0.25,0.5,0.46073365231259966,0.11187344584438365,0.321846691455866,0.5996206131693333,0.3157894736842105,0.5454545454545454,9.0,0.0,9.0,9.0,9.0,9.0,476.50021682800724,11.128071953271881,462.6851056358943,490.3153280201202,459.9989658680279,486.65612251195125,0.9916065322536133,0.0004404584113962708,0.9910597185778487,0.9921533459293779,0.9910642466068464,0.9921952998567576,0.5048937443392831,0.03896177988438055,0.4565240605696623,0.5532634281089039,0.4403160547720287,0.5422587232387379,0.48671278791433015,0.039068675686791635,0.43821039675366436,0.5352151790749959,0.4488055233681085,0.5514367711677208,0.5435542707139873,0.0006068260345121611,0.5428009174667889,0.5443076239611857,0.5427080834312301,0.5443173602860636,1.2106920784063884,0.07238027625349493,1.120834503009971,1.3005496538028058,1.107054479569229,1.2705028310924888,0.6671378076924009,0.07248419922735595,0.5771512155673594,0.7571243998174425,0.5627371192831654,0.7265821044665984,0.6416292190551758,0.0,0.6416292190551758,0.6416292190551758,0.6416292190551758,0.6416292190551758,15657.0,0.0,15657.0,15657.0,15657.0,15657.0,15657.0,0.0,15657.0,15657.0,15657.0,15657.0
33,2,inceptiontime,inception_time,0,10,0,5.0,2.5,50.0,0.9,stage1,s1_064,main_effect_loss_type-balanced_softmax_lr0.001_wd0.005_do0.5_ls0.2_mw90_sqinone_aggmean_prob_mannone_lossbalanced_softmax_cwinverse_subject_count_ep10,main_effect,loss_type,balanced_softmax,0.001,0.005,0.5,0.2,none,mean_prob,none,balanced_softmax,inverse_subject_count,static_only,0,5,0.5555555555555556,0.032407407407407406,0.5153228954270593,0.5957882156840518,0.5185185185185185,0.5879629629629629,0.5444877872559929,0.030899856862007923,0.5061266982765582,0.5828488762354276,0.5044858523119393,0.5836382399849892,0.5555555555555556,0.032407407407407406,0.5153228954270593,0.5957882156840518,0.5185185185185185,0.5879629629629629,0.5444877872559929,0.030899856862007923,0.5061266982765582,0.5828488762354276,0.5044858523119393,0.5836382399849892,0.43611111111111106,0.09086348463220072,0.32330728051333896,0.5489149417088832,0.3333333333333333,0.5555555555555556,0.46609706083390295,0.045679092193634294,0.4093880693338712,0.5228060523339347,0.42105263157894735,0.5263157894736842,10.0,0.0,10.0,10.0,10.0,10.0,478.1003671193961,0.4924855838971952,477.48896353298665,478.7117707058055,477.6030653929338,478.7282792830374,0.9923394138008715,0.0003510515701018389,0.9919035955840693,0.9927752320176738,0.9921057658538388,0.9929551096044869,0.5174193783390464,0.027223988371964988,0.4836217512181232,0.5512170054599695,0.48472434008315846,0.5456173871081387,0.4749200354618253,0.027456127608040903,0.4408342156178583,0.5090058553057923,0.44648837874570013,0.5082307695213284,0.5299248232974373,0.0009060479675819165,0.5287999965107223,0.5310496500841523,0.5284446775554821,0.5307666175024548,1.1796826493306072,0.022138501190750018,1.152198476253616,1.2071668224075984,1.1560850891489256,1.203979873982402,0.6497578260331698,0.02198782185888597,0.6224607160640373,0.6770549360023023,0.6262566333700932,0.6732132564799471,0.6416292190551758,0.0,0.6416292190551758,0.6416292190551758,0.6416292190551758,0.6416292190551758,15657.0,0.0,15657.0,15657.0,15657.0,15657.0,15657.0,0.0,15657.0,15657.0,15657.0,15657.0
34,2,inceptiontime,inception_time,0,10,0,5.0,2.5,50.0,0.9,stage1,s1_048,main_effect_dropout-0p3_lr0.001_wd0.005_do0.3_ls0.2_mw90_sqinone_aggmean_prob_mannone_lossweighted_ce_cwinverse_subject_count_ep10,main_effect,dropout,0.3,0.001,0.005,0.3,0.2,none,mean_prob,none,weighted_ce,inverse_subject_count,static_only,0,5,0.5546296296296297,0.0744636745017447,0.4621855883496446,0.6470736709096148,0.4444444444444444,0.6342592592592592,0.5459739854378433,0.07546446640012275,0.45228749610267704,0.6396604747730095,0.4293098206141684,0.6198879551820728,0.5546296296296297,0.0744636745017447,0.4621855883496446,0.6470736709096148,0.4444444444444444,0.6342592592592592,0.5459739854378433,0.07546446640012275,0.45228749610267704,0.6396604747730095,0.4293098206141684,0.6198879551820728,0.39166666666666666,0.10865337342004415,0.2567773128325787,0.5265560205007547,0.25,0.5,0.4560347021399653,0.09880819707650541,0.33336778957540536,0.5787016147045252,0.3076923076923077,0.5714285714285714,10.0,0.0,10.0,10.0,10.0,10.0,489.1985784211662,0.6836466218435263,488.34985510804063,490.04730173429175,488.3414424669463,490.18210419197567,0.9947203425221998,0.00034968270907258627,0.9942862236983745,0.995154461346025,0.9943439287515161,0.9952041142253009,0.5116874050334108,0.03208301070770783,0.4718574720346027,0.5515173380322189,0.46039380198446933,0.5460216821960301,0.48303293748878906,0.03226583401735612,0.4429760357606353,0.5230898392169429,0.4485163220598498,0.5345606665763014,0.5329712480314684,0.0005823737796723586,0.5322482514013848,0.5336942446615521,0.5320625336193732,0.5334572589006624,1.2007307421252462,0.013675551479243991,1.1837530244134487,1.2177084598370438,1.184957782720335,1.2171076090384187,0.6677594940937779,0.01376611710116276,0.6506693423374986,0.6848496458500571,0.6515759163380135,0.6838793323821473,0.6416292190551758,0.0,0.6416292190551758,0.6416292190551758,0.6416292190551758,0.6416292190551758,15657.0,0.0,15657.0,15657.0,15657.0,15657.0,15657.0,0.0,15657.0,15657.0,15657.0,15657.0
35,2,inceptiontime,inception_time,0,10,0,5.0,2.5,50.0,0.9,stage1,s1_045,main_effect_weight_decay-0p002_lr0.001_wd0.002_do0.5_ls0.2_mw90_sqinone_aggmean_prob_mannone_lossweighted_ce_cwinverse_subject_count_ep10,main_effect,weight_decay,0.002,0.001,0.002,0.5,0.2,none,mean_prob,none,weighted_ce,inverse_subject_count,static_only,0,5,0.5537037037037037,0.08330760919833756,0.45028022755645103,0.6571271798509564,0.4212962962962963,0.625,0.549417676024173,0.09214241861771194,0.43502609372139733,0.6638092583269487,0.40383365821962314,0.6352882205513785,0.5537037037037037,0.08330760919833756,0.45028022755645103,0.6571271798509564,0.4212962962962963,0.625,0.549417676024173,0.09214241861771194,0.43502609372139733,0.6638092583269487,0.40383365821962314,0.6352882205513785,0.4333333333333334,0.19229967932023878,0.19460002327096837,0.6720666433956984,0.125,0.5833333333333334,0.4527867494824017,0.17355290375470708,0.23732690404346218,0.6682465949213412,0.16666666666666666,0.6086956521739131,10.0,0.0,10.0,10.0,10.0,10.0,488.46543460860846,0.2938926509168608,488.10057718604594,488.830292031171,488.0131793760229,488.81525239814073,0.9926142088468612,0.00032963104913870427,0.992204983455855,0.9930234342378675,0.9923324455377196,0.9930837211325347,0.5136135444027075,0.024934600837512182,0.48265811164241684,0.5445689771629981,0.48310272445278357,0.5439748740224873,0.47900066444415385,0.024809016543008915,0.4482011401826428,0.5098001887056649,0.44847481701367453,0.509229721084936,0.5415180785292051,0.0006867721588633283,0.5406654749714472,0.5423706820869629,0.5406963529116339,0.5425286695310397,1.191866905938118,0.04130239892950913,1.1405914256834806,1.2431423861927553,1.1487979976389622,1.2605783071278365,0.6503488274089131,0.04065880584357061,0.5998723454068079,0.7008253094110183,0.6081016447273283,0.7180496375967967,0.6416292190551758,0.0,0.6416292190551758,0.6416292190551758,0.6416292190551758,0.6416292190551758,15657.0,0.0,15657.0,15657.0,15657.0,15657.0,15657.0,0.0,15657.0,15657.0,15657.0,15657.0
36,2,inceptiontime,inception_time,0,10,0,5.0,2.5,50.0,0.9,stage1,s1_049,main_effect_dropout-0p4_lr0.001_wd0.005_do0.4_ls0.2_mw90_sqinone_aggmean_prob_mannone_lossweighted_ce_cwinverse_subject_count_ep10,main_effect,dropout,0.4,0.001,0.005,0.4,0.2,none,mean_prob,none,weighted_ce,inverse_subject_count,static_only,0,5,0.5537037037037037,0.04017387620354936,0.5038292448485889,0.6035781625588185,0.5092592592592592,0.6064814814814815,0.5399106321954619,0.04640933615705991,0.48229506841638153,0.5975261959745422,0.4742471151139882,0.5881419234360411,0.5537037037037037,0.04017387620354936,0.5038292448485889,0.6035781625588185,0.5092592592592592,0.6064814814814815,0.5399106321954619,0.04640933615705991,0.48229506841638153,0.5975261959745422,0.4742471151139882,0.5881419234360411,0.3916666666666667,0.09128709291752769,0.27833694123389835,0.5049963920994351,0.25,0.5,0.4393483709273183,0.07378388225772689,0.34774826788551844,0.5309484739691183,0.3157894736842105,0.5,10.0,0.0,10.0,10.0,10.0,10.0,488.8554368509911,0.43322505379519877,488.31760313509477,489.39327056688745,488.23400875693187,489.27217603707686,0.9935580079581504,0.00020344538415053347,0.9933054376462973,0.9938105782700035,0.9934022518579863,0.9938860112591945,0.527025474850369,0.02495427646968738,0.4960456154825387,0.5580053342181993,0.49056812449958764,0.5536971931213434,0.46653253310778153,0.025066216722899562,0.4354137038400896,0.49765136237547347,0.4399233640476369,0.5033178867596069,0.5369819848452624,0.0007886849766680574,0.5360028600971505,0.5379611095933743,0.5359305030864424,0.5381494645249123,1.1760638342530054,0.018540958704291018,1.1530458840470992,1.1990817844589117,1.1459738934096682,1.1896702035015392,0.6390818494077429,0.018200578095116507,0.6164864697947597,0.6616772290207261,0.6091282642925788,0.6519446473311661,0.6416292190551758,0.0,0.6416292190551758,0.6416292190551758,0.6416292190551758,0.6416292190551758,15657.0,0.0,15657.0,15657.0,15657.0,15657.0,15657.0,0.0,15657.0,15657.0,15657.0,15657.0
37,2,inceptiontime,inception_time,0,10,0,5.0,2.5,50.0,0.9,stage1,s1_066,main_effect_class_weight_mode-effective_number_lr0.001_wd0.005_do0.5_ls0.2_mw90_sqinone_aggmean_prob_mannone_lossweighted_ce_cweffective_number_ep10,main_effect,class_weight_mode,effective_number,0.001,0.005,0.5,0.2,none,mean_prob,none,weighted_ce,effective_number,static_only,0,5,0.5527777777777778,0.07184135089359564,0.4635892593215494,0.6419662962340063,0.4583333333333333,0.625,0.5453800852084606,0.08329977018783018,0.4419663409179258,0.6487938294989954,0.43504273504273505,0.6352882205513785,0.5527777777777778,0.07184135089359564,0.4635892593215494,0.6419662962340063,0.4583333333333333,0.625,0.5453800852084606,0.08329977018783018,0.4419663409179258,0.6487938294989954,0.43504273504273505,0.6352882205513785,0.4083333333333334,0.18957188610128878,0.17298648291888657,0.6436801837477801,0.125,0.5833333333333334,0.4367619047619048,0.16949919564488514,0.22633459582279392,0.6471892137010157,0.16666666666666666,0.6,10.0,0.0,10.0,10.0,10.0,10.0,489.04336052946746,1.0504934711800482,487.7392097141347,490.34751134480024,488.48076207516715,490.9163034481462,0.9924201591918884,0.00033242599366939684,0.9920074639752349,0.992832854408542,0.9921321231420117,0.992940780147544,0.5114813729605135,0.01797314835545119,0.4891683393958901,0.533794406525137,0.48960466686152,0.5291530864678535,0.4809387862313751,0.01781693050075512,0.4588196916565319,0.5030578808062183,0.4633683297972251,0.5025435975554897,0.5416216372320145,0.0007501382986796055,0.5406903668332215,0.5425529076308075,0.5407738881406056,0.5426964552753899,1.198355889853621,0.025505694242984368,1.1666914646523387,1.2300203150549034,1.1610978794500888,1.2248392243568886,0.6567342526216067,0.02481054620180093,0.6259328293423335,0.6875356759008798,0.6203239913094832,0.6821427690814987,0.6416292190551758,0.0,0.6416292190551758,0.6416292190551758,0.6416292190551758,0.6416292190551758,15657.0,0.0,15657.0,15657.0,15657.0,15657.0,15657.0,0.0,15657.0,15657.0,15657.0,15657.0
38,2,inceptiontime,inception_time,0,15,0,5.0,2.5,50.0,0.9,stage1,s1_086,main_effect_weight_decay-0p001_lr0.001_wd0.001_do0.5_ls0.2_mw90_sqinone_aggmean_prob_mannone_lossweighted_ce_cwinverse_subject_count_ep15,main_effect,weight_decay,0.001,0.001,0.001,0.5,0.2,none,mean_prob,none,weighted_ce,inverse_subject_count,static_only,0,5,0.5527777777777778,0.0849634796070701,0.44729859657106574,0.6582569589844899,0.4444444444444444,0.6759259259259259,0.5416167334557428,0.08280015326240087,0.4388232460621126,0.6444102208493729,0.42857142857142855,0.6579416455577447,0.5527777777777778,0.0849634796070701,0.44729859657106574,0.6582569589844899,0.4444444444444444,0.6759259259259259,0.5416167334557428,0.08280015326240087,0.4388232460621126,0.6444102208493729,0.42857142857142855,0.6579416455577447,0.4083333333333334,0.10374916331657277,0.2795323844065322,0.5371342822601346,0.25,0.5,0.46917293233082713,0.12607724521939734,0.31265245251948387,0.6256934121421704,0.2857142857142857,0.631578947368421,15.0,0.0,15.0,15.0,15.0,15.0,727.6998488740064,0.12929254158962503,727.5393367164762,727.8603610315366,727.5915605709888,727.9149350058287,0.9958263834768404,0.0005531119618982584,0.9951397143676363,0.9965130525860445,0.9951104942881747,0.9965565414764732,0.5239609444386037,0.040736882048687556,0.4733875335651111,0.5745343553120964,0.46888307723131745,0.5590924826331449,0.47186543903823674,0.04081890162660589,0.421190203734274,0.5225406743421995,0.43640191537355244,0.5270088451115509,0.5321060137649051,0.0007968821167528253,0.5311167125547606,0.5330953149750496,0.5309807023561575,0.5329544295716173,1.1741113794205709,0.07320142003935447,1.0832343828024003,1.2649883760387415,1.1130062140417418,1.2906238286674145,0.6420053656556657,0.07339902804557381,0.5508830456256916,0.7331276856856398,0.5802148755406185,0.7587011475232405,0.6416292190551758,0.0,0.6416292190551758,0.6416292190551758,0.6416292190551758,0.6416292190551758,15657.0,0.0,15657.0,15657.0,15657.0,15657.0,15657.0,0.0,15657.0,15657.0,15657.0,15657.0
39,2,inceptiontime,inception_time,0,10,0,5.0,2.5,50.0,0.9,stage1,s1_060,main_effect_sqi_mode-top50_quality_lr0.001_wd0.005_do0.5_ls0.2_mw90_sqitop50_quality_aggmean_prob_mannone_lossweighted_ce_cwinverse_subject_count_ep10,main_effect,sqi_mode,top50_quality,0.001,0.005,0.5,0.2,top50_quality,mean_prob,none,weighted_ce,inverse_subject_count,static_only,0,5,0.5527777777777778,0.06793104003527657,0.46844377316098595,0.6371117823945697,0.47685185185185186,0.625,0.5379637674361055,0.06469148616046845,0.45765155537971813,0.6182759794924929,0.4781144781144781,0.6187259592832349,0.5527777777777778,0.06793104003527657,0.46844377316098595,0.6371117823945697,0.47685185185185186,0.625,0.5379637674361055,0.06469148616046845,0.45765155537971813,0.6182759794924929,0.4781144781144781,0.6187259592832349,0.3916666666666666,0.10865337342004418,0.25677731283257865,0.5265560205007546,0.3333333333333333,0.5833333333333334,0.4327347781217751,0.09408183737495528,0.3159354754257548,0.5495340808177953,0.3333333333333333,0.5882352941176471,10.0,0.0,10.0,10.0,10.0,10.0,267.05022731260397,0.18333934713701933,266.82261794080773,267.2778366844002,266.75065634492785,267.2406867099926,0.9924163386202853,0.0005420191280903565,0.9917434408753513,0.9930892363652194,0.9918118428726486,0.9932344380589676,0.5044812046922724,0.04080556736209529,0.453822523410215,0.5551398859743298,0.44856084268247354,0.5629260846984525,0.4879351339280128,0.04064883890590555,0.43747102552958894,0.5383992423264367,0.4292825120232866,0.543251000190175,0.5468998504122805,0.0005396888724251237,0.5462298455980586,0.5475698552265024,0.5460344019413588,0.547414156523477,1.1874629041743718,0.02065752121253329,1.1618173158188194,1.2131084925299243,1.1639619499898088,1.2122549121994561,0.6405630537620912,0.02060736878213122,0.6149797278905943,0.6661463796335881,0.6166773725149347,0.665333346961241,0.6416292190551758,0.0,0.6416292190551758,0.6416292190551758,0.6416292190551758,0.6416292190551758,7832.0,0.0,7832.0,7832.0,7832.0,7832.0,7831.0,0.0,7831.0,7831.0,7831.0,7831.0
40,2,inceptiontime,inception_time,0,10,0,5.0,2.5,50.0,0.9,stage1,s1_080,quality_combo_sqi_aggregation-top50_quality_quality_weighted_mean_lr0.001_wd0.005_do0.5_ls0.2_mw90_sqitop50_quality_aggquality_weighted_mean_mannone_lossweighted_ce_cwinverse_subject_count_ep10,quality_combo,sqi_aggregation,top50_quality_quality_weighted_mean,0.001,0.005,0.5,0.2,top50_quality,quality_weighted_mean,none,weighted_ce,inverse_subject_count,static_only,0,5,0.55,0.06947530178631138,0.46374884855940457,0.6362511514405955,0.47685185185185186,0.6527777777777778,0.5377695316852673,0.07055585203497933,0.4501769149938452,0.6253621483766895,0.4781144781144781,0.6501847115657857,0.55,0.06947530178631138,0.46374884855940457,0.6362511514405955,0.47685185185185186,0.6527777777777778,0.5377695316852673,0.07055585203497933,0.4501769149938452,0.6253621483766895,0.4781144781144781,0.6501847115657857,0.39999999999999997,0.1270662556831409,0.24225169837153024,0.5577483016284697,0.3333333333333333,0.625,0.42471472799646176,0.09699085856936236,0.3043039774746453,0.5451254785182782,0.3333333333333333,0.5882352941176471,10.0,0.0,10.0,10.0,10.0,10.0,267.1928674421273,0.19886679960680276,266.94598128246514,267.43975360178945,267.0193991449196,267.4583049658686,0.9924205598100999,0.0005759785462169733,0.9917055026381413,0.9931356169820585,0.9918426725488075,0.9932124302949052,0.5034561902418179,0.039040780939451555,0.4549884294320159,0.5519239510516198,0.45052846771590815,0.5601122587164934,0.48896436956828204,0.03889060339045476,0.4406830489205011,0.5372456902160629,0.43208120156424523,0.5413142048328994,0.5468912893732842,0.0005729048727200497,0.5461800480592124,0.5476025306873561,0.5459378442137839,0.5473596261603981,1.1843077838074982,0.018319167365732997,1.1615651797726532,1.2070503878423433,1.1654401728934427,1.2096081980890314,0.637416494434214,0.018378362579880757,0.614600401616323,0.660232587252105,0.6181236355891376,0.6627174376098657,0.6416292190551758,0.0,0.6416292190551758,0.6416292190551758,0.6416292190551758,0.6416292190551758,7832.0,0.0,7832.0,7832.0,7832.0,7832.0,7831.0,0.0,7831.0,7831.0,7831.0,7831.0
41,2,inceptiontime,inception_time,0,9,0,5.0,2.5,50.0,0.9,stage1,s1_036,focused_combo_combined_regularization-wd0p01_do0p6_ls0p3_mw0p9_lr0.001_wd0.01_do0.6_ls0.3_mw90_sqinone_aggmean_prob_mannone_lossweighted_ce_cwinverse_subject_count_ep9,focused_combo,combined_regularization,wd0.01_do0.6_ls0.3_mw0.9,0.001,0.01,0.6,0.3,none,mean_prob,none,weighted_ce,inverse_subject_count,static_only,0,5,0.5499999999999999,0.09191884504319058,0.4358859764517507,0.6641140235482491,0.4398148148148148,0.6898148148148149,0.5362901259960082,0.09604142380338627,0.41705806545002,0.6555221865419965,0.4440422322775264,0.6898148148148149,0.5499999999999999,0.09191884504319058,0.4358859764517507,0.6641140235482491,0.4398148148148148,0.6898148148148149,0.5362901259960082,0.09604142380338627,0.41705806545002,0.6555221865419965,0.4440422322775264,0.6898148148148149,0.4,0.14006446928309677,0.2261148718901534,0.5738851281098467,0.25,0.625,0.44678628389154706,0.10902188146252043,0.3114394402422085,0.5821331275408856,0.3333333333333333,0.625,9.0,0.0,9.0,9.0,9.0,9.0,440.86631695195103,0.4845369915361923,440.26478126428896,441.4678526396131,440.2917280870024,441.31575353303924,0.9892422485988492,0.0001842527134825824,0.9890135053147566,0.9894709918829419,0.9890183296523762,0.9894554049009002,0.5187096372577469,0.047043027050327334,0.4603073684511757,0.5771119060643181,0.47717883741703826,0.570875337558053,0.4705326113411023,0.04707829407485078,0.4120865597600081,0.5289786629221965,0.41853030075555486,0.5120177345183853,0.6980010800956035,0.0002291087570012893,0.6977166496060856,0.6982855105851213,0.6977330792508607,0.6983225693918297,1.1719995009154844,0.06581166346556198,1.0902966280069988,1.25370237382397,1.0785416164962782,1.2263800320635352,0.4739984208198809,0.06602015628405199,0.3920367113867671,0.5559601302529947,0.38021904710444854,0.5285395347988591,0.6416292190551758,0.0,0.6416292190551758,0.6416292190551758,0.6416292190551758,0.6416292190551758,15657.0,0.0,15657.0,15657.0,15657.0,15657.0,15657.0,0.0,15657.0,15657.0,15657.0,15657.0
42,2,inceptiontime,inception_time,0,9,0,5.0,2.5,50.0,0.9,stage1,s1_013,main_effect_label_smoothing-0p3_lr0.001_wd0.005_do0.5_ls0.3_mw90_sqinone_aggmean_prob_mannone_lossweighted_ce_cwinverse_subject_count_ep9,main_effect,label_smoothing,0.3,0.001,0.005,0.5,0.3,none,mean_prob,none,weighted_ce,inverse_subject_count,static_only,0,5,0.5499999999999999,0.07175179172614585,0.4609226661103152,0.6390773338896847,0.4305555555555555,0.6064814814814815,0.5350179518910169,0.07834763875061666,0.43775210516354085,0.6322837986184928,0.40812324929971994,0.6083333333333333,0.5499999999999999,0.07175179172614585,0.4609226661103152,0.6390773338896847,0.4305555555555555,0.6064814814814815,0.5350179518910169,0.07834763875061666,0.43775210516354085,0.6322837986184928,0.40812324929971994,0.6083333333333333,0.38333333333333336,0.0950146187582615,0.26537601525222027,0.5012906514144464,0.25,0.5,0.4513784461152882,0.0958943882359135,0.3323289250714134,0.570427967159163,0.3,0.5333333333333333,9.0,0.0,9.0,9.0,9.0,9.0,447.2431984087918,0.18227381134324877,447.01691186232705,447.4694849552565,447.08830352989025,447.49636985594407,0.9911393218400513,0.0003957267713889362,0.9906480409271141,0.9916306027529884,0.9905978570381002,0.9916831470682912,0.5173848281990231,0.04777542916130622,0.45807330784887823,0.576696348549168,0.4493548579870096,0.5642844769188339,0.47375449364102823,0.047661549349757,0.4145843510844217,0.5329246361976347,0.4273986701494573,0.5416378202964559,0.6920837899592213,0.0004888788400176467,0.6914768640188899,0.6926907158995527,0.6915939434394964,0.6927049331592807,1.1538176365957207,0.05278972600020397,1.088281042515776,1.2193542306756653,1.0754741649629058,1.2090348010083452,0.4617338466364992,0.05298264536092875,0.39595774993375393,0.5275099433392445,0.3827692318036251,0.5168920102898243,0.6416292190551758,0.0,0.6416292190551758,0.6416292190551758,0.6416292190551758,0.6416292190551758,15657.0,0.0,15657.0,15657.0,15657.0,15657.0,15657.0,0.0,15657.0,15657.0,15657.0,15657.0
43,2,inceptiontime,inception_time,0,9,0,5.0,2.5,50.0,0.9,stage1,s1_034,focused_combo_combined_regularization-wd0p01_do0p6_ls0p15_mw0p9_lr0.001_wd0.01_do0.6_ls0.15_mw90_sqinone_aggmean_prob_mannone_lossweighted_ce_cwinverse_subject_count_ep9,focused_combo,combined_regularization,wd0.01_do0.6_ls0.15_mw0.9,0.001,0.01,0.6,0.15,none,mean_prob,none,weighted_ce,inverse_subject_count,static_only,0,5,0.5481481481481482,0.06560366512562352,0.46670349788650467,0.6295927984097917,0.4490740740740741,0.6157407407407408,0.5473720331424374,0.07043489073838351,0.45992958565997,0.6348144806249049,0.4476608187134503,0.6280864197530863,0.5481481481481482,0.06560366512562352,0.46670349788650467,0.6295927984097917,0.4490740740740741,0.6157407407407408,0.5473720331424374,0.07043489073838351,0.45992958565997,0.6348144806249049,0.4476608187134503,0.6280864197530863,0.4444444444444445,0.08038775626937657,0.344645863341688,0.5442430255472009,0.375,0.5555555555555556,0.47118932597193464,0.07710133341604992,0.37547072362323897,0.5669079283206303,0.4,0.5925925925925926,9.0,0.0,9.0,9.0,9.0,9.0,440.6808622722514,0.24296592901124647,440.3792285895002,440.98249595500255,440.49036431196146,440.99771476513706,0.990536117213674,0.00024700861497778864,0.9902294646780274,0.9908427697493205,0.9902447228894866,0.9907411937575304,0.5124133597668716,0.04267903593746895,0.4594288329302205,0.5653978866035227,0.45637187160903697,0.5576531200678199,0.4781227574468021,0.042729623391183136,0.4250754280599049,0.5311700868336993,0.4326379881759882,0.534362832219792,0.46098421691359687,0.0003688039306533711,0.46052635976354794,0.4614420740636458,0.46048788021673426,0.4612589106504369,1.232907884362183,0.08048640016463451,1.1329868403218095,1.3328289284025565,1.1084630893170035,1.289574296380127,0.7719236674485862,0.08012488379117333,0.6724514333115013,0.8713959015856712,0.6479752091002693,0.8283437644014428,0.6416292190551758,0.0,0.6416292190551758,0.6416292190551758,0.6416292190551758,0.6416292190551758,15657.0,0.0,15657.0,15657.0,15657.0,15657.0,15657.0,0.0,15657.0,15657.0,15657.0,15657.0
44,2,inceptiontime,inception_time,0,9,0,5.0,2.5,50.0,0.9,stage1,s1_008,main_effect_dropout-0p6_lr0.001_wd0.005_do0.6_ls0.2_mw90_sqinone_aggmean_prob_mannone_lossweighted_ce_cwinverse_subject_count_ep9,main_effect,dropout,0.6,0.001,0.005,0.6,0.2,none,mean_prob,none,weighted_ce,inverse_subject_count,static_only,0,5,0.5481481481481482,0.0555169619034121,0.4792257863082401,0.6170705099880562,0.4583333333333333,0.5972222222222222,0.5390975778980895,0.06087482646897521,0.4635236150408306,0.6146715407553485,0.44502164502164504,0.5910784313725491,0.5481481481481482,0.0555169619034121,0.4792257863082401,0.6170705099880562,0.4583333333333333,0.5972222222222222,0.5390975778980895,0.06087482646897521,0.4635236150408306,0.6146715407553485,0.44502164502164504,0.5910784313725491,0.4444444444444445,0.10393492741038728,0.31541287590785594,0.573476012981033,0.3333333333333333,0.5555555555555556,0.47901298701298706,0.09366804226636655,0.36272739643708163,0.5952985775888925,0.36363636363636365,0.5714285714285714,9.0,0.0,9.0,9.0,9.0,9.0,447.02393873645923,0.11822808113079417,446.8771627186809,447.17071475423757,446.8439018849749,447.1448504240252,0.9902661275017003,0.00017463837131814492,0.9900493200863366,0.990482934917064,0.990167564873374,0.9905769786269134,0.5233149102110823,0.0400245490006682,0.4736258358430982,0.5730039845790664,0.45590806770046,0.5531401443951331,0.46695121729061795,0.04018575006497581,0.41706201745282667,0.5168404171284092,0.4370722260471258,0.5346689109264534,0.5500526548075144,0.00026260234368567,0.5497266432043759,0.5503786664106529,0.5498247966755212,0.550364884334426,1.1882426239185926,0.06238298089359496,1.1107963402173915,1.2656889076197937,1.1102421606641317,1.248932091894329,0.6381899691110782,0.06239296625433937,0.5607312889345886,0.7156486492875678,0.5603428310560453,0.6991072952188078,0.6416292190551758,0.0,0.6416292190551758,0.6416292190551758,0.6416292190551758,0.6416292190551758,15657.0,0.0,15657.0,15657.0,15657.0,15657.0,15657.0,0.0,15657.0,15657.0,15657.0,15657.0
45,2,inceptiontime,inception_time,0,15,0,5.0,2.5,50.0,0.9,stage1,s1_091,main_effect_dropout-0p4_lr0.001_wd0.005_do0.4_ls0.2_mw90_sqinone_aggmean_prob_mannone_lossweighted_ce_cwinverse_subject_count_ep15,main_effect,dropout,0.4,0.001,0.005,0.4,0.2,none,mean_prob,none,weighted_ce,inverse_subject_count,static_only,0,5,0.5481481481481482,0.03936546605459503,0.49927730215099597,0.5970189941453004,0.4861111111111111,0.5833333333333334,0.5376251131049893,0.042977260225653104,0.4842703512699707,0.5909798749400079,0.47532467532467537,0.5900488400488401,0.5481481481481482,0.03936546605459503,0.49927730215099597,0.5970189941453004,0.4861111111111111,0.5833333333333334,0.5376251131049893,0.042977260225653104,0.4842703512699707,0.5909798749400079,0.47532467532467537,0.5900488400488401,0.39166666666666666,0.10865337342004415,0.2567773128325787,0.5265560205007547,0.25,0.5,0.4400347021399654,0.10042135178889071,0.3153651145553962,0.5647042897245346,0.3076923076923077,0.5714285714285714,15.0,0.0,15.0,15.0,15.0,15.0,727.3722790826112,0.6118644628506632,726.6126708032723,728.13188736195,726.4643097119406,728.0439705760218,0.9965416417134323,0.00031264033638974276,0.9961535096966283,0.9969297737302363,0.9962025827036097,0.997008333340004,0.51927118103565,0.047192392464923266,0.46068348030344386,0.577858881767856,0.47355704773547125,0.587936680392377,0.47727046067778234,0.04697982853584078,0.41894665061127634,0.5355942707442883,0.40907165294762704,0.5226455349681385,0.527983772633187,0.0005963478606347194,0.5272434276715042,0.5287241175948697,0.5270265083800091,0.5284901855157315,1.1977302191604995,0.051482749468992825,1.1338161906229045,1.2616442476980945,1.1177322295282877,1.249531769997526,0.6697464465273126,0.051499649481915315,0.60581143721617,0.7336814558384552,0.5892677555505871,0.7214675417127099,0.6416292190551758,0.0,0.6416292190551758,0.6416292190551758,0.6416292190551758,0.6416292190551758,15657.0,0.0,15657.0,15657.0,15657.0,15657.0,15657.0,0.0,15657.0,15657.0,15657.0,15657.0
46,2,inceptiontime,inception_time,0,9,0,5.0,2.5,50.0,0.9,stage1,s1_010,main_effect_label_smoothing-0p05_lr0.001_wd0.005_do0.5_ls0.05_mw90_sqinone_aggmean_prob_mannone_lossweighted_ce_cwinverse_subject_count_ep9,main_effect,label_smoothing,0.05,0.001,0.005,0.5,0.05,none,mean_prob,none,weighted_ce,inverse_subject_count,static_only,0,5,0.5481481481481482,0.07469358990645622,0.4554186749537931,0.6408776213425031,0.4583333333333333,0.6620370370370371,0.5371382243487506,0.0776380631632478,0.4407532908360591,0.6335231578614421,0.44246031746031744,0.6565656565656566,0.5481481481481482,0.07469358990645622,0.4554186749537931,0.6408776213425031,0.4583333333333333,0.6620370370370371,0.5371382243487506,0.0776380631632478,0.4407532908360591,0.6335231578614421,0.44246031746031744,0.6565656565656566,0.4333333333333333,0.10865337342004416,0.29844397949924534,0.5682226871674212,0.3333333333333333,0.5833333333333334,0.4735108225108225,0.10207662823350479,0.34678626725242323,0.6002353777692218,0.375,0.6363636363636364,9.0,0.0,9.0,9.0,9.0,9.0,447.4435029640328,0.36658091639760254,446.98840560824596,447.89860031981965,446.96070183301345,447.9414386411663,0.991659079112102,0.0004044116449225584,0.9911570162331549,0.9921611419910492,0.9909396380184587,0.9918946446931305,0.5137147414604524,0.028577655766673156,0.4782365837270781,0.5491928991938266,0.47480637290192507,0.5531908882647609,0.47794433765164956,0.02848985932111752,0.4425751761273865,0.5133134991759126,0.43870375642836956,0.5170591769801991,0.2260311631299742,0.0008536014484385802,0.2249714468580588,0.2270908794018896,0.22523509759181323,0.22748438911431287,1.4205502363312603,0.16305125044163793,1.2181278253041656,1.622972647358355,1.154890183532675,1.5952863087098983,1.194519073201286,0.16292971805512232,0.9922475403712596,1.3967906060313124,0.928962395149266,1.3694823897151147,0.6416292190551758,0.0,0.6416292190551758,0.6416292190551758,0.6416292190551758,0.6416292190551758,15657.0,0.0,15657.0,15657.0,15657.0,15657.0,15657.0,0.0,15657.0,15657.0,15657.0,15657.0
47,2,inceptiontime,inception_time,0,10,0,5.0,2.5,50.0,0.9,stage1,s1_059,main_effect_sqi_mode-top70_quality_lr0.001_wd0.005_do0.5_ls0.2_mw90_sqitop70_quality_aggmean_prob_mannone_lossweighted_ce_cwinverse_subject_count_ep10,main_effect,sqi_mode,top70_quality,0.001,0.005,0.5,0.2,top70_quality,mean_prob,none,weighted_ce,inverse_subject_count,static_only,0,5,0.548148148148148,0.08992690599868634,0.43650704708847476,0.6597892492078213,0.4444444444444444,0.6666666666666666,0.5372867374072112,0.09810440658456138,0.41549355606428495,0.6590799187501375,0.42943722943722945,0.6621212121212121,0.548148148148148,0.08992690599868634,0.43650704708847476,0.6597892492078213,0.4444444444444444,0.6666666666666666,0.5372867374072112,0.09810440658456138,0.41549355606428495,0.6590799187501375,0.42943722943722945,0.6621212121212121,0.4166666666666667,0.1559023911155809,0.22311931386178388,0.6102140194715495,0.25,0.5833333333333334,0.4344710260499734,0.1432308152693006,0.25665499040683704,0.6122870616931098,0.26666666666666666,0.6,10.0,0.0,10.0,10.0,10.0,10.0,357.6664839049801,0.22377683568616982,357.3886728088437,357.94429500111653,357.4050475892145,357.9403698579408,0.9930809465897312,0.0006335465246668501,0.9922944207907965,0.9938674723886659,0.9920506416551159,0.9936709963547019,0.5170262093040038,0.04007831716266404,0.46727038364795404,0.5667820349600535,0.4800527814944999,0.565050464377416,0.47605473728572745,0.03993763632000694,0.426473561963722,0.5256359126077329,0.4286205319772859,0.5132359796126045,0.5429396226584745,0.0012615427416089705,0.5413734615730579,0.5445057837438911,0.5417416277876196,0.5448042370474718,1.1787016150224767,0.07644473172843808,1.0837981606492235,1.27360506939573,1.0743223939315882,1.2621253198187674,0.6357619923640023,0.07622742456054821,0.5411283172211357,0.7303956675068689,0.5324448881824345,0.7193398578302334,0.6416292190551758,0.0,0.6416292190551758,0.6416292190551758,0.6416292190551758,0.6416292190551758,11020.0,0.0,11020.0,11020.0,11020.0,11020.0,10964.0,0.0,10964.0,10964.0,10964.0,10964.0
48,2,inceptiontime,inception_time,0,10,0,5.0,2.5,50.0,0.9,stage1,s1_047,main_effect_weight_decay-0p02_lr0.001_wd0.02_do0.5_ls0.2_mw90_sqinone_aggmean_prob_mannone_lossweighted_ce_cwinverse_subject_count_ep10,main_effect,weight_decay,0.02,0.001,0.02,0.5,0.2,none,mean_prob,none,weighted_ce,inverse_subject_count,static_only,0,5,0.5472222222222223,0.07927353627038516,0.44880690618489494,0.6456375382595496,0.47685185185185186,0.6620370370370371,0.5421997924103188,0.08237782783660881,0.4399306072265479,0.6444689775940897,0.4706349206349207,0.6537878787878788,0.5472222222222223,0.07927353627038516,0.44880690618489494,0.6456375382595496,0.47685185185185186,0.6620370370370371,0.5421997924103188,0.08237782783660881,0.4399306072265479,0.6444689775940897,0.4706349206349207,0.6537878787878788,0.4333333333333333,0.10458250331675946,0.30349782201227754,0.563168844654389,0.3333333333333333,0.5833333333333334,0.46571428571428575,0.10059136368982971,0.34083363431512964,0.5905949371134418,0.375,0.625,10.0,0.0,10.0,10.0,10.0,10.0,488.6692941069603,0.2937860052686918,488.3045690812311,489.03401913268954,488.3458448529709,489.08965057111345,0.9923697956408051,0.0003752826529451304,0.9919038953841678,0.9928356958974424,0.9920398219273242,0.9929947204212224,0.5193534021026658,0.023357111471870178,0.4903563670847902,0.5483504371205413,0.489376028945437,0.5481726330877418,0.4730163935381394,0.023287719380862666,0.4441055063684398,0.501927280707839,0.44407048018235895,0.5026637929818871,0.5418662743759158,0.0006267683947715483,0.5410881633876125,0.5426443853642192,0.5412038827764174,0.5428517552175095,1.1967427328684235,0.029648216758746366,1.1599355111960727,1.2335499545407742,1.1560607890591277,1.2391829911333887,0.6548764584925076,0.029056904783455028,0.6188033299067383,0.690949587078277,0.6148569062827103,0.6963312359158792,0.6416292190551758,0.0,0.6416292190551758,0.6416292190551758,0.6416292190551758,0.6416292190551758,15657.0,0.0,15657.0,15657.0,15657.0,15657.0,15657.0,0.0,15657.0,15657.0,15657.0,15657.0
49,2,inceptiontime,inception_time,0,10,0,5.0,2.5,50.0,0.9,stage1,s1_044,main_effect_weight_decay-0p001_lr0.001_wd0.001_do0.5_ls0.2_mw90_sqinone_aggmean_prob_mannone_lossweighted_ce_cwinverse_subject_count_ep10,main_effect,weight_decay,0.001,0.001,0.001,0.5,0.2,none,mean_prob,none,weighted_ce,inverse_subject_count,static_only,0,5,0.5462962962962963,0.07746852097537736,0.45012184346588463,0.642470749126708,0.4212962962962963,0.625,0.5391563420335349,0.08456197311234098,0.43417561706365615,0.6441370670034137,0.40383365821962314,0.6311111111111111,0.5462962962962963,0.07746852097537736,0.45012184346588463,0.642470749126708,0.4212962962962963,0.625,0.5391563420335349,0.08456197311234098,0.43417561706365615,0.6441370670034137,0.40383365821962314,0.6311111111111111,0.3916666666666667,0.17330528619237853,0.17651422975016068,0.6068191035831727,0.125,0.5833333333333334,0.4177142857142857,0.15577994829325578,0.22431894138060984,0.6111096300479616,0.16666666666666666,0.56,10.0,0.0,10.0,10.0,10.0,10.0,488.6046696873382,0.16855585649230562,488.39541350088456,488.8139258737918,488.34719499992207,488.7494840680156,0.9926788752767315,0.0004560094254365888,0.9921127555622372,0.9932449949912258,0.9921456303599365,0.9932721638889035,0.518911359235786,0.022718860620642004,0.49070669027334246,0.5471160281982296,0.49292694575259227,0.5488418976367158,0.47376751604094547,0.022609414042831958,0.44569872116777737,0.5018363109141136,0.4436167439672797,0.499573080908247,0.5414250331474737,0.0007405099464404761,0.5405057160104262,0.5423443502845212,0.5405152777013755,0.5424719698088709,1.1972371540820788,0.04089264514783436,1.146470368781877,1.2480039393822806,1.1577067380593857,1.2657550151457604,0.6558121209346052,0.04025464461782961,0.6058373909248126,0.7057868509443977,0.6171914603580102,0.7232830453368895,0.6416292190551758,0.0,0.6416292190551758,0.6416292190551758,0.6416292190551758,0.6416292190551758,15657.0,0.0,15657.0,15657.0,15657.0,15657.0,15657.0,0.0,15657.0,15657.0,15657.0,15657.0
50,2,inceptiontime,inception_time,0,9,0,5.0,2.5,50.0,0.9,stage1,s1_004,main_effect_weight_decay-0p01_lr0.001_wd0.01_do0.5_ls0.2_mw90_sqinone_aggmean_prob_mannone_lossweighted_ce_cwinverse_subject_count_ep9,main_effect,weight_decay,0.01,0.001,0.01,0.5,0.2,none,mean_prob,none,weighted_ce,inverse_subject_count,static_only,0,5,0.5462962962962963,0.08567942371908215,0.43992829557472857,0.652664297017864,0.4212962962962963,0.6342592592592592,0.5361341352295721,0.0825428495312272,0.43366008139741025,0.6386081890617339,0.4175293305728088,0.6248196248196248,0.5462962962962963,0.08567942371908215,0.43992829557472857,0.652664297017864,0.4212962962962963,0.6342592592592592,0.5361341352295721,0.0825428495312272,0.43366008139741025,0.6386081890617339,0.4175293305728088,0.6248196248196248,0.4,0.10865337342004415,0.26511064616591207,0.534889353834088,0.25,0.5,0.4505175983436853,0.10463529284696932,0.32061655067161643,0.5804186460157542,0.3333333333333333,0.5714285714285714,9.0,0.0,9.0,9.0,9.0,9.0,447.41897139577196,0.31031047075381796,447.0337318254724,447.80421096607154,447.0658879359253,447.88653368200175,0.9914250258944804,0.0002799593182879819,0.9910774662158894,0.9917725855730715,0.9910975170453838,0.9918443579201461,0.5001246813252515,0.047513221392630034,0.4411386827272042,0.5591106799232987,0.4160445441651768,0.5287487628650369,0.49130034456922883,0.04755135633173833,0.43226700278124736,0.5503336863572104,0.4626700393309161,0.5754532352590715,0.5435858244046499,0.00057559205775879,0.5428712470445621,0.5443004017647376,0.5427930020402453,0.5443468427545368,1.2075646985867876,0.06921930937942886,1.1216313527445265,1.2934980444290487,1.1183134796673233,1.2733859651625918,0.6639788741821379,0.06928388040428368,0.5779653656763082,0.7499923826879675,0.5739666369127865,0.7299057382995195,0.6416292190551758,0.0,0.6416292190551758,0.6416292190551758,0.6416292190551758,0.6416292190551758,15657.0,0.0,15657.0,15657.0,15657.0,15657.0,15657.0,0.0,15657.0,15657.0,15657.0,15657.0
51,2,inceptiontime,inception_time,0,9,0,5.0,2.5,50.0,0.9,stage1,s1_025,focused_combo_combined_regularization-wd0p005_do0p4_ls0p15_mw0p9_lr0.001_wd0.005_do0.4_ls0.15_mw90_sqinone_aggmean_prob_mannone_lossweighted_ce_cwinverse_subject_count_ep9,focused_combo,combined_regularization,wd0.005_do0.4_ls0.15_mw0.9,0.001,0.005,0.4,0.15,none,mean_prob,none,weighted_ce,inverse_subject_count,static_only,0,5,0.5444444444444445,0.036541828260502084,0.4990790457750459,0.5898098431138431,0.5138888888888888,0.6064814814814815,0.543775431413965,0.04410598468910975,0.4890193977293942,0.5985314650985358,0.5072463768115942,0.6142857142857143,0.5444444444444445,0.036541828260502084,0.4990790457750459,0.5898098431138431,0.5138888888888888,0.6064814814814815,0.543775431413965,0.04410598468910975,0.4890193977293942,0.5985314650985358,0.5072463768115942,0.6142857142857143,0.4305555555555555,0.04606423319938055,0.37336842499950673,0.4877426861116043,0.375,0.5,0.47218855218855216,0.05412692236158008,0.4049918757065822,0.5393852286705221,0.4,0.5333333333333333,9.0,0.0,9.0,9.0,9.0,9.0,460.1041705660522,0.2206456895591091,459.83024667805796,460.3780944540464,459.8294164109975,460.42885991418734,0.9930677517526434,0.0003845041790529439,0.9925904032946397,0.9935451002106471,0.9924409389492295,0.9933609382421569,0.5094356579972511,0.04453716685693189,0.4541443267680982,0.564726989226404,0.45585794867578944,0.5638236202733843,0.48363209375539223,0.044382245989605065,0.4285330913516716,0.5387310961591129,0.4295373179687726,0.5374486343787142,0.4494369158080273,0.0003617614194167421,0.448987801688776,0.4498860299272786,0.4490157791840657,0.44994718184755056,1.2167706092021515,0.09092111997904528,1.1038952263419033,1.3296459920623998,1.1014683946088404,1.3059717295291613,0.767333693394124,0.09084252730253767,0.6545558805863878,0.8801115062018603,0.6519692304202497,0.8567981530011819,0.6416292190551758,0.0,0.6416292190551758,0.6416292190551758,0.6416292190551758,0.6416292190551758,15657.0,0.0,15657.0,15657.0,15657.0,15657.0,15657.0,0.0,15657.0,15657.0,15657.0,15657.0
52,2,inceptiontime,inception_time,0,9,0,5.0,2.5,50.0,0.9,stage1,s1_032,focused_combo_combined_regularization-wd0p01_do0p5_ls0p15_mw0p9_lr0.001_wd0.01_do0.5_ls0.15_mw90_sqinone_aggmean_prob_mannone_lossweighted_ce_cwinverse_subject_count_ep9,focused_combo,combined_regularization,wd0.01_do0.5_ls0.15_mw0.9,0.001,0.01,0.5,0.15,none,mean_prob,none,weighted_ce,inverse_subject_count,static_only,0,5,0.5444444444444445,0.0840121529192916,0.4401463019681497,0.6487425869207393,0.4305555555555555,0.6574074074074074,0.534358750411382,0.09357692803242643,0.4181862749625491,0.650531225860215,0.4068181818181818,0.6574074074074074,0.5444444444444445,0.0840121529192916,0.4401463019681497,0.6487425869207393,0.4305555555555555,0.6574074074074074,0.534358750411382,0.09357692803242643,0.4181862749625491,0.650531225860215,0.4068181818181818,0.6574074074074074,0.4027777777777778,0.12422599874998833,0.24855555555555559,0.5569999999999999,0.25,0.5555555555555556,0.4453968253968254,0.1154133085758409,0.3021152490626532,0.5886784017309976,0.3,0.5714285714285714,9.0,0.0,9.0,9.0,9.0,9.0,440.766702566389,0.3387771427596801,440.3461226208041,441.1872825119738,440.2635105010122,441.1822963869199,0.9920222352744364,0.0003020269045302817,0.9916472794611908,0.9923971910876821,0.991586107439607,0.9923616965855642,0.509259809839443,0.0458850220652193,0.4522951636235116,0.5662244560553744,0.44145786831512196,0.5585247025783301,0.4827624254349933,0.045963514761891026,0.42570033328801093,0.5398245175819757,0.4333674175465917,0.5509038282704422,0.45431240340065093,0.0006003130335108579,0.45356713581585706,0.4550576709854448,0.45344997723331837,0.45497580271613136,1.2092888326308036,0.096529436589519,1.0894509213200192,1.329126743941588,1.0746709941460313,1.2995582918538149,0.7549764292301526,0.0964310736295686,0.6352606320856503,0.8746922263746549,0.6198910509274105,0.8445824891376835,0.6416292190551758,0.0,0.6416292190551758,0.6416292190551758,0.6416292190551758,0.6416292190551758,15657.0,0.0,15657.0,15657.0,15657.0,15657.0,15657.0,0.0,15657.0,15657.0,15657.0,15657.0
53,2,inceptiontime,inception_time,0,9,0,5.0,2.5,50.0,0.9,stage1,s1_029,focused_combo_combined_regularization-wd0p01_do0p4_ls0p15_mw0p9_lr0.001_wd0.01_do0.4_ls0.15_mw90_sqinone_aggmean_prob_mannone_lossweighted_ce_cwinverse_subject_count_ep9,focused_combo,combined_regularization,wd0.01_do0.4_ls0.15_mw0.9,0.001,0.01,0.4,0.15,none,mean_prob,none,weighted_ce,inverse_subject_count,static_only,0,5,0.5444444444444444,0.04795634875029099,0.4849083187674153,0.6039805701214735,0.47222222222222215,0.6064814814814815,0.5468719606157574,0.053362642272631725,0.4806241110694036,0.6131198101621111,0.46576441102756894,0.6142857142857143,0.5444444444444444,0.04795634875029099,0.4849083187674153,0.6039805701214735,0.47222222222222215,0.6064814814814815,0.5468719606157574,0.053362642272631725,0.4806241110694036,0.6131198101621111,0.46576441102756894,0.6142857142857143,0.4138888888888889,0.1050426133399391,0.2834821671050033,0.5442956106727745,0.25,0.5,0.4575753393144698,0.10481863553675193,0.3274466781208274,0.5877040005081122,0.2857142857142857,0.5333333333333333,9.0,0.0,9.0,9.0,9.0,9.0,441.5656624952797,1.3969114208048123,439.8314459405173,443.2998790500421,440.4847914020065,443.82925933017395,0.9928910475807985,0.0002862767559437142,0.9925356450248403,0.9932464501367567,0.9924508436513897,0.9931924782246278,0.5033281591071456,0.04181809964457009,0.4514124544946558,0.5552438637196353,0.4553425670589776,0.550653104003885,0.489562888473653,0.04175178834367179,0.43772950701642765,0.5413962699308783,0.44253937422074274,0.537750660997098,0.4495921595099543,0.00039906159713564733,0.4490967385277679,0.4500875804921407,0.44910317315569,0.4500268881555437,1.231506471614791,0.0917941045785457,1.1175473089801358,1.3454656342494462,1.1193271397096036,1.3406085504597394,0.7819143121048366,0.09196925896400467,0.6677377014413529,0.8960909227683204,0.6693600239030693,0.8915053773040493,0.6416292190551758,0.0,0.6416292190551758,0.6416292190551758,0.6416292190551758,0.6416292190551758,15657.0,0.0,15657.0,15657.0,15657.0,15657.0,15657.0,0.0,15657.0,15657.0,15657.0,15657.0
54,2,inceptiontime,inception_time,0,15,0,5.0,2.5,50.0,0.9,stage1,s1_089,main_effect_weight_decay-0p02_lr0.001_wd0.02_do0.5_ls0.2_mw90_sqinone_aggmean_prob_mannone_lossweighted_ce_cwinverse_subject_count_ep15,main_effect,weight_decay,0.02,0.001,0.02,0.5,0.2,none,mean_prob,none,weighted_ce,inverse_subject_count,static_only,0,5,0.5444444444444444,0.048401222365500464,0.4843560237709088,0.60453286511798,0.5046296296296297,0.6203703703703703,0.5286056401068739,0.05909400183454087,0.45524250859952653,0.6019687716142214,0.4770258980785296,0.6201479679740549,0.5444444444444444,0.048401222365500464,0.4843560237709088,0.60453286511798,0.5046296296296297,0.6203703703703703,0.5286056401068739,0.05909400183454087,0.45524250859952653,0.6019687716142214,0.4770258980785296,0.6201479679740549,0.35833333333333334,0.10865337342004415,0.22344397949924538,0.4932226871674213,0.25,0.5,0.4265676352632875,0.1191442053402914,0.2786542813971571,0.5744809891294179,0.3076923076923077,0.6086956521739131,15.0,0.0,15.0,15.0,15.0,15.0,727.3666813510005,0.5962303605586735,726.6264822615427,728.1068804404582,726.7627130059991,728.345889454009,0.9956125045660148,0.0004918940684822946,0.9950018353252551,0.9962231738067745,0.9951210282135587,0.9963072517020525,0.5215284110690137,0.03534266400000798,0.4776517327876481,0.5654050893503794,0.4610292954020114,0.5537499863351567,0.4740840934970013,0.035470612574680815,0.43004857154591464,0.5181196154480879,0.44137104187840204,0.5346688229219367,0.5326505617370516,0.0008820351247764275,0.531555546052816,0.5337455774212873,0.5312710619375517,0.5334923796040678,1.1746165325959452,0.051019363419164396,1.1112777815934107,1.2379552835984797,1.1083522292181613,1.2417754053226693,0.6419659708588936,0.051212974372755606,0.5783868586452611,0.7055450830725262,0.5750163617578025,0.7090993415819433,0.6416292190551758,0.0,0.6416292190551758,0.6416292190551758,0.6416292190551758,0.6416292190551758,15657.0,0.0,15657.0,15657.0,15657.0,15657.0,15657.0,0.0,15657.0,15657.0,15657.0,15657.0
55,2,inceptiontime,inception_time,0,9,0,5.0,2.5,50.0,0.9,stage1,s1_005,main_effect_weight_decay-0p02_lr0.001_wd0.02_do0.5_ls0.2_mw90_sqinone_aggmean_prob_mannone_lossweighted_ce_cwinverse_subject_count_ep9,main_effect,weight_decay,0.02,0.001,0.02,0.5,0.2,none,mean_prob,none,weighted_ce,inverse_subject_count,static_only,0,5,0.5425925925925925,0.08645143819498204,0.43526616296516735,0.6499190222200177,0.4212962962962963,0.6574074074074074,0.5317860371333247,0.08847502486725542,0.42194739559697897,0.6416246786696704,0.4175293305728088,0.6473429951690822,0.5425925925925925,0.08645143819498204,0.43526616296516735,0.6499190222200177,0.4212962962962963,0.6574074074074074,0.5317860371333247,0.08847502486725542,0.42194739559697897,0.6416246786696704,0.4175293305728088,0.6473429951690822,0.4,0.10865337342004415,0.26511064616591207,0.534889353834088,0.25,0.5,0.4346278740329083,0.09669649435781676,0.31458256635964255,0.5546731817061741,0.3157894736842105,0.5333333333333333,9.0,0.0,9.0,9.0,9.0,9.0,447.17256375919095,0.3688273342335702,446.7146775544177,447.6304499639642,446.7241823000368,447.713920625858,0.991480282444386,0.0003346354064727324,0.9910648443191967,0.9918957205695753,0.9911287592126818,0.9918468138408615,0.5051916879540902,0.04777826126426972,0.44587665164740653,0.5645067242607739,0.4224073637806288,0.5417842891653137,0.4862885944902959,0.047909621347175704,0.42681047924602344,0.5457667097345683,0.44935139589831796,0.5693297667713066,0.5438296203407023,0.0006210308698632905,0.5430586322884212,0.5446006083929833,0.5430496949409405,0.54462618564787,1.1991653510780824,0.06662612150528027,1.116451357067283,1.281879345088882,1.1019290332701144,1.257105858701434,0.6553357307373799,0.06678793092399567,0.5724208560061043,0.7382506054686556,0.5573028476222444,0.7128421335508774,0.6416292190551758,0.0,0.6416292190551758,0.6416292190551758,0.6416292190551758,0.6416292190551758,15657.0,0.0,15657.0,15657.0,15657.0,15657.0,15657.0,0.0,15657.0,15657.0,15657.0,15657.0
56,2,inceptiontime,inception_time,0,9,0,5.0,2.5,50.0,0.9,stage1,s1_028,focused_combo_combined_regularization-wd0p005_do0p6_ls0p3_mw0p9_lr0.001_wd0.005_do0.6_ls0.3_mw90_sqinone_aggmean_prob_mannone_lossweighted_ce_cwinverse_subject_count_ep9,focused_combo,combined_regularization,wd0.005_do0.6_ls0.3_mw0.9,0.001,0.005,0.6,0.3,none,mean_prob,none,weighted_ce,inverse_subject_count,static_only,0,5,0.5416666666666667,0.08223296142746116,0.43957732805099686,0.6437560052823367,0.4490740740740741,0.6527777777777778,0.5304491621209888,0.08747707015832439,0.42184944636859445,0.6390488778733832,0.4439440848109579,0.6535947712418301,0.5416666666666667,0.08223296142746116,0.43957732805099686,0.6437560052823367,0.4490740740740741,0.6527777777777778,0.5304491621209888,0.08747707015832439,0.42184944636859445,0.6390488778733832,0.4439440848109579,0.6535947712418301,0.4166666666666667,0.1350154312168304,0.2490497423024089,0.5842835910309245,0.25,0.625,0.445831691528286,0.09997390225169708,0.3217175968570576,0.5699457861995144,0.3157894736842105,0.5882352941176471,9.0,0.0,9.0,9.0,9.0,9.0,441.45941638285296,0.6181456345941992,440.69201024900536,442.22682251670057,440.74690010002814,442.2146464770194,0.9893682187181743,0.00020150876662543117,0.9891180526490829,0.9896183847872656,0.9890462247614394,0.9895390484745125,0.5239728761638944,0.041837235583481694,0.4720334149541307,0.5759123373736582,0.4803285800620567,0.572671742726629,0.4653953425542796,0.0419341986467149,0.4133355051009294,0.5174551800076298,0.4163744820348104,0.5091808669564064,0.6978981682937504,9.830444806279722e-05,0.6977761267679254,0.6980202098195754,0.6977415377495041,0.6980106037128684,1.1647924755109134,0.05541507150705293,1.0959966070259208,1.233588343995906,1.0825667574332496,1.209306213601939,0.4668943072171631,0.05548990907654381,0.39800553051336984,0.5357830839209563,0.3845561537203812,0.5114143831681897,0.6416292190551758,0.0,0.6416292190551758,0.6416292190551758,0.6416292190551758,0.6416292190551758,15657.0,0.0,15657.0,15657.0,15657.0,15657.0,15657.0,0.0,15657.0,15657.0,15657.0,15657.0
57,2,inceptiontime,inception_time,0,10,0,5.0,2.5,50.0,0.9,stage1,s1_050,main_effect_dropout-0p6_lr0.001_wd0.005_do0.6_ls0.2_mw90_sqinone_aggmean_prob_mannone_lossweighted_ce_cwinverse_subject_count_ep10,main_effect,dropout,0.6,0.001,0.005,0.6,0.2,none,mean_prob,none,weighted_ce,inverse_subject_count,static_only,0,5,0.5416666666666667,0.050397085780271404,0.4791004515364532,0.6042328817968803,0.5,0.625,0.529467751240399,0.0627427412197576,0.4515748377070655,0.6073606647737325,0.4748283752860412,0.6302941176470589,0.5416666666666667,0.050397085780271404,0.4791004515364532,0.6042328817968803,0.5,0.625,0.529467751240399,0.0627427412197576,0.4515748377070655,0.6073606647737325,0.4748283752860412,0.6302941176470589,0.3805555555555556,0.14081990950707307,0.20573257489253968,0.5553785362185715,0.25,0.5833333333333334,0.4219595141700405,0.11700074803072087,0.27670718740650335,0.5672118409335777,0.3076923076923077,0.56,10.0,0.0,10.0,10.0,10.0,10.0,488.7130349006038,0.3526644720765437,488.27521432254645,489.1508554786612,488.350591763854,489.23390915384516,0.9907432856811909,0.00047207252867357695,0.9901572241871824,0.9913293471751993,0.9903240281177167,0.9915096182295138,0.5158119747159076,0.01670344043921847,0.49507523901473416,0.536548710417081,0.49582532212636926,0.5358459859132638,0.47493131096528324,0.01713339096911666,0.4536608067548305,0.49620181517573597,0.45447804220445287,0.4956842961031445,0.5485241216916896,0.0008465816015353561,0.5474731203135965,0.5495751230697827,0.547228724375545,0.5493450115740558,1.1792963887266665,0.026086612338340406,1.1469107740763447,1.2116820033769884,1.1548335018282947,1.2124650347176253,0.6307722670349769,0.025352605477277232,0.5992978961691975,0.6622466379007563,0.6076047774527497,0.6631200231435695,0.6416292190551758,0.0,0.6416292190551758,0.6416292190551758,0.6416292190551758,0.6416292190551758,15657.0,0.0,15657.0,15657.0,15657.0,15657.0,15657.0,0.0,15657.0,15657.0,15657.0,15657.0
58,2,inceptiontime,inception_time,0,15,0,5.0,2.5,50.0,1.0,stage1,s1_098,main_effect_max_windows_fraction-1p0_lr0.001_wd0.005_do0.5_ls0.2_mw100_sqinone_aggmean_prob_mannone_lossweighted_ce_cwinverse_subject_count_ep15,main_effect,max_windows_fraction,1.0,0.001,0.005,0.5,0.2,none,mean_prob,none,weighted_ce,inverse_subject_count,static_only,0,5,0.5416666666666666,0.05268429017009742,0.476260967473336,0.6070723658599972,0.47685185185185186,0.6064814814814815,0.5320534328795199,0.047589166601786026,0.4729731509668604,0.5911337147921795,0.47851851851851857,0.5851851851851851,0.5416666666666666,0.05268429017009742,0.476260967473336,0.6070723658599972,0.47685185185185186,0.6064814814814815,0.5320534328795199,0.047589166601786026,0.4729731509668604,0.5911337147921795,0.47851851851851857,0.5851851851851851,0.4083333333333334,0.06180165405913053,0.3316087465164451,0.48505792015022164,0.3333333333333333,0.5,0.4552569169960474,0.055966481288014874,0.3857764925998066,0.5247373413922882,0.4,0.5217391304347826,15.0,0.0,15.0,15.0,15.0,15.0,806.3707204872277,0.9549429453098263,805.1851922998673,807.5562486745881,805.5411619951483,807.9279350759462,0.9964802997201581,0.00017963091359937919,0.9962572942385852,0.9967033052017309,0.9962412560711398,0.9966644679609203,0.5348524391676304,0.03516621821429325,0.49119481214323585,0.5785100661920249,0.48903091055057235,0.5682460941387344,0.46162786055252764,0.035214848313260536,0.4179098609651826,0.5053458601398727,0.4284095206542474,0.507633557410348,0.5304198982246494,0.0002899740785024206,0.5300599055723586,0.5307798908769402,0.5301764203073855,0.5309057752605446,1.1457455576422926,0.02937402369830338,1.1092787370415769,1.1822123782430083,1.105249448591405,1.1832346220865095,0.6153256594176432,0.029227680923099516,0.5790405182417274,0.6516108005935589,0.5749616679798017,0.652776468132669,0.6420696973800659,0.0,0.6420696973800659,0.6420696973800659,0.6420696973800659,0.6420696973800659,17349.0,0.0,17349.0,17349.0,17349.0,17349.0,17349.0,0.0,17349.0,17349.0,17349.0,17349.0
59,2,inceptiontime,inception_time,0,10,0,5.0,2.5,50.0,0.9,stage1,s1_076,focused_combo_combined_regularization-wd0p01_do0p6_ls0p15_mw0p9_lr0.001_wd0.01_do0.6_ls0.15_mw90_sqinone_aggmean_prob_mannone_lossweighted_ce_cwinverse_subject_count_ep10,focused_combo,combined_regularization,wd0.01_do0.6_ls0.15_mw0.9,0.001,0.01,0.6,0.15,none,mean_prob,none,weighted_ce,inverse_subject_count,static_only,0,5,0.5416666666666666,0.0692125758691021,0.45574168024140693,0.6275916530919263,0.48148148148148145,0.6481481481481481,0.5227662724795582,0.06516931617924741,0.4418608512070478,0.6036716937520686,0.4569778048038918,0.6192982456140351,0.5416666666666666,0.0692125758691021,0.45574168024140693,0.6275916530919263,0.48148148148148145,0.6481481481481481,0.5227662724795582,0.06516931617924741,0.4418608512070478,0.6036716937520686,0.4569778048038918,0.6192982456140351,0.3666666666666667,0.06846531968814577,0.2816693725920904,0.451663960741243,0.25,0.4166666666666667,0.4277540003855793,0.08253223799713323,0.32529312040096653,0.5302148803701922,0.3076923076923077,0.5263157894736842,10.0,0.0,10.0,10.0,10.0,10.0,488.5172985518817,0.5208251076311372,487.8707124403089,489.1638846634545,488.0476209050976,489.2539791709278,0.9911041058439041,0.00035517442531859874,0.9906631692468929,0.9915450424409152,0.9908517016616856,0.991720348005521,0.5180892410972839,0.035641675403425346,0.4738413506415842,0.5623371315529837,0.46927115108472395,0.5691495683972957,0.47301486474662013,0.03572785785548881,0.4286599817981449,0.5173697476950954,0.4217021332643899,0.5218155665034782,0.4596599186191715,0.0010104535262178487,0.4584054759917532,0.4609143612465898,0.4582327390479485,0.4610569137912628,1.2200573368622778,0.0423461769227933,1.1674860428226783,1.2726286309018773,1.1718329838359867,1.2720492699048385,0.7603974182431064,0.04165214756940546,0.7086877373138376,0.8121070991723751,0.7136002447880382,0.8124144003287475,0.6416292190551758,0.0,0.6416292190551758,0.6416292190551758,0.6416292190551758,0.6416292190551758,15657.0,0.0,15657.0,15657.0,15657.0,15657.0,15657.0,0.0,15657.0,15657.0,15657.0,15657.0
60,2,inceptiontime,inception_time,0,15,0,5.0,2.5,50.0,0.9,stage1,s1_103,main_effect_aggregation-quality_weighted_mean_lr0.001_wd0.005_do0.5_ls0.2_mw90_sqinone_aggquality_weighted_mean_mannone_lossweighted_ce_cwinverse_subject_count_ep15,main_effect,aggregation,quality_weighted_mean,0.001,0.005,0.5,0.2,none,quality_weighted_mean,none,weighted_ce,inverse_subject_count,static_only,0,5,0.5407407407407407,0.04133095207530678,0.4894298127566373,0.5920516687248443,0.47222222222222215,0.5833333333333334,0.5315718305764072,0.04116247878220568,0.48047005627920175,0.5826736048736126,0.4582953278605453,0.5549707602339181,0.5407407407407407,0.04133095207530678,0.4894298127566373,0.5920516687248443,0.47222222222222215,0.5833333333333334,0.5315718305764072,0.04116247878220568,0.48047005627920175,0.5826736048736126,0.4582953278605453,0.5549707602339181,0.38055555555555554,0.09702360664762767,0.260104149442684,0.5010069616684271,0.25,0.5,0.42694556905083214,0.07262213124919406,0.33678773915642246,0.5171033989452418,0.3076923076923077,0.5,15.0,0.0,15.0,15.0,15.0,15.0,727.6952854877803,0.7525668894992394,726.7610000786284,728.6295708969323,726.8298102449626,728.6577588419896,0.9957840870325827,0.0006647969931390514,0.9949587648726467,0.9966094091925187,0.9951351037395764,0.9967890660887353,0.5231332109415294,0.03644417286650825,0.47788904802008425,0.5683773738629746,0.46862373495992926,0.5626443857908312,0.47265087609105316,0.036396312624690605,0.42746612998189754,0.5178356222002087,0.43259275641088124,0.5271576468499661,0.5322138828906496,0.0008859481195550169,0.5311140093605816,0.5333137564207177,0.5308768919936229,0.5331116063227636,1.1759818276674767,0.06088669179859417,1.1003931344194813,1.2515705209154722,1.1019971366770196,1.2619869910082833,0.6437679447768272,0.0610148860943355,0.5680201028050188,0.7195157867486356,0.5690702421918429,0.7298975141346667,0.6416292190551758,0.0,0.6416292190551758,0.6416292190551758,0.6416292190551758,0.6416292190551758,15657.0,0.0,15657.0,15657.0,15657.0,15657.0,15657.0,0.0,15657.0,15657.0,15657.0,15657.0
61,2,inceptiontime,inception_time,0,15,0,5.0,2.5,50.0,0.9,stage1,s1_119,focused_combo_combined_regularization-wd0p01_do0p6_ls0p2_mw0p9_lr0.001_wd0.01_do0.6_ls0.2_mw90_sqinone_aggmean_prob_mannone_lossweighted_ce_cwinverse_subject_count_ep15,focused_combo,combined_regularization,wd0.01_do0.6_ls0.2_mw0.9,0.001,0.01,0.6,0.2,none,mean_prob,none,weighted_ce,inverse_subject_count,static_only,0,5,0.5398148148148149,0.07002840889329273,0.45287700029222444,0.6267526293374053,0.4583333333333333,0.625,0.5323689697030658,0.08024174184653511,0.4327516603871631,0.6319862790189685,0.44502164502164504,0.625,0.5398148148148149,0.07002840889329273,0.45287700029222444,0.6267526293374053,0.4583333333333333,0.625,0.5323689697030658,0.08024174184653511,0.4327516603871631,0.6319862790189685,0.44502164502164504,0.625,0.3916666666666667,0.12360330811826106,0.23821749303289022,0.5451158403004432,0.25,0.5833333333333334,0.43034632034632037,0.10834002556838605,0.2958459768844374,0.5648466638082033,0.3,0.5833333333333334,15.0,0.0,15.0,15.0,15.0,15.0,738.512452055607,0.43674436633303704,737.9702492365782,739.0546548746358,737.979490308091,739.1418132169638,0.9948564760887898,0.000508827223551968,0.9942247849296688,0.9954881672479108,0.9943462784567385,0.9955104011369263,0.5089183958225005,0.0416922152246942,0.4571589723039184,0.5606778193410827,0.45341035973930877,0.5587254314301112,0.4859380802662893,0.04184401554947809,0.43399020196643917,0.5378859585661395,0.4356208470266273,0.5418352047914196,0.5381243840454685,0.000899583527254299,0.5370075826347841,0.5392411854561528,0.5371141370894635,0.538968055147796,1.1939083396910255,0.05789367377147158,1.1220353733918065,1.2657813059902445,1.1140295103993132,1.24758246632176,0.6557839556455571,0.05808568029556251,0.5836726199782153,0.727895291312899,0.5751478703281812,0.7104683292322965,0.6416292190551758,0.0,0.6416292190551758,0.6416292190551758,0.6416292190551758,0.6416292190551758,15657.0,0.0,15657.0,15657.0,15657.0,15657.0,15657.0,0.0,15657.0,15657.0,15657.0,15657.0
62,2,inceptiontime,inception_time,0,9,0,5.0,2.5,50.0,0.9,stage1,s1_012,main_effect_label_smoothing-0p15_lr0.001_wd0.005_do0.5_ls0.15_mw90_sqinone_aggmean_prob_mannone_lossweighted_ce_cwinverse_subject_count_ep9,main_effect,label_smoothing,0.15,0.001,0.005,0.5,0.15,none,mean_prob,none,weighted_ce,inverse_subject_count,static_only,0,5,0.5398148148148147,0.04884204405519608,0.47917912946824215,0.6004505001613873,0.46759259259259256,0.5833333333333334,0.5252282048876477,0.05703724996992882,0.45441845871277436,0.5960379510625209,0.4350314288394784,0.584920634920635,0.5398148148148147,0.04884204405519608,0.47917912946824215,0.6004505001613873,0.46759259259259256,0.5833333333333334,0.5252282048876477,0.05703724996992882,0.45441845871277436,0.5960379510625209,0.4350314288394784,0.584920634920635,0.3583333333333333,0.09128709291752769,0.2450036079005649,0.47166305876610165,0.25,0.5,0.42736842105263156,0.0921867063584327,0.3129218570724302,0.5418149850328329,0.3157894736842105,0.5714285714285714,9.0,0.0,9.0,9.0,9.0,9.0,446.91958489040843,0.24297068630985277,446.6179453016378,447.22122447917906,446.6941082510166,447.2496309259441,0.9919740227162641,0.00029919597108606116,0.99160258140764,0.9923454640248882,0.9916722235805848,0.992319444378585,0.5066080242247092,0.03987475913618269,0.45710490872201714,0.5561111397274012,0.45202212611315806,0.5528945119860423,0.48536599849155493,0.04000314361748011,0.4357034981563498,0.5350284988267601,0.4387777115945425,0.5402973182654269,0.45425043468719206,0.0006304130050689879,0.45346779904298046,0.45503307033140367,0.45336271099387127,0.4550217721357496,1.211868610176508,0.09861024757419017,1.0894474449791822,1.3342897753738336,1.0772268683801076,1.307295345419313,0.7576181754893158,0.09867003613502992,0.6351227848898281,0.8801135660888034,0.6222050962443579,0.8530872270654684,0.6416292190551758,0.0,0.6416292190551758,0.6416292190551758,0.6416292190551758,0.6416292190551758,15657.0,0.0,15657.0,15657.0,15657.0,15657.0,15657.0,0.0,15657.0,15657.0,15657.0,15657.0
63,2,inceptiontime,inception_time,0,10,0,5.0,2.5,50.0,0.9,stage1,s1_069,focused_combo_combined_regularization-wd0p005_do0p6_ls0p15_mw0p9_lr0.001_wd0.005_do0.6_ls0.15_mw90_sqinone_aggmean_prob_mannone_lossweighted_ce_cwinverse_subject_count_ep10,focused_combo,combined_regularization,wd0.005_do0.6_ls0.15_mw0.9,0.001,0.005,0.6,0.15,none,mean_prob,none,weighted_ce,inverse_subject_count,static_only,0,5,0.5398148148148147,0.05264359160074011,0.4744596414684945,0.605169988161135,0.47222222222222215,0.611111111111111,0.5232278348175508,0.05119587239900639,0.4596699541047516,0.5867857155303499,0.4582953278605453,0.5914786967418545,0.5398148148148147,0.05264359160074011,0.4744596414684945,0.605169988161135,0.47222222222222215,0.611111111111111,0.5232278348175508,0.05119587239900639,0.4596699541047516,0.5867857155303499,0.4582953278605453,0.5914786967418545,0.3666666666666667,0.06846531968814577,0.2816693725920904,0.451663960741243,0.25,0.4166666666666667,0.41772893772893777,0.06959784075146318,0.3313256584591867,0.5041322169986888,0.3076923076923077,0.47619047619047616,10.0,0.0,10.0,10.0,10.0,10.0,488.87978228698483,0.6785607916268229,488.03737285376974,489.72219172019993,488.1366825411096,489.9600967639126,0.9912771246664441,0.0003664548713159543,0.9908221837912071,0.9917320655416811,0.9908079278828656,0.9918232729677718,0.5116609334298647,0.03508106183221879,0.46810902506832724,0.5552128417914023,0.4718073290487782,0.5682895145415545,0.4796161912365794,0.03503689695567274,0.43611911202090214,0.5231132704522566,0.42303000850075045,0.5194801680878482,0.45934098122409484,0.0009601598671643489,0.4581489764111515,0.4605329860370382,0.45784788444267555,0.4604215541788278,1.2288135170922003,0.05343523755300798,1.1624755430503695,1.2951514911340312,1.1785545530713808,1.302304428701164,0.7694725358681055,0.05277437981776101,0.7039549935356437,0.8349900782005673,0.7194709631663156,0.8426305551554325,0.6416292190551758,0.0,0.6416292190551758,0.6416292190551758,0.6416292190551758,0.6416292190551758,15657.0,0.0,15657.0,15657.0,15657.0,15657.0,15657.0,0.0,15657.0,15657.0,15657.0,15657.0
64,2,inceptiontime,inception_time,0,15,0,5.0,2.5,50.0,0.9,stage1,s1_120,focused_combo_combined_regularization-wd0p01_do0p6_ls0p3_mw0p9_lr0.001_wd0.01_do0.6_ls0.3_mw90_sqinone_aggmean_prob_mannone_lossweighted_ce_cwinverse_subject_count_ep15,focused_combo,combined_regularization,wd0.01_do0.6_ls0.3_mw0.9,0.001,0.01,0.6,0.3,none,mean_prob,none,weighted_ce,inverse_subject_count,static_only,0,5,0.538888888888889,0.07632573146685603,0.4441331691683724,0.6336446086094055,0.4166666666666667,0.625,0.521789283031173,0.08451662798323757,0.41686485244932614,0.6267137136130199,0.3961352657004831,0.6271929824561403,0.538888888888889,0.07632573146685603,0.4441331691683724,0.6336446086094055,0.4166666666666667,0.625,0.521789283031173,0.08451662798323757,0.41686485244932614,0.6267137136130199,0.3961352657004831,0.6271929824561403,0.4083333333333334,0.1330726618555943,0.24312828901970876,0.573538377646958,0.25,0.5833333333333334,0.4461172161172161,0.11160794073162722,0.3075598705496544,0.5846745616847778,0.2857142857142857,0.5833333333333334,15.0,0.0,15.0,15.0,15.0,15.0,738.7336209050379,0.5965922642512194,737.9929725248338,739.474269285242,737.7459401290398,739.2580369841307,0.9945192125852417,0.000536120216377223,0.9938536381323901,0.9951847870380932,0.9938916920154653,0.9952083574359085,0.5196585795446463,0.046687751143334594,0.46169737332102695,0.5776197857682657,0.46994375688016515,0.5755721854476865,0.47486063304059545,0.046930704119397385,0.4165978092148563,0.5331234568663346,0.41831950656777883,0.5252646005557433,0.6880144392909345,0.0008382544627473365,0.6869737757637064,0.6890551028181626,0.6867979538545134,0.6888307130070077,1.1557458076912828,0.04492028283226763,1.099978851410372,1.2115127639721934,1.09996252251218,1.2166643401933706,0.4677313684003481,0.045074180636879964,0.41177335339049786,0.5236893834101984,0.41120049161124617,0.5286730701319458,0.6416292190551758,0.0,0.6416292190551758,0.6416292190551758,0.6416292190551758,0.6416292190551758,15657.0,0.0,15657.0,15657.0,15657.0,15657.0,15657.0,0.0,15657.0,15657.0,15657.0,15657.0
65,2,inceptiontime,inception_time,0,10,0,5.0,2.5,50.0,0.5,stage1,s1_058,main_effect_max_windows_fraction-0p5_lr0.001_wd0.005_do0.5_ls0.2_mw50_sqinone_aggmean_prob_mannone_lossweighted_ce_cwinverse_subject_count_ep10,main_effect,max_windows_fraction,0.5,0.001,0.005,0.5,0.2,none,mean_prob,none,weighted_ce,inverse_subject_count,static_only,0,5,0.537962962962963,0.024366106235075517,0.5077132963208065,0.5682126296051194,0.5138888888888888,0.5648148148148148,0.5262962904691266,0.02255926558887519,0.4982897531433966,0.5543028277948566,0.5072463768115941,0.5521885521885522,0.537962962962963,0.024366106235075517,0.5077132963208065,0.5682126296051194,0.5138888888888888,0.5648148148148148,0.5262962904691266,0.02255926558887519,0.4982897531433966,0.5543028277948566,0.5072463768115941,0.5521885521885522,0.4222222222222222,0.05252130666996955,0.3570188613302794,0.48742558311416506,0.375,0.5,0.46304048892284183,0.054927754891587736,0.3948496069311686,0.531231370914515,0.4,0.5454545454545454,10.0,0.0,10.0,10.0,10.0,10.0,272.5346223016735,0.27628666885759295,272.1916220885913,272.87762251475567,272.2380926751066,272.8127207290381,0.9865723734063503,0.000724501216986703,0.9856729305456713,0.9874718162670293,0.9852968021696444,0.9870243527970963,0.526845580063235,0.026527101880474205,0.4939131130894293,0.5597780470370407,0.4886691780976757,0.5532980130419916,0.4597267933431152,0.025948477652811424,0.4275126680620285,0.491940918624202,0.4337263397551048,0.49662762407196875,0.5552925858773179,0.0015352694005785494,0.5533866027413439,0.5571985690132919,0.5532251878280213,0.5573104046464923,1.1632998655513975,0.02174571762798333,1.1363033194970245,1.1902964116057706,1.128301222800467,1.1884727326751454,0.6080072796740795,0.02034761911937214,0.5827464239023625,0.6332681354457965,0.5750760349724456,0.6311623280286531,0.6436895728111267,0.0,0.6436895728111267,0.6436895728111267,0.6436895728111267,0.6436895728111267,8701.0,0.0,8701.0,8701.0,8701.0,8701.0,8701.0,0.0,8701.0,8701.0,8701.0,8701.0
66,2,inceptiontime,inception_time,0,15,0,5.0,2.5,50.0,0.9,stage1,s1_107,main_effect_loss_type-focal_loss_lr0.001_wd0.005_do0.5_ls0.2_mw90_sqinone_aggmean_prob_mannone_lossfocal_loss_cwinverse_subject_count_ep15,main_effect,loss_type,focal_loss,0.001,0.005,0.5,0.2,none,mean_prob,none,focal_loss,inverse_subject_count,static_only,0,5,0.537037037037037,0.08673608331108884,0.4293572304773076,0.6447168435967663,0.41203703703703703,0.6342592592592592,0.5261514542252191,0.08179364174269921,0.42460751559611976,0.6276953928543185,0.4107227432035616,0.6183006535947713,0.537037037037037,0.08673608331108884,0.4293572304773076,0.6447168435967663,0.41203703703703703,0.6342592592592592,0.5261514542252191,0.08179364174269921,0.42460751559611976,0.6276953928543185,0.4107227432035616,0.6183006535947713,0.4,0.10458250331675945,0.27016448867894427,0.5298355113210558,0.25,0.5,0.43490196078431376,0.10723894923840055,0.30176856498359156,0.568035356585036,0.3333333333333333,0.5882352941176471,15.0,0.0,15.0,15.0,15.0,15.0,713.1955772884655,0.4628376781012619,712.6209805376791,713.770174039252,712.729919741163,713.9475938379765,0.989160903490464,0.000787864831343891,0.9881827969240187,0.9901390100569094,0.9879576181551137,0.9899882860182874,0.5006624084092821,0.04696450079906878,0.44235762719060506,0.5589671896279591,0.45831872260011275,0.5631531962434558,0.48849849508118204,0.04639451200056965,0.43090133497266586,0.5460956551896983,0.42683508977483153,0.529638895555001,0.01331310128947411,0.0008560820760683684,0.01225030540532438,0.014375897173623841,0.012662659884557458,0.014572565645699692,1.5221826269202823,0.2599110886364603,1.1995121225729333,1.8448531312676313,1.1257467723205192,1.8548006754275963,1.5088695256308078,0.2597646145213339,1.186380863762168,1.8313581874994476,1.113067313481879,1.8419853505490487,0.6416292190551758,0.0,0.6416292190551758,0.6416292190551758,0.6416292190551758,0.6416292190551758,15657.0,0.0,15657.0,15657.0,15657.0,15657.0,15657.0,0.0,15657.0,15657.0,15657.0,15657.0
67,2,inceptiontime,inception_time,0,9,0,5.0,2.5,50.0,0.9,stage1,s1_027,focused_combo_combined_regularization-wd0p005_do0p6_ls0p15_mw0p9_lr0.001_wd0.005_do0.6_ls0.15_mw90_sqinone_aggmean_prob_mannone_lossweighted_ce_cwinverse_subject_count_ep9,focused_combo,combined_regularization,wd0.005_do0.6_ls0.15_mw0.9,0.001,0.005,0.6,0.15,none,mean_prob,none,weighted_ce,inverse_subject_count,static_only,0,5,0.5361111111111111,0.08114408259335792,0.4353735773930948,0.6368486448291274,0.4490740740740741,0.6157407407407408,0.5360725888796064,0.08451767620781925,0.4311468569636909,0.6409983207955219,0.4476608187134503,0.6280864197530863,0.5361111111111111,0.08114408259335792,0.4353735773930948,0.6368486448291274,0.4490740740740741,0.6157407407407408,0.5360725888796064,0.08451767620781925,0.4311468569636909,0.6409983207955219,0.4476608187134503,0.6280864197530863,0.4444444444444445,0.08038775626937657,0.344645863341688,0.5442430255472009,0.375,0.5555555555555556,0.4737566137566137,0.08015095916371857,0.3742520079586875,0.5732612195545399,0.4,0.5925925925925926,9.0,0.0,9.0,9.0,9.0,9.0,441.3280479826033,0.7175119907248494,440.4372820012939,442.21881396391274,440.65615108795464,442.3645231919363,0.990846896572289,0.00031347692065211187,0.9904577259654529,0.991236067179125,0.9905654095825527,0.9913664734838562,0.5071476358495072,0.041094522563759874,0.45613022681503246,0.5581650448839819,0.4541743077148513,0.5530430497554215,0.4836992607227818,0.0412602994493554,0.4324760454967942,0.5349224759487694,0.43763849987194847,0.5371921657690049,0.46081753327185365,0.0002704378400420755,0.4604817941746925,0.4611532723690148,0.46043586494746613,0.46109733174055495,1.2310696442656783,0.09613652271372536,1.1117195217565665,1.3504197667747901,1.110937163654524,1.3257180887939928,0.7702521109938247,0.09586956470206352,0.651233407496939,0.8892708144907104,0.6505012987070579,0.8646207570534379,0.6416292190551758,0.0,0.6416292190551758,0.6416292190551758,0.6416292190551758,0.6416292190551758,15657.0,0.0,15657.0,15657.0,15657.0,15657.0,15657.0,0.0,15657.0,15657.0,15657.0,15657.0
68,2,inceptiontime,inception_time,0,10,0,5.0,2.5,50.0,0.9,stage1,s1_046,main_effect_weight_decay-0p01_lr0.001_wd0.01_do0.5_ls0.2_mw90_sqinone_aggmean_prob_mannone_lossweighted_ce_cwinverse_subject_count_ep10,main_effect,weight_decay,0.01,0.001,0.01,0.5,0.2,none,mean_prob,none,weighted_ce,inverse_subject_count,static_only,0,5,0.5361111111111111,0.058138268799817046,0.46393448865943193,0.6082877335627902,0.46296296296296297,0.625,0.5300939165363269,0.06335071063273554,0.4514462302915153,0.6087416027811384,0.45938921377517866,0.6311111111111111,0.5361111111111111,0.058138268799817046,0.46393448865943193,0.6082877335627902,0.46296296296296297,0.625,0.5300939165363269,0.06335071063273554,0.4514462302915153,0.6087416027811384,0.45938921377517866,0.6311111111111111,0.4,0.12004050242406614,0.2509739247275461,0.549026075272454,0.25,0.5833333333333334,0.44100432900432895,0.0810023597368665,0.3404427392440004,0.5415659187646575,0.3333333333333333,0.56,10.0,0.0,10.0,10.0,10.0,10.0,488.67810677574016,0.5132932878099388,488.04087115441814,489.3153423970622,488.0160580049269,489.1701106131077,0.9924123587384347,0.00043072770996567235,0.9918776253873486,0.9929470920895208,0.992010008091824,0.9931468506811664,0.5159809306904173,0.0173907250600794,0.4943909552278824,0.5375709061529521,0.49777522302473376,0.536755740454566,0.4764314280480174,0.017452587740847226,0.45476465223614637,0.49809820385988846,0.4555929321503205,0.4944848668879873,0.5416401970844902,0.000654491689328063,0.540827668597943,0.5424527255710374,0.540766815415613,0.5424962060627636,1.203921709434368,0.029260882792193132,1.1675953493019933,1.2402480695667426,1.1701366943561127,1.2447308926660559,0.6622815123498779,0.028796720361054802,0.6265313936027408,0.6980316310970149,0.6293698789404997,0.7022346866032922,0.6416292190551758,0.0,0.6416292190551758,0.6416292190551758,0.6416292190551758,0.6416292190551758,15657.0,0.0,15657.0,15657.0,15657.0,15657.0,15657.0,0.0,15657.0,15657.0,15657.0,15657.0
69,2,inceptiontime,inception_time,0,15,0,5.0,2.5,50.0,0.9,stage1,s1_112,focused_combo_combined_regularization-wd0p005_do0p6_ls0p3_mw0p9_lr0.001_wd0.005_do0.6_ls0.3_mw90_sqinone_aggmean_prob_mannone_lossweighted_ce_cwinverse_subject_count_ep15,focused_combo,combined_regularization,wd0.005_do0.6_ls0.3_mw0.9,0.001,0.005,0.6,0.3,none,mean_prob,none,weighted_ce,inverse_subject_count,static_only,0,5,0.5361111111111111,0.07961078588408066,0.4372771115019786,0.6349451107202436,0.4583333333333333,0.6527777777777778,0.5245114334771085,0.08611744863836436,0.41759964017492035,0.6314232267792966,0.44502164502164504,0.6577777777777777,0.5361111111111111,0.07961078588408066,0.4372771115019786,0.6349451107202436,0.4583333333333333,0.6527777777777778,0.5245114334771085,0.08611744863836436,0.41759964017492035,0.6314232267792966,0.44502164502164504,0.6577777777777777,0.4,0.14006446928309677,0.2261148718901534,0.5738851281098467,0.25,0.625,0.44981152181152184,0.12711122736948932,0.29200738941110804,0.6076156542119356,0.3076923076923077,0.64,15.0,0.0,15.0,15.0,15.0,15.0,738.3981980449986,0.30948501204264794,738.0139832527493,738.7824128372479,738.1067670579068,738.8122093749698,0.9945553867829762,0.0006116926963896858,0.9937959917456767,0.9953147818202757,0.9938458676863297,0.9952767421762061,0.5254488203644854,0.04253109164500998,0.47264796118015906,0.5782496795488117,0.48185581280842005,0.5799701774858999,0.4691065664184908,0.042670872201298386,0.4161321745740839,0.5220809582628977,0.4138756902004298,0.5132154726872178,0.6879012402896523,0.000878631287882353,0.6868104503495859,0.6889920302297187,0.6868265651233928,0.6889190131057343,1.1531521448788342,0.04020347127365012,1.1032409447817597,1.2030633449759087,1.0958128086145689,1.200834357347797,0.46525090458918206,0.04025571756630294,0.4152748425514762,0.5152269666268879,0.40723390301373685,0.5128932986377326,0.6416292190551758,0.0,0.6416292190551758,0.6416292190551758,0.6416292190551758,0.6416292190551758,15657.0,0.0,15657.0,15657.0,15657.0,15657.0,15657.0,0.0,15657.0,15657.0,15657.0,15657.0
70,2,inceptiontime,inception_time,0,15,0,5.0,2.5,50.0,0.9,stage1,s1_087,main_effect_weight_decay-0p002_lr0.001_wd0.002_do0.5_ls0.2_mw90_sqinone_aggmean_prob_mannone_lossweighted_ce_cwinverse_subject_count_ep15,main_effect,weight_decay,0.002,0.001,0.002,0.5,0.2,none,mean_prob,none,weighted_ce,inverse_subject_count,static_only,0,5,0.5351851851851852,0.12600759878669632,0.3787511689783135,0.6916192013920569,0.375,0.6898148148148149,0.5228845028380632,0.1331265632050719,0.3576125418887837,0.6881564637873427,0.35064935064935066,0.6900584795321637,0.5351851851851852,0.12600759878669632,0.3787511689783135,0.6916192013920569,0.375,0.6898148148148149,0.5228845028380632,0.1331265632050719,0.3576125418887837,0.6881564637873427,0.35064935064935066,0.6900584795321637,0.38333333333333336,0.19851882082619327,0.13687917712753697,0.6297874895391298,0.125,0.625,0.42344322344322344,0.20187022224862067,0.17282841986790431,0.6740580270185426,0.14285714285714285,0.6666666666666666,15.0,0.0,15.0,15.0,15.0,15.0,727.6410828347783,0.3312825846770512,727.2298071203022,728.0523585492544,727.3055124818347,728.1252775720786,0.9958997801398765,0.0007203374185315552,0.9950055064890013,0.9967940537907516,0.9950112831869674,0.9968055210890269,0.5096453837895293,0.04715666158463597,0.45110204169251483,0.5681887258865438,0.45381497346834665,0.5608525046586683,0.48625439635034723,0.04719703336718635,0.42766093410068645,0.5448478586000081,0.43595301643035855,0.5422982859752133,0.5320809670017193,0.0010847299391810207,0.530734312811656,0.5334276211917826,0.5304377537569483,0.5331243090450439,1.1862246676736685,0.07865862947062392,1.0885727368702935,1.2838765984770435,1.1054854154652813,1.3074474746981166,0.6541437006719493,0.07875021267793461,0.5563780725275039,0.7519093288163946,0.5724788933458018,0.7754654885005631,0.6416292190551758,0.0,0.6416292190551758,0.6416292190551758,0.6416292190551758,0.6416292190551758,15657.0,0.0,15657.0,15657.0,15657.0,15657.0,15657.0,0.0,15657.0,15657.0,15657.0,15657.0
71,2,inceptiontime,inception_time,0,10,0,5.0,2.5,50.0,0.9,stage1,s1_073,focused_combo_combined_regularization-wd0p01_do0p4_ls0p3_mw0p9_lr0.001_wd0.01_do0.4_ls0.3_mw90_sqinone_aggmean_prob_mannone_lossweighted_ce_cwinverse_subject_count_ep10,focused_combo,combined_regularization,wd0.01_do0.4_ls0.3_mw0.9,0.001,0.01,0.4,0.3,none,mean_prob,none,weighted_ce,inverse_subject_count,static_only,0,5,0.5351851851851851,0.05722791533467572,0.46413873464449495,0.6062316357258752,0.4444444444444444,0.5972222222222222,0.5224156041183905,0.05782195082352259,0.45063167934452314,0.5941995288922579,0.43192918192918195,0.5865546218487395,0.5351851851851851,0.05722791533467572,0.46413873464449495,0.6062316357258752,0.4444444444444444,0.5972222222222222,0.5224156041183905,0.05782195082352259,0.45063167934452314,0.5941995288922579,0.43192918192918195,0.5865546218487395,0.3888888888888889,0.1288002568818848,0.22898788556433958,0.5487898922134382,0.25,0.5,0.4312897628687102,0.11607283688509426,0.28718940526093173,0.5753901204764886,0.3076923076923077,0.5714285714285714,10.0,0.0,10.0,10.0,10.0,10.0,488.57356112101115,0.43574394817019685,488.0326002860579,489.1145219559644,488.1305350069888,489.20319287199527,0.9928802721396064,0.00026329942592173943,0.9925533951333108,0.993207149145902,0.9924329928749902,0.9931068166927289,0.5190055133304954,0.02180932210365525,0.49193000454947816,0.5460810221115125,0.4935433526947543,0.5408755616449423,0.4738747588091109,0.0219474732787106,0.4466277401876896,0.5011217774305322,0.4515574312300479,0.49933884213460705,0.6869532505196261,0.0003694176712405983,0.6864946314321552,0.687411869607097,0.6865237649948936,0.6875225447839685,1.1529228291175233,0.008315397627266545,1.1425995544919003,1.1632461037431463,1.1459921174912338,1.1651251213572202,0.46596957859789717,0.00814528822950971,0.4558574888257422,0.47608166837005217,0.4592140898228789,0.4782089075515983,0.6416292190551758,0.0,0.6416292190551758,0.6416292190551758,0.6416292190551758,0.6416292190551758,15657.0,0.0,15657.0,15657.0,15657.0,15657.0,15657.0,0.0,15657.0,15657.0,15657.0,15657.0
72,2,inceptiontime,inception_time,0,9,0,5.0,2.5,50.0,0.9,stage1,s1_006,main_effect_dropout-0p3_lr0.001_wd0.005_do0.3_ls0.2_mw90_sqinone_aggmean_prob_mannone_lossweighted_ce_cwinverse_subject_count_ep9,main_effect,dropout,0.3,0.001,0.005,0.3,0.2,none,mean_prob,none,weighted_ce,inverse_subject_count,static_only,0,5,0.5342592592592592,0.08515246956314496,0.4285454536478587,0.6399730648706597,0.4490740740740741,0.6435185185185185,0.5362229849987287,0.08892980262731726,0.4258197528172706,0.6466262171801868,0.4476608187134503,0.6527777777777777,0.5342592592592592,0.08515246956314496,0.4285454536478587,0.6399730648706597,0.4490740740740741,0.6435185185185185,0.5362229849987287,0.08892980262731726,0.4258197528172706,0.6466262171801868,0.4476608187134503,0.6527777777777777,0.4611111111111111,0.08181486930568413,0.35954081920678077,0.5626814030154413,0.375,0.5555555555555556,0.5026190476190477,0.0970015311845859,0.3821950474196013,0.6230430478184942,0.4,0.625,9.0,0.0,9.0,9.0,9.0,9.0,447.13911923947745,0.2853173706984426,446.78490772666623,447.49333075228867,446.81870480719954,447.48122695996426,0.9938145744620028,0.00029524524908551884,0.9934480378362345,0.9941811110877712,0.9935172039861024,0.994160719654511,0.5075943917515848,0.04335510450090094,0.4537705494956477,0.5614182340075219,0.4557912323627198,0.5597544059159247,0.48622018271041795,0.04337963113195454,0.4323658915019043,0.5400744739189316,0.4338538172278771,0.5383088152749356,0.5349830003622156,0.0005039429975447163,0.534357372798447,0.5356086279259842,0.5342021505059505,0.535521812708391,1.1944121410793969,0.08194042977337579,1.0926859702564382,1.2961383119023555,1.083874881538782,1.3022152239059717,0.6594291407171814,0.0819323649171459,0.5577129821304873,0.7611452993038755,0.5485947567824881,0.7673737598555428,0.6416292190551758,0.0,0.6416292190551758,0.6416292190551758,0.6416292190551758,0.6416292190551758,15657.0,0.0,15657.0,15657.0,15657.0,15657.0,15657.0,0.0,15657.0,15657.0,15657.0,15657.0
73,2,inceptiontime,inception_time,0,9,0,5.0,2.5,50.0,0.9,stage1,s1_035,focused_combo_combined_regularization-wd0p01_do0p6_ls0p2_mw0p9_lr0.001_wd0.01_do0.6_ls0.2_mw90_sqinone_aggmean_prob_mannone_lossweighted_ce_cwinverse_subject_count_ep9,focused_combo,combined_regularization,wd0.01_do0.6_ls0.2_mw0.9,0.001,0.01,0.6,0.2,none,mean_prob,none,weighted_ce,inverse_subject_count,static_only,0,5,0.5342592592592592,0.048732212470150985,0.47375992597494637,0.5947585925435721,0.4583333333333333,0.5879629629629629,0.5261930728171137,0.05776809671451926,0.45447600603150856,0.5979101396027189,0.44502164502164504,0.5977878330819507,0.5342592592592592,0.048732212470150985,0.47375992597494637,0.5947585925435721,0.4583333333333333,0.5879629629629629,0.5261930728171137,0.05776809671451926,0.45447600603150856,0.5979101396027189,0.44502164502164504,0.5977878330819507,0.41944444444444445,0.10225090177392203,0.2925035346954544,0.5463853541934345,0.3333333333333333,0.5555555555555556,0.4461338661338662,0.07188283903521012,0.3568938416043516,0.5353738906633807,0.36363636363636365,0.5384615384615384,9.0,0.0,9.0,9.0,9.0,9.0,440.92445990419947,0.1655904581753012,440.71888515579286,441.13003465260607,440.662083812058,441.05178696103394,0.9902773906599668,0.0003573681929578883,0.9898337305773425,0.9907210507425911,0.9899476368194364,0.9908315308939738,0.5194894163528115,0.03879839479301277,0.4713225694460235,0.5676562632595995,0.45564717712746905,0.5557203831488662,0.47078797430715547,0.03908727351051444,0.4222624946003569,0.519313454013954,0.4345900904576102,0.5351843537665048,0.5500636627755459,0.0002492356680511866,0.5497542454315867,0.550373080119505,0.5497736268203669,0.5503420399611303,1.180777950788435,0.06447578558333344,1.1007335234363376,1.2608223781405326,1.1039780243999278,1.238740090165157,0.6307142880128891,0.06449113354577814,0.550650806703499,0.7107777693222792,0.5540737944849571,0.6883980502040268,0.6416292190551758,0.0,0.6416292190551758,0.6416292190551758,0.6416292190551758,0.6416292190551758,15657.0,0.0,15657.0,15657.0,15657.0,15657.0,15657.0,0.0,15657.0,15657.0,15657.0,15657.0
74,2,inceptiontime,inception_time,0,10,0,5.0,2.5,50.0,0.9,stage1,s1_077,focused_combo_combined_regularization-wd0p01_do0p6_ls0p2_mw0p9_lr0.001_wd0.01_do0.6_ls0.2_mw90_sqinone_aggmean_prob_mannone_lossweighted_ce_cwinverse_subject_count_ep10,focused_combo,combined_regularization,wd0.01_do0.6_ls0.2_mw0.9,0.001,0.01,0.6,0.2,none,mean_prob,none,weighted_ce,inverse_subject_count,static_only,0,5,0.5333333333333333,0.08657531193410935,0.42585311880165766,0.640813547865009,0.4166666666666667,0.6388888888888888,0.5211978648423662,0.0924057352576063,0.4064793841627513,0.6359163455219811,0.3962148962148962,0.631429383347542,0.5333333333333333,0.08657531193410935,0.42585311880165766,0.640813547865009,0.4166666666666667,0.6388888888888888,0.5211978648423662,0.0924057352576063,0.4064793841627513,0.6359163455219811,0.3962148962148962,0.631429383347542,0.4027777777777778,0.12422599874998833,0.24855555555555559,0.5569999999999999,0.25,0.5555555555555556,0.43699739873652915,0.10086453692457707,0.31177761234358514,0.5622171851294732,0.3076923076923077,0.5555555555555556,10.0,0.0,10.0,10.0,10.0,10.0,488.68295063967815,0.29169020250117544,488.3208274796083,489.045073799748,488.38746903603896,489.0590744568035,0.9907896820418319,0.0006719113241094363,0.9899555276894166,0.9916238363942472,0.9900262228288877,0.9915499009069986,0.5147019599669795,0.03125802652582631,0.4758962159069459,0.5535077040270131,0.4870565178464844,0.5496069954698892,0.4760877220748524,0.03158856114792791,0.4368716308696573,0.5153038132800475,0.4412759588485907,0.5042504221967788,0.5486763344857253,0.0010252843541411363,0.5474034799053926,0.5499491890660579,0.5473414551291821,0.549910948478178,1.1828576609849968,0.029992805181318877,1.1456226448669105,1.2200926771030831,1.1546594923203333,1.232516157089525,0.6341813264992714,0.02926559883718353,0.5978491115623804,0.6705135414361624,0.6073180371911512,0.6826052086113471,0.6416292190551758,0.0,0.6416292190551758,0.6416292190551758,0.6416292190551758,0.6416292190551758,15657.0,0.0,15657.0,15657.0,15657.0,15657.0,15657.0,0.0,15657.0,15657.0,15657.0,15657.0
75,2,inceptiontime,inception_time,0,15,0,5.0,2.5,50.0,0.9,stage1,s1_097,main_effect_label_smoothing-0p3_lr0.001_wd0.005_do0.5_ls0.3_mw90_sqinone_aggmean_prob_mannone_lossweighted_ce_cwinverse_subject_count_ep15,main_effect,label_smoothing,0.3,0.001,0.005,0.5,0.3,none,mean_prob,none,weighted_ce,inverse_subject_count,static_only,0,5,0.5324074074074074,0.06724925484413861,0.4489198152027799,0.615894999612035,0.4398148148148148,0.611111111111111,0.516269015828849,0.07945951133749914,0.41762281826577946,0.6149152133919186,0.40569575352184045,0.6182001005530418,0.5324074074074074,0.06724925484413861,0.4489198152027799,0.615894999612035,0.4398148148148148,0.611111111111111,0.516269015828849,0.07945951133749914,0.41762281826577946,0.6149152133919186,0.40569575352184045,0.6182001005530418,0.3416666666666667,0.1513825177048746,0.15373057823942146,0.5296027550939119,0.125,0.5,0.3862971810797897,0.14907206352680538,0.20122944051265368,0.5713649216469258,0.15384615384615385,0.5333333333333333,15.0,0.0,15.0,15.0,15.0,15.0,728.0148138044402,0.6520378613836427,727.2053316592575,728.824295949623,726.9453734401613,728.6938390571158,0.9953740912834224,0.00037480842558925743,0.9949087797634214,0.9958394028034233,0.9948974096414046,0.9958078152616038,0.5166637694075483,0.04566229999364182,0.4599756248350913,0.5733519139800054,0.4581298884624411,0.5732466225013643,0.4787103218758742,0.04563383450344902,0.422057516211523,0.5353631275402254,0.4225611927602395,0.5372962015925982,0.6827296642386108,0.0005932519960402129,0.6819931626842846,0.6834661657929371,0.6820671085761236,0.6836262914910076,1.1551977509097782,0.04812059087575501,1.0954577243921324,1.214937777427424,1.100727754011034,1.2217845622759973,0.4724680866711674,0.04815387560146635,0.41268673833347663,0.5322494350088581,0.4177634863200378,0.5392907120547201,0.6416292190551758,0.0,0.6416292190551758,0.6416292190551758,0.6416292190551758,0.6416292190551758,15657.0,0.0,15657.0,15657.0,15657.0,15657.0,15657.0,0.0,15657.0,15657.0,15657.0,15657.0
76,2,inceptiontime,inception_time,0,9,0,5.0,2.5,50.0,0.9,stage1,s1_031,focused_combo_combined_regularization-wd0p01_do0p4_ls0p3_mw0p9_lr0.001_wd0.01_do0.4_ls0.3_mw90_sqinone_aggmean_prob_mannone_lossweighted_ce_cwinverse_subject_count_ep9,focused_combo,combined_regularization,wd0.01_do0.4_ls0.3_mw0.9,0.001,0.01,0.4,0.3,none,mean_prob,none,weighted_ce,inverse_subject_count,static_only,0,5,0.5314814814814814,0.06092845880134108,0.4558409359638804,0.6071220269990825,0.4490740740740741,0.5879629629629629,0.5297803551000482,0.06644886887427008,0.44728641401636704,0.6122742961837293,0.44357864357864357,0.5977878330819507,0.5314814814814814,0.06092845880134108,0.4558409359638804,0.6071220269990825,0.4490740740740741,0.5879629629629629,0.5297803551000482,0.06644886887427008,0.44728641401636704,0.6122742961837293,0.44357864357864357,0.5977878330819507,0.45,0.07893484576879346,0.352005156346285,0.547994843653715,0.375,0.5555555555555556,0.4788034188034188,0.07469811647859423,0.38606832602845104,0.5715385115783866,0.4,0.5555555555555556,9.0,0.0,9.0,9.0,9.0,9.0,440.7930436158087,0.29977073163763507,440.42088876211034,441.16519846950706,440.37460422399454,441.14710924611427,0.9920102921921471,0.0005044271485027174,0.991384063571938,0.9926365208123562,0.9914377968891614,0.9924930651173935,0.504631621167299,0.04802399213764363,0.4450115185963738,0.5642517237382242,0.44142643098668166,0.5610066095137027,0.4873786710248481,0.04804314698628056,0.42773478838088796,0.5470225536688083,0.4314072162393998,0.5510666341307119,0.6882837724093719,0.00044344435482724065,0.6877332517895217,0.6888342930292221,0.6878490999876858,0.6888023075794393,1.1609216527196118,0.048117169862982756,1.101185873269386,1.2206574321698376,1.1019616006969608,1.2143253916745305,0.47263788031023973,0.048150812346306165,0.41286033489643603,0.5324154257240434,0.41315929311752153,0.5256414595433572,0.6416292190551758,0.0,0.6416292190551758,0.6416292190551758,0.6416292190551758,0.6416292190551758,15657.0,0.0,15657.0,15657.0,15657.0,15657.0,15657.0,0.0,15657.0,15657.0,15657.0,15657.0
77,2,inceptiontime,inception_time,0,15,0,5.0,2.5,50.0,0.9,reference,ref_rank2_fixed_epoch_ep15,original_rank_parameters_no_early_stopping_static_only_ep15,reference,reference,15,0.001,0.0001,-1.0,0.0,none,mean_prob,none,weighted_ce,inverse_subject_count,static_only,15,5,0.5314814814814814,0.05353181303541577,0.4650236123640708,0.5979393505988921,0.4861111111111111,0.6203703703703703,0.5212910471171341,0.05939783508795851,0.447550717277726,0.5950313769565423,0.4727398205659075,0.6203703703703703,0.5314814814814814,0.05353181303541577,0.4650236123640708,0.5979393505988921,0.4861111111111111,0.6203703703703703,0.5212910471171341,0.05939783508795851,0.447550717277726,0.5950313769565423,0.4727398205659075,0.6203703703703703,0.4083333333333333,0.08539125638299666,0.30232308225668825,0.5143435844099784,0.3333333333333333,0.5,0.43790476190476185,0.050978631422175354,0.37461657824847044,0.5011929455610532,0.38095238095238093,0.5,15.0,0.0,15.0,15.0,15.0,15.0,718.4474886542652,0.12867922005908905,718.2877379139127,718.6072393946176,718.3149037042167,718.5987559589557,0.9937082118520124,0.0008982518200771576,0.9925930637091003,0.9948233599949245,0.9921344537015695,0.9943242998474812,0.5121423445638127,0.045330603588966706,0.45586598944885137,0.568418699678774,0.4665185821701163,0.5690853486138024,0.4815658672881996,0.04484256693903376,0.42589539256410575,0.5372363420122934,0.4252389512336787,0.5256158715314532,0.018210733093107154,0.0021001850302475485,0.015603427008215223,0.020818039177999084,0.015875699701187733,0.02151235007605175,3.3731226459381696,0.15372117472371127,3.182283196812763,3.563962095063576,3.1685467089685853,3.5833418955422522,3.354911912845062,0.15338947853253138,3.1644842529121044,3.54533957277802,3.1500757048314267,3.5652599631900905,0.6416292190551758,0.0,0.6416292190551758,0.6416292190551758,0.6416292190551758,0.6416292190551758,15657.0,0.0,15657.0,15657.0,15657.0,15657.0,15657.0,0.0,15657.0,15657.0,15657.0,15657.0
78,2,inceptiontime,inception_time,0,9,0,5.0,2.5,50.0,0.9,stage1,s1_018,main_effect_sqi_mode-top50_quality_lr0.001_wd0.005_do0.5_ls0.2_mw90_sqitop50_quality_aggmean_prob_mannone_lossweighted_ce_cwinverse_subject_count_ep9,main_effect,sqi_mode,top50_quality,0.001,0.005,0.5,0.2,top50_quality,mean_prob,none,weighted_ce,inverse_subject_count,static_only,0,5,0.5305555555555556,0.054444916853581625,0.46296410006030025,0.5981470110508109,0.4537037037037037,0.6064814814814815,0.5283278045961224,0.05954581415066798,0.4544037639383424,0.6022518452539024,0.4523809523809524,0.6171802054154996,0.5305555555555556,0.054444916853581625,0.46296410006030025,0.5981470110508109,0.4537037037037037,0.6064814814814815,0.5283278045961224,0.05954581415066798,0.4544037639383424,0.6022518452539024,0.4523809523809524,0.6171802054154996,0.3388888888888889,0.08595415803758778,0.2321798151427773,0.4455979626350005,0.25,0.4444444444444444,0.36910148674854554,0.07877484101497487,0.2713052833871069,0.46689769010998416,0.2857142857142857,0.47058823529411764,9.0,0.0,9.0,9.0,9.0,9.0,244.777866502339,0.18126514313190756,244.55283218209584,245.00290082258218,244.61312888213433,245.0844204018358,0.9903547365662462,0.0005885688806783402,0.9896240489354569,0.9910854241970355,0.9893663548291498,0.99080947055061,0.4989466810857325,0.030924042830673435,0.46055556607413284,0.5373377960973321,0.4811268049211196,0.5537544639752977,0.49140805548051397,0.031498005576931436,0.452304385841933,0.530511725119095,0.4356118908538521,0.5096725030377349,0.5510809630195219,0.0010655455916558612,0.5497581255243291,0.5524038005147147,0.5501647539648741,0.5529274714605318,1.1950438851577483,0.0636055391737202,1.1160798382133106,1.274007932102186,1.098069307690451,1.2667008132905133,0.6439629221382261,0.06451164102923967,0.5638739815070882,0.7240518627693641,0.5451418362299193,0.715961945815233,0.6416292190551758,0.0,0.6416292190551758,0.6416292190551758,0.6416292190551758,0.6416292190551758,7832.0,0.0,7832.0,7832.0,7832.0,7832.0,7831.0,0.0,7831.0,7831.0,7831.0,7831.0
79,2,inceptiontime,inception_time,0,9,0,5.0,2.5,50.0,0.7,stage1,s1_015,main_effect_max_windows_fraction-0p7_lr0.001_wd0.005_do0.5_ls0.2_mw70_sqinone_aggmean_prob_mannone_lossweighted_ce_cwinverse_subject_count_ep9,main_effect,max_windows_fraction,0.7,0.001,0.005,0.5,0.2,none,mean_prob,none,weighted_ce,inverse_subject_count,static_only,0,5,0.5305555555555556,0.09052080299596496,0.41817715219513163,0.6429339589159795,0.3796296296296296,0.6157407407407408,0.5206434826895185,0.09252302394149618,0.40577939222086573,0.6355075731581714,0.3699102829537612,0.6143790849673203,0.5305555555555556,0.09052080299596496,0.41817715219513163,0.6429339589159795,0.3796296296296296,0.6157407407407408,0.5206434826895185,0.09252302394149618,0.40577939222086573,0.6355075731581714,0.3699102829537612,0.6143790849673203,0.40277777777777785,0.10936122047238626,0.2670096566445406,0.538545898911015,0.25,0.5555555555555556,0.44269881865789795,0.1086381032693771,0.30782842218050854,0.5775692151352874,0.2857142857142857,0.5882352941176471,9.0,0.0,9.0,9.0,9.0,9.0,350.67400435581806,5.268516460540561,344.13332587840716,357.21468283322895,348.0837874398567,360.0895494990982,0.9898045624139625,0.0004615105777315695,0.9892316132117583,0.9903775116161667,0.9892897858931639,0.990464475973625,0.515734262310593,0.04651692387620811,0.45798513215009645,0.5734833924710896,0.4408267983600873,0.5693784001957144,0.4740703001033695,0.04647513169097612,0.4163730534756507,0.5317675467310883,0.4202403598756894,0.5487571216687603,0.5489797392167398,0.0010080568558042782,0.5477282719716153,0.5502312064618643,0.5478258127918785,0.5505525051516683,1.182350806505592,0.029745820818277254,1.145422412815224,1.2192792001959603,1.1508573591430866,1.2266498997486743,0.6333710672888522,0.029410506739995238,0.5968589542709309,0.6698831803067734,0.6030315463512081,0.6779001709975548,0.6418812870979309,0.0,0.6418812870979309,0.6418812870979309,0.6418812870979309,0.6418812870979309,12180.0,0.0,12180.0,12180.0,12180.0,12180.0,12180.0,0.0,12180.0,12180.0,12180.0,12180.0
80,2,inceptiontime,inception_time,0,15,0,5.0,2.5,50.0,0.9,stage1,s1_095,main_effect_label_smoothing-0p1_lr0.001_wd0.005_do0.5_ls0.1_mw90_sqinone_aggmean_prob_mannone_lossweighted_ce_cwinverse_subject_count_ep15,main_effect,label_smoothing,0.1,0.001,0.005,0.5,0.1,none,mean_prob,none,weighted_ce,inverse_subject_count,static_only,0,5,0.5296296296296297,0.049060969599033194,0.4687221558956703,0.5905371033635891,0.48148148148148145,0.5833333333333334,0.5253087863164589,0.04454975555495593,0.47000182666005497,0.5806157459728629,0.48174603174603176,0.5886274509803923,0.5296296296296297,0.049060969599033194,0.4687221558956703,0.5905371033635891,0.48148148148148145,0.5833333333333334,0.5253087863164589,0.04454975555495593,0.47000182666005497,0.5806157459728629,0.48174603174603176,0.5886274509803923,0.4305555555555555,0.07479395565464589,0.33770148180353493,0.5234096293075761,0.3333333333333333,0.5,0.45634920634920634,0.03223824763744428,0.4163265521445652,0.49637186055384747,0.4166666666666667,0.5,15.0,0.0,15.0,15.0,15.0,15.0,727.3885117401369,0.7792837391591682,726.4210582987953,728.3559651814785,726.7069337880239,728.3547511990182,0.9959881889417925,0.0004846224997566155,0.9953865470986726,0.9965898307849125,0.995163438399438,0.9964466052135019,0.5202806862474567,0.04700124716087037,0.4619302857088897,0.5786310867860237,0.4595199345430842,0.5707577608033751,0.4757075026943358,0.046814525385006814,0.4175889106942448,0.5338260946944268,0.4256888444101268,0.536580457572962,0.3382810334368954,0.001217955914036449,0.33676898386980414,0.3397930830039867,0.33638022583606236,0.3397583331786424,1.2608579321571065,0.08378641855950895,1.1568400309744853,1.3648758333397277,1.1359893361309399,1.3465469063858728,0.9225768987202112,0.08341051872554231,0.8190256640028278,1.0261281334375947,0.7975372701275956,1.0083359237973712,0.6416292190551758,0.0,0.6416292190551758,0.6416292190551758,0.6416292190551758,0.6416292190551758,15657.0,0.0,15657.0,15657.0,15657.0,15657.0,15657.0,0.0,15657.0,15657.0,15657.0,15657.0
81,2,inceptiontime,inception_time,0,9,0,5.0,2.5,50.0,0.9,stage1,s1_001,main_effect_baseline-wd0p005_do0p5_ls0p2_lr0.001_wd0.005_do0.5_ls0.2_mw90_sqinone_aggmean_prob_mannone_lossweighted_ce_cwinverse_subject_count_ep9,main_effect,baseline,wd0p005_do0p5_ls0p2,0.001,0.005,0.5,0.2,none,mean_prob,none,weighted_ce,inverse_subject_count,static_only,0,5,0.5296296296296297,0.06933633560293082,0.4435509998337008,0.6157082594255586,0.4259259259259259,0.5972222222222222,0.5247856818154302,0.07237994584308312,0.4349285166119552,0.6146428470189051,0.42295957284515634,0.5945165945165946,0.5296296296296297,0.06933633560293082,0.4435509998337008,0.6157082594255586,0.4259259259259259,0.5972222222222222,0.5247856818154302,0.07237994584308312,0.4349285166119552,0.6146428470189051,0.42295957284515634,0.5945165945165946,0.4083333333333333,0.08539125638299666,0.30232308225668825,0.5143435844099784,0.3333333333333333,0.5,0.4586561264822134,0.09602150508977508,0.33944879432084546,0.5778634586435812,0.34782608695652173,0.5714285714285714,9.0,0.0,9.0,9.0,9.0,9.0,447.7441522296052,1.3136376537724521,446.1133171371275,449.3749873220829,446.561969676055,449.37800540891476,0.9915341557927719,0.00032346201905749836,0.9911325890363321,0.9919357225492118,0.9910254457537782,0.9918918805413348,0.5043105816855095,0.05088369194834889,0.44114026205750084,0.567480901313518,0.41499959953958354,0.5387875729345192,0.48722357410726264,0.050957770079410734,0.42396128907663794,0.5504858591378874,0.452237872819259,0.5766354426215259,0.5436011673957342,0.0005652664133113137,0.5428994089612224,0.544302925830246,0.5429065059757222,0.5444222207220146,1.1995217929388273,0.07868943991125502,1.101831612053589,1.2972119738240657,1.1008885608653471,1.2766759993680465,0.6559206255430932,0.07882203080660116,0.5580658377097723,0.7537754133764141,0.5564663401433325,0.7333021128289952,0.6416292190551758,0.0,0.6416292190551758,0.6416292190551758,0.6416292190551758,0.6416292190551758,15657.0,0.0,15657.0,15657.0,15657.0,15657.0,15657.0,0.0,15657.0,15657.0,15657.0,15657.0
82,2,inceptiontime,inception_time,0,15,0,5.0,2.5,50.0,0.9,stage1,s1_094,main_effect_label_smoothing-0p05_lr0.001_wd0.005_do0.5_ls0.05_mw90_sqinone_aggmean_prob_mannone_lossweighted_ce_cwinverse_subject_count_ep15,main_effect,label_smoothing,0.05,0.001,0.005,0.5,0.05,none,mean_prob,none,weighted_ce,inverse_subject_count,static_only,0,5,0.5277777777777779,0.04268307619117081,0.47478823510780277,0.580767320447753,0.47222222222222215,0.5787037037037037,0.5181993059462436,0.038160931258233985,0.4708238476691182,0.565574764223369,0.46158730158730155,0.5588235294117648,0.5277777777777779,0.04268307619117081,0.47478823510780277,0.580767320447753,0.47222222222222215,0.5787037037037037,0.5181993059462436,0.038160931258233985,0.4708238476691182,0.565574764223369,0.46158730158730155,0.5588235294117648,0.36666666666666664,0.09033118078616166,0.2545236726317689,0.4788096607015644,0.25,0.5,0.43659147869674186,0.06893711392527435,0.3510084686173537,0.52217448877613,0.3333333333333333,0.5,15.0,0.0,15.0,15.0,15.0,15.0,727.6158576479647,0.443208370127221,727.0656299948462,728.1660853010833,727.1791828679852,728.142594726989,0.9956482255274304,0.0003705417181111714,0.9951882109751775,0.9961082400796832,0.99520012764814,0.996015157021855,0.5059802000714597,0.03821758625112086,0.4585344066069265,0.5534259935359929,0.45211457485514767,0.5517209872866894,0.48966802545597077,0.03823941411412589,0.4421951334647775,0.537140917447164,0.44424287827153397,0.5436245684241692,0.21330506364632976,0.0013281429472051921,0.2116562207405948,0.2149539065520647,0.21154970148685787,0.21502155753352134,1.4339883744874349,0.10855937172789389,1.2992157204585564,1.5687610285163134,1.2739586962151868,1.5490803688190766,1.220683310841105,0.10909507450777373,1.0852456005921516,1.3561210210900585,1.0589371386816655,1.3365191918431238,0.6416292190551758,0.0,0.6416292190551758,0.6416292190551758,0.6416292190551758,0.6416292190551758,15657.0,0.0,15657.0,15657.0,15657.0,15657.0,15657.0,0.0,15657.0,15657.0,15657.0,15657.0
83,2,inceptiontime,inception_time,0,15,0,5.0,2.5,50.0,0.9,stage1,s1_093,main_effect_dropout-0p7_lr0.001_wd0.005_do0.7_ls0.2_mw90_sqinone_aggmean_prob_mannone_lossweighted_ce_cwinverse_subject_count_ep15,main_effect,dropout,0.7,0.001,0.005,0.7,0.2,none,mean_prob,none,weighted_ce,inverse_subject_count,static_only,0,5,0.5277777777777777,0.059468669345671896,0.45394950969078895,0.6016060458647664,0.46759259259259256,0.625,0.5121011197414482,0.07428637301331197,0.41987719204335866,0.6043250474395379,0.43304093567251467,0.6296296296296297,0.5277777777777777,0.059468669345671896,0.45394950969078895,0.6016060458647664,0.46759259259259256,0.625,0.5121011197414482,0.07428637301331197,0.41987719204335866,0.6043250474395379,0.43304093567251467,0.6296296296296297,0.3916666666666667,0.12360330811826106,0.23821749303289022,0.5451158403004432,0.25,0.5833333333333334,0.42412145518889366,0.09432797251160269,0.3070165843499508,0.5412263260278365,0.3157894736842105,0.5555555555555556,15.0,0.0,15.0,15.0,15.0,15.0,727.3370269812178,0.11883118409325123,727.1895022322557,727.48455173018,727.2042640710715,727.4518294869922,0.9931841349201436,0.0004789529959688581,0.9925895315672096,0.9937787382730775,0.992809530579693,0.993941707037961,0.510972497362471,0.034257589145526436,0.4684429014714219,0.55350209325352,0.45445129736160556,0.5475593422392961,0.48221163755767266,0.03395775447694714,0.44005427589579355,0.5243689992195518,0.4463823647986649,0.5384104318283918,0.5480914384490085,0.0005807389315237142,0.5473704714255854,0.5488124054724317,0.5471483061806871,0.5486742016757412,1.1984144479829697,0.05273084045823428,1.1329509582389188,1.2638779377270206,1.1485875676075288,1.2658502806630938,0.6503230095339609,0.052557321089103215,0.5850749380032894,0.7155710810646325,0.6014392614268417,0.7176986478183469,0.6416292190551758,0.0,0.6416292190551758,0.6416292190551758,0.6416292190551758,0.6416292190551758,15657.0,0.0,15657.0,15657.0,15657.0,15657.0,15657.0,0.0,15657.0,15657.0,15657.0,15657.0
84,2,inceptiontime,inception_time,0,15,0,5.0,2.5,50.0,0.9,stage1,s1_106,main_effect_loss_type-balanced_softmax_lr0.001_wd0.005_do0.5_ls0.2_mw90_sqinone_aggmean_prob_mannone_lossbalanced_softmax_cwinverse_subject_count_ep15,main_effect,loss_type,balanced_softmax,0.001,0.005,0.5,0.2,none,mean_prob,none,balanced_softmax,inverse_subject_count,static_only,0,5,0.5259259259259259,0.08848529129977498,0.4160745389735369,0.635777312878315,0.40740740740740744,0.6481481481481481,0.5111608731974864,0.08077223050788314,0.41088498080686486,0.6114367655881079,0.40079365079365087,0.6198830409356725,0.5259259259259259,0.08848529129977498,0.4160745389735369,0.635777312878315,0.40740740740740744,0.6481481481481481,0.5111608731974864,0.08077223050788314,0.41088498080686486,0.6114367655881079,0.40079365079365087,0.6198830409356725,0.35,0.06319062870042959,0.2715510498618511,0.4284489501381489,0.25,0.4166666666666667,0.41383458646616533,0.08615767131824577,0.306872858117067,0.5207963148152637,0.2857142857142857,0.5263157894736842,15.0,0.0,15.0,15.0,15.0,15.0,711.387994503649,0.14102372703773466,711.2129184906673,711.5630705166307,711.2597316759638,711.6030189471785,0.9958480250952386,0.0007500536692619191,0.9949168597609006,0.9967791904295766,0.9947052523693729,0.9966050476729167,0.5105327185638403,0.044983265520465394,0.4546875714836355,0.5663778656440451,0.45774538830520256,0.5685797018102219,0.4853153065313981,0.04491247907411391,0.4295580383426442,0.5410725747201519,0.4280253458626948,0.5381654670142133,0.520441666706154,0.0010509898295841663,0.5191368996792644,0.5217464337330436,0.5192463038457278,0.5216652395003722,1.1777640289471947,0.08362879705255424,1.0739418093394224,1.281586248554967,1.0971737345716663,1.2907827594675112,0.6573223622410406,0.08382395046534089,0.553257866513156,0.7613868579689251,0.5779274307259386,0.7713399054137378,0.6416292190551758,0.0,0.6416292190551758,0.6416292190551758,0.6416292190551758,0.6416292190551758,15657.0,0.0,15657.0,15657.0,15657.0,15657.0,15657.0,0.0,15657.0,15657.0,15657.0,15657.0
85,2,inceptiontime,inception_time,0,9,0,5.0,2.5,50.0,0.9,stage1,s1_009,main_effect_dropout-0p7_lr0.001_wd0.005_do0.7_ls0.2_mw90_sqinone_aggmean_prob_mannone_lossweighted_ce_cwinverse_subject_count_ep9,main_effect,dropout,0.7,0.001,0.005,0.7,0.2,none,mean_prob,none,weighted_ce,inverse_subject_count,static_only,0,5,0.525,0.09714503108482636,0.4043978497053526,0.6456021502946474,0.3611111111111111,0.5972222222222222,0.5216780335322535,0.09650754474155931,0.40186730018320715,0.6414887668812999,0.36038210155857214,0.5922136970730322,0.525,0.09714503108482636,0.4043978497053526,0.6456021502946474,0.3611111111111111,0.5972222222222222,0.5216780335322535,0.09650754474155931,0.40186730018320715,0.6414887668812999,0.36038210155857214,0.5922136970730322,0.425,0.11180339887498948,0.2862,0.5638,0.25,0.5,0.4408897155700225,0.11222530153126592,0.30156593821369504,0.5802134929263499,0.26666666666666666,0.5454545454545454,9.0,0.0,9.0,9.0,9.0,9.0,447.0708330326248,0.5495917688543218,446.38853411967074,447.7531319455789,446.6762432709802,447.946235580137,0.987626623076526,0.00045794743646439907,0.9870580973892853,0.9881951487637668,0.9872229453808007,0.9882991916921181,0.508051256740926,0.05045410899253432,0.4454142492918587,0.5706882641899933,0.446563656314343,0.5803247886618226,0.47957536633560016,0.050592976002115465,0.41676596036266134,0.542384772308539,0.4068981567189781,0.540783419760472,0.5604810926446697,0.0006021993306313323,0.5597334832881323,0.5612287020012071,0.5596484150208891,0.5611427762840411,1.18272277491577,0.08658030723905866,1.0752363588881297,1.2902091909434104,1.0963652378099003,1.2984704482088592,0.6222416822711002,0.08679175336523266,0.5144927632908818,0.7299906012513186,0.5357027813915592,0.7383729927588725,0.6416292190551758,0.0,0.6416292190551758,0.6416292190551758,0.6416292190551758,0.6416292190551758,15657.0,0.0,15657.0,15657.0,15657.0,15657.0,15657.0,0.0,15657.0,15657.0,15657.0,15657.0
86,2,inceptiontime,inception_time,0,9,0,5.0,2.5,50.0,0.9,stage1,s1_017,main_effect_sqi_mode-top70_quality_lr0.001_wd0.005_do0.5_ls0.2_mw90_sqitop70_quality_aggmean_prob_mannone_lossweighted_ce_cwinverse_subject_count_ep9,main_effect,sqi_mode,top70_quality,0.001,0.005,0.5,0.2,top70_quality,mean_prob,none,weighted_ce,inverse_subject_count,static_only,0,5,0.525,0.13380350486796672,0.35888763970906135,0.6911123602909387,0.34259259259259256,0.6898148148148149,0.5185358490987781,0.12896393495364386,0.3584316451865118,0.6786400530110445,0.339626239511823,0.68743961352657,0.525,0.13380350486796672,0.35888763970906135,0.6911123602909387,0.34259259259259256,0.6898148148148149,0.5185358490987781,0.12896393495364386,0.3584316451865118,0.6786400530110445,0.339626239511823,0.68743961352657,0.36666666666666664,0.1542229626943479,0.17520426536784475,0.5581290679654886,0.25,0.625,0.4199914120966753,0.16089745048489454,0.22024286820603714,0.6197399559873135,0.25,0.6666666666666666,9.0,0.0,9.0,9.0,9.0,9.0,327.71865465636364,0.2279545821209526,327.4356570344956,328.0016522782317,327.395934660919,328.0326809519902,0.992012823160343,0.0004025538688699854,0.9915130666452335,0.9925125796754525,0.991609862566132,0.9926025345785237,0.5058154342277771,0.058143144703612974,0.43363275851247907,0.5779981099430751,0.4259199833752594,0.5765473227011619,0.48619738893256603,0.05788470405942482,0.41433555821638496,0.558059219648747,0.4160552118773617,0.5660644953231972,0.5455780889400101,0.001061854910448661,0.5442598332961449,0.5468963445838754,0.5441893534268807,0.5469641303155083,1.209844150920072,0.0891487341784194,1.0991691228934182,1.3205191789467257,1.1149072305964083,1.3277923483024592,0.6642660619800618,0.08849370161252836,0.5544042339192456,0.7741278900408779,0.5707178771695276,0.7808282179869509,0.6416292190551758,0.0,0.6416292190551758,0.6416292190551758,0.6416292190551758,0.6416292190551758,11020.0,0.0,11020.0,11020.0,11020.0,11020.0,10964.0,0.0,10964.0,10964.0,10964.0,10964.0
87,2,inceptiontime,inception_time,0,9,0,5.0,2.5,50.0,0.9,stage1,s1_023,main_effect_loss_type-focal_loss_lr0.001_wd0.005_do0.5_ls0.2_mw90_sqinone_aggmean_prob_mannone_lossfocal_loss_cwinverse_subject_count_ep9,main_effect,loss_type,focal_loss,0.001,0.005,0.5,0.2,none,mean_prob,none,focal_loss,inverse_subject_count,static_only,0,5,0.5240740740740741,0.04979811781305502,0.46225145667600637,0.585896691472142,0.46296296296296297,0.5787037037037037,0.5133064833293666,0.05219023939795011,0.4485141308487841,0.578098835809949,0.458047292143402,0.5695006747638326,0.5240740740740741,0.04979811781305502,0.46225145667600637,0.585896691472142,0.46296296296296297,0.5787037037037037,0.5133064833293666,0.05219023939795011,0.4485141308487841,0.578098835809949,0.458047292143402,0.5695006747638326,0.35,0.06319062870042959,0.2715510498618511,0.4284489501381489,0.25,0.4166666666666667,0.39553398546533564,0.07697530944462891,0.2999718374588983,0.49109613347177294,0.2857142857142857,0.46153846153846156,9.0,0.0,9.0,9.0,9.0,9.0,438.309627714986,0.4003543388244943,437.81260183931494,438.80665359065705,437.94493084796704,438.9935832270421,0.9845517320261568,0.0005335401183096834,0.9838893606746008,0.9852141033777128,0.9837093036825367,0.9851102134001769,0.48177421713356383,0.033474036790307374,0.4402173740210418,0.5233310602460859,0.4419208534063944,0.533585031649609,0.5027775148925931,0.033295636590553214,0.46144214937355255,0.5441128804116337,0.4515251817505679,0.5425453167620099,0.018495278131101113,0.000644327885817714,0.017695367650280257,0.01929518861192197,0.017965226096338615,0.019532912795871497,1.5341019604035842,0.13125182436175564,1.371157422002015,1.6970464988051532,1.4020344242158191,1.7374526563579415,1.515606682272483,0.1314779823941955,1.3523813766024897,1.6788319879424762,1.3825015114199477,1.7191942513407559,0.6416292190551758,0.0,0.6416292190551758,0.6416292190551758,0.6416292190551758,0.6416292190551758,15657.0,0.0,15657.0,15657.0,15657.0,15657.0,15657.0,0.0,15657.0,15657.0,15657.0,15657.0
88,2,inceptiontime,inception_time,0,9,0,5.0,2.5,50.0,1.0,stage1,s1_014,main_effect_max_windows_fraction-1p0_lr0.001_wd0.005_do0.5_ls0.2_mw100_sqinone_aggmean_prob_mannone_lossweighted_ce_cwinverse_subject_count_ep9,main_effect,max_windows_fraction,1.0,0.001,0.005,0.5,0.2,none,mean_prob,none,weighted_ce,inverse_subject_count,static_only,0,5,0.5231481481481481,0.08164440781735369,0.42178947820538915,0.6245068180909071,0.4537037037037037,0.6527777777777778,0.5176790067940962,0.08490902298815488,0.4122674315705786,0.6230905820176138,0.4499030381383322,0.6577777777777777,0.5231481481481481,0.08164440781735369,0.42178947820538915,0.6245068180909071,0.4537037037037037,0.6527777777777778,0.5176790067940962,0.08490902298815488,0.4122674315705786,0.6230905820176138,0.4499030381383322,0.6577777777777777,0.425,0.14553540997144152,0.24432289083069272,0.6056771091693073,0.25,0.625,0.4564949832775921,0.123866989397064,0.30271845858055524,0.6102715079746289,0.3076923076923077,0.64,9.0,0.0,9.0,9.0,9.0,9.0,498.57971509457565,6.683751710916522,490.28207167040296,506.87735851874834,495.19157259585336,510.5242211150471,0.992537166103796,0.0005138356568158279,0.9918992571503681,0.993175075057224,0.9919161266487627,0.9931788148832043,0.49800292372659455,0.04149510108520229,0.4464882105015882,0.5495176369516008,0.4551565537919853,0.5562796821389625,0.49453424237720134,0.041255789689486455,0.4433166258599838,0.5457518588944188,0.4365364969032298,0.5369700616570778,0.5414279752205424,0.0008150914338318362,0.5404160677816429,0.542439882659442,0.5404738589547607,0.5422759665128999,1.2013778917291973,0.04777471554736469,1.1420672573057424,1.2606885261526521,1.1233532751345165,1.2534265344724411,0.6599499165086546,0.04755340946508161,0.600914025827608,0.7189858071897013,0.5819275837268747,0.7111505679595412,0.6420696973800659,0.0,0.6420696973800659,0.6420696973800659,0.6420696973800659,0.6420696973800659,17349.0,0.0,17349.0,17349.0,17349.0,17349.0,17349.0,0.0,17349.0,17349.0,17349.0,17349.0
89,2,inceptiontime,inception_time,0,15,0,5.0,2.5,50.0,0.9,stage1,s1_111,focused_combo_combined_regularization-wd0p005_do0p6_ls0p15_mw0p9_lr0.001_wd0.005_do0.6_ls0.15_mw90_sqinone_aggmean_prob_mannone_lossweighted_ce_cwinverse_subject_count_ep15,focused_combo,combined_regularization,wd0.005_do0.6_ls0.15_mw0.9,0.001,0.005,0.6,0.15,none,mean_prob,none,weighted_ce,inverse_subject_count,static_only,0,5,0.5231481481481481,0.04732650069504831,0.4643939567499278,0.5819023395463685,0.4583333333333333,0.5740740740740741,0.5151304365523417,0.053505677434887794,0.44870501386670136,0.581555859237982,0.4492753623188406,0.5840854860462704,0.5231481481481481,0.04732650069504831,0.4643939567499278,0.5819023395463685,0.4583333333333333,0.5740740740740741,0.5151304365523417,0.053505677434887794,0.44870501386670136,0.581555859237982,0.4492753623188406,0.5840854860462704,0.39166666666666666,0.06972166887783963,0.30510965911929616,0.47822367421403716,0.3333333333333333,0.5,0.4495652173913044,0.08752520345546932,0.3409057458380047,0.5582246889446041,0.34782608695652173,0.5714285714285714,15.0,0.0,15.0,15.0,15.0,15.0,738.7560025927611,0.3142046407551987,738.3659285469301,739.146076638592,738.3886881489307,739.1907231800724,0.9951405768230837,0.00048076434647307143,0.9945437247420027,0.9957374289041646,0.9943977770266315,0.9956948367544424,0.5166084537505479,0.043361814137398494,0.4627762817161315,0.5704406257849642,0.44610715099831494,0.5564384688988737,0.4785321230725358,0.04332511134863517,0.42474551626360996,0.5323187298814617,0.438768471575824,0.5492583952459007,0.4483563835273249,0.0008171034700177244,0.44734197821604027,0.4493707888386095,0.4473994344555282,0.44919775604493584,1.2304414560288415,0.06252596692893841,1.1528176601776936,1.3080652518799893,1.130460467334756,1.280446439504463,0.7820850725015164,0.06253009299158785,0.7044561542882444,0.8597139907147884,0.6817792756737,0.8328727513465985,0.6416292190551758,0.0,0.6416292190551758,0.6416292190551758,0.6416292190551758,0.6416292190551758,15657.0,0.0,15657.0,15657.0,15657.0,15657.0,15657.0,0.0,15657.0,15657.0,15657.0,15657.0
90,2,inceptiontime,inception_time,0,10,0,5.0,2.5,50.0,0.9,stage1,s1_071,focused_combo_combined_regularization-wd0p01_do0p4_ls0p15_mw0p9_lr0.001_wd0.01_do0.4_ls0.15_mw90_sqinone_aggmean_prob_mannone_lossweighted_ce_cwinverse_subject_count_ep10,focused_combo,combined_regularization,wd0.01_do0.4_ls0.15_mw0.9,0.001,0.01,0.4,0.15,none,mean_prob,none,weighted_ce,inverse_subject_count,static_only,0,5,0.5222222222222223,0.04748474594428919,0.4632715748949725,0.581172869549472,0.4861111111111111,0.5972222222222222,0.5083790779099704,0.04972942556117739,0.44664173953433445,0.5701164162856063,0.4695652173913043,0.5892857142857143,0.5222222222222223,0.04748474594428919,0.4632715748949725,0.581172869549472,0.4861111111111111,0.5972222222222222,0.5083790779099704,0.04972942556117739,0.44664173953433445,0.5701164162856063,0.4695652173913043,0.5892857142857143,0.39166666666666666,0.06972166887783965,0.3051096591192961,0.4782236742140372,0.3333333333333333,0.5,0.44709956709956716,0.07491704400664345,0.3540926834738829,0.5401064507252514,0.38095238095238093,0.5714285714285714,10.0,0.0,10.0,10.0,10.0,10.0,488.64493591529316,0.2276770461750046,488.3622828445719,488.9275889860144,488.38786874199286,488.9197041587904,0.993865182425622,0.0004513246670335474,0.9933048786744427,0.9944254861768014,0.9935695878733348,0.9946486920159433,0.5086145217681488,0.022804693329481124,0.4803032945068812,0.5369257490294165,0.48420069032039786,0.5366997966671875,0.48525066065747324,0.022963742187754377,0.45674197981473613,0.5137593415002103,0.45715112368565347,0.5094038388481816,0.44721573418098404,0.0009617096568276086,0.44602180535850766,0.4484096630034604,0.445844858765577,0.4485095172962385,1.2397530807021522,0.016419308804705168,1.2193690844638867,1.2601370769404177,1.2137226772084087,1.255428346667611,0.7925373465211679,0.015566295867016567,0.7732123359393543,0.8118623571029815,0.7678778184428317,0.8069188293713725,0.6416292190551758,0.0,0.6416292190551758,0.6416292190551758,0.6416292190551758,0.6416292190551758,15657.0,0.0,15657.0,15657.0,15657.0,15657.0,15657.0,0.0,15657.0,15657.0,15657.0,15657.0
91,2,inceptiontime,inception_time,0,15,0,5.0,2.5,50.0,0.9,stage1,s1_108,main_effect_class_weight_mode-effective_number_lr0.001_wd0.005_do0.5_ls0.2_mw90_sqinone_aggmean_prob_mannone_lossweighted_ce_cweffective_number_ep15,main_effect,class_weight_mode,effective_number,0.001,0.005,0.5,0.2,none,mean_prob,none,weighted_ce,effective_number,static_only,0,5,0.5212962962962963,0.06502940666451251,0.44056456778125663,0.6020280248113359,0.4305555555555555,0.611111111111111,0.5127226107226106,0.07561173698683954,0.4188532901171791,0.6065919313280421,0.40404040404040403,0.6178266178266177,0.5212962962962963,0.06502940666451251,0.44056456778125663,0.6020280248113359,0.4305555555555555,0.611111111111111,0.5127226107226106,0.07561173698683954,0.4188532901171791,0.6065919313280421,0.40404040404040403,0.6178266178266177,0.3555555555555555,0.14386904625087288,0.1769471785244683,0.5341639325866427,0.125,0.5,0.4017543859649123,0.14621864050055816,0.22022907004701214,0.5832797018828124,0.16666666666666666,0.5714285714285714,15.0,0.0,15.0,15.0,15.0,15.0,729.7731271067169,5.267137308881912,723.2341607977387,736.312093415695,727.1031942209229,739.160324325785,0.9958587711556012,0.0005340127187400071,0.9951958130871797,0.9965217292240226,0.9953609046402775,0.99668474970939,0.5150441046642795,0.04498531166736716,0.4591964173644318,0.5708917919641273,0.45495621916917584,0.5612826538732376,0.4808146664913215,0.044932805465376986,0.4250321638004353,0.5365971691822077,0.4354020958361524,0.5410883553379283,0.5322106437364454,0.0008626343091492841,0.5311397134846398,0.533281573988251,0.5308367192084626,0.5331250585062735,1.1859754427574007,0.07095883391514707,1.0978825381898487,1.2740683473249528,1.100148560813223,1.2840538370763195,0.6537647990209553,0.0710425068797513,0.5655680174013284,0.7419615806405822,0.5670235023069496,0.7517031052987359,0.6416292190551758,0.0,0.6416292190551758,0.6416292190551758,0.6416292190551758,0.6416292190551758,15657.0,0.0,15657.0,15657.0,15657.0,15657.0,15657.0,0.0,15657.0,15657.0,15657.0,15657.0
92,2,inceptiontime,inception_time,0,9,0,5.0,2.5,50.0,0.9,stage1,s1_038,quality_combo_sqi_aggregation-top50_quality_quality_weighted_mean_lr0.001_wd0.005_do0.5_ls0.2_mw90_sqitop50_quality_aggquality_weighted_mean_mannone_lossweighted_ce_cwinverse_subject_count_ep9,quality_combo,sqi_aggregation,top50_quality_quality_weighted_mean,0.001,0.005,0.5,0.2,top50_quality,quality_weighted_mean,none,weighted_ce,inverse_subject_count,static_only,0,5,0.5203703703703704,0.05473937501428688,0.45241335539197636,0.5883273853487644,0.4583333333333333,0.6064814814814815,0.5161663753820616,0.06244616067642056,0.43864165619549567,0.5936910945686275,0.45714285714285713,0.6171802054154996,0.5203703703703704,0.05473937501428688,0.45241335539197636,0.5883273853487644,0.4583333333333333,0.6064814814814815,0.5161663753820616,0.06244616067642056,0.43864165619549567,0.5936910945686275,0.45714285714285713,0.6171802054154996,0.3472222222222222,0.07081971546656644,0.25930202833124427,0.43514241611320015,0.25,0.4444444444444444,0.39855203619909507,0.06981124756398263,0.3118838198534075,0.4852202525447826,0.3076923076923077,0.47058823529411764,9.0,0.0,9.0,9.0,9.0,9.0,241.45310788620264,0.11115965143788069,241.31510707607674,241.59110869632855,241.34447085601278,241.58527552289888,0.9902698089392524,0.0005219394074718919,0.9896218394634935,0.9909177784150114,0.9894207477220098,0.990792815122379,0.49822950850053854,0.033108713671132224,0.45712620123264863,0.5393328157684285,0.4775685891631432,0.5566448173512771,0.492040300438714,0.03357503289602316,0.45035807420175733,0.5337225266756707,0.4327759303707327,0.5127947473555903,0.5512055806703876,0.0010921584646757514,0.5498497042263585,0.5525614571144167,0.550251766046723,0.5530937448422873,1.1966186375436616,0.06468129237219276,1.1163190807180357,1.2769181943692876,1.0946432679841755,1.2654629703276985,0.6454130568732739,0.06565547412352901,0.5639040875570968,0.726922026189451,0.5415495231418882,0.7146191691077282,0.6416292190551758,0.0,0.6416292190551758,0.6416292190551758,0.6416292190551758,0.6416292190551758,7832.0,0.0,7832.0,7832.0,7832.0,7832.0,7831.0,0.0,7831.0,7831.0,7831.0,7831.0
93,2,inceptiontime,inception_time,0,15,0,5.0,2.5,50.0,0.9,stage1,s1_118,focused_combo_combined_regularization-wd0p01_do0p6_ls0p15_mw0p9_lr0.001_wd0.01_do0.6_ls0.15_mw90_sqinone_aggmean_prob_mannone_lossweighted_ce_cwinverse_subject_count_ep15,focused_combo,combined_regularization,wd0.01_do0.6_ls0.15_mw0.9,0.001,0.01,0.6,0.15,none,mean_prob,none,weighted_ce,inverse_subject_count,static_only,0,5,0.5203703703703704,0.06023858030305245,0.4455862848220189,0.5951544559187218,0.4583333333333333,0.5925925925925926,0.5128894035790432,0.06638367537919569,0.4304763979338852,0.5953024092242012,0.4492753623188406,0.5840854860462704,0.5203703703703704,0.06023858030305245,0.4455862848220189,0.5951544559187218,0.4583333333333333,0.5925925925925926,0.5128894035790432,0.06638367537919569,0.4304763979338852,0.5953024092242012,0.4492753623188406,0.5840854860462704,0.3833333333333333,0.11180339887498948,0.24453333333333332,0.5221333333333333,0.25,0.5,0.4314699792960662,0.13225908825394098,0.26727495808590507,0.5956650005062273,0.2857142857142857,0.5714285714285714,15.0,0.0,15.0,15.0,15.0,15.0,738.2252314874902,0.2642022557317024,737.8972336496377,738.5532293253427,738.0707512781955,738.6823294791393,0.9950276886000451,0.00046123769877841504,0.9944550781674945,0.9956002990325957,0.9942915168916237,0.9954750609265363,0.5190279742291497,0.04786691083223964,0.45960288259178705,0.5784530658665124,0.44496554211107087,0.5626906982154828,0.4759997143708953,0.047861953150185516,0.41658077752199196,0.5354186512197986,0.43278436271105347,0.5503261139300616,0.4484455995644036,0.0008080541145082171,0.4474424287107237,0.4494487704180835,0.4475444241124916,0.4493310787204072,1.2290243714574043,0.07005781369418773,1.1420500519054024,1.3159986910094061,1.1151654847036419,1.28996601755714,0.7805787718930005,0.07018906343542537,0.6934415103887227,0.8677160333972783,0.6661329492954398,0.8413020713581889,0.6416292190551758,0.0,0.6416292190551758,0.6416292190551758,0.6416292190551758,0.6416292190551758,15657.0,0.0,15657.0,15657.0,15657.0,15657.0,15657.0,0.0,15657.0,15657.0,15657.0,15657.0
94,2,inceptiontime,inception_time,0,15,0,5.0,2.5,50.0,0.9,stage1,s1_113,focused_combo_combined_regularization-wd0p01_do0p4_ls0p15_mw0p9_lr0.001_wd0.01_do0.4_ls0.15_mw90_sqinone_aggmean_prob_mannone_lossweighted_ce_cwinverse_subject_count_ep15,focused_combo,combined_regularization,wd0.01_do0.4_ls0.15_mw0.9,0.001,0.01,0.4,0.15,none,mean_prob,none,weighted_ce,inverse_subject_count,static_only,0,5,0.5203703703703704,0.06310577485699534,0.4420267633039633,0.5987139774367775,0.4305555555555555,0.6018518518518519,0.5042039286249812,0.06397521954521135,0.4247809364599215,0.5836269207900409,0.40952380952380957,0.5754385964912281,0.5203703703703704,0.06310577485699534,0.4420267633039633,0.5987139774367775,0.4305555555555555,0.6018518518518519,0.5042039286249812,0.06397521954521135,0.4247809364599215,0.5836269207900409,0.40952380952380957,0.5754385964912281,0.35833333333333334,0.06972166887783965,0.2717763257859628,0.4448903408807039,0.25,0.4166666666666667,0.42553621816779713,0.09166443072292607,0.3117380410786721,0.5393343952569222,0.3,0.5263157894736842,15.0,0.0,15.0,15.0,15.0,15.0,738.7621964867227,0.5779061722000387,738.0447462346865,739.4796467387589,737.9169986769557,739.308937667869,0.9966070907666209,0.0005642718433313745,0.9959065670558707,0.9973076144773712,0.9960379239463867,0.9972215548036221,0.5093465779855694,0.05613705825855378,0.4396543882606441,0.5790387677104947,0.43996109622649265,0.5794048131865857,0.4872605127810516,0.05576989794932902,0.4180241397077952,0.556496885854308,0.4178167416170364,0.5564773243073915,0.43794229457752054,0.001021681282393319,0.4366739130844431,0.439210676070598,0.43682449381126875,0.439052310636307,1.241340879610424,0.07460112222435769,1.1487262018015798,1.333955557419268,1.1344417065165655,1.3383621427615837,0.8033985850329032,0.07467528467077603,0.7106918371468838,0.8961053329189226,0.6953893958802585,0.8995659609103019,0.6416292190551758,0.0,0.6416292190551758,0.6416292190551758,0.6416292190551758,0.6416292190551758,15657.0,0.0,15657.0,15657.0,15657.0,15657.0,15657.0,0.0,15657.0,15657.0,15657.0,15657.0
95,2,inceptiontime,inception_time,0,15,0,5.0,2.5,50.0,0.9,stage1,s1_088,main_effect_weight_decay-0p01_lr0.001_wd0.01_do0.5_ls0.2_mw90_sqinone_aggmean_prob_mannone_lossweighted_ce_cwinverse_subject_count_ep15,main_effect,weight_decay,0.01,0.001,0.01,0.5,0.2,none,mean_prob,none,weighted_ce,inverse_subject_count,static_only,0,5,0.5194444444444445,0.050119883713793945,0.45722236596136534,0.5816665229275236,0.4444444444444444,0.5833333333333334,0.5121779987958478,0.05532820190179633,0.44348997588022915,0.5808660217114665,0.42857142857142855,0.5838509316770186,0.5194444444444445,0.050119883713793945,0.45722236596136534,0.5816665229275236,0.4444444444444444,0.5833333333333334,0.5121779987958478,0.05532820190179633,0.44348997588022915,0.5808660217114665,0.42857142857142855,0.5838509316770186,0.39166666666666666,0.10865337342004415,0.2567773128325787,0.5265560205007547,0.25,0.5,0.4331428571428571,0.10508694165367287,0.3026811033115726,0.5636046109741416,0.2857142857142857,0.5714285714285714,15.0,0.0,15.0,15.0,15.0,15.0,727.7026593335438,0.21766009793533295,727.432441952879,727.9728767142086,727.4106378271244,727.9693825298455,0.9957975764208328,0.0005096043321064546,0.9951649205086859,0.9964302323329797,0.9951624581049678,0.9964805500895183,0.5138084926042257,0.03691671234830132,0.4679776884828451,0.5596392967256062,0.4652053409241065,0.5591612482429723,0.48198908381660727,0.03676134547139733,0.4363511622259124,0.5276270054073021,0.437319301846546,0.5305144380103305,0.532301169139026,0.0008542942604711294,0.5312405927652615,0.5333617455127906,0.531015934558407,0.5330935161803977,1.1895908629611616,0.07732159656526699,1.093598811634895,1.2855829142874282,1.1162962240549898,1.312769702961083,0.6572896938221356,0.07737326809643613,0.5612334941014692,0.7533458935428021,0.5832027078745922,0.7805053275433151,0.6416292190551758,0.0,0.6416292190551758,0.6416292190551758,0.6416292190551758,0.6416292190551758,15657.0,0.0,15657.0,15657.0,15657.0,15657.0,15657.0,0.0,15657.0,15657.0,15657.0,15657.0
96,2,inceptiontime,inception_time,0,15,0,5.0,2.5,50.0,0.9,stage1,s1_110,focused_combo_combined_regularization-wd0p005_do0p4_ls0p3_mw0p9_lr0.001_wd0.005_do0.4_ls0.3_mw90_sqinone_aggmean_prob_mannone_lossweighted_ce_cwinverse_subject_count_ep15,focused_combo,combined_regularization,wd0.005_do0.4_ls0.3_mw0.9,0.001,0.005,0.4,0.3,none,mean_prob,none,weighted_ce,inverse_subject_count,static_only,0,5,0.5194444444444445,0.03621779114001472,0.4744813264997485,0.5644075623891405,0.4861111111111111,0.5787037037037037,0.5031705526442368,0.029659853454151435,0.46634888442251027,0.5399922208659633,0.4706349206349207,0.5477582846003898,0.5194444444444445,0.03621779114001472,0.4744813264997485,0.5644075623891405,0.4861111111111111,0.5787037037037037,0.5031705526442368,0.029659853454151435,0.46634888442251027,0.5399922208659633,0.4706349206349207,0.5477582846003898,0.3583333333333333,0.022821773229381934,0.3300009019751412,0.38666576469152536,0.3333333333333333,0.375,0.40421052631578946,0.00941502306315699,0.3925221052631579,0.41589894736842103,0.4,0.42105263157894735,15.0,0.0,15.0,15.0,15.0,15.0,738.5620846135541,0.5317864240212399,737.9018904119746,739.2222788151337,737.6376575538889,738.9427230029833,0.9962802619790478,0.0005014419123698751,0.9956577394248386,0.9969027845332571,0.9956557725980503,0.9969037141223194,0.5234126358239211,0.03858905343169552,0.4755056788779322,0.5713195927699098,0.4853054478576128,0.5824299102942992,0.4728676261551268,0.038325707737773024,0.4252876036555345,0.5204476486547192,0.4144738038280201,0.5109660790899049,0.6792308634519078,0.0006884870277539006,0.6783761309445437,0.6800855959592718,0.6785518066940519,0.6799852089020585,1.153342842097409,0.037333958559616826,1.10699404143287,1.199691642761948,1.1142016876442349,1.2024126807550162,0.47411197864550136,0.03751648291355567,0.42753658039464904,0.5206873768963537,0.4342164787421764,0.5238477455901424,0.6416292190551758,0.0,0.6416292190551758,0.6416292190551758,0.6416292190551758,0.6416292190551758,15657.0,0.0,15657.0,15657.0,15657.0,15657.0,15657.0,0.0,15657.0,15657.0,15657.0,15657.0
97,2,inceptiontime,inception_time,0,15,0,5.0,2.5,50.0,0.9,stage1,s1_117,focused_combo_combined_regularization-wd0p01_do0p5_ls0p3_mw0p9_lr0.001_wd0.01_do0.5_ls0.3_mw90_sqinone_aggmean_prob_mannone_lossweighted_ce_cwinverse_subject_count_ep15,focused_combo,combined_regularization,wd0.01_do0.5_ls0.3_mw0.9,0.001,0.01,0.5,0.3,none,mean_prob,none,weighted_ce,inverse_subject_count,static_only,0,5,0.5194444444444444,0.056738939629087146,0.449005040099296,0.5898838487895928,0.46296296296296297,0.5972222222222222,0.5082292328900218,0.06135701824290427,0.43205664585053927,0.5844018199295042,0.4596273291925465,0.5927726926010678,0.5194444444444444,0.056738939629087146,0.449005040099296,0.5898838487895928,0.46296296296296297,0.5972222222222222,0.5082292328900218,0.06135701824290427,0.43205664585053927,0.5844018199295042,0.4596273291925465,0.5927726926010678,0.36666666666666664,0.12638125740085918,0.2097687663903688,0.5235645669429645,0.25,0.5,0.4033047044488692,0.12124107157784876,0.25278816466261855,0.5538212442351198,0.2857142857142857,0.5454545454545454,15.0,0.0,15.0,15.0,15.0,15.0,738.378235579608,0.15398226626344713,738.1870719944897,738.5693991647264,738.2058693810832,738.5641280990094,0.9954723679078026,0.0005156636183542042,0.994832189604211,0.9961125462113941,0.9950161819509251,0.9963031797124449,0.5117310992868843,0.03911377004818687,0.46317272505750473,0.5602894735162639,0.45487315804582706,0.5536512727729841,0.48374126862091843,0.038988233874940215,0.4353387431494654,0.5321437940923714,0.44265190693946077,0.5405739083689424,0.6826917528500468,0.0006507289848382638,0.6818838956292074,0.6834996100708862,0.6817456068829839,0.6834575291743386,1.1585600049049027,0.04340941341503843,1.1046687400360744,1.212451269773731,1.1098676789708737,1.2232846010854392,0.47586825205485583,0.043439091377159525,0.42194014303653055,0.5297963610731812,0.4267636957903831,0.5406211037755007,0.6416292190551758,0.0,0.6416292190551758,0.6416292190551758,0.6416292190551758,0.6416292190551758,15657.0,0.0,15657.0,15657.0,15657.0,15657.0,15657.0,0.0,15657.0,15657.0,15657.0,15657.0
98,2,inceptiontime,inception_time,0,10,0,5.0,2.5,50.0,1.0,stage1,s1_056,main_effect_max_windows_fraction-1p0_lr0.001_wd0.005_do0.5_ls0.2_mw100_sqinone_aggmean_prob_mannone_lossweighted_ce_cwinverse_subject_count_ep10,main_effect,max_windows_fraction,1.0,0.001,0.005,0.5,0.2,none,mean_prob,none,weighted_ce,inverse_subject_count,static_only,0,5,0.5194444444444444,0.10166228149484938,0.39323428613554817,0.6456546027533405,0.3611111111111111,0.6342592592592592,0.5063854869548772,0.09906848021697988,0.38339544199665676,0.6293755319130976,0.36103330220977287,0.6262626262626262,0.5194444444444444,0.10166228149484938,0.39323428613554817,0.6456546027533405,0.3611111111111111,0.6342592592592592,0.5063854869548772,0.09906848021697988,0.38339544199665676,0.6293755319130976,0.36103330220977287,0.6262626262626262,0.38333333333333336,0.12638125740085918,0.2264354330570355,0.5402312336096312,0.25,0.5,0.42813852813852815,0.11237081311526874,0.2886341032521361,0.5676429530249202,0.2857142857142857,0.5454545454545454,10.0,0.0,10.0,10.0,10.0,10.0,541.1919876531698,0.21832071280618787,540.9209501423032,541.4630251640364,540.9351978919003,541.4834649451077,0.9934900222654844,0.0001148465694543321,0.9933474442759004,0.9936326002550685,0.993376668487642,0.9936836195276785,0.5169263903688985,0.06735788489310184,0.4333039377669323,0.6005488429708647,0.4071872158923619,0.5751186168669435,0.4765636318965861,0.06731829574666522,0.39299032783196935,0.560136935961203,0.41856500266073493,0.5862704775951468,0.5393747748132076,0.00021647144519171995,0.5391060331032511,0.5396435165231641,0.5391299445586369,0.5396359121759409,1.1784219254852148,0.07480108150431178,1.0855590052406585,1.2712848457297712,1.0883151586485833,1.267937108106111,0.6390471506720072,0.07489665306775913,0.5460655816820641,0.7320287196619504,0.5488630183252845,0.7287655861432082,0.6420696973800659,0.0,0.6420696973800659,0.6420696973800659,0.6420696973800659,0.6420696973800659,17349.0,0.0,17349.0,17349.0,17349.0,17349.0,17349.0,0.0,17349.0,17349.0,17349.0,17349.0
99,2,inceptiontime,inception_time,0,10,0,5.0,2.5,50.0,0.9,reference,ref_rank2_fixed_epoch_ep10,original_rank_parameters_no_early_stopping_static_only_ep10,reference,reference,10,0.001,0.0001,-1.0,0.0,none,mean_prob,none,weighted_ce,inverse_subject_count,static_only,10,5,0.5185185185185185,0.028160937640269564,0.4835577017293985,0.5534793353076385,0.48148148148148145,0.5601851851851852,0.5082926675882659,0.03048093388896221,0.4704516567928921,0.5461336783836396,0.48352941176470593,0.5588235294117648,0.5185185185185185,0.028160937640269564,0.4835577017293985,0.5534793353076385,0.48148148148148145,0.5601851851851852,0.5082926675882659,0.03048093388896221,0.4704516567928921,0.5461336783836396,0.48352941176470593,0.5588235294117648,0.3888888888888889,0.09368567752244474,0.2725814047608349,0.5051963730169429,0.25,0.5,0.4148319327731092,0.07956772955102433,0.3160513860919588,0.5136124794542596,0.3,0.5,10.0,0.0,10.0,10.0,10.0,10.0,482.5477837980725,0.17578385096911958,482.3295543098814,482.76601328626356,482.30152709200047,482.78112036618404,0.9913332795649898,0.00053092949498256,0.9906741492107689,0.9919924099192108,0.9909021648494173,0.9921626424785476,0.49133255457335967,0.028732901876840602,0.4556616642369692,0.5270034449097502,0.44138265374711194,0.5136019374926756,0.5000007249916301,0.028574804799022024,0.46452610663464294,0.5354753433486172,0.4773002273567417,0.5496029334421266,0.02523208669748129,0.0016056809826028794,0.023238690050976157,0.02722548334398642,0.02298911088375766,0.026549665793156273,3.152159600376269,0.274395950712055,2.811506647585286,3.492812553167252,2.891343329172922,3.4621905989259836,3.1269275136787873,0.2748860950740787,2.7856660638462705,3.468188963511304,2.8672717226392423,3.439201488042226,0.6416292190551758,0.0,0.6416292190551758,0.6416292190551758,0.6416292190551758,0.6416292190551758,15657.0,0.0,15657.0,15657.0,15657.0,15657.0,15657.0,0.0,15657.0,15657.0,15657.0,15657.0
100,2,inceptiontime,inception_time,0,15,0,5.0,2.5,50.0,0.9,stage1,s1_109,focused_combo_combined_regularization-wd0p005_do0p4_ls0p15_mw0p9_lr0.001_wd0.005_do0.4_ls0.15_mw90_sqinone_aggmean_prob_mannone_lossweighted_ce_cwinverse_subject_count_ep15,focused_combo,combined_regularization,wd0.005_do0.4_ls0.15_mw0.9,0.001,0.005,0.4,0.15,none,mean_prob,none,weighted_ce,inverse_subject_count,static_only,0,5,0.5185185185185184,0.04243125643477627,0.4658416012475854,0.5711954357894514,0.47685185185185186,0.5879629629629629,0.5008269998150198,0.04033282724449553,0.4507552088152177,0.5508987908148218,0.47222222222222227,0.5652173913043478,0.5185185185185184,0.04243125643477627,0.4658416012475854,0.5711954357894514,0.47685185185185186,0.5879629629629629,0.5008269998150198,0.04033282724449553,0.4507552088152177,0.5508987908148218,0.47222222222222227,0.5652173913043478,0.3555555555555555,0.0712271189164338,0.26712958456468083,0.4439815265464302,0.25,0.4444444444444444,0.40840336134453786,0.05260590710546561,0.3430949719779242,0.4737117507111515,0.3333333333333333,0.47058823529411764,15.0,0.0,15.0,15.0,15.0,15.0,738.3060027707368,0.2754759752444451,737.9640090053533,738.6479965361202,738.0152266479563,738.7026842378546,0.9967564633164814,0.00031258821285864633,0.9963683960092138,0.997144530623749,0.9964040721821652,0.9971189555081332,0.5100532347369088,0.05154906103659627,0.44605688271294414,0.5740495867608735,0.44759025584037493,0.5695559510482291,0.4867032285795726,0.051409488996842466,0.4228801503497212,0.550526306809424,0.42756300445990414,0.5493355739917813,0.4377191890011403,0.0009264916074330221,0.4365689821522815,0.4388693958499991,0.43662082452615836,0.4388346882345394,1.2299594387475512,0.07023207045615558,1.1427687855348154,1.317150091960287,1.147302070512438,1.331147076076008,0.7922402497464108,0.0701354215383609,0.705169582776713,0.8793109167161086,0.7084673822778985,0.8926431359294177,0.6416292190551758,0.0,0.6416292190551758,0.6416292190551758,0.6416292190551758,0.6416292190551758,15657.0,0.0,15657.0,15657.0,15657.0,15657.0,15657.0,0.0,15657.0,15657.0,15657.0,15657.0
101,2,inceptiontime,inception_time,0,15,0,5.0,2.5,50.0,0.9,stage1,s1_114,focused_combo_combined_regularization-wd0p01_do0p4_ls0p2_mw0p9_lr0.001_wd0.01_do0.4_ls0.2_mw90_sqinone_aggmean_prob_mannone_lossweighted_ce_cwinverse_subject_count_ep15,focused_combo,combined_regularization,wd0.01_do0.4_ls0.2_mw0.9,0.001,0.01,0.4,0.2,none,mean_prob,none,weighted_ce,inverse_subject_count,static_only,0,5,0.5175925925925926,0.03531894652363083,0.4737453587266408,0.5614398264585444,0.46296296296296297,0.5509259259259259,0.49496526680669906,0.03980870701318994,0.4455441526989882,0.5443863809144098,0.4515151515151515,0.5551485551485552,0.5175925925925926,0.03531894652363083,0.4737453587266408,0.5614398264585444,0.46296296296296297,0.5509259259259259,0.49496526680669906,0.03980870701318994,0.4455441526989882,0.5443863809144098,0.4515151515151515,0.5551485551485552,0.31666666666666665,0.10865337342004416,0.1817773128325787,0.4515560205007546,0.25,0.5,0.3781684981684982,0.09841066843935997,0.25599510347004073,0.5003418928669556,0.2857142857142857,0.5384615384615384,15.0,0.0,15.0,15.0,15.0,15.0,738.2770853201393,0.5499318912454584,737.594364157161,738.9598064831177,737.5249876610469,738.806657812791,0.9964540855353553,0.00039158315041643683,0.9959679487825848,0.9969402222881258,0.9960089865403166,0.9969760681563289,0.5194861653100852,0.044935434185701666,0.4637003991550759,0.5752719314650945,0.4747724563707158,0.5905880682086162,0.47696792022527,0.04466028672900978,0.4215237399913787,0.5324121004591613,0.4063879999477127,0.5212365301696007,0.528194632755528,0.0006202175572114917,0.5274246544023904,0.5289646111086657,0.527269429871801,0.5288248074990094,1.1990116041288004,0.06394614573768924,1.119624706076484,1.2783985021811168,1.1127782874916163,1.2793403235711733,0.6708169713732726,0.06388692633045112,0.5915035921388754,0.7501303506076697,0.5839534799926069,0.7506339268472269,0.6416292190551758,0.0,0.6416292190551758,0.6416292190551758,0.6416292190551758,0.6416292190551758,15657.0,0.0,15657.0,15657.0,15657.0,15657.0,15657.0,0.0,15657.0,15657.0,15657.0,15657.0
102,2,inceptiontime,inception_time,0,9,0,5.0,2.5,50.0,0.5,stage1,s1_016,main_effect_max_windows_fraction-0p5_lr0.001_wd0.005_do0.5_ls0.2_mw50_sqinone_aggmean_prob_mannone_lossweighted_ce_cwinverse_subject_count_ep9,main_effect,max_windows_fraction,0.5,0.001,0.005,0.5,0.2,none,mean_prob,none,weighted_ce,inverse_subject_count,static_only,0,5,0.5148148148148148,0.04421235698634561,0.4599267236525206,0.569702905977109,0.4537037037037037,0.5694444444444444,0.4987247828424298,0.043842198771041015,0.4442962301270993,0.5531533355577604,0.4537037037037037,0.5548085901027077,0.5148148148148148,0.04421235698634561,0.4599267236525206,0.569702905977109,0.4537037037037037,0.5694444444444444,0.4987247828424298,0.043842198771041015,0.4442962301270993,0.5531533355577604,0.4537037037037037,0.5548085901027077,0.33333333333333337,0.12147816447594376,0.18252245102631212,0.4841442156403546,0.125,0.4166666666666667,0.38047619047619047,0.10648475133827234,0.24827910492713462,0.5126732760252464,0.2,0.47619047619047616,9.0,0.0,9.0,9.0,9.0,9.0,251.47596592358315,4.616075993825009,245.74526941175966,257.2066624354066,249.23734650108963,259.72964494396,0.9854331521201047,0.0004928073093904154,0.9848213491227749,0.9860449551174346,0.9847442071331878,0.9861149076470204,0.5157720761357478,0.02683443217119937,0.4824580693806663,0.5490860828908294,0.47693831217888044,0.5404023920842125,0.4696610759843569,0.027173663356168838,0.43592592560620536,0.5033962263625085,0.4448986244664408,0.50917659546814,0.5580128472486138,0.0012040975269362228,0.5565180023832478,0.5595076921139798,0.5565306466645148,0.5593696775493058,1.202587878124935,0.04417004676980682,1.1477523136131245,1.2574234426367457,1.1354408373735025,1.2390418336744595,0.644575030876321,0.04453058962849253,0.5892918650456852,0.6998581967069567,0.5760711598241968,0.682010698505295,0.6436895728111267,0.0,0.6436895728111267,0.6436895728111267,0.6436895728111267,0.6436895728111267,8701.0,0.0,8701.0,8701.0,8701.0,8701.0,8701.0,0.0,8701.0,8701.0,8701.0,8701.0
103,2,inceptiontime,inception_time,0,15,0,5.0,2.5,50.0,0.9,stage1,s1_115,focused_combo_combined_regularization-wd0p01_do0p4_ls0p3_mw0p9_lr0.001_wd0.01_do0.4_ls0.3_mw90_sqinone_aggmean_prob_mannone_lossweighted_ce_cwinverse_subject_count_ep15,focused_combo,combined_regularization,wd0.01_do0.4_ls0.3_mw0.9,0.001,0.01,0.4,0.3,none,mean_prob,none,weighted_ce,inverse_subject_count,static_only,0,5,0.5148148148148147,0.036658949805239184,0.4693040138537766,0.5603256157758528,0.47222222222222215,0.5648148148148148,0.49443800231416335,0.044913715435619235,0.4386791992259461,0.5501968054023806,0.43557422969187676,0.5515151515151515,0.5148148148148147,0.036658949805239184,0.4693040138537766,0.5603256157758528,0.47222222222222215,0.5648148148148148,0.49443800231416335,0.044913715435619235,0.4386791992259461,0.5501968054023806,0.43557422969187676,0.5515151515151515,0.32500000000000007,0.11180339887498951,0.18620000000000003,0.4638000000000001,0.16666666666666666,0.4166666666666667,0.3751107715813598,0.11187838299538794,0.23621768142474533,0.5140038617379743,0.23529411764705882,0.5,15.0,0.0,15.0,15.0,15.0,15.0,738.0430421364028,0.2772452685076887,737.6988518554625,738.3872324173432,737.6444856610615,738.3716159858741,0.9960817648054621,0.0005718209594615668,0.9953718691316998,0.9967916604792243,0.9952514736654955,0.9966975815298109,0.5182869654668124,0.033788072271242815,0.47634025831444504,0.5602336726191798,0.48267524493648456,0.5587940277913,0.4777947993386496,0.03378772660953661,0.435848521313172,0.5197410773641272,0.43790355373851086,0.5135617264941887,0.6793289230358871,0.0006900663300288339,0.6784722298801174,0.6801856161916568,0.6787198866406873,0.6802537792300634,1.1528505287156792,0.04324529084822016,1.0991630162596002,1.2065380411717581,1.0987643743636382,1.2160052120137412,0.47352160567979207,0.043649890670667206,0.4193317967289667,0.5277114146306174,0.4185105951335748,0.537285325373054,0.6416292190551758,0.0,0.6416292190551758,0.6416292190551758,0.6416292190551758,0.6416292190551758,15657.0,0.0,15657.0,15657.0,15657.0,15657.0,15657.0,0.0,15657.0,15657.0,15657.0,15657.0
104,2,inceptiontime,inception_time,0,9,0,5.0,2.5,50.0,0.9,stage1,s1_011,main_effect_label_smoothing-0p1_lr0.001_wd0.005_do0.5_ls0.1_mw90_sqinone_aggmean_prob_mannone_lossweighted_ce_cwinverse_subject_count_ep9,main_effect,label_smoothing,0.1,0.001,0.005,0.5,0.1,none,mean_prob,none,weighted_ce,inverse_subject_count,static_only,0,5,0.5129629629629628,0.036804827619169964,0.4672710598102442,0.5586548661156815,0.46759259259259256,0.5555555555555555,0.5061829232074218,0.03152964816042993,0.4670399704107813,0.5453258760040621,0.47532467532467537,0.55007215007215,0.5129629629629628,0.036804827619169964,0.4672710598102442,0.5586548661156815,0.46759259259259256,0.5555555555555555,0.5061829232074218,0.03152964816042993,0.4670399704107813,0.5453258760040621,0.47532467532467537,0.55007215007215,0.39166666666666666,0.06319062870042959,0.3132177165285177,0.4701156168048156,0.3333333333333333,0.5,0.42738095238095236,0.06219027565051892,0.35017390548299787,0.5045879992789069,0.375,0.5333333333333333,9.0,0.0,9.0,9.0,9.0,9.0,447.1196798976045,0.22287227122650077,446.8429917865317,447.3963680086773,446.86795800202526,447.35331003996544,0.9921193408957946,0.00028784263737291705,0.9917619943529401,0.992476687438649,0.9916617630814983,0.9924404166486708,0.5113318702221995,0.028950340804989667,0.4753910370796799,0.5472727033647191,0.46966957818832755,0.543876737767673,0.4807874706735952,0.02898428368812337,0.44480449863166494,0.5167704427155254,0.4483687424087255,0.5227708384603432,0.35100510426483483,0.0006144813489147715,0.35024224721319247,0.3517679613164772,0.35010130828962077,0.35179463128343974,1.263491815594107,0.07932336052865642,1.1650146444869192,1.361968986701295,1.1485787543491426,1.3437466561856133,0.9124867113292723,0.079178779056511,0.8141890330508867,1.0107843896076578,0.7973542426558685,0.9928849026689976,0.6416292190551758,0.0,0.6416292190551758,0.6416292190551758,0.6416292190551758,0.6416292190551758,15657.0,0.0,15657.0,15657.0,15657.0,15657.0,15657.0,0.0,15657.0,15657.0,15657.0,15657.0
105,2,inceptiontime,inception_time,0,15,0,5.0,2.5,50.0,0.9,stage1,s1_092,main_effect_dropout-0p6_lr0.001_wd0.005_do0.6_ls0.2_mw90_sqinone_aggmean_prob_mannone_lossweighted_ce_cwinverse_subject_count_ep15,main_effect,dropout,0.6,0.001,0.005,0.6,0.2,none,mean_prob,none,weighted_ce,inverse_subject_count,static_only,0,5,0.5092592592592593,0.04996998413176593,0.44722327585195465,0.571295242666564,0.4490740740740741,0.5648148148148148,0.4960690338213558,0.05911986267289681,0.42267379698984187,0.5694642706528698,0.41228070175438597,0.5583028083028083,0.5092592592592593,0.04996998413176593,0.44722327585195465,0.571295242666564,0.4490740740740741,0.5648148148148148,0.4960690338213558,0.05911986267289681,0.42267379698984187,0.5694642706528698,0.41228070175438597,0.5583028083028083,0.35833333333333334,0.12360330811826105,0.20488415969955687,0.5117825069671098,0.16666666666666666,0.5,0.39336576735957535,0.10914100712007674,0.25787103338279427,0.5288605013363564,0.21052631578947367,0.47619047619047616,15.0,0.0,15.0,15.0,15.0,15.0,727.5014350499957,0.4197896619192657,726.9802809020835,728.022589197908,727.0528864809312,728.0877283141017,0.9948722512393475,0.0005993642838054195,0.9941281614940508,0.9956163409846442,0.9943493283766408,0.9957993790354752,0.5126410591384718,0.03376867801170978,0.47071842927937346,0.5545636889975701,0.4662998040632223,0.5457672314976608,0.4822311921008757,0.033674280332674694,0.44042575365082137,0.5240366305509301,0.4487381078003657,0.5288441592099986,0.5381911410627896,0.0009054976099166115,0.5370669975258212,0.5393152845997581,0.5371655068272063,0.5391380461461867,1.2110065311302716,0.05650589885663085,1.1408564387339764,1.2811566235265668,1.135884398559335,1.2620838412747257,0.6728153900674818,0.05655953363890713,0.6025987119693667,0.743032068165597,0.5971504403196732,0.7234432717269399,0.6416292190551758,0.0,0.6416292190551758,0.6416292190551758,0.6416292190551758,0.6416292190551758,15657.0,0.0,15657.0,15657.0,15657.0,15657.0,15657.0,0.0,15657.0,15657.0,15657.0,15657.0
106,2,inceptiontime,inception_time,0,15,0,5.0,2.5,50.0,0.9,stage1,s1_116,focused_combo_combined_regularization-wd0p01_do0p5_ls0p15_mw0p9_lr0.001_wd0.01_do0.5_ls0.15_mw90_sqinone_aggmean_prob_mannone_lossweighted_ce_cwinverse_subject_count_ep15,focused_combo,combined_regularization,wd0.01_do0.5_ls0.15_mw0.9,0.001,0.01,0.5,0.15,none,mean_prob,none,weighted_ce,inverse_subject_count,static_only,0,5,0.5083333333333333,0.06283347250860573,0.4303277800858333,0.5863388865808333,0.4351851851851852,0.5601851851851852,0.5055102644821314,0.06848930132813749,0.4204831980422752,0.5905373309219877,0.42923076923076925,0.5608594304246478,0.5083333333333333,0.06283347250860573,0.4303277800858333,0.5863388865808333,0.4351851851851852,0.5601851851851852,0.5055102644821314,0.06848930132813749,0.4204831980422752,0.5905373309219877,0.42923076923076925,0.5608594304246478,0.4,0.13693063937629152,0.2300054118508475,0.5699945881491526,0.25,0.5,0.4431823249214554,0.12396881930592031,0.2892793819626172,0.5970852678802936,0.3076923076923077,0.5454545454545454,15.0,0.0,15.0,15.0,15.0,15.0,738.7323375281878,0.3988557717044144,738.2371720710582,739.2275029853174,738.1640788938385,739.2736462228931,0.9959629726055725,0.0004284014105994269,0.9954311272735922,0.9964948179375529,0.9954927946280513,0.9966303990494214,0.5205548444228428,0.04205787424605787,0.46834146804883786,0.5727682207968479,0.4657597125341405,0.5838376222430488,0.47540812818272976,0.041798449915981965,0.4235168180193844,0.5272994383460751,0.4127927768063726,0.5302515184118298,0.44237582921400864,0.0009916605245269302,0.4411447174393278,0.44360694098868947,0.4407991158430808,0.44342847312809786,1.2079225403211133,0.06319424974338404,1.1294690947850863,1.2863759858571404,1.136227528421682,1.281287071133845,0.7655467111071046,0.06279252746451762,0.687591989696352,0.8435014325178571,0.6954284125786012,0.8389260667550535,0.6416292190551758,0.0,0.6416292190551758,0.6416292190551758,0.6416292190551758,0.6416292190551758,15657.0,0.0,15657.0,15657.0,15657.0,15657.0,15657.0,0.0,15657.0,15657.0,15657.0,15657.0
107,2,inceptiontime,inception_time,0,9,0,5.0,2.5,50.0,0.9,reference,ref_rank2_fixed_epoch_ep9,original_rank_parameters_no_early_stopping_static_only_ep9,reference,reference,9,0.001,0.0001,-1.0,0.0,none,mean_prob,none,weighted_ce,inverse_subject_count,static_only,9,5,0.5037037037037038,0.03878955567713596,0.4555478302493872,0.5518595771580204,0.4583333333333333,0.5416666666666666,0.4838985072798507,0.04763104730125382,0.4247662319470928,0.5430307826126085,0.43304093567251467,0.5373015873015873,0.5037037037037038,0.03878955567713596,0.4555478302493872,0.5518595771580204,0.4583333333333333,0.5416666666666666,0.4838985072798507,0.04763104730125382,0.4247662319470928,0.5430307826126085,0.43304093567251467,0.5373015873015873,0.325,0.07453559924999299,0.23246666666666668,0.4175333333333333,0.25,0.4166666666666667,0.37868584504740105,0.05397536329145933,0.3116773238374929,0.4456943662573092,0.3157894736842105,0.43478260869565216,9.0,0.0,9.0,9.0,9.0,9.0,435.73508947920055,0.28475938639425113,435.3815706843407,436.0886082740604,435.39688454708084,436.05992179806344,0.9907143500643463,0.0005157805366211934,0.9900740266108252,0.9913546735178673,0.990150612526832,0.991484848076644,0.48853055309445403,0.03911919466466876,0.43996544439389323,0.5370956617950149,0.43300906748511697,0.5336966539913799,0.5021837969698921,0.03924133208112344,0.45346705894880535,0.5509005349909789,0.45703134104761656,0.5578482355213146,0.027295928152465353,0.0015469774277610188,0.025375409911214796,0.02921644639371591,0.02503734256451389,0.029281700918613714,3.115449394901515,0.23341502574280276,2.825672823714031,3.4052259660889987,2.848206682184339,3.413856403823915,3.08815346674905,0.2329347416468695,2.798973151428439,3.3773337820696607,2.8206584794109895,3.3870319746261472,0.6416292190551758,0.0,0.6416292190551758,0.6416292190551758,0.6416292190551758,0.6416292190551758,15657.0,0.0,15657.0,15657.0,15657.0,15657.0,15657.0,0.0,15657.0,15657.0,15657.0,15657.0
108,2,inceptiontime,inception_time,0,9,0,5.0,2.5,50.0,0.9,stage1,s1_026,focused_combo_combined_regularization-wd0p005_do0p4_ls0p3_mw0p9_lr0.001_wd0.005_do0.4_ls0.3_mw90_sqinone_aggmean_prob_mannone_lossweighted_ce_cwinverse_subject_count_ep9,focused_combo,combined_regularization,wd0.005_do0.4_ls0.3_mw0.9,0.001,0.005,0.4,0.3,none,mean_prob,none,weighted_ce,inverse_subject_count,static_only,0,5,0.5018518518518518,0.07010488419061807,0.41481909592877114,0.5888846077749323,0.39814814814814814,0.5879629629629629,0.49959816256491446,0.07665145505069994,0.4044380684345637,0.5947582566952652,0.3952380952380952,0.5977878330819507,0.5018518518518518,0.07010488419061807,0.41481909592877114,0.5888846077749323,0.39814814814814814,0.5879629629629629,0.49959816256491446,0.07665145505069994,0.4044380684345637,0.5947582566952652,0.3952380952380952,0.5977878330819507,0.39166666666666666,0.11553685746158569,0.2482317087223293,0.5351016246110041,0.25,0.5555555555555556,0.4372161172161172,0.10476369782527624,0.3071556592652166,0.5672765751670178,0.2857142857142857,0.5384615384615384,9.0,0.0,9.0,9.0,9.0,9.0,440.77222248516046,0.3839115406858706,440.2956097669122,441.2488352034087,440.30877377302386,441.1910187830217,0.992148153353303,0.0005180665215156318,0.9915049919296796,0.9927913147769264,0.9915935597264507,0.9927073760482991,0.5033125644697484,0.05588272390306283,0.43393612193048436,0.5726890070090124,0.43201161838427266,0.5812750053994835,0.48883558888355444,0.0558254546767344,0.4195302440809816,0.5581409336861273,0.41143237064881555,0.5605191319492775,0.6882157038858612,0.0005073901738154348,0.6875857967736067,0.6888456109981157,0.6876580817361077,0.6888548593178467,1.1666425242568124,0.04844489719682575,1.1064998828113777,1.226785165702247,1.1047414390160681,1.2082541329524692,0.4784268203709514,0.04853354306347324,0.4181741281898997,0.5386795125520031,0.4158865796982214,0.5196739739884453,0.6416292190551758,0.0,0.6416292190551758,0.6416292190551758,0.6416292190551758,0.6416292190551758,15657.0,0.0,15657.0,15657.0,15657.0,15657.0,15657.0,0.0,15657.0,15657.0,15657.0,15657.0
109,2,inceptiontime,inception_time,0,9,0,5.0,2.5,50.0,0.9,stage1,s1_030,focused_combo_combined_regularization-wd0p01_do0p4_ls0p2_mw0p9_lr0.001_wd0.01_do0.4_ls0.2_mw90_sqinone_aggmean_prob_mannone_lossweighted_ce_cwinverse_subject_count_ep9,focused_combo,combined_regularization,wd0.01_do0.4_ls0.2_mw0.9,0.001,0.01,0.4,0.2,none,mean_prob,none,weighted_ce,inverse_subject_count,static_only,0,5,0.48981481481481487,0.0806805118547304,0.38965278791652813,0.5899768417131016,0.39814814814814814,0.6157407407407408,0.4890264955946961,0.08771538066549098,0.3801309257025568,0.5979220654868354,0.3958974358974359,0.6317045336653181,0.48981481481481487,0.0806805118547304,0.38965278791652813,0.5899768417131016,0.39814814814814814,0.6157407407407408,0.4890264955946961,0.08771538066549098,0.3801309257025568,0.5979220654868354,0.3958974358974359,0.6317045336653181,0.3694444444444444,0.11351564856501418,0.22851874648385592,0.5103701424050329,0.25,0.5555555555555556,0.4103759965524672,0.10535978986291196,0.2795755112351683,0.5411764818697662,0.3076923076923077,0.5882352941176471,9.0,0.0,9.0,9.0,9.0,9.0,441.11459051817656,0.7686657098386676,440.16031898798,442.0688620483731,440.46917552500963,442.32905149902217,0.9926894711289167,0.0004982590359529809,0.9920709000041908,0.9933080422536426,0.9922017810453582,0.9933174489183558,0.49273243068076694,0.045210724742976396,0.43660490095028304,0.5488599604112508,0.43060478060345203,0.5490563313283893,0.49995704044814965,0.045299813617795344,0.4437189100029353,0.556195170893364,0.44402619759940876,0.5627126683149037,0.5389084816254605,0.0005353726265641163,0.5382438352791523,0.5395731279717686,0.5381441941601508,0.5395042891756856,1.1911041312793809,0.05026791702860456,1.1286982746258483,1.2535099879329135,1.1219236145735443,1.238964830716066,0.6521956496539206,0.05026927245816601,0.5897881102821074,0.7146031890257338,0.5824193253978587,0.6997233469514836,0.6416292190551758,0.0,0.6416292190551758,0.6416292190551758,0.6416292190551758,0.6416292190551758,15657.0,0.0,15657.0,15657.0,15657.0,15657.0,15657.0,0.0,15657.0,15657.0,15657.0,15657.0
110,2,inceptiontime,inception_time,0,15,0,5.0,2.5,50.0,0.9,stage1,s1_085,main_effect_baseline-wd0p005_do0p5_ls0p2_lr0.001_wd0.005_do0.5_ls0.2_mw90_sqinone_aggmean_prob_mannone_lossweighted_ce_cwinverse_subject_count_ep15,main_effect,baseline,wd0p005_do0p5_ls0p2,0.001,0.005,0.5,0.2,none,mean_prob,none,weighted_ce,inverse_subject_count,static_only,0,5,0.48888888888888893,0.05444491685358159,0.4212974333936337,0.5564803443841442,0.40740740740740744,0.5462962962962963,0.48057234411772926,0.05642355159097847,0.41052448296473754,0.550620205270721,0.3990067903111381,0.5473429951690821,0.48888888888888893,0.05444491685358159,0.4212974333936337,0.5564803443841442,0.40740740740740744,0.5462962962962963,0.48057234411772926,0.05642355159097847,0.41052448296473754,0.550620205270721,0.3990067903111381,0.5473429951690821,0.325,0.11180339887498948,0.18620000000000003,0.4638,0.25,0.5,0.36974358974358973,0.08201922450676823,0.2679195980215805,0.47156758146559896,0.3076923076923077,0.5,15.0,0.0,15.0,15.0,15.0,15.0,727.3527020237874,0.5264672470468338,726.6991113939372,728.0062926536376,726.8086262398865,728.1472142180428,0.9958046921409677,0.0005662866401616213,0.9951016671305892,0.9965077171513461,0.9950513194075731,0.9966036105686238,0.5236748653846013,0.03754412328054594,0.4770651525871712,0.5702845781820314,0.47327783897877146,0.5638316656352911,0.4721298267563664,0.037369304892516546,0.4257371448587358,0.518522508653997,0.4327719449333327,0.5227353865230571,0.532207286002379,0.0008422132846192065,0.5311617077365889,0.5332528642681691,0.5309405513491419,0.5331452598899711,1.1784414863881978,0.06292597172973424,1.100321098600587,1.2565618741758087,1.105300218842085,1.2752325193780485,0.6462342003858187,0.06298950290714103,0.56803494086879,0.7244334599028474,0.5725245489040354,0.7431214733516492,0.6416292190551758,0.0,0.6416292190551758,0.6416292190551758,0.6416292190551758,0.6416292190551758,15657.0,0.0,15657.0,15657.0,15657.0,15657.0,15657.0,0.0,15657.0,15657.0,15657.0,15657.0
111,2,inceptiontime,inception_time,0,9,0,5.0,2.5,50.0,0.9,stage1,s1_007,main_effect_dropout-0p4_lr0.001_wd0.005_do0.4_ls0.2_mw90_sqinone_aggmean_prob_mannone_lossweighted_ce_cwinverse_subject_count_ep9,main_effect,dropout,0.4,0.001,0.005,0.4,0.2,none,mean_prob,none,weighted_ce,inverse_subject_count,static_only,0,5,0.4722222222222222,0.045360921162651446,0.4159082289024318,0.5285362155420126,0.41203703703703703,0.5231481481481481,0.4646188485343671,0.05888101339779609,0.3915201347040997,0.5377175623646344,0.37786211258697033,0.5379928315412187,0.4722222222222222,0.045360921162651446,0.4159082289024318,0.5285362155420126,0.41203703703703703,0.5231481481481481,0.4646188485343671,0.05888101339779609,0.3915201347040997,0.5377175623646344,0.37786211258697033,0.5379928315412187,0.3138888888888889,0.11478307506330214,0.17138972536524477,0.456388052412533,0.1111111111111111,0.375,0.38761904761904764,0.11316914878105103,0.24712351699235086,0.5281145782457444,0.2,0.5,9.0,0.0,9.0,9.0,9.0,9.0,447.22705571739937,0.1617313208151612,447.0262719527283,447.42783948207045,447.01716258889064,447.3934748971369,0.9927221891829563,0.000595961738657264,0.9919823235781716,0.993462054787741,0.9918310048221606,0.9934320969489798,0.496033371939766,0.03234947702993399,0.45587263034392816,0.5361941135356038,0.44776731290668603,0.5322488912574128,0.49668881724319014,0.03255651595548173,0.45627104407984015,0.5371065904065401,0.4607292261748194,0.5456647840422938,0.5387493534641224,0.0006282293578037595,0.5379694287414344,0.5395292781868105,0.5379982773448139,0.5396904748635725,1.1921383283515041,0.03609203111368939,1.1473313370704838,1.2369453196325244,1.1375913083749247,1.226595263222212,0.6533889748873816,0.0363755335917094,0.6082300252191822,0.6985479245555809,0.5979008335113523,0.6876324896461531,0.6416292190551758,0.0,0.6416292190551758,0.6416292190551758,0.6416292190551758,0.6416292190551758,15657.0,0.0,15657.0,15657.0,15657.0,15657.0,15657.0,0.0,15657.0,15657.0,15657.0,15657.0
112,2,inceptiontime,inception_time,0,10,0,5.0,2.5,50.0,0.9,stage1,s1_082,manual_loss_combo_manual_loss-morphology_focal_loss_lr0.001_wd0.005_do0.5_ls0.2_mw90_sqinone_aggmean_prob_manmorphology_lossfocal_loss_cwinverse_subject_count_ep10,manual_loss_combo,manual_loss,morphology_focal_loss,0.001,0.005,0.5,0.2,none,mean_prob,morphology,focal_loss,inverse_subject_count,static_only,0,5,0.46296296296296297,0.06819870306785296,0.3782966640751969,0.547629261850729,0.375,0.5370370370370371,0.46106161196954043,0.06619960081916122,0.3788771284372151,0.5432460955018658,0.37598039215686274,0.528369802027091,0.46296296296296297,0.06819870306785296,0.3782966640751969,0.547629261850729,0.375,0.5370370370370371,0.46106161196954043,0.06619960081916122,0.3788771284372151,0.5432460955018658,0.37598039215686274,0.528369802027091,0.37222222222222223,0.05414885747116092,0.3049983140707283,0.43944613037371616,0.3333333333333333,0.4444444444444444,0.39497791211346195,0.054354856704445974,0.3274982631359495,0.4624575610909744,0.35294117647058826,0.47058823529411764,10.0,0.0,10.0,10.0,10.0,10.0,484.6671728613786,0.18518136267308857,484.4372766918734,484.8970690308838,484.44291772390716,484.91723855095915,0.9970530698440667,0.00039761939764388054,0.9965594393019874,0.997546700386146,0.996519769666833,0.9974568838029484,0.4284102480638731,0.03179310769543718,0.3889402194911206,0.4678802766366256,0.399636977339501,0.48090400821012924,0.5686428217801934,0.031990023637051196,0.5289283289695819,0.608357314590805,0.5159180336256284,0.5974139068122419,0.003977329088322114,0.0005873065074937713,0.003248208649584083,0.004706449527060145,0.003348349311302029,0.004699629879547483,2.579010575693204,0.2239763709475515,2.3009517635252448,2.8570693878611633,2.206525246135304,2.765632593856589,2.5750332466048818,0.22377425565487877,2.297225353486837,2.8528411397229263,2.203131762834652,2.7613855221690917,0.6416292190551758,0.0,0.6416292190551758,0.6416292190551758,0.6416292190551758,0.6416292190551758,15657.0,0.0,15657.0,15657.0,15657.0,15657.0,15657.0,0.0,15657.0,15657.0,15657.0,15657.0
113,2,inceptiontime,inception_time,0,9,0,5.0,2.5,50.0,0.9,stage1,s1_040,manual_loss_combo_manual_loss-morphology_focal_loss_lr0.001_wd0.005_do0.5_ls0.2_mw90_sqinone_aggmean_prob_manmorphology_lossfocal_loss_cwinverse_subject_count_ep9,manual_loss_combo,manual_loss,morphology_focal_loss,0.001,0.005,0.5,0.2,none,mean_prob,morphology,focal_loss,inverse_subject_count,static_only,0,5,0.4564814814814815,0.08350034704181925,0.35281872805872155,0.5601442349042414,0.34259259259259256,0.5324074074074074,0.44757132127679977,0.08190176372212084,0.3458931530008853,0.5492494895527142,0.33816425120772947,0.533816425120773,0.4564814814814815,0.08350034704181925,0.35281872805872155,0.5601442349042414,0.34259259259259256,0.5324074074074074,0.44757132127679977,0.08190176372212084,0.3458931530008853,0.5492494895527142,0.33816425120772947,0.533816425120773,0.3111111111111111,0.07708020514173117,0.21541873877424828,0.40680348344797396,0.2222222222222222,0.4166666666666667,0.34087809036658145,0.08097088909588802,0.24035557030370192,0.441400610429461,0.25,0.43478260869565216,9.0,0.0,9.0,9.0,9.0,9.0,437.55067431721835,0.18524609759161562,437.3206977815813,437.7806508528554,437.3265723309014,437.7992411730811,0.9971038709964061,0.00012258688417334987,0.9969516836774652,0.9972560583153469,0.996972905169278,0.997234312013496,0.4360893221562421,0.027628565312470557,0.40178942694770053,0.4703892173647836,0.4045820581932357,0.46576072527834234,0.561014548840164,0.027606476788104555,0.5267420757602236,0.5952870219201044,0.5314735867351537,0.5923908469760422,0.004051381258223212,0.00022395992507307974,0.0037733428630318346,0.004329419653414588,0.0037428615058794925,0.004357329502718644,2.5081447915826716,0.2699991969690462,2.172950254418319,2.843339328747024,2.1523973916003896,2.9131504308678418,2.5040934103244483,0.270009237458225,2.1688864082447887,2.839300412404108,2.1483724650296603,2.9091577564401105,0.6416292190551758,0.0,0.6416292190551758,0.6416292190551758,0.6416292190551758,0.6416292190551758,15657.0,0.0,15657.0,15657.0,15657.0,15657.0,15657.0,0.0,15657.0,15657.0,15657.0,15657.0
114,2,inceptiontime,inception_time,0,9,0,5.0,2.5,50.0,0.9,stage1,s1_041,manual_loss_combo_manual_loss-morphology_ppi_hrv_filelevel_balanced_softmax_lr0.001_wd0.005_do0.5_ls0.2_mw90_sqinone_aggmean_prob_manmorphology_ppi_hrv_filelevel_lossbalanced_softmax_cwinverse_subject_count_ep9,manual_loss_combo,manual_loss,morphology_ppi_hrv_filelevel_balanced_softmax,0.001,0.005,0.5,0.2,none,mean_prob,morphology_ppi_hrv_filelevel,balanced_softmax,inverse_subject_count,static_only,0,5,0.43888888888888894,0.042101639053295004,0.38662118004104473,0.49115659773673315,0.36574074074074076,0.47222222222222215,0.4221218579658478,0.04892740590184618,0.3613801988793508,0.48286351705234476,0.3409090909090909,0.4558113100312589,0.43888888888888894,0.042101639053295004,0.38662118004104473,0.49115659773673315,0.36574074074074076,0.47222222222222215,0.4221218579658478,0.04892740590184618,0.3613801988793508,0.48286351705234476,0.3409090909090909,0.4558113100312589,0.3111111111111111,0.07708020514173117,0.21541873877424828,0.40680348344797396,0.2222222222222222,0.4166666666666667,0.3378985507246377,0.06488825966525882,0.25734205126071413,0.4184550501885613,0.25,0.4166666666666667,9.0,0.0,9.0,9.0,9.0,9.0,436.32988638924434,0.30878396642961053,435.94654192054577,436.7132308579429,435.89808774506673,436.5923912660219,0.9993041436978082,0.00024015557086498902,0.9990059989761676,0.9996022884194488,0.9990743349351632,0.9996447608926537,0.42825043992492356,0.016564155975309473,0.4076866210025342,0.4488142588473129,0.4041166049055687,0.4467085885404381,0.5710537037728847,0.016692920167000934,0.5503300286208402,0.5917773789249291,0.5527254194502882,0.5955281559870851,0.5065774313631414,0.0007903835653697371,0.505596197876707,0.5075586648495758,0.505887692047833,0.5079283364196464,1.416324734795578,0.03620029183688199,1.3713833416222152,1.461266127968941,1.3759166544420318,1.456941625754261,0.9097473034324368,0.03577105152408202,0.8653387970587253,0.9541558098061483,0.8697171474434813,0.9490132893346145,0.6416292190551758,0.0,0.6416292190551758,0.6416292190551758,0.6416292190551758,0.6416292190551758,15657.0,0.0,15657.0,15657.0,15657.0,15657.0,15657.0,0.0,15657.0,15657.0,15657.0,15657.0
115,2,inceptiontime,inception_time,0,10,0,5.0,2.5,50.0,0.9,stage1,s1_084,manual_loss_combo_manual_loss-morphology_ppi_hrv_filelevel_focal_loss_lr0.001_wd0.005_do0.5_ls0.2_mw90_sqinone_aggmean_prob_manmorphology_ppi_hrv_filelevel_lossfocal_loss_cwinverse_subject_count_ep10,manual_loss_combo,manual_loss,morphology_ppi_hrv_filelevel_focal_loss,0.001,0.005,0.5,0.2,none,mean_prob,morphology_ppi_hrv_filelevel,focal_loss,inverse_subject_count,static_only,0,5,0.43518518518518523,0.04766495435642132,0.3760108154321807,0.4943595549381898,0.375,0.4953703703703704,0.42349009034767543,0.05503485351810159,0.35516624916594447,0.4918139315294064,0.3569023569023569,0.4985294117647059,0.43518518518518523,0.04766495435642132,0.3760108154321807,0.4943595549381898,0.375,0.4953703703703704,0.42349009034767543,0.05503485351810159,0.35516624916594447,0.4918139315294064,0.3569023569023569,0.4985294117647059,0.2833333333333333,0.09501461875826152,0.16537601525222023,0.4012906514144464,0.16666666666666666,0.4166666666666667,0.3016450216450216,0.08943475688363825,0.1906149064574778,0.4126751368325654,0.18181818181818182,0.4,10.0,0.0,10.0,10.0,10.0,10.0,485.00294995876027,0.421167189534498,484.48008565860823,485.5258142589123,484.5247523689177,485.65024245297536,0.9975504836444855,0.00022029628936030992,0.9972769935245885,0.9978239737643825,0.9972013373963862,0.9977855777978091,0.426419432406976,0.04391662430098853,0.3718984830054922,0.48094038180845977,0.3703809550425015,0.48231486208988583,0.5711310512375094,0.04405197597529732,0.516442067477651,0.6258200349973678,0.5152224527860814,0.6274046227553076,0.0033616377557602753,0.000317613573788376,0.002967331639082025,0.003755943872438526,0.0028415006595722122,0.0036753430683990223,2.534648996536963,0.2200900406972388,2.261414927124334,2.807883065949592,2.2512769107931963,2.858820964915417,2.531287358781203,0.22034745491438823,2.25773371864264,2.8048409989197656,2.247765672182384,2.855979464255845,0.6416292190551758,0.0,0.6416292190551758,0.6416292190551758,0.6416292190551758,0.6416292190551758,15657.0,0.0,15657.0,15657.0,15657.0,15657.0,15657.0,0.0,15657.0,15657.0,15657.0,15657.0
116,2,inceptiontime,inception_time,0,10,0,5.0,2.5,50.0,0.9,stage1,s1_083,manual_loss_combo_manual_loss-morphology_ppi_hrv_filelevel_balanced_softmax_lr0.001_wd0.005_do0.5_ls0.2_mw90_sqinone_aggmean_prob_manmorphology_ppi_hrv_filelevel_lossbalanced_softmax_cwinverse_subject_count_ep10,manual_loss_combo,manual_loss,morphology_ppi_hrv_filelevel_balanced_softmax,0.001,0.005,0.5,0.2,none,mean_prob,morphology_ppi_hrv_filelevel,balanced_softmax,inverse_subject_count,static_only,0,5,0.43240740740740746,0.04495749402337116,0.376594254737325,0.48822056007748993,0.36574074074074076,0.4861111111111111,0.4102456242650077,0.051866707760110514,0.34585492497014236,0.47463632355987306,0.3409090909090909,0.46127946127946123,0.43240740740740746,0.04495749402337116,0.376594254737325,0.48822056007748993,0.36574074074074076,0.4861111111111111,0.4102456242650077,0.051866707760110514,0.34585492497014236,0.47463632355987306,0.3409090909090909,0.46127946127946123,0.2611111111111111,0.09337631285539785,0.14518769237121337,0.3770345298510089,0.16666666666666666,0.4166666666666667,0.28815269398793425,0.08581623066191756,0.18161485224313628,0.3946905357327322,0.21052631578947367,0.43478260869565216,10.0,0.0,10.0,10.0,10.0,10.0,483.3189181013498,0.1772137043791244,483.0989135002793,483.53892270242034,483.0884825128596,483.56535972701386,0.9991754484423904,7.629027406038909e-05,0.9990807367417969,0.9992701601429839,0.9990636252375905,0.9992383039681647,0.44585923494477503,0.012555816701703118,0.4302716287026338,0.46144684118691626,0.4297295912485598,0.46041240780744797,0.5533162134976152,0.012558458607414526,0.5377253274221555,0.5689070995730748,0.5387960673115925,0.5695087127196049,0.5065623983476445,0.0007658499352911453,0.5056116225028308,0.5075131741924582,0.5052518997846767,0.5071683550321593,1.4038028813827998,0.033420385326976616,1.362312644681042,1.4452931180845576,1.3555095908555135,1.4380913002191806,0.8972404830351552,0.03283599738574579,0.8564757434744418,0.9380052225958687,0.8502576910708368,0.9309229451870213,0.6416292190551758,0.0,0.6416292190551758,0.6416292190551758,0.6416292190551758,0.6416292190551758,15657.0,0.0,15657.0,15657.0,15657.0,15657.0,15657.0,0.0,15657.0,15657.0,15657.0,15657.0
117,2,inceptiontime,inception_time,0,10,0,5.0,2.5,50.0,0.9,stage1,s1_081,manual_loss_combo_manual_loss-morphology_balanced_softmax_lr0.001_wd0.005_do0.5_ls0.2_mw90_sqinone_aggmean_prob_manmorphology_lossbalanced_softmax_cwinverse_subject_count_ep10,manual_loss_combo,manual_loss,morphology_balanced_softmax,0.001,0.005,0.5,0.2,none,mean_prob,morphology,balanced_softmax,inverse_subject_count,static_only,0,5,0.42592592592592593,0.044766387976420616,0.37035002471316625,0.4815018271386856,0.35185185185185186,0.47222222222222215,0.4056102370680376,0.047199345375354314,0.3470139045412928,0.46420656959478246,0.34640522875816987,0.4558113100312589,0.42592592592592593,0.044766387976420616,0.37035002471316625,0.4815018271386856,0.35185185185185186,0.47222222222222215,0.4056102370680376,0.047199345375354314,0.3470139045412928,0.46420656959478246,0.34640522875816987,0.4558113100312589,0.2444444444444444,0.14487116456005886,0.0645919726656605,0.4242969162232283,0.0,0.3333333333333333,0.2538789428815004,0.14979344572878264,0.0679156316014704,0.43984225416153044,0.0,0.35294117647058826,10.0,0.0,10.0,10.0,10.0,10.0,483.5574909020215,0.3370105830681195,483.1391040783601,483.97587772568295,483.18256356497295,483.9284355661366,0.9994349853257714,0.00011378810218673657,0.9992937213861913,0.9995762492653514,0.9993271798469466,0.9995568941889003,0.42092283257360485,0.013198350515238221,0.40453754312848345,0.43730812201872626,0.40469446342649834,0.4352488599651586,0.5785121527521664,0.013133024942147496,0.5622079627157949,0.5948163427885379,0.5643070704339136,0.5947009295779997,0.5073104435612381,0.0003641472037177785,0.50685836757442,0.5077625195480562,0.5069206242577866,0.5078668707250584,1.3872209901319241,0.05494527810514275,1.3190083536849668,1.4554336265788814,1.2966235875417564,1.438285537506061,0.879910546570686,0.054894341979368204,0.8117611455381136,0.9480599476032584,0.7892335909484167,0.9304186667810026,0.6416292190551758,0.0,0.6416292190551758,0.6416292190551758,0.6416292190551758,0.6416292190551758,15657.0,0.0,15657.0,15657.0,15657.0,15657.0,15657.0,0.0,15657.0,15657.0,15657.0,15657.0
118,2,inceptiontime,inception_time,0,9,0,5.0,2.5,50.0,0.9,stage1,s1_042,manual_loss_combo_manual_loss-morphology_ppi_hrv_filelevel_focal_loss_lr0.001_wd0.005_do0.5_ls0.2_mw90_sqinone_aggmean_prob_manmorphology_ppi_hrv_filelevel_lossfocal_loss_cwinverse_subject_count_ep9,manual_loss_combo,manual_loss,morphology_ppi_hrv_filelevel_focal_loss,0.001,0.005,0.5,0.2,none,mean_prob,morphology_ppi_hrv_filelevel,focal_loss,inverse_subject_count,static_only,0,5,0.425,0.08147358968516459,0.3238533947796593,0.5261466052203407,0.33796296296296297,0.5324074074074074,0.4196800489161506,0.07979823641248097,0.320613336047817,0.5187467617844843,0.3300653594771242,0.5286994660564455,0.425,0.08147358968516459,0.3238533947796593,0.5261466052203407,0.33796296296296297,0.5324074074074074,0.4196800489161506,0.07979823641248097,0.320613336047817,0.5187467617844843,0.3300653594771242,0.5286994660564455,0.2916666666666667,0.10206207261596575,0.16496018169713828,0.4183731516361951,0.16666666666666666,0.4166666666666667,0.30483530961791827,0.11075990919774399,0.16733076546862655,0.44233985376720997,0.16666666666666666,0.43478260869565216,9.0,0.0,9.0,9.0,9.0,9.0,437.4159728373867,0.2780302254456245,437.07080805992763,437.7611376148457,436.9960940449964,437.72881724103354,0.9973315425454029,0.0001798403121132448,0.9971082771029164,0.9975548079878894,0.9971532226107618,0.9976151116415707,0.41701256709608964,0.04533079291272946,0.3607359769423143,0.473289157249865,0.3793629759906517,0.48533783797527097,0.5803189754493133,0.04546125069180913,0.5238804265365158,0.6367575243621109,0.511873602375696,0.6180122275620296,0.003749888103131347,0.0002436544831947756,0.003447399604501273,0.004052376601761421,0.0034510859664686243,0.0040921564520581604,2.5150587641933404,0.2752673000548147,2.173324061741864,2.8567934666448167,2.2711989227704583,2.9469730784827246,2.511308876090209,0.2752710998618401,2.1695694563115273,2.8530482958688905,2.2671067663184004,2.9431900212390767,0.6416292190551758,0.0,0.6416292190551758,0.6416292190551758,0.6416292190551758,0.6416292190551758,15657.0,0.0,15657.0,15657.0,15657.0,15657.0,15657.0,0.0,15657.0,15657.0,15657.0,15657.0
119,2,inceptiontime,inception_time,0,15,0,5.0,2.5,50.0,0.9,stage1,s1_104,main_effect_manual_features-morphology_lr0.001_wd0.005_do0.5_ls0.2_mw90_sqinone_aggmean_prob_manmorphology_lossweighted_ce_cwinverse_subject_count_ep15,main_effect,manual_features,morphology,0.001,0.005,0.5,0.2,none,mean_prob,morphology,weighted_ce,inverse_subject_count,static_only,0,5,0.41759259259259257,0.04826819081103099,0.3576693259299919,0.47751585925519324,0.35648148148148145,0.4861111111111111,0.4033599806563866,0.05277641482350015,0.3378399119356448,0.46888004937712846,0.33304729214340195,0.4767452874869755,0.41759259259259257,0.04826819081103099,0.3576693259299919,0.47751585925519324,0.35648148148148145,0.4861111111111111,0.4033599806563866,0.05277641482350015,0.3378399119356448,0.46888004937712846,0.33304729214340195,0.4767452874869755,0.2444444444444444,0.09296222517045283,0.12903510104795043,0.35985378784093836,0.1111111111111111,0.3333333333333333,0.26323529411764707,0.09507782279555657,0.14519951044009569,0.3812710777951984,0.125,0.35294117647058826,15.0,0.0,15.0,15.0,15.0,15.0,741.5984954092186,0.715689000877748,740.7099926058924,742.4869982125448,740.7763793831691,742.2046712099109,0.9993074378561708,9.761065314367644e-05,0.9991862576524143,0.9994286180599273,0.999196524165208,0.9994465899428796,0.41535637018714866,0.02741219044354255,0.381325096792518,0.4493876435817793,0.37487458636395127,0.44085043938028534,0.583951067669022,0.027337549643268937,0.5500124582111073,0.6178896771269368,0.5585961505625943,0.6243219378012568,0.5176900733710422,0.00037136900531654796,0.5172290317707277,0.5181511149713568,0.5173078282491334,0.5181697029370991,1.4426793245652108,0.07744527532584962,1.346533730393721,1.5388249187367005,1.3307279577524818,1.534235075753568,0.9249892511941684,0.07728221951393775,0.8290460850966112,1.0209324172917256,0.813037088295679,1.0163019594958171,0.6416292190551758,0.0,0.6416292190551758,0.6416292190551758,0.6416292190551758,0.6416292190551758,15657.0,0.0,15657.0,15657.0,15657.0,15657.0,15657.0,0.0,15657.0,15657.0,15657.0,15657.0
120,2,inceptiontime,inception_time,0,9,0,5.0,2.5,50.0,0.9,stage1,s1_039,manual_loss_combo_manual_loss-morphology_balanced_softmax_lr0.001_wd0.005_do0.5_ls0.2_mw90_sqinone_aggmean_prob_manmorphology_lossbalanced_softmax_cwinverse_subject_count_ep9,manual_loss_combo,manual_loss,morphology_balanced_softmax,0.001,0.005,0.5,0.2,none,mean_prob,morphology,balanced_softmax,inverse_subject_count,static_only,0,5,0.41666666666666663,0.046871427618788396,0.3584774325382651,0.4748559007950682,0.3611111111111111,0.4861111111111111,0.39858102915714977,0.047078918435855883,0.34013420245375714,0.4570278558605424,0.3549303779482808,0.4743516399694889,0.41666666666666663,0.046871427618788396,0.3584774325382651,0.4748559007950682,0.3611111111111111,0.4861111111111111,0.39858102915714977,0.047078918435855883,0.34013420245375714,0.4570278558605424,0.3549303779482808,0.4743516399694889,0.23333333333333334,0.08002700161604408,0.1339826164850307,0.33268405018163594,0.1111111111111111,0.3333333333333333,0.25931677018633537,0.08973523084409464,0.14791362711116912,0.3707199132615016,0.125,0.375,9.0,0.0,9.0,9.0,9.0,9.0,435.9533121840097,0.25732957577373916,435.6338465373764,436.27277783064295,435.63666824786924,436.2981317890808,0.999314707229561,0.0001346413235965473,0.9991475547466915,0.9994818597124304,0.999158054513774,0.9994649395396478,0.42329338744814987,0.012854661606561143,0.40733477573379867,0.43925199916250107,0.408878529603501,0.43642627962111435,0.5760213197814109,0.01287330871757279,0.5600395583324859,0.592003081230336,0.5628670279879119,0.5903392760805901,0.5077438144292769,0.0005434849511324932,0.5070690969164261,0.5084185319421276,0.5070773423422512,0.5085522796814408,1.3753211602902597,0.05713579302260989,1.3043890763702932,1.4462532442102263,1.2783976699514032,1.4243489531946587,0.867577345860983,0.05709685784976268,0.7966935985930822,0.9384610931288838,0.7704826341389089,0.9157966735132179,0.6416292190551758,0.0,0.6416292190551758,0.6416292190551758,0.6416292190551758,0.6416292190551758,15657.0,0.0,15657.0,15657.0,15657.0,15657.0,15657.0,0.0,15657.0,15657.0,15657.0,15657.0
121,2,inceptiontime,inception_time,0,15,0,5.0,2.5,50.0,0.9,stage1,s1_125,manual_loss_combo_manual_loss-morphology_ppi_hrv_filelevel_balanced_softmax_lr0.001_wd0.005_do0.5_ls0.2_mw90_sqinone_aggmean_prob_manmorphology_ppi_hrv_filelevel_lossbalanced_softmax_cwinverse_subject_count_ep15,manual_loss_combo,manual_loss,morphology_ppi_hrv_filelevel_balanced_softmax,0.001,0.005,0.5,0.2,none,mean_prob,morphology_ppi_hrv_filelevel,balanced_softmax,inverse_subject_count,static_only,0,5,0.4148148148148148,0.06753549084744616,0.3309718706471981,0.49865775898243153,0.3287037037037037,0.4861111111111111,0.3908303367113436,0.06666751207754971,0.30806495775617926,0.47359571566650793,0.2976190476190476,0.4519632414369257,0.4148148148148148,0.06753549084744616,0.3309718706471981,0.49865775898243153,0.3287037037037037,0.4861111111111111,0.3908303367113436,0.06666751207754971,0.30806495775617926,0.47359571566650793,0.2976190476190476,0.4519632414369257,0.24999999999999994,0.0921284663987611,0.13562573888790241,0.3643742611120975,0.1111111111111111,0.3333333333333333,0.2802795031055901,0.09133154409681532,0.16689459309214522,0.39366441311903494,0.14285714285714285,0.375,15.0,0.0,15.0,15.0,15.0,15.0,730.7314381341915,0.37204630588739346,730.2695556889637,731.1933205794194,730.2326757439878,731.1633631798904,0.9992089165075241,0.0002043045969045908,0.9989552795131599,0.9994625535018883,0.9989284877451057,0.9994730508128093,0.44342840324808097,0.019003400934369627,0.4198363472262443,0.46702045926991764,0.4237529065594557,0.4647955898393189,0.5557805132594431,0.018927652213049973,0.5322824966194585,0.5792785298994277,0.5343103432166563,0.57517558118565,0.5053738550305841,0.0006439191529817655,0.5045744519772494,0.5061732580839188,0.5043713938892065,0.5060199820156066,1.4446630467848187,0.03545173461405503,1.4006509611600086,1.4886751324096288,1.3962117734530868,1.4885461858261775,0.9392891917542343,0.03523684913971355,0.8955438789121725,0.9830345045962962,0.8909666029821144,0.9827040585218564,0.6416292190551758,0.0,0.6416292190551758,0.6416292190551758,0.6416292190551758,0.6416292190551758,15657.0,0.0,15657.0,15657.0,15657.0,15657.0,15657.0,0.0,15657.0,15657.0,15657.0,15657.0
122,2,inceptiontime,inception_time,0,15,0,5.0,2.5,50.0,0.9,stage1,s1_105,main_effect_manual_features-morphology_ppi_hrv_filelevel_lr0.001_wd0.005_do0.5_ls0.2_mw90_sqinone_aggmean_prob_manmorphology_ppi_hrv_filelevel_lossweighted_ce_cwinverse_subject_count_ep15,main_effect,manual_features,morphology_ppi_hrv_filelevel,0.001,0.005,0.5,0.2,none,mean_prob,morphology_ppi_hrv_filelevel,weighted_ce,inverse_subject_count,static_only,0,5,0.412962962962963,0.03060461829821929,0.37496840230973494,0.450957523616191,0.3796296296296296,0.4537037037037037,0.39306134824777983,0.03709717888987913,0.34700650124198745,0.4391161952535722,0.34956374894455394,0.44993842947807144,0.412962962962963,0.03060461829821929,0.37496840230973494,0.450957523616191,0.3796296296296296,0.4537037037037037,0.39306134824777983,0.03709717888987913,0.34700650124198745,0.4391161952535722,0.34956374894455394,0.44993842947807144,0.25555555555555554,0.09501461875826152,0.13759823747444244,0.37351287363666863,0.16666666666666666,0.4166666666666667,0.28216073781291173,0.09259523547025172,0.16720699926296512,0.39711447636285835,0.18181818181818182,0.43478260869565216,15.0,0.0,15.0,15.0,15.0,15.0,741.4648234017193,0.5804160254871279,740.7442572548198,742.1853895486188,740.5886559451465,742.1102779060602,0.9993173931900154,0.00018306313507982378,0.9990901267258046,0.9995446596542263,0.9990067654785977,0.999458815365756,0.4351685524077463,0.039354634091036976,0.38631115391359483,0.4840259509018978,0.380292443226789,0.4890167631838452,0.5641488407822692,0.039500838814391905,0.5151099342498482,0.6131877473146903,0.5099900022947526,0.619166372138967,0.5167220620769044,0.0004728667266414593,0.5161350146139626,0.5173091095398462,0.5161094523717127,0.5174372432058931,1.4649154351233384,0.07706499821872168,1.369241941648254,1.560588928598423,1.4041760694744947,1.5998450189835245,0.9481933730464338,0.07703658562087937,0.8525551528154565,1.0438315932774112,0.888066617102782,1.0832058788913348,0.6416292190551758,0.0,0.6416292190551758,0.6416292190551758,0.6416292190551758,0.6416292190551758,15657.0,0.0,15657.0,15657.0,15657.0,15657.0,15657.0,0.0,15657.0,15657.0,15657.0,15657.0
123,2,inceptiontime,inception_time,0,15,0,5.0,2.5,50.0,0.9,stage1,s1_126,manual_loss_combo_manual_loss-morphology_ppi_hrv_filelevel_focal_loss_lr0.001_wd0.005_do0.5_ls0.2_mw90_sqinone_aggmean_prob_manmorphology_ppi_hrv_filelevel_lossfocal_loss_cwinverse_subject_count_ep15,manual_loss_combo,manual_loss,morphology_ppi_hrv_filelevel_focal_loss,0.001,0.005,0.5,0.2,none,mean_prob,morphology_ppi_hrv_filelevel,focal_loss,inverse_subject_count,static_only,0,5,0.41203703703703703,0.031907520259468115,0.37242496927721785,0.4516491047968562,0.36574074074074076,0.4490740740740741,0.403974732187143,0.037181990453736026,0.35781459459822174,0.4501348697760643,0.35185185185185186,0.45384615384615384,0.41203703703703703,0.031907520259468115,0.37242496927721785,0.4516491047968562,0.36574074074074076,0.4490740740740741,0.403974732187143,0.037181990453736026,0.35781459459822174,0.4501348697760643,0.35185185185185186,0.45384615384615384,0.26944444444444443,0.08425417160057279,0.16484584426024584,0.374043044628643,0.16666666666666666,0.375,0.2859288537549407,0.08698317503845769,0.17794229147844515,0.39391541603143626,0.18181818181818182,0.4,15.0,0.0,15.0,15.0,15.0,15.0,731.8684430115391,0.7151431658217918,730.9806178432984,732.7562681797797,730.8481055099983,732.6802924720105,0.9978163015879135,0.00018771364089786386,0.9975832616837711,0.9980493414920558,0.9976460954800526,0.9981167838138013,0.4219580329989284,0.03826862021240821,0.37444888266065113,0.4694671833372057,0.3801425816968642,0.4783493289894453,0.575858268588985,0.03838071896433981,0.5282099515802428,0.6235065855977273,0.5194383687683315,0.6179742021169371,0.0032345099827409294,0.0002901513981443191,0.0028742971943313224,0.0035947227711505365,0.00286445408052005,0.0035874673180059393,2.8485874129835973,0.2087760105315391,2.5893993153643216,3.107775510602873,2.521576127869572,3.0956699617817596,2.845352903000857,0.208883300760625,2.586031608323647,3.1046741976780665,2.517988660551566,3.092341302200237,0.6416292190551758,0.0,0.6416292190551758,0.6416292190551758,0.6416292190551758,0.6416292190551758,15657.0,0.0,15657.0,15657.0,15657.0,15657.0,15657.0,0.0,15657.0,15657.0,15657.0,15657.0
124,2,inceptiontime,inception_time,0,15,0,5.0,2.5,50.0,0.9,stage1,s1_123,manual_loss_combo_manual_loss-morphology_balanced_softmax_lr0.001_wd0.005_do0.5_ls0.2_mw90_sqinone_aggmean_prob_manmorphology_lossbalanced_softmax_cwinverse_subject_count_ep15,manual_loss_combo,manual_loss,morphology_balanced_softmax,0.001,0.005,0.5,0.2,none,mean_prob,morphology,balanced_softmax,inverse_subject_count,static_only,0,5,0.40555555555555556,0.04750730937913075,0.346576896514999,0.4645342145961121,0.35185185185185186,0.47685185185185186,0.376538072557456,0.05149922806632273,0.3126035864189972,0.44047255869591484,0.30735930735930733,0.4378787878787878,0.40555555555555556,0.04750730937913075,0.346576896514999,0.4645342145961121,0.35185185185185186,0.47685185185185186,0.376538072557456,0.05149922806632273,0.3126035864189972,0.44047255869591484,0.30735930735930733,0.4378787878787878,0.2,0.12171612389003691,0.04889369942297553,0.3511063005770245,0.0,0.3333333333333333,0.21764705882352944,0.13046032421304044,0.05568514010747186,0.379608977539587,0.0,0.35294117647058826,15.0,0.0,15.0,15.0,15.0,15.0,731.5677924956195,0.9472597235605266,730.3918027586956,732.7437822325435,730.7249101579655,733.0655432951171,0.9993894029777046,6.893489451928226e-05,0.9993038227229399,0.9994749832324693,0.9992951539016948,0.9994812030522041,0.4118156096586157,0.025359905464975477,0.3803321761140384,0.44329904320319297,0.39104028332034135,0.4536918195730807,0.5875737933190889,0.02534472946057155,0.5561092002519252,0.6190383863862525,0.5456966760852711,0.608379879436125,0.505966214303686,0.0004106176484683409,0.5054564468889124,0.5064759817184596,0.5057508197444887,0.5066984649244828,1.4301909922754377,0.06808990134041973,1.3456597669178119,1.5147222176330635,1.3534129814427116,1.5056735810411268,0.9242247779717516,0.06795615093615512,0.8398595990518793,1.008589956891624,0.847662161698223,0.9998847656699881,0.6416292190551758,0.0,0.6416292190551758,0.6416292190551758,0.6416292190551758,0.6416292190551758,15657.0,0.0,15657.0,15657.0,15657.0,15657.0,15657.0,0.0,15657.0,15657.0,15657.0,15657.0
125,2,inceptiontime,inception_time,0,10,0,5.0,2.5,50.0,0.9,stage1,s1_063,main_effect_manual_features-morphology_ppi_hrv_filelevel_lr0.001_wd0.005_do0.5_ls0.2_mw90_sqinone_aggmean_prob_manmorphology_ppi_hrv_filelevel_lossweighted_ce_cwinverse_subject_count_ep10,main_effect,manual_features,morphology_ppi_hrv_filelevel,0.001,0.005,0.5,0.2,none,mean_prob,morphology_ppi_hrv_filelevel,weighted_ce,inverse_subject_count,static_only,0,5,0.4,0.06420012755906973,0.32029779242076095,0.4797022075792391,0.3055555555555555,0.46296296296296297,0.37317096443089176,0.07827429132423076,0.2759961759617943,0.4703457528999892,0.2510822510822511,0.45351346280138854,0.4,0.06420012755906973,0.32029779242076095,0.4797022075792391,0.3055555555555555,0.46296296296296297,0.37317096443089176,0.07827429132423076,0.2759961759617943,0.4703457528999892,0.2510822510822511,0.45351346280138854,0.20555555555555555,0.12360330811826103,0.052106381921779105,0.359004729189332,0.0,0.3333333333333333,0.23606060606060603,0.13894195496797,0.06356904011888104,0.408552172002331,0.0,0.36363636363636365,10.0,0.0,10.0,10.0,10.0,10.0,498.34486326077024,0.3915098621585139,497.8588174928025,498.830909028738,497.8964241598733,498.6729904699605,0.9991987986265093,5.007540629280077e-05,0.9991366317651851,0.9992609654878335,0.9991449945340378,0.9992545141434087,0.45330933782044935,0.024253068152072427,0.4232000039953513,0.4834186716455474,0.43017433342468514,0.4903804818270535,0.54588946080606,0.02424388618184525,0.5157915260750893,0.5759873955370308,0.5088567316055036,0.5690338172209722,0.5181025691663408,0.000957751300399826,0.5169135545045939,0.5192915838280877,0.5165412840743043,0.5189215958408084,1.4223910891316862,0.034519805029954706,1.379535961413118,1.4652462168502545,1.372001135401039,1.452626501661964,0.9042885199653454,0.033922598878543084,0.8621748027463686,0.9464022371843223,0.8554598513267347,0.9340977774545072,0.6416292190551758,0.0,0.6416292190551758,0.6416292190551758,0.6416292190551758,0.6416292190551758,15657.0,0.0,15657.0,15657.0,15657.0,15657.0,15657.0,0.0,15657.0,15657.0,15657.0,15657.0
126,2,inceptiontime,inception_time,0,9,0,5.0,2.5,50.0,0.9,stage1,s1_020,main_effect_manual_features-morphology_lr0.001_wd0.005_do0.5_ls0.2_mw90_sqinone_aggmean_prob_manmorphology_lossweighted_ce_cwinverse_subject_count_ep9,main_effect,manual_features,morphology,0.001,0.005,0.5,0.2,none,mean_prob,morphology,weighted_ce,inverse_subject_count,static_only,0,5,0.3981481481481482,0.02816093764026954,0.3631873313590282,0.4331089649372682,0.35648148148148145,0.4305555555555555,0.38491032730499686,0.03269128684646813,0.3443252408054054,0.42549541380458833,0.3358664039778591,0.4187742729942219,0.3981481481481482,0.02816093764026954,0.3631873313590282,0.4331089649372682,0.35648148148148145,0.4305555555555555,0.38491032730499686,0.03269128684646813,0.3443252408054054,0.42549541380458833,0.3358664039778591,0.4187742729942219,0.2444444444444444,0.09296222517045283,0.12903510104795043,0.35985378784093836,0.1111111111111111,0.3333333333333333,0.26074168797953967,0.09659642049911275,0.14082061849337635,0.380662757465703,0.11764705882352941,0.35294117647058826,9.0,0.0,9.0,9.0,9.0,9.0,455.4904167989269,0.25955933757636857,455.16818298118864,455.81265061666517,455.14134152489714,455.8579789828509,0.9993579296743945,0.0001220888519136051,0.9992063606450436,0.9995094987037454,0.9991552519611202,0.9994762818030353,0.4163628613950999,0.00797115038432225,0.4064669576526652,0.42625876513753463,0.4052249470551256,0.4265656284248939,0.5829950682792947,0.007953343163345115,0.5731212715774017,0.5928688649811877,0.5727834938369715,0.5941717126282452,0.5195060806683023,0.0003828320933627684,0.5190308080460615,0.5199813532905431,0.5188326038643278,0.519750503168836,1.4065845366592147,0.042076293644465475,1.3543482932478503,1.458820780070579,1.3380973054927208,1.4377174375054882,0.8870784559909126,0.04198286250851971,0.8349582040592328,0.9391987079225924,0.8184859205640806,0.918118155865047,0.6416292190551758,0.0,0.6416292190551758,0.6416292190551758,0.6416292190551758,0.6416292190551758,15657.0,0.0,15657.0,15657.0,15657.0,15657.0,15657.0,0.0,15657.0,15657.0,15657.0,15657.0
127,2,inceptiontime,inception_time,0,9,0,5.0,2.5,50.0,0.9,stage1,s1_021,main_effect_manual_features-morphology_ppi_hrv_filelevel_lr0.001_wd0.005_do0.5_ls0.2_mw90_sqinone_aggmean_prob_manmorphology_ppi_hrv_filelevel_lossweighted_ce_cwinverse_subject_count_ep9,main_effect,manual_features,morphology_ppi_hrv_filelevel,0.001,0.005,0.5,0.2,none,mean_prob,morphology_ppi_hrv_filelevel,weighted_ce,inverse_subject_count,static_only,0,5,0.39629629629629626,0.04459849843997146,0.3409288240570171,0.45166376853557544,0.34259259259259256,0.4583333333333333,0.37836463041403146,0.057473664186795365,0.3070130912891173,0.4497161695389456,0.30227272727272725,0.4490740740740741,0.39629629629629626,0.04459849843997146,0.3409288240570171,0.45166376853557544,0.34259259259259256,0.4583333333333333,0.37836463041403146,0.057473664186795365,0.3070130912891173,0.4497161695389456,0.30227272727272725,0.4490740740740741,0.2583333333333333,0.10281530846289859,0.13069173246745208,0.3859749341992145,0.1111111111111111,0.375,0.28214285714285714,0.10366375195499994,0.15344794342702095,0.41083777085869333,0.125,0.375,9.0,0.0,9.0,9.0,9.0,9.0,456.1518184960354,0.3739991549137368,455.687511657206,456.61612533486476,455.7176806239877,456.6931769719813,0.9993627844897567,8.529720256310163e-05,0.9992568910032,0.9994686779763133,0.9992497566253944,0.9994777868627465,0.42403015513000436,0.04212681867837584,0.371731186660392,0.4763291235996167,0.3702858879245105,0.46890042728928616,0.5753326293597524,0.042144282996748265,0.5230119795511603,0.6276532791683445,0.5304343250237353,0.629121360277848,0.5181587423245585,0.0008915679837539858,0.5170518919301137,0.5192655927190033,0.5168370353568252,0.5193263894079285,1.4470160427408216,0.07427199209470918,1.3548099684489983,1.539222117032645,1.4006667825138939,1.5788139585562277,0.9288573004162632,0.07414360506584594,0.8368106141196667,1.0209039867128598,0.8838297471570686,1.0606049825249175,0.6416292190551758,0.0,0.6416292190551758,0.6416292190551758,0.6416292190551758,0.6416292190551758,15657.0,0.0,15657.0,15657.0,15657.0,15657.0,15657.0,0.0,15657.0,15657.0,15657.0,15657.0
128,2,inceptiontime,inception_time,0,10,0,5.0,2.5,50.0,0.9,stage1,s1_062,main_effect_manual_features-morphology_lr0.001_wd0.005_do0.5_ls0.2_mw90_sqinone_aggmean_prob_manmorphology_lossweighted_ce_cwinverse_subject_count_ep10,main_effect,manual_features,morphology,0.001,0.005,0.5,0.2,none,mean_prob,morphology,weighted_ce,inverse_subject_count,static_only,0,5,0.39537037037037037,0.0442365895762639,0.34045219529726034,0.4502885454434804,0.35185185185185186,0.4583333333333333,0.38586353733412554,0.04475539014029236,0.3303012895493472,0.4414257851189039,0.3434343434343434,0.4490740740740741,0.39537037037037037,0.0442365895762639,0.34045219529726034,0.4502885454434804,0.35185185185185186,0.4583333333333333,0.38586353733412554,0.04475539014029236,0.3303012895493472,0.4414257851189039,0.3434343434343434,0.4490740740740741,0.2444444444444444,0.09296222517045283,0.12903510104795043,0.35985378784093836,0.1111111111111111,0.3333333333333333,0.26094771241830067,0.10182898511848683,0.13453059740510293,0.3873648274314984,0.1111111111111111,0.375,10.0,0.0,10.0,10.0,10.0,10.0,498.3591754257679,0.32117991379816885,497.9604418229994,498.75790902853635,497.910624116892,498.70515595399775,0.9993098108644972,9.380112777139089e-05,0.9991933600529327,0.9994262616760617,0.9992007026368993,0.9994377569981054,0.4158316092195771,0.01905518795303318,0.39217526142966513,0.4394879570094891,0.3871711164712272,0.43382148037785156,0.5834782016449201,0.019010511036823476,0.5598773186801593,0.607079084609681,0.5654661742102745,0.6120295861656722,0.5192788936704098,0.0003294480934611425,0.518869895412463,0.5196878919283566,0.5187232423176646,0.5195328299458033,1.3957563375598887,0.051278714516233906,1.3320956112629043,1.459417063856873,1.323009965918555,1.4615117851390216,0.876477443889479,0.05126562924927114,0.812832962492674,0.940121925286284,0.803773246645076,0.9419789551932183,0.6416292190551758,0.0,0.6416292190551758,0.6416292190551758,0.6416292190551758,0.6416292190551758,15657.0,0.0,15657.0,15657.0,15657.0,15657.0,15657.0,0.0,15657.0,15657.0,15657.0,15657.0
129,2,inceptiontime,inception_time,0,15,0,5.0,2.5,50.0,0.9,stage1,s1_124,manual_loss_combo_manual_loss-morphology_focal_loss_lr0.001_wd0.005_do0.5_ls0.2_mw90_sqinone_aggmean_prob_manmorphology_lossfocal_loss_cwinverse_subject_count_ep15,manual_loss_combo,manual_loss,morphology_focal_loss,0.001,0.005,0.5,0.2,none,mean_prob,morphology,focal_loss,inverse_subject_count,static_only,0,5,0.3851851851851852,0.08829129755300898,0.2755746346682003,0.49479573570217006,0.27777777777777773,0.4953703703703704,0.3791531006596291,0.09285375781373158,0.2638784156837592,0.494427785635499,0.2679738562091503,0.5014619883040936,0.3851851851851852,0.08829129755300898,0.2755746346682003,0.49479573570217006,0.27777777777777773,0.4953703703703704,0.3791531006596291,0.09285375781373158,0.2638784156837592,0.494427785635499,0.2679738562091503,0.5014619883040936,0.24444444444444446,0.15639653622510274,0.050283627810270376,0.4386052610786185,0.0,0.4166666666666667,0.25744400527009226,0.15818279293298368,0.0610656135572652,0.4538223969829193,0.0,0.4166666666666667,15.0,0.0,15.0,15.0,15.0,15.0,732.65249847956,0.3167619946320051,732.259249568549,733.045747390571,732.3620638397988,733.1359755899757,0.9976888331251796,0.0004707269632765563,0.9971044421034376,0.9982732241469217,0.9970517444713621,0.9982596843339422,0.4195059887418811,0.024261925680386726,0.38938565860591595,0.44962631887784626,0.39671648362186673,0.46086084702047125,0.5781828443832986,0.024047577046290472,0.5483286205617383,0.6080370682048589,0.5373988373134709,0.601313748978826,0.0032800596713695685,0.0005873094265633733,0.002550935608708966,0.004009183734030171,0.0027456664330633832,0.0042020165144012874,2.995534149066381,0.4076427655276183,2.489459947167582,3.5016083509651805,2.4270988053187805,3.3991020496293167,2.9922540893950123,0.4075042729549548,2.4863518211697784,3.498156357620246,2.424084708760706,3.3961709040519663,0.6416292190551758,0.0,0.6416292190551758,0.6416292190551758,0.6416292190551758,0.6416292190551758,15657.0,0.0,15657.0,15657.0,15657.0,15657.0,15657.0,0.0,15657.0,15657.0,15657.0,15657.0
