config_key,model,resolved_model,extra_input,cnn_epochs,cnn_patience,window_sec,hop_sec,overlap_pct,max_windows_fraction,class_key,class_name,is_complete,n_repeats_done,precision_mean,precision_std,precision_ci95_low,precision_ci95_high,recall_mean,recall_std,recall_ci95_low,recall_ci95_high,f1_mean,f1_std,f1_ci95_low,f1_ci95_high,support_mean,support_std,support_ci95_low,support_ci95_high
model=inceptiontime|resolved_model=inception_time|extra_input=0|cnn_epochs=50|cnn_patience=20|window_sec=5|hop_sec=3p5|overlap_pct=30|max_windows_fraction=0p9,inceptiontime,inception_time,0,50,20,5.0,3.5,30.0,0.9,pre_frail,Pre-Frail,True,5,0.615934065934066,0.039819899394928034,0.5664990568768198,0.6653690749913121,0.8444444444444444,0.12668615834434868,0.6871680203362937,1.0017208685525953,0.7077733860342555,0.048751913839260995,0.6472495941909008,0.7682971778776103,9.0,0.0,9.0,9.0
model=inceptiontime|resolved_model=inception_time|extra_input=0|cnn_epochs=50|cnn_patience=20|window_sec=5|hop_sec=3p5|overlap_pct=30|max_windows_fraction=0p9,inceptiontime,inception_time,0,50,20,5.0,3.5,30.0,0.9,robust_non_frail,Robust/Non-Frail,True,5,0.7866666666666667,0.13249737942901196,0.6221758153168795,0.951157518016454,0.5666666666666667,0.09128709291752768,0.4533369412338983,0.679996392099435,0.6529292929292929,0.08935141372798915,0.5420026453475688,0.763855940511017,12.0,0.0,12.0,12.0
model=inceptiontime|resolved_model=inception_time|extra_input=0|cnn_epochs=50|cnn_patience=20|window_sec=5|hop_sec=3p5|overlap_pct=30|max_windows_fraction=0p9,inceptiontime,inception_time,0,50,20,5.0,3.5,30.0,0.9,young,Young,True,5,0.841984126984127,0.11243976019389929,0.7023941067168232,0.9815741472514307,0.8,0.11180339887498948,0.6612,0.9388000000000001,0.8091075917546504,0.04243955938381719,0.7564203666635753,0.8617948168457256,8.0,0.0,8.0,8.0
model=inceptiontime|resolved_model=inception_time|extra_input=0|cnn_epochs=50|cnn_patience=20|window_sec=5|hop_sec=2p5|overlap_pct=50|max_windows_fraction=0p9,inceptiontime,inception_time,0,50,20,5.0,2.5,50.0,0.9,pre_frail,Pre-Frail,True,5,0.6872727272727273,0.07430115178800929,0.5950304522439784,0.7795150023014761,0.8222222222222222,0.06085806194501842,0.74666907193371,0.8977753725107344,0.7484210526315789,0.06795387061717646,0.6640587046477732,0.8327834006153846,9.0,0.0,9.0,9.0
model=inceptiontime|resolved_model=inception_time|extra_input=0|cnn_epochs=50|cnn_patience=20|window_sec=5|hop_sec=2p5|overlap_pct=50|max_windows_fraction=0p9,inceptiontime,inception_time,0,50,20,5.0,2.5,50.0,0.9,robust_non_frail,Robust/Non-Frail,True,5,0.6951282051282052,0.10434511342461135,0.5655874050356247,0.8246690052207857,0.6333333333333333,0.09501461875826149,0.5153760152522202,0.7512906514144464,0.6606666666666667,0.08894865988591656,0.5502400238597722,0.7710933094735613,12.0,0.0,12.0,12.0
model=inceptiontime|resolved_model=inception_time|extra_input=0|cnn_epochs=50|cnn_patience=20|window_sec=5|hop_sec=2p5|overlap_pct=50|max_windows_fraction=0p9,inceptiontime,inception_time,0,50,20,5.0,2.5,50.0,0.9,young,Young,True,5,0.8222222222222222,0.1050426133399391,0.6918155004383366,0.9526289440061078,0.725,0.10458250331675945,0.5951644886789442,0.8548355113210557,0.7614091790562378,0.040003313144244414,0.7117464682594983,0.8110718898529774,8.0,0.0,8.0,8.0
model=inceptiontime|resolved_model=inception_time|extra_input=0|cnn_epochs=50|cnn_patience=10|window_sec=5|hop_sec=3p5|overlap_pct=30|max_windows_fraction=0p9,inceptiontime,inception_time,0,50,10,5.0,3.5,30.0,0.9,pre_frail,Pre-Frail,True,5,0.6548229548229549,0.08722187631249717,0.5465400532833415,0.7631058563625683,0.7555555555555555,0.12171612389003689,0.6044492549785311,0.90666185613258,0.6926767676767677,0.059942176163499436,0.6182606574760705,0.7670928778774648,9.0,0.0,9.0,9.0
model=inceptiontime|resolved_model=inception_time|extra_input=0|cnn_epochs=50|cnn_patience=10|window_sec=5|hop_sec=3p5|overlap_pct=30|max_windows_fraction=0p9,inceptiontime,inception_time,0,50,10,5.0,3.5,30.0,0.9,robust_non_frail,Robust/Non-Frail,True,5,0.6784615384615386,0.06115935576965394,0.602534342452769,0.7543887344703081,0.6333333333333334,0.11180339887498948,0.49453333333333344,0.7721333333333333,0.6522251082251083,0.08012351201793931,0.5527545770964005,0.751695639353816,12.0,0.0,12.0,12.0
model=inceptiontime|resolved_model=inception_time|extra_input=0|cnn_epochs=50|cnn_patience=10|window_sec=5|hop_sec=3p5|overlap_pct=30|max_windows_fraction=0p9,inceptiontime,inception_time,0,50,10,5.0,3.5,30.0,0.9,young,Young,True,5,0.851190476190476,0.11919633568155232,0.7032124043333022,0.9991685480476499,0.75,0.08838834764831845,0.6402689651921573,0.8597310348078427,0.7900226244343893,0.06109856163227822,0.7141709022157967,0.8658743466529819,8.0,0.0,8.0,8.0
model=inceptiontime|resolved_model=inception_time|extra_input=0|cnn_epochs=50|cnn_patience=10|window_sec=5|hop_sec=2p5|overlap_pct=50|max_windows_fraction=0p9,inceptiontime,inception_time,0,50,10,5.0,2.5,50.0,0.9,pre_frail,Pre-Frail,True,5,0.6445454545454545,0.07764024308429981,0.5481578147372026,0.7409330943537065,0.7999999999999999,0.09296222517045283,0.6845906566035059,0.9154093433964939,0.706890756302521,0.03442564495262679,0.6641525250188073,0.7496289875862346,9.0,0.0,9.0,9.0
model=inceptiontime|resolved_model=inception_time|extra_input=0|cnn_epochs=50|cnn_patience=10|window_sec=5|hop_sec=2p5|overlap_pct=50|max_windows_fraction=0p9,inceptiontime,inception_time,0,50,10,5.0,2.5,50.0,0.9,robust_non_frail,Robust/Non-Frail,True,5,0.6900793650793651,0.058327934098470494,0.6176672798088629,0.7624914503498672,0.5833333333333333,0.1767766952966369,0.3638712637176478,0.8027954029490187,0.6200779727095516,0.10260431634853404,0.4926983111565042,0.7474576342625989,12.0,0.0,12.0,12.0
model=inceptiontime|resolved_model=inception_time|extra_input=0|cnn_epochs=50|cnn_patience=10|window_sec=5|hop_sec=2p5|overlap_pct=50|max_windows_fraction=0p9,inceptiontime,inception_time,0,50,10,5.0,2.5,50.0,0.9,young,Young,True,5,0.8494949494949495,0.1550266490383179,0.6570347997764417,1.0419550992134572,0.75,0.125,0.5948168823615146,0.9051831176384854,0.7802061715374409,0.05946125864722,0.7063871035727692,0.8540252395021125,8.0,0.0,8.0,8.0
model=inceptiontime|resolved_model=inception_time|extra_input=0|cnn_epochs=50|cnn_patience=20|window_sec=10|hop_sec=7|overlap_pct=30|max_windows_fraction=0p9,inceptiontime,inception_time,0,50,20,10.0,7.0,30.0,0.9,pre_frail,Pre-Frail,True,5,0.6433150183150182,0.023485931507751183,0.6141580577388841,0.6724719788911524,0.8,0.18257418583505536,0.5733405491344633,1.0266594508655367,0.7053376291227953,0.07883559945473352,0.6074659962885198,0.8032092619570708,9.0,0.0,9.0,9.0
model=inceptiontime|resolved_model=inception_time|extra_input=0|cnn_epochs=50|cnn_patience=20|window_sec=10|hop_sec=7|overlap_pct=30|max_windows_fraction=0p9,inceptiontime,inception_time,0,50,20,10.0,7.0,30.0,0.9,robust_non_frail,Robust/Non-Frail,True,5,0.693939393939394,0.1290772150938422,0.5336945567045476,0.8541842311742404,0.5,0.05892556509887897,0.4268459767947715,0.5731540232052286,0.5728502415458937,0.04573121496342353,0.5160765414545352,0.6296239416372522,12.0,0.0,12.0,12.0
model=inceptiontime|resolved_model=inception_time|extra_input=0|cnn_epochs=50|cnn_patience=20|window_sec=10|hop_sec=7|overlap_pct=30|max_windows_fraction=0p9,inceptiontime,inception_time,0,50,20,10.0,7.0,30.0,0.9,young,Young,True,5,0.7527777777777777,0.08806037491192979,0.6434539096238007,0.8621016459317546,0.825,0.06846531968814577,0.7400027059254237,0.9099972940745762,0.7867647058823529,0.07676695962434225,0.6914612168732877,0.8820681948914182,8.0,0.0,8.0,8.0
model=cnn|resolved_model=cnn1d|extra_input=PPI|cnn_epochs=50|cnn_patience=20|window_sec=10|hop_sec=5|overlap_pct=50|max_windows_fraction=0p9,cnn,cnn1d,PPI,50,20,10.0,5.0,50.0,0.9,pre_frail,Pre-Frail,True,5,0.7005050505050504,0.1174663224264619,0.5546747294517232,0.8463353715583776,0.7999999999999999,0.09296222517045283,0.6845906566035059,0.9154093433964939,0.7444444444444445,0.09749960430435692,0.6234021039286941,0.8654867849601948,9.0,0.0,9.0,9.0
model=cnn|resolved_model=cnn1d|extra_input=PPI|cnn_epochs=50|cnn_patience=20|window_sec=10|hop_sec=5|overlap_pct=50|max_windows_fraction=0p9,cnn,cnn1d,PPI,50,20,10.0,5.0,50.0,0.9,robust_non_frail,Robust/Non-Frail,True,5,0.68988788988789,0.10524559097633386,0.5592291784845913,0.8205466012911886,0.5666666666666667,0.16029486718059455,0.3676662088224139,0.7656671245109195,0.6163513130652719,0.1331277959076093,0.45107782175900946,0.7816248043715344,12.0,0.0,12.0,12.0
model=cnn|resolved_model=cnn1d|extra_input=PPI|cnn_epochs=50|cnn_patience=20|window_sec=10|hop_sec=5|overlap_pct=50|max_windows_fraction=0p9,cnn,cnn1d,PPI,50,20,10.0,5.0,50.0,0.9,young,Young,True,5,0.6936507936507936,0.13487394149998733,0.5262095238095238,0.8610920634920635,0.75,0.08838834764831845,0.6402689651921573,0.8597310348078427,0.7181699346405228,0.10552509728714209,0.5871642259515373,0.8491756433295083,8.0,0.0,8.0,8.0
model=cnn|resolved_model=cnn1d|extra_input=0|cnn_epochs=50|cnn_patience=20|window_sec=5|hop_sec=2p5|overlap_pct=50|max_windows_fraction=0p9,cnn,cnn1d,0,50,20,5.0,2.5,50.0,0.9,pre_frail,Pre-Frail,True,5,0.6778787878787877,0.04812365462086138,0.618134957829004,0.7376226179285715,0.7333333333333333,0.060858061945018485,0.657780183044821,0.8088864836218456,0.7018782249742002,0.024926969642280722,0.6709322660752481,0.7328241838731522,9.0,0.0,9.0,9.0
model=cnn|resolved_model=cnn1d|extra_input=0|cnn_epochs=50|cnn_patience=20|window_sec=5|hop_sec=2p5|overlap_pct=50|max_windows_fraction=0p9,cnn,cnn1d,0,50,20,5.0,2.5,50.0,0.9,robust_non_frail,Robust/Non-Frail,True,5,0.641042291042291,0.05350119566236825,0.5746224323201077,0.7074621497644744,0.65,0.06972166887783961,0.5634429924526295,0.7365570075473705,0.6439977703455965,0.049860860404356576,0.5820972602201135,0.7058982804710794,12.0,0.0,12.0,12.0
model=cnn|resolved_model=cnn1d|extra_input=0|cnn_epochs=50|cnn_patience=20|window_sec=5|hop_sec=2p5|overlap_pct=50|max_windows_fraction=0p9,cnn,cnn1d,0,50,20,5.0,2.5,50.0,0.9,young,Young,True,5,0.858095238095238,0.16393682760963754,0.6545734140614261,1.06161706212905,0.725,0.10458250331675945,0.5951644886789442,0.8548355113210557,0.7767032967032967,0.10140951381739637,0.6508069406042036,0.9025996528023899,8.0,0.0,8.0,8.0
model=inceptiontime|resolved_model=inception_time|extra_input=0|cnn_epochs=50|cnn_patience=20|window_sec=15|hop_sec=7p5|overlap_pct=50|max_windows_fraction=0p9,inceptiontime,inception_time,0,50,20,15.0,7.5,50.0,0.9,pre_frail,Pre-Frail,True,5,0.6256060606060606,0.027898955156174646,0.5909704858861288,0.6602416353259924,0.711111111111111,0.12668615834434865,0.5538346870029602,0.8683875352192618,0.6626595901518503,0.06840120407518734,0.5777418933629396,0.747577286940761,9.0,0.0,9.0,9.0
model=inceptiontime|resolved_model=inception_time|extra_input=0|cnn_epochs=50|cnn_patience=20|window_sec=15|hop_sec=7p5|overlap_pct=50|max_windows_fraction=0p9,inceptiontime,inception_time,0,50,20,15.0,7.5,50.0,0.9,robust_non_frail,Robust/Non-Frail,True,5,0.6358041958041958,0.08852633133936955,0.5259018590814685,0.7457065325269231,0.6166666666666666,0.0456435464587638,0.5600018039502824,0.6733315293830507,0.6238346001824262,0.057214089632379256,0.5528053137664234,0.694863886598429,12.0,0.0,12.0,12.0
model=inceptiontime|resolved_model=inception_time|extra_input=0|cnn_epochs=50|cnn_patience=20|window_sec=15|hop_sec=7p5|overlap_pct=50|max_windows_fraction=0p9,inceptiontime,inception_time,0,50,20,15.0,7.5,50.0,0.9,young,Young,True,5,0.8892857142857142,0.11871978670424757,0.7418992612765851,1.0366721672948433,0.775,0.10458250331675945,0.6451644886789443,0.9048355113210558,0.8264285714285714,0.10118487379449193,0.7008110980422839,0.9520460448148589,8.0,0.0,8.0,8.0
model=inceptiontime|resolved_model=inception_time|extra_input=PPI|cnn_epochs=50|cnn_patience=20|window_sec=5|hop_sec=3p5|overlap_pct=30|max_windows_fraction=0p9,inceptiontime,inception_time,PPI,50,20,5.0,3.5,30.0,0.9,pre_frail,Pre-Frail,True,5,0.6007226107226107,0.11337715940153331,0.45996884220320705,0.7414763792420143,0.7555555555555555,0.12171612389003689,0.6044492549785311,0.90666185613258,0.6679744816586922,0.11334666898837942,0.527258565918259,0.8086903973991254,9.0,0.0,9.0,9.0
model=inceptiontime|resolved_model=inception_time|extra_input=PPI|cnn_epochs=50|cnn_patience=20|window_sec=5|hop_sec=3p5|overlap_pct=30|max_windows_fraction=0p9,inceptiontime,inception_time,PPI,50,20,5.0,3.5,30.0,0.9,robust_non_frail,Robust/Non-Frail,True,5,0.7144444444444444,0.13606008113701953,0.5455306238285407,0.8833582650603482,0.5333333333333334,0.09501461875826149,0.41537601525222034,0.6512906514144465,0.61004329004329,0.110065052122512,0.4734013865919796,0.7466851934946005,12.0,0.0,12.0,12.0
model=inceptiontime|resolved_model=inception_time|extra_input=PPI|cnn_epochs=50|cnn_patience=20|window_sec=5|hop_sec=3p5|overlap_pct=30|max_windows_fraction=0p9,inceptiontime,inception_time,PPI,50,20,5.0,3.5,30.0,0.9,young,Young,True,5,0.7472222222222222,0.08695819912499184,0.6392666666666666,0.8551777777777778,0.8,0.06846531968814577,0.7150027059254238,0.8849972940745763,0.7720588235294118,0.0749855810822468,0.6789668535271999,0.8651507935316237,8.0,0.0,8.0,8.0
model=cnn|resolved_model=cnn1d|extra_input=PPI|cnn_epochs=50|cnn_patience=20|window_sec=15|hop_sec=7p5|overlap_pct=50|max_windows_fraction=0p9,cnn,cnn1d,PPI,50,20,15.0,7.5,50.0,0.9,pre_frail,Pre-Frail,True,5,0.6204195804195803,0.06932324120197164,0.5343572068633671,0.7064819539757936,0.8222222222222222,0.12668615834434868,0.6649457981140714,0.979498646330373,0.7035885167464115,0.07274379691402635,0.613279643194576,0.7938973902982471,9.0,0.0,9.0,9.0
model=cnn|resolved_model=cnn1d|extra_input=PPI|cnn_epochs=50|cnn_patience=20|window_sec=15|hop_sec=7p5|overlap_pct=50|max_windows_fraction=0p9,cnn,cnn1d,PPI,50,20,15.0,7.5,50.0,0.9,robust_non_frail,Robust/Non-Frail,True,5,0.6755555555555556,0.08701142255084092,0.5675339249827627,0.7835771861283485,0.5333333333333334,0.04564354645876387,0.4766684706169492,0.5899981960497176,0.5933766233766233,0.04553682513891712,0.5368442514372976,0.649908995315949,12.0,0.0,12.0,12.0
model=cnn|resolved_model=cnn1d|extra_input=PPI|cnn_epochs=50|cnn_patience=20|window_sec=15|hop_sec=7p5|overlap_pct=50|max_windows_fraction=0p9,cnn,cnn1d,PPI,50,20,15.0,7.5,50.0,0.9,young,Young,True,5,0.7928571428571429,0.06851187890446742,0.7078020471478179,0.8779122385664679,0.725,0.13693063937629152,0.5550054118508474,0.8949945881491526,0.7486324786324786,0.07727152797112011,0.6527025857104959,0.8445623715544613,8.0,0.0,8.0,8.0
model=inceptiontime|resolved_model=inception_time|extra_input=PPI|cnn_epochs=50|cnn_patience=20|window_sec=5|hop_sec=2p5|overlap_pct=50|max_windows_fraction=0p9,inceptiontime,inception_time,PPI,50,20,5.0,2.5,50.0,0.9,pre_frail,Pre-Frail,True,5,0.6221212121212122,0.09223527627304191,0.5076143502948309,0.7366280739475934,0.711111111111111,0.16850834320114558,0.5019139107427139,0.9203083114795082,0.6611351909184726,0.12472698498650493,0.5062910118476375,0.8159793699893078,9.0,0.0,9.0,9.0
model=inceptiontime|resolved_model=inception_time|extra_input=PPI|cnn_epochs=50|cnn_patience=20|window_sec=5|hop_sec=2p5|overlap_pct=50|max_windows_fraction=0p9,inceptiontime,inception_time,PPI,50,20,5.0,2.5,50.0,0.9,robust_non_frail,Robust/Non-Frail,True,5,0.6474747474747474,0.12868385579144312,0.48771825202308816,0.8072312429264067,0.5666666666666668,0.03726779962499652,0.5204000000000001,0.6129333333333334,0.6004459308807134,0.06869362222486775,0.5151652072108308,0.685726654550596,12.0,0.0,12.0,12.0
model=inceptiontime|resolved_model=inception_time|extra_input=PPI|cnn_epochs=50|cnn_patience=20|window_sec=5|hop_sec=2p5|overlap_pct=50|max_windows_fraction=0p9,inceptiontime,inception_time,PPI,50,20,5.0,2.5,50.0,0.9,young,Young,True,5,0.8019841269841269,0.10678769765695989,0.6694109442013828,0.934557309766871,0.8,0.11180339887498948,0.6612,0.9388000000000001,0.7997058823529412,0.10299053438549768,0.6718467446473799,0.9275650200585024,8.0,0.0,8.0,8.0
model=inceptiontime|resolved_model=inception_time|extra_input=0|cnn_epochs=50|cnn_patience=20|window_sec=10|hop_sec=5|overlap_pct=50|max_windows_fraction=0p9,inceptiontime,inception_time,0,50,20,10.0,5.0,50.0,0.9,pre_frail,Pre-Frail,True,5,0.6195238095238096,0.05346285293538805,0.5531515519529187,0.6858960670947005,0.7333333333333333,0.16850834320114558,0.5241361329649361,0.9425305337017305,0.6609649122807018,0.052393467224624395,0.5959202595782456,0.7260095649831579,9.0,0.0,9.0,9.0
model=inceptiontime|resolved_model=inception_time|extra_input=0|cnn_epochs=50|cnn_patience=20|window_sec=10|hop_sec=5|overlap_pct=50|max_windows_fraction=0p9,inceptiontime,inception_time,0,50,20,10.0,5.0,50.0,0.9,robust_non_frail,Robust/Non-Frail,True,5,0.6508091908091908,0.09402190660711474,0.5340842900603382,0.7675340915580433,0.5666666666666667,0.14907119849998599,0.3816,0.7517333333333334,0.5880574463899272,0.08109596275905832,0.48737965175916576,0.6887352410206886,12.0,0.0,12.0,12.0
model=inceptiontime|resolved_model=inception_time|extra_input=0|cnn_epochs=50|cnn_patience=20|window_sec=10|hop_sec=5|overlap_pct=50|max_windows_fraction=0p9,inceptiontime,inception_time,0,50,20,10.0,5.0,50.0,0.9,young,Young,True,5,0.8388888888888889,0.04001350080802203,0.7892135304647376,0.8885642473130402,0.775,0.13693063937629152,0.6050054118508474,0.9449945881491526,0.8004201680672269,0.08138892440466008,0.6993786718243616,0.9014616643100922,8.0,0.0,8.0,8.0
model=cnn|resolved_model=cnn1d|extra_input=PPI|cnn_epochs=50|cnn_patience=20|window_sec=5|hop_sec=2p5|overlap_pct=50|max_windows_fraction=0p9,cnn,cnn1d,PPI,50,20,5.0,2.5,50.0,0.9,pre_frail,Pre-Frail,True,5,0.6369463869463869,0.07494861250147275,0.5439003121411286,0.7299924617516453,0.8222222222222222,0.12668615834434868,0.6649457981140714,0.979498646330373,0.716969696969697,0.09170359887111132,0.6031228939977918,0.8308164999416022,9.0,0.0,9.0,9.0
model=cnn|resolved_model=cnn1d|extra_input=PPI|cnn_epochs=50|cnn_patience=20|window_sec=5|hop_sec=2p5|overlap_pct=50|max_windows_fraction=0p9,cnn,cnn1d,PPI,50,20,5.0,2.5,50.0,0.9,robust_non_frail,Robust/Non-Frail,True,5,0.6606060606060605,0.0827666683863495,0.5578541435121055,0.7633579777000156,0.55,0.07453559924999298,0.45746666666666674,0.6425333333333334,0.5996612083568605,0.07589487355716648,0.5054403836258227,0.6938820330878984,12.0,0.0,12.0,12.0
model=cnn|resolved_model=cnn1d|extra_input=PPI|cnn_epochs=50|cnn_patience=20|window_sec=5|hop_sec=2p5|overlap_pct=50|max_windows_fraction=0p9,cnn,cnn1d,PPI,50,20,5.0,2.5,50.0,0.9,young,Young,True,5,0.7607142857142858,0.14151151968684964,0.585032695260164,0.9363958761684076,0.7,0.11180339887498948,0.5611999999999999,0.8388,0.7283333333333333,0.12326574724733733,0.5753032296862984,0.8813634369803681,8.0,0.0,8.0,8.0
model=cnn|resolved_model=cnn1d|extra_input=PPI|cnn_epochs=50|cnn_patience=20|window_sec=5|hop_sec=3p5|overlap_pct=30|max_windows_fraction=0p9,cnn,cnn1d,PPI,50,20,5.0,3.5,30.0,0.9,pre_frail,Pre-Frail,True,5,0.598904428904429,0.07621074787255978,0.5042914572850338,0.6935174005238242,0.7555555555555554,0.09296222517045284,0.6401462121590614,0.8709648989520494,0.6669218500797449,0.07805657935185467,0.5700173433916118,0.763826356767878,9.0,0.0,9.0,9.0
model=cnn|resolved_model=cnn1d|extra_input=PPI|cnn_epochs=50|cnn_patience=20|window_sec=5|hop_sec=3p5|overlap_pct=30|max_windows_fraction=0p9,cnn,cnn1d,PPI,50,20,5.0,3.5,30.0,0.9,robust_non_frail,Robust/Non-Frail,True,5,0.7020634920634922,0.1316738184190087,0.5385950628344874,0.8655319212924969,0.5166666666666666,0.10865337342004412,0.3817773128325787,0.6515560205007545,0.5889382547277284,0.09697899879174572,0.46854222770403237,0.7093342817514245,12.0,0.0,12.0,12.0
model=cnn|resolved_model=cnn1d|extra_input=PPI|cnn_epochs=50|cnn_patience=20|window_sec=5|hop_sec=3p5|overlap_pct=30|max_windows_fraction=0p9,cnn,cnn1d,PPI,50,20,5.0,3.5,30.0,0.9,young,Young,True,5,0.7503174603174603,0.07364634633534942,0.658888103301435,0.8417468173334856,0.8,0.06846531968814577,0.7150027059254238,0.8849972940745763,0.771437908496732,0.04562517537273394,0.714795852839584,0.82807996415388,8.0,0.0,8.0,8.0
model=inceptiontime|resolved_model=inception_time|extra_input=0|cnn_epochs=50|cnn_patience=10|window_sec=15|hop_sec=10p5|overlap_pct=30|max_windows_fraction=0p9,inceptiontime,inception_time,0,50,10,15.0,10.5,30.0,0.9,pre_frail,Pre-Frail,True,5,0.6304545454545455,0.07258587896779929,0.5403417214965226,0.7205673694125684,0.7777777777777777,0.1571348402636772,0.582700382563835,0.9728551729917203,0.6896771340114993,0.08885844468970833,0.5793624902078525,0.7999917778151462,9.0,0.0,9.0,9.0
model=inceptiontime|resolved_model=inception_time|extra_input=0|cnn_epochs=50|cnn_patience=10|window_sec=15|hop_sec=10p5|overlap_pct=30|max_windows_fraction=0p9,inceptiontime,inception_time,0,50,10,15.0,10.5,30.0,0.9,robust_non_frail,Robust/Non-Frail,True,5,0.6477855477855476,0.09673800094467684,0.52768871113987,0.7678823844312253,0.5666666666666667,0.18066236157232335,0.34238067859687116,0.7909526547364621,0.5926060413016934,0.13096096831107626,0.43002259048995173,0.755189492113435,12.0,0.0,12.0,12.0
model=inceptiontime|resolved_model=inception_time|extra_input=0|cnn_epochs=50|cnn_patience=10|window_sec=15|hop_sec=10p5|overlap_pct=30|max_windows_fraction=0p9,inceptiontime,inception_time,0,50,10,15.0,10.5,30.0,0.9,young,Young,True,5,0.8178571428571428,0.11871978670424757,0.6704706898480137,0.965243595866272,0.725,0.10458250331675945,0.5951644886789442,0.8548355113210557,0.7621794871794871,0.07449424036439846,0.6696974994526227,0.8546614749063516,8.0,0.0,8.0,8.0
model=inceptiontime|resolved_model=inception_time|extra_input=0|cnn_epochs=50|cnn_patience=10|window_sec=10|hop_sec=7|overlap_pct=30|max_windows_fraction=0p9,inceptiontime,inception_time,0,50,10,10.0,7.0,30.0,0.9,pre_frail,Pre-Frail,True,5,0.6085780885780886,0.04337368389591814,0.5547311806546107,0.6624249965015665,0.7777777777777778,0.2222222222222222,0.5018966797538038,1.0536588758017518,0.6675757575757576,0.09553628054256758,0.5489708146783128,0.7861807004732024,9.0,0.0,9.0,9.0
model=inceptiontime|resolved_model=inception_time|extra_input=0|cnn_epochs=50|cnn_patience=10|window_sec=10|hop_sec=7|overlap_pct=30|max_windows_fraction=0p9,inceptiontime,inception_time,0,50,10,10.0,7.0,30.0,0.9,robust_non_frail,Robust/Non-Frail,True,5,0.6426190476190476,0.06946915660075961,0.5563755252108713,0.728862570027224,0.5166666666666667,0.09128709291752767,0.4033369412338984,0.629996392099435,0.5664535464535465,0.04582956688916341,0.5095577458944914,0.6233493470126016,12.0,0.0,12.0,12.0
model=inceptiontime|resolved_model=inception_time|extra_input=0|cnn_epochs=50|cnn_patience=10|window_sec=10|hop_sec=7|overlap_pct=30|max_windows_fraction=0p9,inceptiontime,inception_time,0,50,10,10.0,7.0,30.0,0.9,young,Young,True,5,0.8186507936507936,0.053047110842701625,0.7527946653125157,0.8845069219890715,0.775,0.10458250331675945,0.6451644886789443,0.9048355113210558,0.7925630252100839,0.06274756772850652,0.7146641197353507,0.8704619306848171,8.0,0.0,8.0,8.0
model=inceptiontime|resolved_model=inception_time|extra_input=PPI|cnn_epochs=50|cnn_patience=10|window_sec=5|hop_sec=2p5|overlap_pct=50|max_windows_fraction=0p9,inceptiontime,inception_time,PPI,50,10,5.0,2.5,50.0,0.9,pre_frail,Pre-Frail,True,5,0.6442424242424243,0.09624730924172276,0.5247547641428567,0.7637300843419919,0.711111111111111,0.18592445034090568,0.480292424318123,0.941929797904099,0.6737667698658409,0.136913656663089,0.5037932651597342,0.8437402745719477,9.0,0.0,9.0,9.0
model=inceptiontime|resolved_model=inception_time|extra_input=PPI|cnn_epochs=50|cnn_patience=10|window_sec=5|hop_sec=2p5|overlap_pct=50|max_windows_fraction=0p9,inceptiontime,inception_time,PPI,50,10,5.0,2.5,50.0,0.9,robust_non_frail,Robust/Non-Frail,True,5,0.646060606060606,0.08853983347640419,0.5361415069081201,0.7559797052130919,0.6,0.06972166887783961,0.5134429924526295,0.6865570075473705,0.6214756258234518,0.07530886188309355,0.5279823140408554,0.7149689376060483,12.0,0.0,12.0,12.0
model=inceptiontime|resolved_model=inception_time|extra_input=PPI|cnn_epochs=50|cnn_patience=10|window_sec=5|hop_sec=2p5|overlap_pct=50|max_windows_fraction=0p9,inceptiontime,inception_time,PPI,50,10,5.0,2.5,50.0,0.9,young,Young,True,5,0.7531746031746032,0.07145061388286207,0.6644711710183937,0.8418780353308126,0.75,0.08838834764831845,0.6402689651921573,0.8597310348078427,0.7492156862745097,0.06479643099896604,0.6687731888803774,0.8296581836686421,8.0,0.0,8.0,8.0
model=cnn|resolved_model=cnn1d|extra_input=0|cnn_epochs=50|cnn_patience=20|window_sec=5|hop_sec=3p5|overlap_pct=30|max_windows_fraction=0p9,cnn,cnn1d,0,50,20,5.0,3.5,30.0,0.9,pre_frail,Pre-Frail,True,5,0.6439393939393938,0.0363320569947933,0.5988344189420245,0.6890443689367631,0.7999999999999999,0.09296222517045283,0.6845906566035059,0.9154093433964939,0.7114285714285713,0.048045707640493096,0.65178150982218,0.7710756330349626,9.0,0.0,9.0,9.0
model=cnn|resolved_model=cnn1d|extra_input=0|cnn_epochs=50|cnn_patience=20|window_sec=5|hop_sec=3p5|overlap_pct=30|max_windows_fraction=0p9,cnn,cnn1d,0,50,20,5.0,3.5,30.0,0.9,robust_non_frail,Robust/Non-Frail,True,5,0.6490909090909092,0.10115040760509911,0.5235162242704064,0.7746655939114119,0.6,0.10865337342004414,0.465110646165912,0.7348893538340879,0.6194993412384716,0.08538728590146143,0.5134940193754518,0.7255046631014914,12.0,0.0,12.0,12.0
model=cnn|resolved_model=cnn1d|extra_input=0|cnn_epochs=50|cnn_patience=20|window_sec=5|hop_sec=3p5|overlap_pct=30|max_windows_fraction=0p9,cnn,cnn1d,0,50,20,5.0,3.5,30.0,0.9,young,Young,True,5,0.8,0.12777531299998796,0.6413714285714287,0.9586285714285714,0.65,0.05590169943749474,0.5806,0.7194,0.7138461538461538,0.06551269506736952,0.6325144397225232,0.7951778679697844,8.0,0.0,8.0,8.0
model=inceptiontime|resolved_model=inception_time|extra_input=HRV|cnn_epochs=50|cnn_patience=20|window_sec=5|hop_sec=3p5|overlap_pct=30|max_windows_fraction=0p9,inceptiontime,inception_time,HRV,50,20,5.0,3.5,30.0,0.9,pre_frail,Pre-Frail,True,5,0.6372727272727272,0.037503443368080334,0.5907135171604305,0.6838319373850239,0.6666666666666666,0.1111111111111111,0.5287261176546796,0.8046072156786537,0.6489783281733746,0.06709214772507531,0.5656857789490626,0.7322708773976867,9.0,0.0,9.0,9.0
model=inceptiontime|resolved_model=inception_time|extra_input=HRV|cnn_epochs=50|cnn_patience=20|window_sec=5|hop_sec=3p5|overlap_pct=30|max_windows_fraction=0p9,inceptiontime,inception_time,HRV,50,20,5.0,3.5,30.0,0.9,robust_non_frail,Robust/Non-Frail,True,5,0.6304244774833011,0.07526062367645871,0.5369910517430637,0.7238579032235385,0.7166666666666666,0.04564354645876387,0.6600018039502824,0.7733315293830507,0.668548187444739,0.05102676419374171,0.6052002486400296,0.7318961262494483,12.0,0.0,12.0,12.0
model=inceptiontime|resolved_model=inception_time|extra_input=HRV|cnn_epochs=50|cnn_patience=20|window_sec=5|hop_sec=3p5|overlap_pct=30|max_windows_fraction=0p9,inceptiontime,inception_time,HRV,50,20,5.0,3.5,30.0,0.9,young,Young,True,5,0.9142857142857143,0.12777531299998798,0.7556571428571428,1.0729142857142857,0.65,0.10458250331675945,0.5201644886789443,0.7798355113210558,0.751941391941392,0.08399324109337636,0.6476667278339433,0.8562160560488407,8.0,0.0,8.0,8.0
model=inceptiontime|resolved_model=inception_time|extra_input=PPI|cnn_epochs=50|cnn_patience=20|window_sec=10|hop_sec=7|overlap_pct=30|max_windows_fraction=0p9,inceptiontime,inception_time,PPI,50,20,10.0,7.0,30.0,0.9,pre_frail,Pre-Frail,True,5,0.6207575757575758,0.10711006756995024,0.4877841820297862,0.7537309694853656,0.7333333333333333,0.14907119849998596,0.5482666666666667,0.9183999999999999,0.6657172342621259,0.10320037151008468,0.537597591123047,0.7938368774012049,9.0,0.0,9.0,9.0
model=inceptiontime|resolved_model=inception_time|extra_input=PPI|cnn_epochs=50|cnn_patience=20|window_sec=10|hop_sec=7|overlap_pct=30|max_windows_fraction=0p9,inceptiontime,inception_time,PPI,50,20,10.0,7.0,30.0,0.9,robust_non_frail,Robust/Non-Frail,True,5,0.6471139971139971,0.08271510964409336,0.5444260883909606,0.7498019058370335,0.55,0.12638125740085918,0.3931020997237022,0.7068979002762978,0.5892829900839054,0.10085902313440769,0.4640700488681493,0.7144959312996615,12.0,0.0,12.0,12.0
model=inceptiontime|resolved_model=inception_time|extra_input=PPI|cnn_epochs=50|cnn_patience=20|window_sec=10|hop_sec=7|overlap_pct=30|max_windows_fraction=0p9,inceptiontime,inception_time,PPI,50,20,10.0,7.0,30.0,0.9,young,Young,True,5,0.7550793650793651,0.05329765435446086,0.688912195755016,0.8212465344037142,0.75,0.125,0.5948168823615146,0.9051831176384854,0.7464519140989729,0.05986482567722054,0.6721318318151687,0.8207719963827772,8.0,0.0,8.0,8.0
model=inceptiontime|resolved_model=inception_time|extra_input=0|cnn_epochs=50|cnn_patience=10|window_sec=15|hop_sec=7p5|overlap_pct=50|max_windows_fraction=0p9,inceptiontime,inception_time,0,50,10,15.0,7.5,50.0,0.9,pre_frail,Pre-Frail,True,5,0.5805250305250306,0.07016721248076263,0.49341489621489626,0.6676351648351648,0.6666666666666666,0.2222222222222222,0.3907855686426926,0.9425477646906406,0.613343965975545,0.130921841772723,0.4508090893894358,0.7758788425616541,9.0,0.0,9.0,9.0
model=inceptiontime|resolved_model=inception_time|extra_input=0|cnn_epochs=50|cnn_patience=10|window_sec=15|hop_sec=7p5|overlap_pct=50|max_windows_fraction=0p9,inceptiontime,inception_time,0,50,10,15.0,7.5,50.0,0.9,robust_non_frail,Robust/Non-Frail,True,5,0.6486291486291486,0.11318136537447376,0.5081184515300177,0.7891398457282794,0.5833333333333333,0.14433756729740643,0.4041433038488035,0.762523362817863,0.6042933420507791,0.11267713890668689,0.46440862443378433,0.7441780596677738,12.0,0.0,12.0,12.0
model=inceptiontime|resolved_model=inception_time|extra_input=0|cnn_epochs=50|cnn_patience=10|window_sec=15|hop_sec=7p5|overlap_pct=50|max_windows_fraction=0p9,inceptiontime,inception_time,0,50,10,15.0,7.5,50.0,0.9,young,Young,True,5,0.8297619047619047,0.15208304212067913,0.640956139832048,1.0185676696917614,0.775,0.10458250331675945,0.6451644886789443,0.9048355113210558,0.7892857142857144,0.08009879104287787,0.6898458733808553,0.8887255551905734,8.0,0.0,8.0,8.0
model=inceptiontime|resolved_model=inception_time|extra_input=0|cnn_epochs=50|cnn_patience=20|window_sec=15|hop_sec=10p5|overlap_pct=30|max_windows_fraction=0p9,inceptiontime,inception_time,0,50,20,15.0,10.5,30.0,0.9,pre_frail,Pre-Frail,True,5,0.5647552447552447,0.06929360713958525,0.47872966084854673,0.6507808286619428,0.7555555555555554,0.14487116456005883,0.5757030837767716,0.9354080273343393,0.6444976076555023,0.093295300988374,0.5286747623083283,0.7603204530026764,9.0,0.0,9.0,9.0
model=inceptiontime|resolved_model=inception_time|extra_input=0|cnn_epochs=50|cnn_patience=20|window_sec=15|hop_sec=10p5|overlap_pct=30|max_windows_fraction=0p9,inceptiontime,inception_time,0,50,20,15.0,10.5,30.0,0.9,robust_non_frail,Robust/Non-Frail,True,5,0.6228438228438228,0.0489621477039296,0.5620590330280484,0.6836286126595972,0.5666666666666667,0.03726779962499651,0.5204,0.6129333333333333,0.5915031055900621,0.023886102432864147,0.5618493468399496,0.6211568643401747,12.0,0.0,12.0,12.0
model=inceptiontime|resolved_model=inception_time|extra_input=0|cnn_epochs=50|cnn_patience=20|window_sec=15|hop_sec=10p5|overlap_pct=30|max_windows_fraction=0p9,inceptiontime,inception_time,0,50,20,15.0,10.5,30.0,0.9,young,Young,True,5,0.9464285714285715,0.07362688617174395,0.8550233735234106,1.0378337693337325,0.7,0.11180339887498948,0.5611999999999999,0.8388,0.7965384615384615,0.045840280986777816,0.7396293598028426,0.8534475632740804,8.0,0.0,8.0,8.0
model=cnn|resolved_model=cnn1d|extra_input=PPI|cnn_epochs=50|cnn_patience=10|window_sec=5|hop_sec=2p5|overlap_pct=50|max_windows_fraction=0p9,cnn,cnn1d,PPI,50,10,5.0,2.5,50.0,0.9,pre_frail,Pre-Frail,True,5,0.6680303030303031,0.12947942673158594,0.5072861341482923,0.8287744719123139,0.7555555555555555,0.049690399499995354,0.6938666666666666,0.8172444444444444,0.7054076367389059,0.08303877818038861,0.6023179048755192,0.8084973686022927,9.0,0.0,9.0,9.0
model=cnn|resolved_model=cnn1d|extra_input=PPI|cnn_epochs=50|cnn_patience=10|window_sec=5|hop_sec=2p5|overlap_pct=50|max_windows_fraction=0p9,cnn,cnn1d,PPI,50,10,5.0,2.5,50.0,0.9,robust_non_frail,Robust/Non-Frail,True,5,0.6263636363636363,0.07635822491648621,0.5315675771645882,0.7211596955626844,0.5666666666666667,0.10865337342004416,0.4317773128325787,0.7015560205007546,0.5942687747035573,0.09285278210422834,0.4789953010368284,0.7095422483702862,12.0,0.0,12.0,12.0
model=cnn|resolved_model=cnn1d|extra_input=PPI|cnn_epochs=50|cnn_patience=10|window_sec=5|hop_sec=2p5|overlap_pct=50|max_windows_fraction=0p9,cnn,cnn1d,PPI,50,10,5.0,2.5,50.0,0.9,young,Young,True,5,0.715079365079365,0.04959523746021588,0.6535086165265866,0.7766501136321433,0.7,0.14252192813739223,0.5230640228783303,0.8769359771216696,0.703501400560224,0.09404060555639278,0.5867532857214072,0.8202495153990409,8.0,0.0,8.0,8.0
model=inceptiontime|resolved_model=inception_time|extra_input=PPI|cnn_epochs=50|cnn_patience=20|window_sec=10|hop_sec=5|overlap_pct=50|max_windows_fraction=0p9,inceptiontime,inception_time,PPI,50,20,10.0,5.0,50.0,0.9,pre_frail,Pre-Frail,True,5,0.6213636363636363,0.05621497991587428,0.5515747096329946,0.6911525630942781,0.6888888888888889,0.09296222517045284,0.5734795454923949,0.8042982322853829,0.6513312693498452,0.0645888998375827,0.5711464146167576,0.7315161240829328,9.0,0.0,9.0,9.0
model=inceptiontime|resolved_model=inception_time|extra_input=PPI|cnn_epochs=50|cnn_patience=20|window_sec=10|hop_sec=5|overlap_pct=50|max_windows_fraction=0p9,inceptiontime,inception_time,PPI,50,20,10.0,5.0,50.0,0.9,robust_non_frail,Robust/Non-Frail,True,5,0.6212121212121211,0.06090833709770236,0.5455965560841429,0.6968276863400993,0.5833333333333334,0.058925565098878946,0.5101793101281049,0.6564873565385618,0.59836041575172,0.03350439484821232,0.5567658841746289,0.6399549473288112,12.0,0.0,12.0,12.0
model=inceptiontime|resolved_model=inception_time|extra_input=PPI|cnn_epochs=50|cnn_patience=20|window_sec=10|hop_sec=5|overlap_pct=50|max_windows_fraction=0p9,inceptiontime,inception_time,PPI,50,20,10.0,5.0,50.0,0.9,young,Young,True,5,0.7964285714285715,0.08691291546878087,0.688529233944607,0.904327908912536,0.75,0.08838834764831845,0.6402689651921573,0.8597310348078427,0.7690336134453781,0.06988469929488884,0.6822742093509069,0.8557930175398494,8.0,0.0,8.0,8.0
model=inceptiontime|resolved_model=inception_time|extra_input=PPI|cnn_epochs=50|cnn_patience=20|window_sec=15|hop_sec=10p5|overlap_pct=30|max_windows_fraction=0p9,inceptiontime,inception_time,PPI,50,20,15.0,10.5,30.0,0.9,pre_frail,Pre-Frail,True,5,0.5862470862470862,0.09802689348864463,0.4645501346952173,0.7079440377989551,0.6888888888888889,0.16480441082434807,0.48428999071052026,0.8934877870672575,0.6289228418640184,0.11853011634210092,0.48177185795986155,0.7760738257681752,9.0,0.0,9.0,9.0
model=inceptiontime|resolved_model=inception_time|extra_input=PPI|cnn_epochs=50|cnn_patience=20|window_sec=15|hop_sec=10p5|overlap_pct=30|max_windows_fraction=0p9,inceptiontime,inception_time,PPI,50,20,15.0,10.5,30.0,0.9,robust_non_frail,Robust/Non-Frail,True,5,0.6211111111111112,0.11669311869436555,0.47624069538351543,0.7659815268387069,0.55,0.09501461875826149,0.43204268191888695,0.6679573180811131,0.5793373293373293,0.0925655201137549,0.464420481360686,0.6942541773139725,12.0,0.0,12.0,12.0
model=inceptiontime|resolved_model=inception_time|extra_input=PPI|cnn_epochs=50|cnn_patience=20|window_sec=15|hop_sec=10p5|overlap_pct=30|max_windows_fraction=0p9,inceptiontime,inception_time,PPI,50,20,15.0,10.5,30.0,0.9,young,Young,True,5,0.8198412698412698,0.11361964191314214,0.6787864677848721,0.9608960718976676,0.775,0.10458250331675945,0.6451644886789443,0.9048355113210558,0.7947058823529412,0.09806764293746963,0.6729583417889865,0.9164534229168958,8.0,0.0,8.0,8.0
model=cnn|resolved_model=cnn1d|extra_input=PPI|cnn_epochs=50|cnn_patience=10|window_sec=15|hop_sec=7p5|overlap_pct=50|max_windows_fraction=0p9,cnn,cnn1d,PPI,50,10,15.0,7.5,50.0,0.9,pre_frail,Pre-Frail,True,5,0.6132323232323232,0.06628718133351216,0.530939111561907,0.6955255349027395,0.7777777777777778,0.17568209223157663,0.5596746194917939,0.9958809360637617,0.6807602339181286,0.09657368442122702,0.5608673904755587,0.8006530773606985,9.0,0.0,9.0,9.0
model=cnn|resolved_model=cnn1d|extra_input=PPI|cnn_epochs=50|cnn_patience=10|window_sec=15|hop_sec=7p5|overlap_pct=50|max_windows_fraction=0p9,cnn,cnn1d,PPI,50,10,15.0,7.5,50.0,0.9,robust_non_frail,Robust/Non-Frail,True,5,0.6404040404040404,0.13105306414531223,0.47770625584287274,0.8031018249652081,0.5333333333333334,0.074535599249993,0.4408000000000001,0.6258666666666668,0.578695652173913,0.08634993745928744,0.47149523215134936,0.6858960721964767,12.0,0.0,12.0,12.0
model=cnn|resolved_model=cnn1d|extra_input=PPI|cnn_epochs=50|cnn_patience=10|window_sec=15|hop_sec=7p5|overlap_pct=50|max_windows_fraction=0p9,cnn,cnn1d,PPI,50,10,15.0,7.5,50.0,0.9,young,Young,True,5,0.7714285714285716,0.08377434326551993,0.6674256613000913,0.8754314815570519,0.7,0.14252192813739223,0.5230640228783303,0.8769359771216696,0.7226660920778569,0.07224796033111777,0.6329727822602211,0.8123594018954927,8.0,0.0,8.0,8.0
model=inceptiontime|resolved_model=inception_time|extra_input=0|cnn_epochs=50|cnn_patience=10|window_sec=10|hop_sec=5|overlap_pct=50|max_windows_fraction=0p9,inceptiontime,inception_time,0,50,10,10.0,5.0,50.0,0.9,pre_frail,Pre-Frail,True,5,0.6383838383838383,0.048125774745743796,0.5786373762733422,0.6981303004943343,0.711111111111111,0.12668615834434865,0.5538346870029602,0.8683875352192618,0.6701587301587301,0.07494349933595686,0.5771190031691977,0.7631984571482624,9.0,0.0,9.0,9.0
model=inceptiontime|resolved_model=inception_time|extra_input=0|cnn_epochs=50|cnn_patience=10|window_sec=10|hop_sec=5|overlap_pct=50|max_windows_fraction=0p9,inceptiontime,inception_time,0,50,10,10.0,5.0,50.0,0.9,robust_non_frail,Robust/Non-Frail,True,5,0.604965034965035,0.049265253118474905,0.5438039504036426,0.6661261195264273,0.55,0.04564354645876386,0.49333513728361583,0.6066648627163842,0.5737824204780726,0.024021437856355687,0.5439606475444053,0.6036041934117399,12.0,0.0,12.0,12.0
model=inceptiontime|resolved_model=inception_time|extra_input=0|cnn_epochs=50|cnn_patience=10|window_sec=10|hop_sec=5|overlap_pct=50|max_windows_fraction=0p9,inceptiontime,inception_time,0,50,10,10.0,5.0,50.0,0.9,young,Young,True,5,0.751984126984127,0.08345135255878208,0.6483821984943654,0.8555860554738886,0.75,0.08838834764831845,0.6402689651921573,0.8597310348078427,0.7497058823529411,0.07669931855712948,0.6544863673573996,0.8449253973484826,8.0,0.0,8.0,8.0
model=cnn|resolved_model=cnn1d|extra_input=0|cnn_epochs=50|cnn_patience=20|window_sec=15|hop_sec=10p5|overlap_pct=30|max_windows_fraction=0p9,cnn,cnn1d,0,50,20,15.0,10.5,30.0,0.9,pre_frail,Pre-Frail,True,5,0.6032634032634032,0.06043547806620186,0.5282348760451192,0.6782919304816872,0.7555555555555555,0.04969039949999535,0.6938666666666666,0.8172444444444444,0.6678787878787877,0.03182539600755422,0.6283686744985344,0.7073889012590411,9.0,0.0,9.0,9.0
model=cnn|resolved_model=cnn1d|extra_input=0|cnn_epochs=50|cnn_patience=20|window_sec=15|hop_sec=10p5|overlap_pct=30|max_windows_fraction=0p9,cnn,cnn1d,0,50,20,15.0,10.5,30.0,0.9,robust_non_frail,Robust/Non-Frail,True,5,0.6198626373626374,0.07580672975756605,0.5257512400685794,0.7139740346566953,0.55,0.16244657241348273,0.34832827554551826,0.7516717244544818,0.5698728639781272,0.09205416930517815,0.4555908401029391,0.6841548878533152,12.0,0.0,12.0,12.0
model=cnn|resolved_model=cnn1d|extra_input=0|cnn_epochs=50|cnn_patience=20|window_sec=15|hop_sec=10p5|overlap_pct=30|max_windows_fraction=0p9,cnn,cnn1d,0,50,20,15.0,10.5,30.0,0.9,young,Young,True,5,0.8555555555555555,0.1323458805507955,0.6912527847516913,1.0198583263594196,0.7,0.14252192813739223,0.5230640228783303,0.8769359771216696,0.7518853695324282,0.056353944477618795,0.6819239231703244,0.8218468158945321,8.0,0.0,8.0,8.0
model=cnn|resolved_model=cnn1d|extra_input=PPI|cnn_epochs=50|cnn_patience=20|window_sec=15|hop_sec=10p5|overlap_pct=30|max_windows_fraction=0p9,cnn,cnn1d,PPI,50,20,15.0,10.5,30.0,0.9,pre_frail,Pre-Frail,True,5,0.6032323232323232,0.1004286293895377,0.4785537007616954,0.7279109457029511,0.7555555555555555,0.14487116456005883,0.5757030837767717,0.9354080273343394,0.6664745196324144,0.1088222857027537,0.5313754671212201,0.8015735721436088,9.0,0.0,9.0,9.0
model=cnn|resolved_model=cnn1d|extra_input=PPI|cnn_epochs=50|cnn_patience=20|window_sec=15|hop_sec=10p5|overlap_pct=30|max_windows_fraction=0p9,cnn,cnn1d,PPI,50,20,15.0,10.5,30.0,0.9,robust_non_frail,Robust/Non-Frail,True,5,0.6296969696969696,0.05985903244224673,0.555384079511281,0.7040098598826583,0.55,0.1513825177048746,0.36206391157275486,0.7379360884272452,0.5755819060166887,0.09108162666143658,0.4625072597374381,0.6886565522959393,12.0,0.0,12.0,12.0
model=cnn|resolved_model=cnn1d|extra_input=PPI|cnn_epochs=50|cnn_patience=20|window_sec=15|hop_sec=10p5|overlap_pct=30|max_windows_fraction=0p9,cnn,cnn1d,PPI,50,20,15.0,10.5,30.0,0.9,young,Young,True,5,0.8166666666666668,0.10865337342004415,0.6817773128325788,0.9515560205007547,0.7,0.06846531968814576,0.6150027059254237,0.7849972940745762,0.7467032967032967,0.019943616937232466,0.7219439954768372,0.7714625979297562,8.0,0.0,8.0,8.0
model=inceptiontime|resolved_model=inception_time|extra_input=HRV|cnn_epochs=50|cnn_patience=20|window_sec=15|hop_sec=7p5|overlap_pct=50|max_windows_fraction=0p9,inceptiontime,inception_time,HRV,50,20,15.0,7.5,50.0,0.9,pre_frail,Pre-Frail,True,5,0.6176190476190476,0.04590980015821123,0.5606236402693592,0.6746144549687361,0.711111111111111,0.2018433569398328,0.46052965987478406,0.9616925623474379,0.6499999999999999,0.09128709291752768,0.5366702745672316,0.7633297254327682,9.0,0.0,9.0,9.0
model=inceptiontime|resolved_model=inception_time|extra_input=HRV|cnn_epochs=50|cnn_patience=20|window_sec=15|hop_sec=7p5|overlap_pct=50|max_windows_fraction=0p9,inceptiontime,inception_time,HRV,50,20,15.0,7.5,50.0,0.9,robust_non_frail,Robust/Non-Frail,True,5,0.6105627705627705,0.13854220707782552,0.4385674776119417,0.7825580635135994,0.5666666666666667,0.09128709291752767,0.45333694123389834,0.679996392099435,0.5766068832430389,0.05196663315078538,0.5120921300789242,0.6411216364071536,12.0,0.0,12.0,12.0
model=inceptiontime|resolved_model=inception_time|extra_input=HRV|cnn_epochs=50|cnn_patience=20|window_sec=15|hop_sec=7p5|overlap_pct=50|max_windows_fraction=0p9,inceptiontime,inception_time,HRV,50,20,15.0,7.5,50.0,0.9,young,Young,True,5,0.8380952380952381,0.1183311775218017,0.691191229761908,0.9849992464285682,0.725,0.10458250331675945,0.5951644886789442,0.8548355113210557,0.7735574229691877,0.09725448243723171,0.6528193926577722,0.8942954532806032,8.0,0.0,8.0,8.0
model=cnn|resolved_model=cnn1d|extra_input=PPI|cnn_epochs=50|cnn_patience=20|window_sec=10|hop_sec=7|overlap_pct=30|max_windows_fraction=0p9,cnn,cnn1d,PPI,50,20,10.0,7.0,30.0,0.9,pre_frail,Pre-Frail,True,5,0.5619047619047619,0.085183541999992,0.456152380952381,0.6676571428571428,0.7777777777777777,0.15713484026367724,0.582700382563835,0.9728551729917203,0.65175983436853,0.1102413998661283,0.5148990013760765,0.7886206673609836,9.0,0.0,9.0,9.0
model=cnn|resolved_model=cnn1d|extra_input=PPI|cnn_epochs=50|cnn_patience=20|window_sec=10|hop_sec=7|overlap_pct=30|max_windows_fraction=0p9,cnn,cnn1d,PPI,50,20,10.0,7.0,30.0,0.9,robust_non_frail,Robust/Non-Frail,True,5,0.6454545454545454,0.11607374805814837,0.501353056657365,0.7895560342517258,0.5,0.13176156917368248,0.33642263128551203,0.6635773687144879,0.5619875776397516,0.12501418546190993,0.40678684924763164,0.7171883060318716,12.0,0.0,12.0,12.0
model=cnn|resolved_model=cnn1d|extra_input=PPI|cnn_epochs=50|cnn_patience=20|window_sec=10|hop_sec=7|overlap_pct=30|max_windows_fraction=0p9,cnn,cnn1d,PPI,50,20,10.0,7.0,30.0,0.9,young,Young,True,5,0.788888888888889,0.04212708580028641,0.7365895887967897,0.8411881889809882,0.725,0.10458250331675945,0.5951644886789442,0.8548355113210557,0.7504201680672269,0.044600202064013515,0.6950505808384266,0.8057897552960271,8.0,0.0,8.0,8.0
model=inceptiontime|resolved_model=inception_time|extra_input=PPI|cnn_epochs=50|cnn_patience=20|window_sec=15|hop_sec=7p5|overlap_pct=50|max_windows_fraction=0p9,inceptiontime,inception_time,PPI,50,20,15.0,7.5,50.0,0.9,pre_frail,Pre-Frail,True,5,0.6206060606060607,0.04938324851768843,0.5592984888933327,0.6819136323187888,0.8222222222222222,0.09938079899999064,0.6988444444444445,0.9455999999999999,0.7040350877192982,0.03872387273353375,0.6559607573366926,0.7521094181019039,9.0,0.0,9.0,9.0
model=inceptiontime|resolved_model=inception_time|extra_input=PPI|cnn_epochs=50|cnn_patience=20|window_sec=15|hop_sec=7p5|overlap_pct=50|max_windows_fraction=0p9,inceptiontime,inception_time,PPI,50,20,15.0,7.5,50.0,0.9,robust_non_frail,Robust/Non-Frail,True,5,0.6117171717171717,0.08224294281389448,0.5096154415601811,0.7138189018741622,0.45,0.1263812574008592,0.29310209972370216,0.6068979002762979,0.513138841834494,0.10392299249587383,0.384122090075849,0.6421555935931389,12.0,0.0,12.0,12.0
model=inceptiontime|resolved_model=inception_time|extra_input=PPI|cnn_epochs=50|cnn_patience=20|window_sec=15|hop_sec=7p5|overlap_pct=50|max_windows_fraction=0p9,inceptiontime,inception_time,PPI,50,20,15.0,7.5,50.0,0.9,young,Young,True,5,0.7211904761904762,0.16178304248117947,0.5203425008843245,0.9220384514966278,0.725,0.10458250331675945,0.5951644886789442,0.8548355113210557,0.7195098039215686,0.12290555977812902,0.5669268603897822,0.872092747453355,8.0,0.0,8.0,8.0
model=inceptiontime|resolved_model=inception_time|extra_input=PPI|cnn_epochs=50|cnn_patience=10|window_sec=10|hop_sec=5|overlap_pct=50|max_windows_fraction=0p9,inceptiontime,inception_time,PPI,50,10,10.0,5.0,50.0,0.9,pre_frail,Pre-Frail,True,5,0.611978021978022,0.08121875357114741,0.5111477868589618,0.7128082570970822,0.711111111111111,0.20184335693983282,0.46052965987478406,0.9616925623474379,0.6513328776486672,0.12870887811696255,0.4915453178571306,0.8111204374402038,9.0,0.0,9.0,9.0
model=inceptiontime|resolved_model=inception_time|extra_input=PPI|cnn_epochs=50|cnn_patience=10|window_sec=10|hop_sec=5|overlap_pct=50|max_windows_fraction=0p9,inceptiontime,inception_time,PPI,50,10,10.0,5.0,50.0,0.9,robust_non_frail,Robust/Non-Frail,True,5,0.6178282828282828,0.11182415831755793,0.47900251070813715,0.7566540549484285,0.55,0.074535599249993,0.4574666666666667,0.6425333333333334,0.5754428341384863,0.0678634593091515,0.4911927286238733,0.6596929396530993,12.0,0.0,12.0,12.0
model=inceptiontime|resolved_model=inception_time|extra_input=PPI|cnn_epochs=50|cnn_patience=10|window_sec=10|hop_sec=5|overlap_pct=50|max_windows_fraction=0p9,inceptiontime,inception_time,PPI,50,10,10.0,5.0,50.0,0.9,young,Young,True,5,0.7607142857142858,0.06633634150359538,0.6783600434162124,0.8430685280123592,0.725,0.10458250331675945,0.5951644886789442,0.8548355113210557,0.7416666666666666,0.08539125638299667,0.6356564155900215,0.8476769177433117,8.0,0.0,8.0,8.0
model=cnn|resolved_model=cnn1d|extra_input=0|cnn_epochs=50|cnn_patience=10|window_sec=5|hop_sec=3p5|overlap_pct=30|max_windows_fraction=0p9,cnn,cnn1d,0,50,10,5.0,3.5,30.0,0.9,pre_frail,Pre-Frail,True,5,0.5915584415584416,0.06423504350782758,0.5118128870529342,0.6713039960639491,0.7999999999999999,0.09296222517045283,0.6845906566035059,0.9154093433964939,0.6791304347826086,0.0694894465591035,0.5928617231024917,0.7653991464627254,9.0,0.0,9.0,9.0
model=cnn|resolved_model=cnn1d|extra_input=0|cnn_epochs=50|cnn_patience=10|window_sec=5|hop_sec=3p5|overlap_pct=30|max_windows_fraction=0p9,cnn,cnn1d,0,50,10,5.0,3.5,30.0,0.9,robust_non_frail,Robust/Non-Frail,True,5,0.6303030303030301,0.16483536291605197,0.4256657061879572,0.8349403544181031,0.5333333333333334,0.12638125740085918,0.3764354330570356,0.6902312336096312,0.5763975155279504,0.1393606987372741,0.40338609387732693,0.7494089371785738,12.0,0.0,12.0,12.0
model=cnn|resolved_model=cnn1d|extra_input=0|cnn_epochs=50|cnn_patience=10|window_sec=5|hop_sec=3p5|overlap_pct=30|max_windows_fraction=0p9,cnn,cnn1d,0,50,10,5.0,3.5,30.0,0.9,young,Young,True,5,0.7845238095238096,0.08912684278211808,0.6738759588981759,0.8951716601494434,0.65,0.13693063937629152,0.4800054118508475,0.8199945881491526,0.7083333333333334,0.10991776971797255,0.5718742758237008,0.844792390842966,8.0,0.0,8.0,8.0
model=cnn|resolved_model=cnn1d|extra_input=HRV|cnn_epochs=50|cnn_patience=20|window_sec=10|hop_sec=5|overlap_pct=50|max_windows_fraction=0p9,cnn,cnn1d,HRV,50,20,10.0,5.0,50.0,0.9,pre_frail,Pre-Frail,True,5,0.5947474747474748,0.04317753537743045,0.5411440783329495,0.6483508711620001,0.6888888888888889,0.09296222517045284,0.5734795454923949,0.8042982322853829,0.6374269005847953,0.06318360966649508,0.5589866643311966,0.7158671368383941,9.0,0.0,9.0,9.0
model=cnn|resolved_model=cnn1d|extra_input=HRV|cnn_epochs=50|cnn_patience=20|window_sec=10|hop_sec=5|overlap_pct=50|max_windows_fraction=0p9,cnn,cnn1d,HRV,50,20,10.0,5.0,50.0,0.9,robust_non_frail,Robust/Non-Frail,True,5,0.6148917748917748,0.0798032897622444,0.5158187884668748,0.7139647613166749,0.5666666666666667,0.06972166887783962,0.48010965911929615,0.6532236742140372,0.5863744950701473,0.05367184880012528,0.5197427764603485,0.653006213679946,12.0,0.0,12.0,12.0
model=cnn|resolved_model=cnn1d|extra_input=HRV|cnn_epochs=50|cnn_patience=20|window_sec=10|hop_sec=5|overlap_pct=50|max_windows_fraction=0p9,cnn,cnn1d,HRV,50,20,10.0,5.0,50.0,0.9,young,Young,True,5,0.7911904761904761,0.14174067694608272,0.6152243950330161,0.9671565573479362,0.725,0.16298006013006622,0.5226659692488681,0.9273340307511319,0.7496031746031746,0.129139081003306,0.5892815330106791,0.9099248161956701,8.0,0.0,8.0,8.0
model=cnn|resolved_model=cnn1d|extra_input=HRV|cnn_epochs=50|cnn_patience=20|window_sec=5|hop_sec=2p5|overlap_pct=50|max_windows_fraction=0p9,cnn,cnn1d,HRV,50,20,5.0,2.5,50.0,0.9,pre_frail,Pre-Frail,True,5,0.5915151515151515,0.10789325745657773,0.45756945500088364,0.7254608480294195,0.6666666666666666,0.1111111111111111,0.5287261176546796,0.8046072156786537,0.6259649122807017,0.1063351843811132,0.49395350886530714,0.7579763156960964,9.0,0.0,9.0,9.0
model=cnn|resolved_model=cnn1d|extra_input=HRV|cnn_epochs=50|cnn_patience=20|window_sec=5|hop_sec=2p5|overlap_pct=50|max_windows_fraction=0p9,cnn,cnn1d,HRV,50,20,5.0,2.5,50.0,0.9,robust_non_frail,Robust/Non-Frail,True,5,0.6212121212121212,0.11146923461789517,0.48282697442187517,0.7595972680023673,0.6333333333333333,0.09501461875826149,0.5153760152522202,0.7512906514144464,0.6244306418219462,0.09471526419831175,0.5068449619319715,0.7420163217119209,12.0,0.0,12.0,12.0
model=cnn|resolved_model=cnn1d|extra_input=HRV|cnn_epochs=50|cnn_patience=20|window_sec=5|hop_sec=2p5|overlap_pct=50|max_windows_fraction=0p9,cnn,cnn1d,HRV,50,20,5.0,2.5,50.0,0.9,young,Young,True,5,0.8392857142857142,0.11293848786315641,0.6990765411018673,0.979494887469561,0.675,0.18957188610128875,0.4396531495855533,0.9103468504144467,0.7397619047619048,0.156943416006102,0.5449221560526194,0.9346016534711903,8.0,0.0,8.0,8.0
model=inceptiontime|resolved_model=inception_time|extra_input=PPI|cnn_epochs=50|cnn_patience=10|window_sec=10|hop_sec=7|overlap_pct=30|max_windows_fraction=0p9,inceptiontime,inception_time,PPI,50,10,10.0,7.0,30.0,0.9,pre_frail,Pre-Frail,True,5,0.5590909090909091,0.1131809054362612,0.4185807829889442,0.699601035192874,0.711111111111111,0.16850834320114558,0.5019139107427139,0.9203083114795082,0.6257142857142857,0.13567668652095732,0.45727643607283264,0.7941521353557387,9.0,0.0,9.0,9.0
model=inceptiontime|resolved_model=inception_time|extra_input=PPI|cnn_epochs=50|cnn_patience=10|window_sec=10|hop_sec=7|overlap_pct=30|max_windows_fraction=0p9,inceptiontime,inception_time,PPI,50,10,10.0,7.0,30.0,0.9,robust_non_frail,Robust/Non-Frail,True,5,0.6076923076923076,0.11564074137209931,0.4641283815151224,0.7512562338694928,0.5333333333333334,0.09501461875826149,0.41537601525222034,0.6512906514144465,0.5665454545454545,0.0991334354117163,0.44347476999022595,0.689616139100683,12.0,0.0,12.0,12.0
model=inceptiontime|resolved_model=inception_time|extra_input=PPI|cnn_epochs=50|cnn_patience=10|window_sec=10|hop_sec=7|overlap_pct=30|max_windows_fraction=0p9,inceptiontime,inception_time,PPI,50,10,10.0,7.0,30.0,0.9,young,Young,True,5,0.8314285714285715,0.10407512984887995,0.7022229464799364,0.9606341963772066,0.725,0.13693063937629152,0.5550054118508474,0.8949945881491526,0.7697435897435898,0.11432778118904775,0.6278096576027337,0.911677521884446,8.0,0.0,8.0,8.0
model=cnn|resolved_model=cnn1d|extra_input=0|cnn_epochs=50|cnn_patience=10|window_sec=5|hop_sec=2p5|overlap_pct=50|max_windows_fraction=0p9,cnn,cnn1d,0,50,10,5.0,2.5,50.0,0.9,pre_frail,Pre-Frail,True,5,0.7276190476190477,0.10270712163461267,0.6001117569075731,0.8551263383305223,0.6,0.09938079899999064,0.4766222222222222,0.7233777777777777,0.6489348370927319,0.06597330802205766,0.5670312881344359,0.7308383860510279,9.0,0.0,9.0,9.0
model=cnn|resolved_model=cnn1d|extra_input=0|cnn_epochs=50|cnn_patience=10|window_sec=5|hop_sec=2p5|overlap_pct=50|max_windows_fraction=0p9,cnn,cnn1d,0,50,10,5.0,2.5,50.0,0.9,robust_non_frail,Robust/Non-Frail,True,5,0.588076923076923,0.06899234824031825,0.5024253415318618,0.6737285046219843,0.6666666666666666,0.11785113019775793,0.5203586202562096,0.8129747130771237,0.6227089947089948,0.0815200073835772,0.5215047635434279,0.7239132258745616,12.0,0.0,12.0,12.0
model=cnn|resolved_model=cnn1d|extra_input=0|cnn_epochs=50|cnn_patience=10|window_sec=5|hop_sec=2p5|overlap_pct=50|max_windows_fraction=0p9,cnn,cnn1d,0,50,10,5.0,2.5,50.0,0.9,young,Young,True,5,0.7523809523809525,0.18334879341122337,0.5247598533664866,0.9800020513954184,0.7,0.11180339887498948,0.5611999999999999,0.8388,0.7161904761904762,0.128023523915478,0.5572537596123236,0.8751271927686287,8.0,0.0,8.0,8.0
model=inceptiontime|resolved_model=inception_time|extra_input=PPI|cnn_epochs=50|cnn_patience=10|window_sec=5|hop_sec=3p5|overlap_pct=30|max_windows_fraction=0p9,inceptiontime,inception_time,PPI,50,10,5.0,3.5,30.0,0.9,pre_frail,Pre-Frail,True,5,0.5915151515151515,0.0866528914672366,0.4839386247129509,0.6990916783173522,0.711111111111111,0.12668615834434865,0.5538346870029602,0.8683875352192618,0.6450125313283208,0.10029660599723944,0.5204978112706374,0.7695272513860042,9.0,0.0,9.0,9.0
model=inceptiontime|resolved_model=inception_time|extra_input=PPI|cnn_epochs=50|cnn_patience=10|window_sec=5|hop_sec=3p5|overlap_pct=30|max_windows_fraction=0p9,inceptiontime,inception_time,PPI,50,10,5.0,3.5,30.0,0.9,robust_non_frail,Robust/Non-Frail,True,5,0.6026695526695527,0.09562729299851684,0.4839516209988427,0.7213874843402627,0.45,0.09501461875826152,0.3320426819188869,0.5679573180811132,0.5120968428977581,0.08652856879113989,0.40467465833931626,0.6195190274562,12.0,0.0,12.0,12.0
model=inceptiontime|resolved_model=inception_time|extra_input=PPI|cnn_epochs=50|cnn_patience=10|window_sec=5|hop_sec=3p5|overlap_pct=30|max_windows_fraction=0p9,inceptiontime,inception_time,PPI,50,10,5.0,3.5,30.0,0.9,young,Young,True,5,0.7075901875901875,0.10678939954036779,0.5750148919788587,0.8401654832015164,0.8,0.06846531968814577,0.7150027059254238,0.8849972940745763,0.7465841073271415,0.06502340771033614,0.6658598263033952,0.8273083883508878,8.0,0.0,8.0,8.0
model=cnn|resolved_model=cnn1d|extra_input=PPI|cnn_epochs=50|cnn_patience=10|window_sec=10|hop_sec=5|overlap_pct=50|max_windows_fraction=0p9,cnn,cnn1d,PPI,50,10,10.0,5.0,50.0,0.9,pre_frail,Pre-Frail,True,5,0.5843589743589743,0.12534108625145868,0.42875241009740905,0.7399655386205396,0.7555555555555555,0.12171612389003689,0.6044492549785311,0.90666185613258,0.656029401567159,0.116393969979689,0.5115303684810117,0.8005284346533064,9.0,0.0,9.0,9.0
model=cnn|resolved_model=cnn1d|extra_input=PPI|cnn_epochs=50|cnn_patience=10|window_sec=10|hop_sec=5|overlap_pct=50|max_windows_fraction=0p9,cnn,cnn1d,PPI,50,10,10.0,5.0,50.0,0.9,robust_non_frail,Robust/Non-Frail,True,5,0.6154545454545455,0.11990009615447038,0.46660277964330643,0.7643063112657845,0.5,0.11785113019775792,0.353691953589543,0.646308046410457,0.5482213438735177,0.11036235639308686,0.411210347593447,0.6852323401535885,12.0,0.0,12.0,12.0
model=cnn|resolved_model=cnn1d|extra_input=PPI|cnn_epochs=50|cnn_patience=10|window_sec=10|hop_sec=5|overlap_pct=50|max_windows_fraction=0p9,cnn,cnn1d,PPI,50,10,10.0,5.0,50.0,0.9,young,Young,True,5,0.7642857142857142,0.08003683959034101,0.6649227839372305,0.863648644634198,0.7,0.06846531968814577,0.6150027059254237,0.7849972940745762,0.7273669467787116,0.05026192878298796,0.6649685243221709,0.7897653692352523,8.0,0.0,8.0,8.0
model=cnn|resolved_model=cnn1d|extra_input=0|cnn_epochs=50|cnn_patience=20|window_sec=15|hop_sec=7p5|overlap_pct=50|max_windows_fraction=0p9,cnn,cnn1d,0,50,20,15.0,7.5,50.0,0.9,pre_frail,Pre-Frail,True,5,0.6076190476190476,0.03525096290156523,0.5638562130364597,0.6513818822016355,0.711111111111111,0.09938079899999064,0.5877333333333333,0.8344888888888887,0.6514111365369948,0.02902562561470702,0.615376839942613,0.6874454331313765,9.0,0.0,9.0,9.0
model=cnn|resolved_model=cnn1d|extra_input=0|cnn_epochs=50|cnn_patience=20|window_sec=15|hop_sec=7p5|overlap_pct=50|max_windows_fraction=0p9,cnn,cnn1d,0,50,20,15.0,7.5,50.0,0.9,robust_non_frail,Robust/Non-Frail,True,5,0.5778221778221779,0.03570363044281603,0.5334973723571497,0.6221469832872062,0.5666666666666667,0.13693063937629152,0.3966720785175141,0.7366612548158191,0.5641035029044182,0.08325916660336743,0.4607401665404772,0.6674668392683593,12.0,0.0,12.0,12.0
model=cnn|resolved_model=cnn1d|extra_input=0|cnn_epochs=50|cnn_patience=20|window_sec=15|hop_sec=7p5|overlap_pct=50|max_windows_fraction=0p9,cnn,cnn1d,0,50,20,15.0,7.5,50.0,0.9,young,Young,True,5,0.8333333333333334,0.10206207261596575,0.706626848363805,0.9600398183028618,0.675,0.06846531968814577,0.5900027059254238,0.7599972940745763,0.7395604395604396,0.024371708918919648,0.7093038173827145,0.7698170617381647,8.0,0.0,8.0,8.0
model=cnn|resolved_model=cnn1d|extra_input=PPI|cnn_epochs=50|cnn_patience=10|window_sec=10|hop_sec=7|overlap_pct=30|max_windows_fraction=0p9,cnn,cnn1d,PPI,50,10,10.0,7.0,30.0,0.9,pre_frail,Pre-Frail,True,5,0.57011655011655,0.06469453303767655,0.4898005554689289,0.6504325447641712,0.7999999999999999,0.14487116456005888,0.620147528221216,0.9798524717787839,0.6639393939393939,0.08719312189179779,0.5556921900049807,0.7721865978738072,9.0,0.0,9.0,9.0
model=cnn|resolved_model=cnn1d|extra_input=PPI|cnn_epochs=50|cnn_patience=10|window_sec=10|hop_sec=7|overlap_pct=30|max_windows_fraction=0p9,cnn,cnn1d,PPI,50,10,10.0,7.0,30.0,0.9,robust_non_frail,Robust/Non-Frail,True,5,0.613968253968254,0.0922780750465177,0.4994082589650801,0.728528248971428,0.45,0.09501461875826152,0.3320426819188869,0.5679573180811132,0.5168648894964684,0.08731902532640362,0.40846138086202693,0.6252683981309097,12.0,0.0,12.0,12.0
model=cnn|resolved_model=cnn1d|extra_input=PPI|cnn_epochs=50|cnn_patience=10|window_sec=10|hop_sec=7|overlap_pct=30|max_windows_fraction=0p9,cnn,cnn1d,PPI,50,10,10.0,7.0,30.0,0.9,young,Young,True,5,0.7412698412698413,0.06486608489429384,0.6607408710066478,0.8217988115330348,0.7,0.11180339887498948,0.5611999999999999,0.8388,0.7154061624649859,0.06429166410283371,0.6355903154758337,0.7952220094541381,8.0,0.0,8.0,8.0
model=cnn|resolved_model=cnn1d|extra_input=PPI|cnn_epochs=50|cnn_patience=10|window_sec=5|hop_sec=3p5|overlap_pct=30|max_windows_fraction=0p9,cnn,cnn1d,PPI,50,10,5.0,3.5,30.0,0.9,pre_frail,Pre-Frail,True,5,0.5792857142857143,0.048207671503991294,0.5194375802210636,0.639133848350365,0.6888888888888889,0.12171612389003689,0.5377825883118644,0.8399951894659133,0.6236947868392209,0.048195742619073945,0.5638614620669815,0.6835281116114602,9.0,0.0,9.0,9.0
model=cnn|resolved_model=cnn1d|extra_input=PPI|cnn_epochs=50|cnn_patience=10|window_sec=5|hop_sec=3p5|overlap_pct=30|max_windows_fraction=0p9,cnn,cnn1d,PPI,50,10,5.0,3.5,30.0,0.9,robust_non_frail,Robust/Non-Frail,True,5,0.6142080142080142,0.0544564214147487,0.5466022762034071,0.6818137522126213,0.5499999999999999,0.17280367794439766,0.3354702921375327,0.7645297078624671,0.5731877519886673,0.1223029946489298,0.421352871939516,0.7250226320378187,12.0,0.0,12.0,12.0
model=cnn|resolved_model=cnn1d|extra_input=PPI|cnn_epochs=50|cnn_patience=10|window_sec=5|hop_sec=3p5|overlap_pct=30|max_windows_fraction=0p9,cnn,cnn1d,PPI,50,10,5.0,3.5,30.0,0.9,young,Young,True,5,0.7416666666666667,0.07453559924999299,0.6491333333333333,0.8342,0.7,0.06846531968814576,0.6150027059254237,0.7849972940745762,0.7178571428571429,0.05416339602893965,0.6506151855958724,0.7850991001184133,8.0,0.0,8.0,8.0
model=cnn|resolved_model=cnn1d|extra_input=HRV|cnn_epochs=50|cnn_patience=20|window_sec=15|hop_sec=7p5|overlap_pct=50|max_windows_fraction=0p9,cnn,cnn1d,HRV,50,20,15.0,7.5,50.0,0.9,pre_frail,Pre-Frail,True,5,0.625,0.043301270189221926,0.571242991154641,0.678757008845359,0.6666666666666667,0.07856742013183861,0.5691279690596954,0.764205364273638,0.6439628482972136,0.05520914705921673,0.5754226277947266,0.7125030687997006,9.0,0.0,9.0,9.0
model=cnn|resolved_model=cnn1d|extra_input=HRV|cnn_epochs=50|cnn_patience=20|window_sec=15|hop_sec=7p5|overlap_pct=50|max_windows_fraction=0p9,cnn,cnn1d,HRV,50,20,15.0,7.5,50.0,0.9,robust_non_frail,Robust/Non-Frail,True,5,0.56004329004329,0.039008388736068836,0.5116157430183529,0.6084708370682271,0.6166666666666667,0.09501461875826149,0.4987093485855536,0.7346239847477798,0.5851170568561873,0.05865821464907885,0.5122949398613751,0.6579391738509995,12.0,0.0,12.0,12.0
model=cnn|resolved_model=cnn1d|extra_input=HRV|cnn_epochs=50|cnn_patience=20|window_sec=15|hop_sec=7p5|overlap_pct=50|max_windows_fraction=0p9,cnn,cnn1d,HRV,50,20,15.0,7.5,50.0,0.9,young,Young,True,5,0.8414285714285714,0.09641534300798259,0.72173230329927,0.9611248395578729,0.65,0.13693063937629152,0.4800054118508475,0.8199945881491526,0.7275824175824177,0.10921247110539281,0.5919989635733148,0.8631658715915206,8.0,0.0,8.0,8.0
model=cnn|resolved_model=cnn1d|extra_input=0|cnn_epochs=50|cnn_patience=10|window_sec=15|hop_sec=10p5|overlap_pct=30|max_windows_fraction=0p9,cnn,cnn1d,0,50,10,15.0,10.5,30.0,0.9,pre_frail,Pre-Frail,True,5,0.6145454545454545,0.019917183909278775,0.5898189689964869,0.6392719400944221,0.711111111111111,0.060858061945018485,0.6355579608225987,0.7866642613996233,0.6589473684210526,0.03747575393456399,0.6124225337697056,0.7054722030723997,9.0,0.0,9.0,9.0
model=cnn|resolved_model=cnn1d|extra_input=0|cnn_epochs=50|cnn_patience=10|window_sec=15|hop_sec=10p5|overlap_pct=30|max_windows_fraction=0p9,cnn,cnn1d,0,50,10,15.0,10.5,30.0,0.9,robust_non_frail,Robust/Non-Frail,True,5,0.5815151515151514,0.0688552600166169,0.49603376019365414,0.6669965428366487,0.5666666666666667,0.06972166887783962,0.48010965911929615,0.6532236742140372,0.5711535646318254,0.04935560949583255,0.509880305795738,0.6324268234679129,12.0,0.0,12.0,12.0
model=cnn|resolved_model=cnn1d|extra_input=0|cnn_epochs=50|cnn_patience=10|window_sec=15|hop_sec=10p5|overlap_pct=30|max_windows_fraction=0p9,cnn,cnn1d,0,50,10,15.0,10.5,30.0,0.9,young,Young,True,5,0.7916666666666667,0.13819269959814168,0.6201052749985204,0.9632280583348131,0.65,0.10458250331675945,0.5201644886789443,0.7798355113210558,0.7011904761904761,0.054619379747402205,0.6333824311290184,0.7689985212519339,8.0,0.0,8.0,8.0
model=inceptiontime|resolved_model=inception_time|extra_input=HRV|cnn_epochs=50|cnn_patience=20|window_sec=5|hop_sec=2p5|overlap_pct=50|max_windows_fraction=0p9,inceptiontime,inception_time,HRV,50,20,5.0,2.5,50.0,0.9,pre_frail,Pre-Frail,True,5,0.6283333333333333,0.09159087776022724,0.5146264696687135,0.7420401969979531,0.6666666666666667,0.20786985482077452,0.4086035295934897,0.9247298037398437,0.6428424001179419,0.14077693370221694,0.4680727724099708,0.817612027825913,9.0,0.0,9.0,9.0
model=inceptiontime|resolved_model=inception_time|extra_input=HRV|cnn_epochs=50|cnn_patience=20|window_sec=5|hop_sec=2p5|overlap_pct=50|max_windows_fraction=0p9,inceptiontime,inception_time,HRV,50,20,5.0,2.5,50.0,0.9,robust_non_frail,Robust/Non-Frail,True,5,0.6051282051282051,0.12644951800962004,0.44814556169927194,0.7621108485571382,0.6333333333333333,0.07453559924999298,0.5408,0.7258666666666667,0.6159730639730641,0.0902462228136161,0.5039355422825492,0.7280105856635789,12.0,0.0,12.0,12.0
model=inceptiontime|resolved_model=inception_time|extra_input=HRV|cnn_epochs=50|cnn_patience=20|window_sec=5|hop_sec=2p5|overlap_pct=50|max_windows_fraction=0p9,inceptiontime,inception_time,HRV,50,20,5.0,2.5,50.0,0.9,young,Young,True,5,0.7330952380952381,0.11738843789519444,0.5873616079569342,0.8788288682335421,0.625,0.15309310892394862,0.4349402725457074,0.8150597274542926,0.6701648351648352,0.13298712499184798,0.505065981868724,0.8352636884609463,8.0,0.0,8.0,8.0
model=inceptiontime|resolved_model=inception_time|extra_input=PPI|cnn_epochs=50|cnn_patience=10|window_sec=15|hop_sec=7p5|overlap_pct=50|max_windows_fraction=0p9,inceptiontime,inception_time,PPI,50,10,15.0,7.5,50.0,0.9,pre_frail,Pre-Frail,True,5,0.5838383838383838,0.09771128467866831,0.4625332495592053,0.7051435181175624,0.7333333333333333,0.12668615834434865,0.5760569092251825,0.8906097574414841,0.6471359558316079,0.10217418690466876,0.5202902849032575,0.7739816267599583,9.0,0.0,9.0,9.0
model=inceptiontime|resolved_model=inception_time|extra_input=PPI|cnn_epochs=50|cnn_patience=10|window_sec=15|hop_sec=7p5|overlap_pct=50|max_windows_fraction=0p9,inceptiontime,inception_time,PPI,50,10,15.0,7.5,50.0,0.9,robust_non_frail,Robust/Non-Frail,True,5,0.5666666666666667,0.09128709291752767,0.45333694123389834,0.679996392099435,0.4166666666666667,0.10206207261596575,0.2899601816971383,0.543373151636195,0.477056277056277,0.09935041356582004,0.35371622172974243,0.6003963323828116,12.0,0.0,12.0,12.0
model=inceptiontime|resolved_model=inception_time|extra_input=PPI|cnn_epochs=50|cnn_patience=10|window_sec=15|hop_sec=7p5|overlap_pct=50|max_windows_fraction=0p9,inceptiontime,inception_time,PPI,50,10,15.0,7.5,50.0,0.9,young,Young,True,5,0.7073015873015873,0.07607133541986996,0.6128616913545605,0.8017414832486142,0.775,0.10458250331675945,0.6451644886789443,0.9048355113210558,0.7372549019607842,0.0803682413016439,0.6374805480062947,0.8370292559152738,8.0,0.0,8.0,8.0
model=inceptiontime|resolved_model=inception_time|extra_input=HRV|cnn_epochs=50|cnn_patience=20|window_sec=15|hop_sec=10p5|overlap_pct=30|max_windows_fraction=0p9,inceptiontime,inception_time,HRV,50,20,15.0,10.5,30.0,0.9,pre_frail,Pre-Frail,True,5,0.578525641025641,0.06700174666784253,0.49534532154452254,0.6617059605067594,0.7555555555555555,0.19876159799998128,0.5088,1.002311111111111,0.6465638963719459,0.09573695072400536,0.5277098284795203,0.7654179642643715,9.0,0.0,9.0,9.0
model=inceptiontime|resolved_model=inception_time|extra_input=HRV|cnn_epochs=50|cnn_patience=20|window_sec=15|hop_sec=10p5|overlap_pct=30|max_windows_fraction=0p9,inceptiontime,inception_time,HRV,50,20,15.0,10.5,30.0,0.9,robust_non_frail,Robust/Non-Frail,True,5,0.5735486735486736,0.10250863556223065,0.44628779633735943,0.7008095507599876,0.4666666666666667,0.07453559924999299,0.3741333333333333,0.5592,0.5091494744767056,0.061485181726274,0.4328177769658893,0.5854811719875218,12.0,0.0,12.0,12.0
model=inceptiontime|resolved_model=inception_time|extra_input=HRV|cnn_epochs=50|cnn_patience=20|window_sec=15|hop_sec=10p5|overlap_pct=30|max_windows_fraction=0p9,inceptiontime,inception_time,HRV,50,20,15.0,10.5,30.0,0.9,young,Young,True,5,0.8055555555555556,0.18814190533533426,0.5719839761284999,1.0391271349826112,0.7,0.11180339887498948,0.5611999999999999,0.8388,0.7399806076276665,0.10954913007282574,0.6039792033133861,0.8759820119419469,8.0,0.0,8.0,8.0
model=cnn|resolved_model=cnn1d|extra_input=0|cnn_epochs=50|cnn_patience=10|window_sec=10|hop_sec=5|overlap_pct=50|max_windows_fraction=0p9,cnn,cnn1d,0,50,10,10.0,5.0,50.0,0.9,pre_frail,Pre-Frail,True,5,0.5853979353979354,0.0741793372274594,0.49330688887542573,0.677488981920445,0.6888888888888889,0.09296222517045284,0.5734795454923949,0.8042982322853829,0.6256060606060606,0.02789895515617465,0.5909704858861288,0.6602416353259924,9.0,0.0,9.0,9.0
model=cnn|resolved_model=cnn1d|extra_input=0|cnn_epochs=50|cnn_patience=10|window_sec=10|hop_sec=5|overlap_pct=50|max_windows_fraction=0p9,cnn,cnn1d,0,50,10,10.0,5.0,50.0,0.9,robust_non_frail,Robust/Non-Frail,True,5,0.577028527028527,0.037216482894267607,0.5308255682839526,0.6232314857731015,0.5833333333333334,0.1767766952966369,0.3638712637176479,0.8027954029490189,0.5679496567505721,0.09121934381168982,0.4547040394574928,0.6811952740436513,12.0,0.0,12.0,12.0
model=cnn|resolved_model=cnn1d|extra_input=0|cnn_epochs=50|cnn_patience=10|window_sec=10|hop_sec=5|overlap_pct=50|max_windows_fraction=0p9,cnn,cnn1d,0,50,10,10.0,5.0,50.0,0.9,young,Young,True,5,0.8769841269841269,0.11898146309972182,0.729272811904101,1.0246954420641528,0.65,0.2053959590644373,0.3950081177762712,0.9049918822237288,0.7294677871148458,0.1472436347060853,0.546669976825945,0.9122655974037467,8.0,0.0,8.0,8.0
model=inceptiontime|resolved_model=inception_time|extra_input=HRV|cnn_epochs=50|cnn_patience=20|window_sec=10|hop_sec=5|overlap_pct=50|max_windows_fraction=0p9,inceptiontime,inception_time,HRV,50,20,10.0,5.0,50.0,0.9,pre_frail,Pre-Frail,True,5,0.5655322455322456,0.11097009650813287,0.4277667612060403,0.7032977298584508,0.6888888888888889,0.21372648957412604,0.42355494509655195,0.9542228326812259,0.6188410419989367,0.15085020902222057,0.4315657961390538,0.8061162878588197,9.0,0.0,9.0,9.0
model=inceptiontime|resolved_model=inception_time|extra_input=HRV|cnn_epochs=50|cnn_patience=20|window_sec=10|hop_sec=5|overlap_pct=50|max_windows_fraction=0p9,inceptiontime,inception_time,HRV,50,20,10.0,5.0,50.0,0.9,robust_non_frail,Robust/Non-Frail,True,5,0.5955988455988456,0.10674431880813519,0.4630795161361029,0.7281181750615883,0.5833333333333334,0.058925565098878946,0.5101793101281049,0.6564873565385618,0.5851170568561873,0.05865821464907885,0.5122949398613751,0.6579391738509995,12.0,0.0,12.0,12.0
model=inceptiontime|resolved_model=inception_time|extra_input=HRV|cnn_epochs=50|cnn_patience=20|window_sec=10|hop_sec=5|overlap_pct=50|max_windows_fraction=0p9,inceptiontime,inception_time,HRV,50,20,10.0,5.0,50.0,0.9,young,Young,True,5,0.8642857142857142,0.13458174058154837,0.6972072016404458,1.0313642269309826,0.65,0.10458250331675945,0.5201644886789443,0.7798355113210558,0.7305128205128205,0.06095071892986223,0.654844639826076,0.806181001199565,8.0,0.0,8.0,8.0
model=cnn|resolved_model=cnn1d|extra_input=HRV|cnn_epochs=50|cnn_patience=20|window_sec=5|hop_sec=3p5|overlap_pct=30|max_windows_fraction=0p9,cnn,cnn1d,HRV,50,20,5.0,3.5,30.0,0.9,pre_frail,Pre-Frail,True,5,0.6212409812409813,0.09233492129329972,0.5066104136153939,0.7358715488665686,0.6444444444444445,0.12171612389003691,0.49333814386742003,0.7955507450214689,0.6287426900584796,0.09031157475197438,0.5166240362276595,0.7408613438892997,9.0,0.0,9.0,9.0
model=cnn|resolved_model=cnn1d|extra_input=HRV|cnn_epochs=50|cnn_patience=20|window_sec=5|hop_sec=3p5|overlap_pct=30|max_windows_fraction=0p9,cnn,cnn1d,HRV,50,20,5.0,3.5,30.0,0.9,robust_non_frail,Robust/Non-Frail,True,5,0.5956259426847661,0.07748001735024068,0.4994372175080118,0.6918146678615205,0.6499999999999999,0.09128709291752768,0.5366702745672316,0.7633297254327682,0.6188045977011494,0.06918975040880676,0.532907948284611,0.7047012471176878,12.0,0.0,12.0,12.0
model=cnn|resolved_model=cnn1d|extra_input=HRV|cnn_epochs=50|cnn_patience=20|window_sec=5|hop_sec=3p5|overlap_pct=30|max_windows_fraction=0p9,cnn,cnn1d,HRV,50,20,5.0,3.5,30.0,0.9,young,Young,True,5,0.7723809523809524,0.11310902171644308,0.6319600673969781,0.9128018373649267,0.625,0.15309310892394862,0.4349402725457074,0.8150597274542926,0.6884981684981686,0.13920994704916506,0.5156738997831454,0.8613224372131918,8.0,0.0,8.0,8.0
model=cnn|resolved_model=cnn1d|extra_input=PPI|cnn_epochs=50|cnn_patience=10|window_sec=15|hop_sec=10p5|overlap_pct=30|max_windows_fraction=0p9,cnn,cnn1d,PPI,50,10,15.0,10.5,30.0,0.9,pre_frail,Pre-Frail,True,5,0.5771367521367521,0.13000077968039428,0.4157453418468525,0.7385281624266516,0.7333333333333333,0.12668615834434865,0.5760569092251825,0.8906097574414841,0.633279574456045,0.0842603205265152,0.5286733405958635,0.7378858083162265,9.0,0.0,9.0,9.0
model=cnn|resolved_model=cnn1d|extra_input=PPI|cnn_epochs=50|cnn_patience=10|window_sec=15|hop_sec=10p5|overlap_pct=30|max_windows_fraction=0p9,cnn,cnn1d,PPI,50,10,15.0,10.5,30.0,0.9,robust_non_frail,Robust/Non-Frail,True,5,0.5974358974358974,0.09587566597817568,0.4784096194186225,0.7164621754531724,0.4833333333333334,0.18066236157232332,0.25904734526353795,0.7076193214031288,0.5116666666666667,0.11735511161522631,0.3659744099365607,0.6573589233967727,12.0,0.0,12.0,12.0
model=cnn|resolved_model=cnn1d|extra_input=PPI|cnn_epochs=50|cnn_patience=10|window_sec=15|hop_sec=10p5|overlap_pct=30|max_windows_fraction=0p9,cnn,cnn1d,PPI,50,10,15.0,10.5,30.0,0.9,young,Young,True,5,0.8142857142857143,0.1168244802414009,0.6692522178028645,0.9593192107685641,0.7,0.06846531968814576,0.6150027059254237,0.7849972940745762,0.7471794871794872,0.04943301140634204,0.6858101365851275,0.808548837773847,8.0,0.0,8.0,8.0
model=inceptiontime|resolved_model=inception_time|extra_input=PPI|cnn_epochs=50|cnn_patience=10|window_sec=15|hop_sec=10p5|overlap_pct=30|max_windows_fraction=0p9,inceptiontime,inception_time,PPI,50,10,15.0,10.5,30.0,0.9,pre_frail,Pre-Frail,True,5,0.5766122766122765,0.06499368827474561,0.49592489122588534,0.6572996619986677,0.6444444444444444,0.16480441082434805,0.43984554626607575,0.849043342622813,0.6040166369578134,0.09910201584212865,0.48098495869669267,0.7270483152189341,9.0,0.0,9.0,9.0
model=inceptiontime|resolved_model=inception_time|extra_input=PPI|cnn_epochs=50|cnn_patience=10|window_sec=15|hop_sec=10p5|overlap_pct=30|max_windows_fraction=0p9,inceptiontime,inception_time,PPI,50,10,15.0,10.5,30.0,0.9,robust_non_frail,Robust/Non-Frail,True,5,0.5797435897435897,0.06586300607097127,0.49797697679050323,0.6615102026966763,0.5666666666666667,0.10865337342004412,0.43177731283257875,0.7015560205007545,0.5683799903799904,0.06875113407142872,0.483027867768904,0.6537321129910768,12.0,0.0,12.0,12.0
model=inceptiontime|resolved_model=inception_time|extra_input=PPI|cnn_epochs=50|cnn_patience=10|window_sec=15|hop_sec=10p5|overlap_pct=30|max_windows_fraction=0p9,inceptiontime,inception_time,PPI,50,10,15.0,10.5,30.0,0.9,young,Young,True,5,0.780952380952381,0.10742357405634272,0.6475897799129251,0.9143149819918368,0.7,0.11180339887498948,0.5611999999999999,0.8388,0.7361904761904763,0.10126257935350189,0.6104765340769487,0.8619044183040039,8.0,0.0,8.0,8.0
model=cnn|resolved_model=cnn1d|extra_input=HRV|cnn_epochs=50|cnn_patience=20|window_sec=10|hop_sec=7|overlap_pct=30|max_windows_fraction=0p9,cnn,cnn1d,HRV,50,20,10.0,7.0,30.0,0.9,pre_frail,Pre-Frail,True,5,0.6033766233766233,0.09183480442490839,0.48936693330960046,0.7173863134436462,0.7333333333333333,0.12668615834434865,0.5760569092251825,0.8906097574414841,0.6591304347826087,0.09293570790199832,0.543754011645235,0.7745068579199824,9.0,0.0,9.0,9.0
model=cnn|resolved_model=cnn1d|extra_input=HRV|cnn_epochs=50|cnn_patience=20|window_sec=10|hop_sec=7|overlap_pct=30|max_windows_fraction=0p9,cnn,cnn1d,HRV,50,20,10.0,7.0,30.0,0.9,robust_non_frail,Robust/Non-Frail,True,5,0.5817216117216117,0.02935675202217401,0.5452762333012847,0.6181669901419388,0.6,0.06972166887783961,0.5134429924526295,0.6865570075473705,0.5888344988344989,0.038943320025700605,0.540487732332247,0.6371812653367508,12.0,0.0,12.0,12.0
model=cnn|resolved_model=cnn1d|extra_input=HRV|cnn_epochs=50|cnn_patience=20|window_sec=10|hop_sec=7|overlap_pct=30|max_windows_fraction=0p9,cnn,cnn1d,HRV,50,20,10.0,7.0,30.0,0.9,young,Young,True,5,0.8295238095238096,0.10499973005040343,0.6991703258404418,0.9598772932071773,0.575,0.06846531968814576,0.4900027059254237,0.6599972940745762,0.6761904761904762,0.06631958922348231,0.5938570312608468,0.7585239211201057,8.0,0.0,8.0,8.0
model=cnn|resolved_model=cnn1d|extra_input=HRV|cnn_epochs=50|cnn_patience=10|window_sec=15|hop_sec=10p5|overlap_pct=30|max_windows_fraction=0p9,cnn,cnn1d,HRV,50,10,15.0,10.5,30.0,0.9,pre_frail,Pre-Frail,True,5,0.5408624708624709,0.10062850939132843,0.41593570437719124,0.6657892373477505,0.7111111111111111,0.09938079899999067,0.5877333333333333,0.834488888888889,0.6122973441508911,0.09476047456037878,0.4946555371814354,0.7299391511203468,9.0,0.0,9.0,9.0
model=cnn|resolved_model=cnn1d|extra_input=HRV|cnn_epochs=50|cnn_patience=10|window_sec=15|hop_sec=10p5|overlap_pct=30|max_windows_fraction=0p9,cnn,cnn1d,HRV,50,10,15.0,10.5,30.0,0.9,robust_non_frail,Robust/Non-Frail,True,5,0.593030303030303,0.11978132815609994,0.4443259835251664,0.7417346225354396,0.5166666666666667,0.13693063937629155,0.34667207851751414,0.6866612548158193,0.5500263504611331,0.12802283814802554,0.39109048523923057,0.7089622156830357,12.0,0.0,12.0,12.0
model=cnn|resolved_model=cnn1d|extra_input=HRV|cnn_epochs=50|cnn_patience=10|window_sec=15|hop_sec=10p5|overlap_pct=30|max_windows_fraction=0p9,cnn,cnn1d,HRV,50,10,15.0,10.5,30.0,0.9,young,Young,True,5,0.830952380952381,0.11116778599932144,0.6929414720536397,0.9689632898511223,0.675,0.06846531968814576,0.5900027059254238,0.7599972940745763,0.7400366300366301,0.051462203189812705,0.6761481089843073,0.8039251510889529,8.0,0.0,8.0,8.0
model=cnn|resolved_model=cnn1d|extra_input=HRV|cnn_epochs=50|cnn_patience=10|window_sec=10|hop_sec=5|overlap_pct=50|max_windows_fraction=0p9,cnn,cnn1d,HRV,50,10,10.0,5.0,50.0,0.9,pre_frail,Pre-Frail,True,5,0.5575140545728782,0.053255270264174516,0.49139950361068035,0.6236286055350759,0.8222222222222222,0.09938079899999064,0.6988444444444445,0.9455999999999999,0.6608067295023816,0.038326854671540095,0.6132252831247277,0.7083881758800356,9.0,0.0,9.0,9.0
model=cnn|resolved_model=cnn1d|extra_input=HRV|cnn_epochs=50|cnn_patience=10|window_sec=10|hop_sec=5|overlap_pct=50|max_windows_fraction=0p9,cnn,cnn1d,HRV,50,10,10.0,5.0,50.0,0.9,robust_non_frail,Robust/Non-Frail,True,5,0.5822222222222221,0.07478363853539483,0.4893809568120449,0.6750634876323992,0.4,0.12360330811826108,0.24655082636622352,0.5534491736337765,0.4683371530430354,0.10763647890137021,0.33471023810268596,0.6019640679833849,12.0,0.0,12.0,12.0
model=cnn|resolved_model=cnn1d|extra_input=HRV|cnn_epochs=50|cnn_patience=10|window_sec=10|hop_sec=5|overlap_pct=50|max_windows_fraction=0p9,cnn,cnn1d,HRV,50,10,10.0,5.0,50.0,0.9,young,Young,True,5,0.7285714285714285,0.10289185922062809,0.6008347926236108,0.8563080645192462,0.675,0.11180339887498948,0.5362,0.8138000000000001,0.7,0.10474837574980447,0.5699585638686225,0.8300414361313774,8.0,0.0,8.0,8.0
model=inceptiontime|resolved_model=inception_time|extra_input=HRV|cnn_epochs=50|cnn_patience=20|window_sec=10|hop_sec=7|overlap_pct=30|max_windows_fraction=0p9,inceptiontime,inception_time,HRV,50,20,10.0,7.0,30.0,0.9,pre_frail,Pre-Frail,True,5,0.5992507492507493,0.042346239340977705,0.546679377721162,0.6518221207803365,0.711111111111111,0.14907119849998596,0.5260444444444444,0.8961777777777776,0.6416972797023948,0.05489798120144241,0.5735433607032043,0.7098511987015852,9.0,0.0,9.0,9.0
model=inceptiontime|resolved_model=inception_time|extra_input=HRV|cnn_epochs=50|cnn_patience=20|window_sec=10|hop_sec=7|overlap_pct=30|max_windows_fraction=0p9,inceptiontime,inception_time,HRV,50,20,10.0,7.0,30.0,0.9,robust_non_frail,Robust/Non-Frail,True,5,0.574212715389186,0.12830758097904832,0.4149233519253368,0.7335020788530351,0.5333333333333334,0.2173067468400883,0.2635546256651575,0.8031120410015093,0.543728135932034,0.15663238828375647,0.34927451723575315,0.7381817546283147,12.0,0.0,12.0,12.0
model=inceptiontime|resolved_model=inception_time|extra_input=HRV|cnn_epochs=50|cnn_patience=20|window_sec=10|hop_sec=7|overlap_pct=30|max_windows_fraction=0p9,inceptiontime,inception_time,HRV,50,20,10.0,7.0,30.0,0.9,young,Young,True,5,0.7595238095238096,0.20933432990793585,0.4996425779727958,1.0194050410748234,0.65,0.2053959590644373,0.3950081177762712,0.9049918822237288,0.6790476190476189,0.1521426708397399,0.49016782715356516,0.8679274109416726,8.0,0.0,8.0,8.0
model=cnn|resolved_model=cnn1d|extra_input=0|cnn_epochs=50|cnn_patience=20|window_sec=10|hop_sec=5|overlap_pct=50|max_windows_fraction=0p9,cnn,cnn1d,0,50,20,10.0,5.0,50.0,0.9,pre_frail,Pre-Frail,True,5,0.5935353535353535,0.08541955488707732,0.48748997085800644,0.6995807362127006,0.711111111111111,0.12668615834434865,0.5538346870029602,0.8683875352192618,0.6451461988304094,0.09687576132436855,0.5248783375030708,0.7654140601577479,9.0,0.0,9.0,9.0
model=cnn|resolved_model=cnn1d|extra_input=0|cnn_epochs=50|cnn_patience=20|window_sec=10|hop_sec=5|overlap_pct=50|max_windows_fraction=0p9,cnn,cnn1d,0,50,20,10.0,5.0,50.0,0.9,robust_non_frail,Robust/Non-Frail,True,5,0.5691341991341992,0.06857469437760708,0.4840011202172121,0.6542672780511862,0.4833333333333334,0.10865337342004416,0.34844397949924544,0.6182226871674213,0.5186637542472783,0.085979098396901,0.4119237179194607,0.6254037905750959,12.0,0.0,12.0,12.0
model=cnn|resolved_model=cnn1d|extra_input=0|cnn_epochs=50|cnn_patience=20|window_sec=10|hop_sec=5|overlap_pct=50|max_windows_fraction=0p9,cnn,cnn1d,0,50,20,10.0,5.0,50.0,0.9,young,Young,True,5,0.7150793650793651,0.09697490408956146,0.5946884214848751,0.8354703086738551,0.7,0.16770509831248423,0.4918,0.9081999999999999,0.6951820728291317,0.09081472684603173,0.5824387733134944,0.807925372344769,8.0,0.0,8.0,8.0
model=cnn|resolved_model=cnn1d|extra_input=HRV|cnn_epochs=50|cnn_patience=20|window_sec=15|hop_sec=10p5|overlap_pct=30|max_windows_fraction=0p9,cnn,cnn1d,HRV,50,20,15.0,10.5,30.0,0.9,pre_frail,Pre-Frail,True,5,0.5848484848484847,0.10027510368348058,0.46036045915948565,0.7093365105374838,0.6888888888888889,0.09296222517045284,0.5734795454923949,0.8042982322853829,0.6284057971014493,0.07894627399500093,0.5303967657055586,0.72641482849734,9.0,0.0,9.0,9.0
model=cnn|resolved_model=cnn1d|extra_input=HRV|cnn_epochs=50|cnn_patience=20|window_sec=15|hop_sec=10p5|overlap_pct=30|max_windows_fraction=0p9,cnn,cnn1d,HRV,50,20,15.0,10.5,30.0,0.9,robust_non_frail,Robust/Non-Frail,True,5,0.5929292929292929,0.12774882891619893,0.4343336005622429,0.7515249852963428,0.5499999999999999,0.12638125740085915,0.39310209972370214,0.7068979002762977,0.5681477942347508,0.12210490214555177,0.41655883908363955,0.7197367493858621,12.0,0.0,12.0,12.0
model=cnn|resolved_model=cnn1d|extra_input=HRV|cnn_epochs=50|cnn_patience=20|window_sec=15|hop_sec=10p5|overlap_pct=30|max_windows_fraction=0p9,cnn,cnn1d,HRV,50,20,15.0,10.5,30.0,0.9,young,Young,True,5,0.7484126984126984,0.06309399020429142,0.6700837215794664,0.8267416752459305,0.65,0.18540496217739158,0.4198262395493353,0.8801737604506648,0.6820728291316527,0.11726294503604749,0.536494993978339,0.8276506642849664,8.0,0.0,8.0,8.0
model=inceptiontime|resolved_model=inception_time|extra_input=HRV|cnn_epochs=50|cnn_patience=10|window_sec=15|hop_sec=7p5|overlap_pct=50|max_windows_fraction=0p9,inceptiontime,inception_time,HRV,50,10,15.0,7.5,50.0,0.9,pre_frail,Pre-Frail,True,5,0.5540293040293041,0.09816063879752097,0.4321663123654275,0.6758922956931807,0.6444444444444444,0.16480441082434805,0.43984554626607575,0.849043342622813,0.5883116883116882,0.10736018013889057,0.45502778859822873,0.7215955880251477,9.0,0.0,9.0,9.0
model=inceptiontime|resolved_model=inception_time|extra_input=HRV|cnn_epochs=50|cnn_patience=10|window_sec=15|hop_sec=7p5|overlap_pct=50|max_windows_fraction=0p9,inceptiontime,inception_time,HRV,50,10,15.0,7.5,50.0,0.9,robust_non_frail,Robust/Non-Frail,True,5,0.5873917748917749,0.0655638969302944,0.5059964954504036,0.6687870543331461,0.5666666666666667,0.16029486718059455,0.3676662088224139,0.7656671245109195,0.5630925138934293,0.08478848703261267,0.4578305798328603,0.6683544479539982,12.0,0.0,12.0,12.0
model=inceptiontime|resolved_model=inception_time|extra_input=HRV|cnn_epochs=50|cnn_patience=10|window_sec=15|hop_sec=7p5|overlap_pct=50|max_windows_fraction=0p9,inceptiontime,inception_time,HRV,50,10,15.0,7.5,50.0,0.9,young,Young,True,5,0.8280952380952382,0.11503228374615049,0.6852866907288182,0.9709037854616582,0.675,0.18957188610128875,0.4396531495855533,0.9103468504144467,0.7298412698412698,0.13828849823017228,0.5581609475300514,0.9015215921524883,8.0,0.0,8.0,8.0
model=cnn|resolved_model=cnn1d|extra_input=0|cnn_epochs=50|cnn_patience=10|window_sec=10|hop_sec=7|overlap_pct=30|max_windows_fraction=0p9,cnn,cnn1d,0,50,10,10.0,7.0,30.0,0.9,pre_frail,Pre-Frail,True,5,0.5803846153846154,0.039607915651401315,0.5312127767130425,0.6295564540561883,0.6888888888888889,0.09296222517045284,0.5734795454923949,0.8042982322853829,0.6248240923163524,0.020593193297864885,0.5992583648115953,0.6503898198211094,9.0,0.0,9.0,9.0
model=cnn|resolved_model=cnn1d|extra_input=0|cnn_epochs=50|cnn_patience=10|window_sec=10|hop_sec=7|overlap_pct=30|max_windows_fraction=0p9,cnn,cnn1d,0,50,10,10.0,7.0,30.0,0.9,robust_non_frail,Robust/Non-Frail,True,5,0.5843589743589744,0.07556710860351608,0.49054505832681733,0.6781728903911315,0.5666666666666668,0.03726779962499652,0.5204000000000001,0.6129333333333334,0.5727226107226107,0.03950316714677558,0.523680813647164,0.6217644077980573,12.0,0.0,12.0,12.0
model=cnn|resolved_model=cnn1d|extra_input=0|cnn_epochs=50|cnn_patience=10|window_sec=10|hop_sec=7|overlap_pct=30|max_windows_fraction=0p9,cnn,cnn1d,0,50,10,10.0,7.0,30.0,0.9,young,Young,True,5,0.7857142857142858,0.06520506636966265,0.704764481833737,0.8666640895948347,0.625,0.0,0.625,0.625,0.6952380952380952,0.02608202654786508,0.6628581736858756,0.7276180167903148,8.0,0.0,8.0,8.0
model=inceptiontime|resolved_model=inception_time|extra_input=HRV|cnn_epochs=50|cnn_patience=10|window_sec=5|hop_sec=3p5|overlap_pct=30|max_windows_fraction=0p9,inceptiontime,inception_time,HRV,50,10,5.0,3.5,30.0,0.9,pre_frail,Pre-Frail,True,5,0.5909090909090909,0.14010031824929495,0.4169794575645343,0.7648387242536476,0.6888888888888889,0.21372648957412604,0.42355494509655195,0.9542228326812259,0.6336665192392745,0.1712643582793477,0.4210478227741248,0.8462852157044243,9.0,0.0,9.0,9.0
model=inceptiontime|resolved_model=inception_time|extra_input=HRV|cnn_epochs=50|cnn_patience=10|window_sec=5|hop_sec=3p5|overlap_pct=30|max_windows_fraction=0p9,inceptiontime,inception_time,HRV,50,10,5.0,3.5,30.0,0.9,robust_non_frail,Robust/Non-Frail,True,5,0.5650349650349651,0.1446006065679703,0.38551838151789564,0.7445515485520345,0.55,0.12638125740085918,0.3931020997237022,0.7068979002762978,0.5554709638187899,0.13124455337142932,0.39253545209679797,0.7184064755407819,12.0,0.0,12.0,12.0
model=inceptiontime|resolved_model=inception_time|extra_input=HRV|cnn_epochs=50|cnn_patience=10|window_sec=5|hop_sec=3p5|overlap_pct=30|max_windows_fraction=0p9,inceptiontime,inception_time,HRV,50,10,5.0,3.5,30.0,0.9,young,Young,True,5,0.7342857142857142,0.10944096245482561,0.598418596276944,0.8701528322944844,0.625,0.15309310892394862,0.4349402725457074,0.8150597274542926,0.6696746390864038,0.12611062858918076,0.5131127149918584,0.8262365631809492,8.0,0.0,8.0,8.0
model=cnn|resolved_model=cnn1d|extra_input=0|cnn_epochs=50|cnn_patience=10|window_sec=15|hop_sec=7p5|overlap_pct=50|max_windows_fraction=0p9,cnn,cnn1d,0,50,10,15.0,7.5,50.0,0.9,pre_frail,Pre-Frail,True,5,0.5933333333333334,0.09792146550575734,0.47176726692603077,0.714899399740636,0.6666666666666667,0.07856742013183861,0.5691279690596954,0.764205364273638,0.627017543859649,0.08734657656879691,0.5185798313236923,0.7354552563956057,9.0,0.0,9.0,9.0
model=cnn|resolved_model=cnn1d|extra_input=0|cnn_epochs=50|cnn_patience=10|window_sec=15|hop_sec=7p5|overlap_pct=50|max_windows_fraction=0p9,cnn,cnn1d,0,50,10,15.0,7.5,50.0,0.9,robust_non_frail,Robust/Non-Frail,True,5,0.554145854145854,0.042726421337298266,0.5011024999965945,0.6071892082951136,0.5666666666666667,0.10865337342004412,0.43177731283257875,0.7015560205007545,0.5583338400729706,0.07422622594760722,0.466184582848264,0.6504830972976772,12.0,0.0,12.0,12.0
model=cnn|resolved_model=cnn1d|extra_input=0|cnn_epochs=50|cnn_patience=10|window_sec=15|hop_sec=7p5|overlap_pct=50|max_windows_fraction=0p9,cnn,cnn1d,0,50,10,15.0,7.5,50.0,0.9,young,Young,True,5,0.8095238095238095,0.21095291841273037,0.5476331570900131,1.0714144619576058,0.625,0.0,0.625,0.625,0.694993894993895,0.08893801725715454,0.5845804646374897,0.8054073253503002,8.0,0.0,8.0,8.0
model=cnn|resolved_model=cnn1d|extra_input=0|cnn_epochs=50|cnn_patience=20|window_sec=10|hop_sec=7|overlap_pct=30|max_windows_fraction=0p9,cnn,cnn1d,0,50,20,10.0,7.0,30.0,0.9,pre_frail,Pre-Frail,True,5,0.5411421911421911,0.029604647306958557,0.5043890594167382,0.577895322867644,0.7555555555555555,0.049690399499995354,0.6938666666666666,0.8172444444444444,0.6296179183135704,0.026356125873319293,0.5968977120584181,0.6623381245687227,9.0,0.0,9.0,9.0
model=cnn|resolved_model=cnn1d|extra_input=0|cnn_epochs=50|cnn_patience=20|window_sec=10|hop_sec=7|overlap_pct=30|max_windows_fraction=0p9,cnn,cnn1d,0,50,20,10.0,7.0,30.0,0.9,robust_non_frail,Robust/Non-Frail,True,5,0.5722222222222222,0.06085806194501844,0.49666907193370996,0.6477753725107345,0.45,0.09501461875826152,0.3320426819188869,0.5679573180811132,0.49603174603174605,0.052644837942149234,0.4306750253962617,0.5613884666672304,12.0,0.0,12.0,12.0
model=cnn|resolved_model=cnn1d|extra_input=0|cnn_epochs=50|cnn_patience=20|window_sec=10|hop_sec=7|overlap_pct=30|max_windows_fraction=0p9,cnn,cnn1d,0,50,20,10.0,7.0,30.0,0.9,young,Young,True,5,0.7928571428571428,0.1308441110860389,0.6304187661934002,0.9552955195208854,0.65,0.10458250331675945,0.5201644886789443,0.7798355113210558,0.7007002801120448,0.03520814525725272,0.6569906021337317,0.7444099580903578,8.0,0.0,8.0,8.0
model=cnn|resolved_model=cnn1d|extra_input=HRV|cnn_epochs=50|cnn_patience=10|window_sec=5|hop_sec=2p5|overlap_pct=50|max_windows_fraction=0p9,cnn,cnn1d,HRV,50,10,5.0,2.5,50.0,0.9,pre_frail,Pre-Frail,True,5,0.5871212121212122,0.04285495643554835,0.5339182861537732,0.6403241380886511,0.6888888888888889,0.09296222517045284,0.5734795454923949,0.8042982322853829,0.6309803921568627,0.04945687327858912,0.5695814178846791,0.6923793664290464,9.0,0.0,9.0,9.0
model=cnn|resolved_model=cnn1d|extra_input=HRV|cnn_epochs=50|cnn_patience=10|window_sec=5|hop_sec=2p5|overlap_pct=50|max_windows_fraction=0p9,cnn,cnn1d,HRV,50,10,5.0,2.5,50.0,0.9,robust_non_frail,Robust/Non-Frail,True,5,0.5568604598016362,0.060837258155508694,0.4813331366884426,0.6323877829148299,0.5666666666666667,0.09128709291752768,0.4533369412338983,0.679996392099435,0.5559887199257514,0.049819136182998346,0.49414000895827975,0.6178374308932231,12.0,0.0,12.0,12.0
model=cnn|resolved_model=cnn1d|extra_input=HRV|cnn_epochs=50|cnn_patience=10|window_sec=5|hop_sec=2p5|overlap_pct=50|max_windows_fraction=0p9,cnn,cnn1d,HRV,50,10,5.0,2.5,50.0,0.9,young,Young,True,5,0.7766666666666667,0.07031674369909666,0.6893708945913696,0.8639624387419639,0.575,0.14252192813739223,0.39806402287833037,0.7519359771216696,0.6499676793794442,0.09365677114022461,0.5336960815114908,0.7662392772473976,8.0,0.0,8.0,8.0
model=inceptiontime|resolved_model=inception_time|extra_input=HRV|cnn_epochs=50|cnn_patience=10|window_sec=15|hop_sec=10p5|overlap_pct=30|max_windows_fraction=0p9,inceptiontime,inception_time,HRV,50,10,15.0,10.5,30.0,0.9,pre_frail,Pre-Frail,True,5,0.552991452991453,0.08890532392441602,0.4426186102614506,0.6633642957214554,0.711111111111111,0.20184335693983274,0.4605296598747841,0.9616925623474379,0.6192602718918507,0.13370295103587496,0.45327274565814807,0.7852477981255535,9.0,0.0,9.0,9.0
model=inceptiontime|resolved_model=inception_time|extra_input=HRV|cnn_epochs=50|cnn_patience=10|window_sec=15|hop_sec=10p5|overlap_pct=30|max_windows_fraction=0p9,inceptiontime,inception_time,HRV,50,10,15.0,10.5,30.0,0.9,robust_non_frail,Robust/Non-Frail,True,5,0.5423076923076924,0.10868740499827795,0.4073760894623366,0.6772392951530481,0.5166666666666666,0.12360330811826105,0.36321749303289014,0.670115840300443,0.5278181818181819,0.11392335477050841,0.38638633089720015,0.6692500327391635,12.0,0.0,12.0,12.0
model=inceptiontime|resolved_model=inception_time|extra_input=HRV|cnn_epochs=50|cnn_patience=10|window_sec=15|hop_sec=10p5|overlap_pct=30|max_windows_fraction=0p9,inceptiontime,inception_time,HRV,50,10,15.0,10.5,30.0,0.9,young,Young,True,5,0.8028571428571428,0.12864195596486833,0.6431526645712147,0.962561621143071,0.6,0.10458250331675945,0.4701644886789442,0.7298355113210557,0.6737772031889679,0.039314418098345114,0.6249697314398153,0.7225846749381206,8.0,0.0,8.0,8.0
model=inceptiontime|resolved_model=inception_time|extra_input=HRV|cnn_epochs=50|cnn_patience=10|window_sec=5|hop_sec=2p5|overlap_pct=50|max_windows_fraction=0p9,inceptiontime,inception_time,HRV,50,10,5.0,2.5,50.0,0.9,pre_frail,Pre-Frail,True,5,0.6297402597402597,0.06579224994857281,0.5480614880324997,0.7114190314480198,0.6222222222222221,0.23040490392586355,0.3361826117389325,0.9082618327055118,0.6123809523809524,0.14791061834908326,0.4287551052829771,0.7960067994789276,9.0,0.0,9.0,9.0
model=inceptiontime|resolved_model=inception_time|extra_input=HRV|cnn_epochs=50|cnn_patience=10|window_sec=5|hop_sec=2p5|overlap_pct=50|max_windows_fraction=0p9,inceptiontime,inception_time,HRV,50,10,5.0,2.5,50.0,0.9,robust_non_frail,Robust/Non-Frail,True,5,0.5606060606060606,0.08693326235018818,0.452681463182168,0.668530658029953,0.6,0.06972166887783961,0.5134429924526295,0.6865570075473705,0.5725327812284334,0.034022523428035856,0.5302950111845053,0.6147705512723616,12.0,0.0,12.0,12.0
model=inceptiontime|resolved_model=inception_time|extra_input=HRV|cnn_epochs=50|cnn_patience=10|window_sec=5|hop_sec=2p5|overlap_pct=50|max_windows_fraction=0p9,inceptiontime,inception_time,HRV,50,10,5.0,2.5,50.0,0.9,young,Young,True,5,0.6977777777777778,0.12990975024945797,0.5364993773349946,0.859056178220561,0.6,0.13693063937629152,0.43000541185084745,0.7699945881491526,0.6368455074337428,0.11164180499630964,0.49824612056882145,0.7754448942986641,8.0,0.0,8.0,8.0
model=inceptiontime|resolved_model=inception_time|extra_input=HRV|cnn_epochs=50|cnn_patience=10|window_sec=10|hop_sec=5|overlap_pct=50|max_windows_fraction=0p9,inceptiontime,inception_time,HRV,50,10,10.0,5.0,50.0,0.9,pre_frail,Pre-Frail,True,5,0.5220779220779221,0.07636429896346512,0.42727432216249916,0.6168815219933451,0.6444444444444444,0.18257418583505536,0.41778499357890764,0.8711038953099811,0.5710248447204969,0.11970708289402233,0.42241269810527293,0.7196369913357208,9.0,0.0,9.0,9.0
model=inceptiontime|resolved_model=inception_time|extra_input=HRV|cnn_epochs=50|cnn_patience=10|window_sec=10|hop_sec=5|overlap_pct=50|max_windows_fraction=0p9,inceptiontime,inception_time,HRV,50,10,10.0,5.0,50.0,0.9,robust_non_frail,Robust/Non-Frail,True,5,0.5663986013986013,0.09634123507727099,0.4467943356671364,0.6860028671300663,0.5166666666666667,0.06972166887783965,0.4301096591192962,0.6032236742140372,0.5353128610519915,0.0606463730919184,0.4600225150530263,0.6106032070509567,12.0,0.0,12.0,12.0
model=inceptiontime|resolved_model=inception_time|extra_input=HRV|cnn_epochs=50|cnn_patience=10|window_sec=10|hop_sec=5|overlap_pct=50|max_windows_fraction=0p9,inceptiontime,inception_time,HRV,50,10,10.0,5.0,50.0,0.9,young,Young,True,5,0.7730952380952381,0.09203543633813073,0.6588364705418822,0.8873540056485939,0.65,0.10458250331675945,0.5201644886789443,0.7798355113210558,0.700934065934066,0.07981929990675285,0.6018412034760566,0.8000269283920755,8.0,0.0,8.0,8.0
model=cnn|resolved_model=cnn1d|extra_input=HRV|cnn_epochs=50|cnn_patience=10|window_sec=10|hop_sec=7|overlap_pct=30|max_windows_fraction=0p9,cnn,cnn1d,HRV,50,10,10.0,7.0,30.0,0.9,pre_frail,Pre-Frail,True,5,0.5590909090909091,0.07464623252450177,0.46642022842595315,0.6517615897558651,0.711111111111111,0.060858061945018485,0.6355579608225987,0.7866642613996233,0.6230303030303029,0.05131869849700982,0.5593199380229794,0.6867406680376265,9.0,0.0,9.0,9.0
model=cnn|resolved_model=cnn1d|extra_input=HRV|cnn_epochs=50|cnn_patience=10|window_sec=10|hop_sec=7|overlap_pct=30|max_windows_fraction=0p9,cnn,cnn1d,HRV,50,10,10.0,7.0,30.0,0.9,robust_non_frail,Robust/Non-Frail,True,5,0.550909090909091,0.059387368220289345,0.47718175531893736,0.6246364264992447,0.55,0.09501461875826149,0.43204268191888695,0.6679573180811131,0.5478992826818915,0.06578372617093796,0.46623109294523085,0.629567472418552,12.0,0.0,12.0,12.0
model=cnn|resolved_model=cnn1d|extra_input=HRV|cnn_epochs=50|cnn_patience=10|window_sec=10|hop_sec=7|overlap_pct=30|max_windows_fraction=0p9,cnn,cnn1d,HRV,50,10,10.0,7.0,30.0,0.9,young,Young,True,5,0.8133333333333332,0.018257418583505533,0.7906673882467796,0.8359992784198869,0.55,0.06846531968814577,0.46500270592542375,0.6349972940745763,0.6549450549450551,0.05417036283018126,0.5876944486442914,0.7221956612458187,8.0,0.0,8.0,8.0
model=cnn|resolved_model=cnn1d|extra_input=HRV|cnn_epochs=50|cnn_patience=10|window_sec=15|hop_sec=7p5|overlap_pct=50|max_windows_fraction=0p9,cnn,cnn1d,HRV,50,10,15.0,7.5,50.0,0.9,pre_frail,Pre-Frail,True,5,0.5398989898989899,0.07873768149686194,0.4421489187765169,0.6376490610214629,0.6444444444444444,0.09296222517045283,0.5290351010479504,0.7598537878409384,0.5863492063492063,0.08119788481148016,0.4855448790636374,0.6871535336347752,9.0,0.0,9.0,9.0
model=cnn|resolved_model=cnn1d|extra_input=HRV|cnn_epochs=50|cnn_patience=10|window_sec=15|hop_sec=7p5|overlap_pct=50|max_windows_fraction=0p9,cnn,cnn1d,HRV,50,10,15.0,7.5,50.0,0.9,robust_non_frail,Robust/Non-Frail,True,5,0.5187612387612387,0.0677621133104289,0.43463695075096137,0.6028855267715161,0.5333333333333334,0.12638125740085918,0.3764354330570356,0.6902312336096312,0.5241520218911524,0.09574006446451333,0.40529408839905046,0.6430099553832543,12.0,0.0,12.0,12.0
model=cnn|resolved_model=cnn1d|extra_input=HRV|cnn_epochs=50|cnn_patience=10|window_sec=15|hop_sec=7p5|overlap_pct=50|max_windows_fraction=0p9,cnn,cnn1d,HRV,50,10,15.0,7.5,50.0,0.9,young,Young,True,5,0.8342857142857143,0.10575288870469568,0.7029972105379507,0.9655742180334779,0.625,0.125,0.46981688236151464,0.7801831176384854,0.7109157509157509,0.11127527488067245,0.5727713983392534,0.8490601034922484,8.0,0.0,8.0,8.0
model=cnn|resolved_model=cnn1d|extra_input=HRV|cnn_epochs=50|cnn_patience=10|window_sec=5|hop_sec=3p5|overlap_pct=30|max_windows_fraction=0p9,cnn,cnn1d,HRV,50,10,5.0,3.5,30.0,0.9,pre_frail,Pre-Frail,True,5,0.5879870129870131,0.09398900479441577,0.4713029586851252,0.7046710672889009,0.6888888888888889,0.09296222517045284,0.5734795454923949,0.8042982322853829,0.6286615515771526,0.07253385107045231,0.5386133184296455,0.7187097847246597,9.0,0.0,9.0,9.0
model=cnn|resolved_model=cnn1d|extra_input=HRV|cnn_epochs=50|cnn_patience=10|window_sec=5|hop_sec=3p5|overlap_pct=30|max_windows_fraction=0p9,cnn,cnn1d,HRV,50,10,5.0,3.5,30.0,0.9,robust_non_frail,Robust/Non-Frail,True,5,0.5333561862973627,0.08703009052110716,0.42531138009396263,0.6414009925007628,0.5333333333333333,0.15138251770487457,0.34539724490608814,0.7212694217605785,0.5271835251205566,0.10797437469106697,0.39313712440355064,0.6612299258375625,12.0,0.0,12.0,12.0
model=cnn|resolved_model=cnn1d|extra_input=HRV|cnn_epochs=50|cnn_patience=10|window_sec=5|hop_sec=3p5|overlap_pct=30|max_windows_fraction=0p9,cnn,cnn1d,HRV,50,10,5.0,3.5,30.0,0.9,young,Young,True,5,0.7404761904761905,0.07162670931662533,0.6515541420126748,0.8293982389397062,0.575,0.14252192813739223,0.39806402287833037,0.7519359771216696,0.6409523809523809,0.11326928962781181,0.5003325289752578,0.7815722329295041,8.0,0.0,8.0,8.0
model=inceptiontime|resolved_model=inception_time|extra_input=HRV|cnn_epochs=50|cnn_patience=10|window_sec=10|hop_sec=7|overlap_pct=30|max_windows_fraction=0p9,inceptiontime,inception_time,HRV,50,10,10.0,7.0,30.0,0.9,pre_frail,Pre-Frail,True,5,0.5533333333333333,0.07673909622147557,0.458064435762067,0.6486022309045997,0.5777777777777777,0.12171612389003691,0.42667147720075327,0.7288840783548022,0.5621701312103788,0.09027363363315967,0.45009857994839364,0.674241682472364,9.0,0.0,9.0,9.0
model=inceptiontime|resolved_model=inception_time|extra_input=HRV|cnn_epochs=50|cnn_patience=10|window_sec=10|hop_sec=7|overlap_pct=30|max_windows_fraction=0p9,inceptiontime,inception_time,HRV,50,10,10.0,7.0,30.0,0.9,robust_non_frail,Robust/Non-Frail,True,5,0.4937529137529137,0.13322003597560023,0.3283649096360751,0.6591409178697523,0.4833333333333333,0.13693063937629157,0.3133387451841807,0.6533279214824859,0.485268921095008,0.12570291817932014,0.32921315518042926,0.6413246870095868,12.0,0.0,12.0,12.0
model=inceptiontime|resolved_model=inception_time|extra_input=HRV|cnn_epochs=50|cnn_patience=10|window_sec=10|hop_sec=7|overlap_pct=30|max_windows_fraction=0p9,inceptiontime,inception_time,HRV,50,10,10.0,7.0,30.0,0.9,young,Young,True,5,0.7028571428571428,0.08522346243114533,0.5970552020890512,0.8086590836252345,0.675,0.14252192813739223,0.49806402287833046,0.8519359771216697,0.6793650793650794,0.07562621745759744,0.5854777817628712,0.7732523769672875,8.0,0.0,8.0,8.0
