source_study,comparison_family,comparison_id,comparison_role,factor,epoch,reference_case_id,candidate_case_id,repeat,split_seed,comparison_contract_status,difference_direction,reference_balanced_accuracy,candidate_balanced_accuracy,balanced_accuracy_delta,reference_macro_f1,candidate_macro_f1,macro_f1_delta,reference_macro_roc_auc_ovr,candidate_macro_roc_auc_ovr,macro_roc_auc_ovr_delta,macro_roc_auc_ovr_applicability,macro_roc_auc_ovr_unavailability_reason,automatic_selection
20260625_2320_overfitting_sweep_stage1_rank2,20260625_2320_overfitting_sweep_stage1_rank2_factor_signals,20260625_2320_overfitting_sweep_stage1_rank2:factor=aggregation:epoch=9:s1_019_vs_s1_001:signal=1,exploratory_post_hoc_factor_signal_not_ablation,aggregation,9,s1_001,s1_019,1,42,matched_aggregate_repeat_seed,candidate_minus_reference,0.5416666666666666,0.5879629629629629,0.04629629629629628,0.5400501253132832,0.5866013071895425,0.046551181876259284,,,,N/A_probability_level_participant_oof_not_archived,continuous participant-level OOF class probabilities were not archived,False
20260625_2320_overfitting_sweep_stage1_rank2,20260625_2320_overfitting_sweep_stage1_rank2_factor_signals,20260625_2320_overfitting_sweep_stage1_rank2:factor=aggregation:epoch=9:s1_019_vs_s1_001:signal=1,exploratory_post_hoc_factor_signal_not_ablation,aggregation,9,s1_001,s1_019,2,10042,matched_aggregate_repeat_seed,candidate_minus_reference,0.4259259259259259,0.5277777777777778,0.10185185185185192,0.4229595728451563,0.5197691197691198,0.09680954692396349,,,,N/A_probability_level_participant_oof_not_archived,continuous participant-level OOF class probabilities were not archived,False
20260625_2320_overfitting_sweep_stage1_rank2,20260625_2320_overfitting_sweep_stage1_rank2_factor_signals,20260625_2320_overfitting_sweep_stage1_rank2:factor=aggregation:epoch=9:s1_019_vs_s1_001:signal=1,exploratory_post_hoc_factor_signal_not_ablation,aggregation,9,s1_001,s1_019,3,20042,matched_aggregate_repeat_seed,candidate_minus_reference,0.5,0.4583333333333333,-0.041666666666666685,0.4814814814814814,0.4414565826330532,-0.04002489884842819,,,,N/A_probability_level_participant_oof_not_archived,continuous participant-level OOF class probabilities were not archived,False
20260625_2320_overfitting_sweep_stage1_rank2,20260625_2320_overfitting_sweep_stage1_rank2_factor_signals,20260625_2320_overfitting_sweep_stage1_rank2:factor=aggregation:epoch=9:s1_019_vs_s1_001:signal=1,exploratory_post_hoc_factor_signal_not_ablation,aggregation,9,s1_001,s1_019,4,30042,matched_aggregate_repeat_seed,candidate_minus_reference,0.5833333333333334,0.5833333333333334,0.0,0.584920634920635,0.5838509316770186,-0.0010697032436163267,,,,N/A_probability_level_participant_oof_not_archived,continuous participant-level OOF class probabilities were not archived,False
20260625_2320_overfitting_sweep_stage1_rank2,20260625_2320_overfitting_sweep_stage1_rank2_factor_signals,20260625_2320_overfitting_sweep_stage1_rank2:factor=aggregation:epoch=9:s1_019_vs_s1_001:signal=1,exploratory_post_hoc_factor_signal_not_ablation,aggregation,9,s1_001,s1_019,5,40042,matched_aggregate_repeat_seed,candidate_minus_reference,0.5972222222222222,0.6342592592592592,0.03703703703703698,0.5945165945165946,0.6248196248196248,0.030303030303030276,,,,N/A_probability_level_participant_oof_not_archived,continuous participant-level OOF class probabilities were not archived,False
20260625_2320_overfitting_sweep_stage1_rank2,20260625_2320_overfitting_sweep_stage1_rank2_factor_signals,20260625_2320_overfitting_sweep_stage1_rank2:factor=class_weight_mode:epoch=9:s1_024_vs_s1_001:signal=2,exploratory_post_hoc_factor_signal_not_ablation,class_weight_mode,9,s1_001,s1_024,1,42,matched_aggregate_repeat_seed,candidate_minus_reference,0.5416666666666666,0.611111111111111,0.06944444444444442,0.5400501253132832,0.6182001005530418,0.07814997523975853,,,,N/A_probability_level_participant_oof_not_archived,continuous participant-level OOF class probabilities were not archived,False
20260625_2320_overfitting_sweep_stage1_rank2,20260625_2320_overfitting_sweep_stage1_rank2_factor_signals,20260625_2320_overfitting_sweep_stage1_rank2:factor=class_weight_mode:epoch=9:s1_024_vs_s1_001:signal=2,exploratory_post_hoc_factor_signal_not_ablation,class_weight_mode,9,s1_001,s1_024,2,10042,matched_aggregate_repeat_seed,candidate_minus_reference,0.4259259259259259,0.4629629629629629,0.037037037037037035,0.4229595728451563,0.4577200577200577,0.03476048487490141,,,,N/A_probability_level_participant_oof_not_archived,continuous participant-level OOF class probabilities were not archived,False
20260625_2320_overfitting_sweep_stage1_rank2,20260625_2320_overfitting_sweep_stage1_rank2_factor_signals,20260625_2320_overfitting_sweep_stage1_rank2:factor=class_weight_mode:epoch=9:s1_024_vs_s1_001:signal=2,exploratory_post_hoc_factor_signal_not_ablation,class_weight_mode,9,s1_001,s1_024,3,20042,matched_aggregate_repeat_seed,candidate_minus_reference,0.5,0.5092592592592592,0.00925925925925919,0.4814814814814814,0.4742471151139882,-0.007234366367493195,,,,N/A_probability_level_participant_oof_not_archived,continuous participant-level OOF class probabilities were not archived,False
20260625_2320_overfitting_sweep_stage1_rank2,20260625_2320_overfitting_sweep_stage1_rank2_factor_signals,20260625_2320_overfitting_sweep_stage1_rank2:factor=class_weight_mode:epoch=9:s1_024_vs_s1_001:signal=2,exploratory_post_hoc_factor_signal_not_ablation,class_weight_mode,9,s1_001,s1_024,4,30042,matched_aggregate_repeat_seed,candidate_minus_reference,0.5833333333333334,0.5972222222222222,0.01388888888888884,0.584920634920635,0.5945165945165946,0.009595959595959602,,,,N/A_probability_level_participant_oof_not_archived,continuous participant-level OOF class probabilities were not archived,False
20260625_2320_overfitting_sweep_stage1_rank2,20260625_2320_overfitting_sweep_stage1_rank2_factor_signals,20260625_2320_overfitting_sweep_stage1_rank2:factor=class_weight_mode:epoch=9:s1_024_vs_s1_001:signal=2,exploratory_post_hoc_factor_signal_not_ablation,class_weight_mode,9,s1_001,s1_024,5,40042,matched_aggregate_repeat_seed,candidate_minus_reference,0.5972222222222222,0.5972222222222222,0.0,0.5945165945165946,0.5945165945165946,0.0,,,,N/A_probability_level_participant_oof_not_archived,continuous participant-level OOF class probabilities were not archived,False
20260625_2320_overfitting_sweep_stage1_rank2,20260625_2320_overfitting_sweep_stage1_rank2_factor_signals,20260625_2320_overfitting_sweep_stage1_rank2:factor=combined_regularization:epoch=9:s1_033_vs_s1_001:signal=3,exploratory_post_hoc_factor_signal_not_ablation,combined_regularization,9,s1_001,s1_033,1,42,matched_aggregate_repeat_seed,candidate_minus_reference,0.5416666666666666,0.5972222222222222,0.05555555555555558,0.5400501253132832,0.603425985778927,0.06337586046564381,,,,N/A_probability_level_participant_oof_not_archived,continuous participant-level OOF class probabilities were not archived,False
20260625_2320_overfitting_sweep_stage1_rank2,20260625_2320_overfitting_sweep_stage1_rank2_factor_signals,20260625_2320_overfitting_sweep_stage1_rank2:factor=combined_regularization:epoch=9:s1_033_vs_s1_001:signal=3,exploratory_post_hoc_factor_signal_not_ablation,combined_regularization,9,s1_001,s1_033,2,10042,matched_aggregate_repeat_seed,candidate_minus_reference,0.4259259259259259,0.5,0.07407407407407413,0.4229595728451563,0.4838468720821662,0.06088729923700992,,,,N/A_probability_level_participant_oof_not_archived,continuous participant-level OOF class probabilities were not archived,False
20260625_2320_overfitting_sweep_stage1_rank2,20260625_2320_overfitting_sweep_stage1_rank2_factor_signals,20260625_2320_overfitting_sweep_stage1_rank2:factor=combined_regularization:epoch=9:s1_033_vs_s1_001:signal=3,exploratory_post_hoc_factor_signal_not_ablation,combined_regularization,9,s1_001,s1_033,3,20042,matched_aggregate_repeat_seed,candidate_minus_reference,0.5,0.5740740740740741,0.07407407407407407,0.4814814814814814,0.5389016018306636,0.0574201203491822,,,,N/A_probability_level_participant_oof_not_archived,continuous participant-level OOF class probabilities were not archived,False
20260625_2320_overfitting_sweep_stage1_rank2,20260625_2320_overfitting_sweep_stage1_rank2_factor_signals,20260625_2320_overfitting_sweep_stage1_rank2:factor=combined_regularization:epoch=9:s1_033_vs_s1_001:signal=3,exploratory_post_hoc_factor_signal_not_ablation,combined_regularization,9,s1_001,s1_033,4,30042,matched_aggregate_repeat_seed,candidate_minus_reference,0.5833333333333334,0.611111111111111,0.02777777777777768,0.584920634920635,0.5992063492063492,0.014285714285714235,,,,N/A_probability_level_participant_oof_not_archived,continuous participant-level OOF class probabilities were not archived,False
20260625_2320_overfitting_sweep_stage1_rank2,20260625_2320_overfitting_sweep_stage1_rank2_factor_signals,20260625_2320_overfitting_sweep_stage1_rank2:factor=combined_regularization:epoch=9:s1_033_vs_s1_001:signal=3,exploratory_post_hoc_factor_signal_not_ablation,combined_regularization,9,s1_001,s1_033,5,40042,matched_aggregate_repeat_seed,candidate_minus_reference,0.5972222222222222,0.5833333333333334,-0.01388888888888884,0.5945165945165946,0.5521885521885522,-0.042328042328042326,,,,N/A_probability_level_participant_oof_not_archived,continuous participant-level OOF class probabilities were not archived,False
20260625_2320_overfitting_sweep_stage1_rank2,20260625_2320_overfitting_sweep_stage1_rank2_factor_signals,20260625_2320_overfitting_sweep_stage1_rank2:factor=dropout:epoch=9:s1_008_vs_s1_001:signal=4,exploratory_post_hoc_factor_signal_not_ablation,dropout,9,s1_001,s1_008,1,42,matched_aggregate_repeat_seed,candidate_minus_reference,0.5416666666666666,0.5601851851851852,0.0185185185185186,0.5400501253132832,0.5588235294117648,0.018773404098481605,,,,N/A_probability_level_participant_oof_not_archived,continuous participant-level OOF class probabilities were not archived,False
20260625_2320_overfitting_sweep_stage1_rank2,20260625_2320_overfitting_sweep_stage1_rank2_factor_signals,20260625_2320_overfitting_sweep_stage1_rank2:factor=dropout:epoch=9:s1_008_vs_s1_001:signal=4,exploratory_post_hoc_factor_signal_not_ablation,dropout,9,s1_001,s1_008,2,10042,matched_aggregate_repeat_seed,candidate_minus_reference,0.4259259259259259,0.4583333333333333,0.03240740740740744,0.4229595728451563,0.445021645021645,0.0220620721764887,,,,N/A_probability_level_participant_oof_not_archived,continuous participant-level OOF class probabilities were not archived,False
20260625_2320_overfitting_sweep_stage1_rank2,20260625_2320_overfitting_sweep_stage1_rank2_factor_signals,20260625_2320_overfitting_sweep_stage1_rank2:factor=dropout:epoch=9:s1_008_vs_s1_001:signal=4,exploratory_post_hoc_factor_signal_not_ablation,dropout,9,s1_001,s1_008,3,20042,matched_aggregate_repeat_seed,candidate_minus_reference,0.5,0.5370370370370371,0.03703703703703709,0.4814814814814814,0.5140096618357487,0.0325281803542673,,,,N/A_probability_level_participant_oof_not_archived,continuous participant-level OOF class probabilities were not archived,False
20260625_2320_overfitting_sweep_stage1_rank2,20260625_2320_overfitting_sweep_stage1_rank2_factor_signals,20260625_2320_overfitting_sweep_stage1_rank2:factor=dropout:epoch=9:s1_008_vs_s1_001:signal=4,exploratory_post_hoc_factor_signal_not_ablation,dropout,9,s1_001,s1_008,4,30042,matched_aggregate_repeat_seed,candidate_minus_reference,0.5833333333333334,0.5879629629629629,0.004629629629629539,0.584920634920635,0.5910784313725491,0.006157796451914166,,,,N/A_probability_level_participant_oof_not_archived,continuous participant-level OOF class probabilities were not archived,False
20260625_2320_overfitting_sweep_stage1_rank2,20260625_2320_overfitting_sweep_stage1_rank2_factor_signals,20260625_2320_overfitting_sweep_stage1_rank2:factor=dropout:epoch=9:s1_008_vs_s1_001:signal=4,exploratory_post_hoc_factor_signal_not_ablation,dropout,9,s1_001,s1_008,5,40042,matched_aggregate_repeat_seed,candidate_minus_reference,0.5972222222222222,0.5972222222222222,0.0,0.5945165945165946,0.5865546218487395,-0.007961972667855033,,,,N/A_probability_level_participant_oof_not_archived,continuous participant-level OOF class probabilities were not archived,False
20260625_2320_overfitting_sweep_stage1_rank2,20260625_2320_overfitting_sweep_stage1_rank2_factor_signals,20260625_2320_overfitting_sweep_stage1_rank2:factor=label_smoothing:epoch=9:s1_013_vs_s1_001:signal=5,exploratory_post_hoc_factor_signal_not_ablation,label_smoothing,9,s1_001,s1_013,1,42,matched_aggregate_repeat_seed,candidate_minus_reference,0.5416666666666666,0.6018518518518519,0.06018518518518523,0.5400501253132832,0.6083333333333333,0.06828320802005006,,,,N/A_probability_level_participant_oof_not_archived,continuous participant-level OOF class probabilities were not archived,False
20260625_2320_overfitting_sweep_stage1_rank2,20260625_2320_overfitting_sweep_stage1_rank2_factor_signals,20260625_2320_overfitting_sweep_stage1_rank2:factor=label_smoothing:epoch=9:s1_013_vs_s1_001:signal=5,exploratory_post_hoc_factor_signal_not_ablation,label_smoothing,9,s1_001,s1_013,2,10042,matched_aggregate_repeat_seed,candidate_minus_reference,0.4259259259259259,0.4305555555555555,0.00462962962962965,0.4229595728451563,0.4081232492997199,-0.014836323545436403,,,,N/A_probability_level_participant_oof_not_archived,continuous participant-level OOF class probabilities were not archived,False
20260625_2320_overfitting_sweep_stage1_rank2,20260625_2320_overfitting_sweep_stage1_rank2_factor_signals,20260625_2320_overfitting_sweep_stage1_rank2:factor=label_smoothing:epoch=9:s1_013_vs_s1_001:signal=5,exploratory_post_hoc_factor_signal_not_ablation,label_smoothing,9,s1_001,s1_013,3,20042,matched_aggregate_repeat_seed,candidate_minus_reference,0.5,0.6064814814814815,0.10648148148148151,0.4814814814814814,0.5828460038986355,0.1013645224171541,,,,N/A_probability_level_participant_oof_not_archived,continuous participant-level OOF class probabilities were not archived,False
20260625_2320_overfitting_sweep_stage1_rank2,20260625_2320_overfitting_sweep_stage1_rank2_factor_signals,20260625_2320_overfitting_sweep_stage1_rank2:factor=label_smoothing:epoch=9:s1_013_vs_s1_001:signal=5,exploratory_post_hoc_factor_signal_not_ablation,label_smoothing,9,s1_001,s1_013,4,30042,matched_aggregate_repeat_seed,candidate_minus_reference,0.5833333333333334,0.5694444444444444,-0.01388888888888895,0.584920634920635,0.5575396825396824,-0.027380952380952506,,,,N/A_probability_level_participant_oof_not_archived,continuous participant-level OOF class probabilities were not archived,False
20260625_2320_overfitting_sweep_stage1_rank2,20260625_2320_overfitting_sweep_stage1_rank2_factor_signals,20260625_2320_overfitting_sweep_stage1_rank2:factor=label_smoothing:epoch=9:s1_013_vs_s1_001:signal=5,exploratory_post_hoc_factor_signal_not_ablation,label_smoothing,9,s1_001,s1_013,5,40042,matched_aggregate_repeat_seed,candidate_minus_reference,0.5972222222222222,0.5416666666666666,-0.05555555555555558,0.5945165945165946,0.5182474903837133,-0.07626910413288124,,,,N/A_probability_level_participant_oof_not_archived,continuous participant-level OOF class probabilities were not archived,False
20260625_2320_overfitting_sweep_stage1_rank2,20260625_2320_overfitting_sweep_stage1_rank2_factor_signals,20260625_2320_overfitting_sweep_stage1_rank2:factor=loss_type:epoch=9:s1_022_vs_s1_001:signal=6,exploratory_post_hoc_factor_signal_not_ablation,loss_type,9,s1_001,s1_022,1,42,matched_aggregate_repeat_seed,candidate_minus_reference,0.5416666666666666,0.6157407407407408,0.07407407407407418,0.5400501253132832,0.6157407407407408,0.07569061542745759,,,,N/A_probability_level_participant_oof_not_archived,continuous participant-level OOF class probabilities were not archived,False
20260625_2320_overfitting_sweep_stage1_rank2,20260625_2320_overfitting_sweep_stage1_rank2_factor_signals,20260625_2320_overfitting_sweep_stage1_rank2:factor=loss_type:epoch=9:s1_022_vs_s1_001:signal=6,exploratory_post_hoc_factor_signal_not_ablation,loss_type,9,s1_001,s1_022,2,10042,matched_aggregate_repeat_seed,candidate_minus_reference,0.4259259259259259,0.4629629629629629,0.037037037037037035,0.4229595728451563,0.4545454545454546,0.0315858817002983,,,,N/A_probability_level_participant_oof_not_archived,continuous participant-level OOF class probabilities were not archived,False
20260625_2320_overfitting_sweep_stage1_rank2,20260625_2320_overfitting_sweep_stage1_rank2_factor_signals,20260625_2320_overfitting_sweep_stage1_rank2:factor=loss_type:epoch=9:s1_022_vs_s1_001:signal=6,exploratory_post_hoc_factor_signal_not_ablation,loss_type,9,s1_001,s1_022,3,20042,matched_aggregate_repeat_seed,candidate_minus_reference,0.5,0.5462962962962963,0.04629629629629628,0.4814814814814814,0.4976470588235294,0.016165577342047988,,,,N/A_probability_level_participant_oof_not_archived,continuous participant-level OOF class probabilities were not archived,False
20260625_2320_overfitting_sweep_stage1_rank2,20260625_2320_overfitting_sweep_stage1_rank2_factor_signals,20260625_2320_overfitting_sweep_stage1_rank2:factor=loss_type:epoch=9:s1_022_vs_s1_001:signal=6,exploratory_post_hoc_factor_signal_not_ablation,loss_type,9,s1_001,s1_022,4,30042,matched_aggregate_repeat_seed,candidate_minus_reference,0.5833333333333334,0.625,0.04166666666666663,0.584920634920635,0.6271929824561403,0.04227234753550535,,,,N/A_probability_level_participant_oof_not_archived,continuous participant-level OOF class probabilities were not archived,False
20260625_2320_overfitting_sweep_stage1_rank2,20260625_2320_overfitting_sweep_stage1_rank2_factor_signals,20260625_2320_overfitting_sweep_stage1_rank2:factor=loss_type:epoch=9:s1_022_vs_s1_001:signal=6,exploratory_post_hoc_factor_signal_not_ablation,loss_type,9,s1_001,s1_022,5,40042,matched_aggregate_repeat_seed,candidate_minus_reference,0.5972222222222222,0.5416666666666666,-0.05555555555555558,0.5945165945165946,0.5198879551820729,-0.07462863933452168,,,,N/A_probability_level_participant_oof_not_archived,continuous participant-level OOF class probabilities were not archived,False
20260625_2320_overfitting_sweep_stage1_rank2,20260625_2320_overfitting_sweep_stage1_rank2_factor_signals,20260625_2320_overfitting_sweep_stage1_rank2:factor=manual_features:epoch=9:s1_020_vs_s1_001:signal=7,exploratory_post_hoc_factor_signal_not_ablation,manual_features,9,s1_001,s1_020,1,42,matched_aggregate_repeat_seed,candidate_minus_reference,0.5416666666666666,0.3564814814814814,-0.18518518518518523,0.5400501253132832,0.3358664039778591,-0.20418372133542412,,,,N/A_probability_level_participant_oof_not_archived,continuous participant-level OOF class probabilities were not archived,False
20260625_2320_overfitting_sweep_stage1_rank2,20260625_2320_overfitting_sweep_stage1_rank2_factor_signals,20260625_2320_overfitting_sweep_stage1_rank2:factor=manual_features:epoch=9:s1_020_vs_s1_001:signal=7,exploratory_post_hoc_factor_signal_not_ablation,manual_features,9,s1_001,s1_020,2,10042,matched_aggregate_repeat_seed,candidate_minus_reference,0.4259259259259259,0.4305555555555555,0.00462962962962965,0.4229595728451563,0.4187742729942219,-0.00418529985093441,,,,N/A_probability_level_participant_oof_not_archived,continuous participant-level OOF class probabilities were not archived,False
20260625_2320_overfitting_sweep_stage1_rank2,20260625_2320_overfitting_sweep_stage1_rank2_factor_signals,20260625_2320_overfitting_sweep_stage1_rank2:factor=manual_features:epoch=9:s1_020_vs_s1_001:signal=7,exploratory_post_hoc_factor_signal_not_ablation,manual_features,9,s1_001,s1_020,3,20042,matched_aggregate_repeat_seed,candidate_minus_reference,0.5,0.3935185185185185,-0.10648148148148151,0.4814814814814814,0.379558586719712,-0.10192289476176941,,,,N/A_probability_level_participant_oof_not_archived,continuous participant-level OOF class probabilities were not archived,False
20260625_2320_overfitting_sweep_stage1_rank2,20260625_2320_overfitting_sweep_stage1_rank2_factor_signals,20260625_2320_overfitting_sweep_stage1_rank2:factor=manual_features:epoch=9:s1_020_vs_s1_001:signal=7,exploratory_post_hoc_factor_signal_not_ablation,manual_features,9,s1_001,s1_020,4,30042,matched_aggregate_repeat_seed,candidate_minus_reference,0.5833333333333334,0.3935185185185185,-0.18981481481481488,0.584920634920635,0.3796296296296296,-0.20529100529100536,,,,N/A_probability_level_participant_oof_not_archived,continuous participant-level OOF class probabilities were not archived,False
20260625_2320_overfitting_sweep_stage1_rank2,20260625_2320_overfitting_sweep_stage1_rank2_factor_signals,20260625_2320_overfitting_sweep_stage1_rank2:factor=manual_features:epoch=9:s1_020_vs_s1_001:signal=7,exploratory_post_hoc_factor_signal_not_ablation,manual_features,9,s1_001,s1_020,5,40042,matched_aggregate_repeat_seed,candidate_minus_reference,0.5972222222222222,0.4166666666666667,-0.18055555555555552,0.5945165945165946,0.4107227432035616,-0.18379385131303294,,,,N/A_probability_level_participant_oof_not_archived,continuous participant-level OOF class probabilities were not archived,False
20260625_2320_overfitting_sweep_stage1_rank2,20260625_2320_overfitting_sweep_stage1_rank2_factor_signals,20260625_2320_overfitting_sweep_stage1_rank2:factor=manual_loss:epoch=9:s1_040_vs_s1_001:signal=8,exploratory_post_hoc_factor_signal_not_ablation,manual_loss,9,s1_001,s1_040,1,42,matched_aggregate_repeat_seed,candidate_minus_reference,0.5416666666666666,0.5138888888888888,-0.02777777777777779,0.5400501253132832,0.4844732151233699,-0.05557691018991334,,,,N/A_probability_level_participant_oof_not_archived,continuous participant-level OOF class probabilities were not archived,False
20260625_2320_overfitting_sweep_stage1_rank2,20260625_2320_overfitting_sweep_stage1_rank2_factor_signals,20260625_2320_overfitting_sweep_stage1_rank2:factor=manual_loss:epoch=9:s1_040_vs_s1_001:signal=8,exploratory_post_hoc_factor_signal_not_ablation,manual_loss,9,s1_001,s1_040,2,10042,matched_aggregate_repeat_seed,candidate_minus_reference,0.4259259259259259,0.3425925925925925,-0.08333333333333337,0.4229595728451563,0.3381642512077294,-0.08479532163742687,,,,N/A_probability_level_participant_oof_not_archived,continuous participant-level OOF class probabilities were not archived,False
20260625_2320_overfitting_sweep_stage1_rank2,20260625_2320_overfitting_sweep_stage1_rank2_factor_signals,20260625_2320_overfitting_sweep_stage1_rank2:factor=manual_loss:epoch=9:s1_040_vs_s1_001:signal=8,exploratory_post_hoc_factor_signal_not_ablation,manual_loss,9,s1_001,s1_040,3,20042,matched_aggregate_repeat_seed,candidate_minus_reference,0.5,0.5324074074074074,0.03240740740740744,0.4814814814814814,0.533816425120773,0.05233494363929159,,,,N/A_probability_level_participant_oof_not_archived,continuous participant-level OOF class probabilities were not archived,False
20260625_2320_overfitting_sweep_stage1_rank2,20260625_2320_overfitting_sweep_stage1_rank2_factor_signals,20260625_2320_overfitting_sweep_stage1_rank2:factor=manual_loss:epoch=9:s1_040_vs_s1_001:signal=8,exploratory_post_hoc_factor_signal_not_ablation,manual_loss,9,s1_001,s1_040,4,30042,matched_aggregate_repeat_seed,candidate_minus_reference,0.5833333333333334,0.3935185185185185,-0.18981481481481488,0.584920634920635,0.386078431372549,-0.19884220354808596,,,,N/A_probability_level_participant_oof_not_archived,continuous participant-level OOF class probabilities were not archived,False
20260625_2320_overfitting_sweep_stage1_rank2,20260625_2320_overfitting_sweep_stage1_rank2_factor_signals,20260625_2320_overfitting_sweep_stage1_rank2:factor=manual_loss:epoch=9:s1_040_vs_s1_001:signal=8,exploratory_post_hoc_factor_signal_not_ablation,manual_loss,9,s1_001,s1_040,5,40042,matched_aggregate_repeat_seed,candidate_minus_reference,0.5972222222222222,0.5,-0.09722222222222221,0.5945165945165946,0.4953242835595777,-0.09919231095701686,,,,N/A_probability_level_participant_oof_not_archived,continuous participant-level OOF class probabilities were not archived,False
20260625_2320_overfitting_sweep_stage1_rank2,20260625_2320_overfitting_sweep_stage1_rank2_factor_signals,20260625_2320_overfitting_sweep_stage1_rank2:factor=max_windows_fraction:epoch=9:s1_015_vs_s1_001:signal=9,exploratory_post_hoc_factor_signal_not_ablation,max_windows_fraction,9,s1_001,s1_015,1,42,matched_aggregate_repeat_seed,candidate_minus_reference,0.5416666666666666,0.5648148148148148,0.02314814814814814,0.5400501253132832,0.5576259489302967,0.017575823617013486,,,,N/A_probability_level_participant_oof_not_archived,continuous participant-level OOF class probabilities were not archived,False
20260625_2320_overfitting_sweep_stage1_rank2,20260625_2320_overfitting_sweep_stage1_rank2_factor_signals,20260625_2320_overfitting_sweep_stage1_rank2:factor=max_windows_fraction:epoch=9:s1_015_vs_s1_001:signal=9,exploratory_post_hoc_factor_signal_not_ablation,max_windows_fraction,9,s1_001,s1_015,2,10042,matched_aggregate_repeat_seed,candidate_minus_reference,0.4259259259259259,0.3796296296296296,-0.04629629629629628,0.4229595728451563,0.3699102829537612,-0.05304928989139507,,,,N/A_probability_level_participant_oof_not_archived,continuous participant-level OOF class probabilities were not archived,False
20260625_2320_overfitting_sweep_stage1_rank2,20260625_2320_overfitting_sweep_stage1_rank2_factor_signals,20260625_2320_overfitting_sweep_stage1_rank2:factor=max_windows_fraction:epoch=9:s1_015_vs_s1_001:signal=9,exploratory_post_hoc_factor_signal_not_ablation,max_windows_fraction,9,s1_001,s1_015,3,20042,matched_aggregate_repeat_seed,candidate_minus_reference,0.5,0.6157407407407408,0.11574074074074081,0.4814814814814814,0.6143790849673203,0.1328976034858389,,,,N/A_probability_level_participant_oof_not_archived,continuous participant-level OOF class probabilities were not archived,False
20260625_2320_overfitting_sweep_stage1_rank2,20260625_2320_overfitting_sweep_stage1_rank2_factor_signals,20260625_2320_overfitting_sweep_stage1_rank2:factor=max_windows_fraction:epoch=9:s1_015_vs_s1_001:signal=9,exploratory_post_hoc_factor_signal_not_ablation,max_windows_fraction,9,s1_001,s1_015,4,30042,matched_aggregate_repeat_seed,candidate_minus_reference,0.5833333333333334,0.5694444444444444,-0.01388888888888895,0.584920634920635,0.5548085901027077,-0.030112044817927286,,,,N/A_probability_level_participant_oof_not_archived,continuous participant-level OOF class probabilities were not archived,False
20260625_2320_overfitting_sweep_stage1_rank2,20260625_2320_overfitting_sweep_stage1_rank2_factor_signals,20260625_2320_overfitting_sweep_stage1_rank2:factor=max_windows_fraction:epoch=9:s1_015_vs_s1_001:signal=9,exploratory_post_hoc_factor_signal_not_ablation,max_windows_fraction,9,s1_001,s1_015,5,40042,matched_aggregate_repeat_seed,candidate_minus_reference,0.5972222222222222,0.5231481481481481,-0.07407407407407407,0.5945165945165946,0.5064935064935064,-0.08802308802308811,,,,N/A_probability_level_participant_oof_not_archived,continuous participant-level OOF class probabilities were not archived,False
20260625_2320_overfitting_sweep_stage1_rank2,20260625_2320_overfitting_sweep_stage1_rank2_factor_signals,20260625_2320_overfitting_sweep_stage1_rank2:factor=sqi_aggregation:epoch=9:s1_037_vs_s1_001:signal=10,exploratory_post_hoc_factor_signal_not_ablation,sqi_aggregation,9,s1_001,s1_037,1,42,matched_aggregate_repeat_seed,candidate_minus_reference,0.5416666666666666,0.6157407407407407,0.07407407407407407,0.5400501253132832,0.5837037037037036,0.04365357839042039,,,,N/A_probability_level_participant_oof_not_archived,continuous participant-level OOF class probabilities were not archived,False
20260625_2320_overfitting_sweep_stage1_rank2,20260625_2320_overfitting_sweep_stage1_rank2_factor_signals,20260625_2320_overfitting_sweep_stage1_rank2:factor=sqi_aggregation:epoch=9:s1_037_vs_s1_001:signal=10,exploratory_post_hoc_factor_signal_not_ablation,sqi_aggregation,9,s1_001,s1_037,2,10042,matched_aggregate_repeat_seed,candidate_minus_reference,0.4259259259259259,0.5,0.07407407407407413,0.4229595728451563,0.4874847374847375,0.06452516463958119,,,,N/A_probability_level_participant_oof_not_archived,continuous participant-level OOF class probabilities were not archived,False
20260625_2320_overfitting_sweep_stage1_rank2,20260625_2320_overfitting_sweep_stage1_rank2_factor_signals,20260625_2320_overfitting_sweep_stage1_rank2:factor=sqi_aggregation:epoch=9:s1_037_vs_s1_001:signal=10,exploratory_post_hoc_factor_signal_not_ablation,sqi_aggregation,9,s1_001,s1_037,3,20042,matched_aggregate_repeat_seed,candidate_minus_reference,0.5,0.4490740740740741,-0.050925925925925875,0.4814814814814814,0.4431818181818182,-0.03829966329966322,,,,N/A_probability_level_participant_oof_not_archived,continuous participant-level OOF class probabilities were not archived,False
20260625_2320_overfitting_sweep_stage1_rank2,20260625_2320_overfitting_sweep_stage1_rank2_factor_signals,20260625_2320_overfitting_sweep_stage1_rank2:factor=sqi_aggregation:epoch=9:s1_037_vs_s1_001:signal=10,exploratory_post_hoc_factor_signal_not_ablation,sqi_aggregation,9,s1_001,s1_037,4,30042,matched_aggregate_repeat_seed,candidate_minus_reference,0.5833333333333334,0.6898148148148149,0.10648148148148151,0.584920634920635,0.68743961352657,0.10251897860593506,,,,N/A_probability_level_participant_oof_not_archived,continuous participant-level OOF class probabilities were not archived,False
20260625_2320_overfitting_sweep_stage1_rank2,20260625_2320_overfitting_sweep_stage1_rank2_factor_signals,20260625_2320_overfitting_sweep_stage1_rank2:factor=sqi_aggregation:epoch=9:s1_037_vs_s1_001:signal=10,exploratory_post_hoc_factor_signal_not_ablation,sqi_aggregation,9,s1_001,s1_037,5,40042,matched_aggregate_repeat_seed,candidate_minus_reference,0.5972222222222222,0.5555555555555555,-0.04166666666666674,0.5945165945165946,0.5608594304246478,-0.033657164091946745,,,,N/A_probability_level_participant_oof_not_archived,continuous participant-level OOF class probabilities were not archived,False
20260625_2320_overfitting_sweep_stage1_rank2,20260625_2320_overfitting_sweep_stage1_rank2_factor_signals,20260625_2320_overfitting_sweep_stage1_rank2:factor=sqi_mode:epoch=9:s1_018_vs_s1_001:signal=11,exploratory_post_hoc_factor_signal_not_ablation,sqi_mode,9,s1_001,s1_018,1,42,matched_aggregate_repeat_seed,candidate_minus_reference,0.5416666666666666,0.5416666666666666,0.0,0.5400501253132832,0.5400501253132832,0.0,,,,N/A_probability_level_participant_oof_not_archived,continuous participant-level OOF class probabilities were not archived,False
20260625_2320_overfitting_sweep_stage1_rank2,20260625_2320_overfitting_sweep_stage1_rank2_factor_signals,20260625_2320_overfitting_sweep_stage1_rank2:factor=sqi_mode:epoch=9:s1_018_vs_s1_001:signal=11,exploratory_post_hoc_factor_signal_not_ablation,sqi_mode,9,s1_001,s1_018,2,10042,matched_aggregate_repeat_seed,candidate_minus_reference,0.4259259259259259,0.5231481481481481,0.09722222222222227,0.4229595728451563,0.5097105508870214,0.08675097804186516,,,,N/A_probability_level_participant_oof_not_archived,continuous participant-level OOF class probabilities were not archived,False
20260625_2320_overfitting_sweep_stage1_rank2,20260625_2320_overfitting_sweep_stage1_rank2_factor_signals,20260625_2320_overfitting_sweep_stage1_rank2:factor=sqi_mode:epoch=9:s1_018_vs_s1_001:signal=11,exploratory_post_hoc_factor_signal_not_ablation,sqi_mode,9,s1_001,s1_018,3,20042,matched_aggregate_repeat_seed,candidate_minus_reference,0.5,0.4537037037037037,-0.04629629629629628,0.4814814814814814,0.4523809523809524,-0.029100529100529016,,,,N/A_probability_level_participant_oof_not_archived,continuous participant-level OOF class probabilities were not archived,False
20260625_2320_overfitting_sweep_stage1_rank2,20260625_2320_overfitting_sweep_stage1_rank2_factor_signals,20260625_2320_overfitting_sweep_stage1_rank2:factor=sqi_mode:epoch=9:s1_018_vs_s1_001:signal=11,exploratory_post_hoc_factor_signal_not_ablation,sqi_mode,9,s1_001,s1_018,4,30042,matched_aggregate_repeat_seed,candidate_minus_reference,0.5833333333333334,0.6064814814814815,0.02314814814814814,0.584920634920635,0.6171802054154996,0.03225957049486461,,,,N/A_probability_level_participant_oof_not_archived,continuous participant-level OOF class probabilities were not archived,False
20260625_2320_overfitting_sweep_stage1_rank2,20260625_2320_overfitting_sweep_stage1_rank2_factor_signals,20260625_2320_overfitting_sweep_stage1_rank2:factor=sqi_mode:epoch=9:s1_018_vs_s1_001:signal=11,exploratory_post_hoc_factor_signal_not_ablation,sqi_mode,9,s1_001,s1_018,5,40042,matched_aggregate_repeat_seed,candidate_minus_reference,0.5972222222222222,0.5277777777777778,-0.06944444444444442,0.5945165945165946,0.5223171889838556,-0.07219940553273896,,,,N/A_probability_level_participant_oof_not_archived,continuous participant-level OOF class probabilities were not archived,False
20260625_2320_overfitting_sweep_stage1_rank2,20260625_2320_overfitting_sweep_stage1_rank2_factor_signals,20260625_2320_overfitting_sweep_stage1_rank2:factor=weight_decay:epoch=9:s1_003_vs_s1_001:signal=12,exploratory_post_hoc_factor_signal_not_ablation,weight_decay,9,s1_001,s1_003,1,42,matched_aggregate_repeat_seed,candidate_minus_reference,0.5416666666666666,0.6620370370370371,0.12037037037037046,0.5400501253132832,0.6537878787878788,0.11373775347459558,,,,N/A_probability_level_participant_oof_not_archived,continuous participant-level OOF class probabilities were not archived,False
20260625_2320_overfitting_sweep_stage1_rank2,20260625_2320_overfitting_sweep_stage1_rank2_factor_signals,20260625_2320_overfitting_sweep_stage1_rank2:factor=weight_decay:epoch=9:s1_003_vs_s1_001:signal=12,exploratory_post_hoc_factor_signal_not_ablation,weight_decay,9,s1_001,s1_003,2,10042,matched_aggregate_repeat_seed,candidate_minus_reference,0.4259259259259259,0.4629629629629629,0.037037037037037035,0.4229595728451563,0.4577200577200577,0.03476048487490141,,,,N/A_probability_level_participant_oof_not_archived,continuous participant-level OOF class probabilities were not archived,False
20260625_2320_overfitting_sweep_stage1_rank2,20260625_2320_overfitting_sweep_stage1_rank2_factor_signals,20260625_2320_overfitting_sweep_stage1_rank2:factor=weight_decay:epoch=9:s1_003_vs_s1_001:signal=12,exploratory_post_hoc_factor_signal_not_ablation,weight_decay,9,s1_001,s1_003,3,20042,matched_aggregate_repeat_seed,candidate_minus_reference,0.5,0.5370370370370371,0.03703703703703709,0.4814814814814814,0.5124183006535947,0.030936819172113328,,,,N/A_probability_level_participant_oof_not_archived,continuous participant-level OOF class probabilities were not archived,False
20260625_2320_overfitting_sweep_stage1_rank2,20260625_2320_overfitting_sweep_stage1_rank2_factor_signals,20260625_2320_overfitting_sweep_stage1_rank2:factor=weight_decay:epoch=9:s1_003_vs_s1_001:signal=12,exploratory_post_hoc_factor_signal_not_ablation,weight_decay,9,s1_001,s1_003,4,30042,matched_aggregate_repeat_seed,candidate_minus_reference,0.5833333333333334,0.5555555555555555,-0.0277777777777779,0.584920634920635,0.5548654244306418,-0.030055210489993156,,,,N/A_probability_level_participant_oof_not_archived,continuous participant-level OOF class probabilities were not archived,False
20260625_2320_overfitting_sweep_stage1_rank2,20260625_2320_overfitting_sweep_stage1_rank2_factor_signals,20260625_2320_overfitting_sweep_stage1_rank2:factor=weight_decay:epoch=9:s1_003_vs_s1_001:signal=12,exploratory_post_hoc_factor_signal_not_ablation,weight_decay,9,s1_001,s1_003,5,40042,matched_aggregate_repeat_seed,candidate_minus_reference,0.5972222222222222,0.6342592592592592,0.03703703703703698,0.5945165945165946,0.6248196248196248,0.030303030303030276,,,,N/A_probability_level_participant_oof_not_archived,continuous participant-level OOF class probabilities were not archived,False
20260625_2320_overfitting_sweep_stage1_rank2,20260625_2320_overfitting_sweep_stage1_rank2_factor_signals,20260625_2320_overfitting_sweep_stage1_rank2:factor=aggregation:epoch=10:s1_061_vs_s1_043:signal=13,exploratory_post_hoc_factor_signal_not_ablation,aggregation,10,s1_043,s1_061,1,42,matched_aggregate_repeat_seed,candidate_minus_reference,0.5972222222222222,0.625,0.02777777777777779,0.6047619047619048,0.6352882205513785,0.030526315789473624,,,,N/A_probability_level_participant_oof_not_archived,continuous participant-level OOF class probabilities were not archived,False
20260625_2320_overfitting_sweep_stage1_rank2,20260625_2320_overfitting_sweep_stage1_rank2_factor_signals,20260625_2320_overfitting_sweep_stage1_rank2:factor=aggregation:epoch=10:s1_061_vs_s1_043:signal=13,exploratory_post_hoc_factor_signal_not_ablation,aggregation,10,s1_043,s1_061,2,10042,matched_aggregate_repeat_seed,candidate_minus_reference,0.5740740740740741,0.5462962962962963,-0.02777777777777779,0.576078431372549,0.5476608187134503,-0.0284176126590987,,,,N/A_probability_level_participant_oof_not_archived,continuous participant-level OOF class probabilities were not archived,False
20260625_2320_overfitting_sweep_stage1_rank2,20260625_2320_overfitting_sweep_stage1_rank2_factor_signals,20260625_2320_overfitting_sweep_stage1_rank2:factor=aggregation:epoch=10:s1_061_vs_s1_043:signal=13,exploratory_post_hoc_factor_signal_not_ablation,aggregation,10,s1_043,s1_061,3,20042,matched_aggregate_repeat_seed,candidate_minus_reference,0.4583333333333333,0.5416666666666666,0.08333333333333331,0.4334455667789001,0.5373015873015873,0.10385602052268716,,,,N/A_probability_level_participant_oof_not_archived,continuous participant-level OOF class probabilities were not archived,False
20260625_2320_overfitting_sweep_stage1_rank2,20260625_2320_overfitting_sweep_stage1_rank2_factor_signals,20260625_2320_overfitting_sweep_stage1_rank2:factor=aggregation:epoch=10:s1_061_vs_s1_043:signal=13,exploratory_post_hoc_factor_signal_not_ablation,aggregation,10,s1_043,s1_061,4,30042,matched_aggregate_repeat_seed,candidate_minus_reference,0.5509259259259259,0.5231481481481481,-0.02777777777777779,0.5367965367965367,0.5044858523119393,-0.032310684484597396,,,,N/A_probability_level_participant_oof_not_archived,continuous participant-level OOF class probabilities were not archived,False
20260625_2320_overfitting_sweep_stage1_rank2,20260625_2320_overfitting_sweep_stage1_rank2_factor_signals,20260625_2320_overfitting_sweep_stage1_rank2:factor=aggregation:epoch=10:s1_061_vs_s1_043:signal=13,exploratory_post_hoc_factor_signal_not_ablation,aggregation,10,s1_043,s1_061,5,40042,matched_aggregate_repeat_seed,candidate_minus_reference,0.6064814814814815,0.6527777777777778,0.04629629629629628,0.5836382399849892,0.6527777777777778,0.06913953779278859,,,,N/A_probability_level_participant_oof_not_archived,continuous participant-level OOF class probabilities were not archived,False
20260625_2320_overfitting_sweep_stage1_rank2,20260625_2320_overfitting_sweep_stage1_rank2_factor_signals,20260625_2320_overfitting_sweep_stage1_rank2:factor=class_weight_mode:epoch=10:s1_066_vs_s1_043:signal=14,exploratory_post_hoc_factor_signal_not_ablation,class_weight_mode,10,s1_043,s1_066,1,42,matched_aggregate_repeat_seed,candidate_minus_reference,0.5972222222222222,0.625,0.02777777777777779,0.6047619047619048,0.6352882205513785,0.030526315789473624,,,,N/A_probability_level_participant_oof_not_archived,continuous participant-level OOF class probabilities were not archived,False
20260625_2320_overfitting_sweep_stage1_rank2,20260625_2320_overfitting_sweep_stage1_rank2_factor_signals,20260625_2320_overfitting_sweep_stage1_rank2:factor=class_weight_mode:epoch=10:s1_066_vs_s1_043:signal=14,exploratory_post_hoc_factor_signal_not_ablation,class_weight_mode,10,s1_043,s1_066,2,10042,matched_aggregate_repeat_seed,candidate_minus_reference,0.5740740740740741,0.5324074074074074,-0.04166666666666663,0.576078431372549,0.5316290726817042,-0.044449358690844765,,,,N/A_probability_level_participant_oof_not_archived,continuous participant-level OOF class probabilities were not archived,False
20260625_2320_overfitting_sweep_stage1_rank2,20260625_2320_overfitting_sweep_stage1_rank2_factor_signals,20260625_2320_overfitting_sweep_stage1_rank2:factor=class_weight_mode:epoch=10:s1_066_vs_s1_043:signal=14,exploratory_post_hoc_factor_signal_not_ablation,class_weight_mode,10,s1_043,s1_066,3,20042,matched_aggregate_repeat_seed,candidate_minus_reference,0.4583333333333333,0.4583333333333333,0.0,0.4334455667789001,0.435042735042735,0.0015971682638348805,,,,N/A_probability_level_participant_oof_not_archived,continuous participant-level OOF class probabilities were not archived,False
20260625_2320_overfitting_sweep_stage1_rank2,20260625_2320_overfitting_sweep_stage1_rank2_factor_signals,20260625_2320_overfitting_sweep_stage1_rank2:factor=class_weight_mode:epoch=10:s1_066_vs_s1_043:signal=14,exploratory_post_hoc_factor_signal_not_ablation,class_weight_mode,10,s1_043,s1_066,4,30042,matched_aggregate_repeat_seed,candidate_minus_reference,0.5509259259259259,0.5231481481481481,-0.02777777777777779,0.5367965367965367,0.5044858523119393,-0.032310684484597396,,,,N/A_probability_level_participant_oof_not_archived,continuous participant-level OOF class probabilities were not archived,False
20260625_2320_overfitting_sweep_stage1_rank2,20260625_2320_overfitting_sweep_stage1_rank2_factor_signals,20260625_2320_overfitting_sweep_stage1_rank2:factor=class_weight_mode:epoch=10:s1_066_vs_s1_043:signal=14,exploratory_post_hoc_factor_signal_not_ablation,class_weight_mode,10,s1_043,s1_066,5,40042,matched_aggregate_repeat_seed,candidate_minus_reference,0.6064814814814815,0.625,0.01851851851851849,0.5836382399849892,0.6204545454545455,0.036816305469556276,,,,N/A_probability_level_participant_oof_not_archived,continuous participant-level OOF class probabilities were not archived,False
20260625_2320_overfitting_sweep_stage1_rank2,20260625_2320_overfitting_sweep_stage1_rank2_factor_signals,20260625_2320_overfitting_sweep_stage1_rank2:factor=combined_regularization:epoch=10:s1_075_vs_s1_043:signal=15,exploratory_post_hoc_factor_signal_not_ablation,combined_regularization,10,s1_043,s1_075,1,42,matched_aggregate_repeat_seed,candidate_minus_reference,0.5972222222222222,0.5879629629629629,-0.0092592592592593,0.6047619047619048,0.5961538461538461,-0.008608058608058688,,,,N/A_probability_level_participant_oof_not_archived,continuous participant-level OOF class probabilities were not archived,False
20260625_2320_overfitting_sweep_stage1_rank2,20260625_2320_overfitting_sweep_stage1_rank2_factor_signals,20260625_2320_overfitting_sweep_stage1_rank2:factor=combined_regularization:epoch=10:s1_075_vs_s1_043:signal=15,exploratory_post_hoc_factor_signal_not_ablation,combined_regularization,10,s1_043,s1_075,2,10042,matched_aggregate_repeat_seed,candidate_minus_reference,0.5740740740740741,0.6064814814814815,0.03240740740740744,0.576078431372549,0.5849673202614379,0.008888888888888946,,,,N/A_probability_level_participant_oof_not_archived,continuous participant-level OOF class probabilities were not archived,False
20260625_2320_overfitting_sweep_stage1_rank2,20260625_2320_overfitting_sweep_stage1_rank2_factor_signals,20260625_2320_overfitting_sweep_stage1_rank2:factor=combined_regularization:epoch=10:s1_075_vs_s1_043:signal=15,exploratory_post_hoc_factor_signal_not_ablation,combined_regularization,10,s1_043,s1_075,3,20042,matched_aggregate_repeat_seed,candidate_minus_reference,0.4583333333333333,0.5416666666666666,0.08333333333333331,0.4334455667789001,0.5373015873015873,0.10385602052268716,,,,N/A_probability_level_participant_oof_not_archived,continuous participant-level OOF class probabilities were not archived,False
20260625_2320_overfitting_sweep_stage1_rank2,20260625_2320_overfitting_sweep_stage1_rank2_factor_signals,20260625_2320_overfitting_sweep_stage1_rank2:factor=combined_regularization:epoch=10:s1_075_vs_s1_043:signal=15,exploratory_post_hoc_factor_signal_not_ablation,combined_regularization,10,s1_043,s1_075,4,30042,matched_aggregate_repeat_seed,candidate_minus_reference,0.5509259259259259,0.5092592592592592,-0.04166666666666674,0.5367965367965367,0.4722222222222222,-0.0645743145743145,,,,N/A_probability_level_participant_oof_not_archived,continuous participant-level OOF class probabilities were not archived,False
20260625_2320_overfitting_sweep_stage1_rank2,20260625_2320_overfitting_sweep_stage1_rank2_factor_signals,20260625_2320_overfitting_sweep_stage1_rank2:factor=combined_regularization:epoch=10:s1_075_vs_s1_043:signal=15,exploratory_post_hoc_factor_signal_not_ablation,combined_regularization,10,s1_043,s1_075,5,40042,matched_aggregate_repeat_seed,candidate_minus_reference,0.6064814814814815,0.6527777777777778,0.04629629629629628,0.5836382399849892,0.6527777777777778,0.06913953779278859,,,,N/A_probability_level_participant_oof_not_archived,continuous participant-level OOF class probabilities were not archived,False
20260625_2320_overfitting_sweep_stage1_rank2,20260625_2320_overfitting_sweep_stage1_rank2_factor_signals,20260625_2320_overfitting_sweep_stage1_rank2:factor=dropout:epoch=10:s1_051_vs_s1_043:signal=16,exploratory_post_hoc_factor_signal_not_ablation,dropout,10,s1_043,s1_051,1,42,matched_aggregate_repeat_seed,candidate_minus_reference,0.5972222222222222,0.625,0.02777777777777779,0.6047619047619048,0.6258169934640523,0.02105508870214745,,,,N/A_probability_level_participant_oof_not_archived,continuous participant-level OOF class probabilities were not archived,False
20260625_2320_overfitting_sweep_stage1_rank2,20260625_2320_overfitting_sweep_stage1_rank2_factor_signals,20260625_2320_overfitting_sweep_stage1_rank2:factor=dropout:epoch=10:s1_051_vs_s1_043:signal=16,exploratory_post_hoc_factor_signal_not_ablation,dropout,10,s1_043,s1_051,2,10042,matched_aggregate_repeat_seed,candidate_minus_reference,0.5740740740740741,0.5509259259259259,-0.02314814814814814,0.576078431372549,0.5405797101449274,-0.035498721227621544,,,,N/A_probability_level_participant_oof_not_archived,continuous participant-level OOF class probabilities were not archived,False
20260625_2320_overfitting_sweep_stage1_rank2,20260625_2320_overfitting_sweep_stage1_rank2_factor_signals,20260625_2320_overfitting_sweep_stage1_rank2:factor=dropout:epoch=10:s1_051_vs_s1_043:signal=16,exploratory_post_hoc_factor_signal_not_ablation,dropout,10,s1_043,s1_051,3,20042,matched_aggregate_repeat_seed,candidate_minus_reference,0.4583333333333333,0.4583333333333333,0.0,0.4334455667789001,0.4305694305694306,-0.0028761362094695264,,,,N/A_probability_level_participant_oof_not_archived,continuous participant-level OOF class probabilities were not archived,False
20260625_2320_overfitting_sweep_stage1_rank2,20260625_2320_overfitting_sweep_stage1_rank2_factor_signals,20260625_2320_overfitting_sweep_stage1_rank2:factor=dropout:epoch=10:s1_051_vs_s1_043:signal=16,exploratory_post_hoc_factor_signal_not_ablation,dropout,10,s1_043,s1_051,4,30042,matched_aggregate_repeat_seed,candidate_minus_reference,0.5509259259259259,0.5787037037037037,0.02777777777777779,0.5367965367965367,0.5515827612509535,0.014786224454416796,,,,N/A_probability_level_participant_oof_not_archived,continuous participant-level OOF class probabilities were not archived,False
20260625_2320_overfitting_sweep_stage1_rank2,20260625_2320_overfitting_sweep_stage1_rank2_factor_signals,20260625_2320_overfitting_sweep_stage1_rank2:factor=dropout:epoch=10:s1_051_vs_s1_043:signal=16,exploratory_post_hoc_factor_signal_not_ablation,dropout,10,s1_043,s1_051,5,40042,matched_aggregate_repeat_seed,candidate_minus_reference,0.6064814814814815,0.611111111111111,0.004629629629629539,0.5836382399849892,0.6143358395989974,0.030697599614008197,,,,N/A_probability_level_participant_oof_not_archived,continuous participant-level OOF class probabilities were not archived,False
20260625_2320_overfitting_sweep_stage1_rank2,20260625_2320_overfitting_sweep_stage1_rank2_factor_signals,20260625_2320_overfitting_sweep_stage1_rank2:factor=label_smoothing:epoch=10:s1_055_vs_s1_043:signal=17,exploratory_post_hoc_factor_signal_not_ablation,label_smoothing,10,s1_043,s1_055,1,42,matched_aggregate_repeat_seed,candidate_minus_reference,0.5972222222222222,0.625,0.02777777777777779,0.6047619047619048,0.6302941176470589,0.02553221288515406,,,,N/A_probability_level_participant_oof_not_archived,continuous participant-level OOF class probabilities were not archived,False
20260625_2320_overfitting_sweep_stage1_rank2,20260625_2320_overfitting_sweep_stage1_rank2_factor_signals,20260625_2320_overfitting_sweep_stage1_rank2:factor=label_smoothing:epoch=10:s1_055_vs_s1_043:signal=17,exploratory_post_hoc_factor_signal_not_ablation,label_smoothing,10,s1_043,s1_055,2,10042,matched_aggregate_repeat_seed,candidate_minus_reference,0.5740740740740741,0.5972222222222222,0.02314814814814814,0.576078431372549,0.5884229289802044,0.012344497607655436,,,,N/A_probability_level_participant_oof_not_archived,continuous participant-level OOF class probabilities were not archived,False
20260625_2320_overfitting_sweep_stage1_rank2,20260625_2320_overfitting_sweep_stage1_rank2_factor_signals,20260625_2320_overfitting_sweep_stage1_rank2:factor=label_smoothing:epoch=10:s1_055_vs_s1_043:signal=17,exploratory_post_hoc_factor_signal_not_ablation,label_smoothing,10,s1_043,s1_055,3,20042,matched_aggregate_repeat_seed,candidate_minus_reference,0.4583333333333333,0.5,0.041666666666666685,0.4334455667789001,0.4874847374847375,0.05403917070583736,,,,N/A_probability_level_participant_oof_not_archived,continuous participant-level OOF class probabilities were not archived,False
20260625_2320_overfitting_sweep_stage1_rank2,20260625_2320_overfitting_sweep_stage1_rank2_factor_signals,20260625_2320_overfitting_sweep_stage1_rank2:factor=label_smoothing:epoch=10:s1_055_vs_s1_043:signal=17,exploratory_post_hoc_factor_signal_not_ablation,label_smoothing,10,s1_043,s1_055,4,30042,matched_aggregate_repeat_seed,candidate_minus_reference,0.5509259259259259,0.5509259259259259,0.0,0.5367965367965367,0.5100880932082977,-0.026708443588238984,,,,N/A_probability_level_participant_oof_not_archived,continuous participant-level OOF class probabilities were not archived,False
20260625_2320_overfitting_sweep_stage1_rank2,20260625_2320_overfitting_sweep_stage1_rank2_factor_signals,20260625_2320_overfitting_sweep_stage1_rank2:factor=label_smoothing:epoch=10:s1_055_vs_s1_043:signal=17,exploratory_post_hoc_factor_signal_not_ablation,label_smoothing,10,s1_043,s1_055,5,40042,matched_aggregate_repeat_seed,candidate_minus_reference,0.6064814814814815,0.625,0.01851851851851849,0.5836382399849892,0.6179337231968811,0.03429548321189191,,,,N/A_probability_level_participant_oof_not_archived,continuous participant-level OOF class probabilities were not archived,False
20260625_2320_overfitting_sweep_stage1_rank2,20260625_2320_overfitting_sweep_stage1_rank2_factor_signals,20260625_2320_overfitting_sweep_stage1_rank2:factor=loss_type:epoch=10:s1_065_vs_s1_043:signal=18,exploratory_post_hoc_factor_signal_not_ablation,loss_type,10,s1_043,s1_065,1,42,matched_aggregate_repeat_seed,candidate_minus_reference,0.5972222222222222,0.5555555555555555,-0.04166666666666674,0.6047619047619048,0.5511060259344012,-0.05365587882750367,,,,N/A_probability_level_participant_oof_not_archived,continuous participant-level OOF class probabilities were not archived,False
20260625_2320_overfitting_sweep_stage1_rank2,20260625_2320_overfitting_sweep_stage1_rank2_factor_signals,20260625_2320_overfitting_sweep_stage1_rank2:factor=loss_type:epoch=10:s1_065_vs_s1_043:signal=18,exploratory_post_hoc_factor_signal_not_ablation,loss_type,10,s1_043,s1_065,2,10042,matched_aggregate_repeat_seed,candidate_minus_reference,0.5740740740740741,0.5416666666666666,-0.03240740740740744,0.576078431372549,0.5373015873015873,-0.038776844070961713,,,,N/A_probability_level_participant_oof_not_archived,continuous participant-level OOF class probabilities were not archived,False
20260625_2320_overfitting_sweep_stage1_rank2,20260625_2320_overfitting_sweep_stage1_rank2_factor_signals,20260625_2320_overfitting_sweep_stage1_rank2:factor=loss_type:epoch=10:s1_065_vs_s1_043:signal=18,exploratory_post_hoc_factor_signal_not_ablation,loss_type,10,s1_043,s1_065,3,20042,matched_aggregate_repeat_seed,candidate_minus_reference,0.4583333333333333,0.5787037037037037,0.1203703703703704,0.4334455667789001,0.5792592592592593,0.14581369248035914,,,,N/A_probability_level_participant_oof_not_archived,continuous participant-level OOF class probabilities were not archived,False
20260625_2320_overfitting_sweep_stage1_rank2,20260625_2320_overfitting_sweep_stage1_rank2_factor_signals,20260625_2320_overfitting_sweep_stage1_rank2:factor=loss_type:epoch=10:s1_065_vs_s1_043:signal=18,exploratory_post_hoc_factor_signal_not_ablation,loss_type,10,s1_043,s1_065,4,30042,matched_aggregate_repeat_seed,candidate_minus_reference,0.5509259259259259,0.5925925925925926,0.04166666666666663,0.5367965367965367,0.5850241545893718,0.04822761779283513,,,,N/A_probability_level_participant_oof_not_archived,continuous participant-level OOF class probabilities were not archived,False
20260625_2320_overfitting_sweep_stage1_rank2,20260625_2320_overfitting_sweep_stage1_rank2_factor_signals,20260625_2320_overfitting_sweep_stage1_rank2:factor=loss_type:epoch=10:s1_065_vs_s1_043:signal=18,exploratory_post_hoc_factor_signal_not_ablation,loss_type,10,s1_043,s1_065,5,40042,matched_aggregate_repeat_seed,candidate_minus_reference,0.6064814814814815,0.5833333333333334,-0.02314814814814814,0.5836382399849892,0.5993650793650794,0.01572683938009023,,,,N/A_probability_level_participant_oof_not_archived,continuous participant-level OOF class probabilities were not archived,False
20260625_2320_overfitting_sweep_stage1_rank2,20260625_2320_overfitting_sweep_stage1_rank2_factor_signals,20260625_2320_overfitting_sweep_stage1_rank2:factor=manual_features:epoch=10:s1_063_vs_s1_043:signal=19,exploratory_post_hoc_factor_signal_not_ablation,manual_features,10,s1_043,s1_063,1,42,matched_aggregate_repeat_seed,candidate_minus_reference,0.5972222222222222,0.3055555555555555,-0.2916666666666667,0.6047619047619048,0.2510822510822511,-0.35367965367965376,,,,N/A_probability_level_participant_oof_not_archived,continuous participant-level OOF class probabilities were not archived,False
20260625_2320_overfitting_sweep_stage1_rank2,20260625_2320_overfitting_sweep_stage1_rank2_factor_signals,20260625_2320_overfitting_sweep_stage1_rank2:factor=manual_features:epoch=10:s1_063_vs_s1_043:signal=19,exploratory_post_hoc_factor_signal_not_ablation,manual_features,10,s1_043,s1_063,2,10042,matched_aggregate_repeat_seed,candidate_minus_reference,0.5740740740740741,0.3657407407407407,-0.20833333333333337,0.576078431372549,0.3457284515636918,-0.23034997980885719,,,,N/A_probability_level_participant_oof_not_archived,continuous participant-level OOF class probabilities were not archived,False
20260625_2320_overfitting_sweep_stage1_rank2,20260625_2320_overfitting_sweep_stage1_rank2_factor_signals,20260625_2320_overfitting_sweep_stage1_rank2:factor=manual_features:epoch=10:s1_063_vs_s1_043:signal=19,exploratory_post_hoc_factor_signal_not_ablation,manual_features,10,s1_043,s1_063,3,20042,matched_aggregate_repeat_seed,candidate_minus_reference,0.4583333333333333,0.4212962962962963,-0.037037037037037035,0.4334455667789001,0.4074074074074074,-0.02603815937149273,,,,N/A_probability_level_participant_oof_not_archived,continuous participant-level OOF class probabilities were not archived,False
20260625_2320_overfitting_sweep_stage1_rank2,20260625_2320_overfitting_sweep_stage1_rank2_factor_signals,20260625_2320_overfitting_sweep_stage1_rank2:factor=manual_features:epoch=10:s1_063_vs_s1_043:signal=19,exploratory_post_hoc_factor_signal_not_ablation,manual_features,10,s1_043,s1_063,4,30042,matched_aggregate_repeat_seed,candidate_minus_reference,0.5509259259259259,0.4444444444444444,-0.10648148148148151,0.5367965367965367,0.4081232492997199,-0.12867328749681683,,,,N/A_probability_level_participant_oof_not_archived,continuous participant-level OOF class probabilities were not archived,False
20260625_2320_overfitting_sweep_stage1_rank2,20260625_2320_overfitting_sweep_stage1_rank2_factor_signals,20260625_2320_overfitting_sweep_stage1_rank2:factor=manual_features:epoch=10:s1_063_vs_s1_043:signal=19,exploratory_post_hoc_factor_signal_not_ablation,manual_features,10,s1_043,s1_063,5,40042,matched_aggregate_repeat_seed,candidate_minus_reference,0.6064814814814815,0.4629629629629629,-0.1435185185185186,0.5836382399849892,0.4535134628013885,-0.13012477718360071,,,,N/A_probability_level_participant_oof_not_archived,continuous participant-level OOF class probabilities were not archived,False
20260625_2320_overfitting_sweep_stage1_rank2,20260625_2320_overfitting_sweep_stage1_rank2_factor_signals,20260625_2320_overfitting_sweep_stage1_rank2:factor=manual_loss:epoch=10:s1_082_vs_s1_043:signal=20,exploratory_post_hoc_factor_signal_not_ablation,manual_loss,10,s1_043,s1_082,1,42,matched_aggregate_repeat_seed,candidate_minus_reference,0.5972222222222222,0.4583333333333333,-0.1388888888888889,0.6047619047619048,0.4680744092508798,-0.13668749551102505,,,,N/A_probability_level_participant_oof_not_archived,continuous participant-level OOF class probabilities were not archived,False
20260625_2320_overfitting_sweep_stage1_rank2,20260625_2320_overfitting_sweep_stage1_rank2_factor_signals,20260625_2320_overfitting_sweep_stage1_rank2:factor=manual_loss:epoch=10:s1_082_vs_s1_043:signal=20,exploratory_post_hoc_factor_signal_not_ablation,manual_loss,10,s1_043,s1_082,2,10042,matched_aggregate_repeat_seed,candidate_minus_reference,0.5740740740740741,0.4212962962962963,-0.1527777777777778,0.576078431372549,0.4132756132756133,-0.1628028180969357,,,,N/A_probability_level_participant_oof_not_archived,continuous participant-level OOF class probabilities were not archived,False
20260625_2320_overfitting_sweep_stage1_rank2,20260625_2320_overfitting_sweep_stage1_rank2_factor_signals,20260625_2320_overfitting_sweep_stage1_rank2:factor=manual_loss:epoch=10:s1_082_vs_s1_043:signal=20,exploratory_post_hoc_factor_signal_not_ablation,manual_loss,10,s1_043,s1_082,3,20042,matched_aggregate_repeat_seed,candidate_minus_reference,0.4583333333333333,0.5231481481481481,0.06481481481481483,0.4334455667789001,0.5196078431372549,0.08616227635835483,,,,N/A_probability_level_participant_oof_not_archived,continuous participant-level OOF class probabilities were not archived,False
20260625_2320_overfitting_sweep_stage1_rank2,20260625_2320_overfitting_sweep_stage1_rank2_factor_signals,20260625_2320_overfitting_sweep_stage1_rank2:factor=manual_loss:epoch=10:s1_082_vs_s1_043:signal=20,exploratory_post_hoc_factor_signal_not_ablation,manual_loss,10,s1_043,s1_082,4,30042,matched_aggregate_repeat_seed,candidate_minus_reference,0.5509259259259259,0.5370370370370371,-0.01388888888888884,0.5367965367965367,0.528369802027091,-0.008426734769445665,,,,N/A_probability_level_participant_oof_not_archived,continuous participant-level OOF class probabilities were not archived,False
20260625_2320_overfitting_sweep_stage1_rank2,20260625_2320_overfitting_sweep_stage1_rank2_factor_signals,20260625_2320_overfitting_sweep_stage1_rank2:factor=manual_loss:epoch=10:s1_082_vs_s1_043:signal=20,exploratory_post_hoc_factor_signal_not_ablation,manual_loss,10,s1_043,s1_082,5,40042,matched_aggregate_repeat_seed,candidate_minus_reference,0.6064814814814815,0.375,-0.2314814814814815,0.5836382399849892,0.3759803921568627,-0.20765784782812652,,,,N/A_probability_level_participant_oof_not_archived,continuous participant-level OOF class probabilities were not archived,False
20260625_2320_overfitting_sweep_stage1_rank2,20260625_2320_overfitting_sweep_stage1_rank2_factor_signals,20260625_2320_overfitting_sweep_stage1_rank2:factor=max_windows_fraction:epoch=10:s1_057_vs_s1_043:signal=21,exploratory_post_hoc_factor_signal_not_ablation,max_windows_fraction,10,s1_043,s1_057,1,42,matched_aggregate_repeat_seed,candidate_minus_reference,0.5972222222222222,0.6620370370370371,0.06481481481481488,0.6047619047619048,0.658236241356446,0.05347433659454115,,,,N/A_probability_level_participant_oof_not_archived,continuous participant-level OOF class probabilities were not archived,False
20260625_2320_overfitting_sweep_stage1_rank2,20260625_2320_overfitting_sweep_stage1_rank2_factor_signals,20260625_2320_overfitting_sweep_stage1_rank2:factor=max_windows_fraction:epoch=10:s1_057_vs_s1_043:signal=21,exploratory_post_hoc_factor_signal_not_ablation,max_windows_fraction,10,s1_043,s1_057,2,10042,matched_aggregate_repeat_seed,candidate_minus_reference,0.5740740740740741,0.5,-0.07407407407407407,0.576078431372549,0.480672268907563,-0.09540616246498601,,,,N/A_probability_level_participant_oof_not_archived,continuous participant-level OOF class probabilities were not archived,False
20260625_2320_overfitting_sweep_stage1_rank2,20260625_2320_overfitting_sweep_stage1_rank2_factor_signals,20260625_2320_overfitting_sweep_stage1_rank2:factor=max_windows_fraction:epoch=10:s1_057_vs_s1_043:signal=21,exploratory_post_hoc_factor_signal_not_ablation,max_windows_fraction,10,s1_043,s1_057,3,20042,matched_aggregate_repeat_seed,candidate_minus_reference,0.4583333333333333,0.4814814814814814,0.023148148148148084,0.4334455667789001,0.4588744588744588,0.02542889209555871,,,,N/A_probability_level_participant_oof_not_archived,continuous participant-level OOF class probabilities were not archived,False
20260625_2320_overfitting_sweep_stage1_rank2,20260625_2320_overfitting_sweep_stage1_rank2_factor_signals,20260625_2320_overfitting_sweep_stage1_rank2:factor=max_windows_fraction:epoch=10:s1_057_vs_s1_043:signal=21,exploratory_post_hoc_factor_signal_not_ablation,max_windows_fraction,10,s1_043,s1_057,4,30042,matched_aggregate_repeat_seed,candidate_minus_reference,0.5509259259259259,0.6620370370370371,0.11111111111111116,0.5367965367965367,0.6623376623376623,0.12554112554112562,,,,N/A_probability_level_participant_oof_not_archived,continuous participant-level OOF class probabilities were not archived,False
20260625_2320_overfitting_sweep_stage1_rank2,20260625_2320_overfitting_sweep_stage1_rank2_factor_signals,20260625_2320_overfitting_sweep_stage1_rank2:factor=max_windows_fraction:epoch=10:s1_057_vs_s1_043:signal=21,exploratory_post_hoc_factor_signal_not_ablation,max_windows_fraction,10,s1_043,s1_057,5,40042,matched_aggregate_repeat_seed,candidate_minus_reference,0.6064814814814815,0.5231481481481481,-0.08333333333333337,0.5836382399849892,0.5044858523119393,-0.07915238767304988,,,,N/A_probability_level_participant_oof_not_archived,continuous participant-level OOF class probabilities were not archived,False
20260625_2320_overfitting_sweep_stage1_rank2,20260625_2320_overfitting_sweep_stage1_rank2_factor_signals,20260625_2320_overfitting_sweep_stage1_rank2:factor=sqi_aggregation:epoch=10:s1_079_vs_s1_043:signal=22,exploratory_post_hoc_factor_signal_not_ablation,sqi_aggregation,10,s1_043,s1_079,1,42,matched_aggregate_repeat_seed,candidate_minus_reference,0.5972222222222222,0.625,0.02777777777777779,0.6047619047619048,0.6251207729468599,0.020358868184955026,,,,N/A_probability_level_participant_oof_not_archived,continuous participant-level OOF class probabilities were not archived,False
20260625_2320_overfitting_sweep_stage1_rank2,20260625_2320_overfitting_sweep_stage1_rank2_factor_signals,20260625_2320_overfitting_sweep_stage1_rank2:factor=sqi_aggregation:epoch=10:s1_079_vs_s1_043:signal=22,exploratory_post_hoc_factor_signal_not_ablation,sqi_aggregation,10,s1_043,s1_079,2,10042,matched_aggregate_repeat_seed,candidate_minus_reference,0.5740740740740741,0.5277777777777778,-0.04629629629629628,0.576078431372549,0.5189042124026644,-0.057174218969884616,,,,N/A_probability_level_participant_oof_not_archived,continuous participant-level OOF class probabilities were not archived,False
20260625_2320_overfitting_sweep_stage1_rank2,20260625_2320_overfitting_sweep_stage1_rank2_factor_signals,20260625_2320_overfitting_sweep_stage1_rank2:factor=sqi_aggregation:epoch=10:s1_079_vs_s1_043:signal=22,exploratory_post_hoc_factor_signal_not_ablation,sqi_aggregation,10,s1_043,s1_079,3,20042,matched_aggregate_repeat_seed,candidate_minus_reference,0.4583333333333333,0.4814814814814814,0.023148148148148084,0.4334455667789001,0.4584541062801932,0.02500853950129306,,,,N/A_probability_level_participant_oof_not_archived,continuous participant-level OOF class probabilities were not archived,False
20260625_2320_overfitting_sweep_stage1_rank2,20260625_2320_overfitting_sweep_stage1_rank2_factor_signals,20260625_2320_overfitting_sweep_stage1_rank2:factor=sqi_aggregation:epoch=10:s1_079_vs_s1_043:signal=22,exploratory_post_hoc_factor_signal_not_ablation,sqi_aggregation,10,s1_043,s1_079,4,30042,matched_aggregate_repeat_seed,candidate_minus_reference,0.5509259259259259,0.6944444444444443,0.14351851851851838,0.5367965367965367,0.6985507246376811,0.16175418784114437,,,,N/A_probability_level_participant_oof_not_archived,continuous participant-level OOF class probabilities were not archived,False
20260625_2320_overfitting_sweep_stage1_rank2,20260625_2320_overfitting_sweep_stage1_rank2_factor_signals,20260625_2320_overfitting_sweep_stage1_rank2:factor=sqi_aggregation:epoch=10:s1_079_vs_s1_043:signal=22,exploratory_post_hoc_factor_signal_not_ablation,sqi_aggregation,10,s1_043,s1_079,5,40042,matched_aggregate_repeat_seed,candidate_minus_reference,0.6064814814814815,0.5046296296296297,-0.10185185185185186,0.5836382399849892,0.4881419234360411,-0.09549631654894808,,,,N/A_probability_level_participant_oof_not_archived,continuous participant-level OOF class probabilities were not archived,False
20260625_2320_overfitting_sweep_stage1_rank2,20260625_2320_overfitting_sweep_stage1_rank2_factor_signals,20260625_2320_overfitting_sweep_stage1_rank2:factor=sqi_mode:epoch=10:s1_060_vs_s1_043:signal=23,exploratory_post_hoc_factor_signal_not_ablation,sqi_mode,10,s1_043,s1_060,1,42,matched_aggregate_repeat_seed,candidate_minus_reference,0.5972222222222222,0.5416666666666666,-0.05555555555555558,0.6047619047619048,0.5182474903837133,-0.08651441437819152,,,,N/A_probability_level_participant_oof_not_archived,continuous participant-level OOF class probabilities were not archived,False
20260625_2320_overfitting_sweep_stage1_rank2,20260625_2320_overfitting_sweep_stage1_rank2_factor_signals,20260625_2320_overfitting_sweep_stage1_rank2:factor=sqi_mode:epoch=10:s1_060_vs_s1_043:signal=23,exploratory_post_hoc_factor_signal_not_ablation,sqi_mode,10,s1_043,s1_060,2,10042,matched_aggregate_repeat_seed,candidate_minus_reference,0.5740740740740741,0.5,-0.07407407407407407,0.576078431372549,0.4814814814814814,-0.0945969498910676,,,,N/A_probability_level_participant_oof_not_archived,continuous participant-level OOF class probabilities were not archived,False
20260625_2320_overfitting_sweep_stage1_rank2,20260625_2320_overfitting_sweep_stage1_rank2_factor_signals,20260625_2320_overfitting_sweep_stage1_rank2:factor=sqi_mode:epoch=10:s1_060_vs_s1_043:signal=23,exploratory_post_hoc_factor_signal_not_ablation,sqi_mode,10,s1_043,s1_060,3,20042,matched_aggregate_repeat_seed,candidate_minus_reference,0.4583333333333333,0.4768518518518518,0.01851851851851849,0.4334455667789001,0.4781144781144781,0.04466891133557799,,,,N/A_probability_level_participant_oof_not_archived,continuous participant-level OOF class probabilities were not archived,False
20260625_2320_overfitting_sweep_stage1_rank2,20260625_2320_overfitting_sweep_stage1_rank2_factor_signals,20260625_2320_overfitting_sweep_stage1_rank2:factor=sqi_mode:epoch=10:s1_060_vs_s1_043:signal=23,exploratory_post_hoc_factor_signal_not_ablation,sqi_mode,10,s1_043,s1_060,4,30042,matched_aggregate_repeat_seed,candidate_minus_reference,0.5509259259259259,0.6203703703703703,0.06944444444444442,0.5367965367965367,0.5932494279176201,0.056452891121083426,,,,N/A_probability_level_participant_oof_not_archived,continuous participant-level OOF class probabilities were not archived,False
20260625_2320_overfitting_sweep_stage1_rank2,20260625_2320_overfitting_sweep_stage1_rank2_factor_signals,20260625_2320_overfitting_sweep_stage1_rank2:factor=sqi_mode:epoch=10:s1_060_vs_s1_043:signal=23,exploratory_post_hoc_factor_signal_not_ablation,sqi_mode,10,s1_043,s1_060,5,40042,matched_aggregate_repeat_seed,candidate_minus_reference,0.6064814814814815,0.625,0.01851851851851849,0.5836382399849892,0.6187259592832349,0.03508771929824572,,,,N/A_probability_level_participant_oof_not_archived,continuous participant-level OOF class probabilities were not archived,False
20260625_2320_overfitting_sweep_stage1_rank2,20260625_2320_overfitting_sweep_stage1_rank2_factor_signals,20260625_2320_overfitting_sweep_stage1_rank2:factor=weight_decay:epoch=10:s1_045_vs_s1_043:signal=24,exploratory_post_hoc_factor_signal_not_ablation,weight_decay,10,s1_043,s1_045,1,42,matched_aggregate_repeat_seed,candidate_minus_reference,0.5972222222222222,0.625,0.02777777777777779,0.6047619047619048,0.6352882205513785,0.030526315789473624,,,,N/A_probability_level_participant_oof_not_archived,continuous participant-level OOF class probabilities were not archived,False
20260625_2320_overfitting_sweep_stage1_rank2,20260625_2320_overfitting_sweep_stage1_rank2_factor_signals,20260625_2320_overfitting_sweep_stage1_rank2:factor=weight_decay:epoch=10:s1_045_vs_s1_043:signal=24,exploratory_post_hoc_factor_signal_not_ablation,weight_decay,10,s1_043,s1_045,2,10042,matched_aggregate_repeat_seed,candidate_minus_reference,0.5740740740740741,0.5462962962962963,-0.02777777777777779,0.576078431372549,0.5494117647058824,-0.026666666666666616,,,,N/A_probability_level_participant_oof_not_archived,continuous participant-level OOF class probabilities were not archived,False
20260625_2320_overfitting_sweep_stage1_rank2,20260625_2320_overfitting_sweep_stage1_rank2_factor_signals,20260625_2320_overfitting_sweep_stage1_rank2:factor=weight_decay:epoch=10:s1_045_vs_s1_043:signal=24,exploratory_post_hoc_factor_signal_not_ablation,weight_decay,10,s1_043,s1_045,3,20042,matched_aggregate_repeat_seed,candidate_minus_reference,0.4583333333333333,0.4212962962962963,-0.037037037037037035,0.4334455667789001,0.4038336582196231,-0.029611908559277034,,,,N/A_probability_level_participant_oof_not_archived,continuous participant-level OOF class probabilities were not archived,False
20260625_2320_overfitting_sweep_stage1_rank2,20260625_2320_overfitting_sweep_stage1_rank2_factor_signals,20260625_2320_overfitting_sweep_stage1_rank2:factor=weight_decay:epoch=10:s1_045_vs_s1_043:signal=24,exploratory_post_hoc_factor_signal_not_ablation,weight_decay,10,s1_043,s1_045,4,30042,matched_aggregate_repeat_seed,candidate_minus_reference,0.5509259259259259,0.5509259259259259,0.0,0.5367965367965367,0.5367965367965367,0.0,,,,N/A_probability_level_participant_oof_not_archived,continuous participant-level OOF class probabilities were not archived,False
20260625_2320_overfitting_sweep_stage1_rank2,20260625_2320_overfitting_sweep_stage1_rank2_factor_signals,20260625_2320_overfitting_sweep_stage1_rank2:factor=weight_decay:epoch=10:s1_045_vs_s1_043:signal=24,exploratory_post_hoc_factor_signal_not_ablation,weight_decay,10,s1_043,s1_045,5,40042,matched_aggregate_repeat_seed,candidate_minus_reference,0.6064814814814815,0.625,0.01851851851851849,0.5836382399849892,0.6217581998474447,0.03811995986245553,,,,N/A_probability_level_participant_oof_not_archived,continuous participant-level OOF class probabilities were not archived,False
20260625_2320_overfitting_sweep_stage1_rank2,20260625_2320_overfitting_sweep_stage1_rank2_factor_signals,20260625_2320_overfitting_sweep_stage1_rank2:factor=aggregation:epoch=15:s1_103_vs_s1_085:signal=25,exploratory_post_hoc_factor_signal_not_ablation,aggregation,15,s1_085,s1_103,1,42,matched_aggregate_repeat_seed,candidate_minus_reference,0.4629629629629629,0.5555555555555555,0.09259259259259256,0.4605887939221272,0.5549707602339181,0.09438196631179091,,,,N/A_probability_level_participant_oof_not_archived,continuous participant-level OOF class probabilities were not archived,False
20260625_2320_overfitting_sweep_stage1_rank2,20260625_2320_overfitting_sweep_stage1_rank2_factor_signals,20260625_2320_overfitting_sweep_stage1_rank2:factor=aggregation:epoch=15:s1_103_vs_s1_085:signal=25,exploratory_post_hoc_factor_signal_not_ablation,aggregation,15,s1_085,s1_103,2,10042,matched_aggregate_repeat_seed,candidate_minus_reference,0.5138888888888888,0.5416666666666666,0.02777777777777779,0.5155555555555554,0.543859649122807,0.02830409356725161,,,,N/A_probability_level_participant_oof_not_archived,continuous participant-level OOF class probabilities were not archived,False
20260625_2320_overfitting_sweep_stage1_rank2,20260625_2320_overfitting_sweep_stage1_rank2_factor_signals,20260625_2320_overfitting_sweep_stage1_rank2:factor=aggregation:epoch=15:s1_103_vs_s1_085:signal=25,exploratory_post_hoc_factor_signal_not_ablation,aggregation,15,s1_085,s1_103,3,20042,matched_aggregate_repeat_seed,candidate_minus_reference,0.4074074074074074,0.4722222222222221,0.06481481481481471,0.3990067903111381,0.4582953278605453,0.05928853754940716,,,,N/A_probability_level_participant_oof_not_archived,continuous participant-level OOF class probabilities were not archived,False
20260625_2320_overfitting_sweep_stage1_rank2,20260625_2320_overfitting_sweep_stage1_rank2_factor_signals,20260625_2320_overfitting_sweep_stage1_rank2:factor=aggregation:epoch=15:s1_103_vs_s1_085:signal=25,exploratory_post_hoc_factor_signal_not_ablation,aggregation,15,s1_085,s1_103,4,30042,matched_aggregate_repeat_seed,candidate_minus_reference,0.5138888888888888,0.5833333333333334,0.06944444444444453,0.4803675856307435,0.5491506544138123,0.06878306878306878,,,,N/A_probability_level_participant_oof_not_archived,continuous participant-level OOF class probabilities were not archived,False
20260625_2320_overfitting_sweep_stage1_rank2,20260625_2320_overfitting_sweep_stage1_rank2_factor_signals,20260625_2320_overfitting_sweep_stage1_rank2:factor=aggregation:epoch=15:s1_103_vs_s1_085:signal=25,exploratory_post_hoc_factor_signal_not_ablation,aggregation,15,s1_085,s1_103,5,40042,matched_aggregate_repeat_seed,candidate_minus_reference,0.5462962962962963,0.5509259259259259,0.00462962962962965,0.5473429951690821,0.5515827612509535,0.004239766081871377,,,,N/A_probability_level_participant_oof_not_archived,continuous participant-level OOF class probabilities were not archived,False
20260625_2320_overfitting_sweep_stage1_rank2,20260625_2320_overfitting_sweep_stage1_rank2_factor_signals,20260625_2320_overfitting_sweep_stage1_rank2:factor=class_weight_mode:epoch=15:s1_108_vs_s1_085:signal=26,exploratory_post_hoc_factor_signal_not_ablation,class_weight_mode,15,s1_085,s1_108,1,42,matched_aggregate_repeat_seed,candidate_minus_reference,0.4629629629629629,0.611111111111111,0.14814814814814814,0.4605887939221272,0.6178266178266177,0.15723782390449054,,,,N/A_probability_level_participant_oof_not_archived,continuous participant-level OOF class probabilities were not archived,False
20260625_2320_overfitting_sweep_stage1_rank2,20260625_2320_overfitting_sweep_stage1_rank2_factor_signals,20260625_2320_overfitting_sweep_stage1_rank2:factor=class_weight_mode:epoch=15:s1_108_vs_s1_085:signal=26,exploratory_post_hoc_factor_signal_not_ablation,class_weight_mode,15,s1_085,s1_108,2,10042,matched_aggregate_repeat_seed,candidate_minus_reference,0.5138888888888888,0.5138888888888888,0.0,0.5155555555555554,0.5133834586466165,-0.0021720969089389364,,,,N/A_probability_level_participant_oof_not_archived,continuous participant-level OOF class probabilities were not archived,False
20260625_2320_overfitting_sweep_stage1_rank2,20260625_2320_overfitting_sweep_stage1_rank2_factor_signals,20260625_2320_overfitting_sweep_stage1_rank2:factor=class_weight_mode:epoch=15:s1_108_vs_s1_085:signal=26,exploratory_post_hoc_factor_signal_not_ablation,class_weight_mode,15,s1_085,s1_108,3,20042,matched_aggregate_repeat_seed,candidate_minus_reference,0.4074074074074074,0.4305555555555555,0.02314814814814814,0.3990067903111381,0.404040404040404,0.005033613729265862,,,,N/A_probability_level_participant_oof_not_archived,continuous participant-level OOF class probabilities were not archived,False
20260625_2320_overfitting_sweep_stage1_rank2,20260625_2320_overfitting_sweep_stage1_rank2_factor_signals,20260625_2320_overfitting_sweep_stage1_rank2:factor=class_weight_mode:epoch=15:s1_108_vs_s1_085:signal=26,exploratory_post_hoc_factor_signal_not_ablation,class_weight_mode,15,s1_085,s1_108,4,30042,matched_aggregate_repeat_seed,candidate_minus_reference,0.5138888888888888,0.5416666666666666,0.02777777777777779,0.4803675856307435,0.5157894736842105,0.035421888053466966,,,,N/A_probability_level_participant_oof_not_archived,continuous participant-level OOF class probabilities were not archived,False
20260625_2320_overfitting_sweep_stage1_rank2,20260625_2320_overfitting_sweep_stage1_rank2_factor_signals,20260625_2320_overfitting_sweep_stage1_rank2:factor=class_weight_mode:epoch=15:s1_108_vs_s1_085:signal=26,exploratory_post_hoc_factor_signal_not_ablation,class_weight_mode,15,s1_085,s1_108,5,40042,matched_aggregate_repeat_seed,candidate_minus_reference,0.5462962962962963,0.5092592592592592,-0.03703703703703709,0.5473429951690821,0.5125730994152047,-0.034769895753877456,,,,N/A_probability_level_participant_oof_not_archived,continuous participant-level OOF class probabilities were not archived,False
20260625_2320_overfitting_sweep_stage1_rank2,20260625_2320_overfitting_sweep_stage1_rank2_factor_signals,20260625_2320_overfitting_sweep_stage1_rank2:factor=combined_regularization:epoch=15:s1_119_vs_s1_085:signal=27,exploratory_post_hoc_factor_signal_not_ablation,combined_regularization,15,s1_085,s1_119,1,42,matched_aggregate_repeat_seed,candidate_minus_reference,0.4629629629629629,0.625,0.1620370370370371,0.4605887939221272,0.625,0.1644112060778728,,,,N/A_probability_level_participant_oof_not_archived,continuous participant-level OOF class probabilities were not archived,False
20260625_2320_overfitting_sweep_stage1_rank2,20260625_2320_overfitting_sweep_stage1_rank2_factor_signals,20260625_2320_overfitting_sweep_stage1_rank2:factor=combined_regularization:epoch=15:s1_119_vs_s1_085:signal=27,exploratory_post_hoc_factor_signal_not_ablation,combined_regularization,15,s1_085,s1_119,2,10042,matched_aggregate_repeat_seed,candidate_minus_reference,0.5138888888888888,0.4583333333333333,-0.055555555555555525,0.5155555555555554,0.445021645021645,-0.07053391053391045,,,,N/A_probability_level_participant_oof_not_archived,continuous participant-level OOF class probabilities were not archived,False
20260625_2320_overfitting_sweep_stage1_rank2,20260625_2320_overfitting_sweep_stage1_rank2_factor_signals,20260625_2320_overfitting_sweep_stage1_rank2:factor=combined_regularization:epoch=15:s1_119_vs_s1_085:signal=27,exploratory_post_hoc_factor_signal_not_ablation,combined_regularization,15,s1_085,s1_119,3,20042,matched_aggregate_repeat_seed,candidate_minus_reference,0.4074074074074074,0.5694444444444444,0.16203703703703703,0.3990067903111381,0.5702075702075702,0.17120077989643206,,,,N/A_probability_level_participant_oof_not_archived,continuous participant-level OOF class probabilities were not archived,False
20260625_2320_overfitting_sweep_stage1_rank2,20260625_2320_overfitting_sweep_stage1_rank2_factor_signals,20260625_2320_overfitting_sweep_stage1_rank2:factor=combined_regularization:epoch=15:s1_119_vs_s1_085:signal=27,exploratory_post_hoc_factor_signal_not_ablation,combined_regularization,15,s1_085,s1_119,4,30042,matched_aggregate_repeat_seed,candidate_minus_reference,0.5138888888888888,0.4768518518518518,-0.037037037037037035,0.4803675856307435,0.4508771929824561,-0.0294903926482874,,,,N/A_probability_level_participant_oof_not_archived,continuous participant-level OOF class probabilities were not archived,False
20260625_2320_overfitting_sweep_stage1_rank2,20260625_2320_overfitting_sweep_stage1_rank2_factor_signals,20260625_2320_overfitting_sweep_stage1_rank2:factor=combined_regularization:epoch=15:s1_119_vs_s1_085:signal=27,exploratory_post_hoc_factor_signal_not_ablation,combined_regularization,15,s1_085,s1_119,5,40042,matched_aggregate_repeat_seed,candidate_minus_reference,0.5462962962962963,0.5694444444444444,0.02314814814814814,0.5473429951690821,0.5707384403036576,0.023395445134575477,,,,N/A_probability_level_participant_oof_not_archived,continuous participant-level OOF class probabilities were not archived,False
20260625_2320_overfitting_sweep_stage1_rank2,20260625_2320_overfitting_sweep_stage1_rank2_factor_signals,20260625_2320_overfitting_sweep_stage1_rank2:factor=dropout:epoch=15:s1_090_vs_s1_085:signal=28,exploratory_post_hoc_factor_signal_not_ablation,dropout,15,s1_085,s1_090,1,42,matched_aggregate_repeat_seed,candidate_minus_reference,0.4629629629629629,0.6064814814814815,0.1435185185185186,0.4605887939221272,0.5881419234360411,0.1275531295139139,,,,N/A_probability_level_participant_oof_not_archived,continuous participant-level OOF class probabilities were not archived,False
20260625_2320_overfitting_sweep_stage1_rank2,20260625_2320_overfitting_sweep_stage1_rank2_factor_signals,20260625_2320_overfitting_sweep_stage1_rank2:factor=dropout:epoch=15:s1_090_vs_s1_085:signal=28,exploratory_post_hoc_factor_signal_not_ablation,dropout,15,s1_085,s1_090,2,10042,matched_aggregate_repeat_seed,candidate_minus_reference,0.5138888888888888,0.5370370370370371,0.02314814814814825,0.5155555555555554,0.5140096618357487,-0.0015458937198067346,,,,N/A_probability_level_participant_oof_not_archived,continuous participant-level OOF class probabilities were not archived,False
20260625_2320_overfitting_sweep_stage1_rank2,20260625_2320_overfitting_sweep_stage1_rank2_factor_signals,20260625_2320_overfitting_sweep_stage1_rank2:factor=dropout:epoch=15:s1_090_vs_s1_085:signal=28,exploratory_post_hoc_factor_signal_not_ablation,dropout,15,s1_085,s1_090,3,20042,matched_aggregate_repeat_seed,candidate_minus_reference,0.4074074074074074,0.5370370370370371,0.1296296296296297,0.3990067903111381,0.5121212121212121,0.11311442181007397,,,,N/A_probability_level_participant_oof_not_archived,continuous participant-level OOF class probabilities were not archived,False
20260625_2320_overfitting_sweep_stage1_rank2,20260625_2320_overfitting_sweep_stage1_rank2_factor_signals,20260625_2320_overfitting_sweep_stage1_rank2:factor=dropout:epoch=15:s1_090_vs_s1_085:signal=28,exploratory_post_hoc_factor_signal_not_ablation,dropout,15,s1_085,s1_090,4,30042,matched_aggregate_repeat_seed,candidate_minus_reference,0.5138888888888888,0.6342592592592592,0.12037037037037035,0.4803675856307435,0.621031746031746,0.14066416040100255,,,,N/A_probability_level_participant_oof_not_archived,continuous participant-level OOF class probabilities were not archived,False
20260625_2320_overfitting_sweep_stage1_rank2,20260625_2320_overfitting_sweep_stage1_rank2_factor_signals,20260625_2320_overfitting_sweep_stage1_rank2:factor=dropout:epoch=15:s1_090_vs_s1_085:signal=28,exploratory_post_hoc_factor_signal_not_ablation,dropout,15,s1_085,s1_090,5,40042,matched_aggregate_repeat_seed,candidate_minus_reference,0.5462962962962963,0.5324074074074073,-0.01388888888888895,0.5473429951690821,0.4993252361673415,-0.048017759001740656,,,,N/A_probability_level_participant_oof_not_archived,continuous participant-level OOF class probabilities were not archived,False
20260625_2320_overfitting_sweep_stage1_rank2,20260625_2320_overfitting_sweep_stage1_rank2_factor_signals,20260625_2320_overfitting_sweep_stage1_rank2:factor=label_smoothing:epoch=15:s1_096_vs_s1_085:signal=29,exploratory_post_hoc_factor_signal_not_ablation,label_smoothing,15,s1_085,s1_096,1,42,matched_aggregate_repeat_seed,candidate_minus_reference,0.4629629629629629,0.5972222222222222,0.1342592592592593,0.4605887939221272,0.5922136970730322,0.13162490315090497,,,,N/A_probability_level_participant_oof_not_archived,continuous participant-level OOF class probabilities were not archived,False
20260625_2320_overfitting_sweep_stage1_rank2,20260625_2320_overfitting_sweep_stage1_rank2_factor_signals,20260625_2320_overfitting_sweep_stage1_rank2:factor=label_smoothing:epoch=15:s1_096_vs_s1_085:signal=29,exploratory_post_hoc_factor_signal_not_ablation,label_smoothing,15,s1_085,s1_096,2,10042,matched_aggregate_repeat_seed,candidate_minus_reference,0.5138888888888888,0.5046296296296297,-0.00925925925925919,0.5155555555555554,0.5075295075295075,-0.008026048026047894,,,,N/A_probability_level_participant_oof_not_archived,continuous participant-level OOF class probabilities were not archived,False
20260625_2320_overfitting_sweep_stage1_rank2,20260625_2320_overfitting_sweep_stage1_rank2_factor_signals,20260625_2320_overfitting_sweep_stage1_rank2:factor=label_smoothing:epoch=15:s1_096_vs_s1_085:signal=29,exploratory_post_hoc_factor_signal_not_ablation,label_smoothing,15,s1_085,s1_096,3,20042,matched_aggregate_repeat_seed,candidate_minus_reference,0.4074074074074074,0.5046296296296297,0.09722222222222227,0.3990067903111381,0.5049624060150376,0.1059556157038995,,,,N/A_probability_level_participant_oof_not_archived,continuous participant-level OOF class probabilities were not archived,False
20260625_2320_overfitting_sweep_stage1_rank2,20260625_2320_overfitting_sweep_stage1_rank2_factor_signals,20260625_2320_overfitting_sweep_stage1_rank2:factor=label_smoothing:epoch=15:s1_096_vs_s1_085:signal=29,exploratory_post_hoc_factor_signal_not_ablation,label_smoothing,15,s1_085,s1_096,4,30042,matched_aggregate_repeat_seed,candidate_minus_reference,0.5138888888888888,0.611111111111111,0.09722222222222221,0.4803675856307435,0.5859649122807017,0.10559732664995819,,,,N/A_probability_level_participant_oof_not_archived,continuous participant-level OOF class probabilities were not archived,False
20260625_2320_overfitting_sweep_stage1_rank2,20260625_2320_overfitting_sweep_stage1_rank2_factor_signals,20260625_2320_overfitting_sweep_stage1_rank2:factor=label_smoothing:epoch=15:s1_096_vs_s1_085:signal=29,exploratory_post_hoc_factor_signal_not_ablation,label_smoothing,15,s1_085,s1_096,5,40042,matched_aggregate_repeat_seed,candidate_minus_reference,0.5462962962962963,0.5925925925925926,0.04629629629629628,0.5473429951690821,0.5898449376710246,0.0425019425019425,,,,N/A_probability_level_participant_oof_not_archived,continuous participant-level OOF class probabilities were not archived,False
20260625_2320_overfitting_sweep_stage1_rank2,20260625_2320_overfitting_sweep_stage1_rank2_factor_signals,20260625_2320_overfitting_sweep_stage1_rank2:factor=loss_type:epoch=15:s1_107_vs_s1_085:signal=30,exploratory_post_hoc_factor_signal_not_ablation,loss_type,15,s1_085,s1_107,1,42,matched_aggregate_repeat_seed,candidate_minus_reference,0.4629629629629629,0.6342592592592592,0.17129629629629628,0.4605887939221272,0.6183006535947713,0.15771185967264406,,,,N/A_probability_level_participant_oof_not_archived,continuous participant-level OOF class probabilities were not archived,False
20260625_2320_overfitting_sweep_stage1_rank2,20260625_2320_overfitting_sweep_stage1_rank2_factor_signals,20260625_2320_overfitting_sweep_stage1_rank2:factor=loss_type:epoch=15:s1_107_vs_s1_085:signal=30,exploratory_post_hoc_factor_signal_not_ablation,loss_type,15,s1_085,s1_107,2,10042,matched_aggregate_repeat_seed,candidate_minus_reference,0.5138888888888888,0.5925925925925926,0.07870370370370372,0.5155555555555554,0.5900584795321637,0.07450292397660829,,,,N/A_probability_level_participant_oof_not_archived,continuous participant-level OOF class probabilities were not archived,False
20260625_2320_overfitting_sweep_stage1_rank2,20260625_2320_overfitting_sweep_stage1_rank2_factor_signals,20260625_2320_overfitting_sweep_stage1_rank2:factor=loss_type:epoch=15:s1_107_vs_s1_085:signal=30,exploratory_post_hoc_factor_signal_not_ablation,loss_type,15,s1_085,s1_107,3,20042,matched_aggregate_repeat_seed,candidate_minus_reference,0.4074074074074074,0.412037037037037,0.004629629629629595,0.3990067903111381,0.4107227432035616,0.011715952892423498,,,,N/A_probability_level_participant_oof_not_archived,continuous participant-level OOF class probabilities were not archived,False
20260625_2320_overfitting_sweep_stage1_rank2,20260625_2320_overfitting_sweep_stage1_rank2_factor_signals,20260625_2320_overfitting_sweep_stage1_rank2:factor=loss_type:epoch=15:s1_107_vs_s1_085:signal=30,exploratory_post_hoc_factor_signal_not_ablation,loss_type,15,s1_085,s1_107,4,30042,matched_aggregate_repeat_seed,candidate_minus_reference,0.5138888888888888,0.5509259259259259,0.03703703703703709,0.4803675856307435,0.5100880932082977,0.029720507577554234,,,,N/A_probability_level_participant_oof_not_archived,continuous participant-level OOF class probabilities were not archived,False
20260625_2320_overfitting_sweep_stage1_rank2,20260625_2320_overfitting_sweep_stage1_rank2_factor_signals,20260625_2320_overfitting_sweep_stage1_rank2:factor=loss_type:epoch=15:s1_107_vs_s1_085:signal=30,exploratory_post_hoc_factor_signal_not_ablation,loss_type,15,s1_085,s1_107,5,40042,matched_aggregate_repeat_seed,candidate_minus_reference,0.5462962962962963,0.4953703703703704,-0.050925925925925875,0.5473429951690821,0.5015873015873016,-0.045755693581780554,,,,N/A_probability_level_participant_oof_not_archived,continuous participant-level OOF class probabilities were not archived,False
20260625_2320_overfitting_sweep_stage1_rank2,20260625_2320_overfitting_sweep_stage1_rank2_factor_signals,20260625_2320_overfitting_sweep_stage1_rank2:factor=manual_features:epoch=15:s1_104_vs_s1_085:signal=31,exploratory_post_hoc_factor_signal_not_ablation,manual_features,15,s1_085,s1_104,1,42,matched_aggregate_repeat_seed,candidate_minus_reference,0.4629629629629629,0.3564814814814814,-0.10648148148148151,0.4605887939221272,0.3330472921434019,-0.1275415017787253,,,,N/A_probability_level_participant_oof_not_archived,continuous participant-level OOF class probabilities were not archived,False
20260625_2320_overfitting_sweep_stage1_rank2,20260625_2320_overfitting_sweep_stage1_rank2_factor_signals,20260625_2320_overfitting_sweep_stage1_rank2:factor=manual_features:epoch=15:s1_104_vs_s1_085:signal=31,exploratory_post_hoc_factor_signal_not_ablation,manual_features,15,s1_085,s1_104,2,10042,matched_aggregate_repeat_seed,candidate_minus_reference,0.5138888888888888,0.4166666666666667,-0.09722222222222215,0.5155555555555554,0.4176470588235294,-0.097908496732026,,,,N/A_probability_level_participant_oof_not_archived,continuous participant-level OOF class probabilities were not archived,False
20260625_2320_overfitting_sweep_stage1_rank2,20260625_2320_overfitting_sweep_stage1_rank2_factor_signals,20260625_2320_overfitting_sweep_stage1_rank2:factor=manual_features:epoch=15:s1_104_vs_s1_085:signal=31,exploratory_post_hoc_factor_signal_not_ablation,manual_features,15,s1_085,s1_104,3,20042,matched_aggregate_repeat_seed,candidate_minus_reference,0.4074074074074074,0.3935185185185185,-0.013888888888888895,0.3990067903111381,0.379558586719712,-0.019448203591426128,,,,N/A_probability_level_participant_oof_not_archived,continuous participant-level OOF class probabilities were not archived,False
20260625_2320_overfitting_sweep_stage1_rank2,20260625_2320_overfitting_sweep_stage1_rank2_factor_signals,20260625_2320_overfitting_sweep_stage1_rank2:factor=manual_features:epoch=15:s1_104_vs_s1_085:signal=31,exploratory_post_hoc_factor_signal_not_ablation,manual_features,15,s1_085,s1_104,4,30042,matched_aggregate_repeat_seed,candidate_minus_reference,0.5138888888888888,0.4351851851851852,-0.07870370370370366,0.4803675856307435,0.4098016781083142,-0.0705659075224293,,,,N/A_probability_level_participant_oof_not_archived,continuous participant-level OOF class probabilities were not archived,False
20260625_2320_overfitting_sweep_stage1_rank2,20260625_2320_overfitting_sweep_stage1_rank2_factor_signals,20260625_2320_overfitting_sweep_stage1_rank2:factor=manual_features:epoch=15:s1_104_vs_s1_085:signal=31,exploratory_post_hoc_factor_signal_not_ablation,manual_features,15,s1_085,s1_104,5,40042,matched_aggregate_repeat_seed,candidate_minus_reference,0.5462962962962963,0.4861111111111111,-0.060185185185185175,0.5473429951690821,0.4767452874869755,-0.07059770768210666,,,,N/A_probability_level_participant_oof_not_archived,continuous participant-level OOF class probabilities were not archived,False
20260625_2320_overfitting_sweep_stage1_rank2,20260625_2320_overfitting_sweep_stage1_rank2_factor_signals,20260625_2320_overfitting_sweep_stage1_rank2:factor=manual_loss:epoch=15:s1_125_vs_s1_085:signal=32,exploratory_post_hoc_factor_signal_not_ablation,manual_loss,15,s1_085,s1_125,1,42,matched_aggregate_repeat_seed,candidate_minus_reference,0.4629629629629629,0.4861111111111111,0.023148148148148195,0.4605887939221272,0.4519632414369257,-0.008625552485201526,,,,N/A_probability_level_participant_oof_not_archived,continuous participant-level OOF class probabilities were not archived,False
20260625_2320_overfitting_sweep_stage1_rank2,20260625_2320_overfitting_sweep_stage1_rank2_factor_signals,20260625_2320_overfitting_sweep_stage1_rank2:factor=manual_loss:epoch=15:s1_125_vs_s1_085:signal=32,exploratory_post_hoc_factor_signal_not_ablation,manual_loss,15,s1_085,s1_125,2,10042,matched_aggregate_repeat_seed,candidate_minus_reference,0.5138888888888888,0.3657407407407407,-0.14814814814814814,0.5155555555555554,0.3457284515636918,-0.16982710399186363,,,,N/A_probability_level_participant_oof_not_archived,continuous participant-level OOF class probabilities were not archived,False
20260625_2320_overfitting_sweep_stage1_rank2,20260625_2320_overfitting_sweep_stage1_rank2_factor_signals,20260625_2320_overfitting_sweep_stage1_rank2:factor=manual_loss:epoch=15:s1_125_vs_s1_085:signal=32,exploratory_post_hoc_factor_signal_not_ablation,manual_loss,15,s1_085,s1_125,3,20042,matched_aggregate_repeat_seed,candidate_minus_reference,0.4074074074074074,0.3287037037037037,-0.07870370370370366,0.3990067903111381,0.2976190476190476,-0.1013877426920905,,,,N/A_probability_level_participant_oof_not_archived,continuous participant-level OOF class probabilities were not archived,False
20260625_2320_overfitting_sweep_stage1_rank2,20260625_2320_overfitting_sweep_stage1_rank2_factor_signals,20260625_2320_overfitting_sweep_stage1_rank2:factor=manual_loss:epoch=15:s1_125_vs_s1_085:signal=32,exploratory_post_hoc_factor_signal_not_ablation,manual_loss,15,s1_085,s1_125,4,30042,matched_aggregate_repeat_seed,candidate_minus_reference,0.5138888888888888,0.4722222222222221,-0.04166666666666674,0.4803675856307435,0.4424603174603174,-0.03790726817042611,,,,N/A_probability_level_participant_oof_not_archived,continuous participant-level OOF class probabilities were not archived,False
20260625_2320_overfitting_sweep_stage1_rank2,20260625_2320_overfitting_sweep_stage1_rank2_factor_signals,20260625_2320_overfitting_sweep_stage1_rank2:factor=manual_loss:epoch=15:s1_125_vs_s1_085:signal=32,exploratory_post_hoc_factor_signal_not_ablation,manual_loss,15,s1_085,s1_125,5,40042,matched_aggregate_repeat_seed,candidate_minus_reference,0.5462962962962963,0.4212962962962963,-0.125,0.5473429951690821,0.4163806254767353,-0.13096236969234681,,,,N/A_probability_level_participant_oof_not_archived,continuous participant-level OOF class probabilities were not archived,False
20260625_2320_overfitting_sweep_stage1_rank2,20260625_2320_overfitting_sweep_stage1_rank2_factor_signals,20260625_2320_overfitting_sweep_stage1_rank2:factor=max_windows_fraction:epoch=15:s1_099_vs_s1_085:signal=33,exploratory_post_hoc_factor_signal_not_ablation,max_windows_fraction,15,s1_085,s1_099,1,42,matched_aggregate_repeat_seed,candidate_minus_reference,0.4629629629629629,0.6064814814814815,0.1435185185185186,0.4605887939221272,0.5892857142857143,0.1286969203635871,,,,N/A_probability_level_participant_oof_not_archived,continuous participant-level OOF class probabilities were not archived,False
20260625_2320_overfitting_sweep_stage1_rank2,20260625_2320_overfitting_sweep_stage1_rank2_factor_signals,20260625_2320_overfitting_sweep_stage1_rank2:factor=max_windows_fraction:epoch=15:s1_099_vs_s1_085:signal=33,exploratory_post_hoc_factor_signal_not_ablation,max_windows_fraction,15,s1_085,s1_099,2,10042,matched_aggregate_repeat_seed,candidate_minus_reference,0.5138888888888888,0.5138888888888888,0.0,0.5155555555555554,0.5095238095238096,-0.006031746031745833,,,,N/A_probability_level_participant_oof_not_archived,continuous participant-level OOF class probabilities were not archived,False
20260625_2320_overfitting_sweep_stage1_rank2,20260625_2320_overfitting_sweep_stage1_rank2_factor_signals,20260625_2320_overfitting_sweep_stage1_rank2:factor=max_windows_fraction:epoch=15:s1_099_vs_s1_085:signal=33,exploratory_post_hoc_factor_signal_not_ablation,max_windows_fraction,15,s1_085,s1_099,3,20042,matched_aggregate_repeat_seed,candidate_minus_reference,0.4074074074074074,0.5231481481481481,0.11574074074074076,0.3990067903111381,0.5100069013112492,0.11100011100011103,,,,N/A_probability_level_participant_oof_not_archived,continuous participant-level OOF class probabilities were not archived,False
20260625_2320_overfitting_sweep_stage1_rank2,20260625_2320_overfitting_sweep_stage1_rank2_factor_signals,20260625_2320_overfitting_sweep_stage1_rank2:factor=max_windows_fraction:epoch=15:s1_099_vs_s1_085:signal=33,exploratory_post_hoc_factor_signal_not_ablation,max_windows_fraction,15,s1_085,s1_099,4,30042,matched_aggregate_repeat_seed,candidate_minus_reference,0.5138888888888888,0.6481481481481481,0.1342592592592593,0.4803675856307435,0.6287878787878788,0.14842029315713529,,,,N/A_probability_level_participant_oof_not_archived,continuous participant-level OOF class probabilities were not archived,False
20260625_2320_overfitting_sweep_stage1_rank2,20260625_2320_overfitting_sweep_stage1_rank2_factor_signals,20260625_2320_overfitting_sweep_stage1_rank2:factor=max_windows_fraction:epoch=15:s1_099_vs_s1_085:signal=33,exploratory_post_hoc_factor_signal_not_ablation,max_windows_fraction,15,s1_085,s1_099,5,40042,matched_aggregate_repeat_seed,candidate_minus_reference,0.5462962962962963,0.5740740740740741,0.02777777777777779,0.5473429951690821,0.5762962962962962,0.02895330112721406,,,,N/A_probability_level_participant_oof_not_archived,continuous participant-level OOF class probabilities were not archived,False
20260625_2320_overfitting_sweep_stage1_rank2,20260625_2320_overfitting_sweep_stage1_rank2_factor_signals,20260625_2320_overfitting_sweep_stage1_rank2:factor=sqi_aggregation:epoch=15:s1_122_vs_s1_085:signal=34,exploratory_post_hoc_factor_signal_not_ablation,sqi_aggregation,15,s1_085,s1_122,1,42,matched_aggregate_repeat_seed,candidate_minus_reference,0.4629629629629629,0.6990740740740741,0.23611111111111116,0.4605887939221272,0.6883116883116882,0.227722894389561,,,,N/A_probability_level_participant_oof_not_archived,continuous participant-level OOF class probabilities were not archived,False
20260625_2320_overfitting_sweep_stage1_rank2,20260625_2320_overfitting_sweep_stage1_rank2_factor_signals,20260625_2320_overfitting_sweep_stage1_rank2:factor=sqi_aggregation:epoch=15:s1_122_vs_s1_085:signal=34,exploratory_post_hoc_factor_signal_not_ablation,sqi_aggregation,15,s1_085,s1_122,2,10042,matched_aggregate_repeat_seed,candidate_minus_reference,0.5138888888888888,0.5277777777777778,0.01388888888888895,0.5155555555555554,0.5223171889838556,0.006761633428300162,,,,N/A_probability_level_participant_oof_not_archived,continuous participant-level OOF class probabilities were not archived,False
20260625_2320_overfitting_sweep_stage1_rank2,20260625_2320_overfitting_sweep_stage1_rank2_factor_signals,20260625_2320_overfitting_sweep_stage1_rank2:factor=sqi_aggregation:epoch=15:s1_122_vs_s1_085:signal=34,exploratory_post_hoc_factor_signal_not_ablation,sqi_aggregation,15,s1_085,s1_122,3,20042,matched_aggregate_repeat_seed,candidate_minus_reference,0.4074074074074074,0.5925925925925926,0.18518518518518517,0.3990067903111381,0.5793650793650794,0.1803582890539413,,,,N/A_probability_level_participant_oof_not_archived,continuous participant-level OOF class probabilities were not archived,False
20260625_2320_overfitting_sweep_stage1_rank2,20260625_2320_overfitting_sweep_stage1_rank2_factor_signals,20260625_2320_overfitting_sweep_stage1_rank2:factor=sqi_aggregation:epoch=15:s1_122_vs_s1_085:signal=34,exploratory_post_hoc_factor_signal_not_ablation,sqi_aggregation,15,s1_085,s1_122,4,30042,matched_aggregate_repeat_seed,candidate_minus_reference,0.5138888888888888,0.611111111111111,0.09722222222222221,0.4803675856307435,0.6178266178266177,0.13745903219587424,,,,N/A_probability_level_participant_oof_not_archived,continuous participant-level OOF class probabilities were not archived,False
20260625_2320_overfitting_sweep_stage1_rank2,20260625_2320_overfitting_sweep_stage1_rank2_factor_signals,20260625_2320_overfitting_sweep_stage1_rank2:factor=sqi_aggregation:epoch=15:s1_122_vs_s1_085:signal=34,exploratory_post_hoc_factor_signal_not_ablation,sqi_aggregation,15,s1_085,s1_122,5,40042,matched_aggregate_repeat_seed,candidate_minus_reference,0.5462962962962963,0.6203703703703703,0.07407407407407407,0.5473429951690821,0.6121212121212122,0.06477821695213004,,,,N/A_probability_level_participant_oof_not_archived,continuous participant-level OOF class probabilities were not archived,False
20260625_2320_overfitting_sweep_stage1_rank2,20260625_2320_overfitting_sweep_stage1_rank2_factor_signals,20260625_2320_overfitting_sweep_stage1_rank2:factor=sqi_mode:epoch=15:s1_102_vs_s1_085:signal=35,exploratory_post_hoc_factor_signal_not_ablation,sqi_mode,15,s1_085,s1_102,1,42,matched_aggregate_repeat_seed,candidate_minus_reference,0.4629629629629629,0.6435185185185185,0.18055555555555558,0.4605887939221272,0.6207729468599034,0.16018415293777616,,,,N/A_probability_level_participant_oof_not_archived,continuous participant-level OOF class probabilities were not archived,False
20260625_2320_overfitting_sweep_stage1_rank2,20260625_2320_overfitting_sweep_stage1_rank2_factor_signals,20260625_2320_overfitting_sweep_stage1_rank2:factor=sqi_mode:epoch=15:s1_102_vs_s1_085:signal=35,exploratory_post_hoc_factor_signal_not_ablation,sqi_mode,15,s1_085,s1_102,2,10042,matched_aggregate_repeat_seed,candidate_minus_reference,0.5138888888888888,0.611111111111111,0.09722222222222221,0.5155555555555554,0.6133333333333333,0.09777777777777785,,,,N/A_probability_level_participant_oof_not_archived,continuous participant-level OOF class probabilities were not archived,False
20260625_2320_overfitting_sweep_stage1_rank2,20260625_2320_overfitting_sweep_stage1_rank2_factor_signals,20260625_2320_overfitting_sweep_stage1_rank2:factor=sqi_mode:epoch=15:s1_102_vs_s1_085:signal=35,exploratory_post_hoc_factor_signal_not_ablation,sqi_mode,15,s1_085,s1_102,3,20042,matched_aggregate_repeat_seed,candidate_minus_reference,0.4074074074074074,0.5925925925925926,0.18518518518518517,0.3990067903111381,0.5793650793650794,0.1803582890539413,,,,N/A_probability_level_participant_oof_not_archived,continuous participant-level OOF class probabilities were not archived,False
20260625_2320_overfitting_sweep_stage1_rank2,20260625_2320_overfitting_sweep_stage1_rank2_factor_signals,20260625_2320_overfitting_sweep_stage1_rank2:factor=sqi_mode:epoch=15:s1_102_vs_s1_085:signal=35,exploratory_post_hoc_factor_signal_not_ablation,sqi_mode,15,s1_085,s1_102,4,30042,matched_aggregate_repeat_seed,candidate_minus_reference,0.5138888888888888,0.611111111111111,0.09722222222222221,0.4803675856307435,0.6133333333333333,0.1329657477025898,,,,N/A_probability_level_participant_oof_not_archived,continuous participant-level OOF class probabilities were not archived,False
20260625_2320_overfitting_sweep_stage1_rank2,20260625_2320_overfitting_sweep_stage1_rank2_factor_signals,20260625_2320_overfitting_sweep_stage1_rank2:factor=sqi_mode:epoch=15:s1_102_vs_s1_085:signal=35,exploratory_post_hoc_factor_signal_not_ablation,sqi_mode,15,s1_085,s1_102,5,40042,matched_aggregate_repeat_seed,candidate_minus_reference,0.5462962962962963,0.5925925925925926,0.04629629629629628,0.5473429951690821,0.5793650793650794,0.03202208419599728,,,,N/A_probability_level_participant_oof_not_archived,continuous participant-level OOF class probabilities were not archived,False
20260625_2320_overfitting_sweep_stage1_rank2,20260625_2320_overfitting_sweep_stage1_rank2_factor_signals,20260625_2320_overfitting_sweep_stage1_rank2:factor=weight_decay:epoch=15:s1_086_vs_s1_085:signal=36,exploratory_post_hoc_factor_signal_not_ablation,weight_decay,15,s1_085,s1_086,1,42,matched_aggregate_repeat_seed,candidate_minus_reference,0.4629629629629629,0.5555555555555555,0.09259259259259256,0.4605887939221272,0.5555555555555555,0.09496676163342826,,,,N/A_probability_level_participant_oof_not_archived,continuous participant-level OOF class probabilities were not archived,False
20260625_2320_overfitting_sweep_stage1_rank2,20260625_2320_overfitting_sweep_stage1_rank2_factor_signals,20260625_2320_overfitting_sweep_stage1_rank2:factor=weight_decay:epoch=15:s1_086_vs_s1_085:signal=36,exploratory_post_hoc_factor_signal_not_ablation,weight_decay,15,s1_085,s1_086,2,10042,matched_aggregate_repeat_seed,candidate_minus_reference,0.5138888888888888,0.5138888888888888,0.0,0.5155555555555554,0.5133834586466165,-0.0021720969089389364,,,,N/A_probability_level_participant_oof_not_archived,continuous participant-level OOF class probabilities were not archived,False
20260625_2320_overfitting_sweep_stage1_rank2,20260625_2320_overfitting_sweep_stage1_rank2_factor_signals,20260625_2320_overfitting_sweep_stage1_rank2:factor=weight_decay:epoch=15:s1_086_vs_s1_085:signal=36,exploratory_post_hoc_factor_signal_not_ablation,weight_decay,15,s1_085,s1_086,3,20042,matched_aggregate_repeat_seed,candidate_minus_reference,0.4074074074074074,0.4444444444444444,0.037037037037037035,0.3990067903111381,0.4285714285714285,0.029564638260290377,,,,N/A_probability_level_participant_oof_not_archived,continuous participant-level OOF class probabilities were not archived,False
20260625_2320_overfitting_sweep_stage1_rank2,20260625_2320_overfitting_sweep_stage1_rank2_factor_signals,20260625_2320_overfitting_sweep_stage1_rank2:factor=weight_decay:epoch=15:s1_086_vs_s1_085:signal=36,exploratory_post_hoc_factor_signal_not_ablation,weight_decay,15,s1_085,s1_086,4,30042,matched_aggregate_repeat_seed,candidate_minus_reference,0.5138888888888888,0.5740740740740741,0.06018518518518523,0.4803675856307435,0.5526315789473684,0.07226399331662486,,,,N/A_probability_level_participant_oof_not_archived,continuous participant-level OOF class probabilities were not archived,False
20260625_2320_overfitting_sweep_stage1_rank2,20260625_2320_overfitting_sweep_stage1_rank2_factor_signals,20260625_2320_overfitting_sweep_stage1_rank2:factor=weight_decay:epoch=15:s1_086_vs_s1_085:signal=36,exploratory_post_hoc_factor_signal_not_ablation,weight_decay,15,s1_085,s1_086,5,40042,matched_aggregate_repeat_seed,candidate_minus_reference,0.5462962962962963,0.6759259259259259,0.12962962962962965,0.5473429951690821,0.6579416455577447,0.11059865038866257,,,,N/A_probability_level_participant_oof_not_archived,continuous participant-level OOF class probabilities were not archived,False
