source_study,parameter_group,parameter,subset_contract,parameter_value,model,plot_category,config_id,repeat,split_seed,subject_balanced_accuracy,subject_macro_f1,subject_macro_roc_auc_ovr,macro_roc_auc_ovr_applicability,observation_unit,independence_warning
20260625_2320_overfitting_sweep_stage1_rank2,optimization_and_regularization,loss_type,all_archived_config_repeats,weighted_ce,inception_time,weighted_ce,s1_001,1,42,0.5416666666666666,0.5400501253132832,,N/A_continuous_participant_oof_probabilities_not_archived,archived_config_repeat_summary,rows share participants and many configurations; boxplots are descriptive
20260625_2320_overfitting_sweep_stage1_rank2,optimization_and_regularization,loss_type,all_archived_config_repeats,weighted_ce,inception_time,weighted_ce,s1_001,2,10042,0.4259259259259259,0.4229595728451563,,N/A_continuous_participant_oof_probabilities_not_archived,archived_config_repeat_summary,rows share participants and many configurations; boxplots are descriptive
20260625_2320_overfitting_sweep_stage1_rank2,optimization_and_regularization,loss_type,all_archived_config_repeats,weighted_ce,inception_time,weighted_ce,s1_001,3,20042,0.5,0.4814814814814814,,N/A_continuous_participant_oof_probabilities_not_archived,archived_config_repeat_summary,rows share participants and many configurations; boxplots are descriptive
20260625_2320_overfitting_sweep_stage1_rank2,optimization_and_regularization,loss_type,all_archived_config_repeats,weighted_ce,inception_time,weighted_ce,s1_001,4,30042,0.5833333333333334,0.584920634920635,,N/A_continuous_participant_oof_probabilities_not_archived,archived_config_repeat_summary,rows share participants and many configurations; boxplots are descriptive
20260625_2320_overfitting_sweep_stage1_rank2,optimization_and_regularization,loss_type,all_archived_config_repeats,weighted_ce,inception_time,weighted_ce,s1_001,5,40042,0.5972222222222222,0.5945165945165946,,N/A_continuous_participant_oof_probabilities_not_archived,archived_config_repeat_summary,rows share participants and many configurations; boxplots are descriptive
20260625_2320_overfitting_sweep_stage1_rank2,optimization_and_regularization,loss_type,all_archived_config_repeats,weighted_ce,inception_time,weighted_ce,s1_002,1,42,0.611111111111111,0.6182001005530418,,N/A_continuous_participant_oof_probabilities_not_archived,archived_config_repeat_summary,rows share participants and many configurations; boxplots are descriptive
20260625_2320_overfitting_sweep_stage1_rank2,optimization_and_regularization,loss_type,all_archived_config_repeats,weighted_ce,inception_time,weighted_ce,s1_002,2,10042,0.4629629629629629,0.4577200577200577,,N/A_continuous_participant_oof_probabilities_not_archived,archived_config_repeat_summary,rows share participants and many configurations; boxplots are descriptive
20260625_2320_overfitting_sweep_stage1_rank2,optimization_and_regularization,loss_type,all_archived_config_repeats,weighted_ce,inception_time,weighted_ce,s1_002,3,20042,0.5740740740740741,0.5396378647152641,,N/A_continuous_participant_oof_probabilities_not_archived,archived_config_repeat_summary,rows share participants and many configurations; boxplots are descriptive
20260625_2320_overfitting_sweep_stage1_rank2,optimization_and_regularization,loss_type,all_archived_config_repeats,weighted_ce,inception_time,weighted_ce,s1_002,4,30042,0.5833333333333334,0.584920634920635,,N/A_continuous_participant_oof_probabilities_not_archived,archived_config_repeat_summary,rows share participants and many configurations; boxplots are descriptive
20260625_2320_overfitting_sweep_stage1_rank2,optimization_and_regularization,loss_type,all_archived_config_repeats,weighted_ce,inception_time,weighted_ce,s1_002,5,40042,0.5972222222222222,0.5945165945165946,,N/A_continuous_participant_oof_probabilities_not_archived,archived_config_repeat_summary,rows share participants and many configurations; boxplots are descriptive
20260625_2320_overfitting_sweep_stage1_rank2,optimization_and_regularization,loss_type,all_archived_config_repeats,weighted_ce,inception_time,weighted_ce,s1_003,1,42,0.6620370370370371,0.6537878787878788,,N/A_continuous_participant_oof_probabilities_not_archived,archived_config_repeat_summary,rows share participants and many configurations; boxplots are descriptive
20260625_2320_overfitting_sweep_stage1_rank2,optimization_and_regularization,loss_type,all_archived_config_repeats,weighted_ce,inception_time,weighted_ce,s1_003,2,10042,0.4629629629629629,0.4577200577200577,,N/A_continuous_participant_oof_probabilities_not_archived,archived_config_repeat_summary,rows share participants and many configurations; boxplots are descriptive
20260625_2320_overfitting_sweep_stage1_rank2,optimization_and_regularization,loss_type,all_archived_config_repeats,weighted_ce,inception_time,weighted_ce,s1_003,3,20042,0.5370370370370371,0.5124183006535947,,N/A_continuous_participant_oof_probabilities_not_archived,archived_config_repeat_summary,rows share participants and many configurations; boxplots are descriptive
20260625_2320_overfitting_sweep_stage1_rank2,optimization_and_regularization,loss_type,all_archived_config_repeats,weighted_ce,inception_time,weighted_ce,s1_003,4,30042,0.5555555555555555,0.5548654244306418,,N/A_continuous_participant_oof_probabilities_not_archived,archived_config_repeat_summary,rows share participants and many configurations; boxplots are descriptive
20260625_2320_overfitting_sweep_stage1_rank2,optimization_and_regularization,loss_type,all_archived_config_repeats,weighted_ce,inception_time,weighted_ce,s1_003,5,40042,0.6342592592592592,0.6248196248196248,,N/A_continuous_participant_oof_probabilities_not_archived,archived_config_repeat_summary,rows share participants and many configurations; boxplots are descriptive
20260625_2320_overfitting_sweep_stage1_rank2,optimization_and_regularization,loss_type,all_archived_config_repeats,weighted_ce,inception_time,weighted_ce,s1_004,1,42,0.5740740740740741,0.576078431372549,,N/A_continuous_participant_oof_probabilities_not_archived,archived_config_repeat_summary,rows share participants and many configurations; boxplots are descriptive
20260625_2320_overfitting_sweep_stage1_rank2,optimization_and_regularization,loss_type,all_archived_config_repeats,weighted_ce,inception_time,weighted_ce,s1_004,2,10042,0.4212962962962963,0.4175293305728088,,N/A_continuous_participant_oof_probabilities_not_archived,archived_config_repeat_summary,rows share participants and many configurations; boxplots are descriptive
20260625_2320_overfitting_sweep_stage1_rank2,optimization_and_regularization,loss_type,all_archived_config_repeats,weighted_ce,inception_time,weighted_ce,s1_004,3,20042,0.6018518518518519,0.5739893211289092,,N/A_continuous_participant_oof_probabilities_not_archived,archived_config_repeat_summary,rows share participants and many configurations; boxplots are descriptive
20260625_2320_overfitting_sweep_stage1_rank2,optimization_and_regularization,loss_type,all_archived_config_repeats,weighted_ce,inception_time,weighted_ce,s1_004,4,30042,0.5,0.4882539682539682,,N/A_continuous_participant_oof_probabilities_not_archived,archived_config_repeat_summary,rows share participants and many configurations; boxplots are descriptive
20260625_2320_overfitting_sweep_stage1_rank2,optimization_and_regularization,loss_type,all_archived_config_repeats,weighted_ce,inception_time,weighted_ce,s1_004,5,40042,0.6342592592592592,0.6248196248196248,,N/A_continuous_participant_oof_probabilities_not_archived,archived_config_repeat_summary,rows share participants and many configurations; boxplots are descriptive
20260625_2320_overfitting_sweep_stage1_rank2,optimization_and_regularization,loss_type,all_archived_config_repeats,weighted_ce,inception_time,weighted_ce,s1_005,1,42,0.6574074074074074,0.6473429951690822,,N/A_continuous_participant_oof_probabilities_not_archived,archived_config_repeat_summary,rows share participants and many configurations; boxplots are descriptive
20260625_2320_overfitting_sweep_stage1_rank2,optimization_and_regularization,loss_type,all_archived_config_repeats,weighted_ce,inception_time,weighted_ce,s1_005,2,10042,0.4212962962962963,0.4175293305728088,,N/A_continuous_participant_oof_probabilities_not_archived,archived_config_repeat_summary,rows share participants and many configurations; boxplots are descriptive
20260625_2320_overfitting_sweep_stage1_rank2,optimization_and_regularization,loss_type,all_archived_config_repeats,weighted_ce,inception_time,weighted_ce,s1_005,3,20042,0.5092592592592592,0.4742471151139882,,N/A_continuous_participant_oof_probabilities_not_archived,archived_config_repeat_summary,rows share participants and many configurations; boxplots are descriptive
20260625_2320_overfitting_sweep_stage1_rank2,optimization_and_regularization,loss_type,all_archived_config_repeats,weighted_ce,inception_time,weighted_ce,s1_005,4,30042,0.5555555555555555,0.5622710622710623,,N/A_continuous_participant_oof_probabilities_not_archived,archived_config_repeat_summary,rows share participants and many configurations; boxplots are descriptive
20260625_2320_overfitting_sweep_stage1_rank2,optimization_and_regularization,loss_type,all_archived_config_repeats,weighted_ce,inception_time,weighted_ce,s1_005,5,40042,0.5694444444444444,0.5575396825396824,,N/A_continuous_participant_oof_probabilities_not_archived,archived_config_repeat_summary,rows share participants and many configurations; boxplots are descriptive
20260625_2320_overfitting_sweep_stage1_rank2,optimization_and_regularization,loss_type,all_archived_config_repeats,weighted_ce,inception_time,weighted_ce,s1_006,1,42,0.6435185185185185,0.6527777777777777,,N/A_continuous_participant_oof_probabilities_not_archived,archived_config_repeat_summary,rows share participants and many configurations; boxplots are descriptive
20260625_2320_overfitting_sweep_stage1_rank2,optimization_and_regularization,loss_type,all_archived_config_repeats,weighted_ce,inception_time,weighted_ce,s1_006,2,10042,0.4490740740740741,0.4484126984126984,,N/A_continuous_participant_oof_probabilities_not_archived,archived_config_repeat_summary,rows share participants and many configurations; boxplots are descriptive
20260625_2320_overfitting_sweep_stage1_rank2,optimization_and_regularization,loss_type,all_archived_config_repeats,weighted_ce,inception_time,weighted_ce,s1_006,3,20042,0.4490740740740741,0.4476608187134503,,N/A_continuous_participant_oof_probabilities_not_archived,archived_config_repeat_summary,rows share participants and many configurations; boxplots are descriptive
20260625_2320_overfitting_sweep_stage1_rank2,optimization_and_regularization,loss_type,all_archived_config_repeats,weighted_ce,inception_time,weighted_ce,s1_006,4,30042,0.5833333333333334,0.584920634920635,,N/A_continuous_participant_oof_probabilities_not_archived,archived_config_repeat_summary,rows share participants and many configurations; boxplots are descriptive
20260625_2320_overfitting_sweep_stage1_rank2,optimization_and_regularization,loss_type,all_archived_config_repeats,weighted_ce,inception_time,weighted_ce,s1_006,5,40042,0.5462962962962963,0.5473429951690821,,N/A_continuous_participant_oof_probabilities_not_archived,archived_config_repeat_summary,rows share participants and many configurations; boxplots are descriptive
20260625_2320_overfitting_sweep_stage1_rank2,optimization_and_regularization,loss_type,all_archived_config_repeats,weighted_ce,inception_time,weighted_ce,s1_007,1,42,0.412037037037037,0.3778621125869703,,N/A_continuous_participant_oof_probabilities_not_archived,archived_config_repeat_summary,rows share participants and many configurations; boxplots are descriptive
20260625_2320_overfitting_sweep_stage1_rank2,optimization_and_regularization,loss_type,all_archived_config_repeats,weighted_ce,inception_time,weighted_ce,s1_007,2,10042,0.4861111111111111,0.4782608695652173,,N/A_continuous_participant_oof_probabilities_not_archived,archived_config_repeat_summary,rows share participants and many configurations; boxplots are descriptive
20260625_2320_overfitting_sweep_stage1_rank2,optimization_and_regularization,loss_type,all_archived_config_repeats,weighted_ce,inception_time,weighted_ce,s1_007,3,20042,0.4398148148148148,0.4448514448514448,,N/A_continuous_participant_oof_probabilities_not_archived,archived_config_repeat_summary,rows share participants and many configurations; boxplots are descriptive
20260625_2320_overfitting_sweep_stage1_rank2,optimization_and_regularization,loss_type,all_archived_config_repeats,weighted_ce,inception_time,weighted_ce,s1_007,4,30042,0.5231481481481481,0.5379928315412187,,N/A_continuous_participant_oof_probabilities_not_archived,archived_config_repeat_summary,rows share participants and many configurations; boxplots are descriptive
20260625_2320_overfitting_sweep_stage1_rank2,optimization_and_regularization,loss_type,all_archived_config_repeats,weighted_ce,inception_time,weighted_ce,s1_007,5,40042,0.5,0.4841269841269841,,N/A_continuous_participant_oof_probabilities_not_archived,archived_config_repeat_summary,rows share participants and many configurations; boxplots are descriptive
20260625_2320_overfitting_sweep_stage1_rank2,optimization_and_regularization,loss_type,all_archived_config_repeats,weighted_ce,inception_time,weighted_ce,s1_008,1,42,0.5601851851851852,0.5588235294117648,,N/A_continuous_participant_oof_probabilities_not_archived,archived_config_repeat_summary,rows share participants and many configurations; boxplots are descriptive
20260625_2320_overfitting_sweep_stage1_rank2,optimization_and_regularization,loss_type,all_archived_config_repeats,weighted_ce,inception_time,weighted_ce,s1_008,2,10042,0.4583333333333333,0.445021645021645,,N/A_continuous_participant_oof_probabilities_not_archived,archived_config_repeat_summary,rows share participants and many configurations; boxplots are descriptive
20260625_2320_overfitting_sweep_stage1_rank2,optimization_and_regularization,loss_type,all_archived_config_repeats,weighted_ce,inception_time,weighted_ce,s1_008,3,20042,0.5370370370370371,0.5140096618357487,,N/A_continuous_participant_oof_probabilities_not_archived,archived_config_repeat_summary,rows share participants and many configurations; boxplots are descriptive
20260625_2320_overfitting_sweep_stage1_rank2,optimization_and_regularization,loss_type,all_archived_config_repeats,weighted_ce,inception_time,weighted_ce,s1_008,4,30042,0.5879629629629629,0.5910784313725491,,N/A_continuous_participant_oof_probabilities_not_archived,archived_config_repeat_summary,rows share participants and many configurations; boxplots are descriptive
20260625_2320_overfitting_sweep_stage1_rank2,optimization_and_regularization,loss_type,all_archived_config_repeats,weighted_ce,inception_time,weighted_ce,s1_008,5,40042,0.5972222222222222,0.5865546218487395,,N/A_continuous_participant_oof_probabilities_not_archived,archived_config_repeat_summary,rows share participants and many configurations; boxplots are descriptive
20260625_2320_overfitting_sweep_stage1_rank2,optimization_and_regularization,loss_type,all_archived_config_repeats,weighted_ce,inception_time,weighted_ce,s1_009,1,42,0.5462962962962963,0.5585721468074408,,N/A_continuous_participant_oof_probabilities_not_archived,archived_config_repeat_summary,rows share participants and many configurations; boxplots are descriptive
20260625_2320_overfitting_sweep_stage1_rank2,optimization_and_regularization,loss_type,all_archived_config_repeats,weighted_ce,inception_time,weighted_ce,s1_009,2,10042,0.5231481481481481,0.507070707070707,,N/A_continuous_participant_oof_probabilities_not_archived,archived_config_repeat_summary,rows share participants and many configurations; boxplots are descriptive
20260625_2320_overfitting_sweep_stage1_rank2,optimization_and_regularization,loss_type,all_archived_config_repeats,weighted_ce,inception_time,weighted_ce,s1_009,3,20042,0.3611111111111111,0.3603821015585721,,N/A_continuous_participant_oof_probabilities_not_archived,archived_config_repeat_summary,rows share participants and many configurations; boxplots are descriptive
20260625_2320_overfitting_sweep_stage1_rank2,optimization_and_regularization,loss_type,all_archived_config_repeats,weighted_ce,inception_time,weighted_ce,s1_009,4,30042,0.5972222222222222,0.5922136970730322,,N/A_continuous_participant_oof_probabilities_not_archived,archived_config_repeat_summary,rows share participants and many configurations; boxplots are descriptive
20260625_2320_overfitting_sweep_stage1_rank2,optimization_and_regularization,loss_type,all_archived_config_repeats,weighted_ce,inception_time,weighted_ce,s1_009,5,40042,0.5972222222222222,0.5901515151515152,,N/A_continuous_participant_oof_probabilities_not_archived,archived_config_repeat_summary,rows share participants and many configurations; boxplots are descriptive
20260625_2320_overfitting_sweep_stage1_rank2,optimization_and_regularization,loss_type,all_archived_config_repeats,weighted_ce,inception_time,weighted_ce,s1_010,1,42,0.6620370370370371,0.6565656565656566,,N/A_continuous_participant_oof_probabilities_not_archived,archived_config_repeat_summary,rows share participants and many configurations; boxplots are descriptive
20260625_2320_overfitting_sweep_stage1_rank2,optimization_and_regularization,loss_type,all_archived_config_repeats,weighted_ce,inception_time,weighted_ce,s1_010,2,10042,0.5185185185185185,0.5259147869674184,,N/A_continuous_participant_oof_probabilities_not_archived,archived_config_repeat_summary,rows share participants and many configurations; boxplots are descriptive
20260625_2320_overfitting_sweep_stage1_rank2,optimization_and_regularization,loss_type,all_archived_config_repeats,weighted_ce,inception_time,weighted_ce,s1_010,3,20042,0.4583333333333333,0.4424603174603174,,N/A_continuous_participant_oof_probabilities_not_archived,archived_config_repeat_summary,rows share participants and many configurations; boxplots are descriptive
20260625_2320_overfitting_sweep_stage1_rank2,optimization_and_regularization,loss_type,all_archived_config_repeats,weighted_ce,inception_time,weighted_ce,s1_010,4,30042,0.5370370370370371,0.5121212121212121,,N/A_continuous_participant_oof_probabilities_not_archived,archived_config_repeat_summary,rows share participants and many configurations; boxplots are descriptive
20260625_2320_overfitting_sweep_stage1_rank2,optimization_and_regularization,loss_type,all_archived_config_repeats,weighted_ce,inception_time,weighted_ce,s1_010,5,40042,0.5648148148148148,0.5486291486291486,,N/A_continuous_participant_oof_probabilities_not_archived,archived_config_repeat_summary,rows share participants and many configurations; boxplots are descriptive
20260625_2320_overfitting_sweep_stage1_rank2,optimization_and_regularization,loss_type,all_archived_config_repeats,weighted_ce,inception_time,weighted_ce,s1_011,1,42,0.4675925925925925,0.4761904761904762,,N/A_continuous_participant_oof_probabilities_not_archived,archived_config_repeat_summary,rows share participants and many configurations; boxplots are descriptive
20260625_2320_overfitting_sweep_stage1_rank2,optimization_and_regularization,loss_type,all_archived_config_repeats,weighted_ce,inception_time,weighted_ce,s1_011,2,10042,0.4861111111111111,0.4753246753246753,,N/A_continuous_participant_oof_probabilities_not_archived,archived_config_repeat_summary,rows share participants and many configurations; boxplots are descriptive
20260625_2320_overfitting_sweep_stage1_rank2,optimization_and_regularization,loss_type,all_archived_config_repeats,weighted_ce,inception_time,weighted_ce,s1_011,3,20042,0.5138888888888888,0.5094393592677345,,N/A_continuous_participant_oof_probabilities_not_archived,archived_config_repeat_summary,rows share participants and many configurations; boxplots are descriptive
20260625_2320_overfitting_sweep_stage1_rank2,optimization_and_regularization,loss_type,all_archived_config_repeats,weighted_ce,inception_time,weighted_ce,s1_011,4,30042,0.5555555555555555,0.55007215007215,,N/A_continuous_participant_oof_probabilities_not_archived,archived_config_repeat_summary,rows share participants and many configurations; boxplots are descriptive
20260625_2320_overfitting_sweep_stage1_rank2,optimization_and_regularization,loss_type,all_archived_config_repeats,weighted_ce,inception_time,weighted_ce,s1_011,5,40042,0.5416666666666666,0.5198879551820729,,N/A_continuous_participant_oof_probabilities_not_archived,archived_config_repeat_summary,rows share participants and many configurations; boxplots are descriptive
20260625_2320_overfitting_sweep_stage1_rank2,optimization_and_regularization,loss_type,all_archived_config_repeats,weighted_ce,inception_time,weighted_ce,s1_012,1,42,0.5555555555555556,0.5481146304675716,,N/A_continuous_participant_oof_probabilities_not_archived,archived_config_repeat_summary,rows share participants and many configurations; boxplots are descriptive
20260625_2320_overfitting_sweep_stage1_rank2,optimization_and_regularization,loss_type,all_archived_config_repeats,weighted_ce,inception_time,weighted_ce,s1_012,2,10042,0.5138888888888888,0.5095238095238096,,N/A_continuous_participant_oof_probabilities_not_archived,archived_config_repeat_summary,rows share participants and many configurations; boxplots are descriptive
20260625_2320_overfitting_sweep_stage1_rank2,optimization_and_regularization,loss_type,all_archived_config_repeats,weighted_ce,inception_time,weighted_ce,s1_012,3,20042,0.4675925925925925,0.4350314288394784,,N/A_continuous_participant_oof_probabilities_not_archived,archived_config_repeat_summary,rows share participants and many configurations; boxplots are descriptive
20260625_2320_overfitting_sweep_stage1_rank2,optimization_and_regularization,loss_type,all_archived_config_repeats,weighted_ce,inception_time,weighted_ce,s1_012,4,30042,0.5833333333333334,0.584920634920635,,N/A_continuous_participant_oof_probabilities_not_archived,archived_config_repeat_summary,rows share participants and many configurations; boxplots are descriptive
20260625_2320_overfitting_sweep_stage1_rank2,optimization_and_regularization,loss_type,all_archived_config_repeats,weighted_ce,inception_time,weighted_ce,s1_012,5,40042,0.5787037037037037,0.5485505206867436,,N/A_continuous_participant_oof_probabilities_not_archived,archived_config_repeat_summary,rows share participants and many configurations; boxplots are descriptive
20260625_2320_overfitting_sweep_stage1_rank2,optimization_and_regularization,loss_type,all_archived_config_repeats,weighted_ce,inception_time,weighted_ce,s1_013,1,42,0.6018518518518519,0.6083333333333333,,N/A_continuous_participant_oof_probabilities_not_archived,archived_config_repeat_summary,rows share participants and many configurations; boxplots are descriptive
20260625_2320_overfitting_sweep_stage1_rank2,optimization_and_regularization,loss_type,all_archived_config_repeats,weighted_ce,inception_time,weighted_ce,s1_013,2,10042,0.4305555555555555,0.4081232492997199,,N/A_continuous_participant_oof_probabilities_not_archived,archived_config_repeat_summary,rows share participants and many configurations; boxplots are descriptive
20260625_2320_overfitting_sweep_stage1_rank2,optimization_and_regularization,loss_type,all_archived_config_repeats,weighted_ce,inception_time,weighted_ce,s1_013,3,20042,0.6064814814814815,0.5828460038986355,,N/A_continuous_participant_oof_probabilities_not_archived,archived_config_repeat_summary,rows share participants and many configurations; boxplots are descriptive
20260625_2320_overfitting_sweep_stage1_rank2,optimization_and_regularization,loss_type,all_archived_config_repeats,weighted_ce,inception_time,weighted_ce,s1_013,4,30042,0.5694444444444444,0.5575396825396824,,N/A_continuous_participant_oof_probabilities_not_archived,archived_config_repeat_summary,rows share participants and many configurations; boxplots are descriptive
20260625_2320_overfitting_sweep_stage1_rank2,optimization_and_regularization,loss_type,all_archived_config_repeats,weighted_ce,inception_time,weighted_ce,s1_013,5,40042,0.5416666666666666,0.5182474903837133,,N/A_continuous_participant_oof_probabilities_not_archived,archived_config_repeat_summary,rows share participants and many configurations; boxplots are descriptive
20260625_2320_overfitting_sweep_stage1_rank2,optimization_and_regularization,loss_type,all_archived_config_repeats,weighted_ce,inception_time,weighted_ce,s1_014,1,42,0.6527777777777778,0.6577777777777777,,N/A_continuous_participant_oof_probabilities_not_archived,archived_config_repeat_summary,rows share participants and many configurations; boxplots are descriptive
20260625_2320_overfitting_sweep_stage1_rank2,optimization_and_regularization,loss_type,all_archived_config_repeats,weighted_ce,inception_time,weighted_ce,s1_014,2,10042,0.5185185185185185,0.5183574879227053,,N/A_continuous_participant_oof_probabilities_not_archived,archived_config_repeat_summary,rows share participants and many configurations; boxplots are descriptive
20260625_2320_overfitting_sweep_stage1_rank2,optimization_and_regularization,loss_type,all_archived_config_repeats,weighted_ce,inception_time,weighted_ce,s1_014,3,20042,0.4537037037037037,0.4499030381383322,,N/A_continuous_participant_oof_probabilities_not_archived,archived_config_repeat_summary,rows share participants and many configurations; boxplots are descriptive
20260625_2320_overfitting_sweep_stage1_rank2,optimization_and_regularization,loss_type,all_archived_config_repeats,weighted_ce,inception_time,weighted_ce,s1_014,4,30042,0.5370370370370371,0.5124183006535947,,N/A_continuous_participant_oof_probabilities_not_archived,archived_config_repeat_summary,rows share participants and many configurations; boxplots are descriptive
20260625_2320_overfitting_sweep_stage1_rank2,optimization_and_regularization,loss_type,all_archived_config_repeats,weighted_ce,inception_time,weighted_ce,s1_014,5,40042,0.4537037037037037,0.4499384294780714,,N/A_continuous_participant_oof_probabilities_not_archived,archived_config_repeat_summary,rows share participants and many configurations; boxplots are descriptive
20260625_2320_overfitting_sweep_stage1_rank2,optimization_and_regularization,loss_type,all_archived_config_repeats,weighted_ce,inception_time,weighted_ce,s1_015,1,42,0.5648148148148148,0.5576259489302967,,N/A_continuous_participant_oof_probabilities_not_archived,archived_config_repeat_summary,rows share participants and many configurations; boxplots are descriptive
20260625_2320_overfitting_sweep_stage1_rank2,optimization_and_regularization,loss_type,all_archived_config_repeats,weighted_ce,inception_time,weighted_ce,s1_015,2,10042,0.3796296296296296,0.3699102829537612,,N/A_continuous_participant_oof_probabilities_not_archived,archived_config_repeat_summary,rows share participants and many configurations; boxplots are descriptive
20260625_2320_overfitting_sweep_stage1_rank2,optimization_and_regularization,loss_type,all_archived_config_repeats,weighted_ce,inception_time,weighted_ce,s1_015,3,20042,0.6157407407407408,0.6143790849673203,,N/A_continuous_participant_oof_probabilities_not_archived,archived_config_repeat_summary,rows share participants and many configurations; boxplots are descriptive
20260625_2320_overfitting_sweep_stage1_rank2,optimization_and_regularization,loss_type,all_archived_config_repeats,weighted_ce,inception_time,weighted_ce,s1_015,4,30042,0.5694444444444444,0.5548085901027077,,N/A_continuous_participant_oof_probabilities_not_archived,archived_config_repeat_summary,rows share participants and many configurations; boxplots are descriptive
20260625_2320_overfitting_sweep_stage1_rank2,optimization_and_regularization,loss_type,all_archived_config_repeats,weighted_ce,inception_time,weighted_ce,s1_015,5,40042,0.5231481481481481,0.5064935064935064,,N/A_continuous_participant_oof_probabilities_not_archived,archived_config_repeat_summary,rows share participants and many configurations; boxplots are descriptive
20260625_2320_overfitting_sweep_stage1_rank2,optimization_and_regularization,loss_type,all_archived_config_repeats,weighted_ce,inception_time,weighted_ce,s1_016,1,42,0.4537037037037037,0.4537037037037037,,N/A_continuous_participant_oof_probabilities_not_archived,archived_config_repeat_summary,rows share participants and many configurations; boxplots are descriptive
20260625_2320_overfitting_sweep_stage1_rank2,optimization_and_regularization,loss_type,all_archived_config_repeats,weighted_ce,inception_time,weighted_ce,s1_016,2,10042,0.4953703703703704,0.4555555555555555,,N/A_continuous_participant_oof_probabilities_not_archived,archived_config_repeat_summary,rows share participants and many configurations; boxplots are descriptive
20260625_2320_overfitting_sweep_stage1_rank2,optimization_and_regularization,loss_type,all_archived_config_repeats,weighted_ce,inception_time,weighted_ce,s1_016,3,20042,0.5138888888888888,0.5064935064935064,,N/A_continuous_participant_oof_probabilities_not_archived,archived_config_repeat_summary,rows share participants and many configurations; boxplots are descriptive
20260625_2320_overfitting_sweep_stage1_rank2,optimization_and_regularization,loss_type,all_archived_config_repeats,weighted_ce,inception_time,weighted_ce,s1_016,4,30042,0.5416666666666666,0.523062558356676,,N/A_continuous_participant_oof_probabilities_not_archived,archived_config_repeat_summary,rows share participants and many configurations; boxplots are descriptive
20260625_2320_overfitting_sweep_stage1_rank2,optimization_and_regularization,loss_type,all_archived_config_repeats,weighted_ce,inception_time,weighted_ce,s1_016,5,40042,0.5694444444444444,0.5548085901027077,,N/A_continuous_participant_oof_probabilities_not_archived,archived_config_repeat_summary,rows share participants and many configurations; boxplots are descriptive
20260625_2320_overfitting_sweep_stage1_rank2,optimization_and_regularization,loss_type,all_archived_config_repeats,weighted_ce,inception_time,weighted_ce,s1_017,1,42,0.6157407407407407,0.5847953216374268,,N/A_continuous_participant_oof_probabilities_not_archived,archived_config_repeat_summary,rows share participants and many configurations; boxplots are descriptive
20260625_2320_overfitting_sweep_stage1_rank2,optimization_and_regularization,loss_type,all_archived_config_repeats,weighted_ce,inception_time,weighted_ce,s1_017,2,10042,0.5,0.4874847374847375,,N/A_continuous_participant_oof_probabilities_not_archived,archived_config_repeat_summary,rows share participants and many configurations; boxplots are descriptive
20260625_2320_overfitting_sweep_stage1_rank2,optimization_and_regularization,loss_type,all_archived_config_repeats,weighted_ce,inception_time,weighted_ce,s1_017,3,20042,0.3425925925925925,0.339626239511823,,N/A_continuous_participant_oof_probabilities_not_archived,archived_config_repeat_summary,rows share participants and many configurations; boxplots are descriptive
20260625_2320_overfitting_sweep_stage1_rank2,optimization_and_regularization,loss_type,all_archived_config_repeats,weighted_ce,inception_time,weighted_ce,s1_017,4,30042,0.6898148148148149,0.68743961352657,,N/A_continuous_participant_oof_probabilities_not_archived,archived_config_repeat_summary,rows share participants and many configurations; boxplots are descriptive
20260625_2320_overfitting_sweep_stage1_rank2,optimization_and_regularization,loss_type,all_archived_config_repeats,weighted_ce,inception_time,weighted_ce,s1_017,5,40042,0.4768518518518518,0.4933333333333333,,N/A_continuous_participant_oof_probabilities_not_archived,archived_config_repeat_summary,rows share participants and many configurations; boxplots are descriptive
20260625_2320_overfitting_sweep_stage1_rank2,optimization_and_regularization,loss_type,all_archived_config_repeats,weighted_ce,inception_time,weighted_ce,s1_018,1,42,0.5416666666666666,0.5400501253132832,,N/A_continuous_participant_oof_probabilities_not_archived,archived_config_repeat_summary,rows share participants and many configurations; boxplots are descriptive
20260625_2320_overfitting_sweep_stage1_rank2,optimization_and_regularization,loss_type,all_archived_config_repeats,weighted_ce,inception_time,weighted_ce,s1_018,2,10042,0.5231481481481481,0.5097105508870214,,N/A_continuous_participant_oof_probabilities_not_archived,archived_config_repeat_summary,rows share participants and many configurations; boxplots are descriptive
20260625_2320_overfitting_sweep_stage1_rank2,optimization_and_regularization,loss_type,all_archived_config_repeats,weighted_ce,inception_time,weighted_ce,s1_018,3,20042,0.4537037037037037,0.4523809523809524,,N/A_continuous_participant_oof_probabilities_not_archived,archived_config_repeat_summary,rows share participants and many configurations; boxplots are descriptive
20260625_2320_overfitting_sweep_stage1_rank2,optimization_and_regularization,loss_type,all_archived_config_repeats,weighted_ce,inception_time,weighted_ce,s1_018,4,30042,0.6064814814814815,0.6171802054154996,,N/A_continuous_participant_oof_probabilities_not_archived,archived_config_repeat_summary,rows share participants and many configurations; boxplots are descriptive
20260625_2320_overfitting_sweep_stage1_rank2,optimization_and_regularization,loss_type,all_archived_config_repeats,weighted_ce,inception_time,weighted_ce,s1_018,5,40042,0.5277777777777778,0.5223171889838556,,N/A_continuous_participant_oof_probabilities_not_archived,archived_config_repeat_summary,rows share participants and many configurations; boxplots are descriptive
20260625_2320_overfitting_sweep_stage1_rank2,optimization_and_regularization,loss_type,all_archived_config_repeats,weighted_ce,inception_time,weighted_ce,s1_019,1,42,0.5879629629629629,0.5866013071895425,,N/A_continuous_participant_oof_probabilities_not_archived,archived_config_repeat_summary,rows share participants and many configurations; boxplots are descriptive
20260625_2320_overfitting_sweep_stage1_rank2,optimization_and_regularization,loss_type,all_archived_config_repeats,weighted_ce,inception_time,weighted_ce,s1_019,2,10042,0.5277777777777778,0.5197691197691198,,N/A_continuous_participant_oof_probabilities_not_archived,archived_config_repeat_summary,rows share participants and many configurations; boxplots are descriptive
20260625_2320_overfitting_sweep_stage1_rank2,optimization_and_regularization,loss_type,all_archived_config_repeats,weighted_ce,inception_time,weighted_ce,s1_019,3,20042,0.4583333333333333,0.4414565826330532,,N/A_continuous_participant_oof_probabilities_not_archived,archived_config_repeat_summary,rows share participants and many configurations; boxplots are descriptive
20260625_2320_overfitting_sweep_stage1_rank2,optimization_and_regularization,loss_type,all_archived_config_repeats,weighted_ce,inception_time,weighted_ce,s1_019,4,30042,0.5833333333333334,0.5838509316770186,,N/A_continuous_participant_oof_probabilities_not_archived,archived_config_repeat_summary,rows share participants and many configurations; boxplots are descriptive
20260625_2320_overfitting_sweep_stage1_rank2,optimization_and_regularization,loss_type,all_archived_config_repeats,weighted_ce,inception_time,weighted_ce,s1_019,5,40042,0.6342592592592592,0.6248196248196248,,N/A_continuous_participant_oof_probabilities_not_archived,archived_config_repeat_summary,rows share participants and many configurations; boxplots are descriptive
20260625_2320_overfitting_sweep_stage1_rank2,optimization_and_regularization,loss_type,all_archived_config_repeats,weighted_ce,inception_time,weighted_ce,s1_020,1,42,0.3564814814814814,0.3358664039778591,,N/A_continuous_participant_oof_probabilities_not_archived,archived_config_repeat_summary,rows share participants and many configurations; boxplots are descriptive
20260625_2320_overfitting_sweep_stage1_rank2,optimization_and_regularization,loss_type,all_archived_config_repeats,weighted_ce,inception_time,weighted_ce,s1_020,2,10042,0.4305555555555555,0.4187742729942219,,N/A_continuous_participant_oof_probabilities_not_archived,archived_config_repeat_summary,rows share participants and many configurations; boxplots are descriptive
20260625_2320_overfitting_sweep_stage1_rank2,optimization_and_regularization,loss_type,all_archived_config_repeats,weighted_ce,inception_time,weighted_ce,s1_020,3,20042,0.3935185185185185,0.379558586719712,,N/A_continuous_participant_oof_probabilities_not_archived,archived_config_repeat_summary,rows share participants and many configurations; boxplots are descriptive
20260625_2320_overfitting_sweep_stage1_rank2,optimization_and_regularization,loss_type,all_archived_config_repeats,weighted_ce,inception_time,weighted_ce,s1_020,4,30042,0.3935185185185185,0.3796296296296296,,N/A_continuous_participant_oof_probabilities_not_archived,archived_config_repeat_summary,rows share participants and many configurations; boxplots are descriptive
20260625_2320_overfitting_sweep_stage1_rank2,optimization_and_regularization,loss_type,all_archived_config_repeats,weighted_ce,inception_time,weighted_ce,s1_020,5,40042,0.4166666666666667,0.4107227432035616,,N/A_continuous_participant_oof_probabilities_not_archived,archived_config_repeat_summary,rows share participants and many configurations; boxplots are descriptive
20260625_2320_overfitting_sweep_stage1_rank2,optimization_and_regularization,loss_type,all_archived_config_repeats,weighted_ce,inception_time,weighted_ce,s1_021,1,42,0.3425925925925925,0.3022727272727272,,N/A_continuous_participant_oof_probabilities_not_archived,archived_config_repeat_summary,rows share participants and many configurations; boxplots are descriptive
20260625_2320_overfitting_sweep_stage1_rank2,optimization_and_regularization,loss_type,all_archived_config_repeats,weighted_ce,inception_time,weighted_ce,s1_021,2,10042,0.3657407407407407,0.3457284515636918,,N/A_continuous_participant_oof_probabilities_not_archived,archived_config_repeat_summary,rows share participants and many configurations; boxplots are descriptive
20260625_2320_overfitting_sweep_stage1_rank2,optimization_and_regularization,loss_type,all_archived_config_repeats,weighted_ce,inception_time,weighted_ce,s1_021,3,20042,0.4583333333333333,0.4490740740740741,,N/A_continuous_participant_oof_probabilities_not_archived,archived_config_repeat_summary,rows share participants and many configurations; boxplots are descriptive
20260625_2320_overfitting_sweep_stage1_rank2,optimization_and_regularization,loss_type,all_archived_config_repeats,weighted_ce,inception_time,weighted_ce,s1_021,4,30042,0.4027777777777777,0.3795518207282913,,N/A_continuous_participant_oof_probabilities_not_archived,archived_config_repeat_summary,rows share participants and many configurations; boxplots are descriptive
20260625_2320_overfitting_sweep_stage1_rank2,optimization_and_regularization,loss_type,all_archived_config_repeats,weighted_ce,inception_time,weighted_ce,s1_021,5,40042,0.412037037037037,0.4151960784313726,,N/A_continuous_participant_oof_probabilities_not_archived,archived_config_repeat_summary,rows share participants and many configurations; boxplots are descriptive
20260625_2320_overfitting_sweep_stage1_rank2,optimization_and_regularization,loss_type,all_archived_config_repeats,balanced_softmax,inception_time,balanced_softmax,s1_022,1,42,0.6157407407407408,0.6157407407407408,,N/A_continuous_participant_oof_probabilities_not_archived,archived_config_repeat_summary,rows share participants and many configurations; boxplots are descriptive
20260625_2320_overfitting_sweep_stage1_rank2,optimization_and_regularization,loss_type,all_archived_config_repeats,balanced_softmax,inception_time,balanced_softmax,s1_022,2,10042,0.4629629629629629,0.4545454545454546,,N/A_continuous_participant_oof_probabilities_not_archived,archived_config_repeat_summary,rows share participants and many configurations; boxplots are descriptive
20260625_2320_overfitting_sweep_stage1_rank2,optimization_and_regularization,loss_type,all_archived_config_repeats,balanced_softmax,inception_time,balanced_softmax,s1_022,3,20042,0.5462962962962963,0.4976470588235294,,N/A_continuous_participant_oof_probabilities_not_archived,archived_config_repeat_summary,rows share participants and many configurations; boxplots are descriptive
20260625_2320_overfitting_sweep_stage1_rank2,optimization_and_regularization,loss_type,all_archived_config_repeats,balanced_softmax,inception_time,balanced_softmax,s1_022,4,30042,0.625,0.6271929824561403,,N/A_continuous_participant_oof_probabilities_not_archived,archived_config_repeat_summary,rows share participants and many configurations; boxplots are descriptive
20260625_2320_overfitting_sweep_stage1_rank2,optimization_and_regularization,loss_type,all_archived_config_repeats,balanced_softmax,inception_time,balanced_softmax,s1_022,5,40042,0.5416666666666666,0.5198879551820729,,N/A_continuous_participant_oof_probabilities_not_archived,archived_config_repeat_summary,rows share participants and many configurations; boxplots are descriptive
20260625_2320_overfitting_sweep_stage1_rank2,optimization_and_regularization,loss_type,all_archived_config_repeats,focal_loss,inception_time,focal_loss,s1_023,1,42,0.4907407407407407,0.4842662211083263,,N/A_continuous_participant_oof_probabilities_not_archived,archived_config_repeat_summary,rows share participants and many configurations; boxplots are descriptive
20260625_2320_overfitting_sweep_stage1_rank2,optimization_and_regularization,loss_type,all_archived_config_repeats,focal_loss,inception_time,focal_loss,s1_023,2,10042,0.4629629629629629,0.458047292143402,,N/A_continuous_participant_oof_probabilities_not_archived,archived_config_repeat_summary,rows share participants and many configurations; boxplots are descriptive
20260625_2320_overfitting_sweep_stage1_rank2,optimization_and_regularization,loss_type,all_archived_config_repeats,focal_loss,inception_time,focal_loss,s1_023,3,20042,0.5185185185185185,0.4858523119392684,,N/A_continuous_participant_oof_probabilities_not_archived,archived_config_repeat_summary,rows share participants and many configurations; boxplots are descriptive
20260625_2320_overfitting_sweep_stage1_rank2,optimization_and_regularization,loss_type,all_archived_config_repeats,focal_loss,inception_time,focal_loss,s1_023,4,30042,0.5694444444444444,0.5695006747638326,,N/A_continuous_participant_oof_probabilities_not_archived,archived_config_repeat_summary,rows share participants and many configurations; boxplots are descriptive
20260625_2320_overfitting_sweep_stage1_rank2,optimization_and_regularization,loss_type,all_archived_config_repeats,focal_loss,inception_time,focal_loss,s1_023,5,40042,0.5787037037037037,0.5688659166920037,,N/A_continuous_participant_oof_probabilities_not_archived,archived_config_repeat_summary,rows share participants and many configurations; boxplots are descriptive
20260625_2320_overfitting_sweep_stage1_rank2,optimization_and_regularization,loss_type,all_archived_config_repeats,weighted_ce,inception_time,weighted_ce,s1_024,1,42,0.611111111111111,0.6182001005530418,,N/A_continuous_participant_oof_probabilities_not_archived,archived_config_repeat_summary,rows share participants and many configurations; boxplots are descriptive
20260625_2320_overfitting_sweep_stage1_rank2,optimization_and_regularization,loss_type,all_archived_config_repeats,weighted_ce,inception_time,weighted_ce,s1_024,2,10042,0.4629629629629629,0.4577200577200577,,N/A_continuous_participant_oof_probabilities_not_archived,archived_config_repeat_summary,rows share participants and many configurations; boxplots are descriptive
20260625_2320_overfitting_sweep_stage1_rank2,optimization_and_regularization,loss_type,all_archived_config_repeats,weighted_ce,inception_time,weighted_ce,s1_024,3,20042,0.5092592592592592,0.4742471151139882,,N/A_continuous_participant_oof_probabilities_not_archived,archived_config_repeat_summary,rows share participants and many configurations; boxplots are descriptive
20260625_2320_overfitting_sweep_stage1_rank2,optimization_and_regularization,loss_type,all_archived_config_repeats,weighted_ce,inception_time,weighted_ce,s1_024,4,30042,0.5972222222222222,0.5945165945165946,,N/A_continuous_participant_oof_probabilities_not_archived,archived_config_repeat_summary,rows share participants and many configurations; boxplots are descriptive
20260625_2320_overfitting_sweep_stage1_rank2,optimization_and_regularization,loss_type,all_archived_config_repeats,weighted_ce,inception_time,weighted_ce,s1_024,5,40042,0.5972222222222222,0.5945165945165946,,N/A_continuous_participant_oof_probabilities_not_archived,archived_config_repeat_summary,rows share participants and many configurations; boxplots are descriptive
20260625_2320_overfitting_sweep_stage1_rank2,optimization_and_regularization,loss_type,all_archived_config_repeats,weighted_ce,inception_time,weighted_ce,s1_025,1,42,0.6064814814814815,0.6142857142857143,,N/A_continuous_participant_oof_probabilities_not_archived,archived_config_repeat_summary,rows share participants and many configurations; boxplots are descriptive
20260625_2320_overfitting_sweep_stage1_rank2,optimization_and_regularization,loss_type,all_archived_config_repeats,weighted_ce,inception_time,weighted_ce,s1_025,2,10042,0.5277777777777778,0.5181818181818182,,N/A_continuous_participant_oof_probabilities_not_archived,archived_config_repeat_summary,rows share participants and many configurations; boxplots are descriptive
20260625_2320_overfitting_sweep_stage1_rank2,optimization_and_regularization,loss_type,all_archived_config_repeats,weighted_ce,inception_time,weighted_ce,s1_025,3,20042,0.5138888888888888,0.5072463768115942,,N/A_continuous_participant_oof_probabilities_not_archived,archived_config_repeat_summary,rows share participants and many configurations; boxplots are descriptive
20260625_2320_overfitting_sweep_stage1_rank2,optimization_and_regularization,loss_type,all_archived_config_repeats,weighted_ce,inception_time,weighted_ce,s1_025,4,30042,0.5462962962962963,0.559394128021579,,N/A_continuous_participant_oof_probabilities_not_archived,archived_config_repeat_summary,rows share participants and many configurations; boxplots are descriptive
20260625_2320_overfitting_sweep_stage1_rank2,optimization_and_regularization,loss_type,all_archived_config_repeats,weighted_ce,inception_time,weighted_ce,s1_025,5,40042,0.5277777777777778,0.5197691197691198,,N/A_continuous_participant_oof_probabilities_not_archived,archived_config_repeat_summary,rows share participants and many configurations; boxplots are descriptive
20260625_2320_overfitting_sweep_stage1_rank2,optimization_and_regularization,loss_type,all_archived_config_repeats,weighted_ce,inception_time,weighted_ce,s1_026,1,42,0.5370370370370371,0.546031746031746,,N/A_continuous_participant_oof_probabilities_not_archived,archived_config_repeat_summary,rows share participants and many configurations; boxplots are descriptive
20260625_2320_overfitting_sweep_stage1_rank2,optimization_and_regularization,loss_type,all_archived_config_repeats,weighted_ce,inception_time,weighted_ce,s1_026,2,10042,0.4861111111111111,0.4782608695652173,,N/A_continuous_participant_oof_probabilities_not_archived,archived_config_repeat_summary,rows share participants and many configurations; boxplots are descriptive
20260625_2320_overfitting_sweep_stage1_rank2,optimization_and_regularization,loss_type,all_archived_config_repeats,weighted_ce,inception_time,weighted_ce,s1_026,3,20042,0.3981481481481481,0.3952380952380952,,N/A_continuous_participant_oof_probabilities_not_archived,archived_config_repeat_summary,rows share participants and many configurations; boxplots are descriptive
20260625_2320_overfitting_sweep_stage1_rank2,optimization_and_regularization,loss_type,all_archived_config_repeats,weighted_ce,inception_time,weighted_ce,s1_026,4,30042,0.5879629629629629,0.5977878330819507,,N/A_continuous_participant_oof_probabilities_not_archived,archived_config_repeat_summary,rows share participants and many configurations; boxplots are descriptive
20260625_2320_overfitting_sweep_stage1_rank2,optimization_and_regularization,loss_type,all_archived_config_repeats,weighted_ce,inception_time,weighted_ce,s1_026,5,40042,0.5,0.480672268907563,,N/A_continuous_participant_oof_probabilities_not_archived,archived_config_repeat_summary,rows share participants and many configurations; boxplots are descriptive
20260625_2320_overfitting_sweep_stage1_rank2,optimization_and_regularization,loss_type,all_archived_config_repeats,weighted_ce,inception_time,weighted_ce,s1_027,1,42,0.6157407407407408,0.6280864197530863,,N/A_continuous_participant_oof_probabilities_not_archived,archived_config_repeat_summary,rows share participants and many configurations; boxplots are descriptive
20260625_2320_overfitting_sweep_stage1_rank2,optimization_and_regularization,loss_type,all_archived_config_repeats,weighted_ce,inception_time,weighted_ce,s1_027,2,10042,0.4490740740740741,0.4476608187134503,,N/A_continuous_participant_oof_probabilities_not_archived,archived_config_repeat_summary,rows share participants and many configurations; boxplots are descriptive
20260625_2320_overfitting_sweep_stage1_rank2,optimization_and_regularization,loss_type,all_archived_config_repeats,weighted_ce,inception_time,weighted_ce,s1_027,3,20042,0.4490740740740741,0.4476608187134503,,N/A_continuous_participant_oof_probabilities_not_archived,archived_config_repeat_summary,rows share participants and many configurations; boxplots are descriptive
20260625_2320_overfitting_sweep_stage1_rank2,optimization_and_regularization,loss_type,all_archived_config_repeats,weighted_ce,inception_time,weighted_ce,s1_027,4,30042,0.5972222222222222,0.5994152046783626,,N/A_continuous_participant_oof_probabilities_not_archived,archived_config_repeat_summary,rows share participants and many configurations; boxplots are descriptive
20260625_2320_overfitting_sweep_stage1_rank2,optimization_and_regularization,loss_type,all_archived_config_repeats,weighted_ce,inception_time,weighted_ce,s1_027,5,40042,0.5694444444444444,0.5575396825396824,,N/A_continuous_participant_oof_probabilities_not_archived,archived_config_repeat_summary,rows share participants and many configurations; boxplots are descriptive
20260625_2320_overfitting_sweep_stage1_rank2,optimization_and_regularization,loss_type,all_archived_config_repeats,weighted_ce,inception_time,weighted_ce,s1_028,1,42,0.6527777777777778,0.6535947712418301,,N/A_continuous_participant_oof_probabilities_not_archived,archived_config_repeat_summary,rows share participants and many configurations; boxplots are descriptive
20260625_2320_overfitting_sweep_stage1_rank2,optimization_and_regularization,loss_type,all_archived_config_repeats,weighted_ce,inception_time,weighted_ce,s1_028,2,10042,0.5648148148148148,0.5489262371615312,,N/A_continuous_participant_oof_probabilities_not_archived,archived_config_repeat_summary,rows share participants and many configurations; boxplots are descriptive
20260625_2320_overfitting_sweep_stage1_rank2,optimization_and_regularization,loss_type,all_archived_config_repeats,weighted_ce,inception_time,weighted_ce,s1_028,3,20042,0.4490740740740741,0.4476608187134503,,N/A_continuous_participant_oof_probabilities_not_archived,archived_config_repeat_summary,rows share participants and many configurations; boxplots are descriptive
20260625_2320_overfitting_sweep_stage1_rank2,optimization_and_regularization,loss_type,all_archived_config_repeats,weighted_ce,inception_time,weighted_ce,s1_028,4,30042,0.5694444444444444,0.5581198986771742,,N/A_continuous_participant_oof_probabilities_not_archived,archived_config_repeat_summary,rows share participants and many configurations; boxplots are descriptive
20260625_2320_overfitting_sweep_stage1_rank2,optimization_and_regularization,loss_type,all_archived_config_repeats,weighted_ce,inception_time,weighted_ce,s1_028,5,40042,0.4722222222222221,0.4439440848109579,,N/A_continuous_participant_oof_probabilities_not_archived,archived_config_repeat_summary,rows share participants and many configurations; boxplots are descriptive
20260625_2320_overfitting_sweep_stage1_rank2,optimization_and_regularization,loss_type,all_archived_config_repeats,weighted_ce,inception_time,weighted_ce,s1_029,1,42,0.6064814814814815,0.6142857142857143,,N/A_continuous_participant_oof_probabilities_not_archived,archived_config_repeat_summary,rows share participants and many configurations; boxplots are descriptive
20260625_2320_overfitting_sweep_stage1_rank2,optimization_and_regularization,loss_type,all_archived_config_repeats,weighted_ce,inception_time,weighted_ce,s1_029,2,10042,0.5416666666666666,0.5400501253132832,,N/A_continuous_participant_oof_probabilities_not_archived,archived_config_repeat_summary,rows share participants and many configurations; boxplots are descriptive
20260625_2320_overfitting_sweep_stage1_rank2,optimization_and_regularization,loss_type,all_archived_config_repeats,weighted_ce,inception_time,weighted_ce,s1_029,3,20042,0.4722222222222221,0.4657644110275689,,N/A_continuous_participant_oof_probabilities_not_archived,archived_config_repeat_summary,rows share participants and many configurations; boxplots are descriptive
20260625_2320_overfitting_sweep_stage1_rank2,optimization_and_regularization,loss_type,all_archived_config_repeats,weighted_ce,inception_time,weighted_ce,s1_029,4,30042,0.5462962962962963,0.559394128021579,,N/A_continuous_participant_oof_probabilities_not_archived,archived_config_repeat_summary,rows share participants and many configurations; boxplots are descriptive
20260625_2320_overfitting_sweep_stage1_rank2,optimization_and_regularization,loss_type,all_archived_config_repeats,weighted_ce,inception_time,weighted_ce,s1_029,5,40042,0.5555555555555555,0.5548654244306418,,N/A_continuous_participant_oof_probabilities_not_archived,archived_config_repeat_summary,rows share participants and many configurations; boxplots are descriptive
20260625_2320_overfitting_sweep_stage1_rank2,optimization_and_regularization,loss_type,all_archived_config_repeats,weighted_ce,inception_time,weighted_ce,s1_030,1,42,0.4861111111111111,0.4857427055702918,,N/A_continuous_participant_oof_probabilities_not_archived,archived_config_repeat_summary,rows share participants and many configurations; boxplots are descriptive
20260625_2320_overfitting_sweep_stage1_rank2,optimization_and_regularization,loss_type,all_archived_config_repeats,weighted_ce,inception_time,weighted_ce,s1_030,2,10042,0.4490740740740741,0.4476608187134503,,N/A_continuous_participant_oof_probabilities_not_archived,archived_config_repeat_summary,rows share participants and many configurations; boxplots are descriptive
20260625_2320_overfitting_sweep_stage1_rank2,optimization_and_regularization,loss_type,all_archived_config_repeats,weighted_ce,inception_time,weighted_ce,s1_030,3,20042,0.3981481481481481,0.3958974358974359,,N/A_continuous_participant_oof_probabilities_not_archived,archived_config_repeat_summary,rows share participants and many configurations; boxplots are descriptive
20260625_2320_overfitting_sweep_stage1_rank2,optimization_and_regularization,loss_type,all_archived_config_repeats,weighted_ce,inception_time,weighted_ce,s1_030,4,30042,0.6157407407407408,0.6317045336653181,,N/A_continuous_participant_oof_probabilities_not_archived,archived_config_repeat_summary,rows share participants and many configurations; boxplots are descriptive
20260625_2320_overfitting_sweep_stage1_rank2,optimization_and_regularization,loss_type,all_archived_config_repeats,weighted_ce,inception_time,weighted_ce,s1_030,5,40042,0.5,0.4841269841269841,,N/A_continuous_participant_oof_probabilities_not_archived,archived_config_repeat_summary,rows share participants and many configurations; boxplots are descriptive
20260625_2320_overfitting_sweep_stage1_rank2,optimization_and_regularization,loss_type,all_archived_config_repeats,weighted_ce,inception_time,weighted_ce,s1_031,1,42,0.5787037037037037,0.5807895807895808,,N/A_continuous_participant_oof_probabilities_not_archived,archived_config_repeat_summary,rows share participants and many configurations; boxplots are descriptive
20260625_2320_overfitting_sweep_stage1_rank2,optimization_and_regularization,loss_type,all_archived_config_repeats,weighted_ce,inception_time,weighted_ce,s1_031,2,10042,0.4861111111111111,0.4782608695652174,,N/A_continuous_participant_oof_probabilities_not_archived,archived_config_repeat_summary,rows share participants and many configurations; boxplots are descriptive
20260625_2320_overfitting_sweep_stage1_rank2,optimization_and_regularization,loss_type,all_archived_config_repeats,weighted_ce,inception_time,weighted_ce,s1_031,3,20042,0.4490740740740741,0.4435786435786435,,N/A_continuous_participant_oof_probabilities_not_archived,archived_config_repeat_summary,rows share participants and many configurations; boxplots are descriptive
20260625_2320_overfitting_sweep_stage1_rank2,optimization_and_regularization,loss_type,all_archived_config_repeats,weighted_ce,inception_time,weighted_ce,s1_031,4,30042,0.5879629629629629,0.5977878330819507,,N/A_continuous_participant_oof_probabilities_not_archived,archived_config_repeat_summary,rows share participants and many configurations; boxplots are descriptive
20260625_2320_overfitting_sweep_stage1_rank2,optimization_and_regularization,loss_type,all_archived_config_repeats,weighted_ce,inception_time,weighted_ce,s1_031,5,40042,0.5555555555555555,0.5484848484848485,,N/A_continuous_participant_oof_probabilities_not_archived,archived_config_repeat_summary,rows share participants and many configurations; boxplots are descriptive
20260625_2320_overfitting_sweep_stage1_rank2,optimization_and_regularization,loss_type,all_archived_config_repeats,weighted_ce,inception_time,weighted_ce,s1_032,1,42,0.6574074074074074,0.6574074074074074,,N/A_continuous_participant_oof_probabilities_not_archived,archived_config_repeat_summary,rows share participants and many configurations; boxplots are descriptive
20260625_2320_overfitting_sweep_stage1_rank2,optimization_and_regularization,loss_type,all_archived_config_repeats,weighted_ce,inception_time,weighted_ce,s1_032,2,10042,0.5138888888888888,0.5105263157894737,,N/A_continuous_participant_oof_probabilities_not_archived,archived_config_repeat_summary,rows share participants and many configurations; boxplots are descriptive
20260625_2320_overfitting_sweep_stage1_rank2,optimization_and_regularization,loss_type,all_archived_config_repeats,weighted_ce,inception_time,weighted_ce,s1_032,3,20042,0.4305555555555555,0.4068181818181818,,N/A_continuous_participant_oof_probabilities_not_archived,archived_config_repeat_summary,rows share participants and many configurations; boxplots are descriptive
20260625_2320_overfitting_sweep_stage1_rank2,optimization_and_regularization,loss_type,all_archived_config_repeats,weighted_ce,inception_time,weighted_ce,s1_032,4,30042,0.5833333333333334,0.584920634920635,,N/A_continuous_participant_oof_probabilities_not_archived,archived_config_repeat_summary,rows share participants and many configurations; boxplots are descriptive
20260625_2320_overfitting_sweep_stage1_rank2,optimization_and_regularization,loss_type,all_archived_config_repeats,weighted_ce,inception_time,weighted_ce,s1_032,5,40042,0.5370370370370371,0.5121212121212121,,N/A_continuous_participant_oof_probabilities_not_archived,archived_config_repeat_summary,rows share participants and many configurations; boxplots are descriptive
20260625_2320_overfitting_sweep_stage1_rank2,optimization_and_regularization,loss_type,all_archived_config_repeats,weighted_ce,inception_time,weighted_ce,s1_033,1,42,0.5972222222222222,0.603425985778927,,N/A_continuous_participant_oof_probabilities_not_archived,archived_config_repeat_summary,rows share participants and many configurations; boxplots are descriptive
20260625_2320_overfitting_sweep_stage1_rank2,optimization_and_regularization,loss_type,all_archived_config_repeats,weighted_ce,inception_time,weighted_ce,s1_033,2,10042,0.5,0.4838468720821662,,N/A_continuous_participant_oof_probabilities_not_archived,archived_config_repeat_summary,rows share participants and many configurations; boxplots are descriptive
20260625_2320_overfitting_sweep_stage1_rank2,optimization_and_regularization,loss_type,all_archived_config_repeats,weighted_ce,inception_time,weighted_ce,s1_033,3,20042,0.5740740740740741,0.5389016018306636,,N/A_continuous_participant_oof_probabilities_not_archived,archived_config_repeat_summary,rows share participants and many configurations; boxplots are descriptive
20260625_2320_overfitting_sweep_stage1_rank2,optimization_and_regularization,loss_type,all_archived_config_repeats,weighted_ce,inception_time,weighted_ce,s1_033,4,30042,0.611111111111111,0.5992063492063492,,N/A_continuous_participant_oof_probabilities_not_archived,archived_config_repeat_summary,rows share participants and many configurations; boxplots are descriptive
20260625_2320_overfitting_sweep_stage1_rank2,optimization_and_regularization,loss_type,all_archived_config_repeats,weighted_ce,inception_time,weighted_ce,s1_033,5,40042,0.5833333333333334,0.5521885521885522,,N/A_continuous_participant_oof_probabilities_not_archived,archived_config_repeat_summary,rows share participants and many configurations; boxplots are descriptive
20260625_2320_overfitting_sweep_stage1_rank2,optimization_and_regularization,loss_type,all_archived_config_repeats,weighted_ce,inception_time,weighted_ce,s1_034,1,42,0.6157407407407408,0.6280864197530863,,N/A_continuous_participant_oof_probabilities_not_archived,archived_config_repeat_summary,rows share participants and many configurations; boxplots are descriptive
20260625_2320_overfitting_sweep_stage1_rank2,optimization_and_regularization,loss_type,all_archived_config_repeats,weighted_ce,inception_time,weighted_ce,s1_034,2,10042,0.4490740740740741,0.4476608187134503,,N/A_continuous_participant_oof_probabilities_not_archived,archived_config_repeat_summary,rows share participants and many configurations; boxplots are descriptive
20260625_2320_overfitting_sweep_stage1_rank2,optimization_and_regularization,loss_type,all_archived_config_repeats,weighted_ce,inception_time,weighted_ce,s1_034,3,20042,0.5509259259259259,0.538992408557626,,N/A_continuous_participant_oof_probabilities_not_archived,archived_config_repeat_summary,rows share participants and many configurations; boxplots are descriptive
20260625_2320_overfitting_sweep_stage1_rank2,optimization_and_regularization,loss_type,all_archived_config_repeats,weighted_ce,inception_time,weighted_ce,s1_034,4,30042,0.5972222222222222,0.5994152046783626,,N/A_continuous_participant_oof_probabilities_not_archived,archived_config_repeat_summary,rows share participants and many configurations; boxplots are descriptive
20260625_2320_overfitting_sweep_stage1_rank2,optimization_and_regularization,loss_type,all_archived_config_repeats,weighted_ce,inception_time,weighted_ce,s1_034,5,40042,0.5277777777777778,0.5227053140096619,,N/A_continuous_participant_oof_probabilities_not_archived,archived_config_repeat_summary,rows share participants and many configurations; boxplots are descriptive
20260625_2320_overfitting_sweep_stage1_rank2,optimization_and_regularization,loss_type,all_archived_config_repeats,weighted_ce,inception_time,weighted_ce,s1_035,1,42,0.5879629629629629,0.5977878330819507,,N/A_continuous_participant_oof_probabilities_not_archived,archived_config_repeat_summary,rows share participants and many configurations; boxplots are descriptive
20260625_2320_overfitting_sweep_stage1_rank2,optimization_and_regularization,loss_type,all_archived_config_repeats,weighted_ce,inception_time,weighted_ce,s1_035,2,10042,0.4583333333333333,0.445021645021645,,N/A_continuous_participant_oof_probabilities_not_archived,archived_config_repeat_summary,rows share participants and many configurations; boxplots are descriptive
20260625_2320_overfitting_sweep_stage1_rank2,optimization_and_regularization,loss_type,all_archived_config_repeats,weighted_ce,inception_time,weighted_ce,s1_035,3,20042,0.5231481481481481,0.5044858523119393,,N/A_continuous_participant_oof_probabilities_not_archived,archived_config_repeat_summary,rows share participants and many configurations; boxplots are descriptive
20260625_2320_overfitting_sweep_stage1_rank2,optimization_and_regularization,loss_type,all_archived_config_repeats,weighted_ce,inception_time,weighted_ce,s1_035,4,30042,0.5601851851851852,0.5601851851851852,,N/A_continuous_participant_oof_probabilities_not_archived,archived_config_repeat_summary,rows share participants and many configurations; boxplots are descriptive
20260625_2320_overfitting_sweep_stage1_rank2,optimization_and_regularization,loss_type,all_archived_config_repeats,weighted_ce,inception_time,weighted_ce,s1_035,5,40042,0.5416666666666666,0.5234848484848484,,N/A_continuous_participant_oof_probabilities_not_archived,archived_config_repeat_summary,rows share participants and many configurations; boxplots are descriptive
20260625_2320_overfitting_sweep_stage1_rank2,optimization_and_regularization,loss_type,all_archived_config_repeats,weighted_ce,inception_time,weighted_ce,s1_036,1,42,0.6898148148148149,0.6898148148148149,,N/A_continuous_participant_oof_probabilities_not_archived,archived_config_repeat_summary,rows share participants and many configurations; boxplots are descriptive
20260625_2320_overfitting_sweep_stage1_rank2,optimization_and_regularization,loss_type,all_archived_config_repeats,weighted_ce,inception_time,weighted_ce,s1_036,2,10042,0.5092592592592592,0.4736842105263157,,N/A_continuous_participant_oof_probabilities_not_archived,archived_config_repeat_summary,rows share participants and many configurations; boxplots are descriptive
20260625_2320_overfitting_sweep_stage1_rank2,optimization_and_regularization,loss_type,all_archived_config_repeats,weighted_ce,inception_time,weighted_ce,s1_036,3,20042,0.4398148148148148,0.4440422322775264,,N/A_continuous_participant_oof_probabilities_not_archived,archived_config_repeat_summary,rows share participants and many configurations; boxplots are descriptive
20260625_2320_overfitting_sweep_stage1_rank2,optimization_and_regularization,loss_type,all_archived_config_repeats,weighted_ce,inception_time,weighted_ce,s1_036,4,30042,0.5694444444444444,0.5581198986771742,,N/A_continuous_participant_oof_probabilities_not_archived,archived_config_repeat_summary,rows share participants and many configurations; boxplots are descriptive
20260625_2320_overfitting_sweep_stage1_rank2,optimization_and_regularization,loss_type,all_archived_config_repeats,weighted_ce,inception_time,weighted_ce,s1_036,5,40042,0.5416666666666666,0.5157894736842105,,N/A_continuous_participant_oof_probabilities_not_archived,archived_config_repeat_summary,rows share participants and many configurations; boxplots are descriptive
20260625_2320_overfitting_sweep_stage1_rank2,optimization_and_regularization,loss_type,all_archived_config_repeats,weighted_ce,inception_time,weighted_ce,s1_037,1,42,0.6157407407407407,0.5837037037037036,,N/A_continuous_participant_oof_probabilities_not_archived,archived_config_repeat_summary,rows share participants and many configurations; boxplots are descriptive
20260625_2320_overfitting_sweep_stage1_rank2,optimization_and_regularization,loss_type,all_archived_config_repeats,weighted_ce,inception_time,weighted_ce,s1_037,2,10042,0.5,0.4874847374847375,,N/A_continuous_participant_oof_probabilities_not_archived,archived_config_repeat_summary,rows share participants and many configurations; boxplots are descriptive
20260625_2320_overfitting_sweep_stage1_rank2,optimization_and_regularization,loss_type,all_archived_config_repeats,weighted_ce,inception_time,weighted_ce,s1_037,3,20042,0.4490740740740741,0.4431818181818182,,N/A_continuous_participant_oof_probabilities_not_archived,archived_config_repeat_summary,rows share participants and many configurations; boxplots are descriptive
20260625_2320_overfitting_sweep_stage1_rank2,optimization_and_regularization,loss_type,all_archived_config_repeats,weighted_ce,inception_time,weighted_ce,s1_037,4,30042,0.6898148148148149,0.68743961352657,,N/A_continuous_participant_oof_probabilities_not_archived,archived_config_repeat_summary,rows share participants and many configurations; boxplots are descriptive
20260625_2320_overfitting_sweep_stage1_rank2,optimization_and_regularization,loss_type,all_archived_config_repeats,weighted_ce,inception_time,weighted_ce,s1_037,5,40042,0.5555555555555555,0.5608594304246478,,N/A_continuous_participant_oof_probabilities_not_archived,archived_config_repeat_summary,rows share participants and many configurations; boxplots are descriptive
20260625_2320_overfitting_sweep_stage1_rank2,optimization_and_regularization,loss_type,all_archived_config_repeats,weighted_ce,inception_time,weighted_ce,s1_038,1,42,0.5138888888888888,0.510989010989011,,N/A_continuous_participant_oof_probabilities_not_archived,archived_config_repeat_summary,rows share participants and many configurations; boxplots are descriptive
20260625_2320_overfitting_sweep_stage1_rank2,optimization_and_regularization,loss_type,all_archived_config_repeats,weighted_ce,inception_time,weighted_ce,s1_038,2,10042,0.4953703703703704,0.473202614379085,,N/A_continuous_participant_oof_probabilities_not_archived,archived_config_repeat_summary,rows share participants and many configurations; boxplots are descriptive
20260625_2320_overfitting_sweep_stage1_rank2,optimization_and_regularization,loss_type,all_archived_config_repeats,weighted_ce,inception_time,weighted_ce,s1_038,3,20042,0.4583333333333333,0.4571428571428571,,N/A_continuous_participant_oof_probabilities_not_archived,archived_config_repeat_summary,rows share participants and many configurations; boxplots are descriptive
20260625_2320_overfitting_sweep_stage1_rank2,optimization_and_regularization,loss_type,all_archived_config_repeats,weighted_ce,inception_time,weighted_ce,s1_038,4,30042,0.6064814814814815,0.6171802054154996,,N/A_continuous_participant_oof_probabilities_not_archived,archived_config_repeat_summary,rows share participants and many configurations; boxplots are descriptive
20260625_2320_overfitting_sweep_stage1_rank2,optimization_and_regularization,loss_type,all_archived_config_repeats,weighted_ce,inception_time,weighted_ce,s1_038,5,40042,0.5277777777777778,0.5223171889838556,,N/A_continuous_participant_oof_probabilities_not_archived,archived_config_repeat_summary,rows share participants and many configurations; boxplots are descriptive
20260625_2320_overfitting_sweep_stage1_rank2,optimization_and_regularization,loss_type,all_archived_config_repeats,balanced_softmax,inception_time,balanced_softmax,s1_039,1,42,0.3981481481481481,0.3681350114416475,,N/A_continuous_participant_oof_probabilities_not_archived,archived_config_repeat_summary,rows share participants and many configurations; boxplots are descriptive
20260625_2320_overfitting_sweep_stage1_rank2,optimization_and_regularization,loss_type,all_archived_config_repeats,balanced_softmax,inception_time,balanced_softmax,s1_039,2,10042,0.3611111111111111,0.3549303779482808,,N/A_continuous_participant_oof_probabilities_not_archived,archived_config_repeat_summary,rows share participants and many configurations; boxplots are descriptive
20260625_2320_overfitting_sweep_stage1_rank2,optimization_and_regularization,loss_type,all_archived_config_repeats,balanced_softmax,inception_time,balanced_softmax,s1_039,3,20042,0.4027777777777777,0.3856864383180172,,N/A_continuous_participant_oof_probabilities_not_archived,archived_config_repeat_summary,rows share participants and many configurations; boxplots are descriptive
20260625_2320_overfitting_sweep_stage1_rank2,optimization_and_regularization,loss_type,all_archived_config_repeats,balanced_softmax,inception_time,balanced_softmax,s1_039,4,30042,0.4351851851851852,0.4098016781083142,,N/A_continuous_participant_oof_probabilities_not_archived,archived_config_repeat_summary,rows share participants and many configurations; boxplots are descriptive
20260625_2320_overfitting_sweep_stage1_rank2,optimization_and_regularization,loss_type,all_archived_config_repeats,balanced_softmax,inception_time,balanced_softmax,s1_039,5,40042,0.4861111111111111,0.4743516399694889,,N/A_continuous_participant_oof_probabilities_not_archived,archived_config_repeat_summary,rows share participants and many configurations; boxplots are descriptive
20260625_2320_overfitting_sweep_stage1_rank2,optimization_and_regularization,loss_type,all_archived_config_repeats,focal_loss,inception_time,focal_loss,s1_040,1,42,0.5138888888888888,0.4844732151233699,,N/A_continuous_participant_oof_probabilities_not_archived,archived_config_repeat_summary,rows share participants and many configurations; boxplots are descriptive
20260625_2320_overfitting_sweep_stage1_rank2,optimization_and_regularization,loss_type,all_archived_config_repeats,focal_loss,inception_time,focal_loss,s1_040,2,10042,0.3425925925925925,0.3381642512077294,,N/A_continuous_participant_oof_probabilities_not_archived,archived_config_repeat_summary,rows share participants and many configurations; boxplots are descriptive
20260625_2320_overfitting_sweep_stage1_rank2,optimization_and_regularization,loss_type,all_archived_config_repeats,focal_loss,inception_time,focal_loss,s1_040,3,20042,0.5324074074074074,0.533816425120773,,N/A_continuous_participant_oof_probabilities_not_archived,archived_config_repeat_summary,rows share participants and many configurations; boxplots are descriptive
20260625_2320_overfitting_sweep_stage1_rank2,optimization_and_regularization,loss_type,all_archived_config_repeats,focal_loss,inception_time,focal_loss,s1_040,4,30042,0.3935185185185185,0.386078431372549,,N/A_continuous_participant_oof_probabilities_not_archived,archived_config_repeat_summary,rows share participants and many configurations; boxplots are descriptive
20260625_2320_overfitting_sweep_stage1_rank2,optimization_and_regularization,loss_type,all_archived_config_repeats,focal_loss,inception_time,focal_loss,s1_040,5,40042,0.5,0.4953242835595777,,N/A_continuous_participant_oof_probabilities_not_archived,archived_config_repeat_summary,rows share participants and many configurations; boxplots are descriptive
20260625_2320_overfitting_sweep_stage1_rank2,optimization_and_regularization,loss_type,all_archived_config_repeats,balanced_softmax,inception_time,balanced_softmax,s1_041,1,42,0.4722222222222221,0.4558113100312589,,N/A_continuous_participant_oof_probabilities_not_archived,archived_config_repeat_summary,rows share participants and many configurations; boxplots are descriptive
20260625_2320_overfitting_sweep_stage1_rank2,optimization_and_regularization,loss_type,all_archived_config_repeats,balanced_softmax,inception_time,balanced_softmax,s1_041,2,10042,0.3657407407407407,0.3409090909090909,,N/A_continuous_participant_oof_probabilities_not_archived,archived_config_repeat_summary,rows share participants and many configurations; boxplots are descriptive
20260625_2320_overfitting_sweep_stage1_rank2,optimization_and_regularization,loss_type,all_archived_config_repeats,balanced_softmax,inception_time,balanced_softmax,s1_041,3,20042,0.4583333333333333,0.4490740740740741,,N/A_continuous_participant_oof_probabilities_not_archived,archived_config_repeat_summary,rows share participants and many configurations; boxplots are descriptive
20260625_2320_overfitting_sweep_stage1_rank2,optimization_and_regularization,loss_type,all_archived_config_repeats,balanced_softmax,inception_time,balanced_softmax,s1_041,4,30042,0.4444444444444444,0.4111111111111111,,N/A_continuous_participant_oof_probabilities_not_archived,archived_config_repeat_summary,rows share participants and many configurations; boxplots are descriptive
20260625_2320_overfitting_sweep_stage1_rank2,optimization_and_regularization,loss_type,all_archived_config_repeats,balanced_softmax,inception_time,balanced_softmax,s1_041,5,40042,0.4537037037037037,0.4537037037037037,,N/A_continuous_participant_oof_probabilities_not_archived,archived_config_repeat_summary,rows share participants and many configurations; boxplots are descriptive
20260625_2320_overfitting_sweep_stage1_rank2,optimization_and_regularization,loss_type,all_archived_config_repeats,focal_loss,inception_time,focal_loss,s1_042,1,42,0.4814814814814814,0.4612794612794612,,N/A_continuous_participant_oof_probabilities_not_archived,archived_config_repeat_summary,rows share participants and many configurations; boxplots are descriptive
20260625_2320_overfitting_sweep_stage1_rank2,optimization_and_regularization,loss_type,all_archived_config_repeats,focal_loss,inception_time,focal_loss,s1_042,2,10042,0.5324074074074074,0.5286994660564455,,N/A_continuous_participant_oof_probabilities_not_archived,archived_config_repeat_summary,rows share participants and many configurations; boxplots are descriptive
20260625_2320_overfitting_sweep_stage1_rank2,optimization_and_regularization,loss_type,all_archived_config_repeats,focal_loss,inception_time,focal_loss,s1_042,3,20042,0.3379629629629629,0.3300653594771242,,N/A_continuous_participant_oof_probabilities_not_archived,archived_config_repeat_summary,rows share participants and many configurations; boxplots are descriptive
20260625_2320_overfitting_sweep_stage1_rank2,optimization_and_regularization,loss_type,all_archived_config_repeats,focal_loss,inception_time,focal_loss,s1_042,4,30042,0.3611111111111111,0.357843137254902,,N/A_continuous_participant_oof_probabilities_not_archived,archived_config_repeat_summary,rows share participants and many configurations; boxplots are descriptive
20260625_2320_overfitting_sweep_stage1_rank2,optimization_and_regularization,loss_type,all_archived_config_repeats,focal_loss,inception_time,focal_loss,s1_042,5,40042,0.412037037037037,0.4205128205128205,,N/A_continuous_participant_oof_probabilities_not_archived,archived_config_repeat_summary,rows share participants and many configurations; boxplots are descriptive
20260625_2320_overfitting_sweep_stage1_rank2,optimization_and_regularization,loss_type,all_archived_config_repeats,weighted_ce,inception_time,weighted_ce,s1_043,1,42,0.5972222222222222,0.6047619047619048,,N/A_continuous_participant_oof_probabilities_not_archived,archived_config_repeat_summary,rows share participants and many configurations; boxplots are descriptive
20260625_2320_overfitting_sweep_stage1_rank2,optimization_and_regularization,loss_type,all_archived_config_repeats,weighted_ce,inception_time,weighted_ce,s1_043,2,10042,0.5740740740740741,0.576078431372549,,N/A_continuous_participant_oof_probabilities_not_archived,archived_config_repeat_summary,rows share participants and many configurations; boxplots are descriptive
20260625_2320_overfitting_sweep_stage1_rank2,optimization_and_regularization,loss_type,all_archived_config_repeats,weighted_ce,inception_time,weighted_ce,s1_043,3,20042,0.4583333333333333,0.4334455667789001,,N/A_continuous_participant_oof_probabilities_not_archived,archived_config_repeat_summary,rows share participants and many configurations; boxplots are descriptive
20260625_2320_overfitting_sweep_stage1_rank2,optimization_and_regularization,loss_type,all_archived_config_repeats,weighted_ce,inception_time,weighted_ce,s1_043,4,30042,0.5509259259259259,0.5367965367965367,,N/A_continuous_participant_oof_probabilities_not_archived,archived_config_repeat_summary,rows share participants and many configurations; boxplots are descriptive
20260625_2320_overfitting_sweep_stage1_rank2,optimization_and_regularization,loss_type,all_archived_config_repeats,weighted_ce,inception_time,weighted_ce,s1_043,5,40042,0.6064814814814815,0.5836382399849892,,N/A_continuous_participant_oof_probabilities_not_archived,archived_config_repeat_summary,rows share participants and many configurations; boxplots are descriptive
20260625_2320_overfitting_sweep_stage1_rank2,optimization_and_regularization,loss_type,all_archived_config_repeats,weighted_ce,inception_time,weighted_ce,s1_044,1,42,0.625,0.6311111111111111,,N/A_continuous_participant_oof_probabilities_not_archived,archived_config_repeat_summary,rows share participants and many configurations; boxplots are descriptive
20260625_2320_overfitting_sweep_stage1_rank2,optimization_and_regularization,loss_type,all_archived_config_repeats,weighted_ce,inception_time,weighted_ce,s1_044,2,10042,0.5416666666666666,0.5422222222222222,,N/A_continuous_participant_oof_probabilities_not_archived,archived_config_repeat_summary,rows share participants and many configurations; boxplots are descriptive
20260625_2320_overfitting_sweep_stage1_rank2,optimization_and_regularization,loss_type,all_archived_config_repeats,weighted_ce,inception_time,weighted_ce,s1_044,3,20042,0.4212962962962963,0.4038336582196231,,N/A_continuous_participant_oof_probabilities_not_archived,archived_config_repeat_summary,rows share participants and many configurations; boxplots are descriptive
20260625_2320_overfitting_sweep_stage1_rank2,optimization_and_regularization,loss_type,all_archived_config_repeats,weighted_ce,inception_time,weighted_ce,s1_044,4,30042,0.5509259259259259,0.5367965367965367,,N/A_continuous_participant_oof_probabilities_not_archived,archived_config_repeat_summary,rows share participants and many configurations; boxplots are descriptive
20260625_2320_overfitting_sweep_stage1_rank2,optimization_and_regularization,loss_type,all_archived_config_repeats,weighted_ce,inception_time,weighted_ce,s1_044,5,40042,0.5925925925925926,0.5818181818181817,,N/A_continuous_participant_oof_probabilities_not_archived,archived_config_repeat_summary,rows share participants and many configurations; boxplots are descriptive
20260625_2320_overfitting_sweep_stage1_rank2,optimization_and_regularization,loss_type,all_archived_config_repeats,weighted_ce,inception_time,weighted_ce,s1_045,1,42,0.625,0.6352882205513785,,N/A_continuous_participant_oof_probabilities_not_archived,archived_config_repeat_summary,rows share participants and many configurations; boxplots are descriptive
20260625_2320_overfitting_sweep_stage1_rank2,optimization_and_regularization,loss_type,all_archived_config_repeats,weighted_ce,inception_time,weighted_ce,s1_045,2,10042,0.5462962962962963,0.5494117647058824,,N/A_continuous_participant_oof_probabilities_not_archived,archived_config_repeat_summary,rows share participants and many configurations; boxplots are descriptive
20260625_2320_overfitting_sweep_stage1_rank2,optimization_and_regularization,loss_type,all_archived_config_repeats,weighted_ce,inception_time,weighted_ce,s1_045,3,20042,0.4212962962962963,0.4038336582196231,,N/A_continuous_participant_oof_probabilities_not_archived,archived_config_repeat_summary,rows share participants and many configurations; boxplots are descriptive
20260625_2320_overfitting_sweep_stage1_rank2,optimization_and_regularization,loss_type,all_archived_config_repeats,weighted_ce,inception_time,weighted_ce,s1_045,4,30042,0.5509259259259259,0.5367965367965367,,N/A_continuous_participant_oof_probabilities_not_archived,archived_config_repeat_summary,rows share participants and many configurations; boxplots are descriptive
20260625_2320_overfitting_sweep_stage1_rank2,optimization_and_regularization,loss_type,all_archived_config_repeats,weighted_ce,inception_time,weighted_ce,s1_045,5,40042,0.625,0.6217581998474447,,N/A_continuous_participant_oof_probabilities_not_archived,archived_config_repeat_summary,rows share participants and many configurations; boxplots are descriptive
20260625_2320_overfitting_sweep_stage1_rank2,optimization_and_regularization,loss_type,all_archived_config_repeats,weighted_ce,inception_time,weighted_ce,s1_046,1,42,0.625,0.6311111111111111,,N/A_continuous_participant_oof_probabilities_not_archived,archived_config_repeat_summary,rows share participants and many configurations; boxplots are descriptive
20260625_2320_overfitting_sweep_stage1_rank2,optimization_and_regularization,loss_type,all_archived_config_repeats,weighted_ce,inception_time,weighted_ce,s1_046,2,10042,0.5416666666666666,0.5373015873015873,,N/A_continuous_participant_oof_probabilities_not_archived,archived_config_repeat_summary,rows share participants and many configurations; boxplots are descriptive
20260625_2320_overfitting_sweep_stage1_rank2,optimization_and_regularization,loss_type,all_archived_config_repeats,weighted_ce,inception_time,weighted_ce,s1_046,3,20042,0.4629629629629629,0.4593892137751786,,N/A_continuous_participant_oof_probabilities_not_archived,archived_config_repeat_summary,rows share participants and many configurations; boxplots are descriptive
20260625_2320_overfitting_sweep_stage1_rank2,optimization_and_regularization,loss_type,all_archived_config_repeats,weighted_ce,inception_time,weighted_ce,s1_046,4,30042,0.5231481481481481,0.5044858523119393,,N/A_continuous_participant_oof_probabilities_not_archived,archived_config_repeat_summary,rows share participants and many configurations; boxplots are descriptive
20260625_2320_overfitting_sweep_stage1_rank2,optimization_and_regularization,loss_type,all_archived_config_repeats,weighted_ce,inception_time,weighted_ce,s1_046,5,40042,0.5277777777777778,0.5181818181818182,,N/A_continuous_participant_oof_probabilities_not_archived,archived_config_repeat_summary,rows share participants and many configurations; boxplots are descriptive
20260625_2320_overfitting_sweep_stage1_rank2,optimization_and_regularization,loss_type,all_archived_config_repeats,weighted_ce,inception_time,weighted_ce,s1_047,1,42,0.5972222222222222,0.6047619047619048,,N/A_continuous_participant_oof_probabilities_not_archived,archived_config_repeat_summary,rows share participants and many configurations; boxplots are descriptive
20260625_2320_overfitting_sweep_stage1_rank2,optimization_and_regularization,loss_type,all_archived_config_repeats,weighted_ce,inception_time,weighted_ce,s1_047,2,10042,0.4768518518518518,0.4768518518518518,,N/A_continuous_participant_oof_probabilities_not_archived,archived_config_repeat_summary,rows share participants and many configurations; boxplots are descriptive
20260625_2320_overfitting_sweep_stage1_rank2,optimization_and_regularization,loss_type,all_archived_config_repeats,weighted_ce,inception_time,weighted_ce,s1_047,3,20042,0.5046296296296297,0.5049624060150376,,N/A_continuous_participant_oof_probabilities_not_archived,archived_config_repeat_summary,rows share participants and many configurations; boxplots are descriptive
20260625_2320_overfitting_sweep_stage1_rank2,optimization_and_regularization,loss_type,all_archived_config_repeats,weighted_ce,inception_time,weighted_ce,s1_047,4,30042,0.4953703703703704,0.4706349206349207,,N/A_continuous_participant_oof_probabilities_not_archived,archived_config_repeat_summary,rows share participants and many configurations; boxplots are descriptive
20260625_2320_overfitting_sweep_stage1_rank2,optimization_and_regularization,loss_type,all_archived_config_repeats,weighted_ce,inception_time,weighted_ce,s1_047,5,40042,0.6620370370370371,0.6537878787878788,,N/A_continuous_participant_oof_probabilities_not_archived,archived_config_repeat_summary,rows share participants and many configurations; boxplots are descriptive
20260625_2320_overfitting_sweep_stage1_rank2,optimization_and_regularization,loss_type,all_archived_config_repeats,weighted_ce,inception_time,weighted_ce,s1_048,1,42,0.6342592592592592,0.6198879551820728,,N/A_continuous_participant_oof_probabilities_not_archived,archived_config_repeat_summary,rows share participants and many configurations; boxplots are descriptive
20260625_2320_overfitting_sweep_stage1_rank2,optimization_and_regularization,loss_type,all_archived_config_repeats,weighted_ce,inception_time,weighted_ce,s1_048,2,10042,0.5972222222222222,0.6031746031746031,,N/A_continuous_participant_oof_probabilities_not_archived,archived_config_repeat_summary,rows share participants and many configurations; boxplots are descriptive
20260625_2320_overfitting_sweep_stage1_rank2,optimization_and_regularization,loss_type,all_archived_config_repeats,weighted_ce,inception_time,weighted_ce,s1_048,3,20042,0.4444444444444444,0.4293098206141684,,N/A_continuous_participant_oof_probabilities_not_archived,archived_config_repeat_summary,rows share participants and many configurations; boxplots are descriptive
20260625_2320_overfitting_sweep_stage1_rank2,optimization_and_regularization,loss_type,all_archived_config_repeats,weighted_ce,inception_time,weighted_ce,s1_048,4,30042,0.5787037037037037,0.5515827612509535,,N/A_continuous_participant_oof_probabilities_not_archived,archived_config_repeat_summary,rows share participants and many configurations; boxplots are descriptive
20260625_2320_overfitting_sweep_stage1_rank2,optimization_and_regularization,loss_type,all_archived_config_repeats,weighted_ce,inception_time,weighted_ce,s1_048,5,40042,0.5185185185185185,0.5259147869674184,,N/A_continuous_participant_oof_probabilities_not_archived,archived_config_repeat_summary,rows share participants and many configurations; boxplots are descriptive
20260625_2320_overfitting_sweep_stage1_rank2,optimization_and_regularization,loss_type,all_archived_config_repeats,weighted_ce,inception_time,weighted_ce,s1_049,1,42,0.6064814814814815,0.5881419234360411,,N/A_continuous_participant_oof_probabilities_not_archived,archived_config_repeat_summary,rows share participants and many configurations; boxplots are descriptive
20260625_2320_overfitting_sweep_stage1_rank2,optimization_and_regularization,loss_type,all_archived_config_repeats,weighted_ce,inception_time,weighted_ce,s1_049,2,10042,0.5416666666666666,0.5400501253132832,,N/A_continuous_participant_oof_probabilities_not_archived,archived_config_repeat_summary,rows share participants and many configurations; boxplots are descriptive
20260625_2320_overfitting_sweep_stage1_rank2,optimization_and_regularization,loss_type,all_archived_config_repeats,weighted_ce,inception_time,weighted_ce,s1_049,3,20042,0.5277777777777778,0.5183261183261183,,N/A_continuous_participant_oof_probabilities_not_archived,archived_config_repeat_summary,rows share participants and many configurations; boxplots are descriptive
20260625_2320_overfitting_sweep_stage1_rank2,optimization_and_regularization,loss_type,all_archived_config_repeats,weighted_ce,inception_time,weighted_ce,s1_049,4,30042,0.5092592592592592,0.4742471151139882,,N/A_continuous_participant_oof_probabilities_not_archived,archived_config_repeat_summary,rows share participants and many configurations; boxplots are descriptive
20260625_2320_overfitting_sweep_stage1_rank2,optimization_and_regularization,loss_type,all_archived_config_repeats,weighted_ce,inception_time,weighted_ce,s1_049,5,40042,0.5833333333333334,0.5787878787878787,,N/A_continuous_participant_oof_probabilities_not_archived,archived_config_repeat_summary,rows share participants and many configurations; boxplots are descriptive
20260625_2320_overfitting_sweep_stage1_rank2,optimization_and_regularization,loss_type,all_archived_config_repeats,weighted_ce,inception_time,weighted_ce,s1_050,1,42,0.625,0.6302941176470589,,N/A_continuous_participant_oof_probabilities_not_archived,archived_config_repeat_summary,rows share participants and many configurations; boxplots are descriptive
20260625_2320_overfitting_sweep_stage1_rank2,optimization_and_regularization,loss_type,all_archived_config_repeats,weighted_ce,inception_time,weighted_ce,s1_050,2,10042,0.5231481481481481,0.507070707070707,,N/A_continuous_participant_oof_probabilities_not_archived,archived_config_repeat_summary,rows share participants and many configurations; boxplots are descriptive
20260625_2320_overfitting_sweep_stage1_rank2,optimization_and_regularization,loss_type,all_archived_config_repeats,weighted_ce,inception_time,weighted_ce,s1_050,3,20042,0.5,0.4874847374847375,,N/A_continuous_participant_oof_probabilities_not_archived,archived_config_repeat_summary,rows share participants and many configurations; boxplots are descriptive
20260625_2320_overfitting_sweep_stage1_rank2,optimization_and_regularization,loss_type,all_archived_config_repeats,weighted_ce,inception_time,weighted_ce,s1_050,4,30042,0.5092592592592592,0.4748283752860412,,N/A_continuous_participant_oof_probabilities_not_archived,archived_config_repeat_summary,rows share participants and many configurations; boxplots are descriptive
20260625_2320_overfitting_sweep_stage1_rank2,optimization_and_regularization,loss_type,all_archived_config_repeats,weighted_ce,inception_time,weighted_ce,s1_050,5,40042,0.5509259259259259,0.5476608187134503,,N/A_continuous_participant_oof_probabilities_not_archived,archived_config_repeat_summary,rows share participants and many configurations; boxplots are descriptive
20260625_2320_overfitting_sweep_stage1_rank2,optimization_and_regularization,loss_type,all_archived_config_repeats,weighted_ce,inception_time,weighted_ce,s1_051,1,42,0.625,0.6258169934640523,,N/A_continuous_participant_oof_probabilities_not_archived,archived_config_repeat_summary,rows share participants and many configurations; boxplots are descriptive
20260625_2320_overfitting_sweep_stage1_rank2,optimization_and_regularization,loss_type,all_archived_config_repeats,weighted_ce,inception_time,weighted_ce,s1_051,2,10042,0.5509259259259259,0.5405797101449274,,N/A_continuous_participant_oof_probabilities_not_archived,archived_config_repeat_summary,rows share participants and many configurations; boxplots are descriptive
20260625_2320_overfitting_sweep_stage1_rank2,optimization_and_regularization,loss_type,all_archived_config_repeats,weighted_ce,inception_time,weighted_ce,s1_051,3,20042,0.4583333333333333,0.4305694305694306,,N/A_continuous_participant_oof_probabilities_not_archived,archived_config_repeat_summary,rows share participants and many configurations; boxplots are descriptive
20260625_2320_overfitting_sweep_stage1_rank2,optimization_and_regularization,loss_type,all_archived_config_repeats,weighted_ce,inception_time,weighted_ce,s1_051,4,30042,0.5787037037037037,0.5515827612509535,,N/A_continuous_participant_oof_probabilities_not_archived,archived_config_repeat_summary,rows share participants and many configurations; boxplots are descriptive
20260625_2320_overfitting_sweep_stage1_rank2,optimization_and_regularization,loss_type,all_archived_config_repeats,weighted_ce,inception_time,weighted_ce,s1_051,5,40042,0.611111111111111,0.6143358395989974,,N/A_continuous_participant_oof_probabilities_not_archived,archived_config_repeat_summary,rows share participants and many configurations; boxplots are descriptive
20260625_2320_overfitting_sweep_stage1_rank2,optimization_and_regularization,loss_type,all_archived_config_repeats,weighted_ce,inception_time,weighted_ce,s1_052,1,42,0.5740740740740741,0.5544416597048175,,N/A_continuous_participant_oof_probabilities_not_archived,archived_config_repeat_summary,rows share participants and many configurations; boxplots are descriptive
20260625_2320_overfitting_sweep_stage1_rank2,optimization_and_regularization,loss_type,all_archived_config_repeats,weighted_ce,inception_time,weighted_ce,s1_052,2,10042,0.5787037037037037,0.5458089668615984,,N/A_continuous_participant_oof_probabilities_not_archived,archived_config_repeat_summary,rows share participants and many configurations; boxplots are descriptive
20260625_2320_overfitting_sweep_stage1_rank2,optimization_and_regularization,loss_type,all_archived_config_repeats,weighted_ce,inception_time,weighted_ce,s1_052,3,20042,0.5046296296296297,0.5075295075295075,,N/A_continuous_participant_oof_probabilities_not_archived,archived_config_repeat_summary,rows share participants and many configurations; boxplots are descriptive
20260625_2320_overfitting_sweep_stage1_rank2,optimization_and_regularization,loss_type,all_archived_config_repeats,weighted_ce,inception_time,weighted_ce,s1_052,4,30042,0.5787037037037037,0.5477582846003898,,N/A_continuous_participant_oof_probabilities_not_archived,archived_config_repeat_summary,rows share participants and many configurations; boxplots are descriptive
20260625_2320_overfitting_sweep_stage1_rank2,optimization_and_regularization,loss_type,all_archived_config_repeats,weighted_ce,inception_time,weighted_ce,s1_052,5,40042,0.5833333333333334,0.5917948717948719,,N/A_continuous_participant_oof_probabilities_not_archived,archived_config_repeat_summary,rows share participants and many configurations; boxplots are descriptive
20260625_2320_overfitting_sweep_stage1_rank2,optimization_and_regularization,loss_type,all_archived_config_repeats,weighted_ce,inception_time,weighted_ce,s1_053,1,42,0.5694444444444444,0.5581198986771742,,N/A_continuous_participant_oof_probabilities_not_archived,archived_config_repeat_summary,rows share participants and many configurations; boxplots are descriptive
20260625_2320_overfitting_sweep_stage1_rank2,optimization_and_regularization,loss_type,all_archived_config_repeats,weighted_ce,inception_time,weighted_ce,s1_053,2,10042,0.5370370370370371,0.5093348344122338,,N/A_continuous_participant_oof_probabilities_not_archived,archived_config_repeat_summary,rows share participants and many configurations; boxplots are descriptive
20260625_2320_overfitting_sweep_stage1_rank2,optimization_and_regularization,loss_type,all_archived_config_repeats,weighted_ce,inception_time,weighted_ce,s1_053,3,20042,0.5416666666666666,0.5373015873015873,,N/A_continuous_participant_oof_probabilities_not_archived,archived_config_repeat_summary,rows share participants and many configurations; boxplots are descriptive
20260625_2320_overfitting_sweep_stage1_rank2,optimization_and_regularization,loss_type,all_archived_config_repeats,weighted_ce,inception_time,weighted_ce,s1_053,4,30042,0.5370370370370371,0.5099160945842868,,N/A_continuous_participant_oof_probabilities_not_archived,archived_config_repeat_summary,rows share participants and many configurations; boxplots are descriptive
20260625_2320_overfitting_sweep_stage1_rank2,optimization_and_regularization,loss_type,all_archived_config_repeats,weighted_ce,inception_time,weighted_ce,s1_053,5,40042,0.5972222222222222,0.5884229289802044,,N/A_continuous_participant_oof_probabilities_not_archived,archived_config_repeat_summary,rows share participants and many configurations; boxplots are descriptive
20260625_2320_overfitting_sweep_stage1_rank2,optimization_and_regularization,loss_type,all_archived_config_repeats,weighted_ce,inception_time,weighted_ce,s1_054,1,42,0.6620370370370371,0.6658730158730158,,N/A_continuous_participant_oof_probabilities_not_archived,archived_config_repeat_summary,rows share participants and many configurations; boxplots are descriptive
20260625_2320_overfitting_sweep_stage1_rank2,optimization_and_regularization,loss_type,all_archived_config_repeats,weighted_ce,inception_time,weighted_ce,s1_054,2,10042,0.5277777777777778,0.5155929038281979,,N/A_continuous_participant_oof_probabilities_not_archived,archived_config_repeat_summary,rows share participants and many configurations; boxplots are descriptive
20260625_2320_overfitting_sweep_stage1_rank2,optimization_and_regularization,loss_type,all_archived_config_repeats,weighted_ce,inception_time,weighted_ce,s1_054,3,20042,0.5833333333333334,0.584920634920635,,N/A_continuous_participant_oof_probabilities_not_archived,archived_config_repeat_summary,rows share participants and many configurations; boxplots are descriptive
20260625_2320_overfitting_sweep_stage1_rank2,optimization_and_regularization,loss_type,all_archived_config_repeats,weighted_ce,inception_time,weighted_ce,s1_054,4,30042,0.5092592592592592,0.4708724069337879,,N/A_continuous_participant_oof_probabilities_not_archived,archived_config_repeat_summary,rows share participants and many configurations; boxplots are descriptive
20260625_2320_overfitting_sweep_stage1_rank2,optimization_and_regularization,loss_type,all_archived_config_repeats,weighted_ce,inception_time,weighted_ce,s1_054,5,40042,0.5925925925925926,0.5793650793650794,,N/A_continuous_participant_oof_probabilities_not_archived,archived_config_repeat_summary,rows share participants and many configurations; boxplots are descriptive
20260625_2320_overfitting_sweep_stage1_rank2,optimization_and_regularization,loss_type,all_archived_config_repeats,weighted_ce,inception_time,weighted_ce,s1_055,1,42,0.625,0.6302941176470589,,N/A_continuous_participant_oof_probabilities_not_archived,archived_config_repeat_summary,rows share participants and many configurations; boxplots are descriptive
20260625_2320_overfitting_sweep_stage1_rank2,optimization_and_regularization,loss_type,all_archived_config_repeats,weighted_ce,inception_time,weighted_ce,s1_055,2,10042,0.5972222222222222,0.5884229289802044,,N/A_continuous_participant_oof_probabilities_not_archived,archived_config_repeat_summary,rows share participants and many configurations; boxplots are descriptive
20260625_2320_overfitting_sweep_stage1_rank2,optimization_and_regularization,loss_type,all_archived_config_repeats,weighted_ce,inception_time,weighted_ce,s1_055,3,20042,0.5,0.4874847374847375,,N/A_continuous_participant_oof_probabilities_not_archived,archived_config_repeat_summary,rows share participants and many configurations; boxplots are descriptive
20260625_2320_overfitting_sweep_stage1_rank2,optimization_and_regularization,loss_type,all_archived_config_repeats,weighted_ce,inception_time,weighted_ce,s1_055,4,30042,0.5509259259259259,0.5100880932082977,,N/A_continuous_participant_oof_probabilities_not_archived,archived_config_repeat_summary,rows share participants and many configurations; boxplots are descriptive
20260625_2320_overfitting_sweep_stage1_rank2,optimization_and_regularization,loss_type,all_archived_config_repeats,weighted_ce,inception_time,weighted_ce,s1_055,5,40042,0.625,0.6179337231968811,,N/A_continuous_participant_oof_probabilities_not_archived,archived_config_repeat_summary,rows share participants and many configurations; boxplots are descriptive
20260625_2320_overfitting_sweep_stage1_rank2,optimization_and_regularization,loss_type,all_archived_config_repeats,weighted_ce,inception_time,weighted_ce,s1_056,1,42,0.6342592592592592,0.6262626262626262,,N/A_continuous_participant_oof_probabilities_not_archived,archived_config_repeat_summary,rows share participants and many configurations; boxplots are descriptive
20260625_2320_overfitting_sweep_stage1_rank2,optimization_and_regularization,loss_type,all_archived_config_repeats,weighted_ce,inception_time,weighted_ce,s1_056,2,10042,0.3611111111111111,0.3610333022097728,,N/A_continuous_participant_oof_probabilities_not_archived,archived_config_repeat_summary,rows share participants and many configurations; boxplots are descriptive
20260625_2320_overfitting_sweep_stage1_rank2,optimization_and_regularization,loss_type,all_archived_config_repeats,weighted_ce,inception_time,weighted_ce,s1_056,3,20042,0.5092592592592592,0.4722222222222222,,N/A_continuous_participant_oof_probabilities_not_archived,archived_config_repeat_summary,rows share participants and many configurations; boxplots are descriptive
20260625_2320_overfitting_sweep_stage1_rank2,optimization_and_regularization,loss_type,all_archived_config_repeats,weighted_ce,inception_time,weighted_ce,s1_056,4,30042,0.5740740740740741,0.556390977443609,,N/A_continuous_participant_oof_probabilities_not_archived,archived_config_repeat_summary,rows share participants and many configurations; boxplots are descriptive
20260625_2320_overfitting_sweep_stage1_rank2,optimization_and_regularization,loss_type,all_archived_config_repeats,weighted_ce,inception_time,weighted_ce,s1_056,5,40042,0.5185185185185185,0.5160183066361556,,N/A_continuous_participant_oof_probabilities_not_archived,archived_config_repeat_summary,rows share participants and many configurations; boxplots are descriptive
20260625_2320_overfitting_sweep_stage1_rank2,optimization_and_regularization,loss_type,all_archived_config_repeats,weighted_ce,inception_time,weighted_ce,s1_057,1,42,0.6620370370370371,0.658236241356446,,N/A_continuous_participant_oof_probabilities_not_archived,archived_config_repeat_summary,rows share participants and many configurations; boxplots are descriptive
20260625_2320_overfitting_sweep_stage1_rank2,optimization_and_regularization,loss_type,all_archived_config_repeats,weighted_ce,inception_time,weighted_ce,s1_057,2,10042,0.5,0.480672268907563,,N/A_continuous_participant_oof_probabilities_not_archived,archived_config_repeat_summary,rows share participants and many configurations; boxplots are descriptive
20260625_2320_overfitting_sweep_stage1_rank2,optimization_and_regularization,loss_type,all_archived_config_repeats,weighted_ce,inception_time,weighted_ce,s1_057,3,20042,0.4814814814814814,0.4588744588744588,,N/A_continuous_participant_oof_probabilities_not_archived,archived_config_repeat_summary,rows share participants and many configurations; boxplots are descriptive
20260625_2320_overfitting_sweep_stage1_rank2,optimization_and_regularization,loss_type,all_archived_config_repeats,weighted_ce,inception_time,weighted_ce,s1_057,4,30042,0.6620370370370371,0.6623376623376623,,N/A_continuous_participant_oof_probabilities_not_archived,archived_config_repeat_summary,rows share participants and many configurations; boxplots are descriptive
20260625_2320_overfitting_sweep_stage1_rank2,optimization_and_regularization,loss_type,all_archived_config_repeats,weighted_ce,inception_time,weighted_ce,s1_057,5,40042,0.5231481481481481,0.5044858523119393,,N/A_continuous_participant_oof_probabilities_not_archived,archived_config_repeat_summary,rows share participants and many configurations; boxplots are descriptive
20260625_2320_overfitting_sweep_stage1_rank2,optimization_and_regularization,loss_type,all_archived_config_repeats,weighted_ce,inception_time,weighted_ce,s1_058,1,42,0.5648148148148148,0.5492072427056948,,N/A_continuous_participant_oof_probabilities_not_archived,archived_config_repeat_summary,rows share participants and many configurations; boxplots are descriptive
20260625_2320_overfitting_sweep_stage1_rank2,optimization_and_regularization,loss_type,all_archived_config_repeats,weighted_ce,inception_time,weighted_ce,s1_058,2,10042,0.5138888888888888,0.5072463768115942,,N/A_continuous_participant_oof_probabilities_not_archived,archived_config_repeat_summary,rows share participants and many configurations; boxplots are descriptive
20260625_2320_overfitting_sweep_stage1_rank2,optimization_and_regularization,loss_type,all_archived_config_repeats,weighted_ce,inception_time,weighted_ce,s1_058,3,20042,0.5138888888888888,0.5072463768115941,,N/A_continuous_participant_oof_probabilities_not_archived,archived_config_repeat_summary,rows share participants and many configurations; boxplots are descriptive
20260625_2320_overfitting_sweep_stage1_rank2,optimization_and_regularization,loss_type,all_archived_config_repeats,weighted_ce,inception_time,weighted_ce,s1_058,4,30042,0.5370370370370371,0.5155929038281979,,N/A_continuous_participant_oof_probabilities_not_archived,archived_config_repeat_summary,rows share participants and many configurations; boxplots are descriptive
20260625_2320_overfitting_sweep_stage1_rank2,optimization_and_regularization,loss_type,all_archived_config_repeats,weighted_ce,inception_time,weighted_ce,s1_058,5,40042,0.5601851851851852,0.5521885521885522,,N/A_continuous_participant_oof_probabilities_not_archived,archived_config_repeat_summary,rows share participants and many configurations; boxplots are descriptive
20260625_2320_overfitting_sweep_stage1_rank2,optimization_and_regularization,loss_type,all_archived_config_repeats,weighted_ce,inception_time,weighted_ce,s1_059,1,42,0.5972222222222222,0.5901515151515152,,N/A_continuous_participant_oof_probabilities_not_archived,archived_config_repeat_summary,rows share participants and many configurations; boxplots are descriptive
20260625_2320_overfitting_sweep_stage1_rank2,optimization_and_regularization,loss_type,all_archived_config_repeats,weighted_ce,inception_time,weighted_ce,s1_059,2,10042,0.5555555555555555,0.5573553092734679,,N/A_continuous_participant_oof_probabilities_not_archived,archived_config_repeat_summary,rows share participants and many configurations; boxplots are descriptive
20260625_2320_overfitting_sweep_stage1_rank2,optimization_and_regularization,loss_type,all_archived_config_repeats,weighted_ce,inception_time,weighted_ce,s1_059,3,20042,0.4444444444444444,0.4294372294372294,,N/A_continuous_participant_oof_probabilities_not_archived,archived_config_repeat_summary,rows share participants and many configurations; boxplots are descriptive
20260625_2320_overfitting_sweep_stage1_rank2,optimization_and_regularization,loss_type,all_archived_config_repeats,weighted_ce,inception_time,weighted_ce,s1_059,4,30042,0.6666666666666666,0.6621212121212121,,N/A_continuous_participant_oof_probabilities_not_archived,archived_config_repeat_summary,rows share participants and many configurations; boxplots are descriptive
20260625_2320_overfitting_sweep_stage1_rank2,optimization_and_regularization,loss_type,all_archived_config_repeats,weighted_ce,inception_time,weighted_ce,s1_059,5,40042,0.4768518518518518,0.4473684210526316,,N/A_continuous_participant_oof_probabilities_not_archived,archived_config_repeat_summary,rows share participants and many configurations; boxplots are descriptive
20260625_2320_overfitting_sweep_stage1_rank2,optimization_and_regularization,loss_type,all_archived_config_repeats,weighted_ce,inception_time,weighted_ce,s1_060,1,42,0.5416666666666666,0.5182474903837133,,N/A_continuous_participant_oof_probabilities_not_archived,archived_config_repeat_summary,rows share participants and many configurations; boxplots are descriptive
20260625_2320_overfitting_sweep_stage1_rank2,optimization_and_regularization,loss_type,all_archived_config_repeats,weighted_ce,inception_time,weighted_ce,s1_060,2,10042,0.5,0.4814814814814814,,N/A_continuous_participant_oof_probabilities_not_archived,archived_config_repeat_summary,rows share participants and many configurations; boxplots are descriptive
20260625_2320_overfitting_sweep_stage1_rank2,optimization_and_regularization,loss_type,all_archived_config_repeats,weighted_ce,inception_time,weighted_ce,s1_060,3,20042,0.4768518518518518,0.4781144781144781,,N/A_continuous_participant_oof_probabilities_not_archived,archived_config_repeat_summary,rows share participants and many configurations; boxplots are descriptive
20260625_2320_overfitting_sweep_stage1_rank2,optimization_and_regularization,loss_type,all_archived_config_repeats,weighted_ce,inception_time,weighted_ce,s1_060,4,30042,0.6203703703703703,0.5932494279176201,,N/A_continuous_participant_oof_probabilities_not_archived,archived_config_repeat_summary,rows share participants and many configurations; boxplots are descriptive
20260625_2320_overfitting_sweep_stage1_rank2,optimization_and_regularization,loss_type,all_archived_config_repeats,weighted_ce,inception_time,weighted_ce,s1_060,5,40042,0.625,0.6187259592832349,,N/A_continuous_participant_oof_probabilities_not_archived,archived_config_repeat_summary,rows share participants and many configurations; boxplots are descriptive
20260625_2320_overfitting_sweep_stage1_rank2,optimization_and_regularization,loss_type,all_archived_config_repeats,weighted_ce,inception_time,weighted_ce,s1_061,1,42,0.625,0.6352882205513785,,N/A_continuous_participant_oof_probabilities_not_archived,archived_config_repeat_summary,rows share participants and many configurations; boxplots are descriptive
20260625_2320_overfitting_sweep_stage1_rank2,optimization_and_regularization,loss_type,all_archived_config_repeats,weighted_ce,inception_time,weighted_ce,s1_061,2,10042,0.5462962962962963,0.5476608187134503,,N/A_continuous_participant_oof_probabilities_not_archived,archived_config_repeat_summary,rows share participants and many configurations; boxplots are descriptive
20260625_2320_overfitting_sweep_stage1_rank2,optimization_and_regularization,loss_type,all_archived_config_repeats,weighted_ce,inception_time,weighted_ce,s1_061,3,20042,0.5416666666666666,0.5373015873015873,,N/A_continuous_participant_oof_probabilities_not_archived,archived_config_repeat_summary,rows share participants and many configurations; boxplots are descriptive
20260625_2320_overfitting_sweep_stage1_rank2,optimization_and_regularization,loss_type,all_archived_config_repeats,weighted_ce,inception_time,weighted_ce,s1_061,4,30042,0.5231481481481481,0.5044858523119393,,N/A_continuous_participant_oof_probabilities_not_archived,archived_config_repeat_summary,rows share participants and many configurations; boxplots are descriptive
20260625_2320_overfitting_sweep_stage1_rank2,optimization_and_regularization,loss_type,all_archived_config_repeats,weighted_ce,inception_time,weighted_ce,s1_061,5,40042,0.6527777777777778,0.6527777777777778,,N/A_continuous_participant_oof_probabilities_not_archived,archived_config_repeat_summary,rows share participants and many configurations; boxplots are descriptive
20260625_2320_overfitting_sweep_stage1_rank2,optimization_and_regularization,loss_type,all_archived_config_repeats,weighted_ce,inception_time,weighted_ce,s1_062,1,42,0.3564814814814814,0.3434343434343434,,N/A_continuous_participant_oof_probabilities_not_archived,archived_config_repeat_summary,rows share participants and many configurations; boxplots are descriptive
20260625_2320_overfitting_sweep_stage1_rank2,optimization_and_regularization,loss_type,all_archived_config_repeats,weighted_ce,inception_time,weighted_ce,s1_062,2,10042,0.3518518518518518,0.3464052287581698,,N/A_continuous_participant_oof_probabilities_not_archived,archived_config_repeat_summary,rows share participants and many configurations; boxplots are descriptive
20260625_2320_overfitting_sweep_stage1_rank2,optimization_and_regularization,loss_type,all_archived_config_repeats,weighted_ce,inception_time,weighted_ce,s1_062,3,20042,0.4583333333333333,0.4490740740740741,,N/A_continuous_participant_oof_probabilities_not_archived,archived_config_repeat_summary,rows share participants and many configurations; boxplots are descriptive
20260625_2320_overfitting_sweep_stage1_rank2,optimization_and_regularization,loss_type,all_archived_config_repeats,weighted_ce,inception_time,weighted_ce,s1_062,4,30042,0.3935185185185185,0.3796296296296296,,N/A_continuous_participant_oof_probabilities_not_archived,archived_config_repeat_summary,rows share participants and many configurations; boxplots are descriptive
20260625_2320_overfitting_sweep_stage1_rank2,optimization_and_regularization,loss_type,all_archived_config_repeats,weighted_ce,inception_time,weighted_ce,s1_062,5,40042,0.4166666666666667,0.4107744107744107,,N/A_continuous_participant_oof_probabilities_not_archived,archived_config_repeat_summary,rows share participants and many configurations; boxplots are descriptive
20260625_2320_overfitting_sweep_stage1_rank2,optimization_and_regularization,loss_type,all_archived_config_repeats,weighted_ce,inception_time,weighted_ce,s1_063,1,42,0.3055555555555555,0.2510822510822511,,N/A_continuous_participant_oof_probabilities_not_archived,archived_config_repeat_summary,rows share participants and many configurations; boxplots are descriptive
20260625_2320_overfitting_sweep_stage1_rank2,optimization_and_regularization,loss_type,all_archived_config_repeats,weighted_ce,inception_time,weighted_ce,s1_063,2,10042,0.3657407407407407,0.3457284515636918,,N/A_continuous_participant_oof_probabilities_not_archived,archived_config_repeat_summary,rows share participants and many configurations; boxplots are descriptive
20260625_2320_overfitting_sweep_stage1_rank2,optimization_and_regularization,loss_type,all_archived_config_repeats,weighted_ce,inception_time,weighted_ce,s1_063,3,20042,0.4212962962962963,0.4074074074074074,,N/A_continuous_participant_oof_probabilities_not_archived,archived_config_repeat_summary,rows share participants and many configurations; boxplots are descriptive
20260625_2320_overfitting_sweep_stage1_rank2,optimization_and_regularization,loss_type,all_archived_config_repeats,weighted_ce,inception_time,weighted_ce,s1_063,4,30042,0.4444444444444444,0.4081232492997199,,N/A_continuous_participant_oof_probabilities_not_archived,archived_config_repeat_summary,rows share participants and many configurations; boxplots are descriptive
20260625_2320_overfitting_sweep_stage1_rank2,optimization_and_regularization,loss_type,all_archived_config_repeats,weighted_ce,inception_time,weighted_ce,s1_063,5,40042,0.4629629629629629,0.4535134628013885,,N/A_continuous_participant_oof_probabilities_not_archived,archived_config_repeat_summary,rows share participants and many configurations; boxplots are descriptive
20260625_2320_overfitting_sweep_stage1_rank2,optimization_and_regularization,loss_type,all_archived_config_repeats,balanced_softmax,inception_time,balanced_softmax,s1_064,1,42,0.5694444444444444,0.5589225589225589,,N/A_continuous_participant_oof_probabilities_not_archived,archived_config_repeat_summary,rows share participants and many configurations; boxplots are descriptive
20260625_2320_overfitting_sweep_stage1_rank2,optimization_and_regularization,loss_type,all_archived_config_repeats,balanced_softmax,inception_time,balanced_softmax,s1_064,2,10042,0.5879629629629629,0.5836382399849892,,N/A_continuous_participant_oof_probabilities_not_archived,archived_config_repeat_summary,rows share participants and many configurations; boxplots are descriptive
20260625_2320_overfitting_sweep_stage1_rank2,optimization_and_regularization,loss_type,all_archived_config_repeats,balanced_softmax,inception_time,balanced_softmax,s1_064,3,20042,0.5231481481481481,0.5044858523119393,,N/A_continuous_participant_oof_probabilities_not_archived,archived_config_repeat_summary,rows share participants and many configurations; boxplots are descriptive
20260625_2320_overfitting_sweep_stage1_rank2,optimization_and_regularization,loss_type,all_archived_config_repeats,balanced_softmax,inception_time,balanced_softmax,s1_064,4,30042,0.5787037037037037,0.5515827612509535,,N/A_continuous_participant_oof_probabilities_not_archived,archived_config_repeat_summary,rows share participants and many configurations; boxplots are descriptive
20260625_2320_overfitting_sweep_stage1_rank2,optimization_and_regularization,loss_type,all_archived_config_repeats,balanced_softmax,inception_time,balanced_softmax,s1_064,5,40042,0.5185185185185185,0.5238095238095238,,N/A_continuous_participant_oof_probabilities_not_archived,archived_config_repeat_summary,rows share participants and many configurations; boxplots are descriptive
20260625_2320_overfitting_sweep_stage1_rank2,optimization_and_regularization,loss_type,all_archived_config_repeats,focal_loss,inception_time,focal_loss,s1_065,1,42,0.5555555555555555,0.5511060259344012,,N/A_continuous_participant_oof_probabilities_not_archived,archived_config_repeat_summary,rows share participants and many configurations; boxplots are descriptive
20260625_2320_overfitting_sweep_stage1_rank2,optimization_and_regularization,loss_type,all_archived_config_repeats,focal_loss,inception_time,focal_loss,s1_065,2,10042,0.5416666666666666,0.5373015873015873,,N/A_continuous_participant_oof_probabilities_not_archived,archived_config_repeat_summary,rows share participants and many configurations; boxplots are descriptive
20260625_2320_overfitting_sweep_stage1_rank2,optimization_and_regularization,loss_type,all_archived_config_repeats,focal_loss,inception_time,focal_loss,s1_065,3,20042,0.5787037037037037,0.5792592592592593,,N/A_continuous_participant_oof_probabilities_not_archived,archived_config_repeat_summary,rows share participants and many configurations; boxplots are descriptive
20260625_2320_overfitting_sweep_stage1_rank2,optimization_and_regularization,loss_type,all_archived_config_repeats,focal_loss,inception_time,focal_loss,s1_065,4,30042,0.5925925925925926,0.5850241545893718,,N/A_continuous_participant_oof_probabilities_not_archived,archived_config_repeat_summary,rows share participants and many configurations; boxplots are descriptive
20260625_2320_overfitting_sweep_stage1_rank2,optimization_and_regularization,loss_type,all_archived_config_repeats,focal_loss,inception_time,focal_loss,s1_065,5,40042,0.5833333333333334,0.5993650793650794,,N/A_continuous_participant_oof_probabilities_not_archived,archived_config_repeat_summary,rows share participants and many configurations; boxplots are descriptive
20260625_2320_overfitting_sweep_stage1_rank2,optimization_and_regularization,loss_type,all_archived_config_repeats,weighted_ce,inception_time,weighted_ce,s1_066,1,42,0.625,0.6352882205513785,,N/A_continuous_participant_oof_probabilities_not_archived,archived_config_repeat_summary,rows share participants and many configurations; boxplots are descriptive
20260625_2320_overfitting_sweep_stage1_rank2,optimization_and_regularization,loss_type,all_archived_config_repeats,weighted_ce,inception_time,weighted_ce,s1_066,2,10042,0.5324074074074074,0.5316290726817042,,N/A_continuous_participant_oof_probabilities_not_archived,archived_config_repeat_summary,rows share participants and many configurations; boxplots are descriptive
20260625_2320_overfitting_sweep_stage1_rank2,optimization_and_regularization,loss_type,all_archived_config_repeats,weighted_ce,inception_time,weighted_ce,s1_066,3,20042,0.4583333333333333,0.435042735042735,,N/A_continuous_participant_oof_probabilities_not_archived,archived_config_repeat_summary,rows share participants and many configurations; boxplots are descriptive
20260625_2320_overfitting_sweep_stage1_rank2,optimization_and_regularization,loss_type,all_archived_config_repeats,weighted_ce,inception_time,weighted_ce,s1_066,4,30042,0.5231481481481481,0.5044858523119393,,N/A_continuous_participant_oof_probabilities_not_archived,archived_config_repeat_summary,rows share participants and many configurations; boxplots are descriptive
20260625_2320_overfitting_sweep_stage1_rank2,optimization_and_regularization,loss_type,all_archived_config_repeats,weighted_ce,inception_time,weighted_ce,s1_066,5,40042,0.625,0.6204545454545455,,N/A_continuous_participant_oof_probabilities_not_archived,archived_config_repeat_summary,rows share participants and many configurations; boxplots are descriptive
20260625_2320_overfitting_sweep_stage1_rank2,optimization_and_regularization,loss_type,all_archived_config_repeats,weighted_ce,inception_time,weighted_ce,s1_067,1,42,0.5879629629629629,0.5454805491990847,,N/A_continuous_participant_oof_probabilities_not_archived,archived_config_repeat_summary,rows share participants and many configurations; boxplots are descriptive
20260625_2320_overfitting_sweep_stage1_rank2,optimization_and_regularization,loss_type,all_archived_config_repeats,weighted_ce,inception_time,weighted_ce,s1_067,2,10042,0.5972222222222222,0.5865546218487395,,N/A_continuous_participant_oof_probabilities_not_archived,archived_config_repeat_summary,rows share participants and many configurations; boxplots are descriptive
20260625_2320_overfitting_sweep_stage1_rank2,optimization_and_regularization,loss_type,all_archived_config_repeats,weighted_ce,inception_time,weighted_ce,s1_067,3,20042,0.5138888888888888,0.5072463768115941,,N/A_continuous_participant_oof_probabilities_not_archived,archived_config_repeat_summary,rows share participants and many configurations; boxplots are descriptive
20260625_2320_overfitting_sweep_stage1_rank2,optimization_and_regularization,loss_type,all_archived_config_repeats,weighted_ce,inception_time,weighted_ce,s1_067,4,30042,0.5370370370370371,0.5099160945842868,,N/A_continuous_participant_oof_probabilities_not_archived,archived_config_repeat_summary,rows share participants and many configurations; boxplots are descriptive
20260625_2320_overfitting_sweep_stage1_rank2,optimization_and_regularization,loss_type,all_archived_config_repeats,weighted_ce,inception_time,weighted_ce,s1_067,5,40042,0.625,0.6251207729468599,,N/A_continuous_participant_oof_probabilities_not_archived,archived_config_repeat_summary,rows share participants and many configurations; boxplots are descriptive
20260625_2320_overfitting_sweep_stage1_rank2,optimization_and_regularization,loss_type,all_archived_config_repeats,weighted_ce,inception_time,weighted_ce,s1_068,1,42,0.6064814814814815,0.5828460038986355,,N/A_continuous_participant_oof_probabilities_not_archived,archived_config_repeat_summary,rows share participants and many configurations; boxplots are descriptive
20260625_2320_overfitting_sweep_stage1_rank2,optimization_and_regularization,loss_type,all_archived_config_repeats,weighted_ce,inception_time,weighted_ce,s1_068,2,10042,0.5324074074074074,0.5214752567693745,,N/A_continuous_participant_oof_probabilities_not_archived,archived_config_repeat_summary,rows share participants and many configurations; boxplots are descriptive
20260625_2320_overfitting_sweep_stage1_rank2,optimization_and_regularization,loss_type,all_archived_config_repeats,weighted_ce,inception_time,weighted_ce,s1_068,3,20042,0.5416666666666666,0.5373015873015873,,N/A_continuous_participant_oof_probabilities_not_archived,archived_config_repeat_summary,rows share participants and many configurations; boxplots are descriptive
20260625_2320_overfitting_sweep_stage1_rank2,optimization_and_regularization,loss_type,all_archived_config_repeats,weighted_ce,inception_time,weighted_ce,s1_068,4,30042,0.5787037037037037,0.5485505206867436,,N/A_continuous_participant_oof_probabilities_not_archived,archived_config_repeat_summary,rows share participants and many configurations; boxplots are descriptive
20260625_2320_overfitting_sweep_stage1_rank2,optimization_and_regularization,loss_type,all_archived_config_repeats,weighted_ce,inception_time,weighted_ce,s1_068,5,40042,0.5694444444444444,0.5533352096819589,,N/A_continuous_participant_oof_probabilities_not_archived,archived_config_repeat_summary,rows share participants and many configurations; boxplots are descriptive
20260625_2320_overfitting_sweep_stage1_rank2,optimization_and_regularization,loss_type,all_archived_config_repeats,weighted_ce,inception_time,weighted_ce,s1_069,1,42,0.611111111111111,0.5914786967418545,,N/A_continuous_participant_oof_probabilities_not_archived,archived_config_repeat_summary,rows share participants and many configurations; boxplots are descriptive
20260625_2320_overfitting_sweep_stage1_rank2,optimization_and_regularization,loss_type,all_archived_config_repeats,weighted_ce,inception_time,weighted_ce,s1_069,2,10042,0.5231481481481481,0.507070707070707,,N/A_continuous_participant_oof_probabilities_not_archived,archived_config_repeat_summary,rows share participants and many configurations; boxplots are descriptive
20260625_2320_overfitting_sweep_stage1_rank2,optimization_and_regularization,loss_type,all_archived_config_repeats,weighted_ce,inception_time,weighted_ce,s1_069,3,20042,0.4722222222222221,0.4582953278605453,,N/A_continuous_participant_oof_probabilities_not_archived,archived_config_repeat_summary,rows share participants and many configurations; boxplots are descriptive
20260625_2320_overfitting_sweep_stage1_rank2,optimization_and_regularization,loss_type,all_archived_config_repeats,weighted_ce,inception_time,weighted_ce,s1_069,4,30042,0.5231481481481481,0.5044858523119393,,N/A_continuous_participant_oof_probabilities_not_archived,archived_config_repeat_summary,rows share participants and many configurations; boxplots are descriptive
20260625_2320_overfitting_sweep_stage1_rank2,optimization_and_regularization,loss_type,all_archived_config_repeats,weighted_ce,inception_time,weighted_ce,s1_069,5,40042,0.5694444444444444,0.5548085901027077,,N/A_continuous_participant_oof_probabilities_not_archived,archived_config_repeat_summary,rows share participants and many configurations; boxplots are descriptive
20260625_2320_overfitting_sweep_stage1_rank2,optimization_and_regularization,loss_type,all_archived_config_repeats,weighted_ce,inception_time,weighted_ce,s1_070,1,42,0.625,0.6311111111111111,,N/A_continuous_participant_oof_probabilities_not_archived,archived_config_repeat_summary,rows share participants and many configurations; boxplots are descriptive
20260625_2320_overfitting_sweep_stage1_rank2,optimization_and_regularization,loss_type,all_archived_config_repeats,weighted_ce,inception_time,weighted_ce,s1_070,2,10042,0.5370370370370371,0.5121212121212121,,N/A_continuous_participant_oof_probabilities_not_archived,archived_config_repeat_summary,rows share participants and many configurations; boxplots are descriptive
20260625_2320_overfitting_sweep_stage1_rank2,optimization_and_regularization,loss_type,all_archived_config_repeats,weighted_ce,inception_time,weighted_ce,s1_070,3,20042,0.4953703703703704,0.4706349206349207,,N/A_continuous_participant_oof_probabilities_not_archived,archived_config_repeat_summary,rows share participants and many configurations; boxplots are descriptive
20260625_2320_overfitting_sweep_stage1_rank2,optimization_and_regularization,loss_type,all_archived_config_repeats,weighted_ce,inception_time,weighted_ce,s1_070,4,30042,0.5509259259259259,0.5100880932082977,,N/A_continuous_participant_oof_probabilities_not_archived,archived_config_repeat_summary,rows share participants and many configurations; boxplots are descriptive
20260625_2320_overfitting_sweep_stage1_rank2,optimization_and_regularization,loss_type,all_archived_config_repeats,weighted_ce,inception_time,weighted_ce,s1_070,5,40042,0.5879629629629629,0.5866013071895425,,N/A_continuous_participant_oof_probabilities_not_archived,archived_config_repeat_summary,rows share participants and many configurations; boxplots are descriptive
20260625_2320_overfitting_sweep_stage1_rank2,optimization_and_regularization,loss_type,all_archived_config_repeats,weighted_ce,inception_time,weighted_ce,s1_071,1,42,0.5416666666666666,0.5226956279587859,,N/A_continuous_participant_oof_probabilities_not_archived,archived_config_repeat_summary,rows share participants and many configurations; boxplots are descriptive
20260625_2320_overfitting_sweep_stage1_rank2,optimization_and_regularization,loss_type,all_archived_config_repeats,weighted_ce,inception_time,weighted_ce,s1_071,2,10042,0.4907407407407407,0.4848484848484848,,N/A_continuous_participant_oof_probabilities_not_archived,archived_config_repeat_summary,rows share participants and many configurations; boxplots are descriptive
20260625_2320_overfitting_sweep_stage1_rank2,optimization_and_regularization,loss_type,all_archived_config_repeats,weighted_ce,inception_time,weighted_ce,s1_071,3,20042,0.4861111111111111,0.4755003450655624,,N/A_continuous_participant_oof_probabilities_not_archived,archived_config_repeat_summary,rows share participants and many configurations; boxplots are descriptive
20260625_2320_overfitting_sweep_stage1_rank2,optimization_and_regularization,loss_type,all_archived_config_repeats,weighted_ce,inception_time,weighted_ce,s1_071,4,30042,0.4953703703703704,0.4695652173913043,,N/A_continuous_participant_oof_probabilities_not_archived,archived_config_repeat_summary,rows share participants and many configurations; boxplots are descriptive
20260625_2320_overfitting_sweep_stage1_rank2,optimization_and_regularization,loss_type,all_archived_config_repeats,weighted_ce,inception_time,weighted_ce,s1_071,5,40042,0.5972222222222222,0.5892857142857143,,N/A_continuous_participant_oof_probabilities_not_archived,archived_config_repeat_summary,rows share participants and many configurations; boxplots are descriptive
20260625_2320_overfitting_sweep_stage1_rank2,optimization_and_regularization,loss_type,all_archived_config_repeats,weighted_ce,inception_time,weighted_ce,s1_072,1,42,0.5787037037037037,0.5516339869281045,,N/A_continuous_participant_oof_probabilities_not_archived,archived_config_repeat_summary,rows share participants and many configurations; boxplots are descriptive
20260625_2320_overfitting_sweep_stage1_rank2,optimization_and_regularization,loss_type,all_archived_config_repeats,weighted_ce,inception_time,weighted_ce,s1_072,2,10042,0.5555555555555555,0.5511060259344012,,N/A_continuous_participant_oof_probabilities_not_archived,archived_config_repeat_summary,rows share participants and many configurations; boxplots are descriptive
20260625_2320_overfitting_sweep_stage1_rank2,optimization_and_regularization,loss_type,all_archived_config_repeats,weighted_ce,inception_time,weighted_ce,s1_072,3,20042,0.4861111111111111,0.4739130434782608,,N/A_continuous_participant_oof_probabilities_not_archived,archived_config_repeat_summary,rows share participants and many configurations; boxplots are descriptive
20260625_2320_overfitting_sweep_stage1_rank2,optimization_and_regularization,loss_type,all_archived_config_repeats,weighted_ce,inception_time,weighted_ce,s1_072,4,30042,0.5787037037037037,0.5485505206867436,,N/A_continuous_participant_oof_probabilities_not_archived,archived_config_repeat_summary,rows share participants and many configurations; boxplots are descriptive
20260625_2320_overfitting_sweep_stage1_rank2,optimization_and_regularization,loss_type,all_archived_config_repeats,weighted_ce,inception_time,weighted_ce,s1_072,5,40042,0.5833333333333334,0.5803751803751803,,N/A_continuous_participant_oof_probabilities_not_archived,archived_config_repeat_summary,rows share participants and many configurations; boxplots are descriptive
20260625_2320_overfitting_sweep_stage1_rank2,optimization_and_regularization,loss_type,all_archived_config_repeats,weighted_ce,inception_time,weighted_ce,s1_073,1,42,0.5231481481481481,0.5277023629964807,,N/A_continuous_participant_oof_probabilities_not_archived,archived_config_repeat_summary,rows share participants and many configurations; boxplots are descriptive
20260625_2320_overfitting_sweep_stage1_rank2,optimization_and_regularization,loss_type,all_archived_config_repeats,weighted_ce,inception_time,weighted_ce,s1_073,2,10042,0.5972222222222222,0.5865546218487395,,N/A_continuous_participant_oof_probabilities_not_archived,archived_config_repeat_summary,rows share participants and many configurations; boxplots are descriptive
20260625_2320_overfitting_sweep_stage1_rank2,optimization_and_regularization,loss_type,all_archived_config_repeats,weighted_ce,inception_time,weighted_ce,s1_073,3,20042,0.4444444444444444,0.4319291819291819,,N/A_continuous_participant_oof_probabilities_not_archived,archived_config_repeat_summary,rows share participants and many configurations; boxplots are descriptive
20260625_2320_overfitting_sweep_stage1_rank2,optimization_and_regularization,loss_type,all_archived_config_repeats,weighted_ce,inception_time,weighted_ce,s1_073,4,30042,0.5509259259259259,0.5126705653021443,,N/A_continuous_participant_oof_probabilities_not_archived,archived_config_repeat_summary,rows share participants and many configurations; boxplots are descriptive
20260625_2320_overfitting_sweep_stage1_rank2,optimization_and_regularization,loss_type,all_archived_config_repeats,weighted_ce,inception_time,weighted_ce,s1_073,5,40042,0.5601851851851852,0.5532212885154061,,N/A_continuous_participant_oof_probabilities_not_archived,archived_config_repeat_summary,rows share participants and many configurations; boxplots are descriptive
20260625_2320_overfitting_sweep_stage1_rank2,optimization_and_regularization,loss_type,all_archived_config_repeats,weighted_ce,inception_time,weighted_ce,s1_074,1,42,0.6620370370370371,0.6658730158730158,,N/A_continuous_participant_oof_probabilities_not_archived,archived_config_repeat_summary,rows share participants and many configurations; boxplots are descriptive
20260625_2320_overfitting_sweep_stage1_rank2,optimization_and_regularization,loss_type,all_archived_config_repeats,weighted_ce,inception_time,weighted_ce,s1_074,2,10042,0.4861111111111111,0.4796885261281546,,N/A_continuous_participant_oof_probabilities_not_archived,archived_config_repeat_summary,rows share participants and many configurations; boxplots are descriptive
20260625_2320_overfitting_sweep_stage1_rank2,optimization_and_regularization,loss_type,all_archived_config_repeats,weighted_ce,inception_time,weighted_ce,s1_074,3,20042,0.5138888888888888,0.510989010989011,,N/A_continuous_participant_oof_probabilities_not_archived,archived_config_repeat_summary,rows share participants and many configurations; boxplots are descriptive
20260625_2320_overfitting_sweep_stage1_rank2,optimization_and_regularization,loss_type,all_archived_config_repeats,weighted_ce,inception_time,weighted_ce,s1_074,4,30042,0.5509259259259259,0.5100880932082977,,N/A_continuous_participant_oof_probabilities_not_archived,archived_config_repeat_summary,rows share participants and many configurations; boxplots are descriptive
20260625_2320_overfitting_sweep_stage1_rank2,optimization_and_regularization,loss_type,all_archived_config_repeats,weighted_ce,inception_time,weighted_ce,s1_074,5,40042,0.625,0.6217581998474447,,N/A_continuous_participant_oof_probabilities_not_archived,archived_config_repeat_summary,rows share participants and many configurations; boxplots are descriptive
20260625_2320_overfitting_sweep_stage1_rank2,optimization_and_regularization,loss_type,all_archived_config_repeats,weighted_ce,inception_time,weighted_ce,s1_075,1,42,0.5879629629629629,0.5961538461538461,,N/A_continuous_participant_oof_probabilities_not_archived,archived_config_repeat_summary,rows share participants and many configurations; boxplots are descriptive
20260625_2320_overfitting_sweep_stage1_rank2,optimization_and_regularization,loss_type,all_archived_config_repeats,weighted_ce,inception_time,weighted_ce,s1_075,2,10042,0.6064814814814815,0.5849673202614379,,N/A_continuous_participant_oof_probabilities_not_archived,archived_config_repeat_summary,rows share participants and many configurations; boxplots are descriptive
20260625_2320_overfitting_sweep_stage1_rank2,optimization_and_regularization,loss_type,all_archived_config_repeats,weighted_ce,inception_time,weighted_ce,s1_075,3,20042,0.5416666666666666,0.5373015873015873,,N/A_continuous_participant_oof_probabilities_not_archived,archived_config_repeat_summary,rows share participants and many configurations; boxplots are descriptive
20260625_2320_overfitting_sweep_stage1_rank2,optimization_and_regularization,loss_type,all_archived_config_repeats,weighted_ce,inception_time,weighted_ce,s1_075,4,30042,0.5092592592592592,0.4722222222222222,,N/A_continuous_participant_oof_probabilities_not_archived,archived_config_repeat_summary,rows share participants and many configurations; boxplots are descriptive
20260625_2320_overfitting_sweep_stage1_rank2,optimization_and_regularization,loss_type,all_archived_config_repeats,weighted_ce,inception_time,weighted_ce,s1_075,5,40042,0.6527777777777778,0.6527777777777778,,N/A_continuous_participant_oof_probabilities_not_archived,archived_config_repeat_summary,rows share participants and many configurations; boxplots are descriptive
20260625_2320_overfitting_sweep_stage1_rank2,optimization_and_regularization,loss_type,all_archived_config_repeats,weighted_ce,inception_time,weighted_ce,s1_076,1,42,0.6481481481481481,0.6192982456140351,,N/A_continuous_participant_oof_probabilities_not_archived,archived_config_repeat_summary,rows share participants and many configurations; boxplots are descriptive
20260625_2320_overfitting_sweep_stage1_rank2,optimization_and_regularization,loss_type,all_archived_config_repeats,weighted_ce,inception_time,weighted_ce,s1_076,2,10042,0.4861111111111111,0.4782608695652174,,N/A_continuous_participant_oof_probabilities_not_archived,archived_config_repeat_summary,rows share participants and many configurations; boxplots are descriptive
20260625_2320_overfitting_sweep_stage1_rank2,optimization_and_regularization,loss_type,all_archived_config_repeats,weighted_ce,inception_time,weighted_ce,s1_076,3,20042,0.4814814814814814,0.4569778048038918,,N/A_continuous_participant_oof_probabilities_not_archived,archived_config_repeat_summary,rows share participants and many configurations; boxplots are descriptive
20260625_2320_overfitting_sweep_stage1_rank2,optimization_and_regularization,loss_type,all_archived_config_repeats,weighted_ce,inception_time,weighted_ce,s1_076,4,30042,0.5231481481481481,0.5044858523119393,,N/A_continuous_participant_oof_probabilities_not_archived,archived_config_repeat_summary,rows share participants and many configurations; boxplots are descriptive
20260625_2320_overfitting_sweep_stage1_rank2,optimization_and_regularization,loss_type,all_archived_config_repeats,weighted_ce,inception_time,weighted_ce,s1_076,5,40042,0.5694444444444444,0.5548085901027077,,N/A_continuous_participant_oof_probabilities_not_archived,archived_config_repeat_summary,rows share participants and many configurations; boxplots are descriptive
20260625_2320_overfitting_sweep_stage1_rank2,optimization_and_regularization,loss_type,all_archived_config_repeats,weighted_ce,inception_time,weighted_ce,s1_077,1,42,0.6388888888888888,0.631429383347542,,N/A_continuous_participant_oof_probabilities_not_archived,archived_config_repeat_summary,rows share participants and many configurations; boxplots are descriptive
20260625_2320_overfitting_sweep_stage1_rank2,optimization_and_regularization,loss_type,all_archived_config_repeats,weighted_ce,inception_time,weighted_ce,s1_077,2,10042,0.4861111111111111,0.4782608695652174,,N/A_continuous_participant_oof_probabilities_not_archived,archived_config_repeat_summary,rows share participants and many configurations; boxplots are descriptive
20260625_2320_overfitting_sweep_stage1_rank2,optimization_and_regularization,loss_type,all_archived_config_repeats,weighted_ce,inception_time,weighted_ce,s1_077,3,20042,0.4166666666666667,0.3962148962148962,,N/A_continuous_participant_oof_probabilities_not_archived,archived_config_repeat_summary,rows share participants and many configurations; boxplots are descriptive
20260625_2320_overfitting_sweep_stage1_rank2,optimization_and_regularization,loss_type,all_archived_config_repeats,weighted_ce,inception_time,weighted_ce,s1_077,4,30042,0.5370370370370371,0.5121212121212121,,N/A_continuous_participant_oof_probabilities_not_archived,archived_config_repeat_summary,rows share participants and many configurations; boxplots are descriptive
20260625_2320_overfitting_sweep_stage1_rank2,optimization_and_regularization,loss_type,all_archived_config_repeats,weighted_ce,inception_time,weighted_ce,s1_077,5,40042,0.5879629629629629,0.587962962962963,,N/A_continuous_participant_oof_probabilities_not_archived,archived_config_repeat_summary,rows share participants and many configurations; boxplots are descriptive
20260625_2320_overfitting_sweep_stage1_rank2,optimization_and_regularization,loss_type,all_archived_config_repeats,weighted_ce,inception_time,weighted_ce,s1_078,1,42,0.6620370370370371,0.6538136785814804,,N/A_continuous_participant_oof_probabilities_not_archived,archived_config_repeat_summary,rows share participants and many configurations; boxplots are descriptive
20260625_2320_overfitting_sweep_stage1_rank2,optimization_and_regularization,loss_type,all_archived_config_repeats,weighted_ce,inception_time,weighted_ce,s1_078,2,10042,0.5509259259259259,0.5100880932082977,,N/A_continuous_participant_oof_probabilities_not_archived,archived_config_repeat_summary,rows share participants and many configurations; boxplots are descriptive
20260625_2320_overfitting_sweep_stage1_rank2,optimization_and_regularization,loss_type,all_archived_config_repeats,weighted_ce,inception_time,weighted_ce,s1_078,3,20042,0.4722222222222221,0.4597069597069597,,N/A_continuous_participant_oof_probabilities_not_archived,archived_config_repeat_summary,rows share participants and many configurations; boxplots are descriptive
20260625_2320_overfitting_sweep_stage1_rank2,optimization_and_regularization,loss_type,all_archived_config_repeats,weighted_ce,inception_time,weighted_ce,s1_078,4,30042,0.5787037037037037,0.5515827612509535,,N/A_continuous_participant_oof_probabilities_not_archived,archived_config_repeat_summary,rows share participants and many configurations; boxplots are descriptive
20260625_2320_overfitting_sweep_stage1_rank2,optimization_and_regularization,loss_type,all_archived_config_repeats,weighted_ce,inception_time,weighted_ce,s1_078,5,40042,0.5509259259259259,0.5494117647058824,,N/A_continuous_participant_oof_probabilities_not_archived,archived_config_repeat_summary,rows share participants and many configurations; boxplots are descriptive
20260625_2320_overfitting_sweep_stage1_rank2,optimization_and_regularization,loss_type,all_archived_config_repeats,weighted_ce,inception_time,weighted_ce,s1_079,1,42,0.625,0.6251207729468599,,N/A_continuous_participant_oof_probabilities_not_archived,archived_config_repeat_summary,rows share participants and many configurations; boxplots are descriptive
20260625_2320_overfitting_sweep_stage1_rank2,optimization_and_regularization,loss_type,all_archived_config_repeats,weighted_ce,inception_time,weighted_ce,s1_079,2,10042,0.5277777777777778,0.5189042124026644,,N/A_continuous_participant_oof_probabilities_not_archived,archived_config_repeat_summary,rows share participants and many configurations; boxplots are descriptive
20260625_2320_overfitting_sweep_stage1_rank2,optimization_and_regularization,loss_type,all_archived_config_repeats,weighted_ce,inception_time,weighted_ce,s1_079,3,20042,0.4814814814814814,0.4584541062801932,,N/A_continuous_participant_oof_probabilities_not_archived,archived_config_repeat_summary,rows share participants and many configurations; boxplots are descriptive
20260625_2320_overfitting_sweep_stage1_rank2,optimization_and_regularization,loss_type,all_archived_config_repeats,weighted_ce,inception_time,weighted_ce,s1_079,4,30042,0.6944444444444443,0.6985507246376811,,N/A_continuous_participant_oof_probabilities_not_archived,archived_config_repeat_summary,rows share participants and many configurations; boxplots are descriptive
20260625_2320_overfitting_sweep_stage1_rank2,optimization_and_regularization,loss_type,all_archived_config_repeats,weighted_ce,inception_time,weighted_ce,s1_079,5,40042,0.5046296296296297,0.4881419234360411,,N/A_continuous_participant_oof_probabilities_not_archived,archived_config_repeat_summary,rows share participants and many configurations; boxplots are descriptive
20260625_2320_overfitting_sweep_stage1_rank2,optimization_and_regularization,loss_type,all_archived_config_repeats,weighted_ce,inception_time,weighted_ce,s1_080,1,42,0.5416666666666666,0.5182474903837133,,N/A_continuous_participant_oof_probabilities_not_archived,archived_config_repeat_summary,rows share participants and many configurations; boxplots are descriptive
20260625_2320_overfitting_sweep_stage1_rank2,optimization_and_regularization,loss_type,all_archived_config_repeats,weighted_ce,inception_time,weighted_ce,s1_080,2,10042,0.5,0.4838468720821662,,N/A_continuous_participant_oof_probabilities_not_archived,archived_config_repeat_summary,rows share participants and many configurations; boxplots are descriptive
20260625_2320_overfitting_sweep_stage1_rank2,optimization_and_regularization,loss_type,all_archived_config_repeats,weighted_ce,inception_time,weighted_ce,s1_080,3,20042,0.4768518518518518,0.4781144781144781,,N/A_continuous_participant_oof_probabilities_not_archived,archived_config_repeat_summary,rows share participants and many configurations; boxplots are descriptive
20260625_2320_overfitting_sweep_stage1_rank2,optimization_and_regularization,loss_type,all_archived_config_repeats,weighted_ce,inception_time,weighted_ce,s1_080,4,30042,0.5787037037037037,0.5584541062801932,,N/A_continuous_participant_oof_probabilities_not_archived,archived_config_repeat_summary,rows share participants and many configurations; boxplots are descriptive
20260625_2320_overfitting_sweep_stage1_rank2,optimization_and_regularization,loss_type,all_archived_config_repeats,weighted_ce,inception_time,weighted_ce,s1_080,5,40042,0.6527777777777778,0.6501847115657857,,N/A_continuous_participant_oof_probabilities_not_archived,archived_config_repeat_summary,rows share participants and many configurations; boxplots are descriptive
20260625_2320_overfitting_sweep_stage1_rank2,optimization_and_regularization,loss_type,all_archived_config_repeats,balanced_softmax,inception_time,balanced_softmax,s1_081,1,42,0.4305555555555556,0.3671497584541063,,N/A_continuous_participant_oof_probabilities_not_archived,archived_config_repeat_summary,rows share participants and many configurations; boxplots are descriptive
20260625_2320_overfitting_sweep_stage1_rank2,optimization_and_regularization,loss_type,all_archived_config_repeats,balanced_softmax,inception_time,balanced_softmax,s1_081,2,10042,0.3518518518518518,0.3464052287581698,,N/A_continuous_participant_oof_probabilities_not_archived,archived_config_repeat_summary,rows share participants and many configurations; boxplots are descriptive
20260625_2320_overfitting_sweep_stage1_rank2,optimization_and_regularization,loss_type,all_archived_config_repeats,balanced_softmax,inception_time,balanced_softmax,s1_081,3,20042,0.4305555555555555,0.4175084175084175,,N/A_continuous_participant_oof_probabilities_not_archived,archived_config_repeat_summary,rows share participants and many configurations; boxplots are descriptive
20260625_2320_overfitting_sweep_stage1_rank2,optimization_and_regularization,loss_type,all_archived_config_repeats,balanced_softmax,inception_time,balanced_softmax,s1_081,4,30042,0.4722222222222221,0.4558113100312589,,N/A_continuous_participant_oof_probabilities_not_archived,archived_config_repeat_summary,rows share participants and many configurations; boxplots are descriptive
20260625_2320_overfitting_sweep_stage1_rank2,optimization_and_regularization,loss_type,all_archived_config_repeats,balanced_softmax,inception_time,balanced_softmax,s1_081,5,40042,0.4444444444444444,0.4411764705882353,,N/A_continuous_participant_oof_probabilities_not_archived,archived_config_repeat_summary,rows share participants and many configurations; boxplots are descriptive
20260625_2320_overfitting_sweep_stage1_rank2,optimization_and_regularization,loss_type,all_archived_config_repeats,focal_loss,inception_time,focal_loss,s1_082,1,42,0.4583333333333333,0.4680744092508798,,N/A_continuous_participant_oof_probabilities_not_archived,archived_config_repeat_summary,rows share participants and many configurations; boxplots are descriptive
20260625_2320_overfitting_sweep_stage1_rank2,optimization_and_regularization,loss_type,all_archived_config_repeats,focal_loss,inception_time,focal_loss,s1_082,2,10042,0.4212962962962963,0.4132756132756133,,N/A_continuous_participant_oof_probabilities_not_archived,archived_config_repeat_summary,rows share participants and many configurations; boxplots are descriptive
20260625_2320_overfitting_sweep_stage1_rank2,optimization_and_regularization,loss_type,all_archived_config_repeats,focal_loss,inception_time,focal_loss,s1_082,3,20042,0.5231481481481481,0.5196078431372549,,N/A_continuous_participant_oof_probabilities_not_archived,archived_config_repeat_summary,rows share participants and many configurations; boxplots are descriptive
20260625_2320_overfitting_sweep_stage1_rank2,optimization_and_regularization,loss_type,all_archived_config_repeats,focal_loss,inception_time,focal_loss,s1_082,4,30042,0.5370370370370371,0.528369802027091,,N/A_continuous_participant_oof_probabilities_not_archived,archived_config_repeat_summary,rows share participants and many configurations; boxplots are descriptive
20260625_2320_overfitting_sweep_stage1_rank2,optimization_and_regularization,loss_type,all_archived_config_repeats,focal_loss,inception_time,focal_loss,s1_082,5,40042,0.375,0.3759803921568627,,N/A_continuous_participant_oof_probabilities_not_archived,archived_config_repeat_summary,rows share participants and many configurations; boxplots are descriptive
20260625_2320_overfitting_sweep_stage1_rank2,optimization_and_regularization,loss_type,all_archived_config_repeats,balanced_softmax,inception_time,balanced_softmax,s1_083,1,42,0.4861111111111111,0.4612794612794612,,N/A_continuous_participant_oof_probabilities_not_archived,archived_config_repeat_summary,rows share participants and many configurations; boxplots are descriptive
20260625_2320_overfitting_sweep_stage1_rank2,optimization_and_regularization,loss_type,all_archived_config_repeats,balanced_softmax,inception_time,balanced_softmax,s1_083,2,10042,0.3657407407407407,0.3409090909090909,,N/A_continuous_participant_oof_probabilities_not_archived,archived_config_repeat_summary,rows share participants and many configurations; boxplots are descriptive
20260625_2320_overfitting_sweep_stage1_rank2,optimization_and_regularization,loss_type,all_archived_config_repeats,balanced_softmax,inception_time,balanced_softmax,s1_083,3,20042,0.4398148148148148,0.4273383994746223,,N/A_continuous_participant_oof_probabilities_not_archived,archived_config_repeat_summary,rows share participants and many configurations; boxplots are descriptive
20260625_2320_overfitting_sweep_stage1_rank2,optimization_and_regularization,loss_type,all_archived_config_repeats,balanced_softmax,inception_time,balanced_softmax,s1_083,4,30042,0.4166666666666667,0.3717627401837928,,N/A_continuous_participant_oof_probabilities_not_archived,archived_config_repeat_summary,rows share participants and many configurations; boxplots are descriptive
20260625_2320_overfitting_sweep_stage1_rank2,optimization_and_regularization,loss_type,all_archived_config_repeats,balanced_softmax,inception_time,balanced_softmax,s1_083,5,40042,0.4537037037037037,0.4499384294780714,,N/A_continuous_participant_oof_probabilities_not_archived,archived_config_repeat_summary,rows share participants and many configurations; boxplots are descriptive
20260625_2320_overfitting_sweep_stage1_rank2,optimization_and_regularization,loss_type,all_archived_config_repeats,focal_loss,inception_time,focal_loss,s1_084,1,42,0.375,0.3569023569023569,,N/A_continuous_participant_oof_probabilities_not_archived,archived_config_repeat_summary,rows share participants and many configurations; boxplots are descriptive
20260625_2320_overfitting_sweep_stage1_rank2,optimization_and_regularization,loss_type,all_archived_config_repeats,focal_loss,inception_time,focal_loss,s1_084,2,10042,0.4953703703703704,0.4985294117647059,,N/A_continuous_participant_oof_probabilities_not_archived,archived_config_repeat_summary,rows share participants and many configurations; boxplots are descriptive
20260625_2320_overfitting_sweep_stage1_rank2,optimization_and_regularization,loss_type,all_archived_config_repeats,focal_loss,inception_time,focal_loss,s1_084,3,20042,0.4398148148148148,0.4242424242424242,,N/A_continuous_participant_oof_probabilities_not_archived,archived_config_repeat_summary,rows share participants and many configurations; boxplots are descriptive
20260625_2320_overfitting_sweep_stage1_rank2,optimization_and_regularization,loss_type,all_archived_config_repeats,focal_loss,inception_time,focal_loss,s1_084,4,30042,0.4027777777777777,0.3872053872053871,,N/A_continuous_participant_oof_probabilities_not_archived,archived_config_repeat_summary,rows share participants and many configurations; boxplots are descriptive
20260625_2320_overfitting_sweep_stage1_rank2,optimization_and_regularization,loss_type,all_archived_config_repeats,focal_loss,inception_time,focal_loss,s1_084,5,40042,0.4629629629629629,0.4505708716235032,,N/A_continuous_participant_oof_probabilities_not_archived,archived_config_repeat_summary,rows share participants and many configurations; boxplots are descriptive
20260625_2320_overfitting_sweep_stage1_rank2,optimization_and_regularization,loss_type,all_archived_config_repeats,weighted_ce,inception_time,weighted_ce,s1_085,1,42,0.4629629629629629,0.4605887939221272,,N/A_continuous_participant_oof_probabilities_not_archived,archived_config_repeat_summary,rows share participants and many configurations; boxplots are descriptive
20260625_2320_overfitting_sweep_stage1_rank2,optimization_and_regularization,loss_type,all_archived_config_repeats,weighted_ce,inception_time,weighted_ce,s1_085,2,10042,0.5138888888888888,0.5155555555555554,,N/A_continuous_participant_oof_probabilities_not_archived,archived_config_repeat_summary,rows share participants and many configurations; boxplots are descriptive
20260625_2320_overfitting_sweep_stage1_rank2,optimization_and_regularization,loss_type,all_archived_config_repeats,weighted_ce,inception_time,weighted_ce,s1_085,3,20042,0.4074074074074074,0.3990067903111381,,N/A_continuous_participant_oof_probabilities_not_archived,archived_config_repeat_summary,rows share participants and many configurations; boxplots are descriptive
20260625_2320_overfitting_sweep_stage1_rank2,optimization_and_regularization,loss_type,all_archived_config_repeats,weighted_ce,inception_time,weighted_ce,s1_085,4,30042,0.5138888888888888,0.4803675856307435,,N/A_continuous_participant_oof_probabilities_not_archived,archived_config_repeat_summary,rows share participants and many configurations; boxplots are descriptive
20260625_2320_overfitting_sweep_stage1_rank2,optimization_and_regularization,loss_type,all_archived_config_repeats,weighted_ce,inception_time,weighted_ce,s1_085,5,40042,0.5462962962962963,0.5473429951690821,,N/A_continuous_participant_oof_probabilities_not_archived,archived_config_repeat_summary,rows share participants and many configurations; boxplots are descriptive
20260625_2320_overfitting_sweep_stage1_rank2,optimization_and_regularization,loss_type,all_archived_config_repeats,weighted_ce,inception_time,weighted_ce,s1_086,1,42,0.5555555555555555,0.5555555555555555,,N/A_continuous_participant_oof_probabilities_not_archived,archived_config_repeat_summary,rows share participants and many configurations; boxplots are descriptive
20260625_2320_overfitting_sweep_stage1_rank2,optimization_and_regularization,loss_type,all_archived_config_repeats,weighted_ce,inception_time,weighted_ce,s1_086,2,10042,0.5138888888888888,0.5133834586466165,,N/A_continuous_participant_oof_probabilities_not_archived,archived_config_repeat_summary,rows share participants and many configurations; boxplots are descriptive
20260625_2320_overfitting_sweep_stage1_rank2,optimization_and_regularization,loss_type,all_archived_config_repeats,weighted_ce,inception_time,weighted_ce,s1_086,3,20042,0.4444444444444444,0.4285714285714285,,N/A_continuous_participant_oof_probabilities_not_archived,archived_config_repeat_summary,rows share participants and many configurations; boxplots are descriptive
20260625_2320_overfitting_sweep_stage1_rank2,optimization_and_regularization,loss_type,all_archived_config_repeats,weighted_ce,inception_time,weighted_ce,s1_086,4,30042,0.5740740740740741,0.5526315789473684,,N/A_continuous_participant_oof_probabilities_not_archived,archived_config_repeat_summary,rows share participants and many configurations; boxplots are descriptive
20260625_2320_overfitting_sweep_stage1_rank2,optimization_and_regularization,loss_type,all_archived_config_repeats,weighted_ce,inception_time,weighted_ce,s1_086,5,40042,0.6759259259259259,0.6579416455577447,,N/A_continuous_participant_oof_probabilities_not_archived,archived_config_repeat_summary,rows share participants and many configurations; boxplots are descriptive
20260625_2320_overfitting_sweep_stage1_rank2,optimization_and_regularization,loss_type,all_archived_config_repeats,weighted_ce,inception_time,weighted_ce,s1_087,1,42,0.6898148148148149,0.6900584795321637,,N/A_continuous_participant_oof_probabilities_not_archived,archived_config_repeat_summary,rows share participants and many configurations; boxplots are descriptive
20260625_2320_overfitting_sweep_stage1_rank2,optimization_and_regularization,loss_type,all_archived_config_repeats,weighted_ce,inception_time,weighted_ce,s1_087,2,10042,0.4444444444444444,0.4319291819291819,,N/A_continuous_participant_oof_probabilities_not_archived,archived_config_repeat_summary,rows share participants and many configurations; boxplots are descriptive
20260625_2320_overfitting_sweep_stage1_rank2,optimization_and_regularization,loss_type,all_archived_config_repeats,weighted_ce,inception_time,weighted_ce,s1_087,3,20042,0.375,0.3506493506493506,,N/A_continuous_participant_oof_probabilities_not_archived,archived_config_repeat_summary,rows share participants and many configurations; boxplots are descriptive
20260625_2320_overfitting_sweep_stage1_rank2,optimization_and_regularization,loss_type,all_archived_config_repeats,weighted_ce,inception_time,weighted_ce,s1_087,4,30042,0.6064814814814815,0.5849673202614379,,N/A_continuous_participant_oof_probabilities_not_archived,archived_config_repeat_summary,rows share participants and many configurations; boxplots are descriptive
20260625_2320_overfitting_sweep_stage1_rank2,optimization_and_regularization,loss_type,all_archived_config_repeats,weighted_ce,inception_time,weighted_ce,s1_087,5,40042,0.5601851851851852,0.5568181818181818,,N/A_continuous_participant_oof_probabilities_not_archived,archived_config_repeat_summary,rows share participants and many configurations; boxplots are descriptive
20260625_2320_overfitting_sweep_stage1_rank2,optimization_and_regularization,loss_type,all_archived_config_repeats,weighted_ce,inception_time,weighted_ce,s1_088,1,42,0.5185185185185185,0.522962962962963,,N/A_continuous_participant_oof_probabilities_not_archived,archived_config_repeat_summary,rows share participants and many configurations; boxplots are descriptive
20260625_2320_overfitting_sweep_stage1_rank2,optimization_and_regularization,loss_type,all_archived_config_repeats,weighted_ce,inception_time,weighted_ce,s1_088,2,10042,0.5138888888888888,0.5133834586466165,,N/A_continuous_participant_oof_probabilities_not_archived,archived_config_repeat_summary,rows share participants and many configurations; boxplots are descriptive
20260625_2320_overfitting_sweep_stage1_rank2,optimization_and_regularization,loss_type,all_archived_config_repeats,weighted_ce,inception_time,weighted_ce,s1_088,3,20042,0.4444444444444444,0.4285714285714285,,N/A_continuous_participant_oof_probabilities_not_archived,archived_config_repeat_summary,rows share participants and many configurations; boxplots are descriptive
20260625_2320_overfitting_sweep_stage1_rank2,optimization_and_regularization,loss_type,all_archived_config_repeats,weighted_ce,inception_time,weighted_ce,s1_088,4,30042,0.5370370370370371,0.5121212121212121,,N/A_continuous_participant_oof_probabilities_not_archived,archived_config_repeat_summary,rows share participants and many configurations; boxplots are descriptive
20260625_2320_overfitting_sweep_stage1_rank2,optimization_and_regularization,loss_type,all_archived_config_repeats,weighted_ce,inception_time,weighted_ce,s1_088,5,40042,0.5833333333333334,0.5838509316770186,,N/A_continuous_participant_oof_probabilities_not_archived,archived_config_repeat_summary,rows share participants and many configurations; boxplots are descriptive
20260625_2320_overfitting_sweep_stage1_rank2,optimization_and_regularization,loss_type,all_archived_config_repeats,weighted_ce,inception_time,weighted_ce,s1_089,1,42,0.5648148148148148,0.5515151515151515,,N/A_continuous_participant_oof_probabilities_not_archived,archived_config_repeat_summary,rows share participants and many configurations; boxplots are descriptive
20260625_2320_overfitting_sweep_stage1_rank2,optimization_and_regularization,loss_type,all_archived_config_repeats,weighted_ce,inception_time,weighted_ce,s1_089,2,10042,0.5046296296296297,0.5117750804025314,,N/A_continuous_participant_oof_probabilities_not_archived,archived_config_repeat_summary,rows share participants and many configurations; boxplots are descriptive
20260625_2320_overfitting_sweep_stage1_rank2,optimization_and_regularization,loss_type,all_archived_config_repeats,weighted_ce,inception_time,weighted_ce,s1_089,3,20042,0.5185185185185185,0.4825641025641026,,N/A_continuous_participant_oof_probabilities_not_archived,archived_config_repeat_summary,rows share participants and many configurations; boxplots are descriptive
20260625_2320_overfitting_sweep_stage1_rank2,optimization_and_regularization,loss_type,all_archived_config_repeats,weighted_ce,inception_time,weighted_ce,s1_089,4,30042,0.5138888888888888,0.4770258980785296,,N/A_continuous_participant_oof_probabilities_not_archived,archived_config_repeat_summary,rows share participants and many configurations; boxplots are descriptive
20260625_2320_overfitting_sweep_stage1_rank2,optimization_and_regularization,loss_type,all_archived_config_repeats,weighted_ce,inception_time,weighted_ce,s1_089,5,40042,0.6203703703703703,0.6201479679740549,,N/A_continuous_participant_oof_probabilities_not_archived,archived_config_repeat_summary,rows share participants and many configurations; boxplots are descriptive
20260625_2320_overfitting_sweep_stage1_rank2,optimization_and_regularization,loss_type,all_archived_config_repeats,weighted_ce,inception_time,weighted_ce,s1_090,1,42,0.6064814814814815,0.5881419234360411,,N/A_continuous_participant_oof_probabilities_not_archived,archived_config_repeat_summary,rows share participants and many configurations; boxplots are descriptive
20260625_2320_overfitting_sweep_stage1_rank2,optimization_and_regularization,loss_type,all_archived_config_repeats,weighted_ce,inception_time,weighted_ce,s1_090,2,10042,0.5370370370370371,0.5140096618357487,,N/A_continuous_participant_oof_probabilities_not_archived,archived_config_repeat_summary,rows share participants and many configurations; boxplots are descriptive
20260625_2320_overfitting_sweep_stage1_rank2,optimization_and_regularization,loss_type,all_archived_config_repeats,weighted_ce,inception_time,weighted_ce,s1_090,3,20042,0.5370370370370371,0.5121212121212121,,N/A_continuous_participant_oof_probabilities_not_archived,archived_config_repeat_summary,rows share participants and many configurations; boxplots are descriptive
20260625_2320_overfitting_sweep_stage1_rank2,optimization_and_regularization,loss_type,all_archived_config_repeats,weighted_ce,inception_time,weighted_ce,s1_090,4,30042,0.6342592592592592,0.621031746031746,,N/A_continuous_participant_oof_probabilities_not_archived,archived_config_repeat_summary,rows share participants and many configurations; boxplots are descriptive
20260625_2320_overfitting_sweep_stage1_rank2,optimization_and_regularization,loss_type,all_archived_config_repeats,weighted_ce,inception_time,weighted_ce,s1_090,5,40042,0.5324074074074073,0.4993252361673415,,N/A_continuous_participant_oof_probabilities_not_archived,archived_config_repeat_summary,rows share participants and many configurations; boxplots are descriptive
20260625_2320_overfitting_sweep_stage1_rank2,optimization_and_regularization,loss_type,all_archived_config_repeats,weighted_ce,inception_time,weighted_ce,s1_091,1,42,0.5555555555555555,0.5549707602339181,,N/A_continuous_participant_oof_probabilities_not_archived,archived_config_repeat_summary,rows share participants and many configurations; boxplots are descriptive
20260625_2320_overfitting_sweep_stage1_rank2,optimization_and_regularization,loss_type,all_archived_config_repeats,weighted_ce,inception_time,weighted_ce,s1_091,2,10042,0.4861111111111111,0.4753246753246753,,N/A_continuous_participant_oof_probabilities_not_archived,archived_config_repeat_summary,rows share participants and many configurations; boxplots are descriptive
20260625_2320_overfitting_sweep_stage1_rank2,optimization_and_regularization,loss_type,all_archived_config_repeats,weighted_ce,inception_time,weighted_ce,s1_091,3,20042,0.5370370370370371,0.5192307692307693,,N/A_continuous_participant_oof_probabilities_not_archived,archived_config_repeat_summary,rows share participants and many configurations; boxplots are descriptive
20260625_2320_overfitting_sweep_stage1_rank2,optimization_and_regularization,loss_type,all_archived_config_repeats,weighted_ce,inception_time,weighted_ce,s1_091,4,30042,0.5787037037037037,0.5485505206867436,,N/A_continuous_participant_oof_probabilities_not_archived,archived_config_repeat_summary,rows share participants and many configurations; boxplots are descriptive
20260625_2320_overfitting_sweep_stage1_rank2,optimization_and_regularization,loss_type,all_archived_config_repeats,weighted_ce,inception_time,weighted_ce,s1_091,5,40042,0.5833333333333334,0.5900488400488401,,N/A_continuous_participant_oof_probabilities_not_archived,archived_config_repeat_summary,rows share participants and many configurations; boxplots are descriptive
20260625_2320_overfitting_sweep_stage1_rank2,optimization_and_regularization,loss_type,all_archived_config_repeats,weighted_ce,inception_time,weighted_ce,s1_092,1,42,0.4768518518518518,0.4782957393483709,,N/A_continuous_participant_oof_probabilities_not_archived,archived_config_repeat_summary,rows share participants and many configurations; boxplots are descriptive
20260625_2320_overfitting_sweep_stage1_rank2,optimization_and_regularization,loss_type,all_archived_config_repeats,weighted_ce,inception_time,weighted_ce,s1_092,2,10042,0.5,0.4841269841269841,,N/A_continuous_participant_oof_probabilities_not_archived,archived_config_repeat_summary,rows share participants and many configurations; boxplots are descriptive
20260625_2320_overfitting_sweep_stage1_rank2,optimization_and_regularization,loss_type,all_archived_config_repeats,weighted_ce,inception_time,weighted_ce,s1_092,3,20042,0.5555555555555555,0.5473389355742296,,N/A_continuous_participant_oof_probabilities_not_archived,archived_config_repeat_summary,rows share participants and many configurations; boxplots are descriptive
20260625_2320_overfitting_sweep_stage1_rank2,optimization_and_regularization,loss_type,all_archived_config_repeats,weighted_ce,inception_time,weighted_ce,s1_092,4,30042,0.4490740740740741,0.4122807017543859,,N/A_continuous_participant_oof_probabilities_not_archived,archived_config_repeat_summary,rows share participants and many configurations; boxplots are descriptive
20260625_2320_overfitting_sweep_stage1_rank2,optimization_and_regularization,loss_type,all_archived_config_repeats,weighted_ce,inception_time,weighted_ce,s1_092,5,40042,0.5648148148148148,0.5583028083028083,,N/A_continuous_participant_oof_probabilities_not_archived,archived_config_repeat_summary,rows share participants and many configurations; boxplots are descriptive
20260625_2320_overfitting_sweep_stage1_rank2,optimization_and_regularization,loss_type,all_archived_config_repeats,weighted_ce,inception_time,weighted_ce,s1_093,1,42,0.5277777777777778,0.5221205186880243,,N/A_continuous_participant_oof_probabilities_not_archived,archived_config_repeat_summary,rows share participants and many configurations; boxplots are descriptive
20260625_2320_overfitting_sweep_stage1_rank2,optimization_and_regularization,loss_type,all_archived_config_repeats,weighted_ce,inception_time,weighted_ce,s1_093,2,10042,0.4675925925925925,0.4330409356725146,,N/A_continuous_participant_oof_probabilities_not_archived,archived_config_repeat_summary,rows share participants and many configurations; boxplots are descriptive
20260625_2320_overfitting_sweep_stage1_rank2,optimization_and_regularization,loss_type,all_archived_config_repeats,weighted_ce,inception_time,weighted_ce,s1_093,3,20042,0.4953703703703704,0.4686937576963152,,N/A_continuous_participant_oof_probabilities_not_archived,archived_config_repeat_summary,rows share participants and many configurations; boxplots are descriptive
20260625_2320_overfitting_sweep_stage1_rank2,optimization_and_regularization,loss_type,all_archived_config_repeats,weighted_ce,inception_time,weighted_ce,s1_093,4,30042,0.625,0.6296296296296297,,N/A_continuous_participant_oof_probabilities_not_archived,archived_config_repeat_summary,rows share participants and many configurations; boxplots are descriptive
20260625_2320_overfitting_sweep_stage1_rank2,optimization_and_regularization,loss_type,all_archived_config_repeats,weighted_ce,inception_time,weighted_ce,s1_093,5,40042,0.5231481481481481,0.507020757020757,,N/A_continuous_participant_oof_probabilities_not_archived,archived_config_repeat_summary,rows share participants and many configurations; boxplots are descriptive
20260625_2320_overfitting_sweep_stage1_rank2,optimization_and_regularization,loss_type,all_archived_config_repeats,weighted_ce,inception_time,weighted_ce,s1_094,1,42,0.5601851851851852,0.5588235294117648,,N/A_continuous_participant_oof_probabilities_not_archived,archived_config_repeat_summary,rows share participants and many configurations; boxplots are descriptive
20260625_2320_overfitting_sweep_stage1_rank2,optimization_and_regularization,loss_type,all_archived_config_repeats,weighted_ce,inception_time,weighted_ce,s1_094,2,10042,0.5231481481481481,0.5100069013112492,,N/A_continuous_participant_oof_probabilities_not_archived,archived_config_repeat_summary,rows share participants and many configurations; boxplots are descriptive
20260625_2320_overfitting_sweep_stage1_rank2,optimization_and_regularization,loss_type,all_archived_config_repeats,weighted_ce,inception_time,weighted_ce,s1_094,3,20042,0.4722222222222221,0.4615873015873015,,N/A_continuous_participant_oof_probabilities_not_archived,archived_config_repeat_summary,rows share participants and many configurations; boxplots are descriptive
20260625_2320_overfitting_sweep_stage1_rank2,optimization_and_regularization,loss_type,all_archived_config_repeats,weighted_ce,inception_time,weighted_ce,s1_094,4,30042,0.5787037037037037,0.5477582846003898,,N/A_continuous_participant_oof_probabilities_not_archived,archived_config_repeat_summary,rows share participants and many configurations; boxplots are descriptive
20260625_2320_overfitting_sweep_stage1_rank2,optimization_and_regularization,loss_type,all_archived_config_repeats,weighted_ce,inception_time,weighted_ce,s1_094,5,40042,0.5046296296296297,0.5128205128205128,,N/A_continuous_participant_oof_probabilities_not_archived,archived_config_repeat_summary,rows share participants and many configurations; boxplots are descriptive
20260625_2320_overfitting_sweep_stage1_rank2,optimization_and_regularization,loss_type,all_archived_config_repeats,weighted_ce,inception_time,weighted_ce,s1_095,1,42,0.5833333333333334,0.5886274509803923,,N/A_continuous_participant_oof_probabilities_not_archived,archived_config_repeat_summary,rows share participants and many configurations; boxplots are descriptive
20260625_2320_overfitting_sweep_stage1_rank2,optimization_and_regularization,loss_type,all_archived_config_repeats,weighted_ce,inception_time,weighted_ce,s1_095,2,10042,0.4861111111111111,0.4817460317460317,,N/A_continuous_participant_oof_probabilities_not_archived,archived_config_repeat_summary,rows share participants and many configurations; boxplots are descriptive
20260625_2320_overfitting_sweep_stage1_rank2,optimization_and_regularization,loss_type,all_archived_config_repeats,weighted_ce,inception_time,weighted_ce,s1_095,3,20042,0.4814814814814814,0.4859259259259259,,N/A_continuous_participant_oof_probabilities_not_archived,archived_config_repeat_summary,rows share participants and many configurations; boxplots are descriptive
20260625_2320_overfitting_sweep_stage1_rank2,optimization_and_regularization,loss_type,all_archived_config_repeats,weighted_ce,inception_time,weighted_ce,s1_095,4,30042,0.5787037037037037,0.5471251302453348,,N/A_continuous_participant_oof_probabilities_not_archived,archived_config_repeat_summary,rows share participants and many configurations; boxplots are descriptive
20260625_2320_overfitting_sweep_stage1_rank2,optimization_and_regularization,loss_type,all_archived_config_repeats,weighted_ce,inception_time,weighted_ce,s1_095,5,40042,0.5185185185185185,0.52311939268461,,N/A_continuous_participant_oof_probabilities_not_archived,archived_config_repeat_summary,rows share participants and many configurations; boxplots are descriptive
20260625_2320_overfitting_sweep_stage1_rank2,optimization_and_regularization,loss_type,all_archived_config_repeats,weighted_ce,inception_time,weighted_ce,s1_096,1,42,0.5972222222222222,0.5922136970730322,,N/A_continuous_participant_oof_probabilities_not_archived,archived_config_repeat_summary,rows share participants and many configurations; boxplots are descriptive
20260625_2320_overfitting_sweep_stage1_rank2,optimization_and_regularization,loss_type,all_archived_config_repeats,weighted_ce,inception_time,weighted_ce,s1_096,2,10042,0.5046296296296297,0.5075295075295075,,N/A_continuous_participant_oof_probabilities_not_archived,archived_config_repeat_summary,rows share participants and many configurations; boxplots are descriptive
20260625_2320_overfitting_sweep_stage1_rank2,optimization_and_regularization,loss_type,all_archived_config_repeats,weighted_ce,inception_time,weighted_ce,s1_096,3,20042,0.5046296296296297,0.5049624060150376,,N/A_continuous_participant_oof_probabilities_not_archived,archived_config_repeat_summary,rows share participants and many configurations; boxplots are descriptive
20260625_2320_overfitting_sweep_stage1_rank2,optimization_and_regularization,loss_type,all_archived_config_repeats,weighted_ce,inception_time,weighted_ce,s1_096,4,30042,0.611111111111111,0.5859649122807017,,N/A_continuous_participant_oof_probabilities_not_archived,archived_config_repeat_summary,rows share participants and many configurations; boxplots are descriptive
20260625_2320_overfitting_sweep_stage1_rank2,optimization_and_regularization,loss_type,all_archived_config_repeats,weighted_ce,inception_time,weighted_ce,s1_096,5,40042,0.5925925925925926,0.5898449376710246,,N/A_continuous_participant_oof_probabilities_not_archived,archived_config_repeat_summary,rows share participants and many configurations; boxplots are descriptive
20260625_2320_overfitting_sweep_stage1_rank2,optimization_and_regularization,loss_type,all_archived_config_repeats,weighted_ce,inception_time,weighted_ce,s1_097,1,42,0.611111111111111,0.6182001005530418,,N/A_continuous_participant_oof_probabilities_not_archived,archived_config_repeat_summary,rows share participants and many configurations; boxplots are descriptive
20260625_2320_overfitting_sweep_stage1_rank2,optimization_and_regularization,loss_type,all_archived_config_repeats,weighted_ce,inception_time,weighted_ce,s1_097,2,10042,0.4907407407407407,0.4870327993897788,,N/A_continuous_participant_oof_probabilities_not_archived,archived_config_repeat_summary,rows share participants and many configurations; boxplots are descriptive
20260625_2320_overfitting_sweep_stage1_rank2,optimization_and_regularization,loss_type,all_archived_config_repeats,weighted_ce,inception_time,weighted_ce,s1_097,3,20042,0.4398148148148148,0.4056957535218404,,N/A_continuous_participant_oof_probabilities_not_archived,archived_config_repeat_summary,rows share participants and many configurations; boxplots are descriptive
20260625_2320_overfitting_sweep_stage1_rank2,optimization_and_regularization,loss_type,all_archived_config_repeats,weighted_ce,inception_time,weighted_ce,s1_097,4,30042,0.5555555555555555,0.5121136173767752,,N/A_continuous_participant_oof_probabilities_not_archived,archived_config_repeat_summary,rows share participants and many configurations; boxplots are descriptive
20260625_2320_overfitting_sweep_stage1_rank2,optimization_and_regularization,loss_type,all_archived_config_repeats,weighted_ce,inception_time,weighted_ce,s1_097,5,40042,0.5648148148148148,0.5583028083028083,,N/A_continuous_participant_oof_probabilities_not_archived,archived_config_repeat_summary,rows share participants and many configurations; boxplots are descriptive
20260625_2320_overfitting_sweep_stage1_rank2,optimization_and_regularization,loss_type,all_archived_config_repeats,weighted_ce,inception_time,weighted_ce,s1_098,1,42,0.6064814814814815,0.5851851851851851,,N/A_continuous_participant_oof_probabilities_not_archived,archived_config_repeat_summary,rows share participants and many configurations; boxplots are descriptive
20260625_2320_overfitting_sweep_stage1_rank2,optimization_and_regularization,loss_type,all_archived_config_repeats,weighted_ce,inception_time,weighted_ce,s1_098,2,10042,0.5,0.4850241545893719,,N/A_continuous_participant_oof_probabilities_not_archived,archived_config_repeat_summary,rows share participants and many configurations; boxplots are descriptive
20260625_2320_overfitting_sweep_stage1_rank2,optimization_and_regularization,loss_type,all_archived_config_repeats,weighted_ce,inception_time,weighted_ce,s1_098,3,20042,0.4768518518518518,0.4785185185185185,,N/A_continuous_participant_oof_probabilities_not_archived,archived_config_repeat_summary,rows share participants and many configurations; boxplots are descriptive
20260625_2320_overfitting_sweep_stage1_rank2,optimization_and_regularization,loss_type,all_archived_config_repeats,weighted_ce,inception_time,weighted_ce,s1_098,4,30042,0.5694444444444444,0.5598484848484848,,N/A_continuous_participant_oof_probabilities_not_archived,archived_config_repeat_summary,rows share participants and many configurations; boxplots are descriptive
20260625_2320_overfitting_sweep_stage1_rank2,optimization_and_regularization,loss_type,all_archived_config_repeats,weighted_ce,inception_time,weighted_ce,s1_098,5,40042,0.5555555555555555,0.5516908212560386,,N/A_continuous_participant_oof_probabilities_not_archived,archived_config_repeat_summary,rows share participants and many configurations; boxplots are descriptive
20260625_2320_overfitting_sweep_stage1_rank2,optimization_and_regularization,loss_type,all_archived_config_repeats,weighted_ce,inception_time,weighted_ce,s1_099,1,42,0.6064814814814815,0.5892857142857143,,N/A_continuous_participant_oof_probabilities_not_archived,archived_config_repeat_summary,rows share participants and many configurations; boxplots are descriptive
20260625_2320_overfitting_sweep_stage1_rank2,optimization_and_regularization,loss_type,all_archived_config_repeats,weighted_ce,inception_time,weighted_ce,s1_099,2,10042,0.5138888888888888,0.5095238095238096,,N/A_continuous_participant_oof_probabilities_not_archived,archived_config_repeat_summary,rows share participants and many configurations; boxplots are descriptive
20260625_2320_overfitting_sweep_stage1_rank2,optimization_and_regularization,loss_type,all_archived_config_repeats,weighted_ce,inception_time,weighted_ce,s1_099,3,20042,0.5231481481481481,0.5100069013112492,,N/A_continuous_participant_oof_probabilities_not_archived,archived_config_repeat_summary,rows share participants and many configurations; boxplots are descriptive
20260625_2320_overfitting_sweep_stage1_rank2,optimization_and_regularization,loss_type,all_archived_config_repeats,weighted_ce,inception_time,weighted_ce,s1_099,4,30042,0.6481481481481481,0.6287878787878788,,N/A_continuous_participant_oof_probabilities_not_archived,archived_config_repeat_summary,rows share participants and many configurations; boxplots are descriptive
20260625_2320_overfitting_sweep_stage1_rank2,optimization_and_regularization,loss_type,all_archived_config_repeats,weighted_ce,inception_time,weighted_ce,s1_099,5,40042,0.5740740740740741,0.5762962962962962,,N/A_continuous_participant_oof_probabilities_not_archived,archived_config_repeat_summary,rows share participants and many configurations; boxplots are descriptive
20260625_2320_overfitting_sweep_stage1_rank2,optimization_and_regularization,loss_type,all_archived_config_repeats,weighted_ce,inception_time,weighted_ce,s1_100,1,42,0.5601851851851852,0.5568181818181818,,N/A_continuous_participant_oof_probabilities_not_archived,archived_config_repeat_summary,rows share participants and many configurations; boxplots are descriptive
20260625_2320_overfitting_sweep_stage1_rank2,optimization_and_regularization,loss_type,all_archived_config_repeats,weighted_ce,inception_time,weighted_ce,s1_100,2,10042,0.5092592592592592,0.4742471151139882,,N/A_continuous_participant_oof_probabilities_not_archived,archived_config_repeat_summary,rows share participants and many configurations; boxplots are descriptive
20260625_2320_overfitting_sweep_stage1_rank2,optimization_and_regularization,loss_type,all_archived_config_repeats,weighted_ce,inception_time,weighted_ce,s1_100,3,20042,0.5648148148148148,0.545751633986928,,N/A_continuous_participant_oof_probabilities_not_archived,archived_config_repeat_summary,rows share participants and many configurations; boxplots are descriptive
20260625_2320_overfitting_sweep_stage1_rank2,optimization_and_regularization,loss_type,all_archived_config_repeats,weighted_ce,inception_time,weighted_ce,s1_100,4,30042,0.6064814814814815,0.5917874396135265,,N/A_continuous_participant_oof_probabilities_not_archived,archived_config_repeat_summary,rows share participants and many configurations; boxplots are descriptive
20260625_2320_overfitting_sweep_stage1_rank2,optimization_and_regularization,loss_type,all_archived_config_repeats,weighted_ce,inception_time,weighted_ce,s1_100,5,40042,0.5509259259259259,0.5057307947333524,,N/A_continuous_participant_oof_probabilities_not_archived,archived_config_repeat_summary,rows share participants and many configurations; boxplots are descriptive
20260625_2320_overfitting_sweep_stage1_rank2,optimization_and_regularization,loss_type,all_archived_config_repeats,weighted_ce,inception_time,weighted_ce,s1_101,1,42,0.5694444444444444,0.5575396825396824,,N/A_continuous_participant_oof_probabilities_not_archived,archived_config_repeat_summary,rows share participants and many configurations; boxplots are descriptive
20260625_2320_overfitting_sweep_stage1_rank2,optimization_and_regularization,loss_type,all_archived_config_repeats,weighted_ce,inception_time,weighted_ce,s1_101,2,10042,0.4907407407407407,0.4941338854382333,,N/A_continuous_participant_oof_probabilities_not_archived,archived_config_repeat_summary,rows share participants and many configurations; boxplots are descriptive
20260625_2320_overfitting_sweep_stage1_rank2,optimization_and_regularization,loss_type,all_archived_config_repeats,weighted_ce,inception_time,weighted_ce,s1_101,3,20042,0.4768518518518518,0.4742063492063491,,N/A_continuous_participant_oof_probabilities_not_archived,archived_config_repeat_summary,rows share participants and many configurations; boxplots are descriptive
20260625_2320_overfitting_sweep_stage1_rank2,optimization_and_regularization,loss_type,all_archived_config_repeats,weighted_ce,inception_time,weighted_ce,s1_101,4,30042,0.6481481481481481,0.6517948717948717,,N/A_continuous_participant_oof_probabilities_not_archived,archived_config_repeat_summary,rows share participants and many configurations; boxplots are descriptive
20260625_2320_overfitting_sweep_stage1_rank2,optimization_and_regularization,loss_type,all_archived_config_repeats,weighted_ce,inception_time,weighted_ce,s1_101,5,40042,0.6157407407407407,0.5751633986928105,,N/A_continuous_participant_oof_probabilities_not_archived,archived_config_repeat_summary,rows share participants and many configurations; boxplots are descriptive
20260625_2320_overfitting_sweep_stage1_rank2,optimization_and_regularization,loss_type,all_archived_config_repeats,weighted_ce,inception_time,weighted_ce,s1_102,1,42,0.6435185185185185,0.6207729468599034,,N/A_continuous_participant_oof_probabilities_not_archived,archived_config_repeat_summary,rows share participants and many configurations; boxplots are descriptive
20260625_2320_overfitting_sweep_stage1_rank2,optimization_and_regularization,loss_type,all_archived_config_repeats,weighted_ce,inception_time,weighted_ce,s1_102,2,10042,0.611111111111111,0.6133333333333333,,N/A_continuous_participant_oof_probabilities_not_archived,archived_config_repeat_summary,rows share participants and many configurations; boxplots are descriptive
20260625_2320_overfitting_sweep_stage1_rank2,optimization_and_regularization,loss_type,all_archived_config_repeats,weighted_ce,inception_time,weighted_ce,s1_102,3,20042,0.5925925925925926,0.5793650793650794,,N/A_continuous_participant_oof_probabilities_not_archived,archived_config_repeat_summary,rows share participants and many configurations; boxplots are descriptive
20260625_2320_overfitting_sweep_stage1_rank2,optimization_and_regularization,loss_type,all_archived_config_repeats,weighted_ce,inception_time,weighted_ce,s1_102,4,30042,0.611111111111111,0.6133333333333333,,N/A_continuous_participant_oof_probabilities_not_archived,archived_config_repeat_summary,rows share participants and many configurations; boxplots are descriptive
20260625_2320_overfitting_sweep_stage1_rank2,optimization_and_regularization,loss_type,all_archived_config_repeats,weighted_ce,inception_time,weighted_ce,s1_102,5,40042,0.5925925925925926,0.5793650793650794,,N/A_continuous_participant_oof_probabilities_not_archived,archived_config_repeat_summary,rows share participants and many configurations; boxplots are descriptive
20260625_2320_overfitting_sweep_stage1_rank2,optimization_and_regularization,loss_type,all_archived_config_repeats,weighted_ce,inception_time,weighted_ce,s1_103,1,42,0.5555555555555555,0.5549707602339181,,N/A_continuous_participant_oof_probabilities_not_archived,archived_config_repeat_summary,rows share participants and many configurations; boxplots are descriptive
20260625_2320_overfitting_sweep_stage1_rank2,optimization_and_regularization,loss_type,all_archived_config_repeats,weighted_ce,inception_time,weighted_ce,s1_103,2,10042,0.5416666666666666,0.543859649122807,,N/A_continuous_participant_oof_probabilities_not_archived,archived_config_repeat_summary,rows share participants and many configurations; boxplots are descriptive
20260625_2320_overfitting_sweep_stage1_rank2,optimization_and_regularization,loss_type,all_archived_config_repeats,weighted_ce,inception_time,weighted_ce,s1_103,3,20042,0.4722222222222221,0.4582953278605453,,N/A_continuous_participant_oof_probabilities_not_archived,archived_config_repeat_summary,rows share participants and many configurations; boxplots are descriptive
20260625_2320_overfitting_sweep_stage1_rank2,optimization_and_regularization,loss_type,all_archived_config_repeats,weighted_ce,inception_time,weighted_ce,s1_103,4,30042,0.5833333333333334,0.5491506544138123,,N/A_continuous_participant_oof_probabilities_not_archived,archived_config_repeat_summary,rows share participants and many configurations; boxplots are descriptive
20260625_2320_overfitting_sweep_stage1_rank2,optimization_and_regularization,loss_type,all_archived_config_repeats,weighted_ce,inception_time,weighted_ce,s1_103,5,40042,0.5509259259259259,0.5515827612509535,,N/A_continuous_participant_oof_probabilities_not_archived,archived_config_repeat_summary,rows share participants and many configurations; boxplots are descriptive
20260625_2320_overfitting_sweep_stage1_rank2,optimization_and_regularization,loss_type,all_archived_config_repeats,weighted_ce,inception_time,weighted_ce,s1_104,1,42,0.3564814814814814,0.3330472921434019,,N/A_continuous_participant_oof_probabilities_not_archived,archived_config_repeat_summary,rows share participants and many configurations; boxplots are descriptive
20260625_2320_overfitting_sweep_stage1_rank2,optimization_and_regularization,loss_type,all_archived_config_repeats,weighted_ce,inception_time,weighted_ce,s1_104,2,10042,0.4166666666666667,0.4176470588235294,,N/A_continuous_participant_oof_probabilities_not_archived,archived_config_repeat_summary,rows share participants and many configurations; boxplots are descriptive
20260625_2320_overfitting_sweep_stage1_rank2,optimization_and_regularization,loss_type,all_archived_config_repeats,weighted_ce,inception_time,weighted_ce,s1_104,3,20042,0.3935185185185185,0.379558586719712,,N/A_continuous_participant_oof_probabilities_not_archived,archived_config_repeat_summary,rows share participants and many configurations; boxplots are descriptive
20260625_2320_overfitting_sweep_stage1_rank2,optimization_and_regularization,loss_type,all_archived_config_repeats,weighted_ce,inception_time,weighted_ce,s1_104,4,30042,0.4351851851851852,0.4098016781083142,,N/A_continuous_participant_oof_probabilities_not_archived,archived_config_repeat_summary,rows share participants and many configurations; boxplots are descriptive
20260625_2320_overfitting_sweep_stage1_rank2,optimization_and_regularization,loss_type,all_archived_config_repeats,weighted_ce,inception_time,weighted_ce,s1_104,5,40042,0.4861111111111111,0.4767452874869755,,N/A_continuous_participant_oof_probabilities_not_archived,archived_config_repeat_summary,rows share participants and many configurations; boxplots are descriptive
20260625_2320_overfitting_sweep_stage1_rank2,optimization_and_regularization,loss_type,all_archived_config_repeats,weighted_ce,inception_time,weighted_ce,s1_105,1,42,0.3796296296296296,0.3495637489445539,,N/A_continuous_participant_oof_probabilities_not_archived,archived_config_repeat_summary,rows share participants and many configurations; boxplots are descriptive
20260625_2320_overfitting_sweep_stage1_rank2,optimization_and_regularization,loss_type,all_archived_config_repeats,weighted_ce,inception_time,weighted_ce,s1_105,2,10042,0.4027777777777777,0.3897887657478451,,N/A_continuous_participant_oof_probabilities_not_archived,archived_config_repeat_summary,rows share participants and many configurations; boxplots are descriptive
20260625_2320_overfitting_sweep_stage1_rank2,optimization_and_regularization,loss_type,all_archived_config_repeats,weighted_ce,inception_time,weighted_ce,s1_105,3,20042,0.3935185185185185,0.375438596491228,,N/A_continuous_participant_oof_probabilities_not_archived,archived_config_repeat_summary,rows share participants and many configurations; boxplots are descriptive
20260625_2320_overfitting_sweep_stage1_rank2,optimization_and_regularization,loss_type,all_archived_config_repeats,weighted_ce,inception_time,weighted_ce,s1_105,4,30042,0.4351851851851852,0.4005772005772006,,N/A_continuous_participant_oof_probabilities_not_archived,archived_config_repeat_summary,rows share participants and many configurations; boxplots are descriptive
20260625_2320_overfitting_sweep_stage1_rank2,optimization_and_regularization,loss_type,all_archived_config_repeats,weighted_ce,inception_time,weighted_ce,s1_105,5,40042,0.4537037037037037,0.4499384294780714,,N/A_continuous_participant_oof_probabilities_not_archived,archived_config_repeat_summary,rows share participants and many configurations; boxplots are descriptive
20260625_2320_overfitting_sweep_stage1_rank2,optimization_and_regularization,loss_type,all_archived_config_repeats,balanced_softmax,inception_time,balanced_softmax,s1_106,1,42,0.5509259259259259,0.5428571428571428,,N/A_continuous_participant_oof_probabilities_not_archived,archived_config_repeat_summary,rows share participants and many configurations; boxplots are descriptive
20260625_2320_overfitting_sweep_stage1_rank2,optimization_and_regularization,loss_type,all_archived_config_repeats,balanced_softmax,inception_time,balanced_softmax,s1_106,2,10042,0.4861111111111111,0.4782608695652173,,N/A_continuous_participant_oof_probabilities_not_archived,archived_config_repeat_summary,rows share participants and many configurations; boxplots are descriptive
20260625_2320_overfitting_sweep_stage1_rank2,optimization_and_regularization,loss_type,all_archived_config_repeats,balanced_softmax,inception_time,balanced_softmax,s1_106,3,20042,0.4074074074074074,0.4007936507936508,,N/A_continuous_participant_oof_probabilities_not_archived,archived_config_repeat_summary,rows share participants and many configurations; boxplots are descriptive
20260625_2320_overfitting_sweep_stage1_rank2,optimization_and_regularization,loss_type,all_archived_config_repeats,balanced_softmax,inception_time,balanced_softmax,s1_106,4,30042,0.6481481481481481,0.6198830409356725,,N/A_continuous_participant_oof_probabilities_not_archived,archived_config_repeat_summary,rows share participants and many configurations; boxplots are descriptive
20260625_2320_overfitting_sweep_stage1_rank2,optimization_and_regularization,loss_type,all_archived_config_repeats,balanced_softmax,inception_time,balanced_softmax,s1_106,5,40042,0.5370370370370371,0.5140096618357487,,N/A_continuous_participant_oof_probabilities_not_archived,archived_config_repeat_summary,rows share participants and many configurations; boxplots are descriptive
20260625_2320_overfitting_sweep_stage1_rank2,optimization_and_regularization,loss_type,all_archived_config_repeats,focal_loss,inception_time,focal_loss,s1_107,1,42,0.6342592592592592,0.6183006535947713,,N/A_continuous_participant_oof_probabilities_not_archived,archived_config_repeat_summary,rows share participants and many configurations; boxplots are descriptive
20260625_2320_overfitting_sweep_stage1_rank2,optimization_and_regularization,loss_type,all_archived_config_repeats,focal_loss,inception_time,focal_loss,s1_107,2,10042,0.5925925925925926,0.5900584795321637,,N/A_continuous_participant_oof_probabilities_not_archived,archived_config_repeat_summary,rows share participants and many configurations; boxplots are descriptive
20260625_2320_overfitting_sweep_stage1_rank2,optimization_and_regularization,loss_type,all_archived_config_repeats,focal_loss,inception_time,focal_loss,s1_107,3,20042,0.412037037037037,0.4107227432035616,,N/A_continuous_participant_oof_probabilities_not_archived,archived_config_repeat_summary,rows share participants and many configurations; boxplots are descriptive
20260625_2320_overfitting_sweep_stage1_rank2,optimization_and_regularization,loss_type,all_archived_config_repeats,focal_loss,inception_time,focal_loss,s1_107,4,30042,0.5509259259259259,0.5100880932082977,,N/A_continuous_participant_oof_probabilities_not_archived,archived_config_repeat_summary,rows share participants and many configurations; boxplots are descriptive
20260625_2320_overfitting_sweep_stage1_rank2,optimization_and_regularization,loss_type,all_archived_config_repeats,focal_loss,inception_time,focal_loss,s1_107,5,40042,0.4953703703703704,0.5015873015873016,,N/A_continuous_participant_oof_probabilities_not_archived,archived_config_repeat_summary,rows share participants and many configurations; boxplots are descriptive
20260625_2320_overfitting_sweep_stage1_rank2,optimization_and_regularization,loss_type,all_archived_config_repeats,weighted_ce,inception_time,weighted_ce,s1_108,1,42,0.611111111111111,0.6178266178266177,,N/A_continuous_participant_oof_probabilities_not_archived,archived_config_repeat_summary,rows share participants and many configurations; boxplots are descriptive
20260625_2320_overfitting_sweep_stage1_rank2,optimization_and_regularization,loss_type,all_archived_config_repeats,weighted_ce,inception_time,weighted_ce,s1_108,2,10042,0.5138888888888888,0.5133834586466165,,N/A_continuous_participant_oof_probabilities_not_archived,archived_config_repeat_summary,rows share participants and many configurations; boxplots are descriptive
20260625_2320_overfitting_sweep_stage1_rank2,optimization_and_regularization,loss_type,all_archived_config_repeats,weighted_ce,inception_time,weighted_ce,s1_108,3,20042,0.4305555555555555,0.404040404040404,,N/A_continuous_participant_oof_probabilities_not_archived,archived_config_repeat_summary,rows share participants and many configurations; boxplots are descriptive
20260625_2320_overfitting_sweep_stage1_rank2,optimization_and_regularization,loss_type,all_archived_config_repeats,weighted_ce,inception_time,weighted_ce,s1_108,4,30042,0.5416666666666666,0.5157894736842105,,N/A_continuous_participant_oof_probabilities_not_archived,archived_config_repeat_summary,rows share participants and many configurations; boxplots are descriptive
20260625_2320_overfitting_sweep_stage1_rank2,optimization_and_regularization,loss_type,all_archived_config_repeats,weighted_ce,inception_time,weighted_ce,s1_108,5,40042,0.5092592592592592,0.5125730994152047,,N/A_continuous_participant_oof_probabilities_not_archived,archived_config_repeat_summary,rows share participants and many configurations; boxplots are descriptive
20260625_2320_overfitting_sweep_stage1_rank2,optimization_and_regularization,loss_type,all_archived_config_repeats,weighted_ce,inception_time,weighted_ce,s1_109,1,42,0.4768518518518518,0.4782957393483709,,N/A_continuous_participant_oof_probabilities_not_archived,archived_config_repeat_summary,rows share participants and many configurations; boxplots are descriptive
20260625_2320_overfitting_sweep_stage1_rank2,optimization_and_regularization,loss_type,all_archived_config_repeats,weighted_ce,inception_time,weighted_ce,s1_109,2,10042,0.4953703703703704,0.4724386724386724,,N/A_continuous_participant_oof_probabilities_not_archived,archived_config_repeat_summary,rows share participants and many configurations; boxplots are descriptive
20260625_2320_overfitting_sweep_stage1_rank2,optimization_and_regularization,loss_type,all_archived_config_repeats,weighted_ce,inception_time,weighted_ce,s1_109,3,20042,0.5879629629629629,0.5652173913043478,,N/A_continuous_participant_oof_probabilities_not_archived,archived_config_repeat_summary,rows share participants and many configurations; boxplots are descriptive
20260625_2320_overfitting_sweep_stage1_rank2,optimization_and_regularization,loss_type,all_archived_config_repeats,weighted_ce,inception_time,weighted_ce,s1_109,4,30042,0.5231481481481481,0.5159609737614853,,N/A_continuous_participant_oof_probabilities_not_archived,archived_config_repeat_summary,rows share participants and many configurations; boxplots are descriptive
20260625_2320_overfitting_sweep_stage1_rank2,optimization_and_regularization,loss_type,all_archived_config_repeats,weighted_ce,inception_time,weighted_ce,s1_109,5,40042,0.5092592592592592,0.4722222222222222,,N/A_continuous_participant_oof_probabilities_not_archived,archived_config_repeat_summary,rows share participants and many configurations; boxplots are descriptive
20260625_2320_overfitting_sweep_stage1_rank2,optimization_and_regularization,loss_type,all_archived_config_repeats,weighted_ce,inception_time,weighted_ce,s1_110,1,42,0.4861111111111111,0.4827485380116958,,N/A_continuous_participant_oof_probabilities_not_archived,archived_config_repeat_summary,rows share participants and many configurations; boxplots are descriptive
20260625_2320_overfitting_sweep_stage1_rank2,optimization_and_regularization,loss_type,all_archived_config_repeats,weighted_ce,inception_time,weighted_ce,s1_110,2,10042,0.5231481481481481,0.5041847041847042,,N/A_continuous_participant_oof_probabilities_not_archived,archived_config_repeat_summary,rows share participants and many configurations; boxplots are descriptive
20260625_2320_overfitting_sweep_stage1_rank2,optimization_and_regularization,loss_type,all_archived_config_repeats,weighted_ce,inception_time,weighted_ce,s1_110,3,20042,0.5138888888888888,0.5105263157894737,,N/A_continuous_participant_oof_probabilities_not_archived,archived_config_repeat_summary,rows share participants and many configurations; boxplots are descriptive
20260625_2320_overfitting_sweep_stage1_rank2,optimization_and_regularization,loss_type,all_archived_config_repeats,weighted_ce,inception_time,weighted_ce,s1_110,4,30042,0.5787037037037037,0.5477582846003898,,N/A_continuous_participant_oof_probabilities_not_archived,archived_config_repeat_summary,rows share participants and many configurations; boxplots are descriptive
20260625_2320_overfitting_sweep_stage1_rank2,optimization_and_regularization,loss_type,all_archived_config_repeats,weighted_ce,inception_time,weighted_ce,s1_110,5,40042,0.4953703703703704,0.4706349206349207,,N/A_continuous_participant_oof_probabilities_not_archived,archived_config_repeat_summary,rows share participants and many configurations; boxplots are descriptive
20260625_2320_overfitting_sweep_stage1_rank2,optimization_and_regularization,loss_type,all_archived_config_repeats,weighted_ce,inception_time,weighted_ce,s1_111,1,42,0.5740740740740741,0.5840854860462704,,N/A_continuous_participant_oof_probabilities_not_archived,archived_config_repeat_summary,rows share participants and many configurations; boxplots are descriptive
20260625_2320_overfitting_sweep_stage1_rank2,optimization_and_regularization,loss_type,all_archived_config_repeats,weighted_ce,inception_time,weighted_ce,s1_111,2,10042,0.4583333333333333,0.4492753623188406,,N/A_continuous_participant_oof_probabilities_not_archived,archived_config_repeat_summary,rows share participants and many configurations; boxplots are descriptive
20260625_2320_overfitting_sweep_stage1_rank2,optimization_and_regularization,loss_type,all_archived_config_repeats,weighted_ce,inception_time,weighted_ce,s1_111,3,20042,0.5138888888888888,0.5064935064935064,,N/A_continuous_participant_oof_probabilities_not_archived,archived_config_repeat_summary,rows share participants and many configurations; boxplots are descriptive
20260625_2320_overfitting_sweep_stage1_rank2,optimization_and_regularization,loss_type,all_archived_config_repeats,weighted_ce,inception_time,weighted_ce,s1_111,4,30042,0.5046296296296297,0.4842105263157895,,N/A_continuous_participant_oof_probabilities_not_archived,archived_config_repeat_summary,rows share participants and many configurations; boxplots are descriptive
20260625_2320_overfitting_sweep_stage1_rank2,optimization_and_regularization,loss_type,all_archived_config_repeats,weighted_ce,inception_time,weighted_ce,s1_111,5,40042,0.5648148148148148,0.5515873015873016,,N/A_continuous_participant_oof_probabilities_not_archived,archived_config_repeat_summary,rows share participants and many configurations; boxplots are descriptive
20260625_2320_overfitting_sweep_stage1_rank2,optimization_and_regularization,loss_type,all_archived_config_repeats,weighted_ce,inception_time,weighted_ce,s1_112,1,42,0.6527777777777778,0.6577777777777777,,N/A_continuous_participant_oof_probabilities_not_archived,archived_config_repeat_summary,rows share participants and many configurations; boxplots are descriptive
20260625_2320_overfitting_sweep_stage1_rank2,optimization_and_regularization,loss_type,all_archived_config_repeats,weighted_ce,inception_time,weighted_ce,s1_112,2,10042,0.4583333333333333,0.445021645021645,,N/A_continuous_participant_oof_probabilities_not_archived,archived_config_repeat_summary,rows share participants and many configurations; boxplots are descriptive
20260625_2320_overfitting_sweep_stage1_rank2,optimization_and_regularization,loss_type,all_archived_config_repeats,weighted_ce,inception_time,weighted_ce,s1_112,3,20042,0.4722222222222221,0.4582953278605453,,N/A_continuous_participant_oof_probabilities_not_archived,archived_config_repeat_summary,rows share participants and many configurations; boxplots are descriptive
20260625_2320_overfitting_sweep_stage1_rank2,optimization_and_regularization,loss_type,all_archived_config_repeats,weighted_ce,inception_time,weighted_ce,s1_112,4,30042,0.5740740740740741,0.5544416597048175,,N/A_continuous_participant_oof_probabilities_not_archived,archived_config_repeat_summary,rows share participants and many configurations; boxplots are descriptive
20260625_2320_overfitting_sweep_stage1_rank2,optimization_and_regularization,loss_type,all_archived_config_repeats,weighted_ce,inception_time,weighted_ce,s1_112,5,40042,0.5231481481481481,0.507020757020757,,N/A_continuous_participant_oof_probabilities_not_archived,archived_config_repeat_summary,rows share participants and many configurations; boxplots are descriptive
20260625_2320_overfitting_sweep_stage1_rank2,optimization_and_regularization,loss_type,all_archived_config_repeats,weighted_ce,inception_time,weighted_ce,s1_113,1,42,0.5416666666666666,0.5405128205128206,,N/A_continuous_participant_oof_probabilities_not_archived,archived_config_repeat_summary,rows share participants and many configurations; boxplots are descriptive
20260625_2320_overfitting_sweep_stage1_rank2,optimization_and_regularization,loss_type,all_archived_config_repeats,weighted_ce,inception_time,weighted_ce,s1_113,2,10042,0.4953703703703704,0.4761904761904762,,N/A_continuous_participant_oof_probabilities_not_archived,archived_config_repeat_summary,rows share participants and many configurations; boxplots are descriptive
20260625_2320_overfitting_sweep_stage1_rank2,optimization_and_regularization,loss_type,all_archived_config_repeats,weighted_ce,inception_time,weighted_ce,s1_113,3,20042,0.6018518518518519,0.5754385964912281,,N/A_continuous_participant_oof_probabilities_not_archived,archived_config_repeat_summary,rows share participants and many configurations; boxplots are descriptive
20260625_2320_overfitting_sweep_stage1_rank2,optimization_and_regularization,loss_type,all_archived_config_repeats,weighted_ce,inception_time,weighted_ce,s1_113,4,30042,0.5324074074074074,0.5193539404065719,,N/A_continuous_participant_oof_probabilities_not_archived,archived_config_repeat_summary,rows share participants and many configurations; boxplots are descriptive
20260625_2320_overfitting_sweep_stage1_rank2,optimization_and_regularization,loss_type,all_archived_config_repeats,weighted_ce,inception_time,weighted_ce,s1_113,5,40042,0.4305555555555555,0.4095238095238095,,N/A_continuous_participant_oof_probabilities_not_archived,archived_config_repeat_summary,rows share participants and many configurations; boxplots are descriptive
20260625_2320_overfitting_sweep_stage1_rank2,optimization_and_regularization,loss_type,all_archived_config_repeats,weighted_ce,inception_time,weighted_ce,s1_114,1,42,0.5462962962962963,0.5551485551485552,,N/A_continuous_participant_oof_probabilities_not_archived,archived_config_repeat_summary,rows share participants and many configurations; boxplots are descriptive
20260625_2320_overfitting_sweep_stage1_rank2,optimization_and_regularization,loss_type,all_archived_config_repeats,weighted_ce,inception_time,weighted_ce,s1_114,2,10042,0.5092592592592592,0.4722222222222222,,N/A_continuous_participant_oof_probabilities_not_archived,archived_config_repeat_summary,rows share participants and many configurations; boxplots are descriptive
20260625_2320_overfitting_sweep_stage1_rank2,optimization_and_regularization,loss_type,all_archived_config_repeats,weighted_ce,inception_time,weighted_ce,s1_114,3,20042,0.5185185185185185,0.4858523119392684,,N/A_continuous_participant_oof_probabilities_not_archived,archived_config_repeat_summary,rows share participants and many configurations; boxplots are descriptive
20260625_2320_overfitting_sweep_stage1_rank2,optimization_and_regularization,loss_type,all_archived_config_repeats,weighted_ce,inception_time,weighted_ce,s1_114,4,30042,0.5509259259259259,0.5100880932082977,,N/A_continuous_participant_oof_probabilities_not_archived,archived_config_repeat_summary,rows share participants and many configurations; boxplots are descriptive
20260625_2320_overfitting_sweep_stage1_rank2,optimization_and_regularization,loss_type,all_archived_config_repeats,weighted_ce,inception_time,weighted_ce,s1_114,5,40042,0.4629629629629629,0.4515151515151515,,N/A_continuous_participant_oof_probabilities_not_archived,archived_config_repeat_summary,rows share participants and many configurations; boxplots are descriptive
20260625_2320_overfitting_sweep_stage1_rank2,optimization_and_regularization,loss_type,all_archived_config_repeats,weighted_ce,inception_time,weighted_ce,s1_115,1,42,0.5648148148148148,0.5515151515151515,,N/A_continuous_participant_oof_probabilities_not_archived,archived_config_repeat_summary,rows share participants and many configurations; boxplots are descriptive
20260625_2320_overfitting_sweep_stage1_rank2,optimization_and_regularization,loss_type,all_archived_config_repeats,weighted_ce,inception_time,weighted_ce,s1_115,2,10042,0.5231481481481481,0.5041847041847042,,N/A_continuous_participant_oof_probabilities_not_archived,archived_config_repeat_summary,rows share participants and many configurations; boxplots are descriptive
20260625_2320_overfitting_sweep_stage1_rank2,optimization_and_regularization,loss_type,all_archived_config_repeats,weighted_ce,inception_time,weighted_ce,s1_115,3,20042,0.4722222222222221,0.4657644110275689,,N/A_continuous_participant_oof_probabilities_not_archived,archived_config_repeat_summary,rows share participants and many configurations; boxplots are descriptive
20260625_2320_overfitting_sweep_stage1_rank2,optimization_and_regularization,loss_type,all_archived_config_repeats,weighted_ce,inception_time,weighted_ce,s1_115,4,30042,0.4861111111111111,0.4355742296918767,,N/A_continuous_participant_oof_probabilities_not_archived,archived_config_repeat_summary,rows share participants and many configurations; boxplots are descriptive
20260625_2320_overfitting_sweep_stage1_rank2,optimization_and_regularization,loss_type,all_archived_config_repeats,weighted_ce,inception_time,weighted_ce,s1_115,5,40042,0.5277777777777778,0.5151515151515151,,N/A_continuous_participant_oof_probabilities_not_archived,archived_config_repeat_summary,rows share participants and many configurations; boxplots are descriptive
20260625_2320_overfitting_sweep_stage1_rank2,optimization_and_regularization,loss_type,all_archived_config_repeats,weighted_ce,inception_time,weighted_ce,s1_116,1,42,0.5462962962962963,0.5533433886375062,,N/A_continuous_participant_oof_probabilities_not_archived,archived_config_repeat_summary,rows share participants and many configurations; boxplots are descriptive
20260625_2320_overfitting_sweep_stage1_rank2,optimization_and_regularization,loss_type,all_archived_config_repeats,weighted_ce,inception_time,weighted_ce,s1_116,2,10042,0.4444444444444444,0.4319291819291819,,N/A_continuous_participant_oof_probabilities_not_archived,archived_config_repeat_summary,rows share participants and many configurations; boxplots are descriptive
20260625_2320_overfitting_sweep_stage1_rank2,optimization_and_regularization,loss_type,all_archived_config_repeats,weighted_ce,inception_time,weighted_ce,s1_116,3,20042,0.4351851851851852,0.4292307692307692,,N/A_continuous_participant_oof_probabilities_not_archived,archived_config_repeat_summary,rows share participants and many configurations; boxplots are descriptive
20260625_2320_overfitting_sweep_stage1_rank2,optimization_and_regularization,loss_type,all_archived_config_repeats,weighted_ce,inception_time,weighted_ce,s1_116,4,30042,0.5601851851851852,0.5521885521885522,,N/A_continuous_participant_oof_probabilities_not_archived,archived_config_repeat_summary,rows share participants and many configurations; boxplots are descriptive
20260625_2320_overfitting_sweep_stage1_rank2,optimization_and_regularization,loss_type,all_archived_config_repeats,weighted_ce,inception_time,weighted_ce,s1_116,5,40042,0.5555555555555555,0.5608594304246478,,N/A_continuous_participant_oof_probabilities_not_archived,archived_config_repeat_summary,rows share participants and many configurations; boxplots are descriptive
20260625_2320_overfitting_sweep_stage1_rank2,optimization_and_regularization,loss_type,all_archived_config_repeats,weighted_ce,inception_time,weighted_ce,s1_117,1,42,0.5972222222222222,0.5927726926010678,,N/A_continuous_participant_oof_probabilities_not_archived,archived_config_repeat_summary,rows share participants and many configurations; boxplots are descriptive
20260625_2320_overfitting_sweep_stage1_rank2,optimization_and_regularization,loss_type,all_archived_config_repeats,weighted_ce,inception_time,weighted_ce,s1_117,2,10042,0.4629629629629629,0.4603864734299517,,N/A_continuous_participant_oof_probabilities_not_archived,archived_config_repeat_summary,rows share participants and many configurations; boxplots are descriptive
20260625_2320_overfitting_sweep_stage1_rank2,optimization_and_regularization,loss_type,all_archived_config_repeats,weighted_ce,inception_time,weighted_ce,s1_117,3,20042,0.4722222222222221,0.4596273291925465,,N/A_continuous_participant_oof_probabilities_not_archived,archived_config_repeat_summary,rows share participants and many configurations; boxplots are descriptive
20260625_2320_overfitting_sweep_stage1_rank2,optimization_and_regularization,loss_type,all_archived_config_repeats,weighted_ce,inception_time,weighted_ce,s1_117,4,30042,0.5092592592592592,0.4742471151139882,,N/A_continuous_participant_oof_probabilities_not_archived,archived_config_repeat_summary,rows share participants and many configurations; boxplots are descriptive
20260625_2320_overfitting_sweep_stage1_rank2,optimization_and_regularization,loss_type,all_archived_config_repeats,weighted_ce,inception_time,weighted_ce,s1_117,5,40042,0.5555555555555555,0.5541125541125541,,N/A_continuous_participant_oof_probabilities_not_archived,archived_config_repeat_summary,rows share participants and many configurations; boxplots are descriptive
20260625_2320_overfitting_sweep_stage1_rank2,optimization_and_regularization,loss_type,all_archived_config_repeats,weighted_ce,inception_time,weighted_ce,s1_118,1,42,0.5740740740740741,0.5840854860462704,,N/A_continuous_participant_oof_probabilities_not_archived,archived_config_repeat_summary,rows share participants and many configurations; boxplots are descriptive
20260625_2320_overfitting_sweep_stage1_rank2,optimization_and_regularization,loss_type,all_archived_config_repeats,weighted_ce,inception_time,weighted_ce,s1_118,2,10042,0.4583333333333333,0.4492753623188406,,N/A_continuous_participant_oof_probabilities_not_archived,archived_config_repeat_summary,rows share participants and many configurations; boxplots are descriptive
20260625_2320_overfitting_sweep_stage1_rank2,optimization_and_regularization,loss_type,all_archived_config_repeats,weighted_ce,inception_time,weighted_ce,s1_118,3,20042,0.4722222222222221,0.4596273291925465,,N/A_continuous_participant_oof_probabilities_not_archived,archived_config_repeat_summary,rows share participants and many configurations; boxplots are descriptive
20260625_2320_overfitting_sweep_stage1_rank2,optimization_and_regularization,loss_type,all_archived_config_repeats,weighted_ce,inception_time,weighted_ce,s1_118,4,30042,0.5046296296296297,0.4876079086605402,,N/A_continuous_participant_oof_probabilities_not_archived,archived_config_repeat_summary,rows share participants and many configurations; boxplots are descriptive
20260625_2320_overfitting_sweep_stage1_rank2,optimization_and_regularization,loss_type,all_archived_config_repeats,weighted_ce,inception_time,weighted_ce,s1_118,5,40042,0.5925925925925926,0.5838509316770186,,N/A_continuous_participant_oof_probabilities_not_archived,archived_config_repeat_summary,rows share participants and many configurations; boxplots are descriptive
20260625_2320_overfitting_sweep_stage1_rank2,optimization_and_regularization,loss_type,all_archived_config_repeats,weighted_ce,inception_time,weighted_ce,s1_119,1,42,0.625,0.625,,N/A_continuous_participant_oof_probabilities_not_archived,archived_config_repeat_summary,rows share participants and many configurations; boxplots are descriptive
20260625_2320_overfitting_sweep_stage1_rank2,optimization_and_regularization,loss_type,all_archived_config_repeats,weighted_ce,inception_time,weighted_ce,s1_119,2,10042,0.4583333333333333,0.445021645021645,,N/A_continuous_participant_oof_probabilities_not_archived,archived_config_repeat_summary,rows share participants and many configurations; boxplots are descriptive
20260625_2320_overfitting_sweep_stage1_rank2,optimization_and_regularization,loss_type,all_archived_config_repeats,weighted_ce,inception_time,weighted_ce,s1_119,3,20042,0.5694444444444444,0.5702075702075702,,N/A_continuous_participant_oof_probabilities_not_archived,archived_config_repeat_summary,rows share participants and many configurations; boxplots are descriptive
20260625_2320_overfitting_sweep_stage1_rank2,optimization_and_regularization,loss_type,all_archived_config_repeats,weighted_ce,inception_time,weighted_ce,s1_119,4,30042,0.4768518518518518,0.4508771929824561,,N/A_continuous_participant_oof_probabilities_not_archived,archived_config_repeat_summary,rows share participants and many configurations; boxplots are descriptive
20260625_2320_overfitting_sweep_stage1_rank2,optimization_and_regularization,loss_type,all_archived_config_repeats,weighted_ce,inception_time,weighted_ce,s1_119,5,40042,0.5694444444444444,0.5707384403036576,,N/A_continuous_participant_oof_probabilities_not_archived,archived_config_repeat_summary,rows share participants and many configurations; boxplots are descriptive
20260625_2320_overfitting_sweep_stage1_rank2,optimization_and_regularization,loss_type,all_archived_config_repeats,weighted_ce,inception_time,weighted_ce,s1_120,1,42,0.625,0.6271929824561403,,N/A_continuous_participant_oof_probabilities_not_archived,archived_config_repeat_summary,rows share participants and many configurations; boxplots are descriptive
20260625_2320_overfitting_sweep_stage1_rank2,optimization_and_regularization,loss_type,all_archived_config_repeats,weighted_ce,inception_time,weighted_ce,s1_120,2,10042,0.5324074074074073,0.4985507246376811,,N/A_continuous_participant_oof_probabilities_not_archived,archived_config_repeat_summary,rows share participants and many configurations; boxplots are descriptive
20260625_2320_overfitting_sweep_stage1_rank2,optimization_and_regularization,loss_type,all_archived_config_repeats,weighted_ce,inception_time,weighted_ce,s1_120,3,20042,0.4166666666666667,0.3961352657004831,,N/A_continuous_participant_oof_probabilities_not_archived,archived_config_repeat_summary,rows share participants and many configurations; boxplots are descriptive
20260625_2320_overfitting_sweep_stage1_rank2,optimization_and_regularization,loss_type,all_archived_config_repeats,weighted_ce,inception_time,weighted_ce,s1_120,4,30042,0.5601851851851852,0.5532212885154061,,N/A_continuous_participant_oof_probabilities_not_archived,archived_config_repeat_summary,rows share participants and many configurations; boxplots are descriptive
20260625_2320_overfitting_sweep_stage1_rank2,optimization_and_regularization,loss_type,all_archived_config_repeats,weighted_ce,inception_time,weighted_ce,s1_120,5,40042,0.5601851851851852,0.533846153846154,,N/A_continuous_participant_oof_probabilities_not_archived,archived_config_repeat_summary,rows share participants and many configurations; boxplots are descriptive
20260625_2320_overfitting_sweep_stage1_rank2,optimization_and_regularization,loss_type,all_archived_config_repeats,weighted_ce,inception_time,weighted_ce,s1_121,1,42,0.625,0.6251207729468599,,N/A_continuous_participant_oof_probabilities_not_archived,archived_config_repeat_summary,rows share participants and many configurations; boxplots are descriptive
20260625_2320_overfitting_sweep_stage1_rank2,optimization_and_regularization,loss_type,all_archived_config_repeats,weighted_ce,inception_time,weighted_ce,s1_121,2,10042,0.5462962962962963,0.5584615384615385,,N/A_continuous_participant_oof_probabilities_not_archived,archived_config_repeat_summary,rows share participants and many configurations; boxplots are descriptive
20260625_2320_overfitting_sweep_stage1_rank2,optimization_and_regularization,loss_type,all_archived_config_repeats,weighted_ce,inception_time,weighted_ce,s1_121,3,20042,0.4722222222222221,0.4582953278605453,,N/A_continuous_participant_oof_probabilities_not_archived,archived_config_repeat_summary,rows share participants and many configurations; boxplots are descriptive
20260625_2320_overfitting_sweep_stage1_rank2,optimization_and_regularization,loss_type,all_archived_config_repeats,weighted_ce,inception_time,weighted_ce,s1_121,4,30042,0.6759259259259259,0.6815114709851552,,N/A_continuous_participant_oof_probabilities_not_archived,archived_config_repeat_summary,rows share participants and many configurations; boxplots are descriptive
20260625_2320_overfitting_sweep_stage1_rank2,optimization_and_regularization,loss_type,all_archived_config_repeats,weighted_ce,inception_time,weighted_ce,s1_121,5,40042,0.6435185185185185,0.6131476745287486,,N/A_continuous_participant_oof_probabilities_not_archived,archived_config_repeat_summary,rows share participants and many configurations; boxplots are descriptive
20260625_2320_overfitting_sweep_stage1_rank2,optimization_and_regularization,loss_type,all_archived_config_repeats,weighted_ce,inception_time,weighted_ce,s1_122,1,42,0.6990740740740741,0.6883116883116882,,N/A_continuous_participant_oof_probabilities_not_archived,archived_config_repeat_summary,rows share participants and many configurations; boxplots are descriptive
20260625_2320_overfitting_sweep_stage1_rank2,optimization_and_regularization,loss_type,all_archived_config_repeats,weighted_ce,inception_time,weighted_ce,s1_122,2,10042,0.5277777777777778,0.5223171889838556,,N/A_continuous_participant_oof_probabilities_not_archived,archived_config_repeat_summary,rows share participants and many configurations; boxplots are descriptive
20260625_2320_overfitting_sweep_stage1_rank2,optimization_and_regularization,loss_type,all_archived_config_repeats,weighted_ce,inception_time,weighted_ce,s1_122,3,20042,0.5925925925925926,0.5793650793650794,,N/A_continuous_participant_oof_probabilities_not_archived,archived_config_repeat_summary,rows share participants and many configurations; boxplots are descriptive
20260625_2320_overfitting_sweep_stage1_rank2,optimization_and_regularization,loss_type,all_archived_config_repeats,weighted_ce,inception_time,weighted_ce,s1_122,4,30042,0.611111111111111,0.6178266178266177,,N/A_continuous_participant_oof_probabilities_not_archived,archived_config_repeat_summary,rows share participants and many configurations; boxplots are descriptive
20260625_2320_overfitting_sweep_stage1_rank2,optimization_and_regularization,loss_type,all_archived_config_repeats,weighted_ce,inception_time,weighted_ce,s1_122,5,40042,0.6203703703703703,0.6121212121212122,,N/A_continuous_participant_oof_probabilities_not_archived,archived_config_repeat_summary,rows share participants and many configurations; boxplots are descriptive
20260625_2320_overfitting_sweep_stage1_rank2,optimization_and_regularization,loss_type,all_archived_config_repeats,balanced_softmax,inception_time,balanced_softmax,s1_123,1,42,0.375,0.3073593073593073,,N/A_continuous_participant_oof_probabilities_not_archived,archived_config_repeat_summary,rows share participants and many configurations; boxplots are descriptive
20260625_2320_overfitting_sweep_stage1_rank2,optimization_and_regularization,loss_type,all_archived_config_repeats,balanced_softmax,inception_time,balanced_softmax,s1_123,2,10042,0.3518518518518518,0.3468627450980392,,N/A_continuous_participant_oof_probabilities_not_archived,archived_config_repeat_summary,rows share participants and many configurations; boxplots are descriptive
20260625_2320_overfitting_sweep_stage1_rank2,optimization_and_regularization,loss_type,all_archived_config_repeats,balanced_softmax,inception_time,balanced_softmax,s1_123,3,20042,0.4074074074074074,0.3798667792475842,,N/A_continuous_participant_oof_probabilities_not_archived,archived_config_repeat_summary,rows share participants and many configurations; boxplots are descriptive
20260625_2320_overfitting_sweep_stage1_rank2,optimization_and_regularization,loss_type,all_archived_config_repeats,balanced_softmax,inception_time,balanced_softmax,s1_123,4,30042,0.4768518518518518,0.4378787878787878,,N/A_continuous_participant_oof_probabilities_not_archived,archived_config_repeat_summary,rows share participants and many configurations; boxplots are descriptive
20260625_2320_overfitting_sweep_stage1_rank2,optimization_and_regularization,loss_type,all_archived_config_repeats,balanced_softmax,inception_time,balanced_softmax,s1_123,5,40042,0.4166666666666667,0.4107227432035616,,N/A_continuous_participant_oof_probabilities_not_archived,archived_config_repeat_summary,rows share participants and many configurations; boxplots are descriptive
20260625_2320_overfitting_sweep_stage1_rank2,optimization_and_regularization,loss_type,all_archived_config_repeats,focal_loss,inception_time,focal_loss,s1_124,1,42,0.2777777777777777,0.2679738562091503,,N/A_continuous_participant_oof_probabilities_not_archived,archived_config_repeat_summary,rows share participants and many configurations; boxplots are descriptive
20260625_2320_overfitting_sweep_stage1_rank2,optimization_and_regularization,loss_type,all_archived_config_repeats,focal_loss,inception_time,focal_loss,s1_124,2,10042,0.3148148148148148,0.3073593073593073,,N/A_continuous_participant_oof_probabilities_not_archived,archived_config_repeat_summary,rows share participants and many configurations; boxplots are descriptive
20260625_2320_overfitting_sweep_stage1_rank2,optimization_and_regularization,loss_type,all_archived_config_repeats,focal_loss,inception_time,focal_loss,s1_124,3,20042,0.4305555555555555,0.4187742729942219,,N/A_continuous_participant_oof_probabilities_not_archived,archived_config_repeat_summary,rows share participants and many configurations; boxplots are descriptive
20260625_2320_overfitting_sweep_stage1_rank2,optimization_and_regularization,loss_type,all_archived_config_repeats,focal_loss,inception_time,focal_loss,s1_124,4,30042,0.4953703703703704,0.5014619883040936,,N/A_continuous_participant_oof_probabilities_not_archived,archived_config_repeat_summary,rows share participants and many configurations; boxplots are descriptive
20260625_2320_overfitting_sweep_stage1_rank2,optimization_and_regularization,loss_type,all_archived_config_repeats,focal_loss,inception_time,focal_loss,s1_124,5,40042,0.4074074074074074,0.4001960784313725,,N/A_continuous_participant_oof_probabilities_not_archived,archived_config_repeat_summary,rows share participants and many configurations; boxplots are descriptive
20260625_2320_overfitting_sweep_stage1_rank2,optimization_and_regularization,loss_type,all_archived_config_repeats,balanced_softmax,inception_time,balanced_softmax,s1_125,1,42,0.4861111111111111,0.4519632414369257,,N/A_continuous_participant_oof_probabilities_not_archived,archived_config_repeat_summary,rows share participants and many configurations; boxplots are descriptive
20260625_2320_overfitting_sweep_stage1_rank2,optimization_and_regularization,loss_type,all_archived_config_repeats,balanced_softmax,inception_time,balanced_softmax,s1_125,2,10042,0.3657407407407407,0.3457284515636918,,N/A_continuous_participant_oof_probabilities_not_archived,archived_config_repeat_summary,rows share participants and many configurations; boxplots are descriptive
20260625_2320_overfitting_sweep_stage1_rank2,optimization_and_regularization,loss_type,all_archived_config_repeats,balanced_softmax,inception_time,balanced_softmax,s1_125,3,20042,0.3287037037037037,0.2976190476190476,,N/A_continuous_participant_oof_probabilities_not_archived,archived_config_repeat_summary,rows share participants and many configurations; boxplots are descriptive
20260625_2320_overfitting_sweep_stage1_rank2,optimization_and_regularization,loss_type,all_archived_config_repeats,balanced_softmax,inception_time,balanced_softmax,s1_125,4,30042,0.4722222222222221,0.4424603174603174,,N/A_continuous_participant_oof_probabilities_not_archived,archived_config_repeat_summary,rows share participants and many configurations; boxplots are descriptive
20260625_2320_overfitting_sweep_stage1_rank2,optimization_and_regularization,loss_type,all_archived_config_repeats,balanced_softmax,inception_time,balanced_softmax,s1_125,5,40042,0.4212962962962963,0.4163806254767353,,N/A_continuous_participant_oof_probabilities_not_archived,archived_config_repeat_summary,rows share participants and many configurations; boxplots are descriptive
20260625_2320_overfitting_sweep_stage1_rank2,optimization_and_regularization,loss_type,all_archived_config_repeats,focal_loss,inception_time,focal_loss,s1_126,1,42,0.4166666666666667,0.3939393939393938,,N/A_continuous_participant_oof_probabilities_not_archived,archived_config_repeat_summary,rows share participants and many configurations; boxplots are descriptive
20260625_2320_overfitting_sweep_stage1_rank2,optimization_and_regularization,loss_type,all_archived_config_repeats,focal_loss,inception_time,focal_loss,s1_126,2,10042,0.3981481481481481,0.4014619883040935,,N/A_continuous_participant_oof_probabilities_not_archived,archived_config_repeat_summary,rows share participants and many configurations; boxplots are descriptive
20260625_2320_overfitting_sweep_stage1_rank2,optimization_and_regularization,loss_type,all_archived_config_repeats,focal_loss,inception_time,focal_loss,s1_126,3,20042,0.3657407407407407,0.3518518518518518,,N/A_continuous_participant_oof_probabilities_not_archived,archived_config_repeat_summary,rows share participants and many configurations; boxplots are descriptive
20260625_2320_overfitting_sweep_stage1_rank2,optimization_and_regularization,loss_type,all_archived_config_repeats,focal_loss,inception_time,focal_loss,s1_126,4,30042,0.4305555555555555,0.4187742729942219,,N/A_continuous_participant_oof_probabilities_not_archived,archived_config_repeat_summary,rows share participants and many configurations; boxplots are descriptive
20260625_2320_overfitting_sweep_stage1_rank2,optimization_and_regularization,loss_type,all_archived_config_repeats,focal_loss,inception_time,focal_loss,s1_126,5,40042,0.4490740740740741,0.4538461538461538,,N/A_continuous_participant_oof_probabilities_not_archived,archived_config_repeat_summary,rows share participants and many configurations; boxplots are descriptive
20260625_2320_overfitting_sweep_stage1_rank2,optimization_and_regularization,loss_type,all_archived_config_repeats,weighted_ce,inception_time,weighted_ce,ref_rank2_fixed_epoch_ep9,1,42,0.5370370370370371,0.528369802027091,,N/A_continuous_participant_oof_probabilities_not_archived,archived_config_repeat_summary,rows share participants and many configurations; boxplots are descriptive
20260625_2320_overfitting_sweep_stage1_rank2,optimization_and_regularization,loss_type,all_archived_config_repeats,weighted_ce,inception_time,weighted_ce,ref_rank2_fixed_epoch_ep9,2,10042,0.4583333333333333,0.4437543133195307,,N/A_continuous_participant_oof_probabilities_not_archived,archived_config_repeat_summary,rows share participants and many configurations; boxplots are descriptive
20260625_2320_overfitting_sweep_stage1_rank2,optimization_and_regularization,loss_type,all_archived_config_repeats,weighted_ce,inception_time,weighted_ce,ref_rank2_fixed_epoch_ep9,3,20042,0.4675925925925925,0.4330409356725146,,N/A_continuous_participant_oof_probabilities_not_archived,archived_config_repeat_summary,rows share participants and many configurations; boxplots are descriptive
20260625_2320_overfitting_sweep_stage1_rank2,optimization_and_regularization,loss_type,all_archived_config_repeats,weighted_ce,inception_time,weighted_ce,ref_rank2_fixed_epoch_ep9,4,30042,0.5138888888888888,0.4770258980785296,,N/A_continuous_participant_oof_probabilities_not_archived,archived_config_repeat_summary,rows share participants and many configurations; boxplots are descriptive
20260625_2320_overfitting_sweep_stage1_rank2,optimization_and_regularization,loss_type,all_archived_config_repeats,weighted_ce,inception_time,weighted_ce,ref_rank2_fixed_epoch_ep9,5,40042,0.5416666666666666,0.5373015873015873,,N/A_continuous_participant_oof_probabilities_not_archived,archived_config_repeat_summary,rows share participants and many configurations; boxplots are descriptive
20260625_2320_overfitting_sweep_stage1_rank2,optimization_and_regularization,loss_type,all_archived_config_repeats,weighted_ce,inception_time,weighted_ce,ref_rank2_fixed_epoch_ep10,1,42,0.5601851851851852,0.5588235294117648,,N/A_continuous_participant_oof_probabilities_not_archived,archived_config_repeat_summary,rows share participants and many configurations; boxplots are descriptive
20260625_2320_overfitting_sweep_stage1_rank2,optimization_and_regularization,loss_type,all_archived_config_repeats,weighted_ce,inception_time,weighted_ce,ref_rank2_fixed_epoch_ep10,2,10042,0.5138888888888888,0.5094393592677345,,N/A_continuous_participant_oof_probabilities_not_archived,archived_config_repeat_summary,rows share participants and many configurations; boxplots are descriptive
20260625_2320_overfitting_sweep_stage1_rank2,optimization_and_regularization,loss_type,all_archived_config_repeats,weighted_ce,inception_time,weighted_ce,ref_rank2_fixed_epoch_ep10,3,20042,0.5138888888888888,0.4851851851851851,,N/A_continuous_participant_oof_probabilities_not_archived,archived_config_repeat_summary,rows share participants and many configurations; boxplots are descriptive
20260625_2320_overfitting_sweep_stage1_rank2,optimization_and_regularization,loss_type,all_archived_config_repeats,weighted_ce,inception_time,weighted_ce,ref_rank2_fixed_epoch_ep10,4,30042,0.4814814814814814,0.4835294117647059,,N/A_continuous_participant_oof_probabilities_not_archived,archived_config_repeat_summary,rows share participants and many configurations; boxplots are descriptive
20260625_2320_overfitting_sweep_stage1_rank2,optimization_and_regularization,loss_type,all_archived_config_repeats,weighted_ce,inception_time,weighted_ce,ref_rank2_fixed_epoch_ep10,5,40042,0.5231481481481481,0.5044858523119393,,N/A_continuous_participant_oof_probabilities_not_archived,archived_config_repeat_summary,rows share participants and many configurations; boxplots are descriptive
20260625_2320_overfitting_sweep_stage1_rank2,optimization_and_regularization,loss_type,all_archived_config_repeats,weighted_ce,inception_time,weighted_ce,ref_rank2_fixed_epoch_ep15,1,42,0.6203703703703703,0.6203703703703703,,N/A_continuous_participant_oof_probabilities_not_archived,archived_config_repeat_summary,rows share participants and many configurations; boxplots are descriptive
20260625_2320_overfitting_sweep_stage1_rank2,optimization_and_regularization,loss_type,all_archived_config_repeats,weighted_ce,inception_time,weighted_ce,ref_rank2_fixed_epoch_ep15,2,10042,0.4953703703703704,0.4727398205659075,,N/A_continuous_participant_oof_probabilities_not_archived,archived_config_repeat_summary,rows share participants and many configurations; boxplots are descriptive
20260625_2320_overfitting_sweep_stage1_rank2,optimization_and_regularization,loss_type,all_archived_config_repeats,weighted_ce,inception_time,weighted_ce,ref_rank2_fixed_epoch_ep15,3,20042,0.5185185185185185,0.522962962962963,,N/A_continuous_participant_oof_probabilities_not_archived,archived_config_repeat_summary,rows share participants and many configurations; boxplots are descriptive
20260625_2320_overfitting_sweep_stage1_rank2,optimization_and_regularization,loss_type,all_archived_config_repeats,weighted_ce,inception_time,weighted_ce,ref_rank2_fixed_epoch_ep15,4,30042,0.5370370370370371,0.5121212121212121,,N/A_continuous_participant_oof_probabilities_not_archived,archived_config_repeat_summary,rows share participants and many configurations; boxplots are descriptive
20260625_2320_overfitting_sweep_stage1_rank2,optimization_and_regularization,loss_type,all_archived_config_repeats,weighted_ce,inception_time,weighted_ce,ref_rank2_fixed_epoch_ep15,5,40042,0.4861111111111111,0.4782608695652173,,N/A_continuous_participant_oof_probabilities_not_archived,archived_config_repeat_summary,rows share participants and many configurations; boxplots are descriptive
