classifier_id,evaluation_id,aggregation_level,curve,class_label,point_index,false_positive_rate,true_positive_rate,score_threshold,roc_auc,observation_count
b16_lr1e-4,participant_outer_oof,participant,one_vs_rest,0,0,0.0,0.0,,0.7771111111111111,145
b16_lr1e-4,participant_outer_oof,participant,one_vs_rest,0,1,0.0,0.022222222222222223,0.9998796710494287,0.7771111111111111,145
b16_lr1e-4,participant_outer_oof,participant,one_vs_rest,0,2,0.0,0.1111111111111111,0.9764829540225115,0.7771111111111111,145
b16_lr1e-4,participant_outer_oof,participant,one_vs_rest,0,3,0.01,0.1111111111111111,0.8871491802277849,0.7771111111111111,145
b16_lr1e-4,participant_outer_oof,participant,one_vs_rest,0,4,0.01,0.13333333333333333,0.873126832073881,0.7771111111111111,145
b16_lr1e-4,participant_outer_oof,participant,one_vs_rest,0,5,0.03,0.13333333333333333,0.86505845824553,0.7771111111111111,145
b16_lr1e-4,participant_outer_oof,participant,one_vs_rest,0,6,0.03,0.15555555555555556,0.8585573386621559,0.7771111111111111,145
b16_lr1e-4,participant_outer_oof,participant,one_vs_rest,0,7,0.06,0.15555555555555556,0.8381278277255323,0.7771111111111111,145
b16_lr1e-4,participant_outer_oof,participant,one_vs_rest,0,8,0.06,0.2,0.8238969830815457,0.7771111111111111,145
b16_lr1e-4,participant_outer_oof,participant,one_vs_rest,0,9,0.09,0.2,0.7892072212453385,0.7771111111111111,145
b16_lr1e-4,participant_outer_oof,participant,one_vs_rest,0,10,0.09,0.3111111111111111,0.747140813118834,0.7771111111111111,145
b16_lr1e-4,participant_outer_oof,participant,one_vs_rest,0,11,0.1,0.3111111111111111,0.7421869421226911,0.7771111111111111,145
b16_lr1e-4,participant_outer_oof,participant,one_vs_rest,0,12,0.1,0.3333333333333333,0.7412250249511403,0.7771111111111111,145
b16_lr1e-4,participant_outer_oof,participant,one_vs_rest,0,13,0.12,0.3333333333333333,0.7382432812254431,0.7771111111111111,145
b16_lr1e-4,participant_outer_oof,participant,one_vs_rest,0,14,0.12,0.37777777777777777,0.6915649574906222,0.7771111111111111,145
b16_lr1e-4,participant_outer_oof,participant,one_vs_rest,0,15,0.13,0.37777777777777777,0.6886376101170306,0.7771111111111111,145
b16_lr1e-4,participant_outer_oof,participant,one_vs_rest,0,16,0.13,0.4,0.687079986278287,0.7771111111111111,145
b16_lr1e-4,participant_outer_oof,participant,one_vs_rest,0,17,0.19,0.4,0.6443698372338081,0.7771111111111111,145
b16_lr1e-4,participant_outer_oof,participant,one_vs_rest,0,18,0.19,0.4222222222222222,0.6349608069800841,0.7771111111111111,145
b16_lr1e-4,participant_outer_oof,participant,one_vs_rest,0,19,0.2,0.4222222222222222,0.6315294888073155,0.7771111111111111,145
b16_lr1e-4,participant_outer_oof,participant,one_vs_rest,0,20,0.2,0.4666666666666667,0.6179184499701562,0.7771111111111111,145
b16_lr1e-4,participant_outer_oof,participant,one_vs_rest,0,21,0.22,0.4666666666666667,0.598507888526742,0.7771111111111111,145
b16_lr1e-4,participant_outer_oof,participant,one_vs_rest,0,22,0.22,0.5111111111111111,0.5633813694095501,0.7771111111111111,145
b16_lr1e-4,participant_outer_oof,participant,one_vs_rest,0,23,0.23,0.5111111111111111,0.5602164929437962,0.7771111111111111,145
b16_lr1e-4,participant_outer_oof,participant,one_vs_rest,0,24,0.23,0.5555555555555556,0.5492651567803336,0.7771111111111111,145
b16_lr1e-4,participant_outer_oof,participant,one_vs_rest,0,25,0.25,0.5555555555555556,0.5178088235413824,0.7771111111111111,145
b16_lr1e-4,participant_outer_oof,participant,one_vs_rest,0,26,0.25,0.5777777777777777,0.517076469363741,0.7771111111111111,145
b16_lr1e-4,participant_outer_oof,participant,one_vs_rest,0,27,0.26,0.5777777777777777,0.5059972511330946,0.7771111111111111,145
b16_lr1e-4,participant_outer_oof,participant,one_vs_rest,0,28,0.26,0.6,0.49036807827993567,0.7771111111111111,145
b16_lr1e-4,participant_outer_oof,participant,one_vs_rest,0,29,0.28,0.6,0.4696983609296961,0.7771111111111111,145
b16_lr1e-4,participant_outer_oof,participant,one_vs_rest,0,30,0.28,0.6888888888888889,0.442164550087213,0.7771111111111111,145
b16_lr1e-4,participant_outer_oof,participant,one_vs_rest,0,31,0.29,0.6888888888888889,0.42616526332727067,0.7771111111111111,145
b16_lr1e-4,participant_outer_oof,participant,one_vs_rest,0,32,0.29,0.7555555555555555,0.39875210832173474,0.7771111111111111,145
b16_lr1e-4,participant_outer_oof,participant,one_vs_rest,0,33,0.3,0.7555555555555555,0.3709131580805609,0.7771111111111111,145
b16_lr1e-4,participant_outer_oof,participant,one_vs_rest,0,34,0.3,0.7777777777777778,0.3548647572672653,0.7771111111111111,145
b16_lr1e-4,participant_outer_oof,participant,one_vs_rest,0,35,0.31,0.7777777777777778,0.350309590423392,0.7771111111111111,145
b16_lr1e-4,participant_outer_oof,participant,one_vs_rest,0,36,0.31,0.8,0.32789401678199454,0.7771111111111111,145
b16_lr1e-4,participant_outer_oof,participant,one_vs_rest,0,37,0.32,0.8,0.3178252418578858,0.7771111111111111,145
b16_lr1e-4,participant_outer_oof,participant,one_vs_rest,0,38,0.32,0.8444444444444444,0.30990178484603836,0.7771111111111111,145
b16_lr1e-4,participant_outer_oof,participant,one_vs_rest,0,39,0.36,0.8444444444444444,0.2644844469671363,0.7771111111111111,145
b16_lr1e-4,participant_outer_oof,participant,one_vs_rest,0,40,0.36,0.8666666666666667,0.2412297539683399,0.7771111111111111,145
b16_lr1e-4,participant_outer_oof,participant,one_vs_rest,0,41,0.38,0.8666666666666667,0.2107751560788889,0.7771111111111111,145
b16_lr1e-4,participant_outer_oof,participant,one_vs_rest,0,42,0.38,0.8888888888888888,0.20391282288479678,0.7771111111111111,145
b16_lr1e-4,participant_outer_oof,participant,one_vs_rest,0,43,0.45,0.8888888888888888,0.16779998874060842,0.7771111111111111,145
b16_lr1e-4,participant_outer_oof,participant,one_vs_rest,0,44,0.45,0.9111111111111111,0.16530221359534156,0.7771111111111111,145
b16_lr1e-4,participant_outer_oof,participant,one_vs_rest,0,45,0.53,0.9111111111111111,0.11097787930169128,0.7771111111111111,145
b16_lr1e-4,participant_outer_oof,participant,one_vs_rest,0,46,0.53,0.9333333333333333,0.10974357874615095,0.7771111111111111,145
b16_lr1e-4,participant_outer_oof,participant,one_vs_rest,0,47,0.61,0.9333333333333333,0.06670241492877756,0.7771111111111111,145
b16_lr1e-4,participant_outer_oof,participant,one_vs_rest,0,48,0.61,0.9555555555555556,0.06598399411957172,0.7771111111111111,145
b16_lr1e-4,participant_outer_oof,participant,one_vs_rest,0,49,0.69,0.9555555555555556,0.04520621020614083,0.7771111111111111,145
b16_lr1e-4,participant_outer_oof,participant,one_vs_rest,0,50,0.69,1.0,0.03300517258673055,0.7771111111111111,145
b16_lr1e-4,participant_outer_oof,participant,one_vs_rest,0,51,1.0,1.0,2.5640899794365205e-05,0.7771111111111111,145
b16_lr1e-4,participant_outer_oof,participant,one_vs_rest,1,0,0.0,0.0,,0.611764705882353,145
b16_lr1e-4,participant_outer_oof,participant,one_vs_rest,1,1,0.0,0.016666666666666666,0.9747464269326281,0.611764705882353,145
b16_lr1e-4,participant_outer_oof,participant,one_vs_rest,1,2,0.0,0.08333333333333333,0.9271613844826074,0.611764705882353,145
b16_lr1e-4,participant_outer_oof,participant,one_vs_rest,1,3,0.011764705882352941,0.08333333333333333,0.9267843929974194,0.611764705882353,145
b16_lr1e-4,participant_outer_oof,participant,one_vs_rest,1,4,0.011764705882352941,0.1,0.9244821953483963,0.611764705882353,145
b16_lr1e-4,participant_outer_oof,participant,one_vs_rest,1,5,0.047058823529411764,0.1,0.8993084219449092,0.611764705882353,145
b16_lr1e-4,participant_outer_oof,participant,one_vs_rest,1,6,0.047058823529411764,0.2,0.8434073687909819,0.611764705882353,145
b16_lr1e-4,participant_outer_oof,participant,one_vs_rest,1,7,0.058823529411764705,0.2,0.825211201896081,0.611764705882353,145
b16_lr1e-4,participant_outer_oof,participant,one_vs_rest,1,8,0.058823529411764705,0.21666666666666667,0.8192974736237134,0.611764705882353,145
b16_lr1e-4,participant_outer_oof,participant,one_vs_rest,1,9,0.07058823529411765,0.21666666666666667,0.8183795061264659,0.611764705882353,145
b16_lr1e-4,participant_outer_oof,participant,one_vs_rest,1,10,0.07058823529411765,0.2833333333333333,0.7694431784001533,0.611764705882353,145
b16_lr1e-4,participant_outer_oof,participant,one_vs_rest,1,11,0.09411764705882353,0.2833333333333333,0.7486385275927141,0.611764705882353,145
b16_lr1e-4,participant_outer_oof,participant,one_vs_rest,1,12,0.09411764705882353,0.31666666666666665,0.7299721401795467,0.611764705882353,145
b16_lr1e-4,participant_outer_oof,participant,one_vs_rest,1,13,0.12941176470588237,0.31666666666666665,0.7201372268789363,0.611764705882353,145
b16_lr1e-4,participant_outer_oof,participant,one_vs_rest,1,14,0.12941176470588237,0.35,0.696277306773178,0.611764705882353,145
b16_lr1e-4,participant_outer_oof,participant,one_vs_rest,1,15,0.16470588235294117,0.35,0.6795860030489538,0.611764705882353,145
b16_lr1e-4,participant_outer_oof,participant,one_vs_rest,1,16,0.16470588235294117,0.38333333333333336,0.6315287005434813,0.611764705882353,145
b16_lr1e-4,participant_outer_oof,participant,one_vs_rest,1,17,0.18823529411764706,0.38333333333333336,0.6004649360252136,0.611764705882353,145
b16_lr1e-4,participant_outer_oof,participant,one_vs_rest,1,18,0.18823529411764706,0.4,0.5974208302740758,0.611764705882353,145
b16_lr1e-4,participant_outer_oof,participant,one_vs_rest,1,19,0.25882352941176473,0.4,0.5366521082740721,0.611764705882353,145
b16_lr1e-4,participant_outer_oof,participant,one_vs_rest,1,20,0.25882352941176473,0.45,0.5228415591213319,0.611764705882353,145
b16_lr1e-4,participant_outer_oof,participant,one_vs_rest,1,21,0.3058823529411765,0.45,0.4966991592875014,0.611764705882353,145
b16_lr1e-4,participant_outer_oof,participant,one_vs_rest,1,22,0.3058823529411765,0.4666666666666667,0.4942866903542851,0.611764705882353,145
b16_lr1e-4,participant_outer_oof,participant,one_vs_rest,1,23,0.3176470588235294,0.4666666666666667,0.48497156045005635,0.611764705882353,145
b16_lr1e-4,participant_outer_oof,participant,one_vs_rest,1,24,0.3176470588235294,0.48333333333333334,0.4839728495961285,0.611764705882353,145
b16_lr1e-4,participant_outer_oof,participant,one_vs_rest,1,25,0.35294117647058826,0.48333333333333334,0.44289903855455615,0.611764705882353,145
b16_lr1e-4,participant_outer_oof,participant,one_vs_rest,1,26,0.35294117647058826,0.5166666666666667,0.4367147906572107,0.611764705882353,145
b16_lr1e-4,participant_outer_oof,participant,one_vs_rest,1,27,0.38823529411764707,0.5166666666666667,0.4307092055086311,0.611764705882353,145
b16_lr1e-4,participant_outer_oof,participant,one_vs_rest,1,28,0.38823529411764707,0.5333333333333333,0.4287814520061619,0.611764705882353,145
b16_lr1e-4,participant_outer_oof,participant,one_vs_rest,1,29,0.4117647058823529,0.5333333333333333,0.41470392042661497,0.611764705882353,145
b16_lr1e-4,participant_outer_oof,participant,one_vs_rest,1,30,0.4117647058823529,0.55,0.4122830422613373,0.611764705882353,145
b16_lr1e-4,participant_outer_oof,participant,one_vs_rest,1,31,0.4470588235294118,0.55,0.39952857743150916,0.611764705882353,145
b16_lr1e-4,participant_outer_oof,participant,one_vs_rest,1,32,0.4470588235294118,0.5666666666666667,0.3949086386067528,0.611764705882353,145
b16_lr1e-4,participant_outer_oof,participant,one_vs_rest,1,33,0.5058823529411764,0.5666666666666667,0.3566109661272679,0.611764705882353,145
b16_lr1e-4,participant_outer_oof,participant,one_vs_rest,1,34,0.5058823529411764,0.5833333333333334,0.3459129597491767,0.611764705882353,145
b16_lr1e-4,participant_outer_oof,participant,one_vs_rest,1,35,0.5411764705882353,0.5833333333333334,0.33709694305643256,0.611764705882353,145
b16_lr1e-4,participant_outer_oof,participant,one_vs_rest,1,36,0.5411764705882353,0.6,0.3267568212214629,0.611764705882353,145
b16_lr1e-4,participant_outer_oof,participant,one_vs_rest,1,37,0.5764705882352941,0.6,0.2953097159013214,0.611764705882353,145
b16_lr1e-4,participant_outer_oof,participant,one_vs_rest,1,38,0.5764705882352941,0.6166666666666667,0.2945704443215834,0.611764705882353,145
b16_lr1e-4,participant_outer_oof,participant,one_vs_rest,1,39,0.5882352941176471,0.6166666666666667,0.28057134853753185,0.611764705882353,145
b16_lr1e-4,participant_outer_oof,participant,one_vs_rest,1,40,0.5882352941176471,0.6333333333333333,0.28012024587502404,0.611764705882353,145
b16_lr1e-4,participant_outer_oof,participant,one_vs_rest,1,41,0.611764705882353,0.6333333333333333,0.27264527642290376,0.611764705882353,145
b16_lr1e-4,participant_outer_oof,participant,one_vs_rest,1,42,0.611764705882353,0.6833333333333333,0.26724626952812375,0.611764705882353,145
b16_lr1e-4,participant_outer_oof,participant,one_vs_rest,1,43,0.6352941176470588,0.6833333333333333,0.2533097146266769,0.611764705882353,145
b16_lr1e-4,participant_outer_oof,participant,one_vs_rest,1,44,0.6352941176470588,0.7,0.248397054951899,0.611764705882353,145
b16_lr1e-4,participant_outer_oof,participant,one_vs_rest,1,45,0.6470588235294118,0.7,0.24424293760075463,0.611764705882353,145
b16_lr1e-4,participant_outer_oof,participant,one_vs_rest,1,46,0.6470588235294118,0.7166666666666667,0.23999471726204868,0.611764705882353,145
b16_lr1e-4,participant_outer_oof,participant,one_vs_rest,1,47,0.6588235294117647,0.7166666666666667,0.23854531635241155,0.611764705882353,145
b16_lr1e-4,participant_outer_oof,participant,one_vs_rest,1,48,0.6588235294117647,0.7333333333333333,0.230806229527321,0.611764705882353,145
b16_lr1e-4,participant_outer_oof,participant,one_vs_rest,1,49,0.6823529411764706,0.7333333333333333,0.22353065230475047,0.611764705882353,145
b16_lr1e-4,participant_outer_oof,participant,one_vs_rest,1,50,0.6823529411764706,0.7666666666666667,0.21659901059140663,0.611764705882353,145
b16_lr1e-4,participant_outer_oof,participant,one_vs_rest,1,51,0.7294117647058823,0.7666666666666667,0.1681044690982884,0.611764705882353,145
b16_lr1e-4,participant_outer_oof,participant,one_vs_rest,1,52,0.7294117647058823,0.7833333333333333,0.1638814594015407,0.611764705882353,145
b16_lr1e-4,participant_outer_oof,participant,one_vs_rest,1,53,0.7411764705882353,0.7833333333333333,0.16362927668102953,0.611764705882353,145
b16_lr1e-4,participant_outer_oof,participant,one_vs_rest,1,54,0.7411764705882353,0.8,0.14970076250279946,0.611764705882353,145
b16_lr1e-4,participant_outer_oof,participant,one_vs_rest,1,55,0.7529411764705882,0.8,0.1379129026349819,0.611764705882353,145
b16_lr1e-4,participant_outer_oof,participant,one_vs_rest,1,56,0.7529411764705882,0.8166666666666667,0.12528358134184145,0.611764705882353,145
b16_lr1e-4,participant_outer_oof,participant,one_vs_rest,1,57,0.7647058823529411,0.8166666666666667,0.1211740301376083,0.611764705882353,145
b16_lr1e-4,participant_outer_oof,participant,one_vs_rest,1,58,0.7647058823529411,0.9,0.09556126089776781,0.611764705882353,145
b16_lr1e-4,participant_outer_oof,participant,one_vs_rest,1,59,0.788235294117647,0.9,0.060107637827585235,0.611764705882353,145
b16_lr1e-4,participant_outer_oof,participant,one_vs_rest,1,60,0.788235294117647,0.9166666666666666,0.057836652224954654,0.611764705882353,145
b16_lr1e-4,participant_outer_oof,participant,one_vs_rest,1,61,0.8,0.9166666666666666,0.055142147192714416,0.611764705882353,145
b16_lr1e-4,participant_outer_oof,participant,one_vs_rest,1,62,0.8,0.9666666666666667,0.0365064672213732,0.611764705882353,145
b16_lr1e-4,participant_outer_oof,participant,one_vs_rest,1,63,0.8352941176470589,0.9666666666666667,0.02982315850804863,0.611764705882353,145
b16_lr1e-4,participant_outer_oof,participant,one_vs_rest,1,64,0.8352941176470589,0.9833333333333333,0.026545657552533505,0.611764705882353,145
b16_lr1e-4,participant_outer_oof,participant,one_vs_rest,1,65,0.9176470588235294,0.9833333333333333,0.013535790021320236,0.611764705882353,145
b16_lr1e-4,participant_outer_oof,participant,one_vs_rest,1,66,0.9176470588235294,1.0,0.013055378860421312,0.611764705882353,145
b16_lr1e-4,participant_outer_oof,participant,one_vs_rest,1,67,1.0,1.0,5.3444924492203276e-05,0.611764705882353,145
b16_lr1e-4,participant_outer_oof,participant,one_vs_rest,2,0,0.0,0.0,,0.7971428571428572,145
b16_lr1e-4,participant_outer_oof,participant,one_vs_rest,2,1,0.0,0.025,0.9915037779216248,0.7971428571428572,145
b16_lr1e-4,participant_outer_oof,participant,one_vs_rest,2,2,0.0,0.175,0.9374650702472713,0.7971428571428572,145
b16_lr1e-4,participant_outer_oof,participant,one_vs_rest,2,3,0.009523809523809525,0.175,0.9363648500967334,0.7971428571428572,145
b16_lr1e-4,participant_outer_oof,participant,one_vs_rest,2,4,0.009523809523809525,0.325,0.7452090306504762,0.7971428571428572,145
b16_lr1e-4,participant_outer_oof,participant,one_vs_rest,2,5,0.01904761904761905,0.325,0.7381947792024526,0.7971428571428572,145
b16_lr1e-4,participant_outer_oof,participant,one_vs_rest,2,6,0.01904761904761905,0.35,0.7159746988708819,0.7971428571428572,145
b16_lr1e-4,participant_outer_oof,participant,one_vs_rest,2,7,0.02857142857142857,0.35,0.7105619952795099,0.7971428571428572,145
b16_lr1e-4,participant_outer_oof,participant,one_vs_rest,2,8,0.02857142857142857,0.375,0.709328924450138,0.7971428571428572,145
b16_lr1e-4,participant_outer_oof,participant,one_vs_rest,2,9,0.047619047619047616,0.375,0.6683185518578509,0.7971428571428572,145
b16_lr1e-4,participant_outer_oof,participant,one_vs_rest,2,10,0.047619047619047616,0.45,0.6184800745682802,0.7971428571428572,145
b16_lr1e-4,participant_outer_oof,participant,one_vs_rest,2,11,0.08571428571428572,0.45,0.5772808107223643,0.7971428571428572,145
b16_lr1e-4,participant_outer_oof,participant,one_vs_rest,2,12,0.08571428571428572,0.475,0.5564855289481825,0.7971428571428572,145
b16_lr1e-4,participant_outer_oof,participant,one_vs_rest,2,13,0.09523809523809523,0.475,0.5383850440557477,0.7971428571428572,145
b16_lr1e-4,participant_outer_oof,participant,one_vs_rest,2,14,0.09523809523809523,0.5,0.5218707788685202,0.7971428571428572,145
b16_lr1e-4,participant_outer_oof,participant,one_vs_rest,2,15,0.10476190476190476,0.5,0.5007192946350345,0.7971428571428572,145
b16_lr1e-4,participant_outer_oof,participant,one_vs_rest,2,16,0.10476190476190476,0.55,0.49223080725053964,0.7971428571428572,145
b16_lr1e-4,participant_outer_oof,participant,one_vs_rest,2,17,0.11428571428571428,0.55,0.46814423069210703,0.7971428571428572,145
b16_lr1e-4,participant_outer_oof,participant,one_vs_rest,2,18,0.11428571428571428,0.575,0.4590243890160721,0.7971428571428572,145
b16_lr1e-4,participant_outer_oof,participant,one_vs_rest,2,19,0.14285714285714285,0.575,0.40241571632000595,0.7971428571428572,145
b16_lr1e-4,participant_outer_oof,participant,one_vs_rest,2,20,0.14285714285714285,0.65,0.3000611200386105,0.7971428571428572,145
b16_lr1e-4,participant_outer_oof,participant,one_vs_rest,2,21,0.1523809523809524,0.65,0.2792642923511458,0.7971428571428572,145
b16_lr1e-4,participant_outer_oof,participant,one_vs_rest,2,22,0.1523809523809524,0.675,0.27126653114419574,0.7971428571428572,145
b16_lr1e-4,participant_outer_oof,participant,one_vs_rest,2,23,0.17142857142857143,0.675,0.2594350688411311,0.7971428571428572,145
b16_lr1e-4,participant_outer_oof,participant,one_vs_rest,2,24,0.17142857142857143,0.7,0.25099740414375576,0.7971428571428572,145
b16_lr1e-4,participant_outer_oof,participant,one_vs_rest,2,25,0.18095238095238095,0.7,0.2503139210927795,0.7971428571428572,145
b16_lr1e-4,participant_outer_oof,participant,one_vs_rest,2,26,0.18095238095238095,0.725,0.18304740652357013,0.7971428571428572,145
b16_lr1e-4,participant_outer_oof,participant,one_vs_rest,2,27,0.23809523809523808,0.725,0.1583053100064466,0.7971428571428572,145
b16_lr1e-4,participant_outer_oof,participant,one_vs_rest,2,28,0.23809523809523808,0.75,0.15572963024069367,0.7971428571428572,145
b16_lr1e-4,participant_outer_oof,participant,one_vs_rest,2,29,0.3619047619047619,0.75,0.10809438687847076,0.7971428571428572,145
b16_lr1e-4,participant_outer_oof,participant,one_vs_rest,2,30,0.3619047619047619,0.775,0.10653215390487035,0.7971428571428572,145
b16_lr1e-4,participant_outer_oof,participant,one_vs_rest,2,31,0.37142857142857144,0.775,0.09131831637040247,0.7971428571428572,145
b16_lr1e-4,participant_outer_oof,participant,one_vs_rest,2,32,0.37142857142857144,0.8,0.089190381405547,0.7971428571428572,145
b16_lr1e-4,participant_outer_oof,participant,one_vs_rest,2,33,0.5523809523809524,0.8,0.04754195461289813,0.7971428571428572,145
b16_lr1e-4,participant_outer_oof,participant,one_vs_rest,2,34,0.5523809523809524,0.825,0.0474539185785288,0.7971428571428572,145
b16_lr1e-4,participant_outer_oof,participant,one_vs_rest,2,35,0.6285714285714286,0.825,0.028972716237238114,0.7971428571428572,145
b16_lr1e-4,participant_outer_oof,participant,one_vs_rest,2,36,0.6285714285714286,0.85,0.027317840032584684,0.7971428571428572,145
b16_lr1e-4,participant_outer_oof,participant,one_vs_rest,2,37,0.638095238095238,0.85,0.02706931915925658,0.7971428571428572,145
b16_lr1e-4,participant_outer_oof,participant,one_vs_rest,2,38,0.638095238095238,0.9,0.022768197063641436,0.7971428571428572,145
b16_lr1e-4,participant_outer_oof,participant,one_vs_rest,2,39,0.6666666666666666,0.9,0.017585850198894963,0.7971428571428572,145
b16_lr1e-4,participant_outer_oof,participant,one_vs_rest,2,40,0.6666666666666666,0.925,0.014683160968949224,0.7971428571428572,145
b16_lr1e-4,participant_outer_oof,participant,one_vs_rest,2,41,0.6952380952380952,0.925,0.012050002887319427,0.7971428571428572,145
b16_lr1e-4,participant_outer_oof,participant,one_vs_rest,2,42,0.6952380952380952,0.95,0.010885358699644805,0.7971428571428572,145
b16_lr1e-4,participant_outer_oof,participant,one_vs_rest,2,43,0.8095238095238095,0.95,0.007930440753967134,0.7971428571428572,145
b16_lr1e-4,participant_outer_oof,participant,one_vs_rest,2,44,0.8095238095238095,0.975,0.007649888693468501,0.7971428571428572,145
b16_lr1e-4,participant_outer_oof,participant,one_vs_rest,2,45,0.8285714285714286,0.975,0.007158627820716592,0.7971428571428572,145
b16_lr1e-4,participant_outer_oof,participant,one_vs_rest,2,46,0.8285714285714286,1.0,0.006546436972984347,0.7971428571428572,145
b16_lr1e-4,participant_outer_oof,participant,one_vs_rest,2,47,1.0,1.0,6.688402607917196e-05,0.7971428571428572,145
b16_lr1e-4,participant_outer_oof,participant,macro_average_ovr,macro,0,0.0,0.12314814814814813,,0.7296458333333332,145
b16_lr1e-4,participant_outer_oof,participant,macro_average_ovr,macro,1,0.005,0.12314814814814813,,0.7296458333333332,145
b16_lr1e-4,participant_outer_oof,participant,macro_average_ovr,macro,2,0.01,0.18055555555555558,,0.7296458333333332,145
b16_lr1e-4,participant_outer_oof,participant,macro_average_ovr,macro,3,0.015,0.18611111111111112,,0.7296458333333332,145
b16_lr1e-4,participant_outer_oof,participant,macro_average_ovr,macro,4,0.02,0.19444444444444442,,0.7296458333333332,145
b16_lr1e-4,participant_outer_oof,participant,macro_average_ovr,macro,5,0.025,0.19444444444444442,,0.7296458333333332,145
b16_lr1e-4,participant_outer_oof,participant,macro_average_ovr,macro,6,0.03,0.21018518518518517,,0.7296458333333332,145
b16_lr1e-4,participant_outer_oof,participant,macro_average_ovr,macro,7,0.035,0.21018518518518517,,0.7296458333333332,145
b16_lr1e-4,participant_outer_oof,participant,macro_average_ovr,macro,8,0.04,0.21018518518518517,,0.7296458333333332,145
b16_lr1e-4,participant_outer_oof,participant,macro_average_ovr,macro,9,0.045,0.21018518518518517,,0.7296458333333332,145
b16_lr1e-4,participant_outer_oof,participant,macro_average_ovr,macro,10,0.05,0.26851851851851855,,0.7296458333333332,145
b16_lr1e-4,participant_outer_oof,participant,macro_average_ovr,macro,11,0.055,0.26851851851851855,,0.7296458333333332,145
b16_lr1e-4,participant_outer_oof,participant,macro_average_ovr,macro,12,0.06,0.2888888888888889,,0.7296458333333332,145
b16_lr1e-4,participant_outer_oof,participant,macro_average_ovr,macro,13,0.065,0.2888888888888889,,0.7296458333333332,145
b16_lr1e-4,participant_outer_oof,participant,macro_average_ovr,macro,14,0.07,0.2888888888888889,,0.7296458333333332,145
b16_lr1e-4,participant_outer_oof,participant,macro_average_ovr,macro,15,0.075,0.3111111111111111,,0.7296458333333332,145
b16_lr1e-4,participant_outer_oof,participant,macro_average_ovr,macro,16,0.08,0.3111111111111111,,0.7296458333333332,145
b16_lr1e-4,participant_outer_oof,participant,macro_average_ovr,macro,17,0.085,0.3111111111111111,,0.7296458333333332,145
b16_lr1e-4,participant_outer_oof,participant,macro_average_ovr,macro,18,0.09,0.35648148148148145,,0.7296458333333332,145
b16_lr1e-4,participant_outer_oof,participant,macro_average_ovr,macro,19,0.095,0.36759259259259264,,0.7296458333333332,145
b16_lr1e-4,participant_outer_oof,participant,macro_average_ovr,macro,20,0.1,0.3833333333333333,,0.7296458333333332,145
b16_lr1e-4,participant_outer_oof,participant,macro_average_ovr,macro,21,0.105,0.39999999999999997,,0.7296458333333332,145
b16_lr1e-4,participant_outer_oof,participant,macro_average_ovr,macro,22,0.11,0.39999999999999997,,0.7296458333333332,145
b16_lr1e-4,participant_outer_oof,participant,macro_average_ovr,macro,23,0.115,0.40833333333333327,,0.7296458333333332,145
b16_lr1e-4,participant_outer_oof,participant,macro_average_ovr,macro,24,0.12,0.4231481481481481,,0.7296458333333332,145
b16_lr1e-4,participant_outer_oof,participant,macro_average_ovr,macro,25,0.125,0.4231481481481481,,0.7296458333333332,145
b16_lr1e-4,participant_outer_oof,participant,macro_average_ovr,macro,26,0.13,0.44166666666666665,,0.7296458333333332,145
b16_lr1e-4,participant_outer_oof,participant,macro_average_ovr,macro,27,0.135,0.44166666666666665,,0.7296458333333332,145
b16_lr1e-4,participant_outer_oof,participant,macro_average_ovr,macro,28,0.14,0.44166666666666665,,0.7296458333333332,145
b16_lr1e-4,participant_outer_oof,participant,macro_average_ovr,macro,29,0.145,0.4666666666666666,,0.7296458333333332,145
b16_lr1e-4,participant_outer_oof,participant,macro_average_ovr,macro,30,0.15,0.4666666666666666,,0.7296458333333332,145
b16_lr1e-4,participant_outer_oof,participant,macro_average_ovr,macro,31,0.155,0.47500000000000003,,0.7296458333333332,145
b16_lr1e-4,participant_outer_oof,participant,macro_average_ovr,macro,32,0.16,0.47500000000000003,,0.7296458333333332,145
b16_lr1e-4,participant_outer_oof,participant,macro_average_ovr,macro,33,0.165,0.48611111111111116,,0.7296458333333332,145
b16_lr1e-4,participant_outer_oof,participant,macro_average_ovr,macro,34,0.17,0.48611111111111116,,0.7296458333333332,145
b16_lr1e-4,participant_outer_oof,participant,macro_average_ovr,macro,35,0.17500000000000002,0.49444444444444446,,0.7296458333333332,145
b16_lr1e-4,participant_outer_oof,participant,macro_average_ovr,macro,36,0.18,0.49444444444444446,,0.7296458333333332,145
b16_lr1e-4,participant_outer_oof,participant,macro_average_ovr,macro,37,0.185,0.5027777777777778,,0.7296458333333332,145
b16_lr1e-4,participant_outer_oof,participant,macro_average_ovr,macro,38,0.19,0.5157407407407407,,0.7296458333333332,145
b16_lr1e-4,participant_outer_oof,participant,macro_average_ovr,macro,39,0.195,0.5157407407407407,,0.7296458333333332,145
b16_lr1e-4,participant_outer_oof,participant,macro_average_ovr,macro,40,0.2,0.5305555555555556,,0.7296458333333332,145
b16_lr1e-4,participant_outer_oof,participant,macro_average_ovr,macro,41,0.20500000000000002,0.5305555555555556,,0.7296458333333332,145
b16_lr1e-4,participant_outer_oof,participant,macro_average_ovr,macro,42,0.21,0.5305555555555556,,0.7296458333333332,145
b16_lr1e-4,participant_outer_oof,participant,macro_average_ovr,macro,43,0.215,0.5305555555555556,,0.7296458333333332,145
b16_lr1e-4,participant_outer_oof,participant,macro_average_ovr,macro,44,0.22,0.5453703703703704,,0.7296458333333332,145
b16_lr1e-4,participant_outer_oof,participant,macro_average_ovr,macro,45,0.225,0.5453703703703704,,0.7296458333333332,145
b16_lr1e-4,participant_outer_oof,participant,macro_average_ovr,macro,46,0.23,0.5601851851851852,,0.7296458333333332,145
b16_lr1e-4,participant_outer_oof,participant,macro_average_ovr,macro,47,0.23500000000000001,0.5601851851851852,,0.7296458333333332,145
b16_lr1e-4,participant_outer_oof,participant,macro_average_ovr,macro,48,0.24,0.5685185185185185,,0.7296458333333332,145
b16_lr1e-4,participant_outer_oof,participant,macro_average_ovr,macro,49,0.245,0.5685185185185185,,0.7296458333333332,145
b16_lr1e-4,participant_outer_oof,participant,macro_average_ovr,macro,50,0.25,0.575925925925926,,0.7296458333333332,145
b16_lr1e-4,participant_outer_oof,participant,macro_average_ovr,macro,51,0.255,0.575925925925926,,0.7296458333333332,145
b16_lr1e-4,participant_outer_oof,participant,macro_average_ovr,macro,52,0.26,0.6,,0.7296458333333332,145
b16_lr1e-4,participant_outer_oof,participant,macro_average_ovr,macro,53,0.265,0.6,,0.7296458333333332,145
b16_lr1e-4,participant_outer_oof,participant,macro_average_ovr,macro,54,0.27,0.6,,0.7296458333333332,145
b16_lr1e-4,participant_outer_oof,participant,macro_average_ovr,macro,55,0.275,0.6,,0.7296458333333332,145
b16_lr1e-4,participant_outer_oof,participant,macro_average_ovr,macro,56,0.28,0.6296296296296297,,0.7296458333333332,145
b16_lr1e-4,participant_outer_oof,participant,macro_average_ovr,macro,57,0.28500000000000003,0.6296296296296297,,0.7296458333333332,145
b16_lr1e-4,participant_outer_oof,participant,macro_average_ovr,macro,58,0.29,0.6518518518518518,,0.7296458333333332,145
b16_lr1e-4,participant_outer_oof,participant,macro_average_ovr,macro,59,0.295,0.6518518518518518,,0.7296458333333332,145
b16_lr1e-4,participant_outer_oof,participant,macro_average_ovr,macro,60,0.3,0.6592592592592593,,0.7296458333333332,145
b16_lr1e-4,participant_outer_oof,participant,macro_average_ovr,macro,61,0.305,0.6592592592592593,,0.7296458333333332,145
b16_lr1e-4,participant_outer_oof,participant,macro_average_ovr,macro,62,0.31,0.6722222222222222,,0.7296458333333332,145
b16_lr1e-4,participant_outer_oof,participant,macro_average_ovr,macro,63,0.315,0.6722222222222222,,0.7296458333333332,145
b16_lr1e-4,participant_outer_oof,participant,macro_average_ovr,macro,64,0.32,0.6925925925925925,,0.7296458333333332,145
b16_lr1e-4,participant_outer_oof,participant,macro_average_ovr,macro,65,0.325,0.6925925925925925,,0.7296458333333332,145
b16_lr1e-4,participant_outer_oof,participant,macro_average_ovr,macro,66,0.33,0.6925925925925925,,0.7296458333333332,145
b16_lr1e-4,participant_outer_oof,participant,macro_average_ovr,macro,67,0.335,0.6925925925925925,,0.7296458333333332,145
b16_lr1e-4,participant_outer_oof,participant,macro_average_ovr,macro,68,0.34,0.6925925925925925,,0.7296458333333332,145
b16_lr1e-4,participant_outer_oof,participant,macro_average_ovr,macro,69,0.34500000000000003,0.6925925925925925,,0.7296458333333332,145
b16_lr1e-4,participant_outer_oof,participant,macro_average_ovr,macro,70,0.35000000000000003,0.6925925925925925,,0.7296458333333332,145
b16_lr1e-4,participant_outer_oof,participant,macro_average_ovr,macro,71,0.355,0.7037037037037037,,0.7296458333333332,145
b16_lr1e-4,participant_outer_oof,participant,macro_average_ovr,macro,72,0.36,0.7111111111111111,,0.7296458333333332,145
b16_lr1e-4,participant_outer_oof,participant,macro_average_ovr,macro,73,0.365,0.7194444444444444,,0.7296458333333332,145
b16_lr1e-4,participant_outer_oof,participant,macro_average_ovr,macro,74,0.37,0.7194444444444444,,0.7296458333333332,145
b16_lr1e-4,participant_outer_oof,participant,macro_average_ovr,macro,75,0.375,0.7277777777777779,,0.7296458333333332,145
b16_lr1e-4,participant_outer_oof,participant,macro_average_ovr,macro,76,0.38,0.7351851851851853,,0.7296458333333332,145
b16_lr1e-4,participant_outer_oof,participant,macro_average_ovr,macro,77,0.385,0.7351851851851853,,0.7296458333333332,145
b16_lr1e-4,participant_outer_oof,participant,macro_average_ovr,macro,78,0.39,0.7407407407407408,,0.7296458333333332,145
b16_lr1e-4,participant_outer_oof,participant,macro_average_ovr,macro,79,0.395,0.7407407407407408,,0.7296458333333332,145
b16_lr1e-4,participant_outer_oof,participant,macro_average_ovr,macro,80,0.4,0.7407407407407408,,0.7296458333333332,145
b16_lr1e-4,participant_outer_oof,participant,macro_average_ovr,macro,81,0.405,0.7407407407407408,,0.7296458333333332,145
b16_lr1e-4,participant_outer_oof,participant,macro_average_ovr,macro,82,0.41000000000000003,0.7407407407407408,,0.7296458333333332,145
b16_lr1e-4,participant_outer_oof,participant,macro_average_ovr,macro,83,0.41500000000000004,0.7462962962962963,,0.7296458333333332,145
b16_lr1e-4,participant_outer_oof,participant,macro_average_ovr,macro,84,0.42,0.7462962962962963,,0.7296458333333332,145
b16_lr1e-4,participant_outer_oof,participant,macro_average_ovr,macro,85,0.425,0.7462962962962963,,0.7296458333333332,145
b16_lr1e-4,participant_outer_oof,participant,macro_average_ovr,macro,86,0.43,0.7462962962962963,,0.7296458333333332,145
b16_lr1e-4,participant_outer_oof,participant,macro_average_ovr,macro,87,0.435,0.7462962962962963,,0.7296458333333332,145
b16_lr1e-4,participant_outer_oof,participant,macro_average_ovr,macro,88,0.44,0.7462962962962963,,0.7296458333333332,145
b16_lr1e-4,participant_outer_oof,participant,macro_average_ovr,macro,89,0.445,0.7462962962962963,,0.7296458333333332,145
b16_lr1e-4,participant_outer_oof,participant,macro_average_ovr,macro,90,0.45,0.7592592592592592,,0.7296458333333332,145
b16_lr1e-4,participant_outer_oof,participant,macro_average_ovr,macro,91,0.455,0.7592592592592592,,0.7296458333333332,145
b16_lr1e-4,participant_outer_oof,participant,macro_average_ovr,macro,92,0.46,0.7592592592592592,,0.7296458333333332,145
b16_lr1e-4,participant_outer_oof,participant,macro_average_ovr,macro,93,0.465,0.7592592592592592,,0.7296458333333332,145
b16_lr1e-4,participant_outer_oof,participant,macro_average_ovr,macro,94,0.47000000000000003,0.7592592592592592,,0.7296458333333332,145
b16_lr1e-4,participant_outer_oof,participant,macro_average_ovr,macro,95,0.47500000000000003,0.7592592592592592,,0.7296458333333332,145
b16_lr1e-4,participant_outer_oof,participant,macro_average_ovr,macro,96,0.48,0.7592592592592592,,0.7296458333333332,145
b16_lr1e-4,participant_outer_oof,participant,macro_average_ovr,macro,97,0.485,0.7592592592592592,,0.7296458333333332,145
b16_lr1e-4,participant_outer_oof,participant,macro_average_ovr,macro,98,0.49,0.7592592592592592,,0.7296458333333332,145
b16_lr1e-4,participant_outer_oof,participant,macro_average_ovr,macro,99,0.495,0.7592592592592592,,0.7296458333333332,145
b16_lr1e-4,participant_outer_oof,participant,macro_average_ovr,macro,100,0.5,0.7592592592592592,,0.7296458333333332,145
b16_lr1e-4,participant_outer_oof,participant,macro_average_ovr,macro,101,0.505,0.7592592592592592,,0.7296458333333332,145
b16_lr1e-4,participant_outer_oof,participant,macro_average_ovr,macro,102,0.51,0.7648148148148147,,0.7296458333333332,145
b16_lr1e-4,participant_outer_oof,participant,macro_average_ovr,macro,103,0.515,0.7648148148148147,,0.7296458333333332,145
b16_lr1e-4,participant_outer_oof,participant,macro_average_ovr,macro,104,0.52,0.7648148148148147,,0.7296458333333332,145
b16_lr1e-4,participant_outer_oof,participant,macro_average_ovr,macro,105,0.525,0.7648148148148147,,0.7296458333333332,145
b16_lr1e-4,participant_outer_oof,participant,macro_average_ovr,macro,106,0.53,0.7722222222222221,,0.7296458333333332,145
b16_lr1e-4,participant_outer_oof,participant,macro_average_ovr,macro,107,0.535,0.7722222222222221,,0.7296458333333332,145
b16_lr1e-4,participant_outer_oof,participant,macro_average_ovr,macro,108,0.54,0.7722222222222221,,0.7296458333333332,145
b16_lr1e-4,participant_outer_oof,participant,macro_average_ovr,macro,109,0.545,0.7777777777777777,,0.7296458333333332,145
b16_lr1e-4,participant_outer_oof,participant,macro_average_ovr,macro,110,0.55,0.7777777777777777,,0.7296458333333332,145
b16_lr1e-4,participant_outer_oof,participant,macro_average_ovr,macro,111,0.555,0.7861111111111111,,0.7296458333333332,145
b16_lr1e-4,participant_outer_oof,participant,macro_average_ovr,macro,112,0.56,0.7861111111111111,,0.7296458333333332,145
b16_lr1e-4,participant_outer_oof,participant,macro_average_ovr,macro,113,0.5650000000000001,0.7861111111111111,,0.7296458333333332,145
b16_lr1e-4,participant_outer_oof,participant,macro_average_ovr,macro,114,0.5700000000000001,0.7861111111111111,,0.7296458333333332,145
b16_lr1e-4,participant_outer_oof,participant,macro_average_ovr,macro,115,0.5750000000000001,0.7861111111111111,,0.7296458333333332,145
b16_lr1e-4,participant_outer_oof,participant,macro_average_ovr,macro,116,0.58,0.7916666666666666,,0.7296458333333332,145
b16_lr1e-4,participant_outer_oof,participant,macro_average_ovr,macro,117,0.585,0.7916666666666666,,0.7296458333333332,145
b16_lr1e-4,participant_outer_oof,participant,macro_average_ovr,macro,118,0.59,0.7972222222222222,,0.7296458333333332,145
b16_lr1e-4,participant_outer_oof,participant,macro_average_ovr,macro,119,0.595,0.7972222222222222,,0.7296458333333332,145
b16_lr1e-4,participant_outer_oof,participant,macro_average_ovr,macro,120,0.6,0.7972222222222222,,0.7296458333333332,145
b16_lr1e-4,participant_outer_oof,participant,macro_average_ovr,macro,121,0.605,0.7972222222222222,,0.7296458333333332,145
b16_lr1e-4,participant_outer_oof,participant,macro_average_ovr,macro,122,0.61,0.8046296296296296,,0.7296458333333332,145
b16_lr1e-4,participant_outer_oof,participant,macro_average_ovr,macro,123,0.615,0.8212962962962962,,0.7296458333333332,145
b16_lr1e-4,participant_outer_oof,participant,macro_average_ovr,macro,124,0.62,0.8212962962962962,,0.7296458333333332,145
b16_lr1e-4,participant_outer_oof,participant,macro_average_ovr,macro,125,0.625,0.8212962962962962,,0.7296458333333332,145
b16_lr1e-4,participant_outer_oof,participant,macro_average_ovr,macro,126,0.63,0.8296296296296296,,0.7296458333333332,145
b16_lr1e-4,participant_outer_oof,participant,macro_average_ovr,macro,127,0.635,0.8296296296296296,,0.7296458333333332,145
b16_lr1e-4,participant_outer_oof,participant,macro_average_ovr,macro,128,0.64,0.8518518518518517,,0.7296458333333332,145
b16_lr1e-4,participant_outer_oof,participant,macro_average_ovr,macro,129,0.645,0.8518518518518517,,0.7296458333333332,145
b16_lr1e-4,participant_outer_oof,participant,macro_average_ovr,macro,130,0.65,0.8574074074074075,,0.7296458333333332,145
b16_lr1e-4,participant_outer_oof,participant,macro_average_ovr,macro,131,0.655,0.8574074074074075,,0.7296458333333332,145
b16_lr1e-4,participant_outer_oof,participant,macro_average_ovr,macro,132,0.66,0.862962962962963,,0.7296458333333332,145
b16_lr1e-4,participant_outer_oof,participant,macro_average_ovr,macro,133,0.665,0.862962962962963,,0.7296458333333332,145
b16_lr1e-4,participant_outer_oof,participant,macro_average_ovr,macro,134,0.67,0.8712962962962963,,0.7296458333333332,145
b16_lr1e-4,participant_outer_oof,participant,macro_average_ovr,macro,135,0.675,0.8712962962962963,,0.7296458333333332,145
b16_lr1e-4,participant_outer_oof,participant,macro_average_ovr,macro,136,0.68,0.8712962962962963,,0.7296458333333332,145
b16_lr1e-4,participant_outer_oof,participant,macro_average_ovr,macro,137,0.685,0.8824074074074074,,0.7296458333333332,145
b16_lr1e-4,participant_outer_oof,participant,macro_average_ovr,macro,138,0.6900000000000001,0.8972222222222221,,0.7296458333333332,145
b16_lr1e-4,participant_outer_oof,participant,macro_average_ovr,macro,139,0.6950000000000001,0.8972222222222221,,0.7296458333333332,145
b16_lr1e-4,participant_outer_oof,participant,macro_average_ovr,macro,140,0.7000000000000001,0.9055555555555556,,0.7296458333333332,145
b16_lr1e-4,participant_outer_oof,participant,macro_average_ovr,macro,141,0.705,0.9055555555555556,,0.7296458333333332,145
b16_lr1e-4,participant_outer_oof,participant,macro_average_ovr,macro,142,0.71,0.9055555555555556,,0.7296458333333332,145
b16_lr1e-4,participant_outer_oof,participant,macro_average_ovr,macro,143,0.715,0.9055555555555556,,0.7296458333333332,145
b16_lr1e-4,participant_outer_oof,participant,macro_average_ovr,macro,144,0.72,0.9055555555555556,,0.7296458333333332,145
b16_lr1e-4,participant_outer_oof,participant,macro_average_ovr,macro,145,0.725,0.9055555555555556,,0.7296458333333332,145
b16_lr1e-4,participant_outer_oof,participant,macro_average_ovr,macro,146,0.73,0.9111111111111111,,0.7296458333333332,145
b16_lr1e-4,participant_outer_oof,participant,macro_average_ovr,macro,147,0.735,0.9111111111111111,,0.7296458333333332,145
b16_lr1e-4,participant_outer_oof,participant,macro_average_ovr,macro,148,0.74,0.9111111111111111,,0.7296458333333332,145
b16_lr1e-4,participant_outer_oof,participant,macro_average_ovr,macro,149,0.745,0.9166666666666666,,0.7296458333333332,145
b16_lr1e-4,participant_outer_oof,participant,macro_average_ovr,macro,150,0.75,0.9166666666666666,,0.7296458333333332,145
b16_lr1e-4,participant_outer_oof,participant,macro_average_ovr,macro,151,0.755,0.9222222222222222,,0.7296458333333332,145
b16_lr1e-4,participant_outer_oof,participant,macro_average_ovr,macro,152,0.76,0.9222222222222222,,0.7296458333333332,145
b16_lr1e-4,participant_outer_oof,participant,macro_average_ovr,macro,153,0.765,0.9499999999999998,,0.7296458333333332,145
b16_lr1e-4,participant_outer_oof,participant,macro_average_ovr,macro,154,0.77,0.9499999999999998,,0.7296458333333332,145
b16_lr1e-4,participant_outer_oof,participant,macro_average_ovr,macro,155,0.775,0.9499999999999998,,0.7296458333333332,145
b16_lr1e-4,participant_outer_oof,participant,macro_average_ovr,macro,156,0.78,0.9499999999999998,,0.7296458333333332,145
b16_lr1e-4,participant_outer_oof,participant,macro_average_ovr,macro,157,0.785,0.9499999999999998,,0.7296458333333332,145
b16_lr1e-4,participant_outer_oof,participant,macro_average_ovr,macro,158,0.79,0.9555555555555554,,0.7296458333333332,145
b16_lr1e-4,participant_outer_oof,participant,macro_average_ovr,macro,159,0.795,0.9555555555555554,,0.7296458333333332,145
b16_lr1e-4,participant_outer_oof,participant,macro_average_ovr,macro,160,0.8,0.9722222222222223,,0.7296458333333332,145
b16_lr1e-4,participant_outer_oof,participant,macro_average_ovr,macro,161,0.805,0.9722222222222223,,0.7296458333333332,145
b16_lr1e-4,participant_outer_oof,participant,macro_average_ovr,macro,162,0.81,0.9805555555555556,,0.7296458333333332,145
b16_lr1e-4,participant_outer_oof,participant,macro_average_ovr,macro,163,0.8150000000000001,0.9805555555555556,,0.7296458333333332,145
b16_lr1e-4,participant_outer_oof,participant,macro_average_ovr,macro,164,0.8200000000000001,0.9805555555555556,,0.7296458333333332,145
b16_lr1e-4,participant_outer_oof,participant,macro_average_ovr,macro,165,0.8250000000000001,0.9805555555555556,,0.7296458333333332,145
b16_lr1e-4,participant_outer_oof,participant,macro_average_ovr,macro,166,0.8300000000000001,0.9888888888888889,,0.7296458333333332,145
b16_lr1e-4,participant_outer_oof,participant,macro_average_ovr,macro,167,0.835,0.9888888888888889,,0.7296458333333332,145
b16_lr1e-4,participant_outer_oof,participant,macro_average_ovr,macro,168,0.84,0.9944444444444445,,0.7296458333333332,145
b16_lr1e-4,participant_outer_oof,participant,macro_average_ovr,macro,169,0.845,0.9944444444444445,,0.7296458333333332,145
b16_lr1e-4,participant_outer_oof,participant,macro_average_ovr,macro,170,0.85,0.9944444444444445,,0.7296458333333332,145
b16_lr1e-4,participant_outer_oof,participant,macro_average_ovr,macro,171,0.855,0.9944444444444445,,0.7296458333333332,145
b16_lr1e-4,participant_outer_oof,participant,macro_average_ovr,macro,172,0.86,0.9944444444444445,,0.7296458333333332,145
b16_lr1e-4,participant_outer_oof,participant,macro_average_ovr,macro,173,0.865,0.9944444444444445,,0.7296458333333332,145
b16_lr1e-4,participant_outer_oof,participant,macro_average_ovr,macro,174,0.87,0.9944444444444445,,0.7296458333333332,145
b16_lr1e-4,participant_outer_oof,participant,macro_average_ovr,macro,175,0.875,0.9944444444444445,,0.7296458333333332,145
b16_lr1e-4,participant_outer_oof,participant,macro_average_ovr,macro,176,0.88,0.9944444444444445,,0.7296458333333332,145
b16_lr1e-4,participant_outer_oof,participant,macro_average_ovr,macro,177,0.885,0.9944444444444445,,0.7296458333333332,145
b16_lr1e-4,participant_outer_oof,participant,macro_average_ovr,macro,178,0.89,0.9944444444444445,,0.7296458333333332,145
b16_lr1e-4,participant_outer_oof,participant,macro_average_ovr,macro,179,0.895,0.9944444444444445,,0.7296458333333332,145
b16_lr1e-4,participant_outer_oof,participant,macro_average_ovr,macro,180,0.9,0.9944444444444445,,0.7296458333333332,145
b16_lr1e-4,participant_outer_oof,participant,macro_average_ovr,macro,181,0.905,0.9944444444444445,,0.7296458333333332,145
b16_lr1e-4,participant_outer_oof,participant,macro_average_ovr,macro,182,0.91,0.9944444444444445,,0.7296458333333332,145
b16_lr1e-4,participant_outer_oof,participant,macro_average_ovr,macro,183,0.915,0.9944444444444445,,0.7296458333333332,145
b16_lr1e-4,participant_outer_oof,participant,macro_average_ovr,macro,184,0.92,1.0,,0.7296458333333332,145
b16_lr1e-4,participant_outer_oof,participant,macro_average_ovr,macro,185,0.925,1.0,,0.7296458333333332,145
b16_lr1e-4,participant_outer_oof,participant,macro_average_ovr,macro,186,0.93,1.0,,0.7296458333333332,145
b16_lr1e-4,participant_outer_oof,participant,macro_average_ovr,macro,187,0.935,1.0,,0.7296458333333332,145
b16_lr1e-4,participant_outer_oof,participant,macro_average_ovr,macro,188,0.9400000000000001,1.0,,0.7296458333333332,145
b16_lr1e-4,participant_outer_oof,participant,macro_average_ovr,macro,189,0.9450000000000001,1.0,,0.7296458333333332,145
b16_lr1e-4,participant_outer_oof,participant,macro_average_ovr,macro,190,0.9500000000000001,1.0,,0.7296458333333332,145
b16_lr1e-4,participant_outer_oof,participant,macro_average_ovr,macro,191,0.9550000000000001,1.0,,0.7296458333333332,145
b16_lr1e-4,participant_outer_oof,participant,macro_average_ovr,macro,192,0.96,1.0,,0.7296458333333332,145
b16_lr1e-4,participant_outer_oof,participant,macro_average_ovr,macro,193,0.965,1.0,,0.7296458333333332,145
b16_lr1e-4,participant_outer_oof,participant,macro_average_ovr,macro,194,0.97,1.0,,0.7296458333333332,145
b16_lr1e-4,participant_outer_oof,participant,macro_average_ovr,macro,195,0.975,1.0,,0.7296458333333332,145
b16_lr1e-4,participant_outer_oof,participant,macro_average_ovr,macro,196,0.98,1.0,,0.7296458333333332,145
b16_lr1e-4,participant_outer_oof,participant,macro_average_ovr,macro,197,0.985,1.0,,0.7296458333333332,145
b16_lr1e-4,participant_outer_oof,participant,macro_average_ovr,macro,198,0.99,1.0,,0.7296458333333332,145
b16_lr1e-4,participant_outer_oof,participant,macro_average_ovr,macro,199,0.995,1.0,,0.7296458333333332,145
b16_lr1e-4,participant_outer_oof,participant,macro_average_ovr,macro,200,1.0,1.0,,0.7296458333333332,145
b32_lr1e-3,participant_outer_oof,participant,one_vs_rest,0,0,0.0,0.0,,0.782,145
b32_lr1e-3,participant_outer_oof,participant,one_vs_rest,0,1,0.0,0.022222222222222223,0.9955600654170174,0.782,145
b32_lr1e-3,participant_outer_oof,participant,one_vs_rest,0,2,0.01,0.022222222222222223,0.9945948024865607,0.782,145
b32_lr1e-3,participant_outer_oof,participant,one_vs_rest,0,3,0.01,0.15555555555555556,0.9453503855411439,0.782,145
b32_lr1e-3,participant_outer_oof,participant,one_vs_rest,0,4,0.04,0.15555555555555556,0.9083930024084366,0.782,145
b32_lr1e-3,participant_outer_oof,participant,one_vs_rest,0,5,0.04,0.2,0.9002178086299071,0.782,145
b32_lr1e-3,participant_outer_oof,participant,one_vs_rest,0,6,0.07,0.2,0.8854866215690742,0.782,145
b32_lr1e-3,participant_outer_oof,participant,one_vs_rest,0,7,0.07,0.2222222222222222,0.8808546179126827,0.782,145
b32_lr1e-3,participant_outer_oof,participant,one_vs_rest,0,8,0.08,0.2222222222222222,0.8808269411231645,0.782,145
b32_lr1e-3,participant_outer_oof,participant,one_vs_rest,0,9,0.08,0.24444444444444444,0.8668609365613827,0.782,145
b32_lr1e-3,participant_outer_oof,participant,one_vs_rest,0,10,0.1,0.24444444444444444,0.8513421999184609,0.782,145
b32_lr1e-3,participant_outer_oof,participant,one_vs_rest,0,11,0.1,0.28888888888888886,0.8383138517204198,0.782,145
b32_lr1e-3,participant_outer_oof,participant,one_vs_rest,0,12,0.12,0.28888888888888886,0.8304260995636136,0.782,145
b32_lr1e-3,participant_outer_oof,participant,one_vs_rest,0,13,0.12,0.3333333333333333,0.802008148788039,0.782,145
b32_lr1e-3,participant_outer_oof,participant,one_vs_rest,0,14,0.13,0.3333333333333333,0.7927567953942024,0.782,145
b32_lr1e-3,participant_outer_oof,participant,one_vs_rest,0,15,0.13,0.4,0.7645436788873022,0.782,145
b32_lr1e-3,participant_outer_oof,participant,one_vs_rest,0,16,0.14,0.4,0.7555481025581243,0.782,145
b32_lr1e-3,participant_outer_oof,participant,one_vs_rest,0,17,0.14,0.4222222222222222,0.7507934104499222,0.782,145
b32_lr1e-3,participant_outer_oof,participant,one_vs_rest,0,18,0.15,0.4222222222222222,0.7492897183067222,0.782,145
b32_lr1e-3,participant_outer_oof,participant,one_vs_rest,0,19,0.15,0.4666666666666667,0.7460519514069285,0.782,145
b32_lr1e-3,participant_outer_oof,participant,one_vs_rest,0,20,0.17,0.4666666666666667,0.7133789955844293,0.782,145
b32_lr1e-3,participant_outer_oof,participant,one_vs_rest,0,21,0.17,0.4888888888888889,0.7026639656810258,0.782,145
b32_lr1e-3,participant_outer_oof,participant,one_vs_rest,0,22,0.18,0.4888888888888889,0.6836547676530538,0.782,145
b32_lr1e-3,participant_outer_oof,participant,one_vs_rest,0,23,0.18,0.5111111111111111,0.6825198380247298,0.782,145
b32_lr1e-3,participant_outer_oof,participant,one_vs_rest,0,24,0.21,0.5111111111111111,0.6592415024508319,0.782,145
b32_lr1e-3,participant_outer_oof,participant,one_vs_rest,0,25,0.21,0.5333333333333333,0.6588544570836139,0.782,145
b32_lr1e-3,participant_outer_oof,participant,one_vs_rest,0,26,0.22,0.5333333333333333,0.6550173487461104,0.782,145
b32_lr1e-3,participant_outer_oof,participant,one_vs_rest,0,27,0.22,0.5777777777777777,0.6352781472663424,0.782,145
b32_lr1e-3,participant_outer_oof,participant,one_vs_rest,0,28,0.23,0.5777777777777777,0.6223886674211485,0.782,145
b32_lr1e-3,participant_outer_oof,participant,one_vs_rest,0,29,0.23,0.6,0.6097172172140986,0.782,145
b32_lr1e-3,participant_outer_oof,participant,one_vs_rest,0,30,0.25,0.6,0.5953473548938562,0.782,145
b32_lr1e-3,participant_outer_oof,participant,one_vs_rest,0,31,0.25,0.6444444444444445,0.5886098468982751,0.782,145
b32_lr1e-3,participant_outer_oof,participant,one_vs_rest,0,32,0.27,0.6444444444444445,0.5706489571382626,0.782,145
b32_lr1e-3,participant_outer_oof,participant,one_vs_rest,0,33,0.27,0.6666666666666666,0.5593819864714453,0.782,145
b32_lr1e-3,participant_outer_oof,participant,one_vs_rest,0,34,0.28,0.6666666666666666,0.5586870451277901,0.782,145
b32_lr1e-3,participant_outer_oof,participant,one_vs_rest,0,35,0.28,0.6888888888888889,0.5430711422747242,0.782,145
b32_lr1e-3,participant_outer_oof,participant,one_vs_rest,0,36,0.29,0.6888888888888889,0.509333225590854,0.782,145
b32_lr1e-3,participant_outer_oof,participant,one_vs_rest,0,37,0.29,0.7333333333333333,0.47264462255830597,0.782,145
b32_lr1e-3,participant_outer_oof,participant,one_vs_rest,0,38,0.3,0.7333333333333333,0.44566802808178535,0.782,145
b32_lr1e-3,participant_outer_oof,participant,one_vs_rest,0,39,0.3,0.7555555555555555,0.4386167058438588,0.782,145
b32_lr1e-3,participant_outer_oof,participant,one_vs_rest,0,40,0.31,0.7555555555555555,0.41311085242610257,0.782,145
b32_lr1e-3,participant_outer_oof,participant,one_vs_rest,0,41,0.31,0.8,0.38924490754520435,0.782,145
b32_lr1e-3,participant_outer_oof,participant,one_vs_rest,0,42,0.39,0.8,0.3285111688321649,0.782,145
b32_lr1e-3,participant_outer_oof,participant,one_vs_rest,0,43,0.39,0.8666666666666667,0.3001205390791687,0.782,145
b32_lr1e-3,participant_outer_oof,participant,one_vs_rest,0,44,0.4,0.8666666666666667,0.29377031443174967,0.782,145
b32_lr1e-3,participant_outer_oof,participant,one_vs_rest,0,45,0.4,0.8888888888888888,0.2902496199403318,0.782,145
b32_lr1e-3,participant_outer_oof,participant,one_vs_rest,0,46,0.41,0.8888888888888888,0.2863169217309779,0.782,145
b32_lr1e-3,participant_outer_oof,participant,one_vs_rest,0,47,0.41,0.9111111111111111,0.2676211500671785,0.782,145
b32_lr1e-3,participant_outer_oof,participant,one_vs_rest,0,48,0.49,0.9111111111111111,0.15878962123923118,0.782,145
b32_lr1e-3,participant_outer_oof,participant,one_vs_rest,0,49,0.49,0.9333333333333333,0.15691300735171274,0.782,145
b32_lr1e-3,participant_outer_oof,participant,one_vs_rest,0,50,0.5,0.9333333333333333,0.15276164448278995,0.782,145
b32_lr1e-3,participant_outer_oof,participant,one_vs_rest,0,51,0.5,0.9555555555555556,0.13243941772776358,0.782,145
b32_lr1e-3,participant_outer_oof,participant,one_vs_rest,0,52,0.69,0.9555555555555556,0.050679598866350234,0.782,145
b32_lr1e-3,participant_outer_oof,participant,one_vs_rest,0,53,0.69,0.9777777777777777,0.04733281510877011,0.782,145
b32_lr1e-3,participant_outer_oof,participant,one_vs_rest,0,54,0.81,0.9777777777777777,0.010969263799762954,0.782,145
b32_lr1e-3,participant_outer_oof,participant,one_vs_rest,0,55,0.81,1.0,0.0098574856358527,0.782,145
b32_lr1e-3,participant_outer_oof,participant,one_vs_rest,0,56,1.0,1.0,3.4148611514482053e-06,0.782,145
b32_lr1e-3,participant_outer_oof,participant,one_vs_rest,1,0,0.0,0.0,,0.6286274509803922,145
b32_lr1e-3,participant_outer_oof,participant,one_vs_rest,1,1,0.011764705882352941,0.0,0.9830428348877283,0.6286274509803922,145
b32_lr1e-3,participant_outer_oof,participant,one_vs_rest,1,2,0.011764705882352941,0.03333333333333333,0.9498028179815782,0.6286274509803922,145
b32_lr1e-3,participant_outer_oof,participant,one_vs_rest,1,3,0.023529411764705882,0.03333333333333333,0.9410946047124741,0.6286274509803922,145
b32_lr1e-3,participant_outer_oof,participant,one_vs_rest,1,4,0.023529411764705882,0.05,0.9365390192853382,0.6286274509803922,145
b32_lr1e-3,participant_outer_oof,participant,one_vs_rest,1,5,0.03529411764705882,0.05,0.9179818052710813,0.6286274509803922,145
b32_lr1e-3,participant_outer_oof,participant,one_vs_rest,1,6,0.03529411764705882,0.11666666666666667,0.9003210758772953,0.6286274509803922,145
b32_lr1e-3,participant_outer_oof,participant,one_vs_rest,1,7,0.047058823529411764,0.11666666666666667,0.893641360603855,0.6286274509803922,145
b32_lr1e-3,participant_outer_oof,participant,one_vs_rest,1,8,0.047058823529411764,0.15,0.8804792010309621,0.6286274509803922,145
b32_lr1e-3,participant_outer_oof,participant,one_vs_rest,1,9,0.058823529411764705,0.15,0.8743855617421975,0.6286274509803922,145
b32_lr1e-3,participant_outer_oof,participant,one_vs_rest,1,10,0.058823529411764705,0.21666666666666667,0.8459556724483646,0.6286274509803922,145
b32_lr1e-3,participant_outer_oof,participant,one_vs_rest,1,11,0.08235294117647059,0.21666666666666667,0.8227284373607906,0.6286274509803922,145
b32_lr1e-3,participant_outer_oof,participant,one_vs_rest,1,12,0.08235294117647059,0.2833333333333333,0.7627912183715608,0.6286274509803922,145
b32_lr1e-3,participant_outer_oof,participant,one_vs_rest,1,13,0.09411764705882353,0.2833333333333333,0.7523791089176513,0.6286274509803922,145
b32_lr1e-3,participant_outer_oof,participant,one_vs_rest,1,14,0.09411764705882353,0.3333333333333333,0.733125958422533,0.6286274509803922,145
b32_lr1e-3,participant_outer_oof,participant,one_vs_rest,1,15,0.10588235294117647,0.3333333333333333,0.7313308085344494,0.6286274509803922,145
b32_lr1e-3,participant_outer_oof,participant,one_vs_rest,1,16,0.10588235294117647,0.35,0.7259454696971239,0.6286274509803922,145
b32_lr1e-3,participant_outer_oof,participant,one_vs_rest,1,17,0.12941176470588237,0.35,0.7024523082666303,0.6286274509803922,145
b32_lr1e-3,participant_outer_oof,participant,one_vs_rest,1,18,0.12941176470588237,0.36666666666666664,0.6980958919370495,0.6286274509803922,145
b32_lr1e-3,participant_outer_oof,participant,one_vs_rest,1,19,0.17647058823529413,0.36666666666666664,0.6812627408939532,0.6286274509803922,145
b32_lr1e-3,participant_outer_oof,participant,one_vs_rest,1,20,0.17647058823529413,0.4,0.6393037449963301,0.6286274509803922,145
b32_lr1e-3,participant_outer_oof,participant,one_vs_rest,1,21,0.23529411764705882,0.4,0.5865771727065574,0.6286274509803922,145
b32_lr1e-3,participant_outer_oof,participant,one_vs_rest,1,22,0.23529411764705882,0.4166666666666667,0.5808541562406788,0.6286274509803922,145
b32_lr1e-3,participant_outer_oof,participant,one_vs_rest,1,23,0.27058823529411763,0.4166666666666667,0.5437179863710797,0.6286274509803922,145
b32_lr1e-3,participant_outer_oof,participant,one_vs_rest,1,24,0.27058823529411763,0.45,0.5213630982951828,0.6286274509803922,145
b32_lr1e-3,participant_outer_oof,participant,one_vs_rest,1,25,0.3058823529411765,0.45,0.4828869264391915,0.6286274509803922,145
b32_lr1e-3,participant_outer_oof,participant,one_vs_rest,1,26,0.3058823529411765,0.4666666666666667,0.47993912618501056,0.6286274509803922,145
b32_lr1e-3,participant_outer_oof,participant,one_vs_rest,1,27,0.35294117647058826,0.4666666666666667,0.45222078045263736,0.6286274509803922,145
b32_lr1e-3,participant_outer_oof,participant,one_vs_rest,1,28,0.35294117647058826,0.48333333333333334,0.4389248333753893,0.6286274509803922,145
b32_lr1e-3,participant_outer_oof,participant,one_vs_rest,1,29,0.3764705882352941,0.48333333333333334,0.42152398071535985,0.6286274509803922,145
b32_lr1e-3,participant_outer_oof,participant,one_vs_rest,1,30,0.3764705882352941,0.5166666666666667,0.40452139927572406,0.6286274509803922,145
b32_lr1e-3,participant_outer_oof,participant,one_vs_rest,1,31,0.4,0.5166666666666667,0.4027535302897246,0.6286274509803922,145
b32_lr1e-3,participant_outer_oof,participant,one_vs_rest,1,32,0.4,0.5333333333333333,0.4016780815132033,0.6286274509803922,145
b32_lr1e-3,participant_outer_oof,participant,one_vs_rest,1,33,0.4117647058823529,0.5333333333333333,0.38173107206666634,0.6286274509803922,145
b32_lr1e-3,participant_outer_oof,participant,one_vs_rest,1,34,0.4117647058823529,0.55,0.3648881440013655,0.6286274509803922,145
b32_lr1e-3,participant_outer_oof,participant,one_vs_rest,1,35,0.4235294117647059,0.55,0.3641340827179989,0.6286274509803922,145
b32_lr1e-3,participant_outer_oof,participant,one_vs_rest,1,36,0.4235294117647059,0.5666666666666667,0.3617203797662991,0.6286274509803922,145
b32_lr1e-3,participant_outer_oof,participant,one_vs_rest,1,37,0.4470588235294118,0.5666666666666667,0.35881454433248505,0.6286274509803922,145
b32_lr1e-3,participant_outer_oof,participant,one_vs_rest,1,38,0.4470588235294118,0.6,0.34427057083022183,0.6286274509803922,145
b32_lr1e-3,participant_outer_oof,participant,one_vs_rest,1,39,0.4588235294117647,0.6,0.34249166772400585,0.6286274509803922,145
b32_lr1e-3,participant_outer_oof,participant,one_vs_rest,1,40,0.4588235294117647,0.6166666666666667,0.3375937822823337,0.6286274509803922,145
b32_lr1e-3,participant_outer_oof,participant,one_vs_rest,1,41,0.47058823529411764,0.6166666666666667,0.3344079461538313,0.6286274509803922,145
b32_lr1e-3,participant_outer_oof,participant,one_vs_rest,1,42,0.47058823529411764,0.6666666666666666,0.2858938976869207,0.6286274509803922,145
b32_lr1e-3,participant_outer_oof,participant,one_vs_rest,1,43,0.4823529411764706,0.6666666666666666,0.2837689515970104,0.6286274509803922,145
b32_lr1e-3,participant_outer_oof,participant,one_vs_rest,1,44,0.4823529411764706,0.6833333333333333,0.2805461286685854,0.6286274509803922,145
b32_lr1e-3,participant_outer_oof,participant,one_vs_rest,1,45,0.49411764705882355,0.6833333333333333,0.2803671849813277,0.6286274509803922,145
b32_lr1e-3,participant_outer_oof,participant,one_vs_rest,1,46,0.49411764705882355,0.7166666666666667,0.26099845273103434,0.6286274509803922,145
b32_lr1e-3,participant_outer_oof,participant,one_vs_rest,1,47,0.5411764705882353,0.7166666666666667,0.24993804407171155,0.6286274509803922,145
b32_lr1e-3,participant_outer_oof,participant,one_vs_rest,1,48,0.5411764705882353,0.7333333333333333,0.2477956934084551,0.6286274509803922,145
b32_lr1e-3,participant_outer_oof,participant,one_vs_rest,1,49,0.611764705882353,0.7333333333333333,0.21761569806625142,0.6286274509803922,145
b32_lr1e-3,participant_outer_oof,participant,one_vs_rest,1,50,0.611764705882353,0.75,0.21034447746285342,0.6286274509803922,145
b32_lr1e-3,participant_outer_oof,participant,one_vs_rest,1,51,0.6235294117647059,0.75,0.20957044462571905,0.6286274509803922,145
b32_lr1e-3,participant_outer_oof,participant,one_vs_rest,1,52,0.6235294117647059,0.7666666666666667,0.20926222893310442,0.6286274509803922,145
b32_lr1e-3,participant_outer_oof,participant,one_vs_rest,1,53,0.6823529411764706,0.7666666666666667,0.1560398847148096,0.6286274509803922,145
b32_lr1e-3,participant_outer_oof,participant,one_vs_rest,1,54,0.6823529411764706,0.8,0.14010492031111876,0.6286274509803922,145
b32_lr1e-3,participant_outer_oof,participant,one_vs_rest,1,55,0.7294117647058823,0.8,0.09324806371511718,0.6286274509803922,145
b32_lr1e-3,participant_outer_oof,participant,one_vs_rest,1,56,0.7294117647058823,0.8166666666666667,0.09257063819462104,0.6286274509803922,145
b32_lr1e-3,participant_outer_oof,participant,one_vs_rest,1,57,0.7529411764705882,0.8166666666666667,0.0900843804773998,0.6286274509803922,145
b32_lr1e-3,participant_outer_oof,participant,one_vs_rest,1,58,0.7529411764705882,0.85,0.08328344179075484,0.6286274509803922,145
b32_lr1e-3,participant_outer_oof,participant,one_vs_rest,1,59,0.7647058823529411,0.85,0.07527315381259331,0.6286274509803922,145
b32_lr1e-3,participant_outer_oof,participant,one_vs_rest,1,60,0.7647058823529411,0.8666666666666667,0.06949611280888732,0.6286274509803922,145
b32_lr1e-3,participant_outer_oof,participant,one_vs_rest,1,61,0.7764705882352941,0.8666666666666667,0.058544469153762095,0.6286274509803922,145
b32_lr1e-3,participant_outer_oof,participant,one_vs_rest,1,62,0.7764705882352941,0.8833333333333333,0.0560667435152946,0.6286274509803922,145
b32_lr1e-3,participant_outer_oof,participant,one_vs_rest,1,63,0.8117647058823529,0.8833333333333333,0.04614985868085167,0.6286274509803922,145
b32_lr1e-3,participant_outer_oof,participant,one_vs_rest,1,64,0.8117647058823529,0.9,0.04358803219653031,0.6286274509803922,145
b32_lr1e-3,participant_outer_oof,participant,one_vs_rest,1,65,0.8352941176470589,0.9,0.03320690427632726,0.6286274509803922,145
b32_lr1e-3,participant_outer_oof,participant,one_vs_rest,1,66,0.8352941176470589,0.95,0.027508031595684667,0.6286274509803922,145
b32_lr1e-3,participant_outer_oof,participant,one_vs_rest,1,67,0.8470588235294118,0.95,0.027128638783158576,0.6286274509803922,145
b32_lr1e-3,participant_outer_oof,participant,one_vs_rest,1,68,0.8470588235294118,0.9666666666666667,0.02266678882865394,0.6286274509803922,145
b32_lr1e-3,participant_outer_oof,participant,one_vs_rest,1,69,0.9058823529411765,0.9666666666666667,0.012429238525909093,0.6286274509803922,145
b32_lr1e-3,participant_outer_oof,participant,one_vs_rest,1,70,0.9058823529411765,0.9833333333333333,0.00855800272092217,0.6286274509803922,145
b32_lr1e-3,participant_outer_oof,participant,one_vs_rest,1,71,0.9176470588235294,0.9833333333333333,0.008398200971937015,0.6286274509803922,145
b32_lr1e-3,participant_outer_oof,participant,one_vs_rest,1,72,0.9176470588235294,1.0,0.005965830463402579,0.6286274509803922,145
b32_lr1e-3,participant_outer_oof,participant,one_vs_rest,1,73,1.0,1.0,7.290860499174358e-05,0.6286274509803922,145
b32_lr1e-3,participant_outer_oof,participant,one_vs_rest,2,0,0.0,0.0,,0.7854761904761903,145
b32_lr1e-3,participant_outer_oof,participant,one_vs_rest,2,1,0.0,0.025,0.9868045542113086,0.7854761904761903,145
b32_lr1e-3,participant_outer_oof,participant,one_vs_rest,2,2,0.0,0.1,0.9636609459242138,0.7854761904761903,145
b32_lr1e-3,participant_outer_oof,participant,one_vs_rest,2,3,0.009523809523809525,0.1,0.9416389019428276,0.7854761904761903,145
b32_lr1e-3,participant_outer_oof,participant,one_vs_rest,2,4,0.009523809523809525,0.3,0.761660588994687,0.7854761904761903,145
b32_lr1e-3,participant_outer_oof,participant,one_vs_rest,2,5,0.01904761904761905,0.3,0.7564710763266722,0.7854761904761903,145
b32_lr1e-3,participant_outer_oof,participant,one_vs_rest,2,6,0.01904761904761905,0.35,0.7497931259779804,0.7854761904761903,145
b32_lr1e-3,participant_outer_oof,participant,one_vs_rest,2,7,0.0380952380952381,0.35,0.6414964116811488,0.7854761904761903,145
b32_lr1e-3,participant_outer_oof,participant,one_vs_rest,2,8,0.0380952380952381,0.425,0.5349585349383337,0.7854761904761903,145
b32_lr1e-3,participant_outer_oof,participant,one_vs_rest,2,9,0.047619047619047616,0.425,0.5228084053071025,0.7854761904761903,145
b32_lr1e-3,participant_outer_oof,participant,one_vs_rest,2,10,0.047619047619047616,0.45,0.5170441694508923,0.7854761904761903,145
b32_lr1e-3,participant_outer_oof,participant,one_vs_rest,2,11,0.06666666666666667,0.45,0.49182627651930766,0.7854761904761903,145
b32_lr1e-3,participant_outer_oof,participant,one_vs_rest,2,12,0.06666666666666667,0.475,0.4884384363899661,0.7854761904761903,145
b32_lr1e-3,participant_outer_oof,participant,one_vs_rest,2,13,0.0761904761904762,0.475,0.472918756622964,0.7854761904761903,145
b32_lr1e-3,participant_outer_oof,participant,one_vs_rest,2,14,0.0761904761904762,0.5,0.40885388889683616,0.7854761904761903,145
b32_lr1e-3,participant_outer_oof,participant,one_vs_rest,2,15,0.08571428571428572,0.5,0.4073762240470665,0.7854761904761903,145
b32_lr1e-3,participant_outer_oof,participant,one_vs_rest,2,16,0.08571428571428572,0.575,0.31253577409490313,0.7854761904761903,145
b32_lr1e-3,participant_outer_oof,participant,one_vs_rest,2,17,0.09523809523809523,0.575,0.30595446164468054,0.7854761904761903,145
b32_lr1e-3,participant_outer_oof,participant,one_vs_rest,2,18,0.09523809523809523,0.6,0.300940010465851,0.7854761904761903,145
b32_lr1e-3,participant_outer_oof,participant,one_vs_rest,2,19,0.10476190476190476,0.6,0.28159739119240706,0.7854761904761903,145
b32_lr1e-3,participant_outer_oof,participant,one_vs_rest,2,20,0.10476190476190476,0.625,0.24750003602327197,0.7854761904761903,145
b32_lr1e-3,participant_outer_oof,participant,one_vs_rest,2,21,0.11428571428571428,0.625,0.22745416491860238,0.7854761904761903,145
b32_lr1e-3,participant_outer_oof,participant,one_vs_rest,2,22,0.11428571428571428,0.675,0.20620079777072522,0.7854761904761903,145
b32_lr1e-3,participant_outer_oof,participant,one_vs_rest,2,23,0.1523809523809524,0.675,0.1803145021411755,0.7854761904761903,145
b32_lr1e-3,participant_outer_oof,participant,one_vs_rest,2,24,0.1523809523809524,0.7,0.1730154112446184,0.7854761904761903,145
b32_lr1e-3,participant_outer_oof,participant,one_vs_rest,2,25,0.17142857142857143,0.7,0.16406574633823282,0.7854761904761903,145
b32_lr1e-3,participant_outer_oof,participant,one_vs_rest,2,26,0.17142857142857143,0.725,0.16375829110745682,0.7854761904761903,145
b32_lr1e-3,participant_outer_oof,participant,one_vs_rest,2,27,0.26666666666666666,0.725,0.12987134053838834,0.7854761904761903,145
b32_lr1e-3,participant_outer_oof,participant,one_vs_rest,2,28,0.26666666666666666,0.75,0.12312556755319315,0.7854761904761903,145
b32_lr1e-3,participant_outer_oof,participant,one_vs_rest,2,29,0.38095238095238093,0.75,0.07513459698905674,0.7854761904761903,145
b32_lr1e-3,participant_outer_oof,participant,one_vs_rest,2,30,0.38095238095238093,0.775,0.07444895501892396,0.7854761904761903,145
b32_lr1e-3,participant_outer_oof,participant,one_vs_rest,2,31,0.42857142857142855,0.775,0.060039613718243866,0.7854761904761903,145
b32_lr1e-3,participant_outer_oof,participant,one_vs_rest,2,32,0.42857142857142855,0.8,0.046472328213803316,0.7854761904761903,145
b32_lr1e-3,participant_outer_oof,participant,one_vs_rest,2,33,0.5142857142857142,0.8,0.026222457165049437,0.7854761904761903,145
b32_lr1e-3,participant_outer_oof,participant,one_vs_rest,2,34,0.5142857142857142,0.825,0.024966944674297106,0.7854761904761903,145
b32_lr1e-3,participant_outer_oof,participant,one_vs_rest,2,35,0.638095238095238,0.825,0.010849814828651773,0.7854761904761903,145
b32_lr1e-3,participant_outer_oof,participant,one_vs_rest,2,36,0.638095238095238,0.85,0.009869640840137939,0.7854761904761903,145
b32_lr1e-3,participant_outer_oof,participant,one_vs_rest,2,37,0.7333333333333333,0.85,0.0068039824773900495,0.7854761904761903,145
b32_lr1e-3,participant_outer_oof,participant,one_vs_rest,2,38,0.7333333333333333,0.875,0.006253819434243115,0.7854761904761903,145
b32_lr1e-3,participant_outer_oof,participant,one_vs_rest,2,39,0.7619047619047619,0.875,0.0054775550881544476,0.7854761904761903,145
b32_lr1e-3,participant_outer_oof,participant,one_vs_rest,2,40,0.7619047619047619,0.9,0.005327984384368594,0.7854761904761903,145
b32_lr1e-3,participant_outer_oof,participant,one_vs_rest,2,41,0.7904761904761904,0.9,0.004939146603335369,0.7854761904761903,145
b32_lr1e-3,participant_outer_oof,participant,one_vs_rest,2,42,0.7904761904761904,0.95,0.004371251576262516,0.7854761904761903,145
b32_lr1e-3,participant_outer_oof,participant,one_vs_rest,2,43,0.8952380952380953,0.95,0.0018428748309501784,0.7854761904761903,145
b32_lr1e-3,participant_outer_oof,participant,one_vs_rest,2,44,0.8952380952380953,0.975,0.0013857709571828813,0.7854761904761903,145
b32_lr1e-3,participant_outer_oof,participant,one_vs_rest,2,45,0.9523809523809523,0.975,0.0011776712271671663,0.7854761904761903,145
b32_lr1e-3,participant_outer_oof,participant,one_vs_rest,2,46,0.9523809523809523,1.0,0.0010347923467856732,0.7854761904761903,145
b32_lr1e-3,participant_outer_oof,participant,one_vs_rest,2,47,1.0,1.0,1.6094604785131857e-07,0.7854761904761903,145
b32_lr1e-3,participant_outer_oof,participant,macro_average_ovr,macro,0,0.0,0.040740740740740744,,0.7328425925925925,145
b32_lr1e-3,participant_outer_oof,participant,macro_average_ovr,macro,1,0.005,0.040740740740740744,,0.7328425925925925,145
b32_lr1e-3,participant_outer_oof,participant,macro_average_ovr,macro,2,0.01,0.15185185185185185,,0.7328425925925925,145
b32_lr1e-3,participant_outer_oof,participant,macro_average_ovr,macro,3,0.015,0.16296296296296295,,0.7328425925925925,145
b32_lr1e-3,participant_outer_oof,participant,macro_average_ovr,macro,4,0.02,0.1796296296296296,,0.7328425925925925,145
b32_lr1e-3,participant_outer_oof,participant,macro_average_ovr,macro,5,0.025,0.1851851851851852,,0.7328425925925925,145
b32_lr1e-3,participant_outer_oof,participant,macro_average_ovr,macro,6,0.03,0.1851851851851852,,0.7328425925925925,145
b32_lr1e-3,participant_outer_oof,participant,macro_average_ovr,macro,7,0.035,0.1851851851851852,,0.7328425925925925,145
b32_lr1e-3,participant_outer_oof,participant,macro_average_ovr,macro,8,0.04,0.24722222222222223,,0.7328425925925925,145
b32_lr1e-3,participant_outer_oof,participant,macro_average_ovr,macro,9,0.045,0.24722222222222223,,0.7328425925925925,145
b32_lr1e-3,participant_outer_oof,participant,macro_average_ovr,macro,10,0.05,0.26666666666666666,,0.7328425925925925,145
b32_lr1e-3,participant_outer_oof,participant,macro_average_ovr,macro,11,0.055,0.26666666666666666,,0.7328425925925925,145
b32_lr1e-3,participant_outer_oof,participant,macro_average_ovr,macro,12,0.06,0.2888888888888889,,0.7328425925925925,145
b32_lr1e-3,participant_outer_oof,participant,macro_average_ovr,macro,13,0.065,0.2888888888888889,,0.7328425925925925,145
b32_lr1e-3,participant_outer_oof,participant,macro_average_ovr,macro,14,0.07,0.30462962962962964,,0.7328425925925925,145
b32_lr1e-3,participant_outer_oof,participant,macro_average_ovr,macro,15,0.075,0.30462962962962964,,0.7328425925925925,145
b32_lr1e-3,participant_outer_oof,participant,macro_average_ovr,macro,16,0.08,0.32037037037037036,,0.7328425925925925,145
b32_lr1e-3,participant_outer_oof,participant,macro_average_ovr,macro,17,0.085,0.34259259259259256,,0.7328425925925925,145
b32_lr1e-3,participant_outer_oof,participant,macro_average_ovr,macro,18,0.09,0.36759259259259264,,0.7328425925925925,145
b32_lr1e-3,participant_outer_oof,participant,macro_average_ovr,macro,19,0.095,0.38425925925925924,,0.7328425925925925,145
b32_lr1e-3,participant_outer_oof,participant,macro_average_ovr,macro,20,0.1,0.40740740740740744,,0.7328425925925925,145
b32_lr1e-3,participant_outer_oof,participant,macro_average_ovr,macro,21,0.105,0.41574074074074074,,0.7328425925925925,145
b32_lr1e-3,participant_outer_oof,participant,macro_average_ovr,macro,22,0.11,0.4212962962962963,,0.7328425925925925,145
b32_lr1e-3,participant_outer_oof,participant,macro_average_ovr,macro,23,0.115,0.43796296296296294,,0.7328425925925925,145
b32_lr1e-3,participant_outer_oof,participant,macro_average_ovr,macro,24,0.12,0.4527777777777778,,0.7328425925925925,145
b32_lr1e-3,participant_outer_oof,participant,macro_average_ovr,macro,25,0.125,0.4527777777777778,,0.7328425925925925,145
b32_lr1e-3,participant_outer_oof,participant,macro_average_ovr,macro,26,0.13,0.48055555555555557,,0.7328425925925925,145
b32_lr1e-3,participant_outer_oof,participant,macro_average_ovr,macro,27,0.135,0.48055555555555557,,0.7328425925925925,145
b32_lr1e-3,participant_outer_oof,participant,macro_average_ovr,macro,28,0.14,0.487962962962963,,0.7328425925925925,145
b32_lr1e-3,participant_outer_oof,participant,macro_average_ovr,macro,29,0.145,0.487962962962963,,0.7328425925925925,145
b32_lr1e-3,participant_outer_oof,participant,macro_average_ovr,macro,30,0.15,0.5027777777777778,,0.7328425925925925,145
b32_lr1e-3,participant_outer_oof,participant,macro_average_ovr,macro,31,0.155,0.5111111111111111,,0.7328425925925925,145
b32_lr1e-3,participant_outer_oof,participant,macro_average_ovr,macro,32,0.16,0.5111111111111111,,0.7328425925925925,145
b32_lr1e-3,participant_outer_oof,participant,macro_average_ovr,macro,33,0.165,0.5111111111111111,,0.7328425925925925,145
b32_lr1e-3,participant_outer_oof,participant,macro_average_ovr,macro,34,0.17,0.5185185185185185,,0.7328425925925925,145
b32_lr1e-3,participant_outer_oof,participant,macro_average_ovr,macro,35,0.17500000000000002,0.5268518518518518,,0.7328425925925925,145
b32_lr1e-3,participant_outer_oof,participant,macro_average_ovr,macro,36,0.18,0.5453703703703704,,0.7328425925925925,145
b32_lr1e-3,participant_outer_oof,participant,macro_average_ovr,macro,37,0.185,0.5453703703703704,,0.7328425925925925,145
b32_lr1e-3,participant_outer_oof,participant,macro_average_ovr,macro,38,0.19,0.5453703703703704,,0.7328425925925925,145
b32_lr1e-3,participant_outer_oof,participant,macro_average_ovr,macro,39,0.195,0.5453703703703704,,0.7328425925925925,145
b32_lr1e-3,participant_outer_oof,participant,macro_average_ovr,macro,40,0.2,0.5453703703703704,,0.7328425925925925,145
b32_lr1e-3,participant_outer_oof,participant,macro_average_ovr,macro,41,0.20500000000000002,0.5453703703703704,,0.7328425925925925,145
b32_lr1e-3,participant_outer_oof,participant,macro_average_ovr,macro,42,0.21,0.5527777777777777,,0.7328425925925925,145
b32_lr1e-3,participant_outer_oof,participant,macro_average_ovr,macro,43,0.215,0.5527777777777777,,0.7328425925925925,145
b32_lr1e-3,participant_outer_oof,participant,macro_average_ovr,macro,44,0.22,0.5675925925925925,,0.7328425925925925,145
b32_lr1e-3,participant_outer_oof,participant,macro_average_ovr,macro,45,0.225,0.5675925925925925,,0.7328425925925925,145
b32_lr1e-3,participant_outer_oof,participant,macro_average_ovr,macro,46,0.23,0.5750000000000001,,0.7328425925925925,145
b32_lr1e-3,participant_outer_oof,participant,macro_average_ovr,macro,47,0.23500000000000001,0.5750000000000001,,0.7328425925925925,145
b32_lr1e-3,participant_outer_oof,participant,macro_average_ovr,macro,48,0.24,0.5805555555555556,,0.7328425925925925,145
b32_lr1e-3,participant_outer_oof,participant,macro_average_ovr,macro,49,0.245,0.5805555555555556,,0.7328425925925925,145
b32_lr1e-3,participant_outer_oof,participant,macro_average_ovr,macro,50,0.25,0.5953703703703703,,0.7328425925925925,145
b32_lr1e-3,participant_outer_oof,participant,macro_average_ovr,macro,51,0.255,0.5953703703703703,,0.7328425925925925,145
b32_lr1e-3,participant_outer_oof,participant,macro_average_ovr,macro,52,0.26,0.5953703703703703,,0.7328425925925925,145
b32_lr1e-3,participant_outer_oof,participant,macro_average_ovr,macro,53,0.265,0.5953703703703703,,0.7328425925925925,145
b32_lr1e-3,participant_outer_oof,participant,macro_average_ovr,macro,54,0.27,0.611111111111111,,0.7328425925925925,145
b32_lr1e-3,participant_outer_oof,participant,macro_average_ovr,macro,55,0.275,0.6222222222222222,,0.7328425925925925,145
b32_lr1e-3,participant_outer_oof,participant,macro_average_ovr,macro,56,0.28,0.6296296296296297,,0.7328425925925925,145
b32_lr1e-3,participant_outer_oof,participant,macro_average_ovr,macro,57,0.28500000000000003,0.6296296296296297,,0.7328425925925925,145
b32_lr1e-3,participant_outer_oof,participant,macro_average_ovr,macro,58,0.29,0.6444444444444445,,0.7328425925925925,145
b32_lr1e-3,participant_outer_oof,participant,macro_average_ovr,macro,59,0.295,0.6444444444444445,,0.7328425925925925,145
b32_lr1e-3,participant_outer_oof,participant,macro_average_ovr,macro,60,0.3,0.6518518518518518,,0.7328425925925925,145
b32_lr1e-3,participant_outer_oof,participant,macro_average_ovr,macro,61,0.305,0.6518518518518518,,0.7328425925925925,145
b32_lr1e-3,participant_outer_oof,participant,macro_average_ovr,macro,62,0.31,0.6722222222222222,,0.7328425925925925,145
b32_lr1e-3,participant_outer_oof,participant,macro_average_ovr,macro,63,0.315,0.6722222222222222,,0.7328425925925925,145
b32_lr1e-3,participant_outer_oof,participant,macro_average_ovr,macro,64,0.32,0.6722222222222222,,0.7328425925925925,145
b32_lr1e-3,participant_outer_oof,participant,macro_average_ovr,macro,65,0.325,0.6722222222222222,,0.7328425925925925,145
b32_lr1e-3,participant_outer_oof,participant,macro_average_ovr,macro,66,0.33,0.6722222222222222,,0.7328425925925925,145
b32_lr1e-3,participant_outer_oof,participant,macro_average_ovr,macro,67,0.335,0.6722222222222222,,0.7328425925925925,145
b32_lr1e-3,participant_outer_oof,participant,macro_average_ovr,macro,68,0.34,0.6722222222222222,,0.7328425925925925,145
b32_lr1e-3,participant_outer_oof,participant,macro_average_ovr,macro,69,0.34500000000000003,0.6722222222222222,,0.7328425925925925,145
b32_lr1e-3,participant_outer_oof,participant,macro_average_ovr,macro,70,0.35000000000000003,0.6722222222222222,,0.7328425925925925,145
b32_lr1e-3,participant_outer_oof,participant,macro_average_ovr,macro,71,0.355,0.6777777777777777,,0.7328425925925925,145
b32_lr1e-3,participant_outer_oof,participant,macro_average_ovr,macro,72,0.36,0.6777777777777777,,0.7328425925925925,145
b32_lr1e-3,participant_outer_oof,participant,macro_average_ovr,macro,73,0.365,0.6777777777777777,,0.7328425925925925,145
b32_lr1e-3,participant_outer_oof,participant,macro_average_ovr,macro,74,0.37,0.6777777777777777,,0.7328425925925925,145
b32_lr1e-3,participant_outer_oof,participant,macro_average_ovr,macro,75,0.375,0.6777777777777777,,0.7328425925925925,145
b32_lr1e-3,participant_outer_oof,participant,macro_average_ovr,macro,76,0.38,0.688888888888889,,0.7328425925925925,145
b32_lr1e-3,participant_outer_oof,participant,macro_average_ovr,macro,77,0.385,0.6972222222222223,,0.7328425925925925,145
b32_lr1e-3,participant_outer_oof,participant,macro_average_ovr,macro,78,0.39,0.7194444444444444,,0.7328425925925925,145
b32_lr1e-3,participant_outer_oof,participant,macro_average_ovr,macro,79,0.395,0.7194444444444444,,0.7328425925925925,145
b32_lr1e-3,participant_outer_oof,participant,macro_average_ovr,macro,80,0.4,0.7324074074074073,,0.7328425925925925,145
b32_lr1e-3,participant_outer_oof,participant,macro_average_ovr,macro,81,0.405,0.7324074074074073,,0.7328425925925925,145
b32_lr1e-3,participant_outer_oof,participant,macro_average_ovr,macro,82,0.41000000000000003,0.7398148148148148,,0.7328425925925925,145
b32_lr1e-3,participant_outer_oof,participant,macro_average_ovr,macro,83,0.41500000000000004,0.7453703703703703,,0.7328425925925925,145
b32_lr1e-3,participant_outer_oof,participant,macro_average_ovr,macro,84,0.42,0.7453703703703703,,0.7328425925925925,145
b32_lr1e-3,participant_outer_oof,participant,macro_average_ovr,macro,85,0.425,0.7509259259259259,,0.7328425925925925,145
b32_lr1e-3,participant_outer_oof,participant,macro_average_ovr,macro,86,0.43,0.7592592592592592,,0.7328425925925925,145
b32_lr1e-3,participant_outer_oof,participant,macro_average_ovr,macro,87,0.435,0.7592592592592592,,0.7328425925925925,145
b32_lr1e-3,participant_outer_oof,participant,macro_average_ovr,macro,88,0.44,0.7592592592592592,,0.7328425925925925,145
b32_lr1e-3,participant_outer_oof,participant,macro_average_ovr,macro,89,0.445,0.7592592592592592,,0.7328425925925925,145
b32_lr1e-3,participant_outer_oof,participant,macro_average_ovr,macro,90,0.45,0.7703703703703703,,0.7328425925925925,145
b32_lr1e-3,participant_outer_oof,participant,macro_average_ovr,macro,91,0.455,0.7703703703703703,,0.7328425925925925,145
b32_lr1e-3,participant_outer_oof,participant,macro_average_ovr,macro,92,0.46,0.7759259259259258,,0.7328425925925925,145
b32_lr1e-3,participant_outer_oof,participant,macro_average_ovr,macro,93,0.465,0.7759259259259258,,0.7328425925925925,145
b32_lr1e-3,participant_outer_oof,participant,macro_average_ovr,macro,94,0.47000000000000003,0.7759259259259258,,0.7328425925925925,145
b32_lr1e-3,participant_outer_oof,participant,macro_average_ovr,macro,95,0.47500000000000003,0.7925925925925926,,0.7328425925925925,145
b32_lr1e-3,participant_outer_oof,participant,macro_average_ovr,macro,96,0.48,0.7925925925925926,,0.7328425925925925,145
b32_lr1e-3,participant_outer_oof,participant,macro_average_ovr,macro,97,0.485,0.7981481481481483,,0.7328425925925925,145
b32_lr1e-3,participant_outer_oof,participant,macro_average_ovr,macro,98,0.49,0.8055555555555557,,0.7328425925925925,145
b32_lr1e-3,participant_outer_oof,participant,macro_average_ovr,macro,99,0.495,0.8166666666666668,,0.7328425925925925,145
b32_lr1e-3,participant_outer_oof,participant,macro_average_ovr,macro,100,0.5,0.8240740740740741,,0.7328425925925925,145
b32_lr1e-3,participant_outer_oof,participant,macro_average_ovr,macro,101,0.505,0.8240740740740741,,0.7328425925925925,145
b32_lr1e-3,participant_outer_oof,participant,macro_average_ovr,macro,102,0.51,0.8240740740740741,,0.7328425925925925,145
b32_lr1e-3,participant_outer_oof,participant,macro_average_ovr,macro,103,0.515,0.8324074074074074,,0.7328425925925925,145
b32_lr1e-3,participant_outer_oof,participant,macro_average_ovr,macro,104,0.52,0.8324074074074074,,0.7328425925925925,145
b32_lr1e-3,participant_outer_oof,participant,macro_average_ovr,macro,105,0.525,0.8324074074074074,,0.7328425925925925,145
b32_lr1e-3,participant_outer_oof,participant,macro_average_ovr,macro,106,0.53,0.8324074074074074,,0.7328425925925925,145
b32_lr1e-3,participant_outer_oof,participant,macro_average_ovr,macro,107,0.535,0.8324074074074074,,0.7328425925925925,145
b32_lr1e-3,participant_outer_oof,participant,macro_average_ovr,macro,108,0.54,0.8324074074074074,,0.7328425925925925,145
b32_lr1e-3,participant_outer_oof,participant,macro_average_ovr,macro,109,0.545,0.8379629629629629,,0.7328425925925925,145
b32_lr1e-3,participant_outer_oof,participant,macro_average_ovr,macro,110,0.55,0.8379629629629629,,0.7328425925925925,145
b32_lr1e-3,participant_outer_oof,participant,macro_average_ovr,macro,111,0.555,0.8379629629629629,,0.7328425925925925,145
b32_lr1e-3,participant_outer_oof,participant,macro_average_ovr,macro,112,0.56,0.8379629629629629,,0.7328425925925925,145
b32_lr1e-3,participant_outer_oof,participant,macro_average_ovr,macro,113,0.5650000000000001,0.8379629629629629,,0.7328425925925925,145
b32_lr1e-3,participant_outer_oof,participant,macro_average_ovr,macro,114,0.5700000000000001,0.8379629629629629,,0.7328425925925925,145
b32_lr1e-3,participant_outer_oof,participant,macro_average_ovr,macro,115,0.5750000000000001,0.8379629629629629,,0.7328425925925925,145
b32_lr1e-3,participant_outer_oof,participant,macro_average_ovr,macro,116,0.58,0.8379629629629629,,0.7328425925925925,145
b32_lr1e-3,participant_outer_oof,participant,macro_average_ovr,macro,117,0.585,0.8379629629629629,,0.7328425925925925,145
b32_lr1e-3,participant_outer_oof,participant,macro_average_ovr,macro,118,0.59,0.8379629629629629,,0.7328425925925925,145
b32_lr1e-3,participant_outer_oof,participant,macro_average_ovr,macro,119,0.595,0.8379629629629629,,0.7328425925925925,145
b32_lr1e-3,participant_outer_oof,participant,macro_average_ovr,macro,120,0.6,0.8379629629629629,,0.7328425925925925,145
b32_lr1e-3,participant_outer_oof,participant,macro_average_ovr,macro,121,0.605,0.8379629629629629,,0.7328425925925925,145
b32_lr1e-3,participant_outer_oof,participant,macro_average_ovr,macro,122,0.61,0.8379629629629629,,0.7328425925925925,145
b32_lr1e-3,participant_outer_oof,participant,macro_average_ovr,macro,123,0.615,0.8435185185185187,,0.7328425925925925,145
b32_lr1e-3,participant_outer_oof,participant,macro_average_ovr,macro,124,0.62,0.8435185185185187,,0.7328425925925925,145
b32_lr1e-3,participant_outer_oof,participant,macro_average_ovr,macro,125,0.625,0.8490740740740742,,0.7328425925925925,145
b32_lr1e-3,participant_outer_oof,participant,macro_average_ovr,macro,126,0.63,0.8490740740740742,,0.7328425925925925,145
b32_lr1e-3,participant_outer_oof,participant,macro_average_ovr,macro,127,0.635,0.8490740740740742,,0.7328425925925925,145
b32_lr1e-3,participant_outer_oof,participant,macro_average_ovr,macro,128,0.64,0.8574074074074075,,0.7328425925925925,145
b32_lr1e-3,participant_outer_oof,participant,macro_average_ovr,macro,129,0.645,0.8574074074074075,,0.7328425925925925,145
b32_lr1e-3,participant_outer_oof,participant,macro_average_ovr,macro,130,0.65,0.8574074074074075,,0.7328425925925925,145
b32_lr1e-3,participant_outer_oof,participant,macro_average_ovr,macro,131,0.655,0.8574074074074075,,0.7328425925925925,145
b32_lr1e-3,participant_outer_oof,participant,macro_average_ovr,macro,132,0.66,0.8574074074074075,,0.7328425925925925,145
b32_lr1e-3,participant_outer_oof,participant,macro_average_ovr,macro,133,0.665,0.8574074074074075,,0.7328425925925925,145
b32_lr1e-3,participant_outer_oof,participant,macro_average_ovr,macro,134,0.67,0.8574074074074075,,0.7328425925925925,145
b32_lr1e-3,participant_outer_oof,participant,macro_average_ovr,macro,135,0.675,0.8574074074074075,,0.7328425925925925,145
b32_lr1e-3,participant_outer_oof,participant,macro_average_ovr,macro,136,0.68,0.8574074074074075,,0.7328425925925925,145
b32_lr1e-3,participant_outer_oof,participant,macro_average_ovr,macro,137,0.685,0.8685185185185186,,0.7328425925925925,145
b32_lr1e-3,participant_outer_oof,participant,macro_average_ovr,macro,138,0.6900000000000001,0.8759259259259259,,0.7328425925925925,145
b32_lr1e-3,participant_outer_oof,participant,macro_average_ovr,macro,139,0.6950000000000001,0.8759259259259259,,0.7328425925925925,145
b32_lr1e-3,participant_outer_oof,participant,macro_average_ovr,macro,140,0.7000000000000001,0.8759259259259259,,0.7328425925925925,145
b32_lr1e-3,participant_outer_oof,participant,macro_average_ovr,macro,141,0.705,0.8759259259259259,,0.7328425925925925,145
b32_lr1e-3,participant_outer_oof,participant,macro_average_ovr,macro,142,0.71,0.8759259259259259,,0.7328425925925925,145
b32_lr1e-3,participant_outer_oof,participant,macro_average_ovr,macro,143,0.715,0.8759259259259259,,0.7328425925925925,145
b32_lr1e-3,participant_outer_oof,participant,macro_average_ovr,macro,144,0.72,0.8759259259259259,,0.7328425925925925,145
b32_lr1e-3,participant_outer_oof,participant,macro_average_ovr,macro,145,0.725,0.8759259259259259,,0.7328425925925925,145
b32_lr1e-3,participant_outer_oof,participant,macro_average_ovr,macro,146,0.73,0.8814814814814814,,0.7328425925925925,145
b32_lr1e-3,participant_outer_oof,participant,macro_average_ovr,macro,147,0.735,0.8898148148148147,,0.7328425925925925,145
b32_lr1e-3,participant_outer_oof,participant,macro_average_ovr,macro,148,0.74,0.8898148148148147,,0.7328425925925925,145
b32_lr1e-3,participant_outer_oof,participant,macro_average_ovr,macro,149,0.745,0.8898148148148147,,0.7328425925925925,145
b32_lr1e-3,participant_outer_oof,participant,macro_average_ovr,macro,150,0.75,0.8898148148148147,,0.7328425925925925,145
b32_lr1e-3,participant_outer_oof,participant,macro_average_ovr,macro,151,0.755,0.9009259259259258,,0.7328425925925925,145
b32_lr1e-3,participant_outer_oof,participant,macro_average_ovr,macro,152,0.76,0.9009259259259258,,0.7328425925925925,145
b32_lr1e-3,participant_outer_oof,participant,macro_average_ovr,macro,153,0.765,0.9148148148148149,,0.7328425925925925,145
b32_lr1e-3,participant_outer_oof,participant,macro_average_ovr,macro,154,0.77,0.9148148148148149,,0.7328425925925925,145
b32_lr1e-3,participant_outer_oof,participant,macro_average_ovr,macro,155,0.775,0.9148148148148149,,0.7328425925925925,145
b32_lr1e-3,participant_outer_oof,participant,macro_average_ovr,macro,156,0.78,0.9203703703703704,,0.7328425925925925,145
b32_lr1e-3,participant_outer_oof,participant,macro_average_ovr,macro,157,0.785,0.9203703703703704,,0.7328425925925925,145
b32_lr1e-3,participant_outer_oof,participant,macro_average_ovr,macro,158,0.79,0.9203703703703704,,0.7328425925925925,145
b32_lr1e-3,participant_outer_oof,participant,macro_average_ovr,macro,159,0.795,0.937037037037037,,0.7328425925925925,145
b32_lr1e-3,participant_outer_oof,participant,macro_average_ovr,macro,160,0.8,0.937037037037037,,0.7328425925925925,145
b32_lr1e-3,participant_outer_oof,participant,macro_average_ovr,macro,161,0.805,0.937037037037037,,0.7328425925925925,145
b32_lr1e-3,participant_outer_oof,participant,macro_average_ovr,macro,162,0.81,0.9444444444444443,,0.7328425925925925,145
b32_lr1e-3,participant_outer_oof,participant,macro_average_ovr,macro,163,0.8150000000000001,0.9499999999999998,,0.7328425925925925,145
b32_lr1e-3,participant_outer_oof,participant,macro_average_ovr,macro,164,0.8200000000000001,0.9499999999999998,,0.7328425925925925,145
b32_lr1e-3,participant_outer_oof,participant,macro_average_ovr,macro,165,0.8250000000000001,0.9499999999999998,,0.7328425925925925,145
b32_lr1e-3,participant_outer_oof,participant,macro_average_ovr,macro,166,0.8300000000000001,0.9499999999999998,,0.7328425925925925,145
b32_lr1e-3,participant_outer_oof,participant,macro_average_ovr,macro,167,0.835,0.9499999999999998,,0.7328425925925925,145
b32_lr1e-3,participant_outer_oof,participant,macro_average_ovr,macro,168,0.84,0.9666666666666667,,0.7328425925925925,145
b32_lr1e-3,participant_outer_oof,participant,macro_average_ovr,macro,169,0.845,0.9666666666666667,,0.7328425925925925,145
b32_lr1e-3,participant_outer_oof,participant,macro_average_ovr,macro,170,0.85,0.9722222222222223,,0.7328425925925925,145
b32_lr1e-3,participant_outer_oof,participant,macro_average_ovr,macro,171,0.855,0.9722222222222223,,0.7328425925925925,145
b32_lr1e-3,participant_outer_oof,participant,macro_average_ovr,macro,172,0.86,0.9722222222222223,,0.7328425925925925,145
b32_lr1e-3,participant_outer_oof,participant,macro_average_ovr,macro,173,0.865,0.9722222222222223,,0.7328425925925925,145
b32_lr1e-3,participant_outer_oof,participant,macro_average_ovr,macro,174,0.87,0.9722222222222223,,0.7328425925925925,145
b32_lr1e-3,participant_outer_oof,participant,macro_average_ovr,macro,175,0.875,0.9722222222222223,,0.7328425925925925,145
b32_lr1e-3,participant_outer_oof,participant,macro_average_ovr,macro,176,0.88,0.9722222222222223,,0.7328425925925925,145
b32_lr1e-3,participant_outer_oof,participant,macro_average_ovr,macro,177,0.885,0.9722222222222223,,0.7328425925925925,145
b32_lr1e-3,participant_outer_oof,participant,macro_average_ovr,macro,178,0.89,0.9722222222222223,,0.7328425925925925,145
b32_lr1e-3,participant_outer_oof,participant,macro_average_ovr,macro,179,0.895,0.9722222222222223,,0.7328425925925925,145
b32_lr1e-3,participant_outer_oof,participant,macro_average_ovr,macro,180,0.9,0.9805555555555556,,0.7328425925925925,145
b32_lr1e-3,participant_outer_oof,participant,macro_average_ovr,macro,181,0.905,0.9805555555555556,,0.7328425925925925,145
b32_lr1e-3,participant_outer_oof,participant,macro_average_ovr,macro,182,0.91,0.9861111111111112,,0.7328425925925925,145
b32_lr1e-3,participant_outer_oof,participant,macro_average_ovr,macro,183,0.915,0.9861111111111112,,0.7328425925925925,145
b32_lr1e-3,participant_outer_oof,participant,macro_average_ovr,macro,184,0.92,0.9916666666666667,,0.7328425925925925,145
b32_lr1e-3,participant_outer_oof,participant,macro_average_ovr,macro,185,0.925,0.9916666666666667,,0.7328425925925925,145
b32_lr1e-3,participant_outer_oof,participant,macro_average_ovr,macro,186,0.93,0.9916666666666667,,0.7328425925925925,145
b32_lr1e-3,participant_outer_oof,participant,macro_average_ovr,macro,187,0.935,0.9916666666666667,,0.7328425925925925,145
b32_lr1e-3,participant_outer_oof,participant,macro_average_ovr,macro,188,0.9400000000000001,0.9916666666666667,,0.7328425925925925,145
b32_lr1e-3,participant_outer_oof,participant,macro_average_ovr,macro,189,0.9450000000000001,0.9916666666666667,,0.7328425925925925,145
b32_lr1e-3,participant_outer_oof,participant,macro_average_ovr,macro,190,0.9500000000000001,0.9916666666666667,,0.7328425925925925,145
b32_lr1e-3,participant_outer_oof,participant,macro_average_ovr,macro,191,0.9550000000000001,1.0,,0.7328425925925925,145
b32_lr1e-3,participant_outer_oof,participant,macro_average_ovr,macro,192,0.96,1.0,,0.7328425925925925,145
b32_lr1e-3,participant_outer_oof,participant,macro_average_ovr,macro,193,0.965,1.0,,0.7328425925925925,145
b32_lr1e-3,participant_outer_oof,participant,macro_average_ovr,macro,194,0.97,1.0,,0.7328425925925925,145
b32_lr1e-3,participant_outer_oof,participant,macro_average_ovr,macro,195,0.975,1.0,,0.7328425925925925,145
b32_lr1e-3,participant_outer_oof,participant,macro_average_ovr,macro,196,0.98,1.0,,0.7328425925925925,145
b32_lr1e-3,participant_outer_oof,participant,macro_average_ovr,macro,197,0.985,1.0,,0.7328425925925925,145
b32_lr1e-3,participant_outer_oof,participant,macro_average_ovr,macro,198,0.99,1.0,,0.7328425925925925,145
b32_lr1e-3,participant_outer_oof,participant,macro_average_ovr,macro,199,0.995,1.0,,0.7328425925925925,145
b32_lr1e-3,participant_outer_oof,participant,macro_average_ovr,macro,200,1.0,1.0,,0.7328425925925925,145
b32_lr1e-4,participant_outer_oof,participant,one_vs_rest,0,0,0.0,0.0,,0.7795555555555557,145
b32_lr1e-4,participant_outer_oof,participant,one_vs_rest,0,1,0.0,0.022222222222222223,0.998954721909237,0.7795555555555557,145
b32_lr1e-4,participant_outer_oof,participant,one_vs_rest,0,2,0.0,0.13333333333333333,0.9140947560792214,0.7795555555555557,145
b32_lr1e-4,participant_outer_oof,participant,one_vs_rest,0,3,0.01,0.13333333333333333,0.9043174140563143,0.7795555555555557,145
b32_lr1e-4,participant_outer_oof,participant,one_vs_rest,0,4,0.01,0.15555555555555556,0.9026918317991908,0.7795555555555557,145
b32_lr1e-4,participant_outer_oof,participant,one_vs_rest,0,5,0.04,0.15555555555555556,0.8969593429535285,0.7795555555555557,145
b32_lr1e-4,participant_outer_oof,participant,one_vs_rest,0,6,0.04,0.17777777777777778,0.8822241593163507,0.7795555555555557,145
b32_lr1e-4,participant_outer_oof,participant,one_vs_rest,0,7,0.12,0.17777777777777778,0.7817287306693512,0.7795555555555557,145
b32_lr1e-4,participant_outer_oof,participant,one_vs_rest,0,8,0.12,0.28888888888888886,0.71820704981465,0.7795555555555557,145
b32_lr1e-4,participant_outer_oof,participant,one_vs_rest,0,9,0.13,0.28888888888888886,0.7136819701970811,0.7795555555555557,145
b32_lr1e-4,participant_outer_oof,participant,one_vs_rest,0,10,0.13,0.3333333333333333,0.6641333493070138,0.7795555555555557,145
b32_lr1e-4,participant_outer_oof,participant,one_vs_rest,0,11,0.15,0.3333333333333333,0.6554777650350114,0.7795555555555557,145
b32_lr1e-4,participant_outer_oof,participant,one_vs_rest,0,12,0.15,0.35555555555555557,0.6525274949722117,0.7795555555555557,145
b32_lr1e-4,participant_outer_oof,participant,one_vs_rest,0,13,0.16,0.35555555555555557,0.6493193134888998,0.7795555555555557,145
b32_lr1e-4,participant_outer_oof,participant,one_vs_rest,0,14,0.16,0.37777777777777777,0.6287405711951319,0.7795555555555557,145
b32_lr1e-4,participant_outer_oof,participant,one_vs_rest,0,15,0.17,0.37777777777777777,0.6141061088671742,0.7795555555555557,145
b32_lr1e-4,participant_outer_oof,participant,one_vs_rest,0,16,0.17,0.4444444444444444,0.6024932643930303,0.7795555555555557,145
b32_lr1e-4,participant_outer_oof,participant,one_vs_rest,0,17,0.19,0.4444444444444444,0.5624174978398925,0.7795555555555557,145
b32_lr1e-4,participant_outer_oof,participant,one_vs_rest,0,18,0.19,0.5333333333333333,0.5266035533789771,0.7795555555555557,145
b32_lr1e-4,participant_outer_oof,participant,one_vs_rest,0,19,0.21,0.5333333333333333,0.5229271706212361,0.7795555555555557,145
b32_lr1e-4,participant_outer_oof,participant,one_vs_rest,0,20,0.21,0.5555555555555556,0.5034938043278931,0.7795555555555557,145
b32_lr1e-4,participant_outer_oof,participant,one_vs_rest,0,21,0.23,0.5555555555555556,0.49079946412907827,0.7795555555555557,145
b32_lr1e-4,participant_outer_oof,participant,one_vs_rest,0,22,0.23,0.5777777777777777,0.4849109747075208,0.7795555555555557,145
b32_lr1e-4,participant_outer_oof,participant,one_vs_rest,0,23,0.25,0.5777777777777777,0.47404176475128096,0.7795555555555557,145
b32_lr1e-4,participant_outer_oof,participant,one_vs_rest,0,24,0.25,0.6,0.46943572663623895,0.7795555555555557,145
b32_lr1e-4,participant_outer_oof,participant,one_vs_rest,0,25,0.26,0.6,0.46884094973262164,0.7795555555555557,145
b32_lr1e-4,participant_outer_oof,participant,one_vs_rest,0,26,0.26,0.6444444444444445,0.4482558916111182,0.7795555555555557,145
b32_lr1e-4,participant_outer_oof,participant,one_vs_rest,0,27,0.27,0.6444444444444445,0.4291778666581674,0.7795555555555557,145
b32_lr1e-4,participant_outer_oof,participant,one_vs_rest,0,28,0.27,0.7333333333333333,0.3965913819364041,0.7795555555555557,145
b32_lr1e-4,participant_outer_oof,participant,one_vs_rest,0,29,0.28,0.7333333333333333,0.3700966658191256,0.7795555555555557,145
b32_lr1e-4,participant_outer_oof,participant,one_vs_rest,0,30,0.28,0.7555555555555555,0.3651754872111077,0.7795555555555557,145
b32_lr1e-4,participant_outer_oof,participant,one_vs_rest,0,31,0.33,0.7555555555555555,0.3098266555341059,0.7795555555555557,145
b32_lr1e-4,participant_outer_oof,participant,one_vs_rest,0,32,0.33,0.7777777777777778,0.30463101377779245,0.7795555555555557,145
b32_lr1e-4,participant_outer_oof,participant,one_vs_rest,0,33,0.36,0.7777777777777778,0.28106947744376104,0.7795555555555557,145
b32_lr1e-4,participant_outer_oof,participant,one_vs_rest,0,34,0.36,0.8222222222222222,0.20658558648812986,0.7795555555555557,145
b32_lr1e-4,participant_outer_oof,participant,one_vs_rest,0,35,0.38,0.8222222222222222,0.20406031952046785,0.7795555555555557,145
b32_lr1e-4,participant_outer_oof,participant,one_vs_rest,0,36,0.38,0.9111111111111111,0.1657977884019236,0.7795555555555557,145
b32_lr1e-4,participant_outer_oof,participant,one_vs_rest,0,37,0.42,0.9111111111111111,0.15098333270757466,0.7795555555555557,145
b32_lr1e-4,participant_outer_oof,participant,one_vs_rest,0,38,0.42,0.9333333333333333,0.14401587371382393,0.7795555555555557,145
b32_lr1e-4,participant_outer_oof,participant,one_vs_rest,0,39,0.45,0.9333333333333333,0.1349518999532998,0.7795555555555557,145
b32_lr1e-4,participant_outer_oof,participant,one_vs_rest,0,40,0.45,0.9555555555555556,0.13069757679624328,0.7795555555555557,145
b32_lr1e-4,participant_outer_oof,participant,one_vs_rest,0,41,0.56,0.9555555555555556,0.06261723249777468,0.7795555555555557,145
b32_lr1e-4,participant_outer_oof,participant,one_vs_rest,0,42,0.56,0.9777777777777777,0.0626158971470102,0.7795555555555557,145
b32_lr1e-4,participant_outer_oof,participant,one_vs_rest,0,43,0.86,0.9777777777777777,0.005752248703134035,0.7795555555555557,145
b32_lr1e-4,participant_outer_oof,participant,one_vs_rest,0,44,0.86,1.0,0.004928470979101133,0.7795555555555557,145
b32_lr1e-4,participant_outer_oof,participant,one_vs_rest,0,45,1.0,1.0,0.0001225548788958112,0.7795555555555557,145
b32_lr1e-4,participant_outer_oof,participant,one_vs_rest,1,0,0.0,0.0,,0.6094117647058824,145
b32_lr1e-4,participant_outer_oof,participant,one_vs_rest,1,1,0.0,0.016666666666666666,0.9879407334869428,0.6094117647058824,145
b32_lr1e-4,participant_outer_oof,participant,one_vs_rest,1,2,0.0,0.03333333333333333,0.9794148949761842,0.6094117647058824,145
b32_lr1e-4,participant_outer_oof,participant,one_vs_rest,1,3,0.011764705882352941,0.03333333333333333,0.9762527706895214,0.6094117647058824,145
b32_lr1e-4,participant_outer_oof,participant,one_vs_rest,1,4,0.011764705882352941,0.06666666666666667,0.9278901549497102,0.6094117647058824,145
b32_lr1e-4,participant_outer_oof,participant,one_vs_rest,1,5,0.03529411764705882,0.06666666666666667,0.9123689186484794,0.6094117647058824,145
b32_lr1e-4,participant_outer_oof,participant,one_vs_rest,1,6,0.03529411764705882,0.11666666666666667,0.8772946159811246,0.6094117647058824,145
b32_lr1e-4,participant_outer_oof,participant,one_vs_rest,1,7,0.058823529411764705,0.11666666666666667,0.8699740397186394,0.6094117647058824,145
b32_lr1e-4,participant_outer_oof,participant,one_vs_rest,1,8,0.058823529411764705,0.16666666666666666,0.8466489048719155,0.6094117647058824,145
b32_lr1e-4,participant_outer_oof,participant,one_vs_rest,1,9,0.07058823529411765,0.16666666666666666,0.8434036275861269,0.6094117647058824,145
b32_lr1e-4,participant_outer_oof,participant,one_vs_rest,1,10,0.07058823529411765,0.2,0.8312311632528626,0.6094117647058824,145
b32_lr1e-4,participant_outer_oof,participant,one_vs_rest,1,11,0.08235294117647059,0.2,0.8036677230137461,0.6094117647058824,145
b32_lr1e-4,participant_outer_oof,participant,one_vs_rest,1,12,0.08235294117647059,0.21666666666666667,0.8027011277362577,0.6094117647058824,145
b32_lr1e-4,participant_outer_oof,participant,one_vs_rest,1,13,0.10588235294117647,0.21666666666666667,0.7621923302537862,0.6094117647058824,145
b32_lr1e-4,participant_outer_oof,participant,one_vs_rest,1,14,0.10588235294117647,0.25,0.7433272983960295,0.6094117647058824,145
b32_lr1e-4,participant_outer_oof,participant,one_vs_rest,1,15,0.11764705882352941,0.25,0.7245152008631819,0.6094117647058824,145
b32_lr1e-4,participant_outer_oof,participant,one_vs_rest,1,16,0.11764705882352941,0.26666666666666666,0.7224483149883429,0.6094117647058824,145
b32_lr1e-4,participant_outer_oof,participant,one_vs_rest,1,17,0.15294117647058825,0.26666666666666666,0.6873241008735127,0.6094117647058824,145
b32_lr1e-4,participant_outer_oof,participant,one_vs_rest,1,18,0.15294117647058825,0.3333333333333333,0.6585831466120503,0.6094117647058824,145
b32_lr1e-4,participant_outer_oof,participant,one_vs_rest,1,19,0.17647058823529413,0.3333333333333333,0.643049021682852,0.6094117647058824,145
b32_lr1e-4,participant_outer_oof,participant,one_vs_rest,1,20,0.17647058823529413,0.38333333333333336,0.6211960130839596,0.6094117647058824,145
b32_lr1e-4,participant_outer_oof,participant,one_vs_rest,1,21,0.18823529411764706,0.38333333333333336,0.6206036871941316,0.6094117647058824,145
b32_lr1e-4,participant_outer_oof,participant,one_vs_rest,1,22,0.18823529411764706,0.4,0.6114479030271502,0.6094117647058824,145
b32_lr1e-4,participant_outer_oof,participant,one_vs_rest,1,23,0.2,0.4,0.6109664481580697,0.6094117647058824,145
b32_lr1e-4,participant_outer_oof,participant,one_vs_rest,1,24,0.2,0.4166666666666667,0.6050768508557829,0.6094117647058824,145
b32_lr1e-4,participant_outer_oof,participant,one_vs_rest,1,25,0.24705882352941178,0.4166666666666667,0.5469106640545276,0.6094117647058824,145
b32_lr1e-4,participant_outer_oof,participant,one_vs_rest,1,26,0.24705882352941178,0.43333333333333335,0.5411282087592524,0.6094117647058824,145
b32_lr1e-4,participant_outer_oof,participant,one_vs_rest,1,27,0.29411764705882354,0.43333333333333335,0.5153390878852824,0.6094117647058824,145
b32_lr1e-4,participant_outer_oof,participant,one_vs_rest,1,28,0.29411764705882354,0.45,0.5103451402895255,0.6094117647058824,145
b32_lr1e-4,participant_outer_oof,participant,one_vs_rest,1,29,0.3058823529411765,0.45,0.4974879510534084,0.6094117647058824,145
b32_lr1e-4,participant_outer_oof,participant,one_vs_rest,1,30,0.3058823529411765,0.4666666666666667,0.49556160082322975,0.6094117647058824,145
b32_lr1e-4,participant_outer_oof,participant,one_vs_rest,1,31,0.32941176470588235,0.4666666666666667,0.48571348561758176,0.6094117647058824,145
b32_lr1e-4,participant_outer_oof,participant,one_vs_rest,1,32,0.32941176470588235,0.5,0.4770169175384008,0.6094117647058824,145
b32_lr1e-4,participant_outer_oof,participant,one_vs_rest,1,33,0.36470588235294116,0.5,0.46144060643828494,0.6094117647058824,145
b32_lr1e-4,participant_outer_oof,participant,one_vs_rest,1,34,0.36470588235294116,0.5166666666666667,0.4570321375304644,0.6094117647058824,145
b32_lr1e-4,participant_outer_oof,participant,one_vs_rest,1,35,0.4235294117647059,0.5166666666666667,0.41595050398568545,0.6094117647058824,145
b32_lr1e-4,participant_outer_oof,participant,one_vs_rest,1,36,0.4235294117647059,0.5333333333333333,0.41158846816281497,0.6094117647058824,145
b32_lr1e-4,participant_outer_oof,participant,one_vs_rest,1,37,0.4470588235294118,0.5333333333333333,0.4024807079540845,0.6094117647058824,145
b32_lr1e-4,participant_outer_oof,participant,one_vs_rest,1,38,0.4470588235294118,0.55,0.39662644403481584,0.6094117647058824,145
b32_lr1e-4,participant_outer_oof,participant,one_vs_rest,1,39,0.4588235294117647,0.55,0.39193654850873316,0.6094117647058824,145
b32_lr1e-4,participant_outer_oof,participant,one_vs_rest,1,40,0.4588235294117647,0.5833333333333334,0.38217676841255216,0.6094117647058824,145
b32_lr1e-4,participant_outer_oof,participant,one_vs_rest,1,41,0.49411764705882355,0.5833333333333334,0.3747515711891048,0.6094117647058824,145
b32_lr1e-4,participant_outer_oof,participant,one_vs_rest,1,42,0.49411764705882355,0.6166666666666667,0.341529605255471,0.6094117647058824,145
b32_lr1e-4,participant_outer_oof,participant,one_vs_rest,1,43,0.5294117647058824,0.6166666666666667,0.33176938025998226,0.6094117647058824,145
b32_lr1e-4,participant_outer_oof,participant,one_vs_rest,1,44,0.5294117647058824,0.65,0.3134606409910914,0.6094117647058824,145
b32_lr1e-4,participant_outer_oof,participant,one_vs_rest,1,45,0.5529411764705883,0.65,0.3049087505716445,0.6094117647058824,145
b32_lr1e-4,participant_outer_oof,participant,one_vs_rest,1,46,0.5529411764705883,0.7166666666666667,0.2744033745633954,0.6094117647058824,145
b32_lr1e-4,participant_outer_oof,participant,one_vs_rest,1,47,0.5647058823529412,0.7166666666666667,0.27012333683322015,0.6094117647058824,145
b32_lr1e-4,participant_outer_oof,participant,one_vs_rest,1,48,0.5647058823529412,0.7333333333333333,0.26352657146220826,0.6094117647058824,145
b32_lr1e-4,participant_outer_oof,participant,one_vs_rest,1,49,0.6470588235294118,0.7333333333333333,0.21486636400200115,0.6094117647058824,145
b32_lr1e-4,participant_outer_oof,participant,one_vs_rest,1,50,0.6470588235294118,0.7666666666666667,0.19996174365647473,0.6094117647058824,145
b32_lr1e-4,participant_outer_oof,participant,one_vs_rest,1,51,0.6705882352941176,0.7666666666666667,0.18446377097141128,0.6094117647058824,145
b32_lr1e-4,participant_outer_oof,participant,one_vs_rest,1,52,0.6705882352941176,0.7833333333333333,0.18083138692927622,0.6094117647058824,145
b32_lr1e-4,participant_outer_oof,participant,one_vs_rest,1,53,0.7176470588235294,0.7833333333333333,0.1329889819357349,0.6094117647058824,145
b32_lr1e-4,participant_outer_oof,participant,one_vs_rest,1,54,0.7176470588235294,0.8,0.13244806320356478,0.6094117647058824,145
b32_lr1e-4,participant_outer_oof,participant,one_vs_rest,1,55,0.7411764705882353,0.8,0.11533346311264892,0.6094117647058824,145
b32_lr1e-4,participant_outer_oof,participant,one_vs_rest,1,56,0.7411764705882353,0.8166666666666667,0.1138059372391819,0.6094117647058824,145
b32_lr1e-4,participant_outer_oof,participant,one_vs_rest,1,57,0.7529411764705882,0.8166666666666667,0.10754031190854599,0.6094117647058824,145
b32_lr1e-4,participant_outer_oof,participant,one_vs_rest,1,58,0.7529411764705882,0.8333333333333334,0.10190811466322852,0.6094117647058824,145
b32_lr1e-4,participant_outer_oof,participant,one_vs_rest,1,59,0.7647058823529411,0.8333333333333334,0.0963516905737036,0.6094117647058824,145
b32_lr1e-4,participant_outer_oof,participant,one_vs_rest,1,60,0.7647058823529411,0.8666666666666667,0.09125037207232756,0.6094117647058824,145
b32_lr1e-4,participant_outer_oof,participant,one_vs_rest,1,61,0.8,0.8666666666666667,0.07491153221691982,0.6094117647058824,145
b32_lr1e-4,participant_outer_oof,participant,one_vs_rest,1,62,0.8,0.8833333333333333,0.0736946251508642,0.6094117647058824,145
b32_lr1e-4,participant_outer_oof,participant,one_vs_rest,1,63,0.8117647058823529,0.8833333333333333,0.06923930747863102,0.6094117647058824,145
b32_lr1e-4,participant_outer_oof,participant,one_vs_rest,1,64,0.8117647058823529,0.9,0.06914896277534416,0.6094117647058824,145
b32_lr1e-4,participant_outer_oof,participant,one_vs_rest,1,65,0.8235294117647058,0.9,0.06651957628159101,0.6094117647058824,145
b32_lr1e-4,participant_outer_oof,participant,one_vs_rest,1,66,0.8235294117647058,0.9166666666666666,0.0636388952791711,0.6094117647058824,145
b32_lr1e-4,participant_outer_oof,participant,one_vs_rest,1,67,0.8352941176470589,0.9166666666666666,0.04969229774402828,0.6094117647058824,145
b32_lr1e-4,participant_outer_oof,participant,one_vs_rest,1,68,0.8352941176470589,0.9333333333333333,0.049035184654561345,0.6094117647058824,145
b32_lr1e-4,participant_outer_oof,participant,one_vs_rest,1,69,0.8470588235294118,0.9333333333333333,0.04872145339042569,0.6094117647058824,145
b32_lr1e-4,participant_outer_oof,participant,one_vs_rest,1,70,0.8470588235294118,0.9666666666666667,0.043488735005115166,0.6094117647058824,145
b32_lr1e-4,participant_outer_oof,participant,one_vs_rest,1,71,0.9294117647058824,0.9666666666666667,0.012155862778121865,0.6094117647058824,145
b32_lr1e-4,participant_outer_oof,participant,one_vs_rest,1,72,0.9294117647058824,0.9833333333333333,0.010740953758072113,0.6094117647058824,145
b32_lr1e-4,participant_outer_oof,participant,one_vs_rest,1,73,0.9647058823529412,0.9833333333333333,0.005230536471399693,0.6094117647058824,145
b32_lr1e-4,participant_outer_oof,participant,one_vs_rest,1,74,0.9647058823529412,1.0,0.003314955537629437,0.6094117647058824,145
b32_lr1e-4,participant_outer_oof,participant,one_vs_rest,1,75,1.0,1.0,0.0002551733859978927,0.6094117647058824,145
b32_lr1e-4,participant_outer_oof,participant,one_vs_rest,2,0,0.0,0.0,,0.7516666666666666,145
b32_lr1e-4,participant_outer_oof,participant,one_vs_rest,2,1,0.0,0.025,0.993357527148825,0.7516666666666666,145
b32_lr1e-4,participant_outer_oof,participant,one_vs_rest,2,2,0.0,0.175,0.9298168140897836,0.7516666666666666,145
b32_lr1e-4,participant_outer_oof,participant,one_vs_rest,2,3,0.01904761904761905,0.175,0.9220757744874106,0.7516666666666666,145
b32_lr1e-4,participant_outer_oof,participant,one_vs_rest,2,4,0.01904761904761905,0.35,0.715207607297254,0.7516666666666666,145
b32_lr1e-4,participant_outer_oof,participant,one_vs_rest,2,5,0.05714285714285714,0.35,0.6817114285581085,0.7516666666666666,145
b32_lr1e-4,participant_outer_oof,participant,one_vs_rest,2,6,0.05714285714285714,0.375,0.6619047012798922,0.7516666666666666,145
b32_lr1e-4,participant_outer_oof,participant,one_vs_rest,2,7,0.06666666666666667,0.375,0.66119411288738,0.7516666666666666,145
b32_lr1e-4,participant_outer_oof,participant,one_vs_rest,2,8,0.06666666666666667,0.4,0.6578211026803513,0.7516666666666666,145
b32_lr1e-4,participant_outer_oof,participant,one_vs_rest,2,9,0.09523809523809523,0.4,0.6473484372347433,0.7516666666666666,145
b32_lr1e-4,participant_outer_oof,participant,one_vs_rest,2,10,0.09523809523809523,0.425,0.610923986848272,0.7516666666666666,145
b32_lr1e-4,participant_outer_oof,participant,one_vs_rest,2,11,0.10476190476190476,0.425,0.6016057688707338,0.7516666666666666,145
b32_lr1e-4,participant_outer_oof,participant,one_vs_rest,2,12,0.10476190476190476,0.45,0.5782972473111805,0.7516666666666666,145
b32_lr1e-4,participant_outer_oof,participant,one_vs_rest,2,13,0.12380952380952381,0.45,0.5640788747648562,0.7516666666666666,145
b32_lr1e-4,participant_outer_oof,participant,one_vs_rest,2,14,0.12380952380952381,0.475,0.5501459949919245,0.7516666666666666,145
b32_lr1e-4,participant_outer_oof,participant,one_vs_rest,2,15,0.1523809523809524,0.475,0.5319460406625088,0.7516666666666666,145
b32_lr1e-4,participant_outer_oof,participant,one_vs_rest,2,16,0.1523809523809524,0.5,0.5299758361410584,0.7516666666666666,145
b32_lr1e-4,participant_outer_oof,participant,one_vs_rest,2,17,0.1619047619047619,0.5,0.4811932726951984,0.7516666666666666,145
b32_lr1e-4,participant_outer_oof,participant,one_vs_rest,2,18,0.1619047619047619,0.55,0.4511430421149527,0.7516666666666666,145
b32_lr1e-4,participant_outer_oof,participant,one_vs_rest,2,19,0.17142857142857143,0.55,0.4492214417224753,0.7516666666666666,145
b32_lr1e-4,participant_outer_oof,participant,one_vs_rest,2,20,0.17142857142857143,0.575,0.43113198645899004,0.7516666666666666,145
b32_lr1e-4,participant_outer_oof,participant,one_vs_rest,2,21,0.2,0.575,0.35626021031292465,0.7516666666666666,145
b32_lr1e-4,participant_outer_oof,participant,one_vs_rest,2,22,0.2,0.6,0.33822297241585464,0.7516666666666666,145
b32_lr1e-4,participant_outer_oof,participant,one_vs_rest,2,23,0.21904761904761905,0.6,0.3225750399285594,0.7516666666666666,145
b32_lr1e-4,participant_outer_oof,participant,one_vs_rest,2,24,0.21904761904761905,0.625,0.27165474208391516,0.7516666666666666,145
b32_lr1e-4,participant_outer_oof,participant,one_vs_rest,2,25,0.23809523809523808,0.625,0.24077660508226456,0.7516666666666666,145
b32_lr1e-4,participant_outer_oof,participant,one_vs_rest,2,26,0.23809523809523808,0.65,0.22426009696718965,0.7516666666666666,145
b32_lr1e-4,participant_outer_oof,participant,one_vs_rest,2,27,0.24761904761904763,0.65,0.21775163795631836,0.7516666666666666,145
b32_lr1e-4,participant_outer_oof,participant,one_vs_rest,2,28,0.24761904761904763,0.7,0.19322971327573793,0.7516666666666666,145
b32_lr1e-4,participant_outer_oof,participant,one_vs_rest,2,29,0.3333333333333333,0.7,0.1516679014347721,0.7516666666666666,145
b32_lr1e-4,participant_outer_oof,participant,one_vs_rest,2,30,0.3333333333333333,0.725,0.14784283461465988,0.7516666666666666,145
b32_lr1e-4,participant_outer_oof,participant,one_vs_rest,2,31,0.4,0.725,0.10600028308399755,0.7516666666666666,145
b32_lr1e-4,participant_outer_oof,participant,one_vs_rest,2,32,0.4,0.75,0.09910394779915638,0.7516666666666666,145
b32_lr1e-4,participant_outer_oof,participant,one_vs_rest,2,33,0.4380952380952381,0.75,0.08973108472210542,0.7516666666666666,145
b32_lr1e-4,participant_outer_oof,participant,one_vs_rest,2,34,0.4380952380952381,0.775,0.08241233557597144,0.7516666666666666,145
b32_lr1e-4,participant_outer_oof,participant,one_vs_rest,2,35,0.44761904761904764,0.775,0.07979050203247023,0.7516666666666666,145
b32_lr1e-4,participant_outer_oof,participant,one_vs_rest,2,36,0.44761904761904764,0.8,0.07920689630782442,0.7516666666666666,145
b32_lr1e-4,participant_outer_oof,participant,one_vs_rest,2,37,0.47619047619047616,0.8,0.07782333026937831,0.7516666666666666,145
b32_lr1e-4,participant_outer_oof,participant,one_vs_rest,2,38,0.47619047619047616,0.825,0.0748687806221166,0.7516666666666666,145
b32_lr1e-4,participant_outer_oof,participant,one_vs_rest,2,39,0.4857142857142857,0.825,0.07243325014173431,0.7516666666666666,145
b32_lr1e-4,participant_outer_oof,participant,one_vs_rest,2,40,0.4857142857142857,0.85,0.07106589931661463,0.7516666666666666,145
b32_lr1e-4,participant_outer_oof,participant,one_vs_rest,2,41,0.5714285714285714,0.85,0.041033840434877164,0.7516666666666666,145
b32_lr1e-4,participant_outer_oof,participant,one_vs_rest,2,42,0.5714285714285714,0.875,0.034359305055298536,0.7516666666666666,145
b32_lr1e-4,participant_outer_oof,participant,one_vs_rest,2,43,0.7428571428571429,0.875,0.015342524884461205,0.7516666666666666,145
b32_lr1e-4,participant_outer_oof,participant,one_vs_rest,2,44,0.7428571428571429,0.9,0.015065926883692116,0.7516666666666666,145
b32_lr1e-4,participant_outer_oof,participant,one_vs_rest,2,45,0.8380952380952381,0.9,0.008489507641082372,0.7516666666666666,145
b32_lr1e-4,participant_outer_oof,participant,one_vs_rest,2,46,0.8380952380952381,0.925,0.00764269354080093,0.7516666666666666,145
b32_lr1e-4,participant_outer_oof,participant,one_vs_rest,2,47,0.9333333333333333,0.925,0.0024133464248254095,0.7516666666666666,145
b32_lr1e-4,participant_outer_oof,participant,one_vs_rest,2,48,0.9333333333333333,0.975,0.0013885321592549038,0.7516666666666666,145
b32_lr1e-4,participant_outer_oof,participant,one_vs_rest,2,49,0.9523809523809523,0.975,0.0008331626065477678,0.7516666666666666,145
b32_lr1e-4,participant_outer_oof,participant,one_vs_rest,2,50,0.9523809523809523,1.0,0.0007678532466784872,0.7516666666666666,145
b32_lr1e-4,participant_outer_oof,participant,one_vs_rest,2,51,1.0,1.0,0.0001004761304506005,0.7516666666666666,145
b32_lr1e-4,participant_outer_oof,participant,macro_average_ovr,macro,0,0.0,0.11388888888888889,,0.7144837962962963,145
b32_lr1e-4,participant_outer_oof,participant,macro_average_ovr,macro,1,0.005,0.11388888888888889,,0.7144837962962963,145
b32_lr1e-4,participant_outer_oof,participant,macro_average_ovr,macro,2,0.01,0.12129629629629629,,0.7144837962962963,145
b32_lr1e-4,participant_outer_oof,participant,macro_average_ovr,macro,3,0.015,0.1324074074074074,,0.7144837962962963,145
b32_lr1e-4,participant_outer_oof,participant,macro_average_ovr,macro,4,0.02,0.19074074074074074,,0.7144837962962963,145
b32_lr1e-4,participant_outer_oof,participant,macro_average_ovr,macro,5,0.025,0.19074074074074074,,0.7144837962962963,145
b32_lr1e-4,participant_outer_oof,participant,macro_average_ovr,macro,6,0.03,0.19074074074074074,,0.7144837962962963,145
b32_lr1e-4,participant_outer_oof,participant,macro_average_ovr,macro,7,0.035,0.19074074074074074,,0.7144837962962963,145
b32_lr1e-4,participant_outer_oof,participant,macro_average_ovr,macro,8,0.04,0.2148148148148148,,0.7144837962962963,145
b32_lr1e-4,participant_outer_oof,participant,macro_average_ovr,macro,9,0.045,0.2148148148148148,,0.7144837962962963,145
b32_lr1e-4,participant_outer_oof,participant,macro_average_ovr,macro,10,0.05,0.2148148148148148,,0.7144837962962963,145
b32_lr1e-4,participant_outer_oof,participant,macro_average_ovr,macro,11,0.055,0.2148148148148148,,0.7144837962962963,145
b32_lr1e-4,participant_outer_oof,participant,macro_average_ovr,macro,12,0.06,0.23981481481481481,,0.7144837962962963,145
b32_lr1e-4,participant_outer_oof,participant,macro_average_ovr,macro,13,0.065,0.23981481481481481,,0.7144837962962963,145
b32_lr1e-4,participant_outer_oof,participant,macro_average_ovr,macro,14,0.07,0.24814814814814815,,0.7144837962962963,145
b32_lr1e-4,participant_outer_oof,participant,macro_average_ovr,macro,15,0.075,0.25925925925925924,,0.7144837962962963,145
b32_lr1e-4,participant_outer_oof,participant,macro_average_ovr,macro,16,0.08,0.25925925925925924,,0.7144837962962963,145
b32_lr1e-4,participant_outer_oof,participant,macro_average_ovr,macro,17,0.085,0.26481481481481484,,0.7144837962962963,145
b32_lr1e-4,participant_outer_oof,participant,macro_average_ovr,macro,18,0.09,0.26481481481481484,,0.7144837962962963,145
b32_lr1e-4,participant_outer_oof,participant,macro_average_ovr,macro,19,0.095,0.26481481481481484,,0.7144837962962963,145
b32_lr1e-4,participant_outer_oof,participant,macro_average_ovr,macro,20,0.1,0.27314814814814814,,0.7144837962962963,145
b32_lr1e-4,participant_outer_oof,participant,macro_average_ovr,macro,21,0.105,0.2814814814814815,,0.7144837962962963,145
b32_lr1e-4,participant_outer_oof,participant,macro_average_ovr,macro,22,0.11,0.29259259259259257,,0.7144837962962963,145
b32_lr1e-4,participant_outer_oof,participant,macro_average_ovr,macro,23,0.115,0.29259259259259257,,0.7144837962962963,145
b32_lr1e-4,participant_outer_oof,participant,macro_average_ovr,macro,24,0.12,0.3351851851851852,,0.7144837962962963,145
b32_lr1e-4,participant_outer_oof,participant,macro_average_ovr,macro,25,0.125,0.3435185185185185,,0.7144837962962963,145
b32_lr1e-4,participant_outer_oof,participant,macro_average_ovr,macro,26,0.13,0.35833333333333334,,0.7144837962962963,145
b32_lr1e-4,participant_outer_oof,participant,macro_average_ovr,macro,27,0.135,0.35833333333333334,,0.7144837962962963,145
b32_lr1e-4,participant_outer_oof,participant,macro_average_ovr,macro,28,0.14,0.35833333333333334,,0.7144837962962963,145
b32_lr1e-4,participant_outer_oof,participant,macro_average_ovr,macro,29,0.145,0.35833333333333334,,0.7144837962962963,145
b32_lr1e-4,participant_outer_oof,participant,macro_average_ovr,macro,30,0.15,0.36574074074074076,,0.7144837962962963,145
b32_lr1e-4,participant_outer_oof,participant,macro_average_ovr,macro,31,0.155,0.3962962962962963,,0.7144837962962963,145
b32_lr1e-4,participant_outer_oof,participant,macro_average_ovr,macro,32,0.16,0.4037037037037037,,0.7144837962962963,145
b32_lr1e-4,participant_outer_oof,participant,macro_average_ovr,macro,33,0.165,0.42037037037037034,,0.7144837962962963,145
b32_lr1e-4,participant_outer_oof,participant,macro_average_ovr,macro,34,0.17,0.4425925925925926,,0.7144837962962963,145
b32_lr1e-4,participant_outer_oof,participant,macro_average_ovr,macro,35,0.17500000000000002,0.4509259259259259,,0.7144837962962963,145
b32_lr1e-4,participant_outer_oof,participant,macro_average_ovr,macro,36,0.18,0.46759259259259256,,0.7144837962962963,145
b32_lr1e-4,participant_outer_oof,participant,macro_average_ovr,macro,37,0.185,0.46759259259259256,,0.7144837962962963,145
b32_lr1e-4,participant_outer_oof,participant,macro_average_ovr,macro,38,0.19,0.5027777777777778,,0.7144837962962963,145
b32_lr1e-4,participant_outer_oof,participant,macro_average_ovr,macro,39,0.195,0.5027777777777778,,0.7144837962962963,145
b32_lr1e-4,participant_outer_oof,participant,macro_average_ovr,macro,40,0.2,0.5166666666666666,,0.7144837962962963,145
b32_lr1e-4,participant_outer_oof,participant,macro_average_ovr,macro,41,0.20500000000000002,0.5166666666666666,,0.7144837962962963,145
b32_lr1e-4,participant_outer_oof,participant,macro_average_ovr,macro,42,0.21,0.5240740740740741,,0.7144837962962963,145
b32_lr1e-4,participant_outer_oof,participant,macro_average_ovr,macro,43,0.215,0.5240740740740741,,0.7144837962962963,145
b32_lr1e-4,participant_outer_oof,participant,macro_average_ovr,macro,44,0.22,0.5324074074074074,,0.7144837962962963,145
b32_lr1e-4,participant_outer_oof,participant,macro_average_ovr,macro,45,0.225,0.5324074074074074,,0.7144837962962963,145
b32_lr1e-4,participant_outer_oof,participant,macro_average_ovr,macro,46,0.23,0.5398148148148149,,0.7144837962962963,145
b32_lr1e-4,participant_outer_oof,participant,macro_average_ovr,macro,47,0.23500000000000001,0.5398148148148149,,0.7144837962962963,145
b32_lr1e-4,participant_outer_oof,participant,macro_average_ovr,macro,48,0.24,0.5481481481481482,,0.7144837962962963,145
b32_lr1e-4,participant_outer_oof,participant,macro_average_ovr,macro,49,0.245,0.5481481481481482,,0.7144837962962963,145
b32_lr1e-4,participant_outer_oof,participant,macro_average_ovr,macro,50,0.25,0.5777777777777777,,0.7144837962962963,145
b32_lr1e-4,participant_outer_oof,participant,macro_average_ovr,macro,51,0.255,0.5777777777777777,,0.7144837962962963,145
b32_lr1e-4,participant_outer_oof,participant,macro_average_ovr,macro,52,0.26,0.5925925925925927,,0.7144837962962963,145
b32_lr1e-4,participant_outer_oof,participant,macro_average_ovr,macro,53,0.265,0.5925925925925927,,0.7144837962962963,145
b32_lr1e-4,participant_outer_oof,participant,macro_average_ovr,macro,54,0.27,0.6222222222222221,,0.7144837962962963,145
b32_lr1e-4,participant_outer_oof,participant,macro_average_ovr,macro,55,0.275,0.6222222222222221,,0.7144837962962963,145
b32_lr1e-4,participant_outer_oof,participant,macro_average_ovr,macro,56,0.28,0.6296296296296297,,0.7144837962962963,145
b32_lr1e-4,participant_outer_oof,participant,macro_average_ovr,macro,57,0.28500000000000003,0.6296296296296297,,0.7144837962962963,145
b32_lr1e-4,participant_outer_oof,participant,macro_average_ovr,macro,58,0.29,0.6296296296296297,,0.7144837962962963,145
b32_lr1e-4,participant_outer_oof,participant,macro_average_ovr,macro,59,0.295,0.6351851851851852,,0.7144837962962963,145
b32_lr1e-4,participant_outer_oof,participant,macro_average_ovr,macro,60,0.3,0.6351851851851852,,0.7144837962962963,145
b32_lr1e-4,participant_outer_oof,participant,macro_average_ovr,macro,61,0.305,0.6351851851851852,,0.7144837962962963,145
b32_lr1e-4,participant_outer_oof,participant,macro_average_ovr,macro,62,0.31,0.6407407407407407,,0.7144837962962963,145
b32_lr1e-4,participant_outer_oof,participant,macro_average_ovr,macro,63,0.315,0.6407407407407407,,0.7144837962962963,145
b32_lr1e-4,participant_outer_oof,participant,macro_average_ovr,macro,64,0.32,0.6407407407407407,,0.7144837962962963,145
b32_lr1e-4,participant_outer_oof,participant,macro_average_ovr,macro,65,0.325,0.6407407407407407,,0.7144837962962963,145
b32_lr1e-4,participant_outer_oof,participant,macro_average_ovr,macro,66,0.33,0.6592592592592592,,0.7144837962962963,145
b32_lr1e-4,participant_outer_oof,participant,macro_average_ovr,macro,67,0.335,0.6675925925925926,,0.7144837962962963,145
b32_lr1e-4,participant_outer_oof,participant,macro_average_ovr,macro,68,0.34,0.6675925925925926,,0.7144837962962963,145
b32_lr1e-4,participant_outer_oof,participant,macro_average_ovr,macro,69,0.34500000000000003,0.6675925925925926,,0.7144837962962963,145
b32_lr1e-4,participant_outer_oof,participant,macro_average_ovr,macro,70,0.35000000000000003,0.6675925925925926,,0.7144837962962963,145
b32_lr1e-4,participant_outer_oof,participant,macro_average_ovr,macro,71,0.355,0.6675925925925926,,0.7144837962962963,145
b32_lr1e-4,participant_outer_oof,participant,macro_average_ovr,macro,72,0.36,0.6824074074074074,,0.7144837962962963,145
b32_lr1e-4,participant_outer_oof,participant,macro_average_ovr,macro,73,0.365,0.687962962962963,,0.7144837962962963,145
b32_lr1e-4,participant_outer_oof,participant,macro_average_ovr,macro,74,0.37,0.687962962962963,,0.7144837962962963,145
b32_lr1e-4,participant_outer_oof,participant,macro_average_ovr,macro,75,0.375,0.687962962962963,,0.7144837962962963,145
b32_lr1e-4,participant_outer_oof,participant,macro_average_ovr,macro,76,0.38,0.7175925925925926,,0.7144837962962963,145
b32_lr1e-4,participant_outer_oof,participant,macro_average_ovr,macro,77,0.385,0.7175925925925926,,0.7144837962962963,145
b32_lr1e-4,participant_outer_oof,participant,macro_average_ovr,macro,78,0.39,0.7175925925925926,,0.7144837962962963,145
b32_lr1e-4,participant_outer_oof,participant,macro_average_ovr,macro,79,0.395,0.7175925925925926,,0.7144837962962963,145
b32_lr1e-4,participant_outer_oof,participant,macro_average_ovr,macro,80,0.4,0.725925925925926,,0.7144837962962963,145
b32_lr1e-4,participant_outer_oof,participant,macro_average_ovr,macro,81,0.405,0.725925925925926,,0.7144837962962963,145
b32_lr1e-4,participant_outer_oof,participant,macro_average_ovr,macro,82,0.41000000000000003,0.725925925925926,,0.7144837962962963,145
b32_lr1e-4,participant_outer_oof,participant,macro_average_ovr,macro,83,0.41500000000000004,0.725925925925926,,0.7144837962962963,145
b32_lr1e-4,participant_outer_oof,participant,macro_average_ovr,macro,84,0.42,0.7333333333333334,,0.7144837962962963,145
b32_lr1e-4,participant_outer_oof,participant,macro_average_ovr,macro,85,0.425,0.7388888888888889,,0.7144837962962963,145
b32_lr1e-4,participant_outer_oof,participant,macro_average_ovr,macro,86,0.43,0.7388888888888889,,0.7144837962962963,145
b32_lr1e-4,participant_outer_oof,participant,macro_average_ovr,macro,87,0.435,0.7388888888888889,,0.7144837962962963,145
b32_lr1e-4,participant_outer_oof,participant,macro_average_ovr,macro,88,0.44,0.7472222222222222,,0.7144837962962963,145
b32_lr1e-4,participant_outer_oof,participant,macro_average_ovr,macro,89,0.445,0.7472222222222222,,0.7144837962962963,145
b32_lr1e-4,participant_outer_oof,participant,macro_average_ovr,macro,90,0.45,0.7685185185185185,,0.7144837962962963,145
b32_lr1e-4,participant_outer_oof,participant,macro_average_ovr,macro,91,0.455,0.7685185185185185,,0.7144837962962963,145
b32_lr1e-4,participant_outer_oof,participant,macro_average_ovr,macro,92,0.46,0.7796296296296297,,0.7144837962962963,145
b32_lr1e-4,participant_outer_oof,participant,macro_average_ovr,macro,93,0.465,0.7796296296296297,,0.7144837962962963,145
b32_lr1e-4,participant_outer_oof,participant,macro_average_ovr,macro,94,0.47000000000000003,0.7796296296296297,,0.7144837962962963,145
b32_lr1e-4,participant_outer_oof,participant,macro_average_ovr,macro,95,0.47500000000000003,0.7796296296296297,,0.7144837962962963,145
b32_lr1e-4,participant_outer_oof,participant,macro_average_ovr,macro,96,0.48,0.787962962962963,,0.7144837962962963,145
b32_lr1e-4,participant_outer_oof,participant,macro_average_ovr,macro,97,0.485,0.787962962962963,,0.7144837962962963,145
b32_lr1e-4,participant_outer_oof,participant,macro_average_ovr,macro,98,0.49,0.7962962962962963,,0.7144837962962963,145
b32_lr1e-4,participant_outer_oof,participant,macro_average_ovr,macro,99,0.495,0.8074074074074075,,0.7144837962962963,145
b32_lr1e-4,participant_outer_oof,participant,macro_average_ovr,macro,100,0.5,0.8074074074074075,,0.7144837962962963,145
b32_lr1e-4,participant_outer_oof,participant,macro_average_ovr,macro,101,0.505,0.8074074074074075,,0.7144837962962963,145
b32_lr1e-4,participant_outer_oof,participant,macro_average_ovr,macro,102,0.51,0.8074074074074075,,0.7144837962962963,145
b32_lr1e-4,participant_outer_oof,participant,macro_average_ovr,macro,103,0.515,0.8074074074074075,,0.7144837962962963,145
b32_lr1e-4,participant_outer_oof,participant,macro_average_ovr,macro,104,0.52,0.8074074074074075,,0.7144837962962963,145
b32_lr1e-4,participant_outer_oof,participant,macro_average_ovr,macro,105,0.525,0.8074074074074075,,0.7144837962962963,145
b32_lr1e-4,participant_outer_oof,participant,macro_average_ovr,macro,106,0.53,0.8185185185185185,,0.7144837962962963,145
b32_lr1e-4,participant_outer_oof,participant,macro_average_ovr,macro,107,0.535,0.8185185185185185,,0.7144837962962963,145
b32_lr1e-4,participant_outer_oof,participant,macro_average_ovr,macro,108,0.54,0.8185185185185185,,0.7144837962962963,145
b32_lr1e-4,participant_outer_oof,participant,macro_average_ovr,macro,109,0.545,0.8185185185185185,,0.7144837962962963,145
b32_lr1e-4,participant_outer_oof,participant,macro_average_ovr,macro,110,0.55,0.8185185185185185,,0.7144837962962963,145
b32_lr1e-4,participant_outer_oof,participant,macro_average_ovr,macro,111,0.555,0.8407407407407407,,0.7144837962962963,145
b32_lr1e-4,participant_outer_oof,participant,macro_average_ovr,macro,112,0.56,0.8481481481481481,,0.7144837962962963,145
b32_lr1e-4,participant_outer_oof,participant,macro_average_ovr,macro,113,0.5650000000000001,0.8537037037037036,,0.7144837962962963,145
b32_lr1e-4,participant_outer_oof,participant,macro_average_ovr,macro,114,0.5700000000000001,0.8537037037037036,,0.7144837962962963,145
b32_lr1e-4,participant_outer_oof,participant,macro_average_ovr,macro,115,0.5750000000000001,0.862037037037037,,0.7144837962962963,145
b32_lr1e-4,participant_outer_oof,participant,macro_average_ovr,macro,116,0.58,0.862037037037037,,0.7144837962962963,145
b32_lr1e-4,participant_outer_oof,participant,macro_average_ovr,macro,117,0.585,0.862037037037037,,0.7144837962962963,145
b32_lr1e-4,participant_outer_oof,participant,macro_average_ovr,macro,118,0.59,0.862037037037037,,0.7144837962962963,145
b32_lr1e-4,participant_outer_oof,participant,macro_average_ovr,macro,119,0.595,0.862037037037037,,0.7144837962962963,145
b32_lr1e-4,participant_outer_oof,participant,macro_average_ovr,macro,120,0.6,0.862037037037037,,0.7144837962962963,145
b32_lr1e-4,participant_outer_oof,participant,macro_average_ovr,macro,121,0.605,0.862037037037037,,0.7144837962962963,145
b32_lr1e-4,participant_outer_oof,participant,macro_average_ovr,macro,122,0.61,0.862037037037037,,0.7144837962962963,145
b32_lr1e-4,participant_outer_oof,participant,macro_average_ovr,macro,123,0.615,0.862037037037037,,0.7144837962962963,145
b32_lr1e-4,participant_outer_oof,participant,macro_average_ovr,macro,124,0.62,0.862037037037037,,0.7144837962962963,145
b32_lr1e-4,participant_outer_oof,participant,macro_average_ovr,macro,125,0.625,0.862037037037037,,0.7144837962962963,145
b32_lr1e-4,participant_outer_oof,participant,macro_average_ovr,macro,126,0.63,0.862037037037037,,0.7144837962962963,145
b32_lr1e-4,participant_outer_oof,participant,macro_average_ovr,macro,127,0.635,0.862037037037037,,0.7144837962962963,145
b32_lr1e-4,participant_outer_oof,participant,macro_average_ovr,macro,128,0.64,0.862037037037037,,0.7144837962962963,145
b32_lr1e-4,participant_outer_oof,participant,macro_average_ovr,macro,129,0.645,0.862037037037037,,0.7144837962962963,145
b32_lr1e-4,participant_outer_oof,participant,macro_average_ovr,macro,130,0.65,0.8731481481481481,,0.7144837962962963,145
b32_lr1e-4,participant_outer_oof,participant,macro_average_ovr,macro,131,0.655,0.8731481481481481,,0.7144837962962963,145
b32_lr1e-4,participant_outer_oof,participant,macro_average_ovr,macro,132,0.66,0.8731481481481481,,0.7144837962962963,145
b32_lr1e-4,participant_outer_oof,participant,macro_average_ovr,macro,133,0.665,0.8731481481481481,,0.7144837962962963,145
b32_lr1e-4,participant_outer_oof,participant,macro_average_ovr,macro,134,0.67,0.8731481481481481,,0.7144837962962963,145
b32_lr1e-4,participant_outer_oof,participant,macro_average_ovr,macro,135,0.675,0.8787037037037037,,0.7144837962962963,145
b32_lr1e-4,participant_outer_oof,participant,macro_average_ovr,macro,136,0.68,0.8787037037037037,,0.7144837962962963,145
b32_lr1e-4,participant_outer_oof,participant,macro_average_ovr,macro,137,0.685,0.8787037037037037,,0.7144837962962963,145
b32_lr1e-4,participant_outer_oof,participant,macro_average_ovr,macro,138,0.6900000000000001,0.8787037037037037,,0.7144837962962963,145
b32_lr1e-4,participant_outer_oof,participant,macro_average_ovr,macro,139,0.6950000000000001,0.8787037037037037,,0.7144837962962963,145
b32_lr1e-4,participant_outer_oof,participant,macro_average_ovr,macro,140,0.7000000000000001,0.8787037037037037,,0.7144837962962963,145
b32_lr1e-4,participant_outer_oof,participant,macro_average_ovr,macro,141,0.705,0.8787037037037037,,0.7144837962962963,145
b32_lr1e-4,participant_outer_oof,participant,macro_average_ovr,macro,142,0.71,0.8787037037037037,,0.7144837962962963,145
b32_lr1e-4,participant_outer_oof,participant,macro_average_ovr,macro,143,0.715,0.8787037037037037,,0.7144837962962963,145
b32_lr1e-4,participant_outer_oof,participant,macro_average_ovr,macro,144,0.72,0.8842592592592592,,0.7144837962962963,145
b32_lr1e-4,participant_outer_oof,participant,macro_average_ovr,macro,145,0.725,0.8842592592592592,,0.7144837962962963,145
b32_lr1e-4,participant_outer_oof,participant,macro_average_ovr,macro,146,0.73,0.8842592592592592,,0.7144837962962963,145
b32_lr1e-4,participant_outer_oof,participant,macro_average_ovr,macro,147,0.735,0.8842592592592592,,0.7144837962962963,145
b32_lr1e-4,participant_outer_oof,participant,macro_average_ovr,macro,148,0.74,0.8842592592592592,,0.7144837962962963,145
b32_lr1e-4,participant_outer_oof,participant,macro_average_ovr,macro,149,0.745,0.898148148148148,,0.7144837962962963,145
b32_lr1e-4,participant_outer_oof,participant,macro_average_ovr,macro,150,0.75,0.898148148148148,,0.7144837962962963,145
b32_lr1e-4,participant_outer_oof,participant,macro_average_ovr,macro,151,0.755,0.9037037037037038,,0.7144837962962963,145
b32_lr1e-4,participant_outer_oof,participant,macro_average_ovr,macro,152,0.76,0.9037037037037038,,0.7144837962962963,145
b32_lr1e-4,participant_outer_oof,participant,macro_average_ovr,macro,153,0.765,0.9148148148148149,,0.7144837962962963,145
b32_lr1e-4,participant_outer_oof,participant,macro_average_ovr,macro,154,0.77,0.9148148148148149,,0.7144837962962963,145
b32_lr1e-4,participant_outer_oof,participant,macro_average_ovr,macro,155,0.775,0.9148148148148149,,0.7144837962962963,145
b32_lr1e-4,participant_outer_oof,participant,macro_average_ovr,macro,156,0.78,0.9148148148148149,,0.7144837962962963,145
b32_lr1e-4,participant_outer_oof,participant,macro_average_ovr,macro,157,0.785,0.9148148148148149,,0.7144837962962963,145
b32_lr1e-4,participant_outer_oof,participant,macro_average_ovr,macro,158,0.79,0.9148148148148149,,0.7144837962962963,145
b32_lr1e-4,participant_outer_oof,participant,macro_average_ovr,macro,159,0.795,0.9148148148148149,,0.7144837962962963,145
b32_lr1e-4,participant_outer_oof,participant,macro_average_ovr,macro,160,0.8,0.9203703703703704,,0.7144837962962963,145
b32_lr1e-4,participant_outer_oof,participant,macro_average_ovr,macro,161,0.805,0.9203703703703704,,0.7144837962962963,145
b32_lr1e-4,participant_outer_oof,participant,macro_average_ovr,macro,162,0.81,0.9203703703703704,,0.7144837962962963,145
b32_lr1e-4,participant_outer_oof,participant,macro_average_ovr,macro,163,0.8150000000000001,0.9259259259259259,,0.7144837962962963,145
b32_lr1e-4,participant_outer_oof,participant,macro_average_ovr,macro,164,0.8200000000000001,0.9259259259259259,,0.7144837962962963,145
b32_lr1e-4,participant_outer_oof,participant,macro_average_ovr,macro,165,0.8250000000000001,0.9314814814814815,,0.7144837962962963,145
b32_lr1e-4,participant_outer_oof,participant,macro_average_ovr,macro,166,0.8300000000000001,0.9314814814814815,,0.7144837962962963,145
b32_lr1e-4,participant_outer_oof,participant,macro_average_ovr,macro,167,0.835,0.9314814814814815,,0.7144837962962963,145
b32_lr1e-4,participant_outer_oof,participant,macro_average_ovr,macro,168,0.84,0.9453703703703704,,0.7144837962962963,145
b32_lr1e-4,participant_outer_oof,participant,macro_average_ovr,macro,169,0.845,0.9453703703703704,,0.7144837962962963,145
b32_lr1e-4,participant_outer_oof,participant,macro_average_ovr,macro,170,0.85,0.9564814814814815,,0.7144837962962963,145
b32_lr1e-4,participant_outer_oof,participant,macro_average_ovr,macro,171,0.855,0.9564814814814815,,0.7144837962962963,145
b32_lr1e-4,participant_outer_oof,participant,macro_average_ovr,macro,172,0.86,0.9638888888888889,,0.7144837962962963,145
b32_lr1e-4,participant_outer_oof,participant,macro_average_ovr,macro,173,0.865,0.9638888888888889,,0.7144837962962963,145
b32_lr1e-4,participant_outer_oof,participant,macro_average_ovr,macro,174,0.87,0.9638888888888889,,0.7144837962962963,145
b32_lr1e-4,participant_outer_oof,participant,macro_average_ovr,macro,175,0.875,0.9638888888888889,,0.7144837962962963,145
b32_lr1e-4,participant_outer_oof,participant,macro_average_ovr,macro,176,0.88,0.9638888888888889,,0.7144837962962963,145
b32_lr1e-4,participant_outer_oof,participant,macro_average_ovr,macro,177,0.885,0.9638888888888889,,0.7144837962962963,145
b32_lr1e-4,participant_outer_oof,participant,macro_average_ovr,macro,178,0.89,0.9638888888888889,,0.7144837962962963,145
b32_lr1e-4,participant_outer_oof,participant,macro_average_ovr,macro,179,0.895,0.9638888888888889,,0.7144837962962963,145
b32_lr1e-4,participant_outer_oof,participant,macro_average_ovr,macro,180,0.9,0.9638888888888889,,0.7144837962962963,145
b32_lr1e-4,participant_outer_oof,participant,macro_average_ovr,macro,181,0.905,0.9638888888888889,,0.7144837962962963,145
b32_lr1e-4,participant_outer_oof,participant,macro_average_ovr,macro,182,0.91,0.9638888888888889,,0.7144837962962963,145
b32_lr1e-4,participant_outer_oof,participant,macro_average_ovr,macro,183,0.915,0.9638888888888889,,0.7144837962962963,145
b32_lr1e-4,participant_outer_oof,participant,macro_average_ovr,macro,184,0.92,0.9638888888888889,,0.7144837962962963,145
b32_lr1e-4,participant_outer_oof,participant,macro_average_ovr,macro,185,0.925,0.9638888888888889,,0.7144837962962963,145
b32_lr1e-4,participant_outer_oof,participant,macro_average_ovr,macro,186,0.93,0.9694444444444444,,0.7144837962962963,145
b32_lr1e-4,participant_outer_oof,participant,macro_average_ovr,macro,187,0.935,0.9861111111111112,,0.7144837962962963,145
b32_lr1e-4,participant_outer_oof,participant,macro_average_ovr,macro,188,0.9400000000000001,0.9861111111111112,,0.7144837962962963,145
b32_lr1e-4,participant_outer_oof,participant,macro_average_ovr,macro,189,0.9450000000000001,0.9861111111111112,,0.7144837962962963,145
b32_lr1e-4,participant_outer_oof,participant,macro_average_ovr,macro,190,0.9500000000000001,0.9861111111111112,,0.7144837962962963,145
b32_lr1e-4,participant_outer_oof,participant,macro_average_ovr,macro,191,0.9550000000000001,0.9944444444444445,,0.7144837962962963,145
b32_lr1e-4,participant_outer_oof,participant,macro_average_ovr,macro,192,0.96,0.9944444444444445,,0.7144837962962963,145
b32_lr1e-4,participant_outer_oof,participant,macro_average_ovr,macro,193,0.965,1.0,,0.7144837962962963,145
b32_lr1e-4,participant_outer_oof,participant,macro_average_ovr,macro,194,0.97,1.0,,0.7144837962962963,145
b32_lr1e-4,participant_outer_oof,participant,macro_average_ovr,macro,195,0.975,1.0,,0.7144837962962963,145
b32_lr1e-4,participant_outer_oof,participant,macro_average_ovr,macro,196,0.98,1.0,,0.7144837962962963,145
b32_lr1e-4,participant_outer_oof,participant,macro_average_ovr,macro,197,0.985,1.0,,0.7144837962962963,145
b32_lr1e-4,participant_outer_oof,participant,macro_average_ovr,macro,198,0.99,1.0,,0.7144837962962963,145
b32_lr1e-4,participant_outer_oof,participant,macro_average_ovr,macro,199,0.995,1.0,,0.7144837962962963,145
b32_lr1e-4,participant_outer_oof,participant,macro_average_ovr,macro,200,1.0,1.0,,0.7144837962962963,145
