classifier_id,evaluation_id,aggregation_level,sample_id,participant_id,file_id,repeat,fold,split_seed,training_seed,true_label,predicted_label,prediction_correct,class_order,probabilities,predicted_confidence,true_class_probability,decision_threshold,threshold_source,probability_class_0,probability_class_1,probability_class_2
b16_lr1e-4,participant_outer_oof,participant,None,AMI33_01,participant::AMI33_01,0,0,42,42,0,1,False,"[0, 1, 2]","[0.10974357874615095, 0.7276826450336782, 0.1625737762201708]",0.7276826450336782,0.10974357874615095,,none_multiclass_argmax,0.10974357874615095,0.7276826450336782,0.1625737762201708
b16_lr1e-4,participant_outer_oof,participant,None,EE_02,participant::EE_02,0,0,42,42,2,0,False,"[0, 1, 2]","[0.598507888526742, 0.3868089505043087, 0.014683160968949224]",0.598507888526742,0.014683160968949224,,none_multiclass_argmax,0.598507888526742,0.3868089505043087,0.014683160968949224
b16_lr1e-4,participant_outer_oof,participant,None,FNA75_03,participant::FNA75_03,0,0,42,42,1,0,False,"[0, 1, 2]","[0.5602164929437962, 0.3949086386067528, 0.04487486844945107]",0.5602164929437962,0.3949086386067528,,none_multiclass_argmax,0.5602164929437962,0.3949086386067528,0.04487486844945107
b16_lr1e-4,participant_outer_oof,participant,None,IGB00_03,participant::IGB00_03,0,0,42,42,2,1,False,"[0, 1, 2]","[0.025890863632840447, 0.8183795061264659, 0.15572963024069367]",0.8183795061264659,0.15572963024069367,,none_multiclass_argmax,0.025890863632840447,0.8183795061264659,0.15572963024069367
b16_lr1e-4,participant_outer_oof,participant,None,MHT21_03,participant::MHT21_03,0,0,42,42,1,1,True,"[0, 1, 2]","[0.020691386334200382, 0.9404799351343581, 0.03882867853144148]",0.9404799351343581,0.9404799351343581,,none_multiclass_argmax,0.020691386334200382,0.9404799351343581,0.03882867853144148
b16_lr1e-4,participant_outer_oof,participant,None,TSR08_01,participant::TSR08_01,0,0,42,42,0,0,True,"[0, 1, 2]","[0.7663274018635735, 0.18613064352352837, 0.04754195461289813]",0.7663274018635735,0.7663274018635735,,none_multiclass_argmax,0.7663274018635735,0.18613064352352837,0.04754195461289813
b16_lr1e-4,participant_outer_oof,participant,None,AKO19_01,participant::AKO19_01,0,1,42,42,2,2,True,"[0, 1, 2]","[0.0002625731203711718, 0.033426761021622266, 0.9663106658580066]",0.9663106658580066,0.9663106658580066,,none_multiclass_argmax,0.0002625731203711718,0.033426761021622266,0.9663106658580066
b16_lr1e-4,participant_outer_oof,participant,None,GDO22_03,participant::GDO22_03,0,1,42,42,0,1,False,"[0, 1, 2]","[0.20391282288479678, 0.5366521082740721, 0.2594350688411311]",0.5366521082740721,0.20391282288479678,,none_multiclass_argmax,0.20391282288479678,0.5366521082740721,0.2594350688411311
b16_lr1e-4,participant_outer_oof,participant,None,INE13_04,participant::INE13_04,0,1,42,42,0,0,True,"[0, 1, 2]","[0.4488185798215568, 0.4095179348535431, 0.1416634853249001]",0.4488185798215568,0.4488185798215568,,none_multiclass_argmax,0.4488185798215568,0.4095179348535431,0.1416634853249001
b16_lr1e-4,participant_outer_oof,participant,None,KMO19_01,participant::KMO19_01,0,1,42,42,1,0,False,"[0, 1, 2]","[0.7382432812254431, 0.09556126089776781, 0.1661954578767891]",0.7382432812254431,0.09556126089776781,,none_multiclass_argmax,0.7382432812254431,0.09556126089776781,0.1661954578767891
b16_lr1e-4,participant_outer_oof,participant,None,MKU07_04,participant::MKU07_04,0,1,42,42,1,1,True,"[0, 1, 2]","[0.0038608153261615206, 0.9441523280962547, 0.0519868565775838]",0.9441523280962547,0.9441523280962547,,none_multiclass_argmax,0.0038608153261615206,0.9441523280962547,0.0519868565775838
b16_lr1e-4,participant_outer_oof,participant,None,UTI13_04,participant::UTI13_04,0,1,42,42,1,1,True,"[0, 1, 2]","[0.11790296298503743, 0.7032586285128568, 0.1788384085021057]",0.7032586285128568,0.7032586285128568,,none_multiclass_argmax,0.11790296298503743,0.7032586285128568,0.1788384085021057
b16_lr1e-4,participant_outer_oof,participant,None,AB_01,participant::AB_01,0,2,42,42,2,2,True,"[0, 1, 2]","[0.025253810664684375, 0.45287541046679547, 0.5218707788685202]",0.5218707788685202,0.5218707788685202,,none_multiclass_argmax,0.025253810664684375,0.45287541046679547,0.5218707788685202
b16_lr1e-4,participant_outer_oof,participant,None,GME22_02,participant::GME22_02,0,2,42,42,0,1,False,"[0, 1, 2]","[0.3548647572672653, 0.5964276103347094, 0.04870763239802536]",0.5964276103347094,0.3548647572672653,,none_multiclass_argmax,0.3548647572672653,0.5964276103347094,0.04870763239802536
b16_lr1e-4,participant_outer_oof,participant,None,GRU27_01,participant::GRU27_01,0,2,42,42,1,2,False,"[0, 1, 2]","[0.103074317301731, 0.4287814520061619, 0.46814423069210703]",0.46814423069210703,0.4287814520061619,,none_multiclass_argmax,0.103074317301731,0.4287814520061619,0.46814423069210703
b16_lr1e-4,participant_outer_oof,participant,None,HZA20_02,participant::HZA20_02,0,2,42,42,0,0,True,"[0, 1, 2]","[0.6349608069800841, 0.3566109661272679, 0.008428226892648044]",0.6349608069800841,0.6349608069800841,,none_multiclass_argmax,0.6349608069800841,0.3566109661272679,0.008428226892648044
b16_lr1e-4,participant_outer_oof,participant,None,MSE28_01,participant::MSE28_01,0,2,42,42,1,1,True,"[0, 1, 2]","[0.1142159401832938, 0.8770540292720779, 0.008730030544628354]",0.8770540292720779,0.8770540292720779,,none_multiclass_argmax,0.1142159401832938,0.8770540292720779,0.008730030544628354
b16_lr1e-4,participant_outer_oof,participant,None,SJI29_02,participant::SJI29_02,0,2,42,42,2,2,True,"[0, 1, 2]","[0.0034539525915861825, 0.28057134853753185, 0.7159746988708819]",0.7159746988708819,0.7159746988708819,,none_multiclass_argmax,0.0034539525915861825,0.28057134853753185,0.7159746988708819
b16_lr1e-4,participant_outer_oof,participant,None,AKE28_03,participant::AKE28_03,0,3,42,42,1,1,True,"[0, 1, 2]","[0.09728600930824025, 0.6315287005434813, 0.2711852901482785]",0.6315287005434813,0.6315287005434813,,none_multiclass_argmax,0.09728600930824025,0.6315287005434813,0.2711852901482785
b16_lr1e-4,participant_outer_oof,participant,None,BRA36_02,participant::BRA36_02,0,3,42,42,0,0,True,"[0, 1, 2]","[0.831130746451847, 0.1681044690982884, 0.000764784449864591]",0.831130746451847,0.831130746451847,,none_multiclass_argmax,0.831130746451847,0.1681044690982884,0.000764784449864591
b16_lr1e-4,participant_outer_oof,participant,None,ERL70_04,participant::ERL70_04,0,3,42,42,2,2,True,"[0, 1, 2]","[0.02723308867272051, 0.016402850506248786, 0.9563640608210306]",0.9563640608210306,0.9563640608210306,,none_multiclass_argmax,0.02723308867272051,0.016402850506248786,0.9563640608210306
b16_lr1e-4,participant_outer_oof,participant,None,MIA82_04,participant::MIA82_04,0,3,42,42,0,0,True,"[0, 1, 2]","[0.6915649574906222, 0.3065523110100659, 0.001882731499311965]",0.6915649574906222,0.6915649574906222,,none_multiclass_argmax,0.6915649574906222,0.3065523110100659,0.001882731499311965
b16_lr1e-4,participant_outer_oof,participant,None,MOA19_03,participant::MOA19_03,0,3,42,42,2,2,True,"[0, 1, 2]","[0.350309590423392, 0.009959767736887238, 0.6397306418397208]",0.6397306418397208,0.6397306418397208,,none_multiclass_argmax,0.350309590423392,0.009959767736887238,0.6397306418397208
b16_lr1e-4,participant_outer_oof,participant,None,STE072_01,participant::STE072_01,0,3,42,42,1,2,False,"[0, 1, 2]","[0.1814947100692283, 0.28012024587502404, 0.5383850440557477]",0.5383850440557477,0.28012024587502404,,none_multiclass_argmax,0.1814947100692283,0.28012024587502404,0.5383850440557477
b16_lr1e-4,participant_outer_oof,participant,None,ATA20_01,participant::ATA20_01,0,4,42,42,0,0,True,"[0, 1, 2]","[0.7531419705709692, 0.23854531635241155, 0.00831271307661917]",0.7531419705709692,0.7531419705709692,,none_multiclass_argmax,0.7531419705709692,0.23854531635241155,0.00831271307661917
b16_lr1e-4,participant_outer_oof,participant,None,ERO01_02,participant::ERO01_02,0,4,42,42,1,0,False,"[0, 1, 2]","[0.7421869421226911, 0.248397054951899, 0.009416002925409943]",0.7421869421226911,0.248397054951899,,none_multiclass_argmax,0.7421869421226911,0.248397054951899,0.009416002925409943
b16_lr1e-4,participant_outer_oof,participant,None,HEA19_04,participant::HEA19_04,0,4,42,42,1,2,False,"[0, 1, 2]","[0.14448076313384572, 0.14970076250279946, 0.7058184743633549]",0.7058184743633549,0.14970076250279946,,none_multiclass_argmax,0.14448076313384572,0.14970076250279946,0.7058184743633549
b16_lr1e-4,participant_outer_oof,participant,None,MIE14_02,participant::MIE14_02,0,4,42,42,1,0,False,"[0, 1, 2]","[0.86505845824553, 0.013055378860421312, 0.12188616289404879]",0.86505845824553,0.013055378860421312,,none_multiclass_argmax,0.86505845824553,0.013055378860421312,0.12188616289404879
b16_lr1e-4,participant_outer_oof,participant,None,SDI19_04,participant::SDI19_04,0,4,42,42,2,1,False,"[0, 1, 2]","[0.004851135236770016, 0.6950877447246195, 0.3000611200386105]",0.6950877447246195,0.3000611200386105,,none_multiclass_argmax,0.004851135236770016,0.6950877447246195,0.3000611200386105
b16_lr1e-4,participant_outer_oof,participant,None,AKE28_03,participant::AKE28_03,1,0,10042,10042,1,0,False,"[0, 1, 2]","[0.4696983609296961, 0.4389833226999015, 0.09131831637040247]",0.4696983609296961,0.4389833226999015,,none_multiclass_argmax,0.4696983609296961,0.4389833226999015,0.09131831637040247
b16_lr1e-4,participant_outer_oof,participant,None,AMI33_01,participant::AMI33_01,1,0,10042,10042,0,1,False,"[0, 1, 2]","[0.3171897790968757, 0.6241303608309551, 0.05867986007216925]",0.6241303608309551,0.3171897790968757,,none_multiclass_argmax,0.3171897790968757,0.6241303608309551,0.05867986007216925
b16_lr1e-4,participant_outer_oof,participant,None,EE_02,participant::EE_02,1,0,10042,10042,2,0,False,"[0, 1, 2]","[0.6510868050719507, 0.34236675795506505, 0.006546436972984347]",0.6510868050719507,0.006546436972984347,,none_multiclass_argmax,0.6510868050719507,0.34236675795506505,0.006546436972984347
b16_lr1e-4,participant_outer_oof,participant,None,GDO22_03,participant::GDO22_03,1,0,10042,10042,0,0,True,"[0, 1, 2]","[0.747140813118834, 0.24424293760075463, 0.008616249280411502]",0.747140813118834,0.747140813118834,,none_multiclass_argmax,0.747140813118834,0.24424293760075463,0.008616249280411502
b16_lr1e-4,participant_outer_oof,participant,None,MHT21_03,participant::MHT21_03,1,0,10042,10042,1,1,True,"[0, 1, 2]","[0.12546686620916608, 0.8434073687909819, 0.031125764999851882]",0.8434073687909819,0.8434073687909819,,none_multiclass_argmax,0.12546686620916608,0.8434073687909819,0.031125764999851882
b16_lr1e-4,participant_outer_oof,participant,None,MKU07_04,participant::MKU07_04,1,0,10042,10042,1,1,True,"[0, 1, 2]","[0.18779502887808214, 0.8075091580343852, 0.0046958130875325845]",0.8075091580343852,0.8075091580343852,,none_multiclass_argmax,0.18779502887808214,0.8075091580343852,0.0046958130875325845
b16_lr1e-4,participant_outer_oof,participant,None,MOA19_03,participant::MOA19_03,1,0,10042,10042,2,0,False,"[0, 1, 2]","[0.8079860639409069, 0.008966529535523031, 0.18304740652357013]",0.8079860639409069,0.18304740652357013,,none_multiclass_argmax,0.8079860639409069,0.008966529535523031,0.18304740652357013
b16_lr1e-4,participant_outer_oof,participant,None,AKO19_01,participant::AKO19_01,1,1,10042,10042,2,2,True,"[0, 1, 2]","[9.682545389053358e-05, 0.008399396624484683, 0.9915037779216248]",0.9915037779216248,0.9915037779216248,,none_multiclass_argmax,9.682545389053358e-05,0.008399396624484683,0.9915037779216248
b16_lr1e-4,participant_outer_oof,participant,None,HZA20_02,participant::HZA20_02,1,1,10042,10042,0,1,False,"[0, 1, 2]","[0.4554720488410451, 0.4966991592875014, 0.04782879187145357]",0.4966991592875014,0.4554720488410451,,none_multiclass_argmax,0.4554720488410451,0.4966991592875014,0.04782879187145357
b16_lr1e-4,participant_outer_oof,participant,None,KMO19_01,participant::KMO19_01,1,1,10042,10042,1,0,False,"[0, 1, 2]","[0.7400594489101664, 0.10977358616194838, 0.15016696492788517]",0.7400594489101664,0.10977358616194838,,none_multiclass_argmax,0.7400594489101664,0.10977358616194838,0.15016696492788517
b16_lr1e-4,participant_outer_oof,participant,None,MSE28_01,participant::MSE28_01,1,1,10042,10042,1,1,True,"[0, 1, 2]","[0.015393894648085783, 0.9747464269326281, 0.009859678419286116]",0.9747464269326281,0.9747464269326281,,none_multiclass_argmax,0.015393894648085783,0.9747464269326281,0.009859678419286116
b16_lr1e-4,participant_outer_oof,participant,None,SDI19_04,participant::SDI19_04,1,1,10042,10042,2,2,True,"[0, 1, 2]","[0.0006154324972614338, 0.44289903855455615, 0.5564855289481825]",0.5564855289481825,0.5564855289481825,,none_multiclass_argmax,0.0006154324972614338,0.44289903855455615,0.5564855289481825
b16_lr1e-4,participant_outer_oof,participant,None,STE072_01,participant::STE072_01,1,1,10042,10042,1,1,True,"[0, 1, 2]","[0.07474272455866214, 0.5228415591213319, 0.40241571632000595]",0.5228415591213319,0.5228415591213319,,none_multiclass_argmax,0.07474272455866214,0.5228415591213319,0.40241571632000595
b16_lr1e-4,participant_outer_oof,participant,None,ERL70_04,participant::ERL70_04,1,2,10042,10042,2,2,True,"[0, 1, 2]","[0.0846622848265918, 0.06493471364564235, 0.8504030015277659]",0.8504030015277659,0.8504030015277659,,none_multiclass_argmax,0.0846622848265918,0.06493471364564235,0.8504030015277659
b16_lr1e-4,participant_outer_oof,participant,None,GRU27_01,participant::GRU27_01,1,2,10042,10042,1,2,False,"[0, 1, 2]","[0.02219173519236639, 0.26724626952812375, 0.7105619952795099]",0.7105619952795099,0.26724626952812375,,none_multiclass_argmax,0.02219173519236639,0.26724626952812375,0.7105619952795099
b16_lr1e-4,participant_outer_oof,participant,None,IGB00_03,participant::IGB00_03,1,2,10042,10042,2,1,False,"[0, 1, 2]","[0.07750034916970569, 0.8993084219449092, 0.02319122888538505]",0.8993084219449092,0.02319122888538505,,none_multiclass_argmax,0.07750034916970569,0.8993084219449092,0.02319122888538505
b16_lr1e-4,participant_outer_oof,participant,None,INE13_04,participant::INE13_04,1,2,10042,10042,0,0,True,"[0, 1, 2]","[0.5633813694095501, 0.4349926705433846, 0.0016259600470653634]",0.5633813694095501,0.5633813694095501,,none_multiclass_argmax,0.5633813694095501,0.4349926705433846,0.0016259600470653634
b16_lr1e-4,participant_outer_oof,participant,None,MIA82_04,participant::MIA82_04,1,2,10042,10042,0,0,True,"[0, 1, 2]","[0.8585573386621559, 0.1379129026349819, 0.003529758702862229]",0.8585573386621559,0.8585573386621559,,none_multiclass_argmax,0.8585573386621559,0.1379129026349819,0.003529758702862229
b16_lr1e-4,participant_outer_oof,participant,None,MIE14_02,participant::MIE14_02,1,2,10042,10042,1,0,False,"[0, 1, 2]","[0.5178088235413824, 0.4122830422613373, 0.06990813419728044]",0.5178088235413824,0.4122830422613373,,none_multiclass_argmax,0.5178088235413824,0.4122830422613373,0.06990813419728044
b16_lr1e-4,participant_outer_oof,participant,None,GME22_02,participant::GME22_02,1,3,10042,10042,0,1,False,"[0, 1, 2]","[0.41871656370818355, 0.4972097616401609, 0.08407367465165556]",0.4972097616401609,0.41871656370818355,,none_multiclass_argmax,0.41871656370818355,0.4972097616401609,0.08407367465165556
b16_lr1e-4,participant_outer_oof,participant,None,HEA19_04,participant::HEA19_04,1,3,10042,10042,1,1,True,"[0, 1, 2]","[0.0726081394978158, 0.8192974736237134, 0.10809438687847076]",0.8192974736237134,0.8192974736237134,,none_multiclass_argmax,0.0726081394978158,0.8192974736237134,0.10809438687847076
b16_lr1e-4,participant_outer_oof,participant,None,SJI29_02,participant::SJI29_02,1,3,10042,10042,2,1,False,"[0, 1, 2]","[0.00036406826353011244, 0.7486385275927141, 0.25099740414375576]",0.7486385275927141,0.25099740414375576,,none_multiclass_argmax,0.00036406826353011244,0.7486385275927141,0.25099740414375576
b16_lr1e-4,participant_outer_oof,participant,None,TSR08_01,participant::TSR08_01,1,3,10042,10042,0,0,True,"[0, 1, 2]","[0.7000598577928091, 0.2953097159013214, 0.004630426305869481]",0.7000598577928091,0.7000598577928091,,none_multiclass_argmax,0.7000598577928091,0.2953097159013214,0.004630426305869481
b16_lr1e-4,participant_outer_oof,participant,None,UTI13_04,participant::UTI13_04,1,3,10042,10042,1,1,True,"[0, 1, 2]","[0.2647303616483725, 0.7299721401795467, 0.005297498172080789]",0.7299721401795467,0.7299721401795467,,none_multiclass_argmax,0.2647303616483725,0.7299721401795467,0.005297498172080789
b16_lr1e-4,participant_outer_oof,participant,None,AB_01,participant::AB_01,1,4,10042,10042,2,2,True,"[0, 1, 2]","[0.02279763229940407, 0.48497156045005635, 0.49223080725053964]",0.49223080725053964,0.49223080725053964,,none_multiclass_argmax,0.02279763229940407,0.48497156045005635,0.49223080725053964
b16_lr1e-4,participant_outer_oof,participant,None,ATA20_01,participant::ATA20_01,1,4,10042,10042,0,0,True,"[0, 1, 2]","[0.6264612568712994, 0.3672199096139507, 0.006318833514749943]",0.6264612568712994,0.6264612568712994,,none_multiclass_argmax,0.6264612568712994,0.3672199096139507,0.006318833514749943
b16_lr1e-4,participant_outer_oof,participant,None,BRA36_02,participant::BRA36_02,1,4,10042,10042,0,0,True,"[0, 1, 2]","[0.9827629885659612, 0.013535790021320236, 0.003701221412718638]",0.9827629885659612,0.9827629885659612,,none_multiclass_argmax,0.9827629885659612,0.013535790021320236,0.003701221412718638
b16_lr1e-4,participant_outer_oof,participant,None,ERO01_02,participant::ERO01_02,1,4,10042,10042,1,0,False,"[0, 1, 2]","[0.7892072212453385, 0.04178293653832654, 0.16900984221633492]",0.7892072212453385,0.04178293653832654,,none_multiclass_argmax,0.7892072212453385,0.04178293653832654,0.16900984221633492
b16_lr1e-4,participant_outer_oof,participant,None,FNA75_03,participant::FNA75_03,1,4,10042,10042,1,0,False,"[0, 1, 2]","[0.42616526332727067, 0.2945704443215834, 0.2792642923511458]",0.42616526332727067,0.2945704443215834,,none_multiclass_argmax,0.42616526332727067,0.2945704443215834,0.2792642923511458
b16_lr1e-4,participant_outer_oof,participant,None,AKO19_01,participant::AKO19_01,2,0,20042,20042,2,2,True,"[0, 1, 2]","[0.00027937558942698606, 0.055142147192714416, 0.9445784772178587]",0.9445784772178587,0.9445784772178587,,none_multiclass_argmax,0.00027937558942698606,0.055142147192714416,0.9445784772178587
b16_lr1e-4,participant_outer_oof,participant,None,AMI33_01,participant::AMI33_01,2,0,20042,20042,0,2,False,"[0, 1, 2]","[0.16530221359534156, 0.39952857743150916, 0.4351692089731493]",0.4351692089731493,0.16530221359534156,,none_multiclass_argmax,0.16530221359534156,0.39952857743150916,0.4351692089731493
b16_lr1e-4,participant_outer_oof,participant,None,GRU27_01,participant::GRU27_01,2,0,20042,20042,1,2,False,"[0, 1, 2]","[0.005798497678311874, 0.057836652224954654, 0.9363648500967334]",0.9363648500967334,0.057836652224954654,,none_multiclass_argmax,0.005798497678311874,0.057836652224954654,0.9363648500967334
b16_lr1e-4,participant_outer_oof,participant,None,HEA19_04,participant::HEA19_04,2,0,20042,20042,1,2,False,"[0, 1, 2]","[0.04520621020614083, 0.21659901059140663, 0.7381947792024526]",0.7381947792024526,0.21659901059140663,,none_multiclass_argmax,0.04520621020614083,0.21659901059140663,0.7381947792024526
b16_lr1e-4,participant_outer_oof,participant,None,HZA20_02,participant::HZA20_02,2,0,20042,20042,0,0,True,"[0, 1, 2]","[0.5492651567803336, 0.40982267920091464, 0.04091216401875167]",0.5492651567803336,0.5492651567803336,,none_multiclass_argmax,0.5492651567803336,0.40982267920091464,0.04091216401875167
b16_lr1e-4,participant_outer_oof,participant,None,MSE28_01,participant::MSE28_01,2,0,20042,20042,1,1,True,"[0, 1, 2]","[0.06510203673622625, 0.8832101634593095, 0.051687799804464245]",0.8832101634593095,0.8832101634593095,,none_multiclass_argmax,0.06510203673622625,0.8832101634593095,0.051687799804464245
b16_lr1e-4,participant_outer_oof,participant,None,AB_01,participant::AB_01,2,1,20042,20042,2,2,True,"[0, 1, 2]","[0.06670241492877756, 0.43452241589188073, 0.4987751691793418]",0.4987751691793418,0.4987751691793418,,none_multiclass_argmax,0.06670241492877756,0.43452241589188073,0.4987751691793418
b16_lr1e-4,participant_outer_oof,participant,None,AKE28_03,participant::AKE28_03,2,1,20042,20042,1,0,False,"[0, 1, 2]","[0.6315294888073155, 0.23999471726204868, 0.12847579393063585]",0.6315294888073155,0.23999471726204868,,none_multiclass_argmax,0.6315294888073155,0.23999471726204868,0.12847579393063585
b16_lr1e-4,participant_outer_oof,participant,None,ERL70_04,participant::ERL70_04,2,1,20042,20042,2,2,True,"[0, 1, 2]","[0.04909435926084854, 0.031151007580085148, 0.9197546331590662]",0.9197546331590662,0.9197546331590662,,none_multiclass_argmax,0.04909435926084854,0.031151007580085148,0.9197546331590662
b16_lr1e-4,participant_outer_oof,participant,None,FNA75_03,participant::FNA75_03,2,1,20042,20042,1,2,False,"[0, 1, 2]","[0.29566861890234286, 0.12528358134184145, 0.5790477997558157]",0.5790477997558157,0.12528358134184145,,none_multiclass_argmax,0.29566861890234286,0.12528358134184145,0.5790477997558157
b16_lr1e-4,participant_outer_oof,participant,None,GME22_02,participant::GME22_02,2,1,20042,20042,0,2,False,"[0, 1, 2]","[0.39875210832173474, 0.023967080955901072, 0.5772808107223643]",0.5772808107223643,0.39875210832173474,,none_multiclass_argmax,0.39875210832173474,0.023967080955901072,0.5772808107223643
b16_lr1e-4,participant_outer_oof,participant,None,MIA82_04,participant::MIA82_04,2,1,20042,20042,0,0,True,"[0, 1, 2]","[0.9764829540225115, 0.015586605223521444, 0.007930440753967134]",0.9764829540225115,0.9764829540225115,,none_multiclass_argmax,0.9764829540225115,0.015586605223521444,0.007930440753967134
b16_lr1e-4,participant_outer_oof,participant,None,ATA20_01,participant::ATA20_01,2,2,20042,20042,0,0,True,"[0, 1, 2]","[0.8238969830815457, 0.16362927668102953, 0.012473740237424818]",0.8238969830815457,0.8238969830815457,,none_multiclass_argmax,0.8238969830815457,0.16362927668102953,0.012473740237424818
b16_lr1e-4,participant_outer_oof,participant,None,IGB00_03,participant::IGB00_03,2,2,20042,20042,2,1,False,"[0, 1, 2]","[0.2644844469671363, 0.688061634454335, 0.0474539185785288]",0.688061634454335,0.0474539185785288,,none_multiclass_argmax,0.2644844469671363,0.688061634454335,0.0474539185785288
b16_lr1e-4,participant_outer_oof,participant,None,KMO19_01,participant::KMO19_01,2,2,20042,20042,1,0,False,"[0, 1, 2]","[0.8170435130664689, 0.11748577727351231, 0.06547070966001878]",0.8170435130664689,0.11748577727351231,,none_multiclass_argmax,0.8170435130664689,0.11748577727351231,0.06547070966001878
b16_lr1e-4,participant_outer_oof,participant,None,MIE14_02,participant::MIE14_02,2,2,20042,20042,1,0,False,"[0, 1, 2]","[0.84021903737897, 0.026545657552533505, 0.1332353050684966]",0.84021903737897,0.026545657552533505,,none_multiclass_argmax,0.84021903737897,0.026545657552533505,0.1332353050684966
b16_lr1e-4,participant_outer_oof,participant,None,SJI29_02,participant::SJI29_02,2,2,20042,20042,2,2,True,"[0, 1, 2]","[0.0016424907562177132, 0.3798774346755021, 0.6184800745682802]",0.6184800745682802,0.6184800745682802,,none_multiclass_argmax,0.0016424907562177132,0.3798774346755021,0.6184800745682802
b16_lr1e-4,participant_outer_oof,participant,None,STE072_01,participant::STE072_01,2,2,20042,20042,1,2,False,"[0, 1, 2]","[0.16779998874060842, 0.1638814594015407, 0.6683185518578509]",0.6683185518578509,0.1638814594015407,,none_multiclass_argmax,0.16779998874060842,0.1638814594015407,0.6683185518578509
b16_lr1e-4,participant_outer_oof,participant,None,BRA36_02,participant::BRA36_02,2,3,20042,20042,0,0,True,"[0, 1, 2]","[0.9781234106577661, 0.021029593166974385, 0.0008469961752596255]",0.9781234106577661,0.9781234106577661,,none_multiclass_argmax,0.9781234106577661,0.021029593166974385,0.0008469961752596255
b16_lr1e-4,participant_outer_oof,participant,None,EE_02,participant::EE_02,2,3,20042,20042,2,0,False,"[0, 1, 2]","[0.6767164358691664, 0.3156336754373651, 0.007649888693468501]",0.6767164358691664,0.007649888693468501,,none_multiclass_argmax,0.6767164358691664,0.3156336754373651,0.007649888693468501
b16_lr1e-4,participant_outer_oof,participant,None,INE13_04,participant::INE13_04,2,3,20042,20042,0,0,True,"[0, 1, 2]","[0.7412250249511403, 0.25790881248089503, 0.0008661625679647835]",0.7412250249511403,0.7412250249511403,,none_multiclass_argmax,0.7412250249511403,0.25790881248089503,0.0008661625679647835
b16_lr1e-4,participant_outer_oof,participant,None,MHT21_03,participant::MHT21_03,2,3,20042,20042,1,1,True,"[0, 1, 2]","[0.17801438038589418, 0.7694431784001533, 0.05254244121395262]",0.7694431784001533,0.7694431784001533,,none_multiclass_argmax,0.17801438038589418,0.7694431784001533,0.05254244121395262
b16_lr1e-4,participant_outer_oof,participant,None,MKU07_04,participant::MKU07_04,2,3,20042,20042,1,1,True,"[0, 1, 2]","[0.06567998769667589, 0.9271613844826074, 0.007158627820716592]",0.9271613844826074,0.9271613844826074,,none_multiclass_argmax,0.06567998769667589,0.9271613844826074,0.007158627820716592
b16_lr1e-4,participant_outer_oof,participant,None,MOA19_03,participant::MOA19_03,2,3,20042,20042,2,0,False,"[0, 1, 2]","[0.6867135091167546, 0.0005372611512430772, 0.3127492297320023]",0.6867135091167546,0.3127492297320023,,none_multiclass_argmax,0.6867135091167546,0.0005372611512430772,0.3127492297320023
b16_lr1e-4,participant_outer_oof,participant,None,ERO01_02,participant::ERO01_02,2,4,20042,20042,1,0,False,"[0, 1, 2]","[0.6443698372338081, 0.3459129597491767, 0.009717203017015277]",0.6443698372338081,0.3459129597491767,,none_multiclass_argmax,0.6443698372338081,0.3459129597491767,0.009717203017015277
b16_lr1e-4,participant_outer_oof,participant,None,GDO22_03,participant::GDO22_03,2,4,20042,20042,0,0,True,"[0, 1, 2]","[0.5825962362496582, 0.27956551233520677, 0.13783825141513498]",0.5825962362496582,0.5825962362496582,,none_multiclass_argmax,0.5825962362496582,0.27956551233520677,0.13783825141513498
b16_lr1e-4,participant_outer_oof,participant,None,SDI19_04,participant::SDI19_04,2,4,20042,20042,2,1,False,"[0, 1, 2]","[0.0024935075932642483, 0.7262399612625401, 0.27126653114419574]",0.7262399612625401,0.27126653114419574,,none_multiclass_argmax,0.0024935075932642483,0.7262399612625401,0.27126653114419574
b16_lr1e-4,participant_outer_oof,participant,None,TSR08_01,participant::TSR08_01,2,4,20042,20042,0,0,True,"[0, 1, 2]","[0.6179184499701562, 0.36945024598698467, 0.012631304042859273]",0.6179184499701562,0.6179184499701562,,none_multiclass_argmax,0.6179184499701562,0.36945024598698467,0.012631304042859273
b16_lr1e-4,participant_outer_oof,participant,None,UTI13_04,participant::UTI13_04,2,4,20042,20042,1,1,True,"[0, 1, 2]","[0.3709131580805609, 0.5974208302740758, 0.031666011645363375]",0.5974208302740758,0.5974208302740758,,none_multiclass_argmax,0.3709131580805609,0.5974208302740758,0.031666011645363375
b16_lr1e-4,participant_outer_oof,participant,None,ERL70_04,participant::ERL70_04,3,0,30042,30042,2,2,True,"[0, 1, 2]","[0.10898499323378527, 0.02982315850804863, 0.8611918482581662]",0.8611918482581662,0.8611918482581662,,none_multiclass_argmax,0.10898499323378527,0.02982315850804863,0.8611918482581662
b16_lr1e-4,participant_outer_oof,participant,None,HEA19_04,participant::HEA19_04,3,0,30042,30042,1,1,True,"[0, 1, 2]","[0.022589743673179105, 0.8535249562544709, 0.12388530007235007]",0.8535249562544709,0.8535249562544709,,none_multiclass_argmax,0.022589743673179105,0.8535249562544709,0.12388530007235007
b16_lr1e-4,participant_outer_oof,participant,None,HZA20_02,participant::HZA20_02,3,0,30042,30042,0,1,False,"[0, 1, 2]","[0.46048210477373297, 0.510545178989029, 0.028972716237238114]",0.510545178989029,0.46048210477373297,,none_multiclass_argmax,0.46048210477373297,0.510545178989029,0.028972716237238114
b16_lr1e-4,participant_outer_oof,participant,None,INE13_04,participant::INE13_04,3,0,30042,30042,0,1,False,"[0, 1, 2]","[0.442164550087213, 0.5573022109002344, 0.0005332390125526795]",0.5573022109002344,0.442164550087213,,none_multiclass_argmax,0.442164550087213,0.5573022109002344,0.0005332390125526795
b16_lr1e-4,participant_outer_oof,participant,None,MIE14_02,participant::MIE14_02,3,0,30042,30042,1,0,False,"[0, 1, 2]","[0.8381278277255323, 0.09782019053956889, 0.06405198173489884]",0.8381278277255323,0.09782019053956889,,none_multiclass_argmax,0.8381278277255323,0.09782019053956889,0.06405198173489884
b16_lr1e-4,participant_outer_oof,participant,None,UTI13_04,participant::UTI13_04,3,0,30042,30042,1,1,True,"[0, 1, 2]","[0.2938674236132405, 0.696277306773178, 0.00985526961358154]",0.696277306773178,0.696277306773178,,none_multiclass_argmax,0.2938674236132405,0.696277306773178,0.00985526961358154
b16_lr1e-4,participant_outer_oof,participant,None,AKE28_03,participant::AKE28_03,3,1,30042,30042,1,1,True,"[0, 1, 2]","[0.19412623076761046, 0.677351555227889, 0.1285222140045006]",0.677351555227889,0.677351555227889,,none_multiclass_argmax,0.19412623076761046,0.677351555227889,0.1285222140045006
b16_lr1e-4,participant_outer_oof,participant,None,AKO19_01,participant::AKO19_01,3,1,30042,30042,2,2,True,"[0, 1, 2]","[2.5640899794365205e-05, 0.018407743100081173, 0.9815666160001245]",0.9815666160001245,0.9815666160001245,,none_multiclass_argmax,2.5640899794365205e-05,0.018407743100081173,0.9815666160001245
b16_lr1e-4,participant_outer_oof,participant,None,AMI33_01,participant::AMI33_01,3,1,30042,30042,0,1,False,"[0, 1, 2]","[0.03300517258673055, 0.825211201896081, 0.14178362551718848]",0.825211201896081,0.03300517258673055,,none_multiclass_argmax,0.03300517258673055,0.825211201896081,0.14178362551718848
b16_lr1e-4,participant_outer_oof,participant,None,EE_02,participant::EE_02,3,1,30042,30042,2,0,False,"[0, 1, 2]","[0.6520176982439227, 0.33709694305643256, 0.010885358699644805]",0.6520176982439227,0.010885358699644805,,none_multiclass_argmax,0.6520176982439227,0.33709694305643256,0.010885358699644805
b16_lr1e-4,participant_outer_oof,participant,None,MHT21_03,participant::MHT21_03,3,1,30042,30042,1,1,True,"[0, 1, 2]","[0.056950422147362956, 0.8052718593731765, 0.1377777184794607]",0.8052718593731765,0.8052718593731765,,none_multiclass_argmax,0.056950422147362956,0.8052718593731765,0.1377777184794607
b16_lr1e-4,participant_outer_oof,participant,None,MIA82_04,participant::MIA82_04,3,1,30042,30042,0,1,False,"[0, 1, 2]","[0.30990178484603836, 0.6795860030489538, 0.010512212105007898]",0.6795860030489538,0.30990178484603836,,none_multiclass_argmax,0.30990178484603836,0.6795860030489538,0.010512212105007898
b16_lr1e-4,participant_outer_oof,participant,None,ATA20_01,participant::ATA20_01,3,2,30042,30042,0,0,True,"[0, 1, 2]","[0.873126832073881, 0.1211740301376083, 0.005699137788510816]",0.873126832073881,0.873126832073881,,none_multiclass_argmax,0.873126832073881,0.1211740301376083,0.005699137788510816
b16_lr1e-4,participant_outer_oof,participant,None,ERO01_02,participant::ERO01_02,3,2,30042,30042,1,0,False,"[0, 1, 2]","[0.6570642071067923, 0.2681369015933749, 0.07479889129983289]",0.6570642071067923,0.2681369015933749,,none_multiclass_argmax,0.6570642071067923,0.2681369015933749,0.07479889129983289
b16_lr1e-4,participant_outer_oof,participant,None,GME22_02,participant::GME22_02,3,2,30042,30042,0,1,False,"[0, 1, 2]","[0.2412297539683399, 0.6004649360252136, 0.1583053100064466]",0.6004649360252136,0.2412297539683399,,none_multiclass_argmax,0.2412297539683399,0.6004649360252136,0.1583053100064466
b16_lr1e-4,participant_outer_oof,participant,None,MKU07_04,participant::MKU07_04,3,2,30042,30042,1,1,True,"[0, 1, 2]","[0.023776814365225406, 0.9244821953483963, 0.051740990286378324]",0.9244821953483963,0.9244821953483963,,none_multiclass_argmax,0.023776814365225406,0.9244821953483963,0.051740990286378324
b16_lr1e-4,participant_outer_oof,participant,None,MOA19_03,participant::MOA19_03,3,2,30042,30042,2,2,True,"[0, 1, 2]","[0.22262732157556744, 0.0001695560871422136, 0.7772031223372904]",0.7772031223372904,0.7772031223372904,,none_multiclass_argmax,0.22262732157556744,0.0001695560871422136,0.7772031223372904
b16_lr1e-4,participant_outer_oof,participant,None,SJI29_02,participant::SJI29_02,3,2,30042,30042,2,2,True,"[0, 1, 2]","[0.0014812547228469414, 0.2533097146266769, 0.7452090306504762]",0.7452090306504762,0.7452090306504762,,none_multiclass_argmax,0.0014812547228469414,0.2533097146266769,0.7452090306504762
b16_lr1e-4,participant_outer_oof,participant,None,AB_01,participant::AB_01,3,3,30042,30042,2,1,False,"[0, 1, 2]","[0.047037283103661266, 0.5521725360110232, 0.4007901808853155]",0.5521725360110232,0.4007901808853155,,none_multiclass_argmax,0.047037283103661266,0.5521725360110232,0.4007901808853155
b16_lr1e-4,participant_outer_oof,participant,None,BRA36_02,participant::BRA36_02,3,3,30042,30042,0,0,True,"[0, 1, 2]","[0.9995887769047906, 7.34650993543089e-05, 0.0003377579958550598]",0.9995887769047906,0.9995887769047906,,none_multiclass_argmax,0.9995887769047906,7.34650993543089e-05,0.0003377579958550598
b16_lr1e-4,participant_outer_oof,participant,None,FNA75_03,participant::FNA75_03,3,3,30042,30042,1,0,False,"[0, 1, 2]","[0.6081006619979484, 0.22049144019161213, 0.17140789781043952]",0.6081006619979484,0.22049144019161213,,none_multiclass_argmax,0.6081006619979484,0.22049144019161213,0.17140789781043952
b16_lr1e-4,participant_outer_oof,participant,None,GDO22_03,participant::GDO22_03,3,3,30042,30042,0,1,False,"[0, 1, 2]","[0.41048981347720004, 0.5840176719847763, 0.005492514538023647]",0.5840176719847763,0.41048981347720004,,none_multiclass_argmax,0.41048981347720004,0.5840176719847763,0.005492514538023647
b16_lr1e-4,participant_outer_oof,participant,None,IGB00_03,participant::IGB00_03,3,3,30042,30042,2,1,False,"[0, 1, 2]","[0.47507965479558556, 0.502152148140773, 0.022768197063641436]",0.502152148140773,0.022768197063641436,,none_multiclass_argmax,0.47507965479558556,0.502152148140773,0.022768197063641436
b16_lr1e-4,participant_outer_oof,participant,None,KMO19_01,participant::KMO19_01,3,3,30042,30042,1,0,False,"[0, 1, 2]","[0.8664391128767118, 0.11597503692439327, 0.017585850198894963]",0.8664391128767118,0.11597503692439327,,none_multiclass_argmax,0.8664391128767118,0.11597503692439327,0.017585850198894963
b16_lr1e-4,participant_outer_oof,participant,None,GRU27_01,participant::GRU27_01,3,4,30042,30042,1,2,False,"[0, 1, 2]","[0.00499401501068045, 0.4942866903542851, 0.5007192946350345]",0.5007192946350345,0.4942866903542851,,none_multiclass_argmax,0.00499401501068045,0.4942866903542851,0.5007192946350345
b16_lr1e-4,participant_outer_oof,participant,None,MSE28_01,participant::MSE28_01,3,4,30042,30042,1,1,True,"[0, 1, 2]","[0.11121882736669936, 0.8767311697459812, 0.012050002887319427]",0.8767311697459812,0.8767311697459812,,none_multiclass_argmax,0.11121882736669936,0.8767311697459812,0.012050002887319427
b16_lr1e-4,participant_outer_oof,participant,None,SDI19_04,participant::SDI19_04,3,4,30042,30042,2,2,True,"[0, 1, 2]","[6.189517984267191e-05, 0.21645794495559958, 0.7834801598645578]",0.7834801598645578,0.7834801598645578,,none_multiclass_argmax,6.189517984267191e-05,0.21645794495559958,0.7834801598645578
b16_lr1e-4,participant_outer_oof,participant,None,STE072_01,participant::STE072_01,3,4,30042,30042,1,2,False,"[0, 1, 2]","[0.181845444743713, 0.230806229527321, 0.587348325728966]",0.587348325728966,0.230806229527321,,none_multiclass_argmax,0.181845444743713,0.230806229527321,0.587348325728966
b16_lr1e-4,participant_outer_oof,participant,None,TSR08_01,participant::TSR08_01,3,4,30042,30042,0,0,True,"[0, 1, 2]","[0.687079986278287, 0.27264527642290376, 0.04027473729880929]",0.687079986278287,0.687079986278287,,none_multiclass_argmax,0.687079986278287,0.27264527642290376,0.04027473729880929
b16_lr1e-4,participant_outer_oof,participant,None,AB_01,participant::AB_01,4,0,40042,40042,2,2,True,"[0, 1, 2]","[0.12002721410392284, 0.42094839688000507, 0.4590243890160721]",0.4590243890160721,0.4590243890160721,,none_multiclass_argmax,0.12002721410392284,0.42094839688000507,0.4590243890160721
b16_lr1e-4,participant_outer_oof,participant,None,AKO19_01,participant::AKO19_01,4,0,40042,40042,2,2,True,"[0, 1, 2]","[0.0024272919251434565, 0.060107637827585235, 0.9374650702472713]",0.9374650702472713,0.9374650702472713,,none_multiclass_argmax,0.0024272919251434565,0.060107637827585235,0.9374650702472713
b16_lr1e-4,participant_outer_oof,participant,None,BRA36_02,participant::BRA36_02,4,0,40042,40042,0,0,True,"[0, 1, 2]","[0.9998796710494287, 5.3444924492203276e-05, 6.688402607917196e-05]",0.9998796710494287,0.9998796710494287,,none_multiclass_argmax,0.9998796710494287,5.3444924492203276e-05,6.688402607917196e-05
b16_lr1e-4,participant_outer_oof,participant,None,INE13_04,participant::INE13_04,4,0,40042,40042,0,0,True,"[0, 1, 2]","[0.7738571812301884, 0.22353065230475047, 0.0026121664650610916]",0.7738571812301884,0.7738571812301884,,none_multiclass_argmax,0.7738571812301884,0.22353065230475047,0.0026121664650610916
b16_lr1e-4,participant_outer_oof,participant,None,KMO19_01,participant::KMO19_01,4,0,40042,40042,1,0,False,"[0, 1, 2]","[0.8440163491127599, 0.0365064672213732, 0.11947718366586697]",0.8440163491127599,0.0365064672213732,,none_multiclass_argmax,0.8440163491127599,0.0365064672213732,0.11947718366586697
b16_lr1e-4,participant_outer_oof,participant,None,UTI13_04,participant::UTI13_04,4,0,40042,40042,1,0,False,"[0, 1, 2]","[0.5059972511330946, 0.4839728495961285, 0.010029899270776998]",0.5059972511330946,0.4839728495961285,,none_multiclass_argmax,0.5059972511330946,0.4839728495961285,0.010029899270776998
b16_lr1e-4,participant_outer_oof,participant,None,EE_02,participant::EE_02,4,1,40042,40042,2,1,False,"[0, 1, 2]","[0.2107751560788889, 0.7619070038885265, 0.027317840032584684]",0.7619070038885265,0.027317840032584684,,none_multiclass_argmax,0.2107751560788889,0.7619070038885265,0.027317840032584684
b16_lr1e-4,participant_outer_oof,participant,None,ERO01_02,participant::ERO01_02,4,1,40042,40042,1,0,False,"[0, 1, 2]","[0.6886376101170306, 0.2697525041289064, 0.041609885754062936]",0.6886376101170306,0.2697525041289064,,none_multiclass_argmax,0.6886376101170306,0.2697525041289064,0.041609885754062936
b16_lr1e-4,participant_outer_oof,participant,None,FNA75_03,participant::FNA75_03,4,1,40042,40042,1,0,False,"[0, 1, 2]","[0.5407049963423809, 0.4367147906572107, 0.022580213000408467]",0.5407049963423809,0.4367147906572107,,none_multiclass_argmax,0.5407049963423809,0.4367147906572107,0.022580213000408467
b16_lr1e-4,participant_outer_oof,participant,None,GDO22_03,participant::GDO22_03,4,1,40042,40042,0,0,True,"[0, 1, 2]","[0.5500854552527712, 0.4307092055086311, 0.01920533923859772]",0.5500854552527712,0.5500854552527712,,none_multiclass_argmax,0.5500854552527712,0.4307092055086311,0.01920533923859772
b16_lr1e-4,participant_outer_oof,participant,None,GRU27_01,participant::GRU27_01,4,1,40042,40042,1,1,True,"[0, 1, 2]","[0.003511355664052659, 0.7461747232431678, 0.2503139210927795]",0.7461747232431678,0.7461747232431678,,none_multiclass_argmax,0.003511355664052659,0.7461747232431678,0.2503139210927795
b16_lr1e-4,participant_outer_oof,participant,None,TSR08_01,participant::TSR08_01,4,1,40042,40042,0,0,True,"[0, 1, 2]","[0.49036807827993567, 0.48256260256080774, 0.02706931915925658]",0.49036807827993567,0.49036807827993567,,none_multiclass_argmax,0.49036807827993567,0.48256260256080774,0.02706931915925658
b16_lr1e-4,participant_outer_oof,participant,None,AKE28_03,participant::AKE28_03,4,2,40042,40042,1,1,True,"[0, 1, 2]","[0.3178252418578858, 0.5276616314241196, 0.15451312671799455]",0.5276616314241196,0.5276616314241196,,none_multiclass_argmax,0.3178252418578858,0.5276616314241196,0.15451312671799455
b16_lr1e-4,participant_outer_oof,participant,None,ATA20_01,participant::ATA20_01,4,2,40042,40042,0,0,True,"[0, 1, 2]","[0.7714699392982317, 0.22555787708527997, 0.002972183616488411]",0.7714699392982317,0.7714699392982317,,none_multiclass_argmax,0.7714699392982317,0.22555787708527997,0.002972183616488411
b16_lr1e-4,participant_outer_oof,participant,None,ERL70_04,participant::ERL70_04,4,2,40042,40042,2,2,True,"[0, 1, 2]","[0.025943291574054794, 0.02255183757022368, 0.9515048708557216]",0.9515048708557216,0.9515048708557216,,none_multiclass_argmax,0.025943291574054794,0.02255183757022368,0.9515048708557216
b16_lr1e-4,participant_outer_oof,participant,None,GME22_02,participant::GME22_02,4,2,40042,40042,0,1,False,"[0, 1, 2]","[0.32789401678199454, 0.5865501081471398, 0.08555587507086564]",0.5865501081471398,0.32789401678199454,,none_multiclass_argmax,0.32789401678199454,0.5865501081471398,0.08555587507086564
b16_lr1e-4,participant_outer_oof,participant,None,MIE14_02,participant::MIE14_02,4,2,40042,40042,1,0,False,"[0, 1, 2]","[0.8871491802277849, 0.04842031189903893, 0.06443050787317628]",0.8871491802277849,0.04842031189903893,,none_multiclass_argmax,0.8871491802277849,0.04842031189903893,0.06443050787317628
b16_lr1e-4,participant_outer_oof,participant,None,MKU07_04,participant::MKU07_04,4,2,40042,40042,1,1,True,"[0, 1, 2]","[0.13126194668677876, 0.8172612894509195, 0.051476763862301794]",0.8172612894509195,0.8172612894509195,,none_multiclass_argmax,0.13126194668677876,0.8172612894509195,0.051476763862301794
b16_lr1e-4,participant_outer_oof,participant,None,HZA20_02,participant::HZA20_02,4,3,40042,40042,0,0,True,"[0, 1, 2]","[0.517076469363741, 0.41470392042661497, 0.0682196102096441]",0.517076469363741,0.517076469363741,,none_multiclass_argmax,0.517076469363741,0.41470392042661497,0.0682196102096441
b16_lr1e-4,participant_outer_oof,participant,None,IGB00_03,participant::IGB00_03,4,3,40042,40042,2,1,False,"[0, 1, 2]","[0.17333061921619336, 0.7201372268789363, 0.10653215390487035]",0.7201372268789363,0.10653215390487035,,none_multiclass_argmax,0.17333061921619336,0.7201372268789363,0.10653215390487035
b16_lr1e-4,participant_outer_oof,participant,None,MSE28_01,participant::MSE28_01,4,3,40042,40042,1,1,True,"[0, 1, 2]","[0.01838792883453249, 0.9726907794252377, 0.008921291740229794]",0.9726907794252377,0.9726907794252377,,none_multiclass_argmax,0.01838792883453249,0.9726907794252377,0.008921291740229794
b16_lr1e-4,participant_outer_oof,participant,None,SJI29_02,participant::SJI29_02,4,3,40042,40042,2,2,True,"[0, 1, 2]","[0.00014536322450010142, 0.3429586451714855, 0.6568959916040144]",0.6568959916040144,0.6568959916040144,,none_multiclass_argmax,0.00014536322450010142,0.3429586451714855,0.6568959916040144
b16_lr1e-4,participant_outer_oof,participant,None,STE072_01,participant::STE072_01,4,3,40042,40042,1,2,False,"[0, 1, 2]","[0.05604683112267218, 0.3267568212214629, 0.6171963476558651]",0.6171963476558651,0.3267568212214629,,none_multiclass_argmax,0.05604683112267218,0.3267568212214629,0.6171963476558651
b16_lr1e-4,participant_outer_oof,participant,None,AMI33_01,participant::AMI33_01,4,4,40042,40042,0,1,False,"[0, 1, 2]","[0.0394556765955365, 0.9028338099193921, 0.05771051348507142]",0.9028338099193921,0.0394556765955365,,none_multiclass_argmax,0.0394556765955365,0.9028338099193921,0.05771051348507142
b16_lr1e-4,participant_outer_oof,participant,None,HEA19_04,participant::HEA19_04,4,4,40042,40042,1,1,True,"[0, 1, 2]","[0.057492857287266594, 0.5341017844313722, 0.40840535828136126]",0.5341017844313722,0.5341017844313722,,none_multiclass_argmax,0.057492857287266594,0.5341017844313722,0.40840535828136126
b16_lr1e-4,participant_outer_oof,participant,None,MHT21_03,participant::MHT21_03,4,4,40042,40042,1,1,True,"[0, 1, 2]","[0.023618385845692137, 0.8968896188689719, 0.07949199528533607]",0.8968896188689719,0.8968896188689719,,none_multiclass_argmax,0.023618385845692137,0.8968896188689719,0.07949199528533607
b16_lr1e-4,participant_outer_oof,participant,None,MIA82_04,participant::MIA82_04,4,4,40042,40042,0,1,False,"[0, 1, 2]","[0.06598399411957172, 0.9267843929974194, 0.007231612883008929]",0.9267843929974194,0.06598399411957172,,none_multiclass_argmax,0.06598399411957172,0.9267843929974194,0.007231612883008929
b16_lr1e-4,participant_outer_oof,participant,None,MOA19_03,participant::MOA19_03,4,4,40042,40042,2,2,True,"[0, 1, 2]","[0.11097787930169128, 0.17969319624817087, 0.709328924450138]",0.709328924450138,0.709328924450138,,none_multiclass_argmax,0.11097787930169128,0.17969319624817087,0.709328924450138
b16_lr1e-4,participant_outer_oof,participant,None,SDI19_04,participant::SDI19_04,4,4,40042,40042,2,1,False,"[0, 1, 2]","[0.0015028760070260464, 0.9093067425874269, 0.089190381405547]",0.9093067425874269,0.089190381405547,,none_multiclass_argmax,0.0015028760070260464,0.9093067425874269,0.089190381405547
b32_lr1e-4,participant_outer_oof,participant,None,AMI33_01,participant::AMI33_01,0,0,42,42,0,2,False,"[0, 1, 2]","[0.13069757679624328, 0.15689780342405418, 0.7124046197797026]",0.7124046197797026,0.13069757679624328,,none_multiclass_argmax,0.13069757679624328,0.15689780342405418,0.7124046197797026
b32_lr1e-4,participant_outer_oof,participant,None,EE_02,participant::EE_02,0,0,42,42,2,0,False,"[0, 1, 2]","[0.49388854469687804, 0.40700750750396564, 0.09910394779915638]",0.49388854469687804,0.09910394779915638,,none_multiclass_argmax,0.49388854469687804,0.40700750750396564,0.09910394779915638
b32_lr1e-4,participant_outer_oof,participant,None,FNA75_03,participant::FNA75_03,0,0,42,42,1,0,False,"[0, 1, 2]","[0.6141061088671742, 0.3134606409910914, 0.07243325014173431]",0.6141061088671742,0.3134606409910914,,none_multiclass_argmax,0.6141061088671742,0.3134606409910914,0.07243325014173431
b32_lr1e-4,participant_outer_oof,participant,None,IGB00_03,participant::IGB00_03,0,0,42,42,2,2,True,"[0, 1, 2]","[0.04840370441423301, 0.4216204594447086, 0.5299758361410584]",0.5299758361410584,0.5299758361410584,,none_multiclass_argmax,0.04840370441423301,0.4216204594447086,0.5299758361410584
b32_lr1e-4,participant_outer_oof,participant,None,MHT21_03,participant::MHT21_03,0,0,42,42,1,1,True,"[0, 1, 2]","[0.033181945473466964, 0.4856247818313346, 0.4811932726951984]",0.4856247818313346,0.4856247818313346,,none_multiclass_argmax,0.033181945473466964,0.4856247818313346,0.4811932726951984
b32_lr1e-4,participant_outer_oof,participant,None,TSR08_01,participant::TSR08_01,0,0,42,42,0,0,True,"[0, 1, 2]","[0.71820704981465, 0.10754031190854599, 0.17425263827680404]",0.71820704981465,0.71820704981465,,none_multiclass_argmax,0.71820704981465,0.10754031190854599,0.17425263827680404
b32_lr1e-4,participant_outer_oof,participant,None,AKO19_01,participant::AKO19_01,0,1,42,42,2,2,True,"[0, 1, 2]","[0.00024211384408599144, 0.014212917797979957, 0.985544968357934]",0.985544968357934,0.985544968357934,,none_multiclass_argmax,0.00024211384408599144,0.014212917797979957,0.985544968357934
b32_lr1e-4,participant_outer_oof,participant,None,GDO22_03,participant::GDO22_03,0,1,42,42,0,0,True,"[0, 1, 2]","[0.5284063265744265, 0.11533346311264892, 0.35626021031292465]",0.5284063265744265,0.5284063265744265,,none_multiclass_argmax,0.5284063265744265,0.11533346311264892,0.35626021031292465
b32_lr1e-4,participant_outer_oof,participant,None,INE13_04,participant::INE13_04,0,1,42,42,0,0,True,"[0, 1, 2]","[0.7557596947306295, 0.18747184572944509, 0.056768459539925334]",0.7557596947306295,0.7557596947306295,,none_multiclass_argmax,0.7557596947306295,0.18747184572944509,0.056768459539925334
b32_lr1e-4,participant_outer_oof,participant,None,KMO19_01,participant::KMO19_01,0,1,42,42,1,0,False,"[0, 1, 2]","[0.8295800634168031, 0.010740953758072113, 0.1596789828251248]",0.8295800634168031,0.010740953758072113,,none_multiclass_argmax,0.8295800634168031,0.010740953758072113,0.1596789828251248
b32_lr1e-4,participant_outer_oof,participant,None,MKU07_04,participant::MKU07_04,0,1,42,42,1,1,True,"[0, 1, 2]","[0.012345069830905022, 0.7468783250868305, 0.24077660508226456]",0.7468783250868305,0.7468783250868305,,none_multiclass_argmax,0.012345069830905022,0.7468783250868305,0.24077660508226456
b32_lr1e-4,participant_outer_oof,participant,None,UTI13_04,participant::UTI13_04,0,1,42,42,1,0,False,"[0, 1, 2]","[0.49079946412907827, 0.34950541289174286, 0.15969512297917887]",0.49079946412907827,0.34950541289174286,,none_multiclass_argmax,0.49079946412907827,0.34950541289174286,0.15969512297917887
b32_lr1e-4,participant_outer_oof,participant,None,AB_01,participant::AB_01,0,2,42,42,2,1,False,"[0, 1, 2]","[0.01122356839606594, 0.6505534591880795, 0.33822297241585464]",0.6505534591880795,0.33822297241585464,,none_multiclass_argmax,0.01122356839606594,0.6505534591880795,0.33822297241585464
b32_lr1e-4,participant_outer_oof,participant,None,GME22_02,participant::GME22_02,0,2,42,42,0,1,False,"[0, 1, 2]","[0.2170743739632405, 0.7145545762073842, 0.06837104982937536]",0.7145545762073842,0.2170743739632405,,none_multiclass_argmax,0.2170743739632405,0.7145545762073842,0.06837104982937536
b32_lr1e-4,participant_outer_oof,participant,None,GRU27_01,participant::GRU27_01,0,2,42,42,1,2,False,"[0, 1, 2]","[0.045840657971557425, 0.26352657146220826, 0.6906327705662344]",0.6906327705662344,0.26352657146220826,,none_multiclass_argmax,0.045840657971557425,0.26352657146220826,0.6906327705662344
b32_lr1e-4,participant_outer_oof,participant,None,HZA20_02,participant::HZA20_02,0,2,42,42,0,1,False,"[0, 1, 2]","[0.42752484872743024, 0.5622724629598169, 0.010202688312752813]",0.5622724629598169,0.42752484872743024,,none_multiclass_argmax,0.42752484872743024,0.5622724629598169,0.010202688312752813
b32_lr1e-4,participant_outer_oof,participant,None,MSE28_01,participant::MSE28_01,0,2,42,42,1,1,True,"[0, 1, 2]","[0.05218699432834681, 0.9381307996664273, 0.009682206005225902]",0.9381307996664273,0.9381307996664273,,none_multiclass_argmax,0.05218699432834681,0.9381307996664273,0.009682206005225902
b32_lr1e-4,participant_outer_oof,participant,None,SJI29_02,participant::SJI29_02,0,2,42,42,2,2,True,"[0, 1, 2]","[0.0063259184601255, 0.33176938025998226, 0.6619047012798922]",0.6619047012798922,0.6619047012798922,,none_multiclass_argmax,0.0063259184601255,0.33176938025998226,0.6619047012798922
b32_lr1e-4,participant_outer_oof,participant,None,AKE28_03,participant::AKE28_03,0,3,42,42,1,1,True,"[0, 1, 2]","[0.1349518999532998, 0.6860146564195195, 0.1790334436271807]",0.6860146564195195,0.6860146564195195,,none_multiclass_argmax,0.1349518999532998,0.6860146564195195,0.1790334436271807
b32_lr1e-4,participant_outer_oof,participant,None,BRA36_02,participant::BRA36_02,0,3,42,42,0,0,True,"[0, 1, 2]","[0.9026918317991908, 0.0963516905737036, 0.0009564776271056796]",0.9026918317991908,0.9026918317991908,,none_multiclass_argmax,0.9026918317991908,0.0963516905737036,0.0009564776271056796
b32_lr1e-4,participant_outer_oof,participant,None,ERL70_04,participant::ERL70_04,0,3,42,42,2,2,True,"[0, 1, 2]","[0.0505919977245472, 0.01704676128328581, 0.9323612409921671]",0.9323612409921671,0.9323612409921671,,none_multiclass_argmax,0.0505919977245472,0.01704676128328581,0.9323612409921671
b32_lr1e-4,participant_outer_oof,participant,None,MIA82_04,participant::MIA82_04,0,3,42,42,0,0,True,"[0, 1, 2]","[0.7651313547215906, 0.2311506532837325, 0.0037179919946770507]",0.7651313547215906,0.7651313547215906,,none_multiclass_argmax,0.7651313547215906,0.2311506532837325,0.0037179919946770507
b32_lr1e-4,participant_outer_oof,participant,None,MOA19_03,participant::MOA19_03,0,3,42,42,2,0,False,"[0, 1, 2]","[0.5624174978398925, 0.006450515701117487, 0.43113198645899004]",0.5624174978398925,0.43113198645899004,,none_multiclass_argmax,0.5624174978398925,0.006450515701117487,0.43113198645899004
b32_lr1e-4,participant_outer_oof,participant,None,STE072_01,participant::STE072_01,0,3,42,42,1,2,False,"[0, 1, 2]","[0.15797450018334383, 0.18083138692927622, 0.66119411288738]",0.66119411288738,0.18083138692927622,,none_multiclass_argmax,0.15797450018334383,0.18083138692927622,0.66119411288738
b32_lr1e-4,participant_outer_oof,participant,None,ATA20_01,participant::ATA20_01,0,4,42,42,0,0,True,"[0, 1, 2]","[0.9142567782925882, 0.06651957628159101, 0.019223645425820824]",0.9142567782925882,0.9142567782925882,,none_multiclass_argmax,0.9142567782925882,0.06651957628159101,0.019223645425820824
b32_lr1e-4,participant_outer_oof,participant,None,ERO01_02,participant::ERO01_02,0,4,42,42,1,0,False,"[0, 1, 2]","[0.6554777650350114, 0.32253494431367447, 0.02198729065131413]",0.6554777650350114,0.32253494431367447,,none_multiclass_argmax,0.6554777650350114,0.32253494431367447,0.02198729065131413
b32_lr1e-4,participant_outer_oof,participant,None,HEA19_04,participant::HEA19_04,0,4,42,42,1,2,False,"[0, 1, 2]","[0.03320679726090668, 0.04450960681789706, 0.9222835959211964]",0.9222835959211964,0.04450960681789706,,none_multiclass_argmax,0.03320679726090668,0.04450960681789706,0.9222835959211964
b32_lr1e-4,participant_outer_oof,participant,None,MIE14_02,participant::MIE14_02,0,4,42,42,1,0,False,"[0, 1, 2]","[0.9043174140563143, 0.003314955537629437, 0.09236763040605636]",0.9043174140563143,0.003314955537629437,,none_multiclass_argmax,0.9043174140563143,0.003314955537629437,0.09236763040605636
b32_lr1e-4,participant_outer_oof,participant,None,SDI19_04,participant::SDI19_04,0,4,42,42,2,2,True,"[0, 1, 2]","[0.005752248703134035, 0.41595050398568545, 0.5782972473111805]",0.5782972473111805,0.5782972473111805,,none_multiclass_argmax,0.005752248703134035,0.41595050398568545,0.5782972473111805
b32_lr1e-4,participant_outer_oof,participant,None,AKE28_03,participant::AKE28_03,1,0,10042,10042,1,1,True,"[0, 1, 2]","[0.47404176475128096, 0.4770169175384008, 0.0489413177103181]",0.4770169175384008,0.4770169175384008,,none_multiclass_argmax,0.47404176475128096,0.4770169175384008,0.0489413177103181
b32_lr1e-4,participant_outer_oof,participant,None,AMI33_01,participant::AMI33_01,1,0,10042,10042,0,0,True,"[0, 1, 2]","[0.5034938043278931, 0.4024807079540845, 0.09402548771802229]",0.5034938043278931,0.5034938043278931,,none_multiclass_argmax,0.5034938043278931,0.4024807079540845,0.09402548771802229
b32_lr1e-4,participant_outer_oof,participant,None,EE_02,participant::EE_02,1,0,10042,10042,2,0,False,"[0, 1, 2]","[0.8208707862943457, 0.17734023751704248, 0.0017889761886118194]",0.8208707862943457,0.0017889761886118194,,none_multiclass_argmax,0.8208707862943457,0.17734023751704248,0.0017889761886118194
b32_lr1e-4,participant_outer_oof,participant,None,GDO22_03,participant::GDO22_03,1,0,10042,10042,0,0,True,"[0, 1, 2]","[0.9140947560792214, 0.08333526956490803, 0.0025699743558706034]",0.9140947560792214,0.9140947560792214,,none_multiclass_argmax,0.9140947560792214,0.08333526956490803,0.0025699743558706034
b32_lr1e-4,participant_outer_oof,participant,None,MHT21_03,participant::MHT21_03,1,0,10042,10042,1,1,True,"[0, 1, 2]","[0.1113091331122229, 0.8772946159811246, 0.01139625090665257]",0.8772946159811246,0.8772946159811246,,none_multiclass_argmax,0.1113091331122229,0.8772946159811246,0.01139625090665257
b32_lr1e-4,participant_outer_oof,participant,None,MKU07_04,participant::MKU07_04,1,0,10042,10042,1,1,True,"[0, 1, 2]","[0.3700966658191256, 0.6211960130839596, 0.008707321096914914]",0.6211960130839596,0.6211960130839596,,none_multiclass_argmax,0.3700966658191256,0.6211960130839596,0.008707321096914914
b32_lr1e-4,participant_outer_oof,participant,None,MOA19_03,participant::MOA19_03,1,0,10042,10042,2,0,False,"[0, 1, 2]","[0.8969593429535285, 0.020628321470500113, 0.08241233557597144]",0.8969593429535285,0.08241233557597144,,none_multiclass_argmax,0.8969593429535285,0.020628321470500113,0.08241233557597144
b32_lr1e-4,participant_outer_oof,participant,None,AKO19_01,participant::AKO19_01,1,1,10042,10042,2,2,True,"[0, 1, 2]","[0.0003852520477160261, 0.006257220803458984, 0.993357527148825]",0.993357527148825,0.993357527148825,,none_multiclass_argmax,0.0003852520477160261,0.006257220803458984,0.993357527148825
b32_lr1e-4,participant_outer_oof,participant,None,HZA20_02,participant::HZA20_02,1,1,10042,10042,0,0,True,"[0, 1, 2]","[0.6287405711951319, 0.253670254613213, 0.11758917419165504]",0.6287405711951319,0.6287405711951319,,none_multiclass_argmax,0.6287405711951319,0.253670254613213,0.11758917419165504
b32_lr1e-4,participant_outer_oof,participant,None,KMO19_01,participant::KMO19_01,1,1,10042,10042,1,0,False,"[0, 1, 2]","[0.7817287306693512, 0.09184586817884635, 0.12642540115180242]",0.7817287306693512,0.09184586817884635,,none_multiclass_argmax,0.7817287306693512,0.09184586817884635,0.12642540115180242
b32_lr1e-4,participant_outer_oof,participant,None,MSE28_01,participant::MSE28_01,1,1,10042,10042,1,1,True,"[0, 1, 2]","[0.053769741819537406, 0.9278901549497102, 0.01834010323075245]",0.9278901549497102,0.9278901549497102,,none_multiclass_argmax,0.053769741819537406,0.9278901549497102,0.01834010323075245
b32_lr1e-4,participant_outer_oof,participant,None,SDI19_04,participant::SDI19_04,1,1,10042,10042,2,1,False,"[0, 1, 2]","[0.0027761351588975343, 0.5361144752229756, 0.4611093896181268]",0.5361144752229756,0.4611093896181268,,none_multiclass_argmax,0.0027761351588975343,0.5361144752229756,0.4611093896181268
b32_lr1e-4,participant_outer_oof,participant,None,STE072_01,participant::STE072_01,1,1,10042,10042,1,2,False,"[0, 1, 2]","[0.0566148617232217, 0.28628022433574374, 0.6571049139410347]",0.6571049139410347,0.28628022433574374,,none_multiclass_argmax,0.0566148617232217,0.28628022433574374,0.6571049139410347
b32_lr1e-4,participant_outer_oof,participant,None,ERL70_04,participant::ERL70_04,1,2,10042,10042,2,2,True,"[0, 1, 2]","[0.1003286217313348, 0.18446377097141128, 0.715207607297254]",0.715207607297254,0.715207607297254,,none_multiclass_argmax,0.1003286217313348,0.18446377097141128,0.715207607297254
b32_lr1e-4,participant_outer_oof,participant,None,GRU27_01,participant::GRU27_01,1,2,10042,10042,1,1,True,"[0, 1, 2]","[0.009650349518272412, 0.5411282087592524, 0.4492214417224753]",0.5411282087592524,0.5411282087592524,,none_multiclass_argmax,0.009650349518272412,0.5411282087592524,0.4492214417224753
b32_lr1e-4,participant_outer_oof,participant,None,IGB00_03,participant::IGB00_03,1,2,10042,10042,2,1,False,"[0, 1, 2]","[0.022358697151223756, 0.9762527706895214, 0.0013885321592549038]",0.9762527706895214,0.0013885321592549038,,none_multiclass_argmax,0.022358697151223756,0.9762527706895214,0.0013885321592549038
b32_lr1e-4,participant_outer_oof,participant,None,INE13_04,participant::INE13_04,1,2,10042,10042,0,1,False,"[0, 1, 2]","[0.3965913819364041, 0.6031983573688728, 0.0002102606947231847]",0.6031983573688728,0.3965913819364041,,none_multiclass_argmax,0.3965913819364041,0.6031983573688728,0.0002102606947231847
b32_lr1e-4,participant_outer_oof,participant,None,MIA82_04,participant::MIA82_04,1,2,10042,10042,0,0,True,"[0, 1, 2]","[0.6044132310246417, 0.39193654850873316, 0.0036502204666251695]",0.6044132310246417,0.6044132310246417,,none_multiclass_argmax,0.6044132310246417,0.39193654850873316,0.0036502204666251695
b32_lr1e-4,participant_outer_oof,participant,None,MIE14_02,participant::MIE14_02,1,2,10042,10042,1,1,True,"[0, 1, 2]","[0.46884094973262164, 0.5103451402895255, 0.02081390997785275]",0.5103451402895255,0.5103451402895255,,none_multiclass_argmax,0.46884094973262164,0.5103451402895255,0.02081390997785275
b32_lr1e-4,participant_outer_oof,participant,None,GME22_02,participant::GME22_02,1,3,10042,10042,0,1,False,"[0, 1, 2]","[0.20043488707378737, 0.4769900729976533, 0.3225750399285594]",0.4769900729976533,0.20043488707378737,,none_multiclass_argmax,0.20043488707378737,0.4769900729976533,0.3225750399285594
b32_lr1e-4,participant_outer_oof,participant,None,HEA19_04,participant::HEA19_04,1,3,10042,10042,1,1,True,"[0, 1, 2]","[0.018556413760616217, 0.7224483149883429, 0.2589952712510409]",0.7224483149883429,0.7224483149883429,,none_multiclass_argmax,0.018556413760616217,0.7224483149883429,0.2589952712510409
b32_lr1e-4,participant_outer_oof,participant,None,SJI29_02,participant::SJI29_02,1,3,10042,10042,2,2,True,"[0, 1, 2]","[0.0025296866658131487, 0.4473243183422624, 0.5501459949919245]",0.5501459949919245,0.5501459949919245,,none_multiclass_argmax,0.0025296866658131487,0.4473243183422624,0.5501459949919245
b32_lr1e-4,participant_outer_oof,participant,None,TSR08_01,participant::TSR08_01,1,3,10042,10042,0,0,True,"[0, 1, 2]","[0.6024932643930303, 0.3747515711891048, 0.022755164417864928]",0.6024932643930303,0.6024932643930303,,none_multiclass_argmax,0.6024932643930303,0.3747515711891048,0.022755164417864928
b32_lr1e-4,participant_outer_oof,participant,None,UTI13_04,participant::UTI13_04,1,3,10042,10042,1,1,True,"[0, 1, 2]","[0.31667886513482457, 0.6050768508557829, 0.07824428400939257]",0.6050768508557829,0.6050768508557829,,none_multiclass_argmax,0.31667886513482457,0.6050768508557829,0.07824428400939257
b32_lr1e-4,participant_outer_oof,participant,None,AB_01,participant::AB_01,1,4,10042,10042,2,1,False,"[0, 1, 2]","[0.09998686769742529, 0.7067834190268368, 0.19322971327573793]",0.7067834190268368,0.19322971327573793,,none_multiclass_argmax,0.09998686769742529,0.7067834190268368,0.19322971327573793
b32_lr1e-4,participant_outer_oof,participant,None,ATA20_01,participant::ATA20_01,1,4,10042,10042,0,0,True,"[0, 1, 2]","[0.752123833090748, 0.24424273419865677, 0.003633432710595289]",0.752123833090748,0.752123833090748,,none_multiclass_argmax,0.752123833090748,0.24424273419865677,0.003633432710595289
b32_lr1e-4,participant_outer_oof,participant,None,BRA36_02,participant::BRA36_02,1,4,10042,10042,0,0,True,"[0, 1, 2]","[0.9869956900662663, 0.012171147327185909, 0.0008331626065477678]",0.9869956900662663,0.9869956900662663,,none_multiclass_argmax,0.9869956900662663,0.012171147327185909,0.0008331626065477678
b32_lr1e-4,participant_outer_oof,participant,None,ERO01_02,participant::ERO01_02,1,4,10042,10042,1,0,False,"[0, 1, 2]","[0.8997882047559937, 0.09125037207232756, 0.008961423171678725]",0.8997882047559937,0.09125037207232756,,none_multiclass_argmax,0.8997882047559937,0.09125037207232756,0.008961423171678725
b32_lr1e-4,participant_outer_oof,participant,None,FNA75_03,participant::FNA75_03,1,4,10042,10042,1,0,False,"[0, 1, 2]","[0.6493193134888998, 0.2976424258021669, 0.053038260708933284]",0.6493193134888998,0.2976424258021669,,none_multiclass_argmax,0.6493193134888998,0.2976424258021669,0.053038260708933284
b32_lr1e-4,participant_outer_oof,participant,None,AKO19_01,participant::AKO19_01,2,0,20042,20042,2,2,True,"[0, 1, 2]","[0.0009438784315855159, 0.06923930747863102, 0.9298168140897836]",0.9298168140897836,0.9298168140897836,,none_multiclass_argmax,0.0009438784315855159,0.06923930747863102,0.9298168140897836
b32_lr1e-4,participant_outer_oof,participant,None,AMI33_01,participant::AMI33_01,2,0,20042,20042,0,2,False,"[0, 1, 2]","[0.20658558648812986, 0.26146837284936136, 0.5319460406625088]",0.5319460406625088,0.20658558648812986,,none_multiclass_argmax,0.20658558648812986,0.26146837284936136,0.5319460406625088
b32_lr1e-4,participant_outer_oof,participant,None,GRU27_01,participant::GRU27_01,2,0,20042,20042,1,2,False,"[0, 1, 2]","[0.004229600361725214, 0.0736946251508642, 0.9220757744874106]",0.9220757744874106,0.0736946251508642,,none_multiclass_argmax,0.004229600361725214,0.0736946251508642,0.9220757744874106
b32_lr1e-4,participant_outer_oof,participant,None,HEA19_04,participant::HEA19_04,2,0,20042,20042,1,2,False,"[0, 1, 2]","[0.019863155338059102, 0.29842541610383244, 0.6817114285581085]",0.6817114285581085,0.29842541610383244,,none_multiclass_argmax,0.019863155338059102,0.29842541610383244,0.6817114285581085
b32_lr1e-4,participant_outer_oof,participant,None,HZA20_02,participant::HZA20_02,2,0,20042,20042,0,0,True,"[0, 1, 2]","[0.741252727747137, 0.21486636400200115, 0.043880908250861876]",0.741252727747137,0.741252727747137,,none_multiclass_argmax,0.741252727747137,0.21486636400200115,0.043880908250861876
b32_lr1e-4,participant_outer_oof,participant,None,MSE28_01,participant::MSE28_01,2,0,20042,20042,1,1,True,"[0, 1, 2]","[0.06261723249777468, 0.9077165495712995, 0.029666217930925755]",0.9077165495712995,0.9077165495712995,,none_multiclass_argmax,0.06261723249777468,0.9077165495712995,0.029666217930925755
b32_lr1e-4,participant_outer_oof,participant,None,AB_01,participant::AB_01,2,1,20042,20042,2,1,False,"[0, 1, 2]","[0.013547572779024138, 0.7621923302537862, 0.22426009696718965]",0.7621923302537862,0.22426009696718965,,none_multiclass_argmax,0.013547572779024138,0.7621923302537862,0.22426009696718965
b32_lr1e-4,participant_outer_oof,participant,None,AKE28_03,participant::AKE28_03,2,1,20042,20042,1,1,True,"[0, 1, 2]","[0.2931547800358073, 0.6114479030271502, 0.09539731693704243]",0.6114479030271502,0.6114479030271502,,none_multiclass_argmax,0.2931547800358073,0.6114479030271502,0.09539731693704243
b32_lr1e-4,participant_outer_oof,participant,None,ERL70_04,participant::ERL70_04,2,1,20042,20042,2,2,True,"[0, 1, 2]","[0.043456908017342845, 0.1329889819357349, 0.8235541100469222]",0.8235541100469222,0.8235541100469222,,none_multiclass_argmax,0.043456908017342845,0.1329889819357349,0.8235541100469222
b32_lr1e-4,participant_outer_oof,participant,None,FNA75_03,participant::FNA75_03,2,1,20042,20042,1,2,False,"[0, 1, 2]","[0.12399085656587078, 0.2744033745633954, 0.6016057688707338]",0.6016057688707338,0.2744033745633954,,none_multiclass_argmax,0.12399085656587078,0.2744033745633954,0.6016057688707338
b32_lr1e-4,participant_outer_oof,participant,None,GME22_02,participant::GME22_02,2,1,20042,20042,0,2,False,"[0, 1, 2]","[0.30463101377779245, 0.12864559966345793, 0.5667233865587497]",0.5667233865587497,0.30463101377779245,,none_multiclass_argmax,0.30463101377779245,0.12864559966345793,0.5667233865587497
b32_lr1e-4,participant_outer_oof,participant,None,MIA82_04,participant::MIA82_04,2,1,20042,20042,0,0,True,"[0, 1, 2]","[0.8822241593163507, 0.0853905317154727, 0.032385308968176665]",0.8822241593163507,0.8822241593163507,,none_multiclass_argmax,0.8822241593163507,0.0853905317154727,0.032385308968176665
b32_lr1e-4,participant_outer_oof,participant,None,ATA20_01,participant::ATA20_01,2,2,20042,20042,0,0,True,"[0, 1, 2]","[0.6835961661488144, 0.3049087505716445, 0.011495083279541112]",0.6835961661488144,0.6835961661488144,,none_multiclass_argmax,0.6835961661488144,0.3049087505716445,0.011495083279541112
b32_lr1e-4,participant_outer_oof,participant,None,IGB00_03,participant::IGB00_03,2,2,20042,20042,2,1,False,"[0, 1, 2]","[0.3098266555341059, 0.6109664481580697, 0.07920689630782442]",0.6109664481580697,0.07920689630782442,,none_multiclass_argmax,0.3098266555341059,0.6109664481580697,0.07920689630782442
b32_lr1e-4,participant_outer_oof,participant,None,KMO19_01,participant::KMO19_01,2,2,20042,20042,1,0,False,"[0, 1, 2]","[0.8530277069552775, 0.06914896277534416, 0.07782333026937831]",0.8530277069552775,0.06914896277534416,,none_multiclass_argmax,0.8530277069552775,0.06914896277534416,0.07782333026937831
b32_lr1e-4,participant_outer_oof,participant,None,MIE14_02,participant::MIE14_02,2,2,20042,20042,1,0,False,"[0, 1, 2]","[0.8462446517111955, 0.043488735005115166, 0.1102666132836894]",0.8462446517111955,0.043488735005115166,,none_multiclass_argmax,0.8462446517111955,0.043488735005115166,0.1102666132836894
b32_lr1e-4,participant_outer_oof,participant,None,SJI29_02,participant::SJI29_02,2,2,20042,20042,2,2,True,"[0, 1, 2]","[0.0024233385772039974, 0.33975555874244473, 0.6578211026803513]",0.6578211026803513,0.6578211026803513,,none_multiclass_argmax,0.0024233385772039974,0.33975555874244473,0.6578211026803513
b32_lr1e-4,participant_outer_oof,participant,None,STE072_01,participant::STE072_01,2,2,20042,20042,1,2,False,"[0, 1, 2]","[0.20460470314412532, 0.10190811466322852, 0.6934871821926463]",0.6934871821926463,0.10190811466322852,,none_multiclass_argmax,0.20460470314412532,0.10190811466322852,0.6934871821926463
b32_lr1e-4,participant_outer_oof,participant,None,BRA36_02,participant::BRA36_02,2,3,20042,20042,0,0,True,"[0, 1, 2]","[0.9877436610914275, 0.012155862778121865, 0.0001004761304506005]",0.9877436610914275,0.9877436610914275,,none_multiclass_argmax,0.9877436610914275,0.012155862778121865,0.0001004761304506005
b32_lr1e-4,participant_outer_oof,participant,None,EE_02,participant::EE_02,2,3,20042,20042,2,0,False,"[0, 1, 2]","[0.6604478859604341, 0.3387842607928875, 0.0007678532466784872]",0.6604478859604341,0.0007678532466784872,,none_multiclass_argmax,0.6604478859604341,0.3387842607928875,0.0007678532466784872
b32_lr1e-4,participant_outer_oof,participant,None,INE13_04,participant::INE13_04,2,3,20042,20042,0,0,True,"[0, 1, 2]","[0.5382183008736628, 0.46144060643828494, 0.0003410926880523029]",0.5382183008736628,0.5382183008736628,,none_multiclass_argmax,0.5382183008736628,0.46144060643828494,0.0003410926880523029
b32_lr1e-4,participant_outer_oof,participant,None,MHT21_03,participant::MHT21_03,2,3,20042,20042,1,1,True,"[0, 1, 2]","[0.13710583575730084, 0.8466489048719155, 0.016245259370783638]",0.8466489048719155,0.8466489048719155,,none_multiclass_argmax,0.13710583575730084,0.8466489048719155,0.016245259370783638
b32_lr1e-4,participant_outer_oof,participant,None,MKU07_04,participant::MKU07_04,2,3,20042,20042,1,1,True,"[0, 1, 2]","[0.02031116792704444, 0.9794148949761842, 0.0002739370967714712]",0.9794148949761842,0.9794148949761842,,none_multiclass_argmax,0.02031116792704444,0.9794148949761842,0.0002739370967714712
b32_lr1e-4,participant_outer_oof,participant,None,MOA19_03,participant::MOA19_03,2,3,20042,20042,2,0,False,"[0, 1, 2]","[0.8501570357247125, 0.0020001296606277, 0.14784283461465988]",0.8501570357247125,0.14784283461465988,,none_multiclass_argmax,0.8501570357247125,0.0020001296606277,0.14784283461465988
b32_lr1e-4,participant_outer_oof,participant,None,ERO01_02,participant::ERO01_02,2,4,20042,20042,1,1,True,"[0, 1, 2]","[0.34811864990361296, 0.6298727687084122, 0.02200858138797485]",0.6298727687084122,0.6298727687084122,,none_multiclass_argmax,0.34811864990361296,0.6298727687084122,0.02200858138797485
b32_lr1e-4,participant_outer_oof,participant,None,GDO22_03,participant::GDO22_03,2,4,20042,20042,0,0,True,"[0, 1, 2]","[0.6525274949722117, 0.23383159611729265, 0.11364090891049562]",0.6525274949722117,0.6525274949722117,,none_multiclass_argmax,0.6525274949722117,0.23383159611729265,0.11364090891049562
b32_lr1e-4,participant_outer_oof,participant,None,SDI19_04,participant::SDI19_04,2,4,20042,20042,2,1,False,"[0, 1, 2]","[0.0038300570529029403, 0.7245152008631819, 0.27165474208391516]",0.7245152008631819,0.27165474208391516,,none_multiclass_argmax,0.0038300570529029403,0.7245152008631819,0.27165474208391516
b32_lr1e-4,participant_outer_oof,participant,None,TSR08_01,participant::TSR08_01,2,4,20042,20042,0,1,False,"[0, 1, 2]","[0.4559971393724688, 0.5327884767442609, 0.011214383883270378]",0.5327884767442609,0.4559971393724688,,none_multiclass_argmax,0.4559971393724688,0.5327884767442609,0.011214383883270378
b32_lr1e-4,participant_outer_oof,participant,None,UTI13_04,participant::UTI13_04,2,4,20042,20042,1,1,True,"[0, 1, 2]","[0.29629013911955615, 0.6806915245946489, 0.02301833628579502]",0.6806915245946489,0.6806915245946489,,none_multiclass_argmax,0.29629013911955615,0.6806915245946489,0.02301833628579502
b32_lr1e-4,participant_outer_oof,participant,None,ERL70_04,participant::ERL70_04,3,0,30042,30042,2,2,True,"[0, 1, 2]","[0.1535633008561742, 0.07491153221691982, 0.771525166926906]",0.771525166926906,0.771525166926906,,none_multiclass_argmax,0.1535633008561742,0.07491153221691982,0.771525166926906
b32_lr1e-4,participant_outer_oof,participant,None,HEA19_04,participant::HEA19_04,3,0,30042,30042,1,1,True,"[0, 1, 2]","[0.15098333270757466, 0.6312650293361071, 0.21775163795631836]",0.6312650293361071,0.6312650293361071,,none_multiclass_argmax,0.15098333270757466,0.6312650293361071,0.21775163795631836
b32_lr1e-4,participant_outer_oof,participant,None,HZA20_02,participant::HZA20_02,3,0,30042,30042,0,0,True,"[0, 1, 2]","[0.6026271093275828, 0.382030365787956, 0.015342524884461205]",0.6026271093275828,0.6026271093275828,,none_multiclass_argmax,0.6026271093275828,0.382030365787956,0.015342524884461205
b32_lr1e-4,participant_outer_oof,participant,None,INE13_04,participant::INE13_04,3,0,30042,30042,0,0,True,"[0, 1, 2]","[0.5492071744763357, 0.445903413424196, 0.00488941209946825]",0.5492071744763357,0.5492071744763357,,none_multiclass_argmax,0.5492071744763357,0.445903413424196,0.00488941209946825
b32_lr1e-4,participant_outer_oof,participant,None,MIE14_02,participant::MIE14_02,3,0,30042,30042,1,0,False,"[0, 1, 2]","[0.9026840603956464, 0.0636388952791711, 0.03367704432518247]",0.9026840603956464,0.0636388952791711,,none_multiclass_argmax,0.9026840603956464,0.0636388952791711,0.03367704432518247
b32_lr1e-4,participant_outer_oof,participant,None,UTI13_04,participant::UTI13_04,3,0,30042,30042,1,1,True,"[0, 1, 2]","[0.3329273457468674, 0.6585831466120503, 0.008489507641082372]",0.6585831466120503,0.6585831466120503,,none_multiclass_argmax,0.3329273457468674,0.6585831466120503,0.008489507641082372
b32_lr1e-4,participant_outer_oof,participant,None,AKE28_03,participant::AKE28_03,3,1,30042,30042,1,1,True,"[0, 1, 2]","[0.07106074501884502, 0.7433272983960295, 0.18561195658512555]",0.7433272983960295,0.7433272983960295,,none_multiclass_argmax,0.07106074501884502,0.7433272983960295,0.18561195658512555
b32_lr1e-4,participant_outer_oof,participant,None,AKO19_01,participant::AKO19_01,3,1,30042,30042,2,2,True,"[0, 1, 2]","[0.0001225548788958112, 0.03345917641778107, 0.9664182687033231]",0.9664182687033231,0.9664182687033231,,none_multiclass_argmax,0.0001225548788958112,0.03345917641778107,0.9664182687033231
b32_lr1e-4,participant_outer_oof,participant,None,AMI33_01,participant::AMI33_01,3,1,30042,30042,0,1,False,"[0, 1, 2]","[0.004928470979101133, 0.8434036275861269, 0.1516679014347721]",0.8434036275861269,0.004928470979101133,,none_multiclass_argmax,0.004928470979101133,0.8434036275861269,0.1516679014347721
b32_lr1e-4,participant_outer_oof,participant,None,EE_02,participant::EE_02,3,1,30042,30042,2,0,False,"[0, 1, 2]","[0.5229271706212361, 0.4694301358379631, 0.00764269354080093]",0.5229271706212361,0.00764269354080093,,none_multiclass_argmax,0.5229271706212361,0.4694301358379631,0.00764269354080093
b32_lr1e-4,participant_outer_oof,participant,None,MHT21_03,participant::MHT21_03,3,1,30042,30042,1,1,True,"[0, 1, 2]","[0.03692038380593905, 0.8570793331100635, 0.10600028308399755]",0.8570793331100635,0.8570793331100635,,none_multiclass_argmax,0.03692038380593905,0.8570793331100635,0.10600028308399755
b32_lr1e-4,participant_outer_oof,participant,None,MIA82_04,participant::MIA82_04,3,1,30042,30042,0,1,False,"[0, 1, 2]","[0.0626158971470102, 0.9123689186484794, 0.025015184204510515]",0.9123689186484794,0.0626158971470102,,none_multiclass_argmax,0.0626158971470102,0.9123689186484794,0.025015184204510515
b32_lr1e-4,participant_outer_oof,participant,None,ATA20_01,participant::ATA20_01,3,2,30042,30042,0,0,True,"[0, 1, 2]","[0.5266035533789771, 0.43091205893173495, 0.042484387689288014]",0.5266035533789771,0.5266035533789771,,none_multiclass_argmax,0.5266035533789771,0.43091205893173495,0.042484387689288014
b32_lr1e-4,participant_outer_oof,participant,None,ERO01_02,participant::ERO01_02,3,2,30042,30042,1,0,False,"[0, 1, 2]","[0.4291778666581674, 0.19996174365647473, 0.37086038968535795]",0.4291778666581674,0.19996174365647473,,none_multiclass_argmax,0.4291778666581674,0.19996174365647473,0.37086038968535795
b32_lr1e-4,participant_outer_oof,participant,None,GME22_02,participant::GME22_02,3,2,30042,30042,0,2,False,"[0, 1, 2]","[0.1657977884019236, 0.27012333683322015, 0.5640788747648562]",0.5640788747648562,0.1657977884019236,,none_multiclass_argmax,0.1657977884019236,0.27012333683322015,0.5640788747648562
b32_lr1e-4,participant_outer_oof,participant,None,MKU07_04,participant::MKU07_04,3,2,30042,30042,1,1,True,"[0, 1, 2]","[0.020005218505952008, 0.8027011277362577, 0.17729365375779035]",0.8027011277362577,0.8027011277362577,,none_multiclass_argmax,0.020005218505952008,0.8027011277362577,0.17729365375779035
b32_lr1e-4,participant_outer_oof,participant,None,MOA19_03,participant::MOA19_03,3,2,30042,30042,2,2,True,"[0, 1, 2]","[0.09575475998364447, 0.0002551733859978927, 0.9039900666303576]",0.9039900666303576,0.9039900666303576,,none_multiclass_argmax,0.09575475998364447,0.0002551733859978927,0.9039900666303576
b32_lr1e-4,participant_outer_oof,participant,None,SJI29_02,participant::SJI29_02,3,2,30042,30042,2,2,True,"[0, 1, 2]","[0.0024264607817865145, 0.14733893937258108, 0.8502345998456324]",0.8502345998456324,0.8502345998456324,,none_multiclass_argmax,0.0024264607817865145,0.14733893937258108,0.8502345998456324
b32_lr1e-4,participant_outer_oof,participant,None,AB_01,participant::AB_01,3,3,30042,30042,2,1,False,"[0, 1, 2]","[0.0187887641257236, 0.7802009909959591, 0.2010102448783173]",0.7802009909959591,0.2010102448783173,,none_multiclass_argmax,0.0187887641257236,0.7802009909959591,0.2010102448783173
b32_lr1e-4,participant_outer_oof,participant,None,BRA36_02,participant::BRA36_02,3,3,30042,30042,0,0,True,"[0, 1, 2]","[0.998954721909237, 0.0003786763721006207, 0.0006666017186624768]",0.998954721909237,0.998954721909237,,none_multiclass_argmax,0.998954721909237,0.0003786763721006207,0.0006666017186624768
b32_lr1e-4,participant_outer_oof,participant,None,FNA75_03,participant::FNA75_03,3,3,30042,30042,1,0,False,"[0, 1, 2]","[0.5235830539327139, 0.39662644403481584, 0.07979050203247023]",0.5235830539327139,0.39662644403481584,,none_multiclass_argmax,0.5235830539327139,0.39662644403481584,0.07979050203247023
b32_lr1e-4,participant_outer_oof,participant,None,GDO22_03,participant::GDO22_03,3,3,30042,30042,0,1,False,"[0, 1, 2]","[0.4482558916111182, 0.5469106640545276, 0.004833444334354243]",0.5469106640545276,0.4482558916111182,,none_multiclass_argmax,0.4482558916111182,0.5469106640545276,0.004833444334354243
b32_lr1e-4,participant_outer_oof,participant,None,IGB00_03,participant::IGB00_03,3,3,30042,30042,2,1,False,"[0, 1, 2]","[0.3225916732618495, 0.643049021682852, 0.034359305055298536]",0.643049021682852,0.034359305055298536,,none_multiclass_argmax,0.3225916732618495,0.643049021682852,0.034359305055298536
b32_lr1e-4,participant_outer_oof,participant,None,KMO19_01,participant::KMO19_01,3,3,30042,30042,1,0,False,"[0, 1, 2]","[0.8080110425755466, 0.1138059372391819, 0.07818302018527155]",0.8080110425755466,0.1138059372391819,,none_multiclass_argmax,0.8080110425755466,0.1138059372391819,0.07818302018527155
b32_lr1e-4,participant_outer_oof,participant,None,GRU27_01,participant::GRU27_01,3,4,30042,30042,1,2,False,"[0, 1, 2]","[0.00843995272208286, 0.4570321375304644, 0.5345279097474528]",0.5345279097474528,0.4570321375304644,,none_multiclass_argmax,0.00843995272208286,0.4570321375304644,0.5345279097474528
b32_lr1e-4,participant_outer_oof,participant,None,MSE28_01,participant::MSE28_01,3,4,30042,30042,1,1,True,"[0, 1, 2]","[0.06639950848918078, 0.9104460875516573, 0.023154403959161924]",0.9104460875516573,0.9104460875516573,,none_multiclass_argmax,0.06639950848918078,0.9104460875516573,0.023154403959161924
b32_lr1e-4,participant_outer_oof,participant,None,SDI19_04,participant::SDI19_04,3,4,30042,30042,2,2,True,"[0, 1, 2]","[0.00016013637227916413, 0.2480529701125669, 0.7517868935151539]",0.7517868935151539,0.7517868935151539,,none_multiclass_argmax,0.00016013637227916413,0.2480529701125669,0.7517868935151539
b32_lr1e-4,participant_outer_oof,participant,None,STE072_01,participant::STE072_01,3,4,30042,30042,1,2,False,"[0, 1, 2]","[0.140147695805726, 0.21250386695953075, 0.6473484372347433]",0.6473484372347433,0.21250386695953075,,none_multiclass_argmax,0.140147695805726,0.21250386695953075,0.6473484372347433
b32_lr1e-4,participant_outer_oof,participant,None,TSR08_01,participant::TSR08_01,3,4,30042,30042,0,1,False,"[0, 1, 2]","[0.4849109747075208, 0.48571348561758176, 0.029375539674897463]",0.48571348561758176,0.4849109747075208,,none_multiclass_argmax,0.4849109747075208,0.48571348561758176,0.029375539674897463
b32_lr1e-4,participant_outer_oof,participant,None,AB_01,participant::AB_01,4,0,40042,40042,2,1,False,"[0, 1, 2]","[0.05401669469478328, 0.4948402631902641, 0.4511430421149527]",0.4948402631902641,0.4511430421149527,,none_multiclass_argmax,0.05401669469478328,0.4948402631902641,0.4511430421149527
b32_lr1e-4,participant_outer_oof,participant,None,AKO19_01,participant::AKO19_01,4,0,40042,40042,2,2,True,"[0, 1, 2]","[0.0022419208997394788, 0.04969229774402828, 0.9480657813562322]",0.9480657813562322,0.9480657813562322,,none_multiclass_argmax,0.0022419208997394788,0.04969229774402828,0.9480657813562322
b32_lr1e-4,participant_outer_oof,participant,None,BRA36_02,participant::BRA36_02,4,0,40042,40042,0,0,True,"[0, 1, 2]","[0.9906262244875095, 0.005230536471399693, 0.004143239041090854]",0.9906262244875095,0.9906262244875095,,none_multiclass_argmax,0.9906262244875095,0.005230536471399693,0.004143239041090854
b32_lr1e-4,participant_outer_oof,participant,None,INE13_04,participant::INE13_04,4,0,40042,40042,0,0,True,"[0, 1, 2]","[0.6641333493070138, 0.3110234610309294, 0.024843189662056765]",0.6641333493070138,0.6641333493070138,,none_multiclass_argmax,0.6641333493070138,0.3110234610309294,0.024843189662056765
b32_lr1e-4,participant_outer_oof,participant,None,KMO19_01,participant::KMO19_01,4,0,40042,40042,1,0,False,"[0, 1, 2]","[0.7136819701970811, 0.13244806320356478, 0.15386996659935412]",0.7136819701970811,0.13244806320356478,,none_multiclass_argmax,0.7136819701970811,0.13244806320356478,0.15386996659935412
b32_lr1e-4,participant_outer_oof,participant,None,UTI13_04,participant::UTI13_04,4,0,40042,40042,1,1,True,"[0, 1, 2]","[0.28106947744376104, 0.6778966821213619, 0.041033840434877164]",0.6778966821213619,0.6778966821213619,,none_multiclass_argmax,0.28106947744376104,0.6778966821213619,0.041033840434877164
b32_lr1e-4,participant_outer_oof,participant,None,EE_02,participant::EE_02,4,1,40042,40042,2,1,False,"[0, 1, 2]","[0.10832685287702928, 0.8766072202392787, 0.015065926883692116]",0.8766072202392787,0.015065926883692116,,none_multiclass_argmax,0.10832685287702928,0.8766072202392787,0.015065926883692116
b32_lr1e-4,participant_outer_oof,participant,None,ERO01_02,participant::ERO01_02,4,1,40042,40042,1,1,True,"[0, 1, 2]","[0.4844448823958378, 0.49556160082322975, 0.01999351678093251]",0.49556160082322975,0.49556160082322975,,none_multiclass_argmax,0.4844448823958378,0.49556160082322975,0.01999351678093251
b32_lr1e-4,participant_outer_oof,participant,None,FNA75_03,participant::FNA75_03,4,1,40042,40042,1,0,False,"[0, 1, 2]","[0.5858089974394841, 0.41158846816281497, 0.0026025343977009925]",0.5858089974394841,0.41158846816281497,,none_multiclass_argmax,0.5858089974394841,0.41158846816281497,0.0026025343977009925
b32_lr1e-4,participant_outer_oof,participant,None,GDO22_03,participant::GDO22_03,4,1,40042,40042,0,1,False,"[0, 1, 2]","[0.40403236069832327, 0.5935542928768514, 0.0024133464248254095]",0.5935542928768514,0.40403236069832327,,none_multiclass_argmax,0.40403236069832327,0.5935542928768514,0.0024133464248254095
b32_lr1e-4,participant_outer_oof,participant,None,GRU27_01,participant::GRU27_01,4,1,40042,40042,1,1,True,"[0, 1, 2]","[0.006435337421189747, 0.8329103404779563, 0.16065432210085398]",0.8329103404779563,0.8329103404779563,,none_multiclass_argmax,0.006435337421189747,0.8329103404779563,0.16065432210085398
b32_lr1e-4,participant_outer_oof,participant,None,TSR08_01,participant::TSR08_01,4,1,40042,40042,0,1,False,"[0, 1, 2]","[0.3651754872111077, 0.6206036871941316, 0.014220825594760718]",0.6206036871941316,0.3651754872111077,,none_multiclass_argmax,0.3651754872111077,0.6206036871941316,0.014220825594760718
b32_lr1e-4,participant_outer_oof,participant,None,AKE28_03,participant::AKE28_03,4,2,40042,40042,1,2,False,"[0, 1, 2]","[0.20406031952046785, 0.38217676841255216, 0.41376291206698007]",0.41376291206698007,0.38217676841255216,,none_multiclass_argmax,0.20406031952046785,0.38217676841255216,0.41376291206698007
b32_lr1e-4,participant_outer_oof,participant,None,ATA20_01,participant::ATA20_01,4,2,40042,40042,0,1,False,"[0, 1, 2]","[0.46943572663623895, 0.4974879510534084, 0.033076322310352686]",0.4974879510534084,0.46943572663623895,,none_multiclass_argmax,0.46943572663623895,0.4974879510534084,0.033076322310352686
b32_lr1e-4,participant_outer_oof,participant,None,ERL70_04,participant::ERL70_04,4,2,40042,40042,2,2,True,"[0, 1, 2]","[0.02063312889136212, 0.04872145339042569, 0.9306454177182122]",0.9306454177182122,0.9306454177182122,,none_multiclass_argmax,0.02063312889136212,0.04872145339042569,0.9306454177182122
b32_lr1e-4,participant_outer_oof,participant,None,GME22_02,participant::GME22_02,4,2,40042,40042,0,1,False,"[0, 1, 2]","[0.14401587371382393, 0.5315711068054934, 0.3244130194806827]",0.5315711068054934,0.14401587371382393,,none_multiclass_argmax,0.14401587371382393,0.5315711068054934,0.3244130194806827
b32_lr1e-4,participant_outer_oof,participant,None,MIE14_02,participant::MIE14_02,4,2,40042,40042,1,0,False,"[0, 1, 2]","[0.8612337306233333, 0.049035184654561345, 0.08973108472210542]",0.8612337306233333,0.049035184654561345,,none_multiclass_argmax,0.8612337306233333,0.049035184654561345,0.08973108472210542
b32_lr1e-4,participant_outer_oof,participant,None,MKU07_04,participant::MKU07_04,4,2,40042,40042,1,1,True,"[0, 1, 2]","[0.1019593709214777, 0.8312311632528626, 0.06680946582565973]",0.8312311632528626,0.8312311632528626,,none_multiclass_argmax,0.1019593709214777,0.8312311632528626,0.06680946582565973
b32_lr1e-4,participant_outer_oof,participant,None,HZA20_02,participant::HZA20_02,4,3,40042,40042,0,1,False,"[0, 1, 2]","[0.4229274382673021, 0.5153390878852824, 0.06173347384741559]",0.5153390878852824,0.4229274382673021,,none_multiclass_argmax,0.4229274382673021,0.5153390878852824,0.06173347384741559
b32_lr1e-4,participant_outer_oof,participant,None,IGB00_03,participant::IGB00_03,4,3,40042,40042,2,1,False,"[0, 1, 2]","[0.05896006096474604, 0.8699740397186394, 0.07106589931661463]",0.8699740397186394,0.07106589931661463,,none_multiclass_argmax,0.05896006096474604,0.8699740397186394,0.07106589931661463
b32_lr1e-4,participant_outer_oof,participant,None,MSE28_01,participant::MSE28_01,4,3,40042,40042,1,1,True,"[0, 1, 2]","[0.004856637758557942, 0.9879407334869428, 0.007202628754499284]",0.9879407334869428,0.9879407334869428,,none_multiclass_argmax,0.004856637758557942,0.9879407334869428,0.007202628754499284
b32_lr1e-4,participant_outer_oof,participant,None,SJI29_02,participant::SJI29_02,4,3,40042,40042,2,2,True,"[0, 1, 2]","[0.007235355979708921, 0.38184065717201915, 0.610923986848272]",0.610923986848272,0.610923986848272,,none_multiclass_argmax,0.007235355979708921,0.38184065717201915,0.610923986848272
b32_lr1e-4,participant_outer_oof,participant,None,STE072_01,participant::STE072_01,4,3,40042,40042,1,2,False,"[0, 1, 2]","[0.07513073318376945, 0.38605701490980315, 0.5388122519064275]",0.5388122519064275,0.38605701490980315,,none_multiclass_argmax,0.07513073318376945,0.38605701490980315,0.5388122519064275
b32_lr1e-4,participant_outer_oof,participant,None,AMI33_01,participant::AMI33_01,4,4,40042,40042,0,1,False,"[0, 1, 2]","[0.18366663124804586, 0.6873241008735127, 0.12900926787844155]",0.6873241008735127,0.18366663124804586,,none_multiclass_argmax,0.18366663124804586,0.6873241008735127,0.12900926787844155
b32_lr1e-4,participant_outer_oof,participant,None,HEA19_04,participant::HEA19_04,4,4,40042,40042,1,2,False,"[0, 1, 2]","[0.007166315016884682, 0.341529605255471, 0.6513040797276444]",0.6513040797276444,0.341529605255471,,none_multiclass_argmax,0.007166315016884682,0.341529605255471,0.6513040797276444
b32_lr1e-4,participant_outer_oof,participant,None,MHT21_03,participant::MHT21_03,4,4,40042,40042,1,1,True,"[0, 1, 2]","[0.028492652631252727, 0.8614891470901664, 0.11001820027858084]",0.8614891470901664,0.8614891470901664,,none_multiclass_argmax,0.028492652631252727,0.8614891470901664,0.11001820027858084
b32_lr1e-4,participant_outer_oof,participant,None,MIA82_04,participant::MIA82_04,4,4,40042,40042,0,1,False,"[0, 1, 2]","[0.1815368880943789, 0.8036677230137461, 0.01479538889187506]",0.8036677230137461,0.1815368880943789,,none_multiclass_argmax,0.1815368880943789,0.8036677230137461,0.01479538889187506
b32_lr1e-4,participant_outer_oof,participant,None,MOA19_03,participant::MOA19_03,4,4,40042,40042,2,2,True,"[0, 1, 2]","[0.15481028600207752, 0.041331664054885, 0.8038580499430374]",0.8038580499430374,0.8038580499430374,,none_multiclass_argmax,0.15481028600207752,0.041331664054885,0.8038580499430374
b32_lr1e-4,participant_outer_oof,participant,None,SDI19_04,participant::SDI19_04,4,4,40042,40042,2,1,False,"[0, 1, 2]","[0.0032910151081503476, 0.9218402042697331, 0.0748687806221166]",0.9218402042697331,0.0748687806221166,,none_multiclass_argmax,0.0032910151081503476,0.9218402042697331,0.0748687806221166
b32_lr1e-3,participant_outer_oof,participant,None,AMI33_01,participant::AMI33_01,0,0,42,42,0,1,False,"[0, 1, 2]","[0.13243941772776358, 0.7313308085344494, 0.136229773737787]",0.7313308085344494,0.13243941772776358,,none_multiclass_argmax,0.13243941772776358,0.7313308085344494,0.136229773737787
b32_lr1e-3,participant_outer_oof,participant,None,EE_02,participant::EE_02,0,0,42,42,2,0,False,"[0, 1, 2]","[0.6612208022699062, 0.3344079461538313, 0.004371251576262516]",0.6612208022699062,0.004371251576262516,,none_multiclass_argmax,0.6612208022699062,0.3344079461538313,0.004371251576262516
b32_lr1e-3,participant_outer_oof,participant,None,FNA75_03,participant::FNA75_03,0,0,42,42,1,0,False,"[0, 1, 2]","[0.6550173487461104, 0.3375937822823337, 0.007388868971555914]",0.6550173487461104,0.3375937822823337,,none_multiclass_argmax,0.6550173487461104,0.3375937822823337,0.007388868971555914
b32_lr1e-3,participant_outer_oof,participant,None,IGB00_03,participant::IGB00_03,0,0,42,42,2,1,False,"[0, 1, 2]","[0.22795440013023785, 0.6082873087623054, 0.16375829110745682]",0.6082873087623054,0.16375829110745682,,none_multiclass_argmax,0.22795440013023785,0.6082873087623054,0.16375829110745682
b32_lr1e-3,participant_outer_oof,participant,None,MHT21_03,participant::MHT21_03,0,0,42,42,1,1,True,"[0, 1, 2]","[0.025267863378702148, 0.9498028179815782, 0.0249293186397197]",0.9498028179815782,0.9498028179815782,,none_multiclass_argmax,0.025267863378702148,0.9498028179815782,0.0249293186397197
b32_lr1e-3,participant_outer_oof,participant,None,TSR08_01,participant::TSR08_01,0,0,42,42,0,0,True,"[0, 1, 2]","[0.5886098468982751, 0.4027535302897246, 0.00863662281200032]",0.5886098468982751,0.5886098468982751,,none_multiclass_argmax,0.5886098468982751,0.4027535302897246,0.00863662281200032
b32_lr1e-3,participant_outer_oof,participant,None,AKO19_01,participant::AKO19_01,0,1,42,42,2,2,True,"[0, 1, 2]","[0.003132149799458951, 0.03320690427632726, 0.9636609459242138]",0.9636609459242138,0.9636609459242138,,none_multiclass_argmax,0.003132149799458951,0.03320690427632726,0.9636609459242138
b32_lr1e-3,participant_outer_oof,participant,None,GDO22_03,participant::GDO22_03,0,1,42,42,0,0,True,"[0, 1, 2]","[0.4876007819415167, 0.35904653207891835, 0.15335268597956495]",0.4876007819415167,0.4876007819415167,,none_multiclass_argmax,0.4876007819415167,0.35904653207891835,0.15335268597956495
b32_lr1e-3,participant_outer_oof,participant,None,INE13_04,participant::INE13_04,0,1,42,42,0,0,True,"[0, 1, 2]","[0.8383138517204198, 0.1560398847148096, 0.0056462635647705605]",0.8383138517204198,0.8383138517204198,,none_multiclass_argmax,0.8383138517204198,0.1560398847148096,0.0056462635647705605
b32_lr1e-3,participant_outer_oof,participant,None,KMO19_01,participant::KMO19_01,0,1,42,42,1,0,False,"[0, 1, 2]","[0.8808269411231645, 0.02266678882865394, 0.09650627004818155]",0.8808269411231645,0.02266678882865394,,none_multiclass_argmax,0.8808269411231645,0.02266678882865394,0.09650627004818155
b32_lr1e-3,participant_outer_oof,participant,None,MKU07_04,participant::MKU07_04,0,1,42,42,1,1,True,"[0, 1, 2]","[0.001165284587779052, 0.914433947282805, 0.08440076812941588]",0.914433947282805,0.914433947282805,,none_multiclass_argmax,0.001165284587779052,0.914433947282805,0.08440076812941588
b32_lr1e-3,participant_outer_oof,participant,None,UTI13_04,participant::UTI13_04,0,1,42,42,1,0,False,"[0, 1, 2]","[0.6223886674211485, 0.3575337553977135, 0.020077577181138017]",0.6223886674211485,0.3575337553977135,,none_multiclass_argmax,0.6223886674211485,0.3575337553977135,0.020077577181138017
b32_lr1e-3,participant_outer_oof,participant,None,AB_01,participant::AB_01,0,2,42,42,2,1,False,"[0, 1, 2]","[0.0028871808862891086, 0.5086743827237448, 0.4884384363899661]",0.5086743827237448,0.4884384363899661,,none_multiclass_argmax,0.0028871808862891086,0.5086743827237448,0.4884384363899661
b32_lr1e-3,participant_outer_oof,participant,None,GME22_02,participant::GME22_02,0,2,42,42,0,1,False,"[0, 1, 2]","[0.3116273067005435, 0.5437179863710797, 0.1446547069283769]",0.5437179863710797,0.3116273067005435,,none_multiclass_argmax,0.3116273067005435,0.5437179863710797,0.1446547069283769
b32_lr1e-3,participant_outer_oof,participant,None,GRU27_01,participant::GRU27_01,0,2,42,42,1,2,False,"[0, 1, 2]","[0.03426669474022335, 0.20926222893310442, 0.7564710763266722]",0.7564710763266722,0.20926222893310442,,none_multiclass_argmax,0.03426669474022335,0.20926222893310442,0.7564710763266722
b32_lr1e-3,participant_outer_oof,participant,None,HZA20_02,participant::HZA20_02,0,2,42,42,0,0,True,"[0, 1, 2]","[0.5925226465734038, 0.40350070863426907, 0.003976644792327027]",0.5925226465734038,0.5925226465734038,,none_multiclass_argmax,0.5925226465734038,0.40350070863426907,0.003976644792327027
b32_lr1e-3,participant_outer_oof,participant,None,MSE28_01,participant::MSE28_01,0,2,42,42,1,1,True,"[0, 1, 2]","[0.0718154372569685, 0.9173347479143797, 0.010849814828651773]",0.9173347479143797,0.9173347479143797,,none_multiclass_argmax,0.0718154372569685,0.9173347479143797,0.010849814828651773
b32_lr1e-3,participant_outer_oof,participant,None,SJI29_02,participant::SJI29_02,0,2,42,42,2,2,True,"[0, 1, 2]","[0.0003106596073141192, 0.10871855042834713, 0.8909707899643388]",0.8909707899643388,0.8909707899643388,,none_multiclass_argmax,0.0003106596073141192,0.10871855042834713,0.8909707899643388
b32_lr1e-3,participant_outer_oof,participant,None,AKE28_03,participant::AKE28_03,0,3,42,42,1,1,True,"[0, 1, 2]","[0.0952931081632201, 0.7386502776801065, 0.16605661415667347]",0.7386502776801065,0.7386502776801065,,none_multiclass_argmax,0.0952931081632201,0.7386502776801065,0.16605661415667347
b32_lr1e-3,participant_outer_oof,participant,None,BRA36_02,participant::BRA36_02,0,3,42,42,0,0,True,"[0, 1, 2]","[0.8808546179126827, 0.11420623548398197, 0.004939146603335369]",0.8808546179126827,0.8808546179126827,,none_multiclass_argmax,0.8808546179126827,0.11420623548398197,0.004939146603335369
b32_lr1e-3,participant_outer_oof,participant,None,ERL70_04,participant::ERL70_04,0,3,42,42,2,2,True,"[0, 1, 2]","[0.0227927325253229, 0.012429238525909093, 0.964778028948768]",0.964778028948768,0.964778028948768,,none_multiclass_argmax,0.0227927325253229,0.012429238525909093,0.964778028948768
b32_lr1e-3,participant_outer_oof,participant,None,MIA82_04,participant::MIA82_04,0,3,42,42,0,0,True,"[0, 1, 2]","[0.807022777536756, 0.19174911661211183, 0.0012281058511321886]",0.807022777536756,0.807022777536756,,none_multiclass_argmax,0.807022777536756,0.19174911661211183,0.0012281058511321886
b32_lr1e-3,participant_outer_oof,participant,None,MOA19_03,participant::MOA19_03,0,3,42,42,2,2,True,"[0, 1, 2]","[0.2200661437380234, 0.00427414955834806, 0.7756597067036286]",0.7756597067036286,0.7756597067036286,,none_multiclass_argmax,0.2200661437380234,0.00427414955834806,0.7756597067036286
b32_lr1e-3,participant_outer_oof,participant,None,STE072_01,participant::STE072_01,0,3,42,42,1,2,False,"[0, 1, 2]","[0.07943249072128394, 0.2790710975975672, 0.6414964116811488]",0.6414964116811488,0.2790710975975672,,none_multiclass_argmax,0.07943249072128394,0.2790710975975672,0.6414964116811488
b32_lr1e-3,participant_outer_oof,participant,None,ATA20_01,participant::ATA20_01,0,4,42,42,0,0,True,"[0, 1, 2]","[0.9590553690385931, 0.034140648484016864, 0.0068039824773900495]",0.9590553690385931,0.9590553690385931,,none_multiclass_argmax,0.9590553690385931,0.034140648484016864,0.0068039824773900495
b32_lr1e-3,participant_outer_oof,participant,None,ERO01_02,participant::ERO01_02,0,4,42,42,1,0,False,"[0, 1, 2]","[0.8513421999184609, 0.14744479395565563, 0.0012130061258834527]",0.8513421999184609,0.14744479395565563,,none_multiclass_argmax,0.8513421999184609,0.14744479395565563,0.0012130061258834527
b32_lr1e-3,participant_outer_oof,participant,None,HEA19_04,participant::HEA19_04,0,4,42,42,1,2,False,"[0, 1, 2]","[0.36806880316957363, 0.14010492031111876, 0.49182627651930766]",0.49182627651930766,0.14010492031111876,,none_multiclass_argmax,0.36806880316957363,0.14010492031111876,0.49182627651930766
b32_lr1e-3,participant_outer_oof,participant,None,MIE14_02,participant::MIE14_02,0,4,42,42,1,0,False,"[0, 1, 2]","[0.8600556551007907, 0.005965830463402579, 0.1339785144358067]",0.8600556551007907,0.005965830463402579,,none_multiclass_argmax,0.8600556551007907,0.005965830463402579,0.1339785144358067
b32_lr1e-3,participant_outer_oof,participant,None,SDI19_04,participant::SDI19_04,0,4,42,42,2,1,False,"[0, 1, 2]","[0.0016187785214066884, 0.6974412110127424, 0.300940010465851]",0.6974412110127424,0.300940010465851,,none_multiclass_argmax,0.0016187785214066884,0.6974412110127424,0.300940010465851
b32_lr1e-3,participant_outer_oof,participant,None,AKE28_03,participant::AKE28_03,1,0,10042,10042,1,0,False,"[0, 1, 2]","[0.6592415024508319, 0.2805461286685854, 0.06021236888058263]",0.6592415024508319,0.2805461286685854,,none_multiclass_argmax,0.6592415024508319,0.2805461286685854,0.06021236888058263
b32_lr1e-3,participant_outer_oof,participant,None,AMI33_01,participant::AMI33_01,1,0,10042,10042,0,0,True,"[0, 1, 2]","[0.6588544570836139, 0.25987822698907626, 0.08126731592730993]",0.6588544570836139,0.6588544570836139,,none_multiclass_argmax,0.6588544570836139,0.25987822698907626,0.08126731592730993
b32_lr1e-3,participant_outer_oof,participant,None,EE_02,participant::EE_02,1,0,10042,10042,2,0,False,"[0, 1, 2]","[0.923692053840621, 0.07527315381259331, 0.0010347923467856732]",0.923692053840621,0.0010347923467856732,,none_multiclass_argmax,0.923692053840621,0.07527315381259331,0.0010347923467856732
b32_lr1e-3,participant_outer_oof,participant,None,GDO22_03,participant::GDO22_03,1,0,10042,10042,0,0,True,"[0, 1, 2]","[0.9904241278008958, 0.008398200971937015, 0.0011776712271671663]",0.9904241278008958,0.9904241278008958,,none_multiclass_argmax,0.9904241278008958,0.008398200971937015,0.0011776712271671663
b32_lr1e-3,participant_outer_oof,participant,None,MHT21_03,participant::MHT21_03,1,0,10042,10042,1,0,False,"[0, 1, 2]","[0.7431741603143114, 0.2477956934084551, 0.009030146277233494]",0.7431741603143114,0.2477956934084551,,none_multiclass_argmax,0.7431741603143114,0.2477956934084551,0.009030146277233494
b32_lr1e-3,participant_outer_oof,participant,None,MKU07_04,participant::MKU07_04,1,0,10042,10042,1,0,False,"[0, 1, 2]","[0.5853414141683043, 0.4058053089569039, 0.00885327687479171]",0.5853414141683043,0.4058053089569039,,none_multiclass_argmax,0.5853414141683043,0.4058053089569039,0.00885327687479171
b32_lr1e-3,participant_outer_oof,participant,None,MOA19_03,participant::MOA19_03,1,0,10042,10042,2,0,False,"[0, 1, 2]","[0.7927567953942024, 0.0010424068350724045, 0.20620079777072522]",0.7927567953942024,0.20620079777072522,,none_multiclass_argmax,0.7927567953942024,0.0010424068350724045,0.20620079777072522
b32_lr1e-3,participant_outer_oof,participant,None,AKO19_01,participant::AKO19_01,1,1,10042,10042,2,2,True,"[0, 1, 2]","[0.0005621586746774515, 0.012633287114013902, 0.9868045542113086]",0.9868045542113086,0.9868045542113086,,none_multiclass_argmax,0.0005621586746774515,0.012633287114013902,0.9868045542113086
b32_lr1e-3,participant_outer_oof,participant,None,HZA20_02,participant::HZA20_02,1,1,10042,10042,0,0,True,"[0, 1, 2]","[0.6825198380247298, 0.25576100279064223, 0.06171915918462802]",0.6825198380247298,0.6825198380247298,,none_multiclass_argmax,0.6825198380247298,0.25576100279064223,0.06171915918462802
b32_lr1e-3,participant_outer_oof,participant,None,KMO19_01,participant::KMO19_01,1,1,10042,10042,1,0,False,"[0, 1, 2]","[0.8304260995636136, 0.08328344179075484, 0.08629045864563163]",0.8304260995636136,0.08328344179075484,,none_multiclass_argmax,0.8304260995636136,0.08328344179075484,0.08629045864563163
b32_lr1e-3,participant_outer_oof,participant,None,MSE28_01,participant::MSE28_01,1,1,10042,10042,1,1,True,"[0, 1, 2]","[0.05995773460082908, 0.9365390192853382, 0.0035032461138326406]",0.9365390192853382,0.9365390192853382,,none_multiclass_argmax,0.05995773460082908,0.9365390192853382,0.0035032461138326406
b32_lr1e-3,participant_outer_oof,participant,None,SDI19_04,participant::SDI19_04,1,1,10042,10042,2,1,False,"[0, 1, 2]","[0.001997258287309471, 0.8249873304680722, 0.1730154112446184]",0.8249873304680722,0.1730154112446184,,none_multiclass_argmax,0.001997258287309471,0.8249873304680722,0.1730154112446184
b32_lr1e-3,participant_outer_oof,participant,None,STE072_01,participant::STE072_01,1,1,10042,10042,1,1,True,"[0, 1, 2]","[0.329157394353954, 0.3648881440013655, 0.30595446164468054]",0.3648881440013655,0.3648881440013655,,none_multiclass_argmax,0.329157394353954,0.3648881440013655,0.30595446164468054
b32_lr1e-3,participant_outer_oof,participant,None,ERL70_04,participant::ERL70_04,1,2,10042,10042,2,2,True,"[0, 1, 2]","[0.07850261650764322, 0.04614985868085167, 0.8753475248115051]",0.8753475248115051,0.8753475248115051,,none_multiclass_argmax,0.07850261650764322,0.04614985868085167,0.8753475248115051
b32_lr1e-3,participant_outer_oof,participant,None,GRU27_01,participant::GRU27_01,1,2,10042,10042,1,2,False,"[0, 1, 2]","[0.010969263799762954, 0.31596067986995807, 0.673070056330279]",0.673070056330279,0.31596067986995807,,none_multiclass_argmax,0.010969263799762954,0.31596067986995807,0.673070056330279
b32_lr1e-3,participant_outer_oof,participant,None,IGB00_03,participant::IGB00_03,1,2,10042,10042,2,1,False,"[0, 1, 2]","[0.054019412898796845, 0.9410946047124741, 0.00488598238872908]",0.9410946047124741,0.00488598238872908,,none_multiclass_argmax,0.054019412898796845,0.9410946047124741,0.00488598238872908
b32_lr1e-3,participant_outer_oof,participant,None,INE13_04,participant::INE13_04,1,2,10042,10042,0,0,True,"[0, 1, 2]","[0.6352781472663424, 0.3641340827179989, 0.0005877700156586967]",0.6352781472663424,0.6352781472663424,,none_multiclass_argmax,0.6352781472663424,0.3641340827179989,0.0005877700156586967
b32_lr1e-3,participant_outer_oof,participant,None,MIA82_04,participant::MIA82_04,1,2,10042,10042,0,0,True,"[0, 1, 2]","[0.7645436788873022, 0.21761569806625142, 0.01784062304644633]",0.7645436788873022,0.7645436788873022,,none_multiclass_argmax,0.7645436788873022,0.21761569806625142,0.01784062304644633
b32_lr1e-3,participant_outer_oof,participant,None,MIE14_02,participant::MIE14_02,1,2,10042,10042,1,0,False,"[0, 1, 2]","[0.5983396625018725, 0.31779359127513396, 0.08386674622299355]",0.5983396625018725,0.31779359127513396,,none_multiclass_argmax,0.5983396625018725,0.31779359127513396,0.08386674622299355
b32_lr1e-3,participant_outer_oof,participant,None,GME22_02,participant::GME22_02,1,3,10042,10042,0,1,False,"[0, 1, 2]","[0.4386167058438588, 0.5004910965476209, 0.060892197608520354]",0.5004910965476209,0.4386167058438588,,none_multiclass_argmax,0.4386167058438588,0.5004910965476209,0.060892197608520354
b32_lr1e-3,participant_outer_oof,participant,None,HEA19_04,participant::HEA19_04,1,3,10042,10042,1,1,True,"[0, 1, 2]","[0.15276164448278995, 0.8026499220482698, 0.04458843346894028]",0.8026499220482698,0.8026499220482698,,none_multiclass_argmax,0.15276164448278995,0.8026499220482698,0.04458843346894028
b32_lr1e-3,participant_outer_oof,participant,None,SJI29_02,participant::SJI29_02,1,3,10042,10042,2,1,False,"[0, 1, 2]","[0.000900342346374561, 0.6279913472608999, 0.3711083103927256]",0.6279913472608999,0.3711083103927256,,none_multiclass_argmax,0.000900342346374561,0.6279913472608999,0.3711083103927256
b32_lr1e-3,participant_outer_oof,participant,None,TSR08_01,participant::TSR08_01,1,3,10042,10042,0,0,True,"[0, 1, 2]","[0.7460519514069285, 0.25256434889348395, 0.001383699699587652]",0.7460519514069285,0.7460519514069285,,none_multiclass_argmax,0.7460519514069285,0.25256434889348395,0.001383699699587652
b32_lr1e-3,participant_outer_oof,participant,None,UTI13_04,participant::UTI13_04,1,3,10042,10042,1,1,True,"[0, 1, 2]","[0.26452186566909824, 0.733125958422533, 0.002352175908368731]",0.733125958422533,0.733125958422533,,none_multiclass_argmax,0.26452186566909824,0.733125958422533,0.002352175908368731
b32_lr1e-3,participant_outer_oof,participant,None,AB_01,participant::AB_01,1,4,10042,10042,2,1,False,"[0, 1, 2]","[0.04203002143336487, 0.549116089669799, 0.40885388889683616]",0.549116089669799,0.40885388889683616,,none_multiclass_argmax,0.04203002143336487,0.549116089669799,0.40885388889683616
b32_lr1e-3,participant_outer_oof,participant,None,ATA20_01,participant::ATA20_01,1,4,10042,10042,0,0,True,"[0, 1, 2]","[0.9002178086299071, 0.09022852385292049, 0.009553667517172463]",0.9002178086299071,0.9002178086299071,,none_multiclass_argmax,0.9002178086299071,0.09022852385292049,0.009553667517172463
b32_lr1e-3,participant_outer_oof,participant,None,BRA36_02,participant::BRA36_02,1,4,10042,10042,0,0,True,"[0, 1, 2]","[0.9453503855411439, 0.017003656848060874, 0.037645957610795214]",0.9453503855411439,0.9453503855411439,,none_multiclass_argmax,0.9453503855411439,0.017003656848060874,0.037645957610795214
b32_lr1e-3,participant_outer_oof,participant,None,ERO01_02,participant::ERO01_02,1,4,10042,10042,1,0,False,"[0, 1, 2]","[0.833471985435414, 0.0560667435152946, 0.11046127104929138]",0.833471985435414,0.0560667435152946,,none_multiclass_argmax,0.833471985435414,0.0560667435152946,0.11046127104929138
b32_lr1e-3,participant_outer_oof,participant,None,FNA75_03,participant::FNA75_03,1,4,10042,10042,1,0,False,"[0, 1, 2]","[0.6690813505361022, 0.21034447746285342, 0.12057417200104448]",0.6690813505361022,0.21034447746285342,,none_multiclass_argmax,0.6690813505361022,0.21034447746285342,0.12057417200104448
b32_lr1e-3,participant_outer_oof,participant,None,AKO19_01,participant::AKO19_01,2,0,20042,20042,2,2,True,"[0, 1, 2]","[0.00024332269514512197, 0.058544469153762095, 0.9412122081510927]",0.9412122081510927,0.9412122081510927,,none_multiclass_argmax,0.00024332269514512197,0.058544469153762095,0.9412122081510927
b32_lr1e-3,participant_outer_oof,participant,None,AMI33_01,participant::AMI33_01,2,0,20042,20042,0,2,False,"[0, 1, 2]","[0.2676211500671785, 0.20957044462571905, 0.5228084053071025]",0.5228084053071025,0.2676211500671785,,none_multiclass_argmax,0.2676211500671785,0.20957044462571905,0.5228084053071025
b32_lr1e-3,participant_outer_oof,participant,None,GRU27_01,participant::GRU27_01,2,0,20042,20042,1,2,False,"[0, 1, 2]","[0.028356697832375606, 0.030004400224796807, 0.9416389019428276]",0.9416389019428276,0.030004400224796807,,none_multiclass_argmax,0.028356697832375606,0.030004400224796807,0.9416389019428276
b32_lr1e-3,participant_outer_oof,participant,None,HEA19_04,participant::HEA19_04,2,0,20042,20042,1,1,True,"[0, 1, 2]","[0.07126067765775071, 0.5213630982951828, 0.4073762240470665]",0.5213630982951828,0.5213630982951828,,none_multiclass_argmax,0.07126067765775071,0.5213630982951828,0.4073762240470665
b32_lr1e-3,participant_outer_oof,participant,None,HZA20_02,participant::HZA20_02,2,0,20042,20042,0,0,True,"[0, 1, 2]","[0.7507934104499222, 0.24398521621794922, 0.005221373332128627]",0.7507934104499222,0.7507934104499222,,none_multiclass_argmax,0.7507934104499222,0.24398521621794922,0.005221373332128627
b32_lr1e-3,participant_outer_oof,participant,None,MSE28_01,participant::MSE28_01,2,0,20042,20042,1,1,True,"[0, 1, 2]","[0.1215452943815963, 0.8742868050769568, 0.004167900541446902]",0.8742868050769568,0.8742868050769568,,none_multiclass_argmax,0.1215452943815963,0.8742868050769568,0.004167900541446902
b32_lr1e-3,participant_outer_oof,participant,None,AB_01,participant::AB_01,2,1,20042,20042,2,1,False,"[0, 1, 2]","[0.00248887070460938, 0.8743855617421975, 0.12312556755319315]",0.8743855617421975,0.12312556755319315,,none_multiclass_argmax,0.00248887070460938,0.8743855617421975,0.12312556755319315
b32_lr1e-3,participant_outer_oof,participant,None,AKE28_03,participant::AKE28_03,2,1,20042,20042,1,1,True,"[0, 1, 2]","[0.23536590679748906, 0.7627912183715608, 0.0018428748309501784]",0.7627912183715608,0.7627912183715608,,none_multiclass_argmax,0.23536590679748906,0.7627912183715608,0.0018428748309501784
b32_lr1e-3,participant_outer_oof,participant,None,ERL70_04,participant::ERL70_04,2,1,20042,20042,2,2,True,"[0, 1, 2]","[0.018858571924022106, 0.21948083908129085, 0.761660588994687]",0.761660588994687,0.761660588994687,,none_multiclass_argmax,0.018858571924022106,0.21948083908129085,0.761660588994687
b32_lr1e-3,participant_outer_oof,participant,None,FNA75_03,participant::FNA75_03,2,1,20042,20042,1,0,False,"[0, 1, 2]","[0.509333225590854, 0.34427057083022183, 0.1463962035789242]",0.509333225590854,0.34427057083022183,,none_multiclass_argmax,0.509333225590854,0.34427057083022183,0.1463962035789242
b32_lr1e-3,participant_outer_oof,participant,None,GME22_02,participant::GME22_02,2,1,20042,20042,0,0,True,"[0, 1, 2]","[0.47264462255830597, 0.45222078045263736, 0.07513459698905674]",0.47264462255830597,0.47264462255830597,,none_multiclass_argmax,0.47264462255830597,0.45222078045263736,0.07513459698905674
b32_lr1e-3,participant_outer_oof,participant,None,MIA82_04,participant::MIA82_04,2,1,20042,20042,0,0,True,"[0, 1, 2]","[0.8668609365613827, 0.12629591375221075, 0.006843149686406527]",0.8668609365613827,0.8668609365613827,,none_multiclass_argmax,0.8668609365613827,0.12629591375221075,0.006843149686406527
b32_lr1e-3,participant_outer_oof,participant,None,ATA20_01,participant::ATA20_01,2,2,20042,20042,0,0,True,"[0, 1, 2]","[0.7489702188912063, 0.245911594004077, 0.005118187104716785]",0.7489702188912063,0.7489702188912063,,none_multiclass_argmax,0.7489702188912063,0.245911594004077,0.005118187104716785
b32_lr1e-3,participant_outer_oof,participant,None,IGB00_03,participant::IGB00_03,2,2,20042,20042,2,1,False,"[0, 1, 2]","[0.3285111688321649, 0.46048170998198523, 0.2110071211858499]",0.46048170998198523,0.2110071211858499,,none_multiclass_argmax,0.3285111688321649,0.46048170998198523,0.2110071211858499
b32_lr1e-3,participant_outer_oof,participant,None,KMO19_01,participant::KMO19_01,2,2,20042,20042,1,0,False,"[0, 1, 2]","[0.8854866215690742, 0.027508031595684667, 0.08700534683524117]",0.8854866215690742,0.027508031595684667,,none_multiclass_argmax,0.8854866215690742,0.027508031595684667,0.08700534683524117
b32_lr1e-3,participant_outer_oof,participant,None,MIE14_02,participant::MIE14_02,2,2,20042,20042,1,0,False,"[0, 1, 2]","[0.8998820896554869, 0.00855800272092217, 0.091559907623591]",0.8998820896554869,0.00855800272092217,,none_multiclass_argmax,0.8998820896554869,0.00855800272092217,0.091559907623591
b32_lr1e-3,participant_outer_oof,participant,None,SJI29_02,participant::SJI29_02,2,2,20042,20042,2,2,True,"[0, 1, 2]","[6.890410991623428e-05, 0.4828869264391915, 0.5170441694508923]",0.5170441694508923,0.5170441694508923,,none_multiclass_argmax,6.890410991623428e-05,0.4828869264391915,0.5170441694508923
b32_lr1e-3,participant_outer_oof,participant,None,STE072_01,participant::STE072_01,2,2,20042,20042,1,2,False,"[0, 1, 2]","[0.41311085242610257, 0.09257063819462104, 0.49431850937927646]",0.49431850937927646,0.09257063819462104,,none_multiclass_argmax,0.41311085242610257,0.09257063819462104,0.49431850937927646
b32_lr1e-3,participant_outer_oof,participant,None,BRA36_02,participant::BRA36_02,2,3,20042,20042,0,0,True,"[0, 1, 2]","[0.9943196523713931, 0.005680186682559149, 1.6094604785131857e-07]",0.9943196523713931,0.9943196523713931,,none_multiclass_argmax,0.9943196523713931,0.005680186682559149,1.6094604785131857e-07
b32_lr1e-3,participant_outer_oof,participant,None,EE_02,participant::EE_02,2,3,20042,20042,2,0,False,"[0, 1, 2]","[0.7555481025581243, 0.2430661264846929, 0.0013857709571828813]",0.7555481025581243,0.0013857709571828813,,none_multiclass_argmax,0.7555481025581243,0.2430661264846929,0.0013857709571828813
b32_lr1e-3,participant_outer_oof,participant,None,INE13_04,participant::INE13_04,2,3,20042,20042,0,0,True,"[0, 1, 2]","[0.9067276715803095, 0.09324806371511718, 2.4264704573330482e-05]",0.9067276715803095,0.9067276715803095,,none_multiclass_argmax,0.9067276715803095,0.09324806371511718,2.4264704573330482e-05
b32_lr1e-3,participant_outer_oof,participant,None,MHT21_03,participant::MHT21_03,2,3,20042,20042,1,1,True,"[0, 1, 2]","[0.35599512747675666, 0.47993912618501056, 0.16406574633823282]",0.47993912618501056,0.47993912618501056,,none_multiclass_argmax,0.35599512747675666,0.47993912618501056,0.16406574633823282
b32_lr1e-3,participant_outer_oof,participant,None,MKU07_04,participant::MKU07_04,2,3,20042,20042,1,1,True,"[0, 1, 2]","[0.04373360759522592, 0.9549599617837469, 0.001306430621027199]",0.9549599617837469,0.9549599617837469,,none_multiclass_argmax,0.04373360759522592,0.9549599617837469,0.001306430621027199
b32_lr1e-3,participant_outer_oof,participant,None,MOA19_03,participant::MOA19_03,2,3,20042,20042,2,0,False,"[0, 1, 2]","[0.9945948024865607, 7.721312907067675e-05, 0.005327984384368594]",0.9945948024865607,0.005327984384368594,,none_multiclass_argmax,0.9945948024865607,7.721312907067675e-05,0.005327984384368594
b32_lr1e-3,participant_outer_oof,participant,None,ERO01_02,participant::ERO01_02,2,4,20042,20042,1,1,True,"[0, 1, 2]","[0.10779066297005888, 0.8804792010309621, 0.011730135998979041]",0.8804792010309621,0.8804792010309621,,none_multiclass_argmax,0.10779066297005888,0.8804792010309621,0.011730135998979041
b32_lr1e-3,participant_outer_oof,participant,None,GDO22_03,participant::GDO22_03,2,4,20042,20042,0,1,False,"[0, 1, 2]","[0.15691300735171274, 0.7132156521098989, 0.12987134053838834]",0.7132156521098989,0.15691300735171274,,none_multiclass_argmax,0.15691300735171274,0.7132156521098989,0.12987134053838834
b32_lr1e-3,participant_outer_oof,participant,None,SDI19_04,participant::SDI19_04,2,4,20042,20042,2,1,False,"[0, 1, 2]","[4.089596433597069e-05, 0.6874233299407608, 0.31253577409490313]",0.6874233299407608,0.31253577409490313,,none_multiclass_argmax,4.089596433597069e-05,0.6874233299407608,0.31253577409490313
b32_lr1e-3,participant_outer_oof,participant,None,TSR08_01,participant::TSR08_01,2,4,20042,20042,0,1,False,"[0, 1, 2]","[0.40942318637445174, 0.5865771727065574, 0.003999640918990822]",0.5865771727065574,0.40942318637445174,,none_multiclass_argmax,0.40942318637445174,0.5865771727065574,0.003999640918990822
b32_lr1e-3,participant_outer_oof,participant,None,UTI13_04,participant::UTI13_04,2,4,20042,20042,1,1,True,"[0, 1, 2]","[0.11293595324682773, 0.8632551681124983, 0.02380887864067402]",0.8632551681124983,0.8632551681124983,,none_multiclass_argmax,0.11293595324682773,0.8632551681124983,0.02380887864067402
b32_lr1e-3,participant_outer_oof,participant,None,ERL70_04,participant::ERL70_04,3,0,30042,30042,2,2,True,"[0, 1, 2]","[0.07585464432742933, 0.019811297942731974, 0.9043340577298387]",0.9043340577298387,0.9043340577298387,,none_multiclass_argmax,0.07585464432742933,0.019811297942731974,0.9043340577298387
b32_lr1e-3,participant_outer_oof,participant,None,HEA19_04,participant::HEA19_04,3,0,30042,30042,1,1,True,"[0, 1, 2]","[0.19481646360207422, 0.6980958919370495, 0.10708764446087633]",0.6980958919370495,0.6980958919370495,,none_multiclass_argmax,0.19481646360207422,0.6980958919370495,0.10708764446087633
b32_lr1e-3,participant_outer_oof,participant,None,HZA20_02,participant::HZA20_02,3,0,30042,30042,0,0,True,"[0, 1, 2]","[0.802008148788039, 0.18322894954331131, 0.014762901668649638]",0.802008148788039,0.802008148788039,,none_multiclass_argmax,0.802008148788039,0.18322894954331131,0.014762901668649638
b32_lr1e-3,participant_outer_oof,participant,None,INE13_04,participant::INE13_04,3,0,30042,30042,0,0,True,"[0, 1, 2]","[0.5593819864714453, 0.4383927711808115, 0.0022252423477432367]",0.5593819864714453,0.5593819864714453,,none_multiclass_argmax,0.5593819864714453,0.4383927711808115,0.0022252423477432367
b32_lr1e-3,participant_outer_oof,participant,None,MIE14_02,participant::MIE14_02,3,0,30042,30042,1,0,False,"[0, 1, 2]","[0.9083930024084366, 0.03004025417920384, 0.06156674341235967]",0.9083930024084366,0.03004025417920384,,none_multiclass_argmax,0.9083930024084366,0.03004025417920384,0.06156674341235967
b32_lr1e-3,participant_outer_oof,participant,None,UTI13_04,participant::UTI13_04,3,0,30042,30042,1,1,True,"[0, 1, 2]","[0.24783207313782665, 0.7259454696971239, 0.026222457165049437]",0.7259454696971239,0.7259454696971239,,none_multiclass_argmax,0.24783207313782665,0.7259454696971239,0.026222457165049437
b32_lr1e-3,participant_outer_oof,participant,None,AKE28_03,participant::AKE28_03,3,1,30042,30042,1,1,True,"[0, 1, 2]","[0.35910623004107733, 0.5808541562406788, 0.060039613718243866]",0.5808541562406788,0.5808541562406788,,none_multiclass_argmax,0.35910623004107733,0.5808541562406788,0.060039613718243866
b32_lr1e-3,participant_outer_oof,participant,None,AKO19_01,participant::AKO19_01,3,1,30042,30042,2,2,True,"[0, 1, 2]","[3.4148611514482053e-06, 0.027128638783158576, 0.97286794635569]",0.97286794635569,0.97286794635569,,none_multiclass_argmax,3.4148611514482053e-06,0.027128638783158576,0.97286794635569
b32_lr1e-3,participant_outer_oof,participant,None,AMI33_01,participant::AMI33_01,3,1,30042,30042,0,1,False,"[0, 1, 2]","[0.0098574856358527, 0.893641360603855, 0.09650115376029235]",0.893641360603855,0.0098574856358527,,none_multiclass_argmax,0.0098574856358527,0.893641360603855,0.09650115376029235
b32_lr1e-3,participant_outer_oof,participant,None,EE_02,participant::EE_02,3,1,30042,30042,2,0,False,"[0, 1, 2]","[0.7133789955844293, 0.2803671849813277, 0.006253819434243115]",0.7133789955844293,0.006253819434243115,,none_multiclass_argmax,0.7133789955844293,0.2803671849813277,0.006253819434243115
b32_lr1e-3,participant_outer_oof,participant,None,MHT21_03,participant::MHT21_03,3,1,30042,30042,1,1,True,"[0, 1, 2]","[0.15878962123923118, 0.6786134250671768, 0.16259695369359206]",0.6786134250671768,0.6786134250671768,,none_multiclass_argmax,0.15878962123923118,0.6786134250671768,0.16259695369359206
b32_lr1e-3,participant_outer_oof,participant,None,MIA82_04,participant::MIA82_04,3,1,30042,30042,0,1,False,"[0, 1, 2]","[0.2902496199403318, 0.7024523082666303, 0.007298071793037946]",0.7024523082666303,0.2902496199403318,,none_multiclass_argmax,0.2902496199403318,0.7024523082666303,0.007298071793037946
b32_lr1e-3,participant_outer_oof,participant,None,ATA20_01,participant::ATA20_01,3,2,30042,30042,0,0,True,"[0, 1, 2]","[0.9844645320587206, 0.012885603007570374, 0.002649864933709052]",0.9844645320587206,0.9844645320587206,,none_multiclass_argmax,0.9844645320587206,0.012885603007570374,0.002649864933709052
b32_lr1e-3,participant_outer_oof,participant,None,ERO01_02,participant::ERO01_02,3,2,30042,30042,1,0,False,"[0, 1, 2]","[0.6836547676530538, 0.2858938976869207, 0.030451334660025496]",0.6836547676530538,0.2858938976869207,,none_multiclass_argmax,0.6836547676530538,0.2858938976869207,0.030451334660025496
b32_lr1e-3,participant_outer_oof,participant,None,GME22_02,participant::GME22_02,3,2,30042,30042,0,1,False,"[0, 1, 2]","[0.3001205390791687, 0.4724252960022289, 0.22745416491860238]",0.4724252960022289,0.3001205390791687,,none_multiclass_argmax,0.3001205390791687,0.4724252960022289,0.22745416491860238
b32_lr1e-3,participant_outer_oof,participant,None,MKU07_04,participant::MKU07_04,3,2,30042,30042,1,1,True,"[0, 1, 2]","[0.050679598866350234, 0.9167866872051426, 0.03253371392850726]",0.9167866872051426,0.9167866872051426,,none_multiclass_argmax,0.050679598866350234,0.9167866872051426,0.03253371392850726
b32_lr1e-3,participant_outer_oof,participant,None,MOA19_03,participant::MOA19_03,3,2,30042,30042,2,2,True,"[0, 1, 2]","[0.10394916077067673, 7.290860499174358e-05, 0.8959779306243315]",0.8959779306243315,0.8959779306243315,,none_multiclass_argmax,0.10394916077067673,7.290860499174358e-05,0.8959779306243315
b32_lr1e-3,participant_outer_oof,participant,None,SJI29_02,participant::SJI29_02,3,2,30042,30042,2,2,True,"[0, 1, 2]","[0.017341957124403055, 0.35881454433248505, 0.6238434985431118]",0.6238434985431118,0.6238434985431118,,none_multiclass_argmax,0.017341957124403055,0.35881454433248505,0.6238434985431118
b32_lr1e-3,participant_outer_oof,participant,None,AB_01,participant::AB_01,3,3,30042,30042,2,1,False,"[0, 1, 2]","[0.03410629773008594, 0.5779234342879165, 0.3879702679819976]",0.5779234342879165,0.3879702679819976,,none_multiclass_argmax,0.03410629773008594,0.5779234342879165,0.3879702679819976
b32_lr1e-3,participant_outer_oof,participant,None,BRA36_02,participant::BRA36_02,3,3,30042,30042,0,0,True,"[0, 1, 2]","[0.9943039780397844, 0.00021846687206117377, 0.0054775550881544476]",0.9943039780397844,0.9943039780397844,,none_multiclass_argmax,0.9943039780397844,0.00021846687206117377,0.0054775550881544476
b32_lr1e-3,participant_outer_oof,participant,None,FNA75_03,participant::FNA75_03,3,3,30042,30042,1,1,True,"[0, 1, 2]","[0.3566822290412939, 0.3617203797662991, 0.28159739119240706]",0.3617203797662991,0.3617203797662991,,none_multiclass_argmax,0.3566822290412939,0.3617203797662991,0.28159739119240706
b32_lr1e-3,participant_outer_oof,participant,None,GDO22_03,participant::GDO22_03,3,3,30042,30042,0,1,False,"[0, 1, 2]","[0.3093272281950685, 0.6894882594683712, 0.0011845123365602508]",0.6894882594683712,0.3093272281950685,,none_multiclass_argmax,0.3093272281950685,0.6894882594683712,0.0011845123365602508
b32_lr1e-3,participant_outer_oof,participant,None,IGB00_03,participant::IGB00_03,3,3,30042,30042,2,1,False,"[0, 1, 2]","[0.35809222176517186, 0.5954354500210249, 0.046472328213803316]",0.5954354500210249,0.046472328213803316,,none_multiclass_argmax,0.35809222176517186,0.5954354500210249,0.046472328213803316
b32_lr1e-3,participant_outer_oof,participant,None,KMO19_01,participant::KMO19_01,3,3,30042,30042,1,0,False,"[0, 1, 2]","[0.8941784003223909, 0.0875284020544217, 0.018293197623187485]",0.8941784003223909,0.0875284020544217,,none_multiclass_argmax,0.8941784003223909,0.0875284020544217,0.018293197623187485
b32_lr1e-3,participant_outer_oof,participant,None,GRU27_01,participant::GRU27_01,3,4,30042,30042,1,1,True,"[0, 1, 2]","[0.0016713007871408461, 0.8114888232262683, 0.18683987598659096]",0.8114888232262683,0.8114888232262683,,none_multiclass_argmax,0.0016713007871408461,0.8114888232262683,0.18683987598659096
b32_lr1e-3,participant_outer_oof,participant,None,MSE28_01,participant::MSE28_01,3,4,30042,30042,1,1,True,"[0, 1, 2]","[0.10741745021144442, 0.888250247566035, 0.004332302222520567]",0.888250247566035,0.888250247566035,,none_multiclass_argmax,0.10741745021144442,0.888250247566035,0.004332302222520567
b32_lr1e-3,participant_outer_oof,participant,None,SDI19_04,participant::SDI19_04,3,4,30042,30042,2,1,False,"[0, 1, 2]","[0.00012085505907675913, 0.7523791089176513, 0.24750003602327197]",0.7523791089176513,0.24750003602327197,,none_multiclass_argmax,0.00012085505907675913,0.7523791089176513,0.24750003602327197
b32_lr1e-3,participant_outer_oof,participant,None,STE072_01,participant::STE072_01,3,4,30042,30042,1,0,False,"[0, 1, 2]","[0.5586870451277901, 0.26099845273103434, 0.1803145021411755]",0.5586870451277901,0.26099845273103434,,none_multiclass_argmax,0.5586870451277901,0.26099845273103434,0.1803145021411755
b32_lr1e-3,participant_outer_oof,participant,None,TSR08_01,participant::TSR08_01,3,4,30042,30042,0,0,True,"[0, 1, 2]","[0.7026639656810258, 0.2837689515970104, 0.013567082721963877]",0.7026639656810258,0.7026639656810258,,none_multiclass_argmax,0.7026639656810258,0.2837689515970104,0.013567082721963877
b32_lr1e-3,participant_outer_oof,participant,None,AB_01,participant::AB_01,4,0,40042,40042,2,2,True,"[0, 1, 2]","[0.043517484346306506, 0.42152398071535985, 0.5349585349383337]",0.5349585349383337,0.5349585349383337,,none_multiclass_argmax,0.043517484346306506,0.42152398071535985,0.5349585349383337
b32_lr1e-3,participant_outer_oof,participant,None,AKO19_01,participant::AKO19_01,4,0,40042,40042,2,2,True,"[0, 1, 2]","[0.005052152040651929, 0.23869510018874762, 0.7562527477706005]",0.7562527477706005,0.7562527477706005,,none_multiclass_argmax,0.005052152040651929,0.23869510018874762,0.7562527477706005
b32_lr1e-3,participant_outer_oof,participant,None,BRA36_02,participant::BRA36_02,4,0,40042,40042,0,0,True,"[0, 1, 2]","[0.9955600654170174, 0.0035788285417741312, 0.0008611060412084706]",0.9955600654170174,0.9955600654170174,,none_multiclass_argmax,0.9955600654170174,0.0035788285417741312,0.0008611060412084706
b32_lr1e-3,participant_outer_oof,participant,None,INE13_04,participant::INE13_04,4,0,40042,40042,0,0,True,"[0, 1, 2]","[0.6097172172140986, 0.38173107206666634, 0.008551710719235137]",0.6097172172140986,0.6097172172140986,,none_multiclass_argmax,0.6097172172140986,0.38173107206666634,0.008551710719235137
b32_lr1e-3,participant_outer_oof,participant,None,KMO19_01,participant::KMO19_01,4,0,40042,40042,1,0,False,"[0, 1, 2]","[0.7492897183067222, 0.06949611280888732, 0.1812141688843905]",0.7492897183067222,0.06949611280888732,,none_multiclass_argmax,0.7492897183067222,0.06949611280888732,0.1812141688843905
b32_lr1e-3,participant_outer_oof,participant,None,UTI13_04,participant::UTI13_04,4,0,40042,40042,1,1,True,"[0, 1, 2]","[0.2128816811893869, 0.748675863044822, 0.03844245576579112]",0.748675863044822,0.748675863044822,,none_multiclass_argmax,0.2128816811893869,0.748675863044822,0.03844245576579112
b32_lr1e-3,participant_outer_oof,participant,None,EE_02,participant::EE_02,4,1,40042,40042,2,1,False,"[0, 1, 2]","[0.29377031443174967, 0.6812627408939532, 0.024966944674297106]",0.6812627408939532,0.024966944674297106,,none_multiclass_argmax,0.29377031443174967,0.6812627408939532,0.024966944674297106
b32_lr1e-3,participant_outer_oof,participant,None,ERO01_02,participant::ERO01_02,4,1,40042,40042,1,0,False,"[0, 1, 2]","[0.5953473548938562, 0.4016780815132033, 0.0029745635929406436]",0.5953473548938562,0.4016780815132033,,none_multiclass_argmax,0.5953473548938562,0.4016780815132033,0.0029745635929406436
b32_lr1e-3,participant_outer_oof,participant,None,FNA75_03,participant::FNA75_03,4,1,40042,40042,1,0,False,"[0, 1, 2]","[0.5706489571382626, 0.40452139927572406, 0.02482964358601347]",0.5706489571382626,0.40452139927572406,,none_multiclass_argmax,0.5706489571382626,0.40452139927572406,0.02482964358601347
b32_lr1e-3,participant_outer_oof,participant,None,GDO22_03,participant::GDO22_03,4,1,40042,40042,0,0,True,"[0, 1, 2]","[0.5430711422747242, 0.4549697176143932, 0.00195914011088269]",0.5430711422747242,0.5430711422747242,,none_multiclass_argmax,0.5430711422747242,0.4549697176143932,0.00195914011088269
b32_lr1e-3,participant_outer_oof,participant,None,GRU27_01,participant::GRU27_01,4,1,40042,40042,1,1,True,"[0, 1, 2]","[0.00359427388933254, 0.8459556724483646, 0.15045005366230285]",0.8459556724483646,0.8459556724483646,,none_multiclass_argmax,0.00359427388933254,0.8459556724483646,0.15045005366230285
b32_lr1e-3,participant_outer_oof,participant,None,TSR08_01,participant::TSR08_01,4,1,40042,40042,0,0,True,"[0, 1, 2]","[0.6480191865451146, 0.34249166772400585, 0.00948914573087961]",0.6480191865451146,0.6480191865451146,,none_multiclass_argmax,0.6480191865451146,0.34249166772400585,0.00948914573087961
b32_lr1e-3,participant_outer_oof,participant,None,AKE28_03,participant::AKE28_03,4,2,40042,40042,1,1,True,"[0, 1, 2]","[0.44566802808178535, 0.5239831195254105, 0.03034885239280417]",0.5239831195254105,0.5239831195254105,,none_multiclass_argmax,0.44566802808178535,0.5239831195254105,0.03034885239280417
b32_lr1e-3,participant_outer_oof,participant,None,ATA20_01,participant::ATA20_01,4,2,40042,40042,0,0,True,"[0, 1, 2]","[0.842384572685909, 0.1574981617784926, 0.00011726553559836341]",0.842384572685909,0.842384572685909,,none_multiclass_argmax,0.842384572685909,0.1574981617784926,0.00011726553559836341
b32_lr1e-3,participant_outer_oof,participant,None,ERL70_04,participant::ERL70_04,4,2,40042,40042,2,2,True,"[0, 1, 2]","[0.09579664444061624, 0.052188261752446174, 0.8520150938069376]",0.8520150938069376,0.8520150938069376,,none_multiclass_argmax,0.09579664444061624,0.052188261752446174,0.8520150938069376
b32_lr1e-3,participant_outer_oof,participant,None,GME22_02,participant::GME22_02,4,2,40042,40042,0,0,True,"[0, 1, 2]","[0.7708942284470036, 0.0900843804773998, 0.13902139107559663]",0.7708942284470036,0.7708942284470036,,none_multiclass_argmax,0.7708942284470036,0.0900843804773998,0.13902139107559663
b32_lr1e-3,participant_outer_oof,participant,None,MIE14_02,participant::MIE14_02,4,2,40042,40042,1,0,False,"[0, 1, 2]","[0.9422130397019888, 0.04358803219653031, 0.014198928101480934]",0.9422130397019888,0.04358803219653031,,none_multiclass_argmax,0.9422130397019888,0.04358803219653031,0.014198928101480934
b32_lr1e-3,participant_outer_oof,participant,None,MKU07_04,participant::MKU07_04,4,2,40042,40042,1,1,True,"[0, 1, 2]","[0.3441054997546269, 0.6393037449963301, 0.016590755249042966]",0.6393037449963301,0.6393037449963301,,none_multiclass_argmax,0.3441054997546269,0.6393037449963301,0.016590755249042966
b32_lr1e-3,participant_outer_oof,participant,None,HZA20_02,participant::HZA20_02,4,3,40042,40042,0,0,True,"[0, 1, 2]","[0.7863717251899922, 0.05492261623677683, 0.15870565857323093]",0.7863717251899922,0.7863717251899922,,none_multiclass_argmax,0.7863717251899922,0.05492261623677683,0.15870565857323093
b32_lr1e-3,participant_outer_oof,participant,None,IGB00_03,participant::IGB00_03,4,3,40042,40042,2,1,False,"[0, 1, 2]","[0.10282260762028542, 0.8227284373607906, 0.07444895501892396]",0.8227284373607906,0.07444895501892396,,none_multiclass_argmax,0.10282260762028542,0.8227284373607906,0.07444895501892396
b32_lr1e-3,participant_outer_oof,participant,None,MSE28_01,participant::MSE28_01,4,3,40042,40042,1,1,True,"[0, 1, 2]","[0.08187185956670805, 0.9003210758772953, 0.01780706455599669]",0.9003210758772953,0.9003210758772953,,none_multiclass_argmax,0.08187185956670805,0.9003210758772953,0.01780706455599669
b32_lr1e-3,participant_outer_oof,participant,None,SJI29_02,participant::SJI29_02,4,3,40042,40042,2,2,True,"[0, 1, 2]","[0.00026882995030809464, 0.24993804407171155, 0.7497931259779804]",0.7497931259779804,0.7497931259779804,,none_multiclass_argmax,0.00026882995030809464,0.24993804407171155,0.7497931259779804
b32_lr1e-3,participant_outer_oof,participant,None,STE072_01,participant::STE072_01,4,3,40042,40042,1,2,False,"[0, 1, 2]","[0.0881564100016467, 0.4389248333753893, 0.472918756622964]",0.472918756622964,0.4389248333753893,,none_multiclass_argmax,0.0881564100016467,0.4389248333753893,0.472918756622964
b32_lr1e-3,participant_outer_oof,participant,None,AMI33_01,participant::AMI33_01,4,4,40042,40042,0,1,False,"[0, 1, 2]","[0.04733281510877011, 0.9179818052710813, 0.034685379620148594]",0.9179818052710813,0.04733281510877011,,none_multiclass_argmax,0.04733281510877011,0.9179818052710813,0.034685379620148594
b32_lr1e-3,participant_outer_oof,participant,None,HEA19_04,participant::HEA19_04,4,4,40042,40042,1,1,True,"[0, 1, 2]","[0.01981128676912519, 0.7888837994651032, 0.19130491376577166]",0.7888837994651032,0.7888837994651032,,none_multiclass_argmax,0.01981128676912519,0.7888837994651032,0.19130491376577166
b32_lr1e-3,participant_outer_oof,participant,None,MHT21_03,participant::MHT21_03,4,4,40042,40042,1,1,True,"[0, 1, 2]","[0.09229518812786086, 0.8649622601561794, 0.042742551715959844]",0.8649622601561794,0.8649622601561794,,none_multiclass_argmax,0.09229518812786086,0.8649622601561794,0.042742551715959844
b32_lr1e-3,participant_outer_oof,participant,None,MIA82_04,participant::MIA82_04,4,4,40042,40042,0,1,False,"[0, 1, 2]","[0.38924490754520435, 0.6048617526739217, 0.0058933397808739185]",0.6048617526739217,0.38924490754520435,,none_multiclass_argmax,0.38924490754520435,0.6048617526739217,0.0058933397808739185
b32_lr1e-3,participant_outer_oof,participant,None,MOA19_03,participant::MOA19_03,4,4,40042,40042,2,2,True,"[0, 1, 2]","[0.2863169217309779, 0.16614865853086597, 0.5475344197381562]",0.5475344197381562,0.5475344197381562,,none_multiclass_argmax,0.2863169217309779,0.16614865853086597,0.5475344197381562
b32_lr1e-3,participant_outer_oof,participant,None,SDI19_04,participant::SDI19_04,4,4,40042,40042,2,1,False,"[0, 1, 2]","[0.007087524272133742, 0.9830428348877283, 0.009869640840137939]",0.9830428348877283,0.009869640840137939,,none_multiclass_argmax,0.007087524272133742,0.9830428348877283,0.009869640840137939
